seed,initialization,method,epoch,lr,val_macro_accuracy,val_accuracy,train_loss,optimizer_updates,train_seconds,epoch_seconds_with_probe,swaps,added_foreground,removed_foreground
0,imagenet,ce,1,1e-05,0.753,0.753,2.042247392654419,47,92.00338201993145,108.03849465190433,0.0,0.0,0.0
0,imagenet,ce,2,2e-05,0.9359999999999999,0.936,1.1310674095153808,47,95.32828910392709,112.46860272088088,0.0,0.0,0.0
0,imagenet,ce,3,3.0000000000000004e-05,0.96,0.96,0.7156375131607056,47,90.39027494192123,106.24553293385543,0.0,0.0,0.0
0,imagenet,ce,4,4e-05,0.9570000000000001,0.957,0.6195590190887451,47,91.21655429690145,107.37308736587875,0.0,0.0,0.0
0,imagenet,ce,5,5e-05,0.961,0.961,0.5745373490651449,47,89.83567629684694,106.06343968282454,0.0,0.0,0.0
0,imagenet,ce,6,5e-05,0.9650000000000001,0.965,0.5490258388519287,47,90.0601007391233,106.23958728415892,0.0,0.0,0.0
0,imagenet,ce,7,4.9986318311391235e-05,0.9640000000000001,0.964,0.5369788829485576,47,90.65062491921708,106.6157052339986,0.0,0.0,0.0
0,imagenet,ce,8,4.994528852626726e-05,0.97,0.97,0.5298858499526977,47,90.29375576693565,106.26716293394566,0.0,0.0,0.0
0,imagenet,ce,9,4.987695646966835e-05,0.9640000000000001,0.964,0.5249748759269715,47,90.65787559607998,106.29828620213084,0.0,0.0,0.0
0,imagenet,ce,10,4.9781398459792115e-05,0.9650000000000001,0.965,0.5193460033734639,47,89.56406525708735,113.59769484400749,0.0,0.0,0.0
0,imagenet,ce,11,4.96587212227557e-05,0.966,0.966,0.5191604064305624,47,91.27493345295079,107.09283246193081,0.0,0.0,0.0
0,imagenet,ce,12,4.950906177339638e-05,0.9650000000000001,0.965,0.5145378630956013,47,90.06273349700496,106.2273096498102,0.0,0.0,0.0
0,imagenet,ce,13,4.9332587262243413e-05,0.9649999999999999,0.965,0.512791288057963,47,90.04034656309523,106.04638621490449,0.0,0.0,0.0
0,imagenet,ce,14,4.912949478883223e-05,0.9620000000000001,0.962,0.5102904485066732,47,90.24240911589004,106.29065717593767,0.0,0.0,0.0
0,imagenet,ce,15,4.890001118156936e-05,0.9559999999999998,0.956,0.5103759797414144,47,89.4514190419577,105.29248838615604,0.0,0.0,0.0
0,imagenet,ce,16,4.864439274439401e-05,0.9629999999999999,0.963,0.5098389156659444,47,90.52049061004072,106.3569656019099,0.0,0.0,0.0
0,imagenet,ce,17,4.836292497051926e-05,0.9630000000000001,0.963,0.5087971590360005,47,90.01595762604848,105.92016095202416,0.0,0.0,0.0
0,imagenet,ce,18,4.8055922223572505e-05,0.9690000000000001,0.969,0.5065416520436605,47,90.53095687692985,106.7280857078731,0.0,0.0,0.0
0,imagenet,ce,19,4.7723727386491355e-05,0.966,0.966,0.5061840618451436,47,90.15909401094541,106.0378948438447,0.0,0.0,0.0
0,imagenet,ce,20,4.7366711478567095e-05,0.958,0.958,0.5077065229415894,47,90.85215095803142,107.06848006998189,0.0,0.0,0.0
0,imagenet,ce,21,4.6985273241063454e-05,0.962,0.962,0.5072059721946717,47,90.56497057201341,107.20844690315425,0.0,0.0,0.0
0,imagenet,ce,22,4.657983869187342e-05,0.9570000000000001,0.957,0.5073035233815512,47,91.3158515249379,107.44642720906995,0.0,0.0,0.0
0,imagenet,ce,23,4.615086064971153e-05,0.9639999999999999,0.964,0.5054368581771851,47,90.71958387293853,107.03193063591607,0.0,0.0,0.0
0,imagenet,ce,24,4.5698818228373126e-05,0.9639999999999999,0.964,0.5063393298784892,47,91.05825849203393,107.14705883408897,0.0,0.0,0.0
0,imagenet,ce,25,4.522421630162529e-05,0.9640000000000001,0.964,0.5062805835405986,47,90.54372119996697,114.93460049293935,0.0,0.0,0.0
0,imagenet,ce,26,4.4727584939327193e-05,0.9620000000000001,0.962,0.5060518817901611,47,90.13018720201217,106.30575255397707,0.0,0.0,0.0
0,imagenet,ce,27,4.420947881540964e-05,0.9640000000000001,0.964,0.5080667471885681,47,90.66461022291332,106.9699496589601,0.0,0.0,0.0
0,imagenet,ce,28,4.3670476588374966e-05,0.9589999999999999,0.959,0.5082519068717957,47,90.2599653210491,106.26617759210058,0.0,0.0,0.0
0,imagenet,ce,29,4.311118025500927e-05,0.959,0.959,0.508343665599823,47,90.44821799802594,106.34936647396535,0.0,0.0,0.0
0,imagenet,ce,30,4.253221447802874e-05,0.9649999999999999,0.965,0.5054010135332744,47,90.9237415860407,106.99210337293334,0.0,0.0,0.0
0,imagenet,ce,31,4.193422588841098e-05,0.9559999999999998,0.956,0.5053928937911988,47,90.68710779584944,106.81618747697212,0.0,0.0,0.0
0,imagenet,ce,32,4.1317882363190655e-05,0.9569999999999999,0.957,0.5067447535196941,47,90.68572206608951,106.98499511298724,0.0,0.0,0.0
0,imagenet,ce,33,4.0683872279526e-05,0.9630000000000001,0.963,0.5050374720891316,47,91.38177835894749,107.56144642899744,0.0,0.0,0.0
0,imagenet,ce,34,4.00329037458692e-05,0.9560000000000001,0.956,0.5092906913757325,47,90.06784542603418,106.29827957111411,0.0,0.0,0.0
0,imagenet,ce,35,3.936570381109958e-05,0.9620000000000001,0.962,0.5044870642026266,47,90.66970285982825,106.39207331486978,0.0,0.0,0.0
0,imagenet,ce,36,3.868301765250263e-05,0.9639999999999999,0.964,0.5041072072982788,47,90.40460908203386,107.03212997107767,0.0,0.0,0.0
0,imagenet,ce,37,3.798560774350198e-05,0.96,0.96,0.5060713397661845,47,91.44407149916515,107.47480765497312,0.0,0.0,0.0
0,imagenet,ce,38,3.7274253002073755e-05,0.967,0.967,0.503834844271342,47,90.72566761192866,106.98950627609156,0.0,0.0,0.0
0,imagenet,ce,39,3.6549747920794496e-05,0.967,0.967,0.5049364733695983,47,90.79304011492059,107.13003339595161,0.0,0.0,0.0
0,imagenet,ce,40,3.581290167949421e-05,0.967,0.967,0.5041094228426616,47,90.27984414598905,106.35959972208366,0.0,0.0,0.0
0,imagenet,ce,41,3.5064537241505625e-05,0.9640000000000001,0.964,0.5032689552307129,47,90.4440926599782,106.69289094000123,0.0,0.0,0.0
0,imagenet,ce,42,3.4305490434519064e-05,0.9649999999999999,0.965,0.5038554039001465,47,90.64237387990579,106.89297213312238,0.0,0.0,0.0
0,imagenet,ce,43,3.353660901706944e-05,0.9649999999999999,0.965,0.5025221473375956,47,90.43721118499525,106.73093624296598,0.0,0.0,0.0
0,imagenet,ce,44,3.2758751731698036e-05,0.969,0.969,0.5025541979471843,47,90.73626588610932,106.96445199591108,0.0,0.0,0.0
0,imagenet,ce,45,3.197278734584651e-05,0.9650000000000001,0.965,0.5038236818313598,47,89.72765174484812,105.81745221791789,0.0,0.0,0.0
0,imagenet,ce,46,3.1179593681554446e-05,0.96,0.96,0.5034229992230733,47,90.35404003388248,106.49848083988763,0.0,0.0,0.0
0,imagenet,ce,47,3.0380056635043986e-05,0.961,0.961,0.5054584320386251,47,92.16450754413381,108.48301948909648,0.0,0.0,0.0
0,imagenet,ce,48,2.9575069187286692e-05,0.968,0.968,0.50325390736262,46,91.11648710211739,107.47519970010035,0.0,0.0,0.0
0,imagenet,ce,49,2.876553040665759e-05,0.961,0.961,0.5034436548550923,47,91.56666125799529,107.61558480001986,0.0,0.0,0.0
0,imagenet,ce,50,2.7952344444790415e-05,0.9620000000000001,0.962,0.5031673719088237,47,90.49498688499443,115.59891873109154,0.0,0.0,0.0
0,imagenet,ce,51,2.7136419526755484e-05,0.966,0.966,0.5033074014981588,47,91.74909015512094,108.2009738679044,0.0,0.0,0.0
0,imagenet,ce,52,2.631866693668803e-05,0.9650000000000001,0.965,0.5023494567871094,47,91.27765807090327,107.28814639197662,0.0,0.0,0.0
0,imagenet,ce,53,2.5500000000000003e-05,0.9630000000000001,0.963,0.5021525591214497,47,90.22478197095916,106.48573421710171,0.0,0.0,0.0
0,imagenet,ce,54,2.4681333063311983e-05,0.967,0.967,0.5020880637168884,47,91.34121117601171,107.37930468213744,0.0,0.0,0.0
0,imagenet,ce,55,2.3863580473244526e-05,0.9649999999999999,0.965,0.5029122077624003,47,90.6622594348155,106.6597080968786,0.0,0.0,0.0
0,imagenet,ce,56,2.3047655555209592e-05,0.9649999999999999,0.965,0.5020146849950154,47,90.80556879704818,107.00750772794709,0.0,0.0,0.0
0,imagenet,ce,57,2.223446959334243e-05,0.969,0.969,0.5013686892191569,47,91.1937085869722,107.4743194130715,0.0,0.0,0.0
0,imagenet,ce,58,2.1424930812713318e-05,0.9659999999999999,0.966,0.5030197847684225,47,91.18369606207125,107.42455526115373,0.0,0.0,0.0
0,imagenet,ce,59,2.0619943364956024e-05,0.9649999999999999,0.965,0.5033479770024617,47,91.48343756096438,107.61047087796032,0.0,0.0,0.0
0,imagenet,ce,60,1.9820406318445557e-05,0.9730000000000001,0.973,0.5011561301549275,47,91.10664057382382,107.53262039320543,0.0,0.0,0.0
0,imagenet,ce,61,1.9027212654153495e-05,0.9709999999999999,0.971,0.5015475920041402,47,91.06962729198858,107.35889852815308,0.0,0.0,0.0
0,imagenet,ce,62,1.824124826830197e-05,0.9719999999999999,0.972,0.5013638458251953,47,90.92767586605623,107.10042374883778,0.0,0.0,0.0
0,imagenet,ce,63,1.746339098293056e-05,0.969,0.969,0.5018918132781982,47,90.32380149001256,106.54869579500519,0.0,0.0,0.0
0,imagenet,ce,64,1.6694509565480943e-05,0.9649999999999999,0.965,0.501778557618459,47,91.3206140929833,107.600087123923,0.0,0.0,0.0
0,imagenet,ce,65,1.593546275849438e-05,0.9709999999999999,0.971,0.5016084240277608,47,91.354123163037,107.2626369970385,0.0,0.0,0.0
0,imagenet,ce,66,1.5187098320505799e-05,0.9720000000000001,0.972,0.5019302298227946,47,91.40000351984054,107.36594498204067,0.0,0.0,0.0
0,imagenet,ce,67,1.4450252079205502e-05,0.9710000000000001,0.971,0.5011386470794678,47,90.85898361401632,106.8509295519907,0.0,0.0,0.0
0,imagenet,ce,68,1.372574699792625e-05,0.969,0.969,0.5017405203183491,47,91.61373277404346,107.84741109004244,0.0,0.0,0.0
0,imagenet,ce,69,1.3014392256498022e-05,0.968,0.968,0.5018892269134522,47,92.3137252968736,108.6362862191163,0.0,0.0,0.0
0,imagenet,ce,70,1.2316982347497372e-05,0.9669999999999999,0.967,0.5021803186734517,47,91.52614938095212,107.61472919699736,0.0,0.0,0.0
0,imagenet,ce,71,1.1634296188900416e-05,0.9690000000000001,0.969,0.5010099288622538,47,92.61887153307907,109.07969773793593,0.0,0.0,0.0
0,imagenet,ce,72,1.0967096254130799e-05,0.966,0.966,0.5020387818018596,47,92.35796241601929,108.76457018405199,0.0,0.0,0.0
0,imagenet,ce,73,1.0316127720474006e-05,0.968,0.968,0.5014353496233622,47,93.34165172395296,109.69067703094333,0.0,0.0,0.0
0,imagenet,ce,74,9.682117636809343e-06,0.9710000000000001,0.971,0.5011818652153015,47,92.04128586105071,108.16949857096188,0.0,0.0,0.0
0,imagenet,ce,75,9.065774111589031e-06,0.97,0.97,0.5013399564425151,47,91.70814616093412,117.52728642290458,0.0,0.0,0.0
0,imagenet,ce,76,8.467785521971265e-06,0.9719999999999999,0.972,0.5014681901931762,47,92.6051115039736,108.98744196002372,0.0,0.0,0.0
0,imagenet,ce,77,7.888819744990736e-06,0.9690000000000001,0.969,0.5014080519676208,47,92.50167384394445,108.87475915788673,0.0,0.0,0.0
0,imagenet,ce,78,7.329523411625039e-06,0.9680000000000002,0.968,0.5010431127548218,47,91.93316314299591,108.46618501003832,0.0,0.0,0.0
0,imagenet,ce,79,6.790521184590367e-06,0.9700000000000001,0.97,0.501401518980662,47,91.3479951529298,107.80999244004488,0.0,0.0,0.0
0,imagenet,ce,80,6.272415060672806e-06,0.9730000000000001,0.973,0.5014480786323547,47,95.22203976102173,111.64478733716533,0.0,0.0,0.0
0,imagenet,ce,81,5.77578369837471e-06,0.9720000000000001,0.972,0.501576453367869,47,91.71464930893853,107.85926453000866,0.0,0.0,0.0
0,imagenet,ce,82,5.301181771626878e-06,0.9700000000000001,0.97,0.5013332478205363,47,91.21420201007277,107.72264326410368,0.0,0.0,0.0
0,imagenet,ce,83,4.849139350288474e-06,0.967,0.967,0.5020199577013652,47,91.69680154090747,108.11922065820545,0.0,0.0,0.0
0,imagenet,ce,84,4.420161308126591e-06,0.9700000000000001,0.97,0.5013605941136678,47,91.73833817010745,108.17278432520106,0.0,0.0,0.0
0,imagenet,ce,85,4.014726758936549e-06,0.9720000000000001,0.972,0.5009577271143595,47,92.39722891314887,109.01425619795918,0.0,0.0,0.0
0,imagenet,ce,86,3.6332885214329124e-06,0.9700000000000001,0.97,0.5017336419423422,47,92.32444333005697,109.17707840399817,0.0,0.0,0.0
0,imagenet,ce,87,3.2762726135086534e-06,0.968,0.968,0.5020457215309143,47,90.61862643505447,106.80355038004927,0.0,0.0,0.0
0,imagenet,ce,88,2.9440777764274926e-06,0.9690000000000001,0.969,0.501599270661672,47,89.96979722892866,106.00095325312577,0.0,0.0,0.0
0,imagenet,ce,89,2.6370750294807374e-06,0.9690000000000001,0.969,0.5009595538775126,47,90.11448354599997,106.40681395400316,0.0,0.0,0.0
0,imagenet,ce,90,2.3556072556059925e-06,0.9690000000000001,0.969,0.5014789363543193,47,90.7796290088445,106.93057558010332,0.0,0.0,0.0
0,imagenet,ce,91,2.0999888184306456e-06,0.9680000000000002,0.968,0.5010359732309977,47,90.24677541898564,106.21443821303546,0.0,0.0,0.0
0,imagenet,ce,92,1.8705052111677768e-06,0.9690000000000001,0.969,0.5010287299156189,47,90.36069004819728,106.58382633398287,0.0,0.0,0.0
0,imagenet,ce,93,1.6674127377565921e-06,0.9690000000000001,0.969,0.5009788479804993,47,90.51274754595943,106.48548877402209,0.0,0.0,0.0
0,imagenet,ce,94,1.4909382266036246e-06,0.9690000000000001,0.969,0.5014456343650818,47,90.59024757100269,106.73273974098265,0.0,0.0,0.0
0,imagenet,ce,95,1.3412787772443001e-06,0.9680000000000002,0.968,0.5026805402437846,47,91.68021645885892,107.90816601598635,0.0,0.0,0.0
0,imagenet,ce,96,1.2186015402078894e-06,0.9680000000000002,0.968,0.501165503501892,47,90.93306232593022,107.10000878595747,0.0,0.0,0.0
0,imagenet,ce,97,1.1230435303316486e-06,0.9680000000000002,0.968,0.5013674764633179,47,90.9383515031077,106.89543640194461,0.0,0.0,0.0
0,imagenet,ce,98,1.0547114737327475e-06,0.9680000000000002,0.968,0.5013969634373983,47,90.46459705987945,106.53530800715089,0.0,0.0,0.0
0,imagenet,ce,99,1.013681688608762e-06,0.9690000000000001,0.969,0.5012170799573262,47,90.41901153395884,106.71075955405831,0.0,0.0,0.0
0,imagenet,ce,100,1e-06,0.9700000000000001,0.97,0.5013630417188009,47,91.26044450700283,115.78592646191828,0.0,0.0,0.0
0,imagenet,foreground_rescue_10,1,1e-05,0.7570000000000001,0.757,1.7914234816233316,47,104.55060049286112,121.6551793818362,2.9325,2.9325,0.0
0,imagenet,foreground_rescue_10,2,2e-05,0.9350000000000002,0.935,0.881053717136383,47,105.18079391005449,122.06228816183284,2.736,2.736,0.0
0,imagenet,foreground_rescue_10,3,3.0000000000000004e-05,0.959,0.959,0.4658303334712982,47,99.9953658960294,116.60240792296827,2.5913333333333335,2.5913333333333335,0.0
0,imagenet,foreground_rescue_10,4,4e-05,0.958,0.958,0.3697852694193522,47,99.95066818897612,117.11697906814516,2.672,2.672,0.0
0,imagenet,foreground_rescue_10,5,5e-05,0.961,0.961,0.327658473889033,47,99.00636493810453,115.71705075795762,2.8558333333333334,2.8558333333333334,0.0
0,imagenet,foreground_rescue_10,6,5e-05,0.9620000000000001,0.962,0.30257683340708413,47,99.48506980319507,115.98537716502324,2.862833333333333,2.862833333333333,0.0
0,imagenet,foreground_rescue_10,7,4.9986318311391235e-05,0.961,0.961,0.28756873138745626,47,98.94692832208239,115.02612968697213,2.8733333333333335,2.8733333333333335,0.0
0,imagenet,foreground_rescue_10,8,4.994528852626726e-05,0.9649999999999999,0.965,0.28262721665700274,47,98.2065370650962,114.4709645838011,2.9011666666666667,2.9011666666666667,0.0
0,imagenet,foreground_rescue_10,9,4.987695646966835e-05,0.958,0.958,0.27946527481079103,47,97.61689753294922,114.00974051095545,2.9556666666666667,2.9556666666666667,0.0
0,imagenet,foreground_rescue_10,10,4.9781398459792115e-05,0.96,0.96,0.27261545864741005,47,99.54795914096758,123.64525029389188,3.013333333333333,3.013333333333333,0.0
0,imagenet,foreground_rescue_10,11,4.96587212227557e-05,0.958,0.958,0.2711462076505025,47,100.14769444102421,116.70537774590775,3.0995,3.0995,0.0
0,imagenet,foreground_rescue_10,12,4.950906177339638e-05,0.9630000000000001,0.963,0.2673228357632955,47,99.02194027299993,115.55719871306792,3.057166666666667,3.057166666666667,0.0
0,imagenet,foreground_rescue_10,13,4.9332587262243413e-05,0.9639999999999999,0.964,0.26609772284825645,47,100.24141401308589,116.76887997286394,3.1746666666666665,3.1746666666666665,0.0
0,imagenet,foreground_rescue_10,14,4.912949478883223e-05,0.9639999999999999,0.964,0.2680610741774241,47,98.76317992596887,115.42219719104469,3.1151666666666666,3.1151666666666666,0.0
0,imagenet,foreground_rescue_10,15,4.890001118156936e-05,0.9570000000000001,0.957,0.2636453213691711,47,100.0391424309928,116.49201772594824,3.0323333333333333,3.0323333333333333,0.0
0,imagenet,foreground_rescue_10,16,4.864439274439401e-05,0.9639999999999999,0.964,0.2634371836185455,47,99.32094071689062,116.0825942598749,2.9288333333333334,2.9288333333333334,0.0
0,imagenet,foreground_rescue_10,17,4.836292497051926e-05,0.9599999999999997,0.96,0.2617352066040039,47,100.3855441911146,116.74847275903448,3.0023333333333335,3.0023333333333335,0.0
0,imagenet,foreground_rescue_10,18,4.8055922223572505e-05,0.9640000000000001,0.964,0.2598480755488078,47,99.85423862095922,116.43177940300666,3.0508333333333333,3.0508333333333333,0.0
0,imagenet,foreground_rescue_10,19,4.7723727386491355e-05,0.9620000000000001,0.962,0.26129148228963217,47,99.1522710788995,115.62536611710675,3.050666666666667,3.050666666666667,0.0
0,imagenet,foreground_rescue_10,20,4.7366711478567095e-05,0.9629999999999999,0.963,0.26274852617581684,47,101.03465545200743,117.61538802878931,3.025,3.025,0.0
0,imagenet,foreground_rescue_10,21,4.6985273241063454e-05,0.9600000000000002,0.96,0.2608570653597514,47,99.88457670505159,116.3689566499088,3.0248333333333335,3.0248333333333335,0.0
0,imagenet,foreground_rescue_10,22,4.657983869187342e-05,0.9629999999999999,0.963,0.2614160617987315,47,99.15363498800434,115.440112716984,3.0378333333333334,3.0378333333333334,0.0
0,imagenet,foreground_rescue_10,23,4.615086064971153e-05,0.9579999999999999,0.958,0.2586564013957977,47,99.67944055097178,116.07770371902734,3.0241666666666664,3.0241666666666664,0.0
0,imagenet,foreground_rescue_10,24,4.5698818228373126e-05,0.961,0.961,0.2608561698595683,47,99.40128993499093,115.80333729577251,3.0921666666666665,3.0921666666666665,0.0
0,imagenet,foreground_rescue_10,25,4.522421630162529e-05,0.9569999999999999,0.957,0.2587365081310272,47,102.54041950008832,126.34318175911903,3.1765,3.1765,0.0
0,imagenet,foreground_rescue_10,26,4.4727584939327193e-05,0.961,0.961,0.2589666549364726,47,100.82302785292268,116.98662027693354,3.1668333333333334,3.1668333333333334,0.0
0,imagenet,foreground_rescue_10,27,4.420947881540964e-05,0.953,0.953,0.2604528680642446,47,99.87040803488344,116.21041399613023,3.1301666666666668,3.1301666666666668,0.0
0,imagenet,foreground_rescue_10,28,4.3670476588374966e-05,0.9560000000000001,0.956,0.2590827225844065,47,99.05740861804225,115.63847928191535,3.1943333333333332,3.1943333333333332,0.0
0,imagenet,foreground_rescue_10,29,4.311118025500927e-05,0.959,0.959,0.2602282067934672,47,99.71741231693886,116.04852537903935,3.182166666666667,3.182166666666667,0.0
0,imagenet,foreground_rescue_10,30,4.253221447802874e-05,0.9600000000000002,0.96,0.26034975759188334,47,100.9836981180124,117.95192016707733,3.1161666666666665,3.1161666666666665,0.0
0,imagenet,foreground_rescue_10,31,4.193422588841098e-05,0.9610000000000001,0.961,0.2595992740790049,47,99.31093723210506,115.76245290297084,3.043,3.043,0.0
0,imagenet,foreground_rescue_10,32,4.1317882363190655e-05,0.96,0.96,0.25954662330945333,47,99.765591716161,116.15395090100355,3.119,3.119,0.0
0,imagenet,foreground_rescue_10,33,4.0683872279526e-05,0.9540000000000001,0.954,0.2614978999296824,47,99.14430201100186,115.61379471095279,3.0658333333333334,3.0658333333333334,0.0
0,imagenet,foreground_rescue_10,34,4.00329037458692e-05,0.9600000000000002,0.96,0.2612582280635834,47,100.0551549999509,116.9104170508217,2.959,2.959,0.0
0,imagenet,foreground_rescue_10,35,3.936570381109958e-05,0.9640000000000001,0.964,0.2587396190166473,47,100.4900235380046,116.93919887091033,2.961,2.961,0.0
0,imagenet,foreground_rescue_10,36,3.868301765250263e-05,0.958,0.958,0.25779791474342345,47,100.02119395695627,116.55027551902458,3.0521666666666665,3.0521666666666665,0.0
0,imagenet,foreground_rescue_10,37,3.798560774350198e-05,0.9549999999999998,0.955,0.2599380999406179,47,100.45667496090755,117.32048197998665,3.11,3.11,0.0
0,imagenet,foreground_rescue_10,38,3.7274253002073755e-05,0.9640000000000001,0.964,0.25938460501035054,47,100.98066484788433,117.83334838086739,3.082666666666667,3.082666666666667,0.0
0,imagenet,foreground_rescue_10,39,3.6549747920794496e-05,0.962,0.962,0.2579848567644755,47,101.29069609404542,118.16169252386317,3.0986666666666665,3.0986666666666665,0.0
0,imagenet,foreground_rescue_10,40,3.581290167949421e-05,0.9650000000000001,0.965,0.2589306960105896,47,101.34484012401663,118.3059846109245,3.101,3.101,0.0
0,imagenet,foreground_rescue_10,41,3.5064537241505625e-05,0.961,0.961,0.2563032258351644,47,100.29594653914683,116.9431987691205,3.1536666666666666,3.1536666666666666,0.0
0,imagenet,foreground_rescue_10,42,3.4305490434519064e-05,0.9579999999999999,0.958,0.2583659770488739,47,100.73769114306197,117.37312203203328,3.2176666666666667,3.2176666666666667,0.0
0,imagenet,foreground_rescue_10,43,3.353660901706944e-05,0.9590000000000002,0.959,0.257450759490331,47,100.18560637906194,116.56891061295755,3.211,3.211,0.0
0,imagenet,foreground_rescue_10,44,3.2758751731698036e-05,0.9579999999999999,0.958,0.2578496286869049,47,100.61316720000468,117.1812036880292,3.1963333333333335,3.1963333333333335,0.0
0,imagenet,foreground_rescue_10,45,3.197278734584651e-05,0.954,0.954,0.2584507614771525,46,100.36119403503835,116.64014831813984,3.2303333333333333,3.2303333333333333,0.0
0,imagenet,foreground_rescue_10,46,3.1179593681554446e-05,0.9679999999999997,0.968,0.2567720840771993,47,100.4341768338345,116.71958229597658,3.1903333333333332,3.1903333333333332,0.0
0,imagenet,foreground_rescue_10,47,3.0380056635043986e-05,0.961,0.961,0.2582884283065796,47,100.85122397402301,117.62299258401617,3.2563333333333335,3.2563333333333335,0.0
0,imagenet,foreground_rescue_10,48,2.9575069187286692e-05,0.9659999999999999,0.966,0.25907067227363584,47,99.85731682297774,116.37975509697571,3.2191666666666667,3.2191666666666667,0.0
0,imagenet,foreground_rescue_10,49,2.876553040665759e-05,0.9629999999999999,0.963,0.2598730216026306,47,100.03379082912579,117.17785539990291,3.194,3.194,0.0
0,imagenet,foreground_rescue_10,50,2.7952344444790415e-05,0.9570000000000001,0.957,0.2601662967205048,47,100.56559445010498,125.34097947296686,3.2476666666666665,3.2476666666666665,0.0
0,imagenet,foreground_rescue_10,51,2.7136419526755484e-05,0.968,0.968,0.25868647249539695,47,100.34833948896267,117.02648083888926,3.1508333333333334,3.1508333333333334,0.0
0,imagenet,foreground_rescue_10,52,2.631866693668803e-05,0.9640000000000001,0.964,0.2563500792980194,47,99.95830416609533,116.97747002914548,3.1546666666666665,3.1546666666666665,0.0
0,imagenet,foreground_rescue_10,53,2.5500000000000003e-05,0.9650000000000001,0.965,0.25721520551045735,47,100.1050654980354,116.483544557821,3.106,3.106,0.0
0,imagenet,foreground_rescue_10,54,2.4681333063311983e-05,0.951,0.951,0.25740524554252625,47,99.95188131695613,116.28847514698282,2.9925,2.9925,0.0
0,imagenet,foreground_rescue_10,55,2.3863580473244526e-05,0.967,0.967,0.2561053598721822,47,99.9246607280802,116.40133289294317,2.9863333333333335,2.9863333333333335,0.0
0,imagenet,foreground_rescue_10,56,2.3047655555209592e-05,0.9629999999999999,0.963,0.25484713530540465,47,102.05714202905074,118.73381882696413,2.9755,2.9755,0.0
0,imagenet,foreground_rescue_10,57,2.223446959334243e-05,0.9659999999999999,0.966,0.25737755195299783,47,100.71906542917714,117.69653149088845,2.973333333333333,2.973333333333333,0.0
0,imagenet,foreground_rescue_10,58,2.1424930812713318e-05,0.966,0.966,0.2570131954352061,47,102.08939286880195,118.69989091390744,2.9683333333333333,2.9683333333333333,0.0
0,imagenet,foreground_rescue_10,59,2.0619943364956024e-05,0.9650000000000001,0.965,0.2561737140019735,47,101.35548888705671,117.85429597087204,2.9515,2.9515,0.0
0,imagenet,foreground_rescue_10,60,1.9820406318445557e-05,0.9649999999999999,0.965,0.2557866631348928,47,102.78947924613021,119.86945880111307,2.992166666666667,2.992166666666667,0.0
0,imagenet,foreground_rescue_10,61,1.9027212654153495e-05,0.9650000000000001,0.965,0.2559953967730204,47,101.46987268002704,118.31206056894735,3.021166666666667,3.021166666666667,0.0
0,imagenet,foreground_rescue_10,62,1.824124826830197e-05,0.9640000000000001,0.964,0.2573268419106801,47,102.40331511595286,119.13132093916647,3.046333333333333,3.046333333333333,0.0
0,imagenet,foreground_rescue_10,63,1.746339098293056e-05,0.9640000000000001,0.964,0.25573427375157676,47,102.12241620221175,118.74395680008456,3.0441666666666665,3.0441666666666665,0.0
0,imagenet,foreground_rescue_10,64,1.6694509565480943e-05,0.9679999999999997,0.968,0.2554091800848643,47,102.0702896558214,118.65456710988656,3.0951666666666666,3.0951666666666666,0.0
0,imagenet,foreground_rescue_10,65,1.593546275849438e-05,0.967,0.967,0.2559469881852468,47,101.09646732988767,117.95268846699037,3.1188333333333333,3.1188333333333333,0.0
0,imagenet,foreground_rescue_10,66,1.5187098320505799e-05,0.9710000000000001,0.971,0.25609694941838584,47,100.87603757786565,117.49226432899013,3.0561666666666665,3.0561666666666665,0.0
0,imagenet,foreground_rescue_10,67,1.4450252079205502e-05,0.967,0.967,0.2554130132993062,47,102.7108376249671,119.1801914840471,3.0628333333333333,3.0628333333333333,0.0
0,imagenet,foreground_rescue_10,68,1.372574699792625e-05,0.968,0.968,0.2561643080711365,47,100.28951934003271,116.8134932150133,3.019,3.019,0.0
0,imagenet,foreground_rescue_10,69,1.3014392256498022e-05,0.968,0.968,0.25475630728403725,47,100.24479364603758,117.08185319579206,3.0016666666666665,3.0016666666666665,0.0
0,imagenet,foreground_rescue_10,70,1.2316982347497372e-05,0.9639999999999999,0.964,0.257031635204951,47,100.14402958704159,116.94375189603306,3.0528333333333335,3.0528333333333335,0.0
0,imagenet,foreground_rescue_10,71,1.1634296188900416e-05,0.9629999999999999,0.963,0.25722299647331237,47,101.30069417995401,117.91432405705564,3.1118333333333332,3.1118333333333332,0.0
0,imagenet,foreground_rescue_10,72,1.0967096254130799e-05,0.9670000000000002,0.967,0.25543038932482404,47,100.33126341900788,116.9996448608581,3.151666666666667,3.151666666666667,0.0
0,imagenet,foreground_rescue_10,73,1.0316127720474006e-05,0.967,0.967,0.2554459091027578,47,100.8888750220649,117.35847438802011,3.1736666666666666,3.1736666666666666,0.0
0,imagenet,foreground_rescue_10,74,9.682117636809343e-06,0.9690000000000001,0.969,0.25662858231862384,47,101.89532750588842,118.36696197115816,3.1226666666666665,3.1226666666666665,0.0
0,imagenet,foreground_rescue_10,75,9.065774111589031e-06,0.97,0.97,0.25684978024164834,47,100.19253514520824,124.0259660310112,3.124,3.124,0.0
0,imagenet,foreground_rescue_10,76,8.467785521971265e-06,0.9669999999999999,0.967,0.2563301448027293,47,100.23061324004084,116.70454521896318,3.0636666666666668,3.0636666666666668,0.0
0,imagenet,foreground_rescue_10,77,7.888819744990736e-06,0.968,0.968,0.2557128984133403,47,100.37556451186538,116.76375470496714,3.099833333333333,3.099833333333333,0.0
0,imagenet,foreground_rescue_10,78,7.329523411625039e-06,0.9669999999999999,0.967,0.2556177179813385,47,100.55775527097285,117.2437046521809,3.0378333333333334,3.0378333333333334,0.0
0,imagenet,foreground_rescue_10,79,6.790521184590367e-06,0.9680000000000002,0.968,0.2563876858552297,47,100.12339322408661,116.8210035499651,3.057166666666667,3.057166666666667,0.0
0,imagenet,foreground_rescue_10,80,6.272415060672806e-06,0.968,0.968,0.25681692639986675,47,100.40457907295786,116.76928043807857,3.061166666666667,3.061166666666667,0.0
0,imagenet,foreground_rescue_10,81,5.77578369837471e-06,0.968,0.968,0.25613838958740237,47,101.88109844294377,118.48301538615488,3.014666666666667,3.014666666666667,0.0
0,imagenet,foreground_rescue_10,82,5.301181771626878e-06,0.968,0.968,0.25490838980674746,47,99.54481722903438,115.73159525799565,3.0428333333333333,3.0428333333333333,0.0
0,imagenet,foreground_rescue_10,83,4.849139350288474e-06,0.968,0.968,0.25704453682899475,47,99.44464538199827,116.36584173911251,3.0563333333333333,3.0563333333333333,0.0
0,imagenet,foreground_rescue_10,84,4.420161308126591e-06,0.967,0.967,0.25502177166938783,47,101.40432715881616,117.76462128199637,3.0733333333333333,3.0733333333333333,0.0
0,imagenet,foreground_rescue_10,85,4.014726758936549e-06,0.969,0.969,0.2544410162766774,47,102.7190688860137,119.06252654711716,3.0508333333333333,3.0508333333333333,0.0
0,imagenet,foreground_rescue_10,86,3.6332885214329124e-06,0.968,0.968,0.25491069571177166,47,99.48174595693126,116.01447517913766,3.0235,3.0235,0.0
0,imagenet,foreground_rescue_10,87,3.2762726135086534e-06,0.968,0.968,0.2549722609519959,47,100.14498674008064,116.40556646697223,3.036,3.036,0.0
0,imagenet,foreground_rescue_10,88,2.9440777764274926e-06,0.968,0.968,0.25521538861592613,47,101.20441097090952,117.7772922727745,3.0445,3.0445,0.0
0,imagenet,foreground_rescue_10,89,2.6370750294807374e-06,0.97,0.97,0.2560630156993866,47,99.49424511590041,116.15503263100982,3.059833333333333,3.059833333333333,0.0
0,imagenet,foreground_rescue_10,90,2.3556072556059925e-06,0.968,0.968,0.25502555799484256,47,100.18972021411173,116.87399060185999,3.036,3.036,0.0
0,imagenet,foreground_rescue_10,91,2.0999888184306456e-06,0.9690000000000001,0.969,0.2555168684323629,47,103.60452127503231,119.86626753606834,3.036,3.036,0.0
0,imagenet,foreground_rescue_10,92,1.8705052111677768e-06,0.9669999999999999,0.967,0.2551525908311208,47,99.41648488398641,115.75114422803745,3.0216666666666665,3.0216666666666665,0.0
0,imagenet,foreground_rescue_10,93,1.6674127377565921e-06,0.9669999999999999,0.967,0.2548692664305369,47,99.53607769100927,115.90680056903511,3.045,3.045,0.0
0,imagenet,foreground_rescue_10,94,1.4909382266036246e-06,0.9669999999999999,0.967,0.2541507325172424,47,100.44473869702779,116.8411069707945,3.039833333333333,3.039833333333333,0.0
0,imagenet,foreground_rescue_10,95,1.3412787772443001e-06,0.9690000000000001,0.969,0.25468216983477276,47,98.87397764716297,115.10480823391117,3.046,3.046,0.0
0,imagenet,foreground_rescue_10,96,1.2186015402078894e-06,0.968,0.968,0.2556750963528951,47,99.62721070391126,116.03864425583743,3.0528333333333335,3.0528333333333335,0.0
0,imagenet,foreground_rescue_10,97,1.1230435303316486e-06,0.9669999999999999,0.967,0.25511577423413595,47,99.58405324490741,115.8657100899145,3.0596666666666668,3.0596666666666668,0.0
0,imagenet,foreground_rescue_10,98,1.0547114737327475e-06,0.9669999999999999,0.967,0.25553780484199523,47,100.52430624002591,117.3509400698822,3.0801666666666665,3.0801666666666665,0.0
0,imagenet,foreground_rescue_10,99,1.013681688608762e-06,0.966,0.966,0.25493571734428405,47,100.61838323902339,117.3617431819439,3.0665,3.0665,0.0
0,imagenet,foreground_rescue_10,100,1e-06,0.9649999999999999,0.965,0.25545477112134296,47,100.4198035870213,124.4500316879712,3.0681666666666665,3.0681666666666665,0.0
0,imagenet,full,1,1e-05,0.7540000000000001,0.754,1.802652593612671,47,97.24222515919246,113.38753098691814,0.0,0.0,0.0
0,imagenet,full,2,2e-05,0.9349999999999998,0.935,0.8873835217157999,47,98.34881145809777,115.09614047617652,0.0,0.0,0.0
0,imagenet,full,3,3.0000000000000004e-05,0.9560000000000001,0.956,0.4675723627408346,47,94.5861493148841,110.8424083259888,0.0,0.0,0.0
0,imagenet,full,4,4e-05,0.958,0.958,0.3699533507823944,47,94.44835441396572,110.91758682904765,0.0,0.0,0.0
0,imagenet,full,5,5e-05,0.959,0.959,0.32541964999834694,47,94.10961310681887,110.49103989615105,0.0,0.0,0.0
0,imagenet,full,6,5e-05,0.9580000000000002,0.958,0.2997431780497233,47,94.87956126197241,111.48759731696919,0.0,0.0,0.0
0,imagenet,full,7,4.9986318311391235e-05,0.966,0.966,0.2863736609617869,47,93.9634354969021,110.05979750212282,0.0,0.0,0.0
0,imagenet,full,8,4.994528852626726e-05,0.9650000000000001,0.965,0.2801672743956248,47,93.89440065203235,109.85619497206062,0.0,0.0,0.0
0,imagenet,full,9,4.987695646966835e-05,0.9560000000000001,0.956,0.27449112097422285,47,94.14530318183824,110.21601521107368,0.0,0.0,0.0
0,imagenet,full,10,4.9781398459792115e-05,0.97,0.97,0.27080032181739805,47,94.14048596518114,118.11599416192621,0.0,0.0,0.0
0,imagenet,full,11,4.96587212227557e-05,0.9680000000000002,0.968,0.2657147368590037,47,95.07826392282732,111.04822844499722,0.0,0.0,0.0
0,imagenet,full,12,4.950906177339638e-05,0.967,0.967,0.26201469349861145,47,95.18169066403061,111.14428335614502,0.0,0.0,0.0
0,imagenet,full,13,4.9332587262243413e-05,0.96,0.96,0.26054175051053363,47,94.1371460990049,110.08705266518518,0.0,0.0,0.0
0,imagenet,full,14,4.912949478883223e-05,0.9649999999999999,0.965,0.2594708689848582,47,94.21698944689706,110.12439318699762,0.0,0.0,0.0
0,imagenet,full,15,4.890001118156936e-05,0.9630000000000001,0.963,0.26045218936602277,47,94.66139241517521,110.70613543898799,0.0,0.0,0.0
0,imagenet,full,16,4.864439274439401e-05,0.9630000000000001,0.963,0.2585647687911987,47,94.91875308589078,111.17076131911017,0.0,0.0,0.0
0,imagenet,full,17,4.836292497051926e-05,0.9650000000000001,0.965,0.2610482489267985,47,95.37918040994555,111.48736359504983,0.0,0.0,0.0
0,imagenet,full,18,4.8055922223572505e-05,0.9659999999999999,0.966,0.2572655787467957,47,94.70274916803464,111.09712946298532,0.0,0.0,0.0
0,imagenet,full,19,4.7723727386491355e-05,0.966,0.966,0.2566021734078725,47,95.42466550902463,112.25792921008542,0.0,0.0,0.0
0,imagenet,full,20,4.7366711478567095e-05,0.966,0.966,0.25687909746170046,47,95.00356040196493,111.1697515801061,0.0,0.0,0.0
0,imagenet,full,21,4.6985273241063454e-05,0.959,0.959,0.25748215746879577,47,94.93254361581057,111.00662679784,0.0,0.0,0.0
0,imagenet,full,22,4.657983869187342e-05,0.96,0.96,0.25722068786621094,47,93.3780728338752,109.55031561013311,0.0,0.0,0.0
0,imagenet,full,23,4.615086064971153e-05,0.959,0.959,0.25552634263038637,47,95.04583707801066,111.23377310507931,0.0,0.0,0.0
0,imagenet,full,24,4.5698818228373126e-05,0.961,0.961,0.25611420194307966,47,94.19405121495947,110.25221487600356,0.0,0.0,0.0
0,imagenet,full,25,4.522421630162529e-05,0.9570000000000001,0.957,0.2565465176105499,47,94.49166681896895,119.54094933811575,0.0,0.0,0.0
0,imagenet,full,26,4.4727584939327193e-05,0.962,0.962,0.25518892327944437,47,93.63434851216152,109.66114593786187,0.0,0.0,0.0
0,imagenet,full,27,4.420947881540964e-05,0.9550000000000001,0.955,0.25707813501358034,47,94.77342601213604,110.91212781402282,0.0,0.0,0.0
0,imagenet,full,28,4.3670476588374966e-05,0.954,0.954,0.2602493285338084,47,94.25193460402079,110.55409608781338,0.0,0.0,0.0
0,imagenet,full,29,4.311118025500927e-05,0.961,0.961,0.2579748589992523,47,95.22533723991364,111.52318673301488,0.0,0.0,0.0
0,imagenet,full,30,4.253221447802874e-05,0.951,0.951,0.2550412806669871,47,94.8238656881731,110.9661679470446,0.0,0.0,0.0
0,imagenet,full,31,4.193422588841098e-05,0.954,0.954,0.25516823593775434,47,93.91056113410741,109.9442589271348,0.0,0.0,0.0
0,imagenet,full,32,4.1317882363190655e-05,0.9509999999999998,0.951,0.2557538438638051,47,94.20659309090115,110.26247991505079,0.0,0.0,0.0
0,imagenet,full,33,4.0683872279526e-05,0.954,0.954,0.2573706990877787,47,94.30634838785045,110.3780650338158,0.0,0.0,0.0
0,imagenet,full,34,4.00329037458692e-05,0.958,0.958,0.25562599309285483,47,95.01459079212509,111.23241438693367,0.0,0.0,0.0
0,imagenet,full,35,3.936570381109958e-05,0.966,0.966,0.2555379281838735,47,94.54654232296161,110.81485995883122,0.0,0.0,0.0
0,imagenet,full,36,3.868301765250263e-05,0.9639999999999999,0.964,0.2550911605358124,47,94.65737939812243,110.90700117195956,0.0,0.0,0.0
0,imagenet,full,37,3.798560774350198e-05,0.96,0.96,0.25479303661982217,47,94.0786388060078,110.28942655492574,0.0,0.0,0.0
0,imagenet,full,38,3.7274253002073755e-05,0.9650000000000001,0.965,0.2546360359986623,47,95.05173461907543,110.86675261682831,0.0,0.0,0.0
0,imagenet,full,39,3.6549747920794496e-05,0.9669999999999999,0.967,0.25451177620887755,47,92.80644413596019,108.95212979102507,0.0,0.0,0.0
0,imagenet,full,40,3.581290167949421e-05,0.9570000000000001,0.957,0.2532279493808746,47,94.06518368399702,109.90631071804091,0.0,0.0,0.0
0,imagenet,full,41,3.5064537241505625e-05,0.959,0.959,0.2543616337776184,47,94.69892639084719,110.90462123299949,0.0,0.0,0.0
0,imagenet,full,42,3.4305490434519064e-05,0.96,0.96,0.25363863865534464,47,95.09996023098938,111.25682457606308,0.0,0.0,0.0
0,imagenet,full,43,3.353660901706944e-05,0.959,0.959,0.2522650366624196,47,95.56611959985457,111.64486800902523,0.0,0.0,0.0
0,imagenet,full,44,3.2758751731698036e-05,0.9600000000000002,0.96,0.2526592485109965,47,94.95340864500031,111.21429812419228,0.0,0.0,0.0
0,imagenet,full,45,3.197278734584651e-05,0.966,0.966,0.253471031109492,47,94.43995833699591,110.92255606595427,0.0,0.0,0.0
0,imagenet,full,46,3.1179593681554446e-05,0.969,0.969,0.25312795464197796,47,95.6736596180126,111.92257386888377,0.0,0.0,0.0
0,imagenet,full,47,3.0380056635043986e-05,0.9649999999999999,0.965,0.2523575174808502,47,95.40086566493846,111.61869315383956,0.0,0.0,0.0
0,imagenet,full,48,2.9575069187286692e-05,0.961,0.961,0.251933004061381,47,94.60274428781122,111.06976250000298,0.0,0.0,0.0
0,imagenet,full,49,2.876553040665759e-05,0.959,0.959,0.2532932002544403,47,94.39373272820376,110.4447180700954,0.0,0.0,0.0
0,imagenet,full,50,2.7952344444790415e-05,0.9640000000000001,0.964,0.2524166804154714,47,95.04946746001951,121.6408306080848,0.0,0.0,0.0
0,imagenet,full,51,2.7136419526755484e-05,0.9640000000000001,0.964,0.25368020208676656,47,94.72476347908378,110.95312718604691,0.0,0.0,0.0
0,imagenet,full,52,2.631866693668803e-05,0.9649999999999999,0.965,0.2520283749103546,47,95.43487301189452,111.64909098786302,0.0,0.0,0.0
0,imagenet,full,53,2.5500000000000003e-05,0.9630000000000001,0.963,0.2524597040017446,47,95.29317117203027,111.6453749819193,0.0,0.0,0.0
0,imagenet,full,54,2.4681333063311983e-05,0.9559999999999998,0.956,0.2522952562967936,47,95.34240951086394,111.4903794489801,0.0,0.0,0.0
0,imagenet,full,55,2.3863580473244526e-05,0.962,0.962,0.2526339033444723,47,94.44963487586938,110.67298317397945,0.0,0.0,0.0
0,imagenet,full,56,2.3047655555209592e-05,0.9560000000000001,0.956,0.2521160352230072,47,94.41706980206072,110.7563053749036,0.0,0.0,0.0
0,imagenet,full,57,2.223446959334243e-05,0.9560000000000001,0.956,0.2522393366495768,47,94.9074757869821,110.87884776899591,0.0,0.0,0.0
0,imagenet,full,58,2.1424930812713318e-05,0.962,0.962,0.2525688292980194,47,94.96660499786958,111.3364707059227,0.0,0.0,0.0
0,imagenet,full,59,2.0619943364956024e-05,0.959,0.959,0.2528426842689514,47,94.95945171196945,111.26869740104303,0.0,0.0,0.0
0,imagenet,full,60,1.9820406318445557e-05,0.9620000000000001,0.962,0.25141760063171387,47,94.76537281088531,110.93486944492906,0.0,0.0,0.0
0,imagenet,full,61,1.9027212654153495e-05,0.9630000000000001,0.963,0.2522827130953471,47,94.67394832894206,110.74373115994968,0.0,0.0,0.0
0,imagenet,full,62,1.824124826830197e-05,0.961,0.961,0.25231278912226357,46,95.33807576494291,111.43703923909925,0.0,0.0,0.0
0,imagenet,full,63,1.746339098293056e-05,0.9609999999999997,0.961,0.25255492417017616,47,95.26398070412688,111.69357019499876,0.0,0.0,0.0
0,imagenet,full,64,1.6694509565480943e-05,0.9639999999999999,0.964,0.2527959849834442,47,96.01038098987192,112.45746710314415,0.0,0.0,0.0
0,imagenet,full,65,1.593546275849438e-05,0.967,0.967,0.2519202957948049,47,96.23217438999563,112.5598393639084,0.0,0.0,0.0
0,imagenet,full,66,1.5187098320505799e-05,0.9640000000000001,0.964,0.2517147871653239,47,97.09168707206845,113.56743335700594,0.0,0.0,0.0
0,imagenet,full,67,1.4450252079205502e-05,0.967,0.967,0.25126919134457903,47,96.82128465501592,113.13295198301785,0.0,0.0,0.0
0,imagenet,full,68,1.372574699792625e-05,0.969,0.969,0.25177258435885114,47,96.1731304989662,112.79742966080084,0.0,0.0,0.0
0,imagenet,full,69,1.3014392256498022e-05,0.9650000000000001,0.965,0.2514974888165792,47,96.82577453111298,113.19137897808105,0.0,0.0,0.0
0,imagenet,full,70,1.2316982347497372e-05,0.967,0.967,0.2516224863529205,47,96.97527637402527,113.53417408792302,0.0,0.0,0.0
0,imagenet,full,71,1.1634296188900416e-05,0.9690000000000001,0.969,0.2511608924070994,47,96.7297783580143,113.15092755085789,0.0,0.0,0.0
0,imagenet,full,72,1.0967096254130799e-05,0.966,0.966,0.2515162436962128,47,95.77355505502783,112.39264530315995,0.0,0.0,0.0
0,imagenet,full,73,1.0316127720474006e-05,0.966,0.966,0.25190437388420106,47,95.5066222960595,111.89710721909069,0.0,0.0,0.0
0,imagenet,full,74,9.682117636809343e-06,0.9629999999999999,0.963,0.2526488978068034,46,96.09068273101002,112.65437185601331,0.0,0.0,0.0
0,imagenet,full,75,9.065774111589031e-06,0.966,0.966,0.25108256316184996,47,96.17831536312588,119.92814977001399,0.0,0.0,0.0
0,imagenet,full,76,8.467785521971265e-06,0.966,0.966,0.25130637017885843,47,95.63041529408656,111.95258757588454,0.0,0.0,0.0
0,imagenet,full,77,7.888819744990736e-06,0.966,0.966,0.25196156978607176,47,96.02043563406914,112.63161766598932,0.0,0.0,0.0
0,imagenet,full,78,7.329523411625039e-06,0.968,0.968,0.2515528933207194,47,96.24133953102864,112.64967766194604,0.0,0.0,0.0
0,imagenet,full,79,6.790521184590367e-06,0.9650000000000001,0.965,0.25113620138168335,47,95.000099808909,111.302765697008,0.0,0.0,0.0
0,imagenet,full,80,6.272415060672806e-06,0.9650000000000001,0.965,0.2513501416047414,47,95.04621866205707,111.04206533986144,0.0,0.0,0.0
0,imagenet,full,81,5.77578369837471e-06,0.967,0.967,0.25280766598383586,47,94.63269898993894,110.75511612510309,0.0,0.0,0.0
0,imagenet,full,82,5.301181771626878e-06,0.966,0.966,0.2510680255889893,47,94.22933945292607,110.66248332802206,0.0,0.0,0.0
0,imagenet,full,83,4.849139350288474e-06,0.968,0.968,0.2518326618671417,47,95.47519211098552,111.68354593100958,0.0,0.0,0.0
0,imagenet,full,84,4.420161308126591e-06,0.969,0.969,0.2511316352685293,47,95.0487462519668,111.33454885217361,0.0,0.0,0.0
0,imagenet,full,85,4.014726758936549e-06,0.968,0.968,0.25111791292826335,47,94.86708069685847,111.13694393006153,0.0,0.0,0.0
0,imagenet,full,86,3.6332885214329124e-06,0.968,0.968,0.25149762058258057,47,94.35038234805688,110.59655368304811,0.0,0.0,0.0
0,imagenet,full,87,3.2762726135086534e-06,0.968,0.968,0.25253954871495565,47,94.67923339712434,110.66196294501424,0.0,0.0,0.0
0,imagenet,full,88,2.9440777764274926e-06,0.968,0.968,0.2511783018906911,47,94.20777959702536,110.34004838205874,0.0,0.0,0.0
0,imagenet,full,89,2.6370750294807374e-06,0.966,0.966,0.25153405777613325,47,94.15348783414811,110.34871389600448,0.0,0.0,0.0
0,imagenet,full,90,2.3556072556059925e-06,0.966,0.966,0.2510741901397705,47,94.79975307104178,110.64519904693589,0.0,0.0,0.0
0,imagenet,full,91,2.0999888184306456e-06,0.967,0.967,0.25159658964474996,47,95.16729090199806,111.4347722500097,0.0,0.0,0.0
0,imagenet,full,92,1.8705052111677768e-06,0.967,0.967,0.2514771597385406,47,95.98894341802225,112.06738053192385,0.0,0.0,0.0
0,imagenet,full,93,1.6674127377565921e-06,0.967,0.967,0.2509696711699168,47,94.86936412588693,111.13405410200357,0.0,0.0,0.0
0,imagenet,full,94,1.4909382266036246e-06,0.967,0.967,0.2514360515276591,47,95.15882792603225,111.39633024088107,0.0,0.0,0.0
0,imagenet,full,95,1.3412787772443001e-06,0.966,0.966,0.25264720678329466,47,94.8716024060268,111.29959544702433,0.0,0.0,0.0
0,imagenet,full,96,1.2186015402078894e-06,0.966,0.966,0.2513704284032186,47,94.66115603712387,110.66694491286762,0.0,0.0,0.0
0,imagenet,full,97,1.1230435303316486e-06,0.967,0.967,0.25159139545758563,47,95.36742311995476,111.49666651990265,0.0,0.0,0.0
0,imagenet,full,98,1.0547114737327475e-06,0.967,0.967,0.2513481650352478,47,94.81075771688484,111.14938764111139,0.0,0.0,0.0
0,imagenet,full,99,1.013681688608762e-06,0.967,0.967,0.2513208161195119,47,93.87895933398977,109.81409515603445,0.0,0.0,0.0
0,imagenet,full,100,1e-06,0.967,0.967,0.25099481002489726,47,94.35703344387002,118.73150010895915,0.0,0.0,0.0
0,imagenet,low_score_rescue_10,1,1e-05,0.756,0.756,1.790518077214559,47,99.06594434613362,115.59322112821974,10.0,0.6526666666666666,1.417
0,imagenet,low_score_rescue_10,2,2e-05,0.9369999999999997,0.937,0.8798482688268026,47,102.73126734001562,119.7791557868477,10.0,0.617,1.3451666666666666
0,imagenet,low_score_rescue_10,3,3.0000000000000004e-05,0.9570000000000001,0.957,0.4650938667456309,47,97.60381074808538,114.22543908189982,10.0,0.584,1.3308333333333333
0,imagenet,low_score_rescue_10,4,4e-05,0.9610000000000001,0.961,0.3699427275657654,47,97.90680399117991,114.25928314193152,10.0,0.602,1.3308333333333333
0,imagenet,low_score_rescue_10,5,5e-05,0.9620000000000001,0.962,0.32705506976445514,47,98.38576466287486,114.90901626320556,10.0,0.6326666666666667,1.3378333333333334
0,imagenet,low_score_rescue_10,6,5e-05,0.9640000000000001,0.964,0.30238326581319175,47,97.00289808795787,113.46936507779174,10.0,0.644,1.3221666666666667
0,imagenet,low_score_rescue_10,7,4.9986318311391235e-05,0.9620000000000001,0.962,0.2877267111937205,47,97.67766611510888,114.05092712608166,10.0,0.6528333333333334,1.3181666666666667
0,imagenet,low_score_rescue_10,8,4.994528852626726e-05,0.9670000000000002,0.967,0.2820096275011698,47,97.57689179806039,114.1781564168632,10.0,0.6535,1.3373333333333333
0,imagenet,low_score_rescue_10,9,4.987695646966835e-05,0.9599999999999997,0.96,0.27400801865259805,47,97.44344603293575,113.7694325640332,10.0,0.6793333333333333,1.3428333333333333
0,imagenet,low_score_rescue_10,10,4.9781398459792115e-05,0.9629999999999999,0.963,0.2736886154015859,47,99.09528766013682,123.76945516793057,10.0,0.6696666666666666,1.3436666666666666
0,imagenet,low_score_rescue_10,11,4.96587212227557e-05,0.9669999999999999,0.967,0.2685468898614248,47,98.39246214414015,114.70793563802727,10.0,0.6736666666666666,1.4076666666666666
0,imagenet,low_score_rescue_10,12,4.950906177339638e-05,0.961,0.961,0.2678246778647105,47,99.11648677312769,115.73633031593636,10.0,0.6551666666666667,1.3595
0,imagenet,low_score_rescue_10,13,4.9332587262243413e-05,0.969,0.969,0.26500086895624797,47,99.77212604298256,116.40885759005323,10.0,0.714,1.4228333333333334
0,imagenet,low_score_rescue_10,14,4.912949478883223e-05,0.966,0.966,0.26638497471809386,47,98.58830010611564,115.0205563660711,10.0,0.712,1.3941666666666668
0,imagenet,low_score_rescue_10,15,4.890001118156936e-05,0.9640000000000001,0.964,0.2652595869700114,47,98.20303256181069,114.72718895506114,10.0,0.706,1.3395
0,imagenet,low_score_rescue_10,16,4.864439274439401e-05,0.967,0.967,0.263036328236262,47,99.46536738192663,116.21956538688391,10.0,0.6643333333333333,1.3593333333333333
0,imagenet,low_score_rescue_10,17,4.836292497051926e-05,0.9649999999999999,0.965,0.26296206084887186,47,98.49671972496435,114.81085861008614,10.0,0.6776666666666666,1.4465
0,imagenet,low_score_rescue_10,18,4.8055922223572505e-05,0.966,0.966,0.2614775653680166,47,98.51492591877468,114.97175479307771,10.0,0.7026666666666667,1.4406666666666668
0,imagenet,low_score_rescue_10,19,4.7723727386491355e-05,0.9659999999999999,0.966,0.260570321559906,47,99.28863740619272,115.48904460901394,10.0,0.665,1.3803333333333334
0,imagenet,low_score_rescue_10,20,4.7366711478567095e-05,0.967,0.967,0.2607307296593984,47,98.51346529298462,114.8870143678505,10.0,0.6388333333333334,1.3478333333333334
0,imagenet,low_score_rescue_10,21,4.6985273241063454e-05,0.9650000000000001,0.965,0.25939498019218443,47,97.38640855508856,113.92592530604452,10.0,0.6633333333333333,1.3391666666666666
0,imagenet,low_score_rescue_10,22,4.657983869187342e-05,0.967,0.967,0.259891547759374,47,98.01157120708376,114.90241163107567,10.0,0.6888333333333333,1.3645
0,imagenet,low_score_rescue_10,23,4.615086064971153e-05,0.9639999999999999,0.964,0.2596541539033254,47,98.1682366959285,114.48644504207186,10.0,0.6576666666666666,1.4025
0,imagenet,low_score_rescue_10,24,4.5698818228373126e-05,0.959,0.959,0.26240270129839577,47,99.3690068111755,115.7414897591807,10.0,0.6933333333333334,1.3938333333333333
0,imagenet,low_score_rescue_10,25,4.522421630162529e-05,0.9570000000000001,0.957,0.2600052865346273,47,98.67298980802298,123.10764015791938,10.0,0.6926666666666667,1.395
0,imagenet,low_score_rescue_10,26,4.4727584939327193e-05,0.9649999999999999,0.965,0.2599576528867086,47,98.47494725184515,115.0368203020189,10.0,0.6991666666666667,1.3825
0,imagenet,low_score_rescue_10,27,4.420947881540964e-05,0.961,0.961,0.26236769843101504,47,98.29467169218697,114.71143303695135,10.0,0.7276666666666667,1.4186666666666667
0,imagenet,low_score_rescue_10,28,4.3670476588374966e-05,0.9540000000000001,0.954,0.25977378884951274,47,98.36739657190628,114.89172525005415,10.0,0.697,1.3815
0,imagenet,low_score_rescue_10,29,4.311118025500927e-05,0.9549999999999998,0.955,0.2605658085346222,47,98.67277039494365,115.11912125302479,10.0,0.6815,1.3173333333333332
0,imagenet,low_score_rescue_10,30,4.253221447802874e-05,0.961,0.961,0.2619157324632009,47,98.80958991101943,115.21625263104215,10.0,0.716,1.3833333333333333
0,imagenet,low_score_rescue_10,31,4.193422588841098e-05,0.962,0.962,0.26121943060557046,47,99.11984918708913,116.04995570983738,10.0,0.7105,1.3905
0,imagenet,low_score_rescue_10,32,4.1317882363190655e-05,0.962,0.962,0.25879769881566367,47,99.02442308911122,116.11132109491155,10.0,0.6965,1.3898333333333333
0,imagenet,low_score_rescue_10,33,4.0683872279526e-05,0.9639999999999999,0.964,0.25991152548789975,47,100.1801142420154,116.77701186598279,10.0,0.6908333333333333,1.3696666666666666
0,imagenet,low_score_rescue_10,34,4.00329037458692e-05,0.9559999999999998,0.956,0.258132030804952,47,99.02541757700965,115.4669239888899,10.0,0.6918333333333333,1.3665
0,imagenet,low_score_rescue_10,35,3.936570381109958e-05,0.9640000000000001,0.964,0.25848607818285624,47,99.80615702294745,116.85110672097653,10.0,0.6996666666666667,1.3571666666666666
0,imagenet,low_score_rescue_10,36,3.868301765250263e-05,0.966,0.966,0.2554263023535411,47,99.40032373415306,116.15497637586668,10.0,0.6973333333333334,1.3968333333333334
0,imagenet,low_score_rescue_10,37,3.798560774350198e-05,0.9640000000000001,0.964,0.2576337529818217,47,99.51823270902969,116.36292726104148,10.0,0.6863333333333334,1.3431666666666666
0,imagenet,low_score_rescue_10,38,3.7274253002073755e-05,0.958,0.958,0.25948578548431395,47,100.51971878786571,117.33006454794668,10.0,0.6973333333333334,1.3625
0,imagenet,low_score_rescue_10,39,3.6549747920794496e-05,0.958,0.958,0.25807065471013385,47,99.69509019795805,116.73995680594817,10.0,0.6761666666666667,1.3378333333333334
0,imagenet,low_score_rescue_10,40,3.581290167949421e-05,0.9629999999999999,0.963,0.25591250085830686,47,98.56919797207229,115.05544578889385,10.0,0.6768333333333333,1.3233333333333333
0,imagenet,low_score_rescue_10,41,3.5064537241505625e-05,0.9640000000000001,0.964,0.2566835757096608,47,98.43735413486138,114.91038457094692,10.0,0.6751666666666667,1.3428333333333333
0,imagenet,low_score_rescue_10,42,3.4305490434519064e-05,0.9649999999999999,0.965,0.25773167943954467,47,99.17528743110597,115.30538235488348,10.0,0.6945,1.3831666666666667
0,imagenet,low_score_rescue_10,43,3.353660901706944e-05,0.962,0.962,0.258669975121816,47,99.17545229499228,115.8788123598788,10.0,0.7223333333333334,1.3671666666666666
0,imagenet,low_score_rescue_10,44,3.2758751731698036e-05,0.9629999999999999,0.963,0.2552056586742401,47,98.56082790787332,114.8452929079067,10.0,0.7086666666666667,1.3725
0,imagenet,low_score_rescue_10,45,3.197278734584651e-05,0.9620000000000001,0.962,0.25706430069605507,47,98.31827664002776,114.87850777781568,10.0,0.7141666666666666,1.3658333333333332
0,imagenet,low_score_rescue_10,46,3.1179593681554446e-05,0.9639999999999999,0.964,0.2570321159362793,47,99.69619090901688,116.09202665300108,10.0,0.7101666666666666,1.3988333333333334
0,imagenet,low_score_rescue_10,47,3.0380056635043986e-05,0.96,0.96,0.257225834608078,47,98.89867138699628,115.25807289686054,10.0,0.713,1.3735
0,imagenet,low_score_rescue_10,48,2.9575069187286692e-05,0.9629999999999999,0.963,0.2569699257214864,47,98.9877068339847,115.21939001814462,10.0,0.7106666666666667,1.4033333333333333
0,imagenet,low_score_rescue_10,49,2.876553040665759e-05,0.9650000000000001,0.965,0.2576922945181529,47,99.890393007081,116.46428766101599,10.0,0.6975,1.3938333333333333
0,imagenet,low_score_rescue_10,50,2.7952344444790415e-05,0.9629999999999999,0.963,0.2584553599357605,47,100.57285140408203,125.66369541198947,10.0,0.6913333333333334,1.407
0,imagenet,low_score_rescue_10,51,2.7136419526755484e-05,0.962,0.962,0.25628615013758343,47,99.04537829104811,115.65745057491586,10.0,0.6973333333333334,1.3955
0,imagenet,low_score_rescue_10,52,2.631866693668803e-05,0.9620000000000001,0.962,0.2585182245572408,47,99.09413019008934,115.96496967691928,10.0,0.6953333333333334,1.3626666666666667
0,imagenet,low_score_rescue_10,53,2.5500000000000003e-05,0.968,0.968,0.2558434003194173,47,98.9196665151976,115.62034933501855,10.0,0.6785,1.3583333333333334
0,imagenet,low_score_rescue_10,54,2.4681333063311983e-05,0.969,0.969,0.2570976915359497,47,99.7487735170871,116.48574324697256,10.0,0.676,1.393
0,imagenet,low_score_rescue_10,55,2.3863580473244526e-05,0.967,0.967,0.25756755797068276,47,100.58724952512421,117.3260304541327,10.0,0.6878333333333333,1.3476666666666666
0,imagenet,low_score_rescue_10,56,2.3047655555209592e-05,0.9639999999999999,0.964,0.25632203817367555,47,101.2468589709606,117.82779150083661,10.0,0.6853333333333333,1.3563333333333334
0,imagenet,low_score_rescue_10,57,2.223446959334243e-05,0.967,0.967,0.2568444607257843,47,101.85119737894274,118.23241640208289,10.0,0.673,1.3481666666666667
0,imagenet,low_score_rescue_10,58,2.1424930812713318e-05,0.967,0.967,0.2556689948240916,47,99.75064298394136,116.67417758097872,10.0,0.6751666666666667,1.355
0,imagenet,low_score_rescue_10,59,2.0619943364956024e-05,0.9659999999999999,0.966,0.256795286655426,47,99.5627935489174,116.18301412393339,10.0,0.6816666666666666,1.3813333333333333
0,imagenet,low_score_rescue_10,60,1.9820406318445557e-05,0.9669999999999999,0.967,0.25510448892911275,47,100.92939950106665,117.65316017414443,10.0,0.6933333333333334,1.4013333333333333
0,imagenet,low_score_rescue_10,61,1.9027212654153495e-05,0.968,0.968,0.2554421540896098,47,100.55393754295073,117.08030419005081,10.0,0.702,1.3853333333333333
0,imagenet,low_score_rescue_10,62,1.824124826830197e-05,0.967,0.967,0.2565389597415924,47,100.07048685592599,116.90818868507631,10.0,0.7096666666666667,1.4015
0,imagenet,low_score_rescue_10,63,1.746339098293056e-05,0.9680000000000002,0.968,0.2561180500984192,47,100.6459450609982,117.42350849509239,10.0,0.6996666666666667,1.409
0,imagenet,low_score_rescue_10,64,1.6694509565480943e-05,0.9640000000000001,0.964,0.25544627475738524,47,100.5757178789936,117.1040427738335,10.0,0.7086666666666667,1.3645
0,imagenet,low_score_rescue_10,65,1.593546275849438e-05,0.9659999999999999,0.966,0.2565513107776642,47,99.51117013394833,116.22059142100625,10.0,0.6993333333333334,1.373
0,imagenet,low_score_rescue_10,66,1.5187098320505799e-05,0.9670000000000002,0.967,0.25638360039393104,47,102.32725053094327,119.2297571550589,10.0,0.6943333333333334,1.3741666666666668
0,imagenet,low_score_rescue_10,67,1.4450252079205502e-05,0.9640000000000001,0.964,0.25548225522041323,47,100.3999297649134,117.02841628296301,10.0,0.6926666666666667,1.4038333333333333
0,imagenet,low_score_rescue_10,68,1.372574699792625e-05,0.968,0.968,0.2571238739490509,47,99.96476112189703,116.56992184184492,10.0,0.7145,1.387
0,imagenet,low_score_rescue_10,69,1.3014392256498022e-05,0.9640000000000001,0.964,0.25620396820704144,47,99.59244354302064,116.3972904579714,10.0,0.715,1.4215
0,imagenet,low_score_rescue_10,70,1.2316982347497372e-05,0.9669999999999999,0.967,0.25695267009735107,47,99.84581509791315,116.45787309599109,10.0,0.7201666666666666,1.4246666666666667
0,imagenet,low_score_rescue_10,71,1.1634296188900416e-05,0.9640000000000001,0.964,0.2560541491508484,47,98.7769688658882,114.97189162392169,10.0,0.715,1.4363333333333332
0,imagenet,low_score_rescue_10,72,1.0967096254130799e-05,0.97,0.97,0.25587236539522806,47,98.9715968540404,115.58096519508399,10.0,0.7278333333333333,1.4258333333333333
0,imagenet,low_score_rescue_10,73,1.0316127720474006e-05,0.967,0.967,0.2582153407732646,47,98.81374656013213,115.27513033803552,10.0,0.7266666666666667,1.41
0,imagenet,low_score_rescue_10,74,9.682117636809343e-06,0.9670000000000002,0.967,0.2579555717309316,47,100.11903008609079,116.50668059196323,10.0,0.709,1.419
0,imagenet,low_score_rescue_10,75,9.065774111589031e-06,0.9670000000000002,0.967,0.25594102303187055,47,98.11806280585006,122.96972558205016,10.0,0.7138333333333333,1.4136666666666666
0,imagenet,low_score_rescue_10,76,8.467785521971265e-06,0.9690000000000001,0.969,0.2560220405260722,47,98.38302248599939,114.9927677710075,10.0,0.7118333333333333,1.3981666666666666
0,imagenet,low_score_rescue_10,77,7.888819744990736e-06,0.9690000000000001,0.969,0.25520770756403605,47,100.78554335795343,117.30453962902538,10.0,0.715,1.3746666666666667
0,imagenet,low_score_rescue_10,78,7.329523411625039e-06,0.967,0.967,0.25633891956011456,47,99.00904998905025,115.38372196489945,10.0,0.706,1.3793333333333333
0,imagenet,low_score_rescue_10,79,6.790521184590367e-06,0.968,0.968,0.2567429047425588,47,98.34698737505823,115.06031980598345,10.0,0.7011666666666667,1.3811666666666667
0,imagenet,low_score_rescue_10,80,6.272415060672806e-06,0.967,0.967,0.25759382899602257,47,99.3341348588001,115.65223280293867,10.0,0.7031666666666667,1.3888333333333334
0,imagenet,low_score_rescue_10,81,5.77578369837471e-06,0.9710000000000001,0.971,0.2568759004275004,47,99.1322056169156,115.43661353900097,10.0,0.7211666666666666,1.4105
0,imagenet,low_score_rescue_10,82,5.301181771626878e-06,0.9710000000000001,0.971,0.25610076904296875,47,99.15426127007231,115.51341576105915,10.0,0.7068333333333333,1.423
0,imagenet,low_score_rescue_10,83,4.849139350288474e-06,0.9710000000000001,0.971,0.25562670596440634,47,99.15383759513497,115.67650310392492,10.0,0.7066666666666667,1.4096666666666666
0,imagenet,low_score_rescue_10,84,4.420161308126591e-06,0.9670000000000002,0.967,0.25606373230616253,47,99.9939170689322,116.2565931759309,10.0,0.695,1.4143333333333334
0,imagenet,low_score_rescue_10,85,4.014726758936549e-06,0.968,0.968,0.2556925400892893,47,99.77027097786777,116.65108799515292,10.0,0.7085,1.3885
0,imagenet,low_score_rescue_10,86,3.6332885214329124e-06,0.9690000000000001,0.969,0.2556425693829854,47,99.37732799816877,115.74616083898582,10.0,0.7013333333333334,1.3916666666666666
0,imagenet,low_score_rescue_10,87,3.2762726135086534e-06,0.9690000000000001,0.969,0.25528942195574444,47,98.72979899705388,115.18534695915878,10.0,0.6996666666666667,1.392
0,imagenet,low_score_rescue_10,88,2.9440777764274926e-06,0.9690000000000001,0.969,0.25573915855089824,47,100.16449505393393,117.16796848806553,10.0,0.7066666666666667,1.3751666666666666
0,imagenet,low_score_rescue_10,89,2.6370750294807374e-06,0.967,0.967,0.25592937048276265,47,99.47088976111263,116.65081418002956,10.0,0.7113333333333334,1.376
0,imagenet,low_score_rescue_10,90,2.3556072556059925e-06,0.9700000000000001,0.97,0.2567990282376607,47,101.28203607304022,118.28956065094098,10.0,0.715,1.3753333333333333
0,imagenet,low_score_rescue_10,91,2.0999888184306456e-06,0.969,0.969,0.2561776297887166,47,99.76723669818603,115.85634537995793,10.0,0.7155,1.3991666666666667
0,imagenet,low_score_rescue_10,92,1.8705052111677768e-06,0.9700000000000001,0.97,0.2553799460728963,47,98.83949616993777,115.15182036510669,10.0,0.7078333333333333,1.3791666666666667
0,imagenet,low_score_rescue_10,93,1.6674127377565921e-06,0.9700000000000001,0.97,0.25535955794652304,47,99.10862642899156,115.53353540692478,10.0,0.7053333333333334,1.384
0,imagenet,low_score_rescue_10,94,1.4909382266036246e-06,0.9680000000000002,0.968,0.25466833798090616,47,99.14103517588228,115.75123973796144,10.0,0.7196666666666667,1.377
0,imagenet,low_score_rescue_10,95,1.3412787772443001e-06,0.9680000000000002,0.968,0.2567763020992279,47,98.25249769398943,114.94907784298994,10.0,0.704,1.3738333333333332
0,imagenet,low_score_rescue_10,96,1.2186015402078894e-06,0.9690000000000001,0.969,0.2545223237673442,47,97.79405580693856,114.04614361003041,10.0,0.71,1.3905
0,imagenet,low_score_rescue_10,97,1.1230435303316486e-06,0.9690000000000001,0.969,0.25504833777745567,47,98.02392340893857,114.33313486794941,10.0,0.6986666666666667,1.3741666666666668
0,imagenet,low_score_rescue_10,98,1.0547114737327475e-06,0.9690000000000001,0.969,0.2558508545557658,47,97.31956986989826,114.01288157794625,10.0,0.7101666666666666,1.3845
0,imagenet,low_score_rescue_10,99,1.013681688608762e-06,0.9690000000000001,0.969,0.2548716266155243,47,100.01232069195248,116.29094040603377,10.0,0.7055,1.387
0,imagenet,low_score_rescue_10,100,1e-06,0.9700000000000001,0.97,0.25568724219004313,47,99.42605552193709,123.38401198503561,10.0,0.7035,1.3606666666666667
0,imagenet,random,1,1e-05,0.7550000000000001,0.755,1.7793272097905477,47,95.79070981102996,111.85718732490204,0.0,3.1595,14.250333333333334
0,imagenet,random,2,2e-05,0.9359999999999999,0.936,0.8761033984820048,47,97.3638485991396,114.28692860598676,0.0,2.9941666666666666,14.4615
0,imagenet,random,3,3.0000000000000004e-05,0.958,0.958,0.4692558571497599,47,93.23628029017709,109.54659136105329,0.0,2.8726666666666665,14.589666666666666
0,imagenet,random,4,4e-05,0.959,0.959,0.3867130546569824,47,92.83295940188691,109.17356412112713,0.0,2.9608333333333334,14.487833333333333
0,imagenet,random,5,5e-05,0.969,0.969,0.3480371598402659,47,93.12270309496671,109.29076672112569,0.0,3.1,14.330666666666668
0,imagenet,random,6,5e-05,0.967,0.967,0.32792144362131753,47,93.81283986195922,109.93493702588603,0.0,3.14,14.2815
0,imagenet,random,7,4.9986318311391235e-05,0.9649999999999999,0.965,0.31821113848686217,47,93.61141245393082,109.55951756495051,0.0,3.2013333333333334,14.1925
0,imagenet,random,8,4.994528852626726e-05,0.968,0.968,0.3143399245738983,47,93.47801164491102,109.46426172484644,0.0,3.0881666666666665,14.398666666666667
0,imagenet,random,9,4.987695646966835e-05,0.9639999999999999,0.964,0.3071931931177775,47,93.40826543001458,109.70109409699216,0.0,3.2065,14.268333333333333
0,imagenet,random,10,4.9781398459792115e-05,0.967,0.967,0.3035777951876322,47,93.5402967990376,118.39018671098165,0.0,3.2516666666666665,14.264
0,imagenet,random,11,4.96587212227557e-05,0.96,0.96,0.3021240550676982,47,93.04989034379832,109.83774143108167,0.0,3.1936666666666667,14.252166666666668
0,imagenet,random,12,4.950906177339638e-05,0.9629999999999999,0.963,0.30134573523203534,47,93.57889320096001,109.83918314892799,0.0,3.1706666666666665,14.287166666666666
0,imagenet,random,13,4.9332587262243413e-05,0.9640000000000001,0.964,0.29820791800816854,47,93.254470217973,109.19175986107439,0.0,3.2001666666666666,14.1915
0,imagenet,random,14,4.912949478883223e-05,0.962,0.962,0.29267288422584536,47,93.53745041787624,109.8358178588096,0.0,3.2736666666666667,14.155666666666667
0,imagenet,random,15,4.890001118156936e-05,0.9620000000000001,0.962,0.29516313354174295,47,92.97106957994401,108.98318178090267,0.0,3.3101666666666665,14.1415
0,imagenet,random,16,4.864439274439401e-05,0.9550000000000001,0.955,0.2942890352408091,47,94.46489577693865,110.50799074699171,0.0,3.2603333333333335,14.1345
0,imagenet,random,17,4.836292497051926e-05,0.9620000000000001,0.962,0.29210095445315043,47,92.90468268399127,109.59734756289981,0.0,3.1616666666666666,14.3395
0,imagenet,random,18,4.8055922223572505e-05,0.9640000000000001,0.964,0.2933827283382416,47,93.78788043395616,109.97655054787174,0.0,3.2056666666666667,14.192833333333333
0,imagenet,random,19,4.7723727386491355e-05,0.9570000000000001,0.957,0.29162380695343015,47,92.6370081990026,108.9926794199273,0.0,3.2478333333333333,14.168333333333333
0,imagenet,random,20,4.7366711478567095e-05,0.966,0.966,0.2870470250447591,47,94.01649388787337,110.22070308285765,0.0,3.148,14.262
0,imagenet,random,21,4.6985273241063454e-05,0.9629999999999999,0.963,0.2963483335971832,47,94.0320876580663,110.5137349141296,0.0,3.1853333333333333,14.326666666666666
0,imagenet,random,22,4.657983869187342e-05,0.97,0.97,0.28916825143496194,47,93.5166224220302,109.75194084597751,0.0,3.1226666666666665,14.334
0,imagenet,random,23,4.615086064971153e-05,0.9559999999999998,0.956,0.2891514546871185,47,94.2038294179365,110.23970121401362,0.0,3.108833333333333,14.388333333333334
0,imagenet,random,24,4.5698818228373126e-05,0.958,0.958,0.2882357056935628,47,93.92822931404226,110.29378068493679,0.0,3.203,14.2795
0,imagenet,random,25,4.522421630162529e-05,0.9650000000000001,0.965,0.285110444466273,47,93.3738858490251,118.3244235899765,0.0,3.3515,14.101
0,imagenet,random,26,4.4727584939327193e-05,0.9630000000000001,0.963,0.2858048540751139,47,93.31356355594471,109.41349033988081,0.0,3.332666666666667,14.076666666666666
0,imagenet,random,27,4.420947881540964e-05,0.9690000000000001,0.969,0.29056646283467613,47,93.82467233599164,110.06704743788578,0.0,3.2878333333333334,14.148333333333333
0,imagenet,random,28,4.3670476588374966e-05,0.9580000000000002,0.958,0.2888787981669108,47,93.46411748905666,109.62691476102918,0.0,3.3933333333333335,14.094333333333333
0,imagenet,random,29,4.311118025500927e-05,0.958,0.958,0.2928819597562154,47,93.37898568902165,109.85824419697747,0.0,3.378833333333333,14.031833333333333
0,imagenet,random,30,4.253221447802874e-05,0.9629999999999999,0.963,0.28915029017130534,47,93.38817609706894,109.51639737491496,0.0,3.4466666666666668,14.012666666666666
0,imagenet,random,31,4.193422588841098e-05,0.9579999999999999,0.958,0.2849883207480113,47,93.02976357401349,109.25139781087637,0.0,3.3525,14.055166666666667
0,imagenet,random,32,4.1317882363190655e-05,0.9640000000000001,0.964,0.2887526539961497,47,93.6043911089655,109.86157364211977,0.0,3.4285,14.051166666666667
0,imagenet,random,33,4.0683872279526e-05,0.97,0.97,0.29211605779329936,47,94.1682595629245,110.37565349810757,0.0,3.4971666666666668,13.937166666666666
0,imagenet,random,34,4.00329037458692e-05,0.966,0.966,0.2883863404591878,47,93.95235016499646,110.29613320389763,0.0,3.4996666666666667,14.0045
0,imagenet,random,35,3.936570381109958e-05,0.969,0.969,0.2876827716032664,47,93.93591924896464,110.23827452491969,0.0,3.5356666666666667,13.89
0,imagenet,random,36,3.868301765250263e-05,0.966,0.966,0.28445562839508054,47,93.1963210129179,109.55812748009339,0.0,3.444,14.0045
0,imagenet,random,37,3.798560774350198e-05,0.968,0.968,0.28749215602874756,47,94.16732899984345,110.24439833289944,0.0,3.4048333333333334,14.033833333333334
0,imagenet,random,38,3.7274253002073755e-05,0.9629999999999999,0.963,0.287024471839269,47,93.86363884806633,110.2394539071247,0.0,3.453,13.976666666666667
0,imagenet,random,39,3.6549747920794496e-05,0.959,0.959,0.2865269820690155,47,93.24149392498657,109.49357433407567,0.0,3.5443333333333333,13.970166666666668
0,imagenet,random,40,3.581290167949421e-05,0.9649999999999999,0.965,0.2843287278016408,47,93.54453532607295,109.76742391218431,0.0,3.465333333333333,13.956333333333333
0,imagenet,random,41,3.5064537241505625e-05,0.962,0.962,0.2860724530220032,47,93.68537051812746,109.97696037706919,0.0,3.4976666666666665,13.939166666666667
0,imagenet,random,42,3.4305490434519064e-05,0.9570000000000001,0.957,0.2847482624053955,47,93.31100725685246,109.63197120698169,0.0,3.531833333333333,13.917
0,imagenet,random,43,3.353660901706944e-05,0.9569999999999999,0.957,0.2868643753528595,47,94.51405809097923,110.71236807503738,0.0,3.4526666666666666,13.9725
0,imagenet,random,44,3.2758751731698036e-05,0.968,0.968,0.2835374185244242,47,94.58164151315577,110.89759612083435,0.0,3.460166666666667,13.968333333333334
0,imagenet,random,45,3.197278734584651e-05,0.9710000000000001,0.971,0.28380272682507834,47,94.68854798190296,110.9160836848896,0.0,3.4541666666666666,13.990333333333334
0,imagenet,random,46,3.1179593681554446e-05,0.959,0.959,0.2832417476177216,47,94.5567506919615,111.04735604696907,0.0,3.416,14.053666666666667
0,imagenet,random,47,3.0380056635043986e-05,0.9629999999999999,0.963,0.2782514279683431,47,94.44847050006501,110.86577889393084,0.0,3.4815,13.968833333333333
0,imagenet,random,48,2.9575069187286692e-05,0.969,0.969,0.2856906196276347,47,93.67327343393117,109.69749907706864,0.0,3.4093333333333335,14.067666666666666
0,imagenet,random,49,2.876553040665759e-05,0.97,0.97,0.28684115489323936,47,93.46703677903861,109.89627158595249,0.0,3.4738333333333333,14.012166666666667
0,imagenet,random,50,2.7952344444790415e-05,0.9630000000000001,0.963,0.28379073762893675,47,95.03410365898162,119.19843932194635,0.0,3.457,14.014666666666667
0,imagenet,random,51,2.7136419526755484e-05,0.961,0.961,0.2841170476277669,47,95.04488394688815,111.22337066708133,0.0,3.4955,13.956
0,imagenet,random,52,2.631866693668803e-05,0.96,0.96,0.2859759112199148,47,94.13471882720478,110.30174508783966,0.0,3.4795,13.910166666666667
0,imagenet,random,53,2.5500000000000003e-05,0.9620000000000001,0.962,0.2817530565261841,47,93.75575976911932,110.1818606320303,0.0,3.393,13.999833333333333
0,imagenet,random,54,2.4681333063311983e-05,0.9690000000000001,0.969,0.2864213644663493,47,94.47512229904532,110.82797258882783,0.0,3.391,14.0505
0,imagenet,random,55,2.3863580473244526e-05,0.9630000000000001,0.963,0.28880870016415916,47,93.92567206989042,110.16362703894265,0.0,3.374833333333333,14.045
0,imagenet,random,56,2.3047655555209592e-05,0.962,0.962,0.28181863522529604,47,94.83315194584429,110.86593365995213,0.0,3.4151666666666665,14.033333333333333
0,imagenet,random,57,2.223446959334243e-05,0.967,0.967,0.2852306982676188,47,94.50961828394793,111.14638821501285,0.0,3.3806666666666665,14.1
0,imagenet,random,58,2.1424930812713318e-05,0.9649999999999999,0.965,0.28492567960421245,47,93.85039027011953,110.31121290288866,0.0,3.4015,14.071
0,imagenet,random,59,2.0619943364956024e-05,0.969,0.969,0.284613379240036,47,93.5574744741898,110.23357884096913,0.0,3.4218333333333333,14.027333333333333
0,imagenet,random,60,1.9820406318445557e-05,0.9709999999999999,0.971,0.2813316315015157,47,93.86069944989868,110.24736080598086,0.0,3.4233333333333333,14.008333333333333
0,imagenet,random,61,1.9027212654153495e-05,0.968,0.968,0.2818256130218506,47,94.0209462591447,110.75613848003559,0.0,3.4473333333333334,13.979
0,imagenet,random,62,1.824124826830197e-05,0.968,0.968,0.2842563892205556,47,94.15076890494674,110.5867092628032,0.0,3.3508333333333336,14.090333333333334
0,imagenet,random,63,1.746339098293056e-05,0.9690000000000001,0.969,0.28141798615455627,47,95.08000518311746,112.10663267294876,0.0,3.3943333333333334,14.089
0,imagenet,random,64,1.6694509565480943e-05,0.97,0.97,0.27809356355667114,47,95.12049958785065,111.53925472288392,0.0,3.3411666666666666,14.084
0,imagenet,random,65,1.593546275849438e-05,0.9710000000000001,0.971,0.2771129736105601,47,95.28081182413734,112.10925691691227,0.0,3.3701666666666665,14.067
0,imagenet,random,66,1.5187098320505799e-05,0.967,0.967,0.28345681953430174,47,95.66293137194589,112.24512006808072,0.0,3.3945,14.070833333333333
0,imagenet,random,67,1.4450252079205502e-05,0.967,0.967,0.28270704261461893,47,94.94738565408625,111.52859895909205,0.0,3.3968333333333334,14.107833333333334
0,imagenet,random,68,1.372574699792625e-05,0.968,0.968,0.28308808692296344,47,94.90182578586973,111.5373161539901,0.0,3.405666666666667,14.097166666666666
0,imagenet,random,69,1.3014392256498022e-05,0.968,0.968,0.2786432201067607,47,95.49796615703963,112.19443062599748,0.0,3.3905,14.093666666666667
0,imagenet,random,70,1.2316982347497372e-05,0.966,0.966,0.28366559704144795,47,95.26893571205437,111.70953476591967,0.0,3.4316666666666666,14.114833333333333
0,imagenet,random,71,1.1634296188900416e-05,0.966,0.966,0.2829662264188131,47,95.03549111192115,111.75715486402623,0.0,3.402,14.031
0,imagenet,random,72,1.0967096254130799e-05,0.9629999999999999,0.963,0.2862273774147034,47,95.33543987409212,111.7925645809155,0.0,3.4425,14.007333333333333
0,imagenet,random,73,1.0316127720474006e-05,0.9709999999999999,0.971,0.283234525124232,47,94.59735801699571,111.11626935401,0.0,3.4485,13.959
0,imagenet,random,74,9.682117636809343e-06,0.9669999999999999,0.967,0.28460208264986675,47,95.14974910696037,111.56685081403702,0.0,3.414,14.034333333333333
0,imagenet,random,75,9.065774111589031e-06,0.9690000000000001,0.969,0.27915674026807147,47,97.76171082700603,123.22408692911267,0.0,3.4516666666666667,13.997
0,imagenet,random,76,8.467785521971265e-06,0.968,0.968,0.28212693881988526,47,94.9147353109438,111.36791028804146,0.0,3.4478333333333335,13.9825
0,imagenet,random,77,7.888819744990736e-06,0.9690000000000001,0.969,0.28155659635861713,47,95.5101378459949,112.15180876594968,0.0,3.4471666666666665,13.987666666666666
0,imagenet,random,78,7.329523411625039e-06,0.9710000000000001,0.971,0.2799059626261393,47,95.95165355992503,112.22639039205387,0.0,3.4398333333333335,14.051833333333333
0,imagenet,random,79,6.790521184590367e-06,0.967,0.967,0.2828930415312449,47,95.50887468387373,112.1233560978435,0.0,3.464166666666667,13.9455
0,imagenet,random,80,6.272415060672806e-06,0.9690000000000001,0.969,0.2809896814028422,47,94.28286236198619,110.715987786185,0.0,3.4796666666666667,13.9685
0,imagenet,random,81,5.77578369837471e-06,0.968,0.968,0.2803803908030192,47,93.89635966112837,110.36900427006185,0.0,3.4316666666666666,14.026666666666667
0,imagenet,random,82,5.301181771626878e-06,0.969,0.969,0.28310998090108236,47,93.74864486302249,110.12856905697845,0.0,3.4286666666666665,14.046666666666667
0,imagenet,random,83,4.849139350288474e-06,0.97,0.97,0.2815064381758372,47,93.78577067004517,109.71106611192226,0.0,3.4365,13.9765
0,imagenet,random,84,4.420161308126591e-06,0.968,0.968,0.28134542822837827,47,93.00586721394211,109.43761408003047,0.0,3.4215,14.0185
0,imagenet,random,85,4.014726758936549e-06,0.9700000000000001,0.97,0.28143906633059185,47,92.81188503094018,109.13260908494703,0.0,3.4273333333333333,14.013166666666667
0,imagenet,random,86,3.6332885214329124e-06,0.966,0.966,0.28167324328422544,47,94.08543206308968,110.2869291678071,0.0,3.3901666666666666,14.032333333333334
0,imagenet,random,87,3.2762726135086534e-06,0.968,0.968,0.28415306711196897,47,93.26926665799692,109.54185015009716,0.0,3.426,14.0465
0,imagenet,random,88,2.9440777764274926e-06,0.97,0.97,0.28366853419939675,47,94.77451531705447,111.1968934899196,0.0,3.4498333333333333,14.048333333333334
0,imagenet,random,89,2.6370750294807374e-06,0.9669999999999999,0.967,0.27981345303853355,47,94.21696184598841,110.49736224487424,0.0,3.442,13.956166666666666
0,imagenet,random,90,2.3556072556059925e-06,0.967,0.967,0.2822186216513316,47,94.34177285502665,110.56529081310146,0.0,3.398,14.011666666666667
0,imagenet,random,91,2.0999888184306456e-06,0.9700000000000001,0.97,0.28436953139305116,47,93.05107677401975,109.18034107796848,0.0,3.4585,14.023833333333334
0,imagenet,random,92,1.8705052111677768e-06,0.967,0.967,0.28379438281059266,47,93.88068652595393,110.32299516792409,0.0,3.4383333333333335,14.010333333333334
0,imagenet,random,93,1.6674127377565921e-06,0.967,0.967,0.28468485569953916,47,94.35314049408771,110.5100037700031,0.0,3.4156666666666666,14.016833333333333
0,imagenet,random,94,1.4909382266036246e-06,0.9680000000000002,0.968,0.27881333176294965,47,93.3420115869958,109.36116422899067,0.0,3.47,13.945833333333333
0,imagenet,random,95,1.3412787772443001e-06,0.9690000000000001,0.969,0.2841007555325826,47,94.37916575698182,110.61494025681168,0.0,3.442833333333333,14.004
0,imagenet,random,96,1.2186015402078894e-06,0.9680000000000002,0.968,0.2821883603731791,47,93.76392960781232,110.05779063003138,0.0,3.4011666666666667,14.0555
0,imagenet,random,97,1.1230435303316486e-06,0.9700000000000001,0.97,0.2814366884231567,47,93.69288666197099,109.9065651788842,0.0,3.4298333333333333,13.970166666666668
0,imagenet,random,98,1.0547114737327475e-06,0.9710000000000001,0.971,0.2783207998275757,47,93.50914259604178,109.72038370999508,0.0,3.429,14.007666666666667
0,imagenet,random,99,1.013681688608762e-06,0.9700000000000001,0.97,0.28070441889762876,47,93.53965592407621,109.67629142920487,0.0,3.4505,14.006333333333334
0,imagenet,random,100,1e-06,0.968,0.968,0.28503625734647114,47,93.93022502399981,118.58936801785603,0.0,3.4323333333333332,14.003166666666667
0,imagenet,random_rescue_10,1,1e-05,0.7550000000000001,0.755,1.790064133644104,47,99.59476919192821,116.07384541095234,10.0,0.6515,2.9323333333333332
0,imagenet,random_rescue_10,2,2e-05,0.9359999999999999,0.936,0.8792411963144938,47,103.06080255098641,120.09888219996355,10.0,0.6108333333333333,2.942833333333333
0,imagenet,random_rescue_10,3,3.0000000000000004e-05,0.959,0.959,0.46588998881975807,47,97.12542572291568,114.0055992519483,10.0,0.5775,2.9795
0,imagenet,random_rescue_10,4,4e-05,0.9610000000000001,0.961,0.37122184912363687,47,98.5189858621452,115.11352009419352,10.0,0.6005,2.9671666666666665
0,imagenet,random_rescue_10,5,5e-05,0.9649999999999999,0.965,0.3289196996688843,47,97.18601709208451,113.46722450410016,10.0,0.614,2.938
0,imagenet,random_rescue_10,6,5e-05,0.9630000000000001,0.963,0.30133851210276286,47,98.4526819079183,114.95572770317085,10.0,0.6316666666666667,2.9313333333333333
0,imagenet,random_rescue_10,7,4.9986318311391235e-05,0.967,0.967,0.29088522505760195,47,97.49886211100966,113.85241009201854,10.0,0.6461666666666667,2.908333333333333
0,imagenet,random_rescue_10,8,4.994528852626726e-05,0.968,0.968,0.28172113505999247,47,98.29833348887041,114.65329728717916,10.0,0.6216666666666667,2.9323333333333332
0,imagenet,random_rescue_10,9,4.987695646966835e-05,0.9639999999999999,0.964,0.2769751416047414,47,97.6300898490008,114.22263315296732,10.0,0.6563333333333333,2.8998333333333335
0,imagenet,random_rescue_10,10,4.9781398459792115e-05,0.958,0.958,0.27553432234128317,47,98.37365963100456,122.77866499102674,10.0,0.6401666666666667,2.9086666666666665
0,imagenet,random_rescue_10,11,4.96587212227557e-05,0.9639999999999999,0.964,0.2724580944379171,47,99.55190216517076,115.9053222918883,10.0,0.6741666666666667,2.912166666666667
0,imagenet,random_rescue_10,12,4.950906177339638e-05,0.961,0.961,0.2680817329088847,47,98.66684007295407,115.0219973179046,10.0,0.6795,2.8678333333333335
0,imagenet,random_rescue_10,13,4.9332587262243413e-05,0.959,0.959,0.2679071356455485,47,98.53684549801983,115.27770776092075,10.0,0.6815,2.881
0,imagenet,random_rescue_10,14,4.912949478883223e-05,0.97,0.97,0.26597284944852195,47,98.17190807498991,114.97653003106825,10.0,0.686,2.8665
0,imagenet,random_rescue_10,15,4.890001118156936e-05,0.9629999999999999,0.963,0.2687770954767863,47,99.80172047181986,116.67480798787437,10.0,0.6983333333333334,2.8615
0,imagenet,random_rescue_10,16,4.864439274439401e-05,0.968,0.968,0.2640989838441213,47,99.00099280290306,115.21814671414904,10.0,0.7036666666666667,2.8393333333333333
0,imagenet,random_rescue_10,17,4.836292497051926e-05,0.966,0.966,0.26541492581367493,47,98.8964620588813,115.50108604505658,10.0,0.7328333333333333,2.8596666666666666
0,imagenet,random_rescue_10,18,4.8055922223572505e-05,0.968,0.968,0.2619601838588715,47,97.91863663611002,114.33883878402412,10.0,0.7468333333333333,2.8335
0,imagenet,random_rescue_10,19,4.7723727386491355e-05,0.962,0.962,0.2643007419904073,47,98.42504088301212,115.05562882497907,10.0,0.7515,2.828
0,imagenet,random_rescue_10,20,4.7366711478567095e-05,0.966,0.966,0.26228808697064715,47,99.71143647190183,116.27298783301376,10.0,0.7148333333333333,2.8308333333333335
0,imagenet,random_rescue_10,21,4.6985273241063454e-05,0.9629999999999999,0.963,0.26446600540479026,47,98.58449442894198,115.1112646041438,10.0,0.7236666666666667,2.8701666666666665
0,imagenet,random_rescue_10,22,4.657983869187342e-05,0.9569999999999999,0.957,0.2608629191716512,47,98.497997879982,114.80864062905312,10.0,0.717,2.8621666666666665
0,imagenet,random_rescue_10,23,4.615086064971153e-05,0.961,0.961,0.2578061596552531,47,98.46653073001653,114.9661385868676,10.0,0.7108333333333333,2.8466666666666667
0,imagenet,random_rescue_10,24,4.5698818228373126e-05,0.959,0.959,0.263378528992335,47,97.86155286082067,114.22892759693787,10.0,0.6955,2.856
0,imagenet,random_rescue_10,25,4.522421630162529e-05,0.96,0.96,0.25989465665817263,47,98.9863338090945,123.9405791182071,10.0,0.7213333333333334,2.8566666666666665
0,imagenet,random_rescue_10,26,4.4727584939327193e-05,0.9559999999999998,0.956,0.25901278122266136,47,98.79437701101415,115.29895468684845,10.0,0.7128333333333333,2.866833333333333
0,imagenet,random_rescue_10,27,4.420947881540964e-05,0.9550000000000001,0.955,0.2618448155721029,47,98.52240544604138,114.77041872800328,10.0,0.7191666666666666,2.83
0,imagenet,random_rescue_10,28,4.3670476588374966e-05,0.9610000000000001,0.961,0.26218481540679933,47,98.2590872689616,114.54870152892545,10.0,0.7186666666666667,2.8621666666666665
0,imagenet,random_rescue_10,29,4.311118025500927e-05,0.961,0.961,0.2614150081475576,47,97.96123382891528,114.9275411029812,10.0,0.7093333333333334,2.8451666666666666
0,imagenet,random_rescue_10,30,4.253221447802874e-05,0.9570000000000001,0.957,0.25993650102615357,47,98.66122234310023,115.25487723597325,10.0,0.7321666666666666,2.8208333333333333
0,imagenet,random_rescue_10,31,4.193422588841098e-05,0.9639999999999999,0.964,0.26245171602567036,47,98.91536967386492,115.8231450531166,10.0,0.7313333333333333,2.825
0,imagenet,random_rescue_10,32,4.1317882363190655e-05,0.958,0.958,0.2596465613047282,47,98.42121246899478,114.62656739796512,10.0,0.7155,2.8513333333333333
0,imagenet,random_rescue_10,33,4.0683872279526e-05,0.9640000000000001,0.964,0.2611742341518402,47,97.97528779297136,114.91485383710824,10.0,0.6728333333333333,2.851166666666667
0,imagenet,random_rescue_10,34,4.00329037458692e-05,0.9650000000000001,0.965,0.2603142351309458,47,99.3552115848288,115.82080665393732,10.0,0.694,2.835166666666667
0,imagenet,random_rescue_10,35,3.936570381109958e-05,0.959,0.959,0.25964422782262164,47,99.67448959709145,116.12534924200736,10.0,0.6985,2.8741666666666665
0,imagenet,random_rescue_10,36,3.868301765250263e-05,0.9549999999999998,0.955,0.25957395283381146,47,98.31617603288032,114.71401997515932,10.0,0.7085,2.8545
0,imagenet,random_rescue_10,37,3.798560774350198e-05,0.959,0.959,0.25920396876335144,47,98.92338574700989,115.34778404398821,10.0,0.7113333333333334,2.8495
0,imagenet,random_rescue_10,38,3.7274253002073755e-05,0.9659999999999999,0.966,0.25931104000409444,47,99.53309916285798,116.71494005993009,10.0,0.6805,2.913
0,imagenet,random_rescue_10,39,3.6549747920794496e-05,0.968,0.968,0.25758228079477946,47,99.50020056590438,115.93955454113893,10.0,0.6778333333333333,2.908
0,imagenet,random_rescue_10,40,3.581290167949421e-05,0.966,0.966,0.25752767904599505,47,98.99931643507443,115.7359219789505,10.0,0.6868333333333333,2.879
0,imagenet,random_rescue_10,41,3.5064537241505625e-05,0.9570000000000001,0.957,0.2588231479326884,47,98.7558332500048,115.12844350398518,10.0,0.6963333333333334,2.8565
0,imagenet,random_rescue_10,42,3.4305490434519064e-05,0.96,0.96,0.25962935797373454,47,98.46607182896696,115.08946755807847,10.0,0.7153333333333334,2.8386666666666667
0,imagenet,random_rescue_10,43,3.353660901706944e-05,0.9549999999999998,0.955,0.2584046676158905,47,99.08745629293844,115.90758852893487,10.0,0.73,2.8438333333333334
0,imagenet,random_rescue_10,44,3.2758751731698036e-05,0.9570000000000001,0.957,0.26062394229571023,47,99.81118495482951,116.56326990993693,10.0,0.7456666666666667,2.8173333333333335
0,imagenet,random_rescue_10,45,3.197278734584651e-05,0.958,0.958,0.2584600180784861,47,100.21760706300847,116.81514411303215,10.0,0.717,2.83
0,imagenet,random_rescue_10,46,3.1179593681554446e-05,0.961,0.961,0.25868942332267764,47,98.28489627898671,114.4813150272239,10.0,0.7301666666666666,2.8285
0,imagenet,random_rescue_10,47,3.0380056635043986e-05,0.9620000000000001,0.962,0.2565162917772929,47,99.16045151790604,115.66021939902566,10.0,0.7173333333333334,2.8285
0,imagenet,random_rescue_10,48,2.9575069187286692e-05,0.9650000000000001,0.965,0.25730489087104796,47,98.32995130703785,115.06433377182111,10.0,0.7016666666666667,2.864333333333333
0,imagenet,random_rescue_10,49,2.876553040665759e-05,0.9640000000000001,0.964,0.25828674658139544,47,98.37071492499672,115.03523213020526,10.0,0.727,2.8436666666666666
0,imagenet,random_rescue_10,50,2.7952344444790415e-05,0.959,0.959,0.26022495404879253,47,99.02776885800995,123.70753194601275,10.0,0.734,2.8295
0,imagenet,random_rescue_10,51,2.7136419526755484e-05,0.9599999999999997,0.96,0.2594812696774801,47,99.38955853600055,115.87362899095751,10.0,0.7225,2.8453333333333335
0,imagenet,random_rescue_10,52,2.631866693668803e-05,0.9600000000000002,0.96,0.26028412222862246,47,99.43442157888785,115.78432753193192,10.0,0.7301666666666666,2.831
0,imagenet,random_rescue_10,53,2.5500000000000003e-05,0.9669999999999999,0.967,0.2569026354153951,47,99.07616005302407,115.75497884699143,10.0,0.7161666666666666,2.855166666666667
0,imagenet,random_rescue_10,54,2.4681333063311983e-05,0.9650000000000001,0.965,0.25566126561164854,47,99.98632602789439,116.72921381681226,10.0,0.7215,2.8355
0,imagenet,random_rescue_10,55,2.3863580473244526e-05,0.962,0.962,0.256511177778244,47,99.65852965111844,116.20550585002638,10.0,0.7555,2.8375
0,imagenet,random_rescue_10,56,2.3047655555209592e-05,0.96,0.96,0.2569608198006948,47,99.78937539807521,116.52906814683229,10.0,0.7243333333333334,2.840333333333333
0,imagenet,random_rescue_10,57,2.223446959334243e-05,0.9640000000000001,0.964,0.2560967962741852,47,99.58213276602328,115.84680995508097,10.0,0.7221666666666666,2.8411666666666666
0,imagenet,random_rescue_10,58,2.1424930812713318e-05,0.9629999999999999,0.963,0.25724624705314636,47,100.18408657703549,116.99172413093038,10.0,0.7141666666666666,2.8433333333333333
0,imagenet,random_rescue_10,59,2.0619943364956024e-05,0.96,0.96,0.2583049488067627,47,101.61308931116946,118.33366051781923,10.0,0.7166666666666667,2.870833333333333
0,imagenet,random_rescue_10,60,1.9820406318445557e-05,0.9650000000000001,0.965,0.2569254734516144,47,100.69594095880166,117.06191855017096,10.0,0.7123333333333334,2.867166666666667
0,imagenet,random_rescue_10,61,1.9027212654153495e-05,0.9650000000000001,0.965,0.2579876912434896,47,100.11913159186952,117.13841794990003,10.0,0.7406666666666667,2.8255
0,imagenet,random_rescue_10,62,1.824124826830197e-05,0.96,0.96,0.25758133244514464,47,99.96765701309778,116.6265303620603,10.0,0.7213333333333334,2.8426666666666667
0,imagenet,random_rescue_10,63,1.746339098293056e-05,0.9590000000000002,0.959,0.256093435605367,47,100.81438781693578,117.70563986501656,10.0,0.7288333333333333,2.8381666666666665
0,imagenet,random_rescue_10,64,1.6694509565480943e-05,0.967,0.967,0.2561359453201294,47,99.73905188404024,116.50838072807528,10.0,0.7303333333333333,2.823
0,imagenet,random_rescue_10,65,1.593546275849438e-05,0.9639999999999999,0.964,0.25844228982925416,47,99.50717916688882,116.24502908997238,10.0,0.7248333333333333,2.843
0,imagenet,random_rescue_10,66,1.5187098320505799e-05,0.968,0.968,0.2553838744163513,47,99.51890131901018,116.06046987790614,10.0,0.7015,2.861666666666667
0,imagenet,random_rescue_10,67,1.4450252079205502e-05,0.966,0.966,0.2558518685499827,47,102.8341944210697,119.3154557980597,10.0,0.7296666666666667,2.860333333333333
0,imagenet,random_rescue_10,68,1.372574699792625e-05,0.9649999999999999,0.965,0.2574594945112864,47,100.46945623401552,117.04771170695312,10.0,0.7101666666666666,2.8773333333333335
0,imagenet,random_rescue_10,69,1.3014392256498022e-05,0.9650000000000001,0.965,0.25616326379776,47,100.45031834114343,117.21411967417225,10.0,0.6978333333333333,2.8245
0,imagenet,random_rescue_10,70,1.2316982347497372e-05,0.962,0.962,0.25720571653048196,47,99.57113197795115,116.14309566607699,10.0,0.6895,2.868
0,imagenet,random_rescue_10,71,1.1634296188900416e-05,0.961,0.961,0.25553130062421164,47,98.70529816206545,115.29860611492768,10.0,0.7083333333333334,2.839166666666667
0,imagenet,random_rescue_10,72,1.0967096254130799e-05,0.962,0.962,0.2565322542190552,47,99.51614824100398,116.13268210203387,10.0,0.7251666666666666,2.838
0,imagenet,random_rescue_10,73,1.0316127720474006e-05,0.961,0.961,0.25792347248395286,47,98.72717750491574,115.11303189303726,10.0,0.7163333333333334,2.8491666666666666
0,imagenet,random_rescue_10,74,9.682117636809343e-06,0.966,0.966,0.25786326464017234,47,98.72437909198925,115.45842703804374,10.0,0.7221666666666666,2.831166666666667
0,imagenet,random_rescue_10,75,9.065774111589031e-06,0.9649999999999999,0.965,0.2563316360314687,47,99.10775098693557,124.01917257392779,10.0,0.73,2.845666666666667
0,imagenet,random_rescue_10,76,8.467785521971265e-06,0.966,0.966,0.2565507437388102,47,98.51816861494444,114.70998437097296,10.0,0.719,2.8433333333333333
0,imagenet,random_rescue_10,77,7.888819744990736e-06,0.966,0.966,0.2568129641215007,47,99.04464777302928,115.88476256397553,10.0,0.717,2.8333333333333335
0,imagenet,random_rescue_10,78,7.329523411625039e-06,0.9640000000000001,0.964,0.2554392103354136,47,100.59701116592623,116.92422639997676,10.0,0.7155,2.8505
0,imagenet,random_rescue_10,79,6.790521184590367e-06,0.9650000000000001,0.965,0.2559155660470327,47,97.92458244599402,114.12872289586812,10.0,0.7008333333333333,2.8463333333333334
0,imagenet,random_rescue_10,80,6.272415060672806e-06,0.9650000000000001,0.965,0.2574072580337524,47,98.84066804894246,115.36057582101785,10.0,0.7173333333333334,2.859166666666667
0,imagenet,random_rescue_10,81,5.77578369837471e-06,0.9650000000000001,0.965,0.25660331225395205,47,98.69943665806204,115.21252941596322,10.0,0.7098333333333333,2.823
0,imagenet,random_rescue_10,82,5.301181771626878e-06,0.9650000000000001,0.965,0.2555676318804423,47,99.19010416907258,115.6243587071076,10.0,0.7181666666666666,2.8493333333333335
0,imagenet,random_rescue_10,83,4.849139350288474e-06,0.9650000000000001,0.965,0.25624041819572446,47,97.92678151116706,114.70601211907342,10.0,0.714,2.869
0,imagenet,random_rescue_10,84,4.420161308126591e-06,0.967,0.967,0.2569998913606008,47,98.59797577699646,115.1336499240715,10.0,0.7091666666666666,2.8648333333333333
0,imagenet,random_rescue_10,85,4.014726758936549e-06,0.9680000000000002,0.968,0.2555779319604238,47,99.16455354285426,115.61267239996232,10.0,0.7113333333333334,2.8308333333333335
0,imagenet,random_rescue_10,86,3.6332885214329124e-06,0.967,0.967,0.2563278040885925,47,100.18021255801432,116.47098755999468,10.0,0.6995,2.8813333333333335
0,imagenet,random_rescue_10,87,3.2762726135086534e-06,0.9650000000000001,0.965,0.25624706625938415,47,98.74635792709887,115.21272259601392,10.0,0.6976666666666667,2.847
0,imagenet,random_rescue_10,88,2.9440777764274926e-06,0.9650000000000001,0.965,0.25507248695691426,47,98.11500156112015,114.68098931806162,10.0,0.694,2.8635
0,imagenet,random_rescue_10,89,2.6370750294807374e-06,0.966,0.966,0.25585916892687477,47,99.00230011413805,115.3803626531735,10.0,0.7083333333333334,2.865
0,imagenet,random_rescue_10,90,2.3556072556059925e-06,0.966,0.966,0.25784434644381204,47,98.29808340477757,114.93552817194723,10.0,0.6895,2.8485
0,imagenet,random_rescue_10,91,2.0999888184306456e-06,0.967,0.967,0.2552715851465861,47,98.80295333592221,115.24680737406015,10.0,0.7135,2.8681666666666668
0,imagenet,random_rescue_10,92,1.8705052111677768e-06,0.967,0.967,0.254830447435379,47,99.8864659469109,116.35107153397985,10.0,0.704,2.8546666666666667
0,imagenet,random_rescue_10,93,1.6674127377565921e-06,0.967,0.967,0.25588936916987104,47,98.18007031688467,114.66424958198331,10.0,0.7055,2.858833333333333
0,imagenet,random_rescue_10,94,1.4909382266036246e-06,0.966,0.966,0.25612314001719155,47,98.62966565298848,115.12519617797807,10.0,0.6985,2.8621666666666665
0,imagenet,random_rescue_10,95,1.3412787772443001e-06,0.9650000000000001,0.965,0.25596083386739094,47,98.11963881598786,114.47497228183784,10.0,0.7141666666666666,2.852333333333333
0,imagenet,random_rescue_10,96,1.2186015402078894e-06,0.966,0.966,0.254797355890274,47,97.4618344111368,113.91536893509328,10.0,0.694,2.8605
0,imagenet,random_rescue_10,97,1.1230435303316486e-06,0.9650000000000001,0.965,0.2550321398576101,47,97.57731799199246,113.97081549395807,10.0,0.7151666666666666,2.8581666666666665
0,imagenet,random_rescue_10,98,1.0547114737327475e-06,0.966,0.966,0.2557361348470052,47,98.22489353804849,114.42614445998333,10.0,0.697,2.848333333333333
0,imagenet,random_rescue_10,99,1.013681688608762e-06,0.966,0.966,0.25588143650690715,47,98.58541926904581,115.16130243195221,10.0,0.6903333333333334,2.879
0,imagenet,random_rescue_10,100,1e-06,0.966,0.966,0.25522143236796063,47,98.0259561939165,122.69086027494632,10.0,0.7145,2.8398333333333334
0,imagenet,student,1,1e-05,0.7570000000000001,0.757,1.7906740341186524,47,96.32863551191986,112.6919137109071,0.0,0.0,0.0
0,imagenet,student,2,2e-05,0.9390000000000001,0.939,0.8811203053792318,47,92.4666882569436,109.4546316950582,0.0,0.0,0.0
0,imagenet,student,3,3.0000000000000004e-05,0.959,0.959,0.4644261004130046,47,92.51412930106744,108.64871053397655,0.0,0.0,0.0
0,imagenet,student,4,4e-05,0.961,0.961,0.36986637036005654,47,93.19189696898684,109.45362744294107,0.0,0.0,0.0
0,imagenet,student,5,5e-05,0.9620000000000001,0.962,0.3271873099009196,47,93.2205152020324,109.81364378496073,0.0,0.0,0.0
0,imagenet,student,6,5e-05,0.9640000000000001,0.964,0.3010758204460144,47,92.9598492749501,109.01073912903666,0.0,0.0,0.0
0,imagenet,student,7,4.9986318311391235e-05,0.966,0.966,0.28987825751304624,47,93.51093048602343,109.95548188406974,0.0,0.0,0.0
0,imagenet,student,8,4.994528852626726e-05,0.966,0.966,0.28375090344746906,47,93.44514153292403,109.65535763301887,0.0,0.0,0.0
0,imagenet,student,9,4.987695646966835e-05,0.9560000000000001,0.956,0.27612352641423543,47,92.48203489510342,108.69087783712894,0.0,0.0,0.0
0,imagenet,student,10,4.9781398459792115e-05,0.969,0.969,0.2743271338144938,47,93.26486563892104,117.25739271007478,0.0,0.0,0.0
0,imagenet,student,11,4.96587212227557e-05,0.962,0.962,0.27406669410069784,47,93.77457507885993,109.82322635198943,0.0,0.0,0.0
0,imagenet,student,12,4.950906177339638e-05,0.966,0.966,0.2685295294920603,47,94.592950591119,110.86327363015153,0.0,0.0,0.0
0,imagenet,student,13,4.9332587262243413e-05,0.959,0.959,0.26419551825523374,47,93.20696577290073,109.79691319703124,0.0,0.0,0.0
0,imagenet,student,14,4.912949478883223e-05,0.962,0.962,0.2651379315853119,47,93.31621987791732,109.4371572858654,0.0,0.0,0.0
0,imagenet,student,15,4.890001118156936e-05,0.9629999999999999,0.963,0.26423758308092754,47,94.15585004701279,110.62012654286809,0.0,0.0,0.0
0,imagenet,student,16,4.864439274439401e-05,0.9629999999999999,0.963,0.26468292220433554,47,94.6352538659703,110.7830501277931,0.0,0.0,0.0
0,imagenet,student,17,4.836292497051926e-05,0.9639999999999999,0.964,0.26372846190134686,47,93.5118146080058,109.82864063302986,0.0,0.0,0.0
0,imagenet,student,18,4.8055922223572505e-05,0.96,0.96,0.2598469069004059,47,94.13387634791434,110.29944177204743,0.0,0.0,0.0
0,imagenet,student,19,4.7723727386491355e-05,0.9550000000000001,0.955,0.2598824796676636,47,94.24280299805105,110.54401975986548,0.0,0.0,0.0
0,imagenet,student,20,4.7366711478567095e-05,0.967,0.967,0.2619848573207855,47,94.31707108789124,110.49793844786473,0.0,0.0,0.0
0,imagenet,student,21,4.6985273241063454e-05,0.959,0.959,0.2619080112775167,47,93.18603398906998,109.23712180601433,0.0,0.0,0.0
0,imagenet,student,22,4.657983869187342e-05,0.958,0.958,0.26236070783933,47,93.74685216206126,109.99982142285444,0.0,0.0,0.0
0,imagenet,student,23,4.615086064971153e-05,0.961,0.961,0.25939980204900104,47,94.0309579919558,110.22188804019243,0.0,0.0,0.0
0,imagenet,student,24,4.5698818228373126e-05,0.9560000000000001,0.956,0.263558101495107,47,92.98784451698884,109.22240542294458,0.0,0.0,0.0
0,imagenet,student,25,4.522421630162529e-05,0.9620000000000001,0.962,0.2604680670897166,47,93.40499431104399,118.27794821793213,0.0,0.0,0.0
0,imagenet,student,26,4.4727584939327193e-05,0.96,0.96,0.25977779340744017,47,93.53243036591448,110.02565354015678,0.0,0.0,0.0
0,imagenet,student,27,4.420947881540964e-05,0.954,0.954,0.26027701592445374,47,93.46884390804917,109.60386932315305,0.0,0.0,0.0
0,imagenet,student,28,4.3670476588374966e-05,0.9510000000000002,0.951,0.2624642579555512,47,93.04993194108829,109.27676812093705,0.0,0.0,0.0
0,imagenet,student,29,4.311118025500927e-05,0.9570000000000001,0.957,0.262690109093984,47,93.80274022603408,109.9735035689082,0.0,0.0,0.0
0,imagenet,student,30,4.253221447802874e-05,0.9600000000000002,0.96,0.25845330611864725,47,92.70123760704882,109.35100212693214,0.0,0.0,0.0
0,imagenet,student,31,4.193422588841098e-05,0.958,0.958,0.26033370049794513,47,92.89630838204175,109.11035339999944,0.0,0.0,0.0
0,imagenet,student,32,4.1317882363190655e-05,0.9620000000000001,0.962,0.2612112871011098,47,93.2320690669585,109.5809222329408,0.0,0.0,0.0
0,imagenet,student,33,4.0683872279526e-05,0.966,0.966,0.25901443195343016,47,93.22433853009716,109.37088877591304,0.0,0.0,0.0
0,imagenet,student,34,4.00329037458692e-05,0.9579999999999999,0.958,0.26142513092358904,47,93.87503215298057,109.96483298204839,0.0,0.0,0.0
0,imagenet,student,35,3.936570381109958e-05,0.962,0.962,0.26092257229487104,47,93.69795564794913,110.10558558208868,0.0,0.0,0.0
0,imagenet,student,36,3.868301765250263e-05,0.966,0.966,0.2575995931625366,47,93.52269200282171,109.52328099915758,0.0,0.0,0.0
0,imagenet,student,37,3.798560774350198e-05,0.959,0.959,0.26000907548268637,47,94.30545629607514,110.4592049580533,0.0,0.0,0.0
0,imagenet,student,38,3.7274253002073755e-05,0.966,0.966,0.26039062293370563,47,94.14172978396527,110.40028922911733,0.0,0.0,0.0
0,imagenet,student,39,3.6549747920794496e-05,0.962,0.962,0.259877242008845,47,92.93491977197118,109.050767183071,0.0,0.0,0.0
0,imagenet,student,40,3.581290167949421e-05,0.96,0.96,0.258750324567159,47,93.8636699509807,109.84684655605815,0.0,0.0,0.0
0,imagenet,student,41,3.5064537241505625e-05,0.9630000000000001,0.963,0.25803027176856996,47,93.8691492988728,110.15115988999605,0.0,0.0,0.0
0,imagenet,student,42,3.4305490434519064e-05,0.9559999999999998,0.956,0.25843058212598163,47,93.26357329101302,109.38674644799903,0.0,0.0,0.0
0,imagenet,student,43,3.353660901706944e-05,0.9570000000000001,0.957,0.2563570333321889,47,94.23303747200407,110.43856365093961,0.0,0.0,0.0
0,imagenet,student,44,3.2758751731698036e-05,0.958,0.958,0.2571645575364431,47,94.81980961188674,110.91845247498713,0.0,0.0,0.0
0,imagenet,student,45,3.197278734584651e-05,0.96,0.96,0.25591964451471966,47,94.10374316410162,110.41264734300785,0.0,0.0,0.0
0,imagenet,student,46,3.1179593681554446e-05,0.9599999999999997,0.96,0.2548189031283061,47,94.48936167685315,111.20789938606322,0.0,0.0,0.0
0,imagenet,student,47,3.0380056635043986e-05,0.9579999999999999,0.958,0.25786277492841087,47,94.6773815068882,110.96848226501606,0.0,0.0,0.0
0,imagenet,student,48,2.9575069187286692e-05,0.953,0.953,0.25678139662742616,47,93.59085366385989,109.64664106210694,0.0,0.0,0.0
0,imagenet,student,49,2.876553040665759e-05,0.959,0.959,0.2566297595500946,47,93.90214991592802,109.91621219017543,0.0,0.0,0.0
0,imagenet,student,50,2.7952344444790415e-05,0.9549999999999998,0.955,0.25628615339597066,47,93.80730847804807,120.17424727487378,0.0,0.0,0.0
0,imagenet,student,51,2.7136419526755484e-05,0.959,0.959,0.25627589042981463,47,94.08302500890568,110.69028854602948,0.0,0.0,0.0
0,imagenet,student,52,2.631866693668803e-05,0.9559999999999998,0.956,0.25579682930310566,47,94.16135225398466,110.37699272390455,0.0,0.0,0.0
0,imagenet,student,53,2.5500000000000003e-05,0.959,0.959,0.25499952443440754,47,93.19646905898117,109.46988754509948,0.0,0.0,0.0
0,imagenet,student,54,2.4681333063311983e-05,0.96,0.96,0.256649333079656,47,94.42789310915396,110.48621415300295,0.0,0.0,0.0
0,imagenet,student,55,2.3863580473244526e-05,0.9629999999999999,0.963,0.25576320417722065,47,94.56984209292568,110.97044002288021,0.0,0.0,0.0
0,imagenet,student,56,2.3047655555209592e-05,0.9639999999999999,0.964,0.25594160755475365,47,94.22192417201586,110.67519467882812,0.0,0.0,0.0
0,imagenet,student,57,2.223446959334243e-05,0.9629999999999999,0.963,0.2556729027430216,47,93.29886776697822,109.580900372006,0.0,0.0,0.0
0,imagenet,student,58,2.1424930812713318e-05,0.9649999999999999,0.965,0.255475204149882,47,94.55140150804073,110.57478989707306,0.0,0.0,0.0
0,imagenet,student,59,2.0619943364956024e-05,0.9649999999999999,0.965,0.25521048784255984,47,94.31368318991736,111.12495709583163,0.0,0.0,0.0
0,imagenet,student,60,1.9820406318445557e-05,0.966,0.966,0.25448816156387327,47,93.89472516090609,109.96645032498054,0.0,0.0,0.0
0,imagenet,student,61,1.9027212654153495e-05,0.9649999999999999,0.965,0.2545447708765666,47,95.28185581695288,111.41682169400156,0.0,0.0,0.0
0,imagenet,student,62,1.824124826830197e-05,0.9629999999999999,0.963,0.25503561115264894,47,94.52315399190411,110.64516130182892,0.0,0.0,0.0
0,imagenet,student,63,1.746339098293056e-05,0.9570000000000001,0.957,0.2545198133786519,47,94.29131966806017,110.78380735381506,0.0,0.0,0.0
0,imagenet,student,64,1.6694509565480943e-05,0.9570000000000001,0.957,0.2554699211915334,47,96.44458108395338,112.84275778499432,0.0,0.0,0.0
0,imagenet,student,65,1.593546275849438e-05,0.966,0.966,0.2553666869004568,47,95.33021750696935,111.91580413887277,0.0,0.0,0.0
0,imagenet,student,66,1.5187098320505799e-05,0.9590000000000002,0.959,0.25520184469223023,47,96.38090847386047,113.13574516796507,0.0,0.0,0.0
0,imagenet,student,67,1.4450252079205502e-05,0.9649999999999999,0.965,0.2550854381720225,47,95.3788885739632,111.7897283071652,0.0,0.0,0.0
0,imagenet,student,68,1.372574699792625e-05,0.961,0.961,0.2549340249697367,47,94.78090786188841,111.3183251330629,0.0,0.0,0.0
0,imagenet,student,69,1.3014392256498022e-05,0.961,0.961,0.2562155532836914,47,95.80117084900849,112.23371348599903,0.0,0.0,0.0
0,imagenet,student,70,1.2316982347497372e-05,0.966,0.966,0.25606499512990316,47,95.27071092510596,111.93119618506171,0.0,0.0,0.0
0,imagenet,student,71,1.1634296188900416e-05,0.962,0.962,0.2555480850537618,47,95.1060045179911,111.76395778893493,0.0,0.0,0.0
0,imagenet,student,72,1.0967096254130799e-05,0.9649999999999999,0.965,0.25493349456787107,47,95.16522712795995,111.77472527814098,0.0,0.0,0.0
0,imagenet,student,73,1.0316127720474006e-05,0.959,0.959,0.25485213971138,47,95.25109728006646,111.75948299188167,0.0,0.0,0.0
0,imagenet,student,74,9.682117636809343e-06,0.958,0.958,0.2553360775311788,47,95.05605625896715,111.61282881093211,0.0,0.0,0.0
0,imagenet,student,75,9.065774111589031e-06,0.96,0.96,0.25694706265131634,47,97.86735966196284,122.95638323388994,0.0,0.0,0.0
0,imagenet,student,76,8.467785521971265e-06,0.9629999999999999,0.963,0.25716248448689777,47,94.59380780300125,110.90480107814074,0.0,0.0,0.0
0,imagenet,student,77,7.888819744990736e-06,0.966,0.966,0.2538818658987681,47,94.66502939816564,110.94681313307956,0.0,0.0,0.0
0,imagenet,student,78,7.329523411625039e-06,0.9649999999999999,0.965,0.25426835370063783,47,95.00468987808563,111.57732223300263,0.0,0.0,0.0
0,imagenet,student,79,6.790521184590367e-06,0.9629999999999999,0.963,0.2550365617275238,47,95.58327264105901,111.79336666385643,0.0,0.0,0.0
0,imagenet,student,80,6.272415060672806e-06,0.9649999999999999,0.965,0.2551809364159902,47,94.45953005203046,110.7750646120403,0.0,0.0,0.0
0,imagenet,student,81,5.77578369837471e-06,0.9629999999999999,0.963,0.2557976626555125,47,94.15554078994319,110.35354148503393,0.0,0.0,0.0
0,imagenet,student,82,5.301181771626878e-06,0.962,0.962,0.25430440409978233,47,93.37866362603381,109.72832611692138,0.0,0.0,0.0
0,imagenet,student,83,4.849139350288474e-06,0.9629999999999999,0.963,0.2543984646002452,47,94.01714296010323,110.11827364494093,0.0,0.0,0.0
0,imagenet,student,84,4.420161308126591e-06,0.9659999999999999,0.966,0.25493572386105856,47,94.07812339998782,110.32055359194055,0.0,0.0,0.0
0,imagenet,student,85,4.014726758936549e-06,0.962,0.962,0.2534815278848012,47,93.53377654706128,109.72370592900552,0.0,0.0,0.0
0,imagenet,student,86,3.6332885214329124e-06,0.9629999999999999,0.963,0.25375484267870585,47,93.85728811379522,110.07641751901247,0.0,0.0,0.0
0,imagenet,student,87,3.2762726135086534e-06,0.9659999999999999,0.966,0.2539731779098511,47,93.51203610585071,109.81849180604331,0.0,0.0,0.0
0,imagenet,student,88,2.9440777764274926e-06,0.9629999999999999,0.963,0.2539509636561076,47,93.1238578108605,109.5389098089654,0.0,0.0,0.0
0,imagenet,student,89,2.6370750294807374e-06,0.961,0.961,0.25465602898597717,47,93.33379348111339,109.54175631795079,0.0,0.0,0.0
0,imagenet,student,90,2.3556072556059925e-06,0.961,0.961,0.25360427180926004,47,94.1912329129409,110.41220130212605,0.0,0.0,0.0
0,imagenet,student,91,2.0999888184306456e-06,0.96,0.96,0.255424462000529,47,94.45762130687945,110.92944838292897,0.0,0.0,0.0
0,imagenet,student,92,1.8705052111677768e-06,0.96,0.96,0.2538004530270894,47,93.46061270404607,109.61489940294996,0.0,0.0,0.0
0,imagenet,student,93,1.6674127377565921e-06,0.961,0.961,0.25451166701316835,47,94.09139236598276,110.18834342504852,0.0,0.0,0.0
0,imagenet,student,94,1.4909382266036246e-06,0.9639999999999999,0.964,0.2541640181541443,47,94.12391168205068,110.42182212602347,0.0,0.0,0.0
0,imagenet,student,95,1.3412787772443001e-06,0.9650000000000001,0.965,0.2549454979101817,47,93.8576323830057,110.03387446398847,0.0,0.0,0.0
0,imagenet,student,96,1.2186015402078894e-06,0.9629999999999999,0.963,0.2539738806883494,47,93.71658672206104,110.30548502807505,0.0,0.0,0.0
0,imagenet,student,97,1.1230435303316486e-06,0.9629999999999999,0.963,0.2536631816228231,47,93.82736441679299,110.11906895111315,0.0,0.0,0.0
0,imagenet,student,98,1.0547114737327475e-06,0.9629999999999999,0.963,0.2546725444793701,47,94.1506905509159,110.3515722900629,0.0,0.0,0.0
0,imagenet,student,99,1.013681688608762e-06,0.9639999999999999,0.964,0.25434399271011354,47,93.54507663892582,109.797185348114,0.0,0.0,0.0
0,imagenet,student,100,1e-06,0.9639999999999999,0.964,0.253952206214269,47,93.994915117044,119.46275324909948,0.0,0.0,0.0
0,scratch,ce,1,0.0001,0.258,0.258,2.12846452331543,47,92.334189546993,108.29165707388893,0.0,0.0,0.0
0,scratch,ce,2,0.0002,0.325,0.325,2.022504214922587,47,94.14757451089099,111.17639776295982,0.0,0.0,0.0
0,scratch,ce,3,0.00030000000000000003,0.35700000000000004,0.357,1.982415116628011,47,89.50207855599001,105.62773774587549,0.0,0.0,0.0
0,scratch,ce,4,0.0004,0.36700000000000005,0.367,1.9316213270823162,47,90.32896142615937,106.5163629448507,0.0,0.0,0.0
0,scratch,ce,5,0.0005,0.422,0.422,1.899153964360555,47,90.2563009839505,106.36313988105394,0.0,0.0,0.0
0,scratch,ce,6,0.0005,0.42799999999999994,0.428,1.8077357117335002,47,89.91129497578368,105.99566075904295,0.0,0.0,0.0
0,scratch,ce,7,0.0004998606701506985,0.488,0.488,1.7434292793273927,47,90.48369560600258,106.91790365800261,0.0,0.0,0.0
0,scratch,ce,8,0.0004994428362164767,0.421,0.421,1.694442666053772,47,90.41064136498608,106.65084209898487,0.0,0.0,0.0
0,scratch,ce,9,0.0004987469648645818,0.491,0.491,1.631385118484497,47,90.19907848187722,106.13026580400765,0.0,0.0,0.0
0,scratch,ce,10,0.0004977738332946176,0.5170000000000001,0.517,1.5573474502563476,47,90.02964880387299,115.23245952394791,0.0,0.0,0.0
0,scratch,ce,11,0.0004965245283705121,0.521,0.521,1.5090958992640178,47,90.20346319791861,106.15953906299546,0.0,0.0,0.0
0,scratch,ce,12,0.0004950004454066284,0.5519999999999999,0.552,1.4964450187683105,47,89.8441291700583,106.00631079892628,0.0,0.0,0.0
0,scratch,ce,13,0.0004932032866093767,0.546,0.546,1.451716442743937,47,89.96834171609953,105.78845867002383,0.0,0.0,0.0
0,scratch,ce,14,0.000491135059176067,0.535,0.535,1.420186448097229,47,90.6228472981602,106.77024280908518,0.0,0.0,0.0
0,scratch,ce,15,0.0004887980730531247,0.54,0.54,1.3864397888183593,47,89.8016317228321,105.80419543781318,0.0,0.0,0.0
0,scratch,ce,16,0.00048619493835617576,0.549,0.549,1.3466339082717895,47,89.48340883478522,105.6054327681195,0.0,0.0,0.0
0,scratch,ce,17,0.00048332856245487986,0.561,0.561,1.3172737690607708,47,90.23204852407798,106.94053724897094,0.0,0.0,0.0
0,scratch,ce,18,0.000480202146725769,0.587,0.587,1.2931621748606363,47,90.69546534400433,106.75784888118505,0.0,0.0,0.0
0,scratch,ce,19,0.00047681918297671805,0.5730000000000001,0.573,1.266376830736796,47,90.07401477894746,105.86718387296423,0.0,0.0,0.0
0,scratch,ce,20,0.0004731834495470404,0.5599999999999999,0.56,1.2474436734517416,47,89.88242606306449,106.12982271402143,0.0,0.0,0.0
0,scratch,ce,21,0.00046929900708756454,0.582,0.582,1.2081224915186564,47,89.97098728897981,106.11192002310418,0.0,0.0,0.0
0,scratch,ce,22,0.0004651701940254048,0.58,0.58,1.1823853228886922,47,90.17713704612106,106.57098208507523,0.0,0.0,0.0
0,scratch,ce,23,0.00046080162171849087,0.58,0.58,1.1497291870117188,47,91.26059327716939,107.20888378703967,0.0,0.0,0.0
0,scratch,ce,24,0.0004561981693052692,0.5370000000000001,0.537,1.123040802637736,47,90.53636178281158,106.44309144001454,0.0,0.0,0.0
0,scratch,ce,25,0.00045136497825532695,0.558,0.558,1.1134061581293742,47,90.06295962096192,114.40507524390705,0.0,0.0,0.0
0,scratch,ce,26,0.00044630744662702595,0.5880000000000001,0.588,1.0766405426661174,47,89.7234288637992,105.6910422258079,0.0,0.0,0.0
0,scratch,ce,27,0.0004410312230385594,0.575,0.575,1.05173899269104,47,90.08647345588543,105.89608005294576,0.0,0.0,0.0
0,scratch,ce,28,0.0004355422003591655,0.583,0.583,1.0209605722427368,47,90.73753913585097,107.03530358616263,0.0,0.0,0.0
0,scratch,ce,29,0.0004298465091275434,0.575,0.575,1.0093454443613687,47,89.57235028594732,105.65341677912511,0.0,0.0,0.0
0,scratch,ce,30,0.0004239505107048233,0.5799999999999998,0.58,1.0086932096481322,47,89.79879609099589,106.07551587489434,0.0,0.0,0.0
0,scratch,ce,31,0.00041786079016973627,0.6,0.6,0.9710425634384156,47,90.06427282397635,106.38540813699365,0.0,0.0,0.0
0,scratch,ce,32,0.00041158414896392116,0.589,0.589,0.9497381922403971,47,90.15827085799538,106.30398119380698,0.0,0.0,0.0
0,scratch,ce,33,0.00040512759729558113,0.5810000000000001,0.581,0.9142526105244955,47,89.77228180598468,105.88240436092019,0.0,0.0,0.0
0,scratch,ce,34,0.00039849834630997414,0.5890000000000001,0.589,0.8999873399734497,47,89.90153379412368,106.07090727798641,0.0,0.0,0.0
0,scratch,ce,35,0.0003917038000354835,0.5860000000000001,0.586,0.8637321831385295,47,90.13788855192252,105.99040503497235,0.0,0.0,0.0
0,scratch,ce,36,0.0003847515471142615,0.594,0.594,0.8523730214436849,47,90.01867316709831,105.89235597383231,0.0,0.0,0.0
0,scratch,ce,37,0.00037764935232668343,0.593,0.593,0.8318454437255859,47,90.80636238306761,106.9207190501038,0.0,0.0,0.0
0,scratch,ce,38,0.0003704051479190776,0.593,0.593,0.8028852160771688,47,90.15243000793271,105.96283528208733,0.0,0.0,0.0
0,scratch,ce,39,0.00036302702474441743,0.6119999999999999,0.612,0.7977132743199666,47,90.72317814989947,106.90394822508097,0.0,0.0,0.0
0,scratch,ce,40,0.0003555232232258696,0.593,0.593,0.7733153835932414,47,90.38090907107107,106.4852303059306,0.0,0.0,0.0
0,scratch,ce,41,0.00034790212415329195,0.584,0.584,0.7541829042434692,47,90.76015442889184,106.97450037789531,0.0,0.0,0.0
0,scratch,ce,42,0.0003401722393229594,0.611,0.611,0.7612874959309895,47,89.69383441493846,105.59444827283733,0.0,0.0,0.0
0,scratch,ce,43,0.0003323422020309725,0.602,0.602,0.7511044626235962,47,90.53078866493888,106.45261181308888,0.0,0.0,0.0
0,scratch,ce,44,0.0003244207574309657,0.592,0.592,0.7181363115310669,47,89.98143952689134,105.82812809199095,0.0,0.0,0.0
0,scratch,ce,45,0.0003164167527668859,0.583,0.583,0.7065243496894836,47,90.28254489297979,106.2865667140577,0.0,0.0,0.0
0,scratch,ce,46,0.0003083391274917483,0.588,0.588,0.6809579071998596,47,89.24829106312245,105.24496342707425,0.0,0.0,0.0
0,scratch,ce,47,0.0003001969032834071,0.591,0.591,0.6960227449735006,47,89.71841803495772,105.80815717298537,0.0,0.0,0.0
0,scratch,ce,48,0.00029199917396849096,0.584,0.584,0.6692003504435221,47,89.52685894211754,105.73150870203972,0.0,0.0,0.0
0,scratch,ce,49,0.0002837550953657579,0.595,0.595,0.6516972220738729,47,90.17751254490577,106.1764633981511,0.0,0.0,0.0
0,scratch,ce,50,0.0002754738750602126,0.59,0.59,0.652051487604777,47,90.10490845702589,115.18985793692991,0.0,0.0,0.0
0,scratch,ce,51,0.00026716476211940786,0.576,0.576,0.6463932781219482,47,90.10663235699758,106.06783132697456,0.0,0.0,0.0
0,scratch,ce,52,0.00025883703676341484,0.614,0.614,0.6352648820877075,47,90.44992029410787,106.80381966405548,0.0,0.0,0.0
0,scratch,ce,53,0.0002505,0.6,0.6,0.6166863555908203,47,90.57310503395274,107.00901184114628,0.0,0.0,0.0
0,scratch,ce,54,0.00024216296323658525,0.595,0.595,0.6146128079096477,47,90.37957908282988,106.29955874802545,0.0,0.0,0.0
0,scratch,ce,55,0.00023383523788059215,0.6009999999999999,0.601,0.6053974566459656,46,91.3819495360367,107.5191482999362,0.0,0.0,0.0
0,scratch,ce,56,0.00022552612493978745,0.576,0.576,0.5918121078809102,47,92.03432891378179,108.95975752617233,0.0,0.0,0.0
0,scratch,ce,57,0.00021724490463424225,0.602,0.602,0.5861877816518147,47,91.29376062587835,107.79030917980708,0.0,0.0,0.0
0,scratch,ce,58,0.00020900082603150905,0.5970000000000001,0.597,0.594191731929779,47,91.83800866105594,107.9970603659749,0.0,0.0,0.0
0,scratch,ce,59,0.00020080309671659293,0.5890000000000001,0.589,0.5769278709093729,47,90.47105725598522,106.43521423498169,0.0,0.0,0.0
0,scratch,ce,60,0.00019266087250825167,0.5959999999999999,0.596,0.5788142913182577,47,90.6976689028088,106.98530272697099,0.0,0.0,0.0
0,scratch,ce,61,0.00018458324723311413,0.59,0.59,0.5746530160903931,47,90.85660944296978,107.01942518213764,0.0,0.0,0.0
0,scratch,ce,62,0.00017657924256903434,0.599,0.599,0.5674475027720134,47,90.79319527000189,106.9691767108161,0.0,0.0,0.0
0,scratch,ce,63,0.00016865779796902748,0.591,0.591,0.5577000670433044,47,90.730341946939,106.69635669188574,0.0,0.0,0.0
0,scratch,ce,64,0.00016082776067704059,0.615,0.615,0.5531703281402588,47,90.67954704188742,107.00120129203424,0.0,0.0,0.0
0,scratch,ce,65,0.00015309787584670805,0.592,0.592,0.5547424502372742,47,90.4751092849765,106.35157990502194,0.0,0.0,0.0
0,scratch,ce,66,0.00014547677677413047,0.6,0.6,0.5415555645624797,47,91.35429144720547,107.90718285180628,0.0,0.0,0.0
0,scratch,ce,67,0.00013797297525558255,0.584,0.584,0.5484556711514791,47,90.99873438011855,107.23781019705348,0.0,0.0,0.0
0,scratch,ce,68,0.00013059485208092238,0.601,0.601,0.5362699200312296,47,90.78438397194259,106.73865951993503,0.0,0.0,0.0
0,scratch,ce,69,0.00012335064767331658,0.596,0.596,0.5383856595357259,47,91.56048163282685,107.80830130097456,0.0,0.0,0.0
0,scratch,ce,70,0.00011624845288573853,0.605,0.605,0.537245600382487,47,90.73924449412152,106.94534676289186,0.0,0.0,0.0
0,scratch,ce,71,0.00010929619996451647,0.6010000000000001,0.601,0.525922713915507,47,90.46535805007443,106.67156634805724,0.0,0.0,0.0
0,scratch,ce,72,0.00010250165369002587,0.592,0.592,0.5266152509053548,47,90.37977338791825,106.24780902289785,0.0,0.0,0.0
0,scratch,ce,73,9.587240270441893e-05,0.583,0.583,0.5240155345598857,47,90.28104451182298,106.67159523093142,0.0,0.0,0.0
0,scratch,ce,74,8.941585103607879e-05,0.585,0.585,0.5245907406806946,47,90.5513980879914,106.45513069699518,0.0,0.0,0.0
0,scratch,ce,75,8.313920983026379e-05,0.5900000000000001,0.59,0.5243502496083577,47,90.1051437840797,115.41278097685426,0.0,0.0,0.0
0,scratch,ce,76,7.704948929517675e-05,0.6020000000000001,0.602,0.5214262606302897,47,89.86556621780619,105.93488699290901,0.0,0.0,0.0
0,scratch,ce,77,7.115349087245667e-05,0.5920000000000001,0.592,0.5182486422856649,47,90.73296794202179,106.72526579606347,0.0,0.0,0.0
0,scratch,ce,78,6.545779964083458e-05,0.597,0.597,0.5180128073692322,47,90.33793922606856,106.40720948018134,0.0,0.0,0.0
0,scratch,ce,79,5.996877696144067e-05,0.6030000000000001,0.603,0.5130870409011841,47,90.89067297196016,107.20738468691707,0.0,0.0,0.0
0,scratch,ce,80,5.4692553372974075e-05,0.601,0.601,0.5122888032595316,47,90.99036360508762,107.16379344509915,0.0,0.0,0.0
0,scratch,ce,81,4.963502174467306e-05,0.5940000000000001,0.594,0.512836283047994,47,90.32477460289374,106.4326773728244,0.0,0.0,0.0
0,scratch,ce,82,4.480183069473086e-05,0.5969999999999999,0.597,0.5139895081520081,47,90.3383814431727,106.4077046988532,0.0,0.0,0.0
0,scratch,ce,83,4.019837828150914e-05,0.6,0.6,0.5150224610964457,47,91.15954414498992,107.43144482700154,0.0,0.0,0.0
0,scratch,ce,84,3.5829805974595276e-05,0.599,0.599,0.5127720788319906,47,90.06272448902018,106.2668872338254,0.0,0.0,0.0
0,scratch,ce,85,3.1700992912435456e-05,0.604,0.604,0.5124723000526428,47,91.0439798370935,106.93194537912495,0.0,0.0,0.0
0,scratch,ce,86,2.781655045295966e-05,0.6,0.6,0.5113818510373433,47,90.26310500386171,106.22493949905038,0.0,0.0,0.0
0,scratch,ce,87,2.4180817023281995e-05,0.597,0.597,0.5109039780298869,47,90.19489582907408,106.38665780518204,0.0,0.0,0.0
0,scratch,ce,88,2.0797853274230994e-05,0.6050000000000001,0.605,0.5117506783803304,47,91.40679329703562,107.38393517094664,0.0,0.0,0.0
0,scratch,ce,89,1.7671437545120165e-05,0.608,0.608,0.5092873317400615,47,90.69030897505581,106.6682782289572,0.0,0.0,0.0
0,scratch,ce,90,1.480506164382429e-05,0.605,0.605,0.5072532215118408,47,90.73712414805777,106.80542793101631,0.0,0.0,0.0
0,scratch,ce,91,1.220192694687535e-05,0.612,0.612,0.5088298695882162,47,90.2240878790617,106.19015147793107,0.0,0.0,0.0
0,scratch,ce,92,9.864940823933073e-06,0.6070000000000001,0.607,0.51027827390035,47,90.41902456292883,106.37138564395718,0.0,0.0,0.0
0,scratch,ce,93,7.796713390623254e-06,0.607,0.607,0.5086526209513347,47,90.66085468395613,106.87946474691853,0.0,0.0,0.0
0,scratch,ce,94,5.999554593371605e-06,0.607,0.607,0.5096014623641968,47,91.13528299005702,107.44705585599877,0.0,0.0,0.0
0,scratch,ce,95,4.475471629487872e-06,0.6060000000000001,0.606,0.5088793595631917,47,90.76371284504421,106.73264399101026,0.0,0.0,0.0
0,scratch,ce,96,3.2261667053823824e-06,0.609,0.609,0.5090926807721455,47,91.0624836909119,107.476997054182,0.0,0.0,0.0
0,scratch,ce,97,2.253035135418218e-06,0.6060000000000001,0.606,0.5093936864535014,47,90.36239433614537,106.69545595999807,0.0,0.0,0.0
0,scratch,ce,98,1.5571637835232856e-06,0.608,0.608,0.5092185756365458,47,90.60174481198192,106.6611021249555,0.0,0.0,0.0
0,scratch,ce,99,1.1393298493014743e-06,0.608,0.608,0.5106411515871684,47,90.49245797516778,106.55834587407298,0.0,0.0,0.0
0,scratch,ce,100,1e-06,0.608,0.608,0.5107521015803019,47,90.41278750100173,115.23171225003898,0.0,0.0,0.0
0,scratch,foreground_rescue_10,1,0.0001,0.252,0.252,1.8680183283487957,47,99.65938556101173,115.98509187507443,6.0728333333333335,6.0728333333333335,0.0
0,scratch,foreground_rescue_10,2,0.0002,0.318,0.318,1.7649846016565958,47,103.31994189484976,120.42030898900703,6.237833333333334,6.237833333333334,0.0
0,scratch,foreground_rescue_10,3,0.00030000000000000003,0.36100000000000004,0.361,1.7093039668401082,47,99.94838535110466,116.35878026206046,6.118666666666667,6.118666666666667,0.0
0,scratch,foreground_rescue_10,4,0.0004,0.35300000000000004,0.353,1.6776448996861775,47,99.59488592203707,115.9310914829839,6.371666666666667,6.371666666666667,0.0
0,scratch,foreground_rescue_10,5,0.0005,0.40800000000000003,0.408,1.637361649831136,47,99.74476406304166,116.15493997279555,6.592833333333333,6.592833333333333,0.0
0,scratch,foreground_rescue_10,6,0.0005,0.45,0.45,1.5530701189041138,47,98.60593612398952,115.11356928711757,6.568333333333333,6.568333333333333,0.0
0,scratch,foreground_rescue_10,7,0.0004998606701506985,0.4910000000000001,0.491,1.4517337112426758,47,99.71568684699014,116.3055566130206,6.433833333333333,6.433833333333333,0.0
0,scratch,foreground_rescue_10,8,0.0004994428362164767,0.4589999999999999,0.459,1.4021056299209596,47,100.29502600990236,117.04114787909202,6.551166666666667,6.551166666666667,0.0
0,scratch,foreground_rescue_10,9,0.0004987469648645818,0.493,0.493,1.3370507494608561,47,99.90676846494898,116.35220718709752,6.592833333333333,6.592833333333333,0.0
0,scratch,foreground_rescue_10,10,0.0004977738332946176,0.5090000000000001,0.509,1.2898570187886556,47,102.3987432338763,126.7472056930419,6.866,6.866,0.0
0,scratch,foreground_rescue_10,11,0.0004965245283705121,0.52,0.52,1.2657787961959839,47,99.9710338988807,116.32529026200064,7.0825,7.0825,0.0
0,scratch,foreground_rescue_10,12,0.0004950004454066284,0.5589999999999999,0.559,1.2186929168701173,47,99.78315154998563,115.9644688370172,7.129,7.129,0.0
0,scratch,foreground_rescue_10,13,0.0004932032866093767,0.557,0.557,1.1849269151687623,47,100.22594788810238,116.70497219497338,7.041666666666667,7.041666666666667,0.0
0,scratch,foreground_rescue_10,14,0.000491135059176067,0.566,0.566,1.1500898199081422,47,99.68604194791988,116.26360334106721,7.000166666666667,7.000166666666667,0.0
0,scratch,foreground_rescue_10,15,0.0004887980730531247,0.5450000000000002,0.545,1.132745697339376,47,99.19606002792716,115.55744474800304,7.0905,7.0905,0.0
0,scratch,foreground_rescue_10,16,0.00048619493835617576,0.555,0.555,1.0753349056243897,47,100.1124527901411,116.59422707580961,7.203,7.203,0.0
0,scratch,foreground_rescue_10,17,0.00048332856245487986,0.5780000000000001,0.578,1.0564326394399006,47,100.18833902897313,116.75749280513264,7.329166666666667,7.329166666666667,0.0
0,scratch,foreground_rescue_10,18,0.000480202146725769,0.5879999999999999,0.588,1.0268796078364055,47,101.0627063869033,117.91376119386405,7.2605,7.2605,0.0
0,scratch,foreground_rescue_10,19,0.00047681918297671805,0.5700000000000001,0.57,1.0181931365331014,47,100.69482294097543,117.28069506096654,7.251833333333333,7.251833333333333,0.0
0,scratch,foreground_rescue_10,20,0.0004731834495470404,0.571,0.571,0.9788229894638062,47,100.6858747638762,117.07065619295463,7.293,7.293,0.0
0,scratch,foreground_rescue_10,21,0.00046929900708756454,0.58,0.58,0.9510260996818543,47,99.43299731099978,115.78184320614673,7.156,7.156,0.0
0,scratch,foreground_rescue_10,22,0.0004651701940254048,0.608,0.608,0.9391779244740804,47,100.3758287159726,117.08551079710014,7.222166666666666,7.222166666666666,0.0
0,scratch,foreground_rescue_10,23,0.00046080162171849087,0.587,0.587,0.9056645746231079,47,98.84696197602898,115.13142490503378,7.2035,7.2035,0.0
0,scratch,foreground_rescue_10,24,0.0004561981693052692,0.5599999999999999,0.56,0.9172956085205078,47,101.28456371789798,118.03437709715217,7.318,7.318,0.0
0,scratch,foreground_rescue_10,25,0.00045136497825532695,0.582,0.582,0.8583334404627482,47,101.38538896199316,126.25315422401763,7.267333333333333,7.267333333333333,0.0
0,scratch,foreground_rescue_10,26,0.00044630744662702595,0.592,0.592,0.8320898501078288,47,102.00859114783816,118.42444036784582,7.224833333333334,7.224833333333334,0.0
0,scratch,foreground_rescue_10,27,0.0004410312230385594,0.6020000000000001,0.602,0.8060181020100912,47,99.49668663693592,115.90431654895656,7.2645,7.2645,0.0
0,scratch,foreground_rescue_10,28,0.0004355422003591655,0.594,0.594,0.7884747103055318,47,99.1554690131452,115.55116365104914,7.3468333333333335,7.3468333333333335,0.0
0,scratch,foreground_rescue_10,29,0.0004298465091275434,0.5770000000000001,0.577,0.7737826061248779,47,99.9709337851964,116.60793342394754,7.267666666666667,7.267666666666667,0.0
0,scratch,foreground_rescue_10,30,0.0004239505107048233,0.581,0.581,0.7662695539792379,47,99.35984497703612,115.91306888917461,7.349333333333333,7.349333333333333,0.0
0,scratch,foreground_rescue_10,31,0.00041786079016973627,0.616,0.616,0.7216457402706147,47,99.2678769370541,115.63875204487704,7.320666666666667,7.320666666666667,0.0
0,scratch,foreground_rescue_10,32,0.00041158414896392116,0.5930000000000001,0.593,0.6995662248929342,47,99.70201016101055,115.97058417508379,7.273833333333333,7.273833333333333,0.0
0,scratch,foreground_rescue_10,33,0.00040512759729558113,0.5919999999999999,0.592,0.688595027923584,47,100.60087184491567,116.72698878403753,7.249333333333333,7.249333333333333,0.0
0,scratch,foreground_rescue_10,34,0.00039849834630997414,0.6039999999999999,0.604,0.6743836091359456,47,100.25419752905145,116.70330977602862,7.164666666666666,7.164666666666666,0.0
0,scratch,foreground_rescue_10,35,0.0003917038000354835,0.5900000000000001,0.59,0.6442189989089966,47,100.14101853384636,116.78566940501332,7.25,7.25,0.0
0,scratch,foreground_rescue_10,36,0.0003847515471142615,0.5920000000000001,0.592,0.6329771579106649,47,100.75238040601835,117.1202356449794,7.194,7.194,0.0
0,scratch,foreground_rescue_10,37,0.00037764935232668343,0.599,0.599,0.602707763671875,47,99.00737099093385,115.55080940201879,7.241666666666666,7.241666666666666,0.0
0,scratch,foreground_rescue_10,38,0.0003704051479190776,0.5920000000000001,0.592,0.5735909922917684,47,99.43923624698073,115.68698055390269,7.273833333333333,7.273833333333333,0.0
0,scratch,foreground_rescue_10,39,0.00036302702474441743,0.5920000000000001,0.592,0.5521645151774088,47,99.35156589816324,116.12121487408876,7.2668333333333335,7.2668333333333335,0.0
0,scratch,foreground_rescue_10,40,0.0003555232232258696,0.573,0.573,0.5712061785062155,47,101.22176723997109,117.47116807615384,7.299333333333333,7.299333333333333,0.0
0,scratch,foreground_rescue_10,41,0.00034790212415329195,0.5890000000000001,0.589,0.5425280628204345,47,100.02727828011848,116.37890045507811,7.296,7.296,0.0
0,scratch,foreground_rescue_10,42,0.0003401722393229594,0.5980000000000001,0.598,0.5132840569814047,47,100.4993429009337,116.87973853107542,7.297,7.297,0.0
0,scratch,foreground_rescue_10,43,0.0003323422020309725,0.5860000000000001,0.586,0.4999210792382558,47,99.48988885595463,116.13305201311596,7.335666666666667,7.335666666666667,0.0
0,scratch,foreground_rescue_10,44,0.0003244207574309657,0.605,0.605,0.49397036695480345,47,99.79486734699458,116.79503945517354,7.292,7.292,0.0
0,scratch,foreground_rescue_10,45,0.0003164167527668859,0.612,0.612,0.4866818770567576,47,100.13204022101127,116.17423116113059,7.285833333333334,7.285833333333334,0.0
0,scratch,foreground_rescue_10,46,0.0003083391274917483,0.6010000000000001,0.601,0.46575199921925864,47,99.9273455098737,115.99269287800416,7.254166666666666,7.254166666666666,0.0
0,scratch,foreground_rescue_10,47,0.0003001969032834071,0.5890000000000001,0.589,0.4591366008122762,47,102.15919481497258,119.11559334304184,7.275833333333333,7.275833333333333,0.0
0,scratch,foreground_rescue_10,48,0.00029199917396849096,0.592,0.592,0.4443801382382711,47,102.72966129286215,119.39254331099801,7.319333333333334,7.319333333333334,0.0
0,scratch,foreground_rescue_10,49,0.0002837550953657579,0.591,0.591,0.4254787819385529,47,100.84713579295203,117.91370680206455,7.318,7.318,0.0
0,scratch,foreground_rescue_10,50,0.0002754738750602126,0.61,0.61,0.42647567749023435,47,102.04625723999925,126.73853242979385,7.282,7.282,0.0
0,scratch,foreground_rescue_10,51,0.00026716476211940786,0.6020000000000001,0.602,0.4087527171770732,47,101.17736214399338,117.72949548694305,7.317166666666667,7.317166666666667,0.0
0,scratch,foreground_rescue_10,52,0.00025883703676341484,0.5960000000000001,0.596,0.41119654703140257,47,102.04116554791108,118.97971807909198,7.2995,7.2995,0.0
0,scratch,foreground_rescue_10,53,0.0002505,0.603,0.603,0.3926949575742086,47,101.93390240916051,118.37916945898905,7.3575,7.3575,0.0
0,scratch,foreground_rescue_10,54,0.00024216296323658525,0.605,0.605,0.3855295236905416,47,100.37085646716878,116.64401186513714,7.4126666666666665,7.4126666666666665,0.0
0,scratch,foreground_rescue_10,55,0.00023383523788059215,0.5919999999999999,0.592,0.3807738658587138,47,100.30176158086397,116.7707447160501,7.41,7.41,0.0
0,scratch,foreground_rescue_10,56,0.00022552612493978745,0.588,0.588,0.3763487524986267,47,100.13389254780486,116.26629269612022,7.362666666666667,7.362666666666667,0.0
0,scratch,foreground_rescue_10,57,0.00021724490463424225,0.592,0.592,0.3629996894200643,47,99.26712409616448,115.87174071092159,7.388333333333334,7.388333333333334,0.0
0,scratch,foreground_rescue_10,58,0.00020900082603150905,0.603,0.603,0.3648300862312317,47,101.15674061211757,117.70906563079916,7.435666666666667,7.435666666666667,0.0
0,scratch,foreground_rescue_10,59,0.00020080309671659293,0.6130000000000001,0.613,0.35708405113220215,47,100.14191143587232,116.6162198339589,7.4455,7.4455,0.0
0,scratch,foreground_rescue_10,60,0.00019266087250825167,0.595,0.595,0.3568597884178162,46,100.24191580316983,116.6365976810921,7.3515,7.3515,0.0
0,scratch,foreground_rescue_10,61,0.00018458324723311413,0.6,0.6,0.3416298619111379,47,100.42037833295763,117.15510401199572,7.328833333333334,7.328833333333334,0.0
0,scratch,foreground_rescue_10,62,0.00017657924256903434,0.602,0.602,0.3405773597558339,47,99.55859015905298,116.23015902214684,7.389666666666667,7.389666666666667,0.0
0,scratch,foreground_rescue_10,63,0.00016865779796902748,0.6,0.6,0.33912737758954364,47,99.97621711296961,116.52890322217718,7.3725,7.3725,0.0
0,scratch,foreground_rescue_10,64,0.00016082776067704059,0.6070000000000001,0.607,0.3281574436823527,47,101.66196067584679,118.62345220893621,7.385,7.385,0.0
0,scratch,foreground_rescue_10,65,0.00015309787584670805,0.601,0.601,0.3286177942752838,47,99.95824910397641,116.30755295185372,7.3595,7.3595,0.0
0,scratch,foreground_rescue_10,66,0.00014547677677413047,0.6,0.6,0.317269704580307,47,100.3486987259239,116.72210201621056,7.365666666666667,7.365666666666667,0.0
0,scratch,foreground_rescue_10,67,0.00013797297525558255,0.609,0.609,0.3227371780872345,47,99.95401514996774,116.2781712829601,7.3975,7.3975,0.0
0,scratch,foreground_rescue_10,68,0.00013059485208092238,0.6040000000000001,0.604,0.3156441378593445,47,100.350875423057,117.21170744788833,7.382333333333333,7.382333333333333,0.0
0,scratch,foreground_rescue_10,69,0.00012335064767331658,0.62,0.62,0.3134140822092692,47,100.98052595416084,117.34326794417575,7.389166666666667,7.389166666666667,0.0
0,scratch,foreground_rescue_10,70,0.00011624845288573853,0.615,0.615,0.3116355355580648,47,100.97978157084435,117.74338132794946,7.3655,7.3655,0.0
0,scratch,foreground_rescue_10,71,0.00010929619996451647,0.607,0.607,0.30441763337453204,47,104.28089394397102,120.51159322704189,7.371333333333333,7.371333333333333,0.0
0,scratch,foreground_rescue_10,72,0.00010250165369002587,0.604,0.604,0.3080803977648417,47,101.07197425793856,117.6513058389537,7.392333333333333,7.392333333333333,0.0
0,scratch,foreground_rescue_10,73,9.587240270441893e-05,0.5959999999999999,0.596,0.30292602586746215,47,101.40060357702896,118.18835487100296,7.368,7.368,0.0
0,scratch,foreground_rescue_10,74,8.941585103607879e-05,0.602,0.602,0.30550498874982196,47,100.17581995995715,116.71551725198515,7.376333333333333,7.376333333333333,0.0
0,scratch,foreground_rescue_10,75,8.313920983026379e-05,0.6020000000000001,0.602,0.3038630010286967,47,99.7670297480654,125.24449783703312,7.378166666666667,7.378166666666667,0.0
0,scratch,foreground_rescue_10,76,7.704948929517675e-05,0.616,0.616,0.29678845405578613,47,99.76353726396337,116.49473136011511,7.409833333333333,7.409833333333333,0.0
0,scratch,foreground_rescue_10,77,7.115349087245667e-05,0.621,0.621,0.2981116182804108,47,99.74946914310567,116.19976585288532,7.392666666666667,7.392666666666667,0.0
0,scratch,foreground_rescue_10,78,6.545779964083458e-05,0.615,0.615,0.29453128878275553,47,100.89161842805333,117.38843707088381,7.375666666666667,7.375666666666667,0.0
0,scratch,foreground_rescue_10,79,5.996877696144067e-05,0.611,0.611,0.2932478281656901,47,99.6711814259179,115.8387746270746,7.3575,7.3575,0.0
0,scratch,foreground_rescue_10,80,5.4692553372974075e-05,0.605,0.605,0.2948308260440826,47,100.69765116390772,117.11332410387695,7.382333333333333,7.382333333333333,0.0
0,scratch,foreground_rescue_10,81,4.963502174467306e-05,0.6120000000000001,0.612,0.2917265102068583,47,100.47347178705968,116.78885526000522,7.394333333333333,7.394333333333333,0.0
0,scratch,foreground_rescue_10,82,4.480183069473086e-05,0.6039999999999999,0.604,0.2890527755419413,47,100.90870810602792,117.71321784099564,7.386666666666667,7.386666666666667,0.0
0,scratch,foreground_rescue_10,83,4.019837828150914e-05,0.616,0.616,0.2909289880593618,47,100.25792525219731,116.55614441912621,7.393,7.393,0.0
0,scratch,foreground_rescue_10,84,3.5829805974595276e-05,0.613,0.613,0.29249604694048564,47,99.87304761703126,116.70643518399447,7.410166666666667,7.410166666666667,0.0
0,scratch,foreground_rescue_10,85,3.1700992912435456e-05,0.6119999999999999,0.612,0.28876497848828636,47,101.01306089386344,117.69075616309419,7.411666666666667,7.411666666666667,0.0
0,scratch,foreground_rescue_10,86,2.781655045295966e-05,0.6140000000000001,0.614,0.28659171199798583,47,99.62064906395972,116.14411008893512,7.3755,7.3755,0.0
0,scratch,foreground_rescue_10,87,2.4180817023281995e-05,0.609,0.609,0.2877612093289693,47,99.956299274927,116.38736206293106,7.4,7.4,0.0
0,scratch,foreground_rescue_10,88,2.0797853274230994e-05,0.6150000000000001,0.615,0.28875906229019166,47,100.34337809798308,116.8955875269603,7.409666666666666,7.409666666666666,0.0
0,scratch,foreground_rescue_10,89,1.7671437545120165e-05,0.6090000000000001,0.609,0.28534185560544334,47,101.40090318699367,117.96412847586907,7.399166666666667,7.399166666666667,0.0
0,scratch,foreground_rescue_10,90,1.480506164382429e-05,0.6120000000000001,0.612,0.2861975591182709,47,100.54394833487459,116.9420823850669,7.411333333333333,7.411333333333333,0.0
0,scratch,foreground_rescue_10,91,1.220192694687535e-05,0.6110000000000001,0.611,0.28345155318578086,47,99.80384036200121,116.25446608196944,7.398333333333333,7.398333333333333,0.0
0,scratch,foreground_rescue_10,92,9.864940823933073e-06,0.6140000000000001,0.614,0.28523299789428713,47,101.63921447098255,118.2213570678141,7.426333333333333,7.426333333333333,0.0
0,scratch,foreground_rescue_10,93,7.796713390623254e-06,0.6130000000000001,0.613,0.2878715407848358,47,98.65325603401288,115.02094909409061,7.407333333333334,7.407333333333334,0.0
0,scratch,foreground_rescue_10,94,5.999554593371605e-06,0.612,0.612,0.28365656892458596,47,99.79337816312909,116.55167802795768,7.4158333333333335,7.4158333333333335,0.0
0,scratch,foreground_rescue_10,95,4.475471629487872e-06,0.6160000000000001,0.616,0.28446089299519856,47,103.77681524120271,119.95287854014896,7.4145,7.4145,0.0
0,scratch,foreground_rescue_10,96,3.2261667053823824e-06,0.615,0.615,0.283292107741038,47,99.62322937999852,116.1123585398309,7.407,7.407,0.0
0,scratch,foreground_rescue_10,97,2.253035135418218e-06,0.616,0.616,0.2855065659681956,47,100.23075841087848,116.84027464012615,7.3998333333333335,7.3998333333333335,0.0
0,scratch,foreground_rescue_10,98,1.5571637835232856e-06,0.615,0.615,0.28792581367492676,47,101.34358271793462,117.72657527192496,7.428333333333334,7.428333333333334,0.0
0,scratch,foreground_rescue_10,99,1.1393298493014743e-06,0.615,0.615,0.2800191175142924,47,102.38497436209582,118.83346578897908,7.402166666666667,7.402166666666667,0.0
0,scratch,foreground_rescue_10,100,1e-06,0.6170000000000001,0.617,0.28543498436609904,47,99.46086258091964,124.29912703903392,7.414333333333333,7.414333333333333,0.0
0,scratch,full,1,0.0001,0.258,0.258,1.8888600533803304,47,94.40642804000527,110.40021323389374,0.0,0.0,0.0
0,scratch,full,2,0.0002,0.32399999999999995,0.324,1.7821619466145833,47,94.04567322088405,110.12006575893611,0.0,0.0,0.0
0,scratch,full,3,0.00030000000000000003,0.356,0.356,1.7419211025238037,47,94.31971801491454,110.43751888698898,0.0,0.0,0.0
0,scratch,full,4,0.0004,0.363,0.363,1.6913265371322632,47,93.31470690388232,109.24842521897517,0.0,0.0,0.0
0,scratch,full,5,0.0005,0.402,0.402,1.6536124598185222,47,94.19874735595658,110.31660662288778,0.0,0.0,0.0
0,scratch,full,6,0.0005,0.421,0.421,1.5846129194895426,47,94.7580000818707,111.33184851310216,0.0,0.0,0.0
0,scratch,full,7,0.0004998606701506985,0.46499999999999997,0.465,1.5203158639272054,47,93.47432324895635,109.37654610699974,0.0,0.0,0.0
0,scratch,full,8,0.0004994428362164767,0.475,0.475,1.4560468737284342,47,94.28557274793275,110.15233475901186,0.0,0.0,0.0
0,scratch,full,9,0.0004987469648645818,0.47400000000000003,0.474,1.3873207836151122,47,94.01312378700823,110.19137441995554,0.0,0.0,0.0
0,scratch,full,10,0.0004977738332946176,0.507,0.507,1.3185987939834596,47,94.8608169760555,122.65031357109547,0.0,0.0,0.0
0,scratch,full,11,0.0004965245283705121,0.5409999999999999,0.541,1.284577197710673,47,93.23301029694267,109.18206861405633,0.0,0.0,0.0
0,scratch,full,12,0.0004950004454066284,0.558,0.558,1.2389271510442097,47,93.7289462769404,109.83689876808785,0.0,0.0,0.0
0,scratch,full,13,0.0004932032866093767,0.549,0.549,1.1910021155675252,47,94.7070552459918,110.70489573804662,0.0,0.0,0.0
0,scratch,full,14,0.000491135059176067,0.541,0.541,1.1783665412267048,47,94.38276877906173,110.33421870903112,0.0,0.0,0.0
0,scratch,full,15,0.0004887980730531247,0.563,0.563,1.1406072629292805,47,93.9639423401095,109.92141893599182,0.0,0.0,0.0
0,scratch,full,16,0.00048619493835617576,0.5660000000000001,0.566,1.0973039178848267,47,94.04088551318273,109.95726307597943,0.0,0.0,0.0
0,scratch,full,17,0.00048332856245487986,0.557,0.557,1.0670425583521526,47,94.2071647781413,109.99093359801918,0.0,0.0,0.0
0,scratch,full,18,0.000480202146725769,0.564,0.564,1.0354640148480734,47,94.69351677200757,110.6580735319294,0.0,0.0,0.0
0,scratch,full,19,0.00047681918297671805,0.572,0.572,1.029375714302063,47,93.4845125770662,109.55134802591056,0.0,0.0,0.0
0,scratch,full,20,0.0004731834495470404,0.5670000000000001,0.567,0.9821171199480693,47,93.58732508309186,109.39941865298897,0.0,0.0,0.0
0,scratch,full,21,0.00046929900708756454,0.582,0.582,0.9689058128992717,47,94.24582385807298,110.41975539107807,0.0,0.0,0.0
0,scratch,full,22,0.0004651701940254048,0.578,0.578,0.9423192742665609,47,94.32454982306808,110.37944727693684,0.0,0.0,0.0
0,scratch,full,23,0.00046080162171849087,0.563,0.563,0.9315367755889893,47,93.90675208391622,109.93134770495817,0.0,0.0,0.0
0,scratch,full,24,0.0004561981693052692,0.5609999999999999,0.561,0.8933225161234538,47,94.4848815719597,110.69185009016655,0.0,0.0,0.0
0,scratch,full,25,0.00045136497825532695,0.5609999999999999,0.561,0.8799064098993937,47,93.0503862767946,119.85049800784327,0.0,0.0,0.0
0,scratch,full,26,0.00044630744662702595,0.5920000000000001,0.592,0.8347668080329895,47,93.86123155313544,109.94762358278967,0.0,0.0,0.0
0,scratch,full,27,0.0004410312230385594,0.5750000000000001,0.575,0.8206548749605814,47,94.66564918495715,110.77127528889105,0.0,0.0,0.0
0,scratch,full,28,0.0004355422003591655,0.5880000000000001,0.588,0.7895607864061991,47,93.89082868397236,109.9447552380152,0.0,0.0,0.0
0,scratch,full,29,0.0004298465091275434,0.593,0.593,0.7700822914441426,47,95.18426263611764,111.79509426117875,0.0,0.0,0.0
0,scratch,full,30,0.0004239505107048233,0.566,0.566,0.7528880290985107,47,93.96810591802932,109.86669877287932,0.0,0.0,0.0
0,scratch,full,31,0.00041786079016973627,0.5740000000000001,0.574,0.7193919496536255,47,93.78462921897881,109.67506435397081,0.0,0.0,0.0
0,scratch,full,32,0.00041158414896392116,0.5690000000000001,0.569,0.6988057106335958,47,93.92780074011534,110.16576556302607,0.0,0.0,0.0
0,scratch,full,33,0.00040512759729558113,0.595,0.595,0.6763262898127238,47,93.48289212002419,109.65101942420006,0.0,0.0,0.0
0,scratch,full,34,0.00039849834630997414,0.5640000000000001,0.564,0.652194491704305,47,94.1397424149327,110.19018805515952,0.0,0.0,0.0
0,scratch,full,35,0.0003917038000354835,0.5489999999999999,0.549,0.6286951785087586,47,92.89711478282697,108.63537838682532,0.0,0.0,0.0
0,scratch,full,36,0.0003847515471142615,0.578,0.578,0.6247579243977864,47,93.45961531996727,109.29846738488413,0.0,0.0,0.0
0,scratch,full,37,0.00037764935232668343,0.583,0.583,0.5914044518470765,47,94.0229970139917,110.09410443296656,0.0,0.0,0.0
0,scratch,full,38,0.0003704051479190776,0.578,0.578,0.5688316807746887,47,95.3770491159521,111.23837723117322,0.0,0.0,0.0
0,scratch,full,39,0.00036302702474441743,0.579,0.579,0.5536887703736623,47,94.0079127161298,110.44837477011606,0.0,0.0,0.0
0,scratch,full,40,0.0003555232232258696,0.5820000000000001,0.582,0.5331402374903361,47,94.63622010196559,110.6977588259615,0.0,0.0,0.0
0,scratch,full,41,0.00034790212415329195,0.6,0.6,0.5112722452481587,47,93.97772065293975,110.73778404388577,0.0,0.0,0.0
0,scratch,full,42,0.0003401722393229594,0.5780000000000001,0.578,0.5021241466204326,47,95.0572638779413,111.06840961799026,0.0,0.0,0.0
0,scratch,full,43,0.0003323422020309725,0.583,0.583,0.49553886365890504,47,93.22032278589904,109.38893562508747,0.0,0.0,0.0
0,scratch,full,44,0.0003244207574309657,0.5780000000000001,0.578,0.47314959692955016,47,94.3515724958852,110.59475748706609,0.0,0.0,0.0
0,scratch,full,45,0.0003164167527668859,0.576,0.576,0.4618276937802633,47,94.44374405196868,110.34777219197713,0.0,0.0,0.0
0,scratch,full,46,0.0003083391274917483,0.579,0.579,0.4404298955599467,47,94.82810540497303,111.41703173797578,0.0,0.0,0.0
0,scratch,full,47,0.0003001969032834071,0.578,0.578,0.43709555371602377,47,93.49037382006645,109.67669883696362,0.0,0.0,0.0
0,scratch,full,48,0.00029199917396849096,0.5850000000000001,0.585,0.4234658889770508,47,93.61661718110554,109.94214178016409,0.0,0.0,0.0
0,scratch,full,49,0.0002837550953657579,0.5800000000000001,0.58,0.41241544087727866,47,93.871142096119,110.16543283802457,0.0,0.0,0.0
0,scratch,full,50,0.0002754738750602126,0.587,0.587,0.39658397912979126,47,93.32541228202172,117.28437963384204,0.0,0.0,0.0
0,scratch,full,51,0.00026716476211940786,0.6040000000000001,0.604,0.409206368525823,47,95.14020832697861,111.49679056997411,0.0,0.0,0.0
0,scratch,full,52,0.00025883703676341484,0.572,0.572,0.3689515287081401,47,94.67592913703993,110.93872380419634,0.0,0.0,0.0
0,scratch,full,53,0.0002505,0.5820000000000001,0.582,0.3814617949326833,47,94.98107034689747,111.30384279205464,0.0,0.0,0.0
0,scratch,full,54,0.00024216296323658525,0.5820000000000001,0.582,0.3550957666238149,47,95.44675984419882,111.63561745081097,0.0,0.0,0.0
0,scratch,full,55,0.00023383523788059215,0.575,0.575,0.3615680505434672,47,95.46910331584513,111.8695950768888,0.0,0.0,0.0
0,scratch,full,56,0.00022552612493978745,0.585,0.585,0.34403382110595704,47,95.27049341797829,111.41847710800357,0.0,0.0,0.0
0,scratch,full,57,0.00021724490463424225,0.5830000000000001,0.583,0.3443210272789001,47,94.25332334102131,110.96750377491117,0.0,0.0,0.0
0,scratch,full,58,0.00020900082603150905,0.588,0.588,0.34850768113136293,47,93.7309259348549,109.74215800594538,0.0,0.0,0.0
0,scratch,full,59,0.00020080309671659293,0.58,0.58,0.3208057073752085,47,94.11870869086124,110.1839044620283,0.0,0.0,0.0
0,scratch,full,60,0.00019266087250825167,0.5820000000000001,0.582,0.3175485084851583,47,94.34236824000254,110.35640755086206,0.0,0.0,0.0
0,scratch,full,61,0.00018458324723311413,0.5920000000000001,0.592,0.3166438289483388,47,93.71697595901787,109.60670820297673,0.0,0.0,0.0
0,scratch,full,62,0.00017657924256903434,0.5860000000000001,0.586,0.31616124176979066,47,93.60577831906267,109.67922530719079,0.0,0.0,0.0
0,scratch,full,63,0.00016865779796902748,0.582,0.582,0.3088403258323669,47,94.40251012402587,110.3464000930544,0.0,0.0,0.0
0,scratch,full,64,0.00016082776067704059,0.5920000000000001,0.592,0.3053993178208669,47,94.7814557228703,110.95701038697734,0.0,0.0,0.0
0,scratch,full,65,0.00015309787584670805,0.5760000000000001,0.576,0.30265070565541585,47,94.04311228590086,110.92746887495741,0.0,0.0,0.0
0,scratch,full,66,0.00014547677677413047,0.5810000000000001,0.581,0.29509488328297934,47,94.60681940498762,111.27949247602373,0.0,0.0,0.0
0,scratch,full,67,0.00013797297525558255,0.5780000000000001,0.578,0.30230755837758383,47,95.07041206420399,111.17077534389682,0.0,0.0,0.0
0,scratch,full,68,0.00013059485208092238,0.5980000000000001,0.598,0.2957804826895396,47,94.07113685901277,110.20381070603617,0.0,0.0,0.0
0,scratch,full,69,0.00012335064767331658,0.5880000000000001,0.588,0.288445609331131,47,94.70533433090895,110.66659958194941,0.0,0.0,0.0
0,scratch,full,70,0.00011624845288573853,0.583,0.583,0.29019544355074567,47,94.69151346711442,110.77577253989875,0.0,0.0,0.0
0,scratch,full,71,0.00010929619996451647,0.5860000000000001,0.586,0.27895560455322266,47,95.07646196801215,111.46614837204106,0.0,0.0,0.0
0,scratch,full,72,0.00010250165369002587,0.574,0.574,0.2778572940826416,47,94.85540240909904,110.8379847810138,0.0,0.0,0.0
0,scratch,full,73,9.587240270441893e-05,0.58,0.58,0.27897843742370604,47,95.24176664603874,111.4483855178114,0.0,0.0,0.0
0,scratch,full,74,8.941585103607879e-05,0.579,0.579,0.2744279001553853,47,94.66815722803585,110.92227098578587,0.0,0.0,0.0
0,scratch,full,75,8.313920983026379e-05,0.588,0.588,0.27456305782000223,47,96.24090229091235,119.70122359506786,0.0,0.0,0.0
0,scratch,full,76,7.704948929517675e-05,0.5970000000000001,0.597,0.2707566998799642,47,94.15117882099003,110.09257726790383,0.0,0.0,0.0
0,scratch,full,77,7.115349087245667e-05,0.6020000000000001,0.602,0.27244151147206624,47,94.85301921702921,111.43253383785486,0.0,0.0,0.0
0,scratch,full,78,6.545779964083458e-05,0.591,0.591,0.2697139458656311,47,95.22838428406976,111.36637549800798,0.0,0.0,0.0
0,scratch,full,79,5.996877696144067e-05,0.586,0.586,0.26822130982081094,47,95.08585981000215,111.77077671210282,0.0,0.0,0.0
0,scratch,full,80,5.4692553372974075e-05,0.5940000000000001,0.594,0.26466419084866843,47,94.95659772004001,111.28690584003925,0.0,0.0,0.0
0,scratch,full,81,4.963502174467306e-05,0.583,0.583,0.26398381606737775,47,93.93605117686093,110.18026696005836,0.0,0.0,0.0
0,scratch,full,82,4.480183069473086e-05,0.585,0.585,0.2649483879407247,47,94.73841673089191,110.73897937103175,0.0,0.0,0.0
0,scratch,full,83,4.019837828150914e-05,0.5919999999999999,0.592,0.2599707562128703,47,93.79676268296316,109.87647477304563,0.0,0.0,0.0
0,scratch,full,84,3.5829805974595276e-05,0.579,0.579,0.26331351526578267,47,94.76715970993973,110.8529144229833,0.0,0.0,0.0
0,scratch,full,85,3.1700992912435456e-05,0.5790000000000001,0.579,0.26272438009579974,47,94.04357131407596,109.98613487603143,0.0,0.0,0.0
0,scratch,full,86,2.781655045295966e-05,0.584,0.584,0.26131809655825294,47,93.35241135000251,109.44219676312059,0.0,0.0,0.0
0,scratch,full,87,2.4180817023281995e-05,0.595,0.595,0.2620164957841237,47,94.81033122888766,111.37299657496624,0.0,0.0,0.0
0,scratch,full,88,2.0797853274230994e-05,0.597,0.597,0.2607390429973602,46,94.4950158179272,110.93308038590476,0.0,0.0,0.0
0,scratch,full,89,1.7671437545120165e-05,0.5790000000000001,0.579,0.25986051885286965,47,94.40820966102183,110.31557332281955,0.0,0.0,0.0
0,scratch,full,90,1.480506164382429e-05,0.586,0.586,0.2603765195210775,47,94.3382600999903,110.25521084899083,0.0,0.0,0.0
0,scratch,full,91,1.220192694687535e-05,0.595,0.595,0.26296024640401205,47,94.3381733710412,110.38911503716372,0.0,0.0,0.0
0,scratch,full,92,9.864940823933073e-06,0.587,0.587,0.26190593353907266,47,94.67770331702195,111.12488250504248,0.0,0.0,0.0
0,scratch,full,93,7.796713390623254e-06,0.585,0.585,0.26432742905616763,47,94.37264108005911,110.65952163795009,0.0,0.0,0.0
0,scratch,full,94,5.999554593371605e-06,0.5890000000000001,0.589,0.26004906113942466,47,94.86806326312944,111.01716711185873,0.0,0.0,0.0
0,scratch,full,95,4.475471629487872e-06,0.5879999999999999,0.588,0.25987053592999776,47,94.22752169310115,109.96193352807313,0.0,0.0,0.0
0,scratch,full,96,3.2261667053823824e-06,0.5890000000000001,0.589,0.26058438618977864,47,93.9226079210639,109.87954730121419,0.0,0.0,0.0
0,scratch,full,97,2.253035135418218e-06,0.591,0.591,0.25873189918200173,47,94.61525886505842,110.992102191085,0.0,0.0,0.0
0,scratch,full,98,1.5571637835232856e-06,0.5890000000000001,0.589,0.26106741253534954,47,94.65885329502635,110.64015753590502,0.0,0.0,0.0
0,scratch,full,99,1.1393298493014743e-06,0.5890000000000001,0.589,0.2610583265622457,47,94.08604818000458,110.26407808903605,0.0,0.0,0.0
0,scratch,full,100,1e-06,0.5890000000000001,0.589,0.2587793687184652,47,94.49802313605323,120.06463222485036,0.0,0.0,0.0
0,scratch,low_score_rescue_10,1,0.0001,0.257,0.257,1.8578108097712198,47,103.38312638201751,120.78594089997932,10.0,1.6675,1.7215
0,scratch,low_score_rescue_10,2,0.0002,0.327,0.327,1.7547773367563884,47,98.28361110202968,114.91371312085539,10.0,1.7411666666666668,1.7245
0,scratch,low_score_rescue_10,3,0.00030000000000000003,0.394,0.394,1.7094464848836264,47,97.75209410279058,114.07020957884379,10.0,1.6631666666666667,1.7571666666666668
0,scratch,low_score_rescue_10,4,0.0004,0.381,0.381,1.654236853281657,47,99.82123410794884,116.24128420604393,10.0,1.8635,1.777
0,scratch,low_score_rescue_10,5,0.0005,0.373,0.373,1.6047703844706218,47,98.2839889570605,114.40434849704616,10.0,1.9638333333333333,1.7291666666666667
0,scratch,low_score_rescue_10,6,0.0005,0.442,0.442,1.5359212811787923,47,97.88811913388781,114.19332535006106,10.0,1.9761666666666666,1.6326666666666667
0,scratch,low_score_rescue_10,7,0.0004998606701506985,0.46799999999999997,0.468,1.4538578872680663,47,97.74562754901126,114.0912349219434,10.0,1.9535,1.6198333333333332
0,scratch,low_score_rescue_10,8,0.0004994428362164767,0.483,0.483,1.4137945868174235,47,98.51788152288646,115.01865571504459,10.0,1.9906666666666666,1.5268333333333333
0,scratch,low_score_rescue_10,9,0.0004987469648645818,0.532,0.532,1.3301100800832113,47,98.353046777891,114.92118540103547,10.0,1.8785,1.6248333333333334
0,scratch,low_score_rescue_10,10,0.0004977738332946176,0.484,0.484,1.2752807032267253,47,99.30991829792038,125.03567224508151,10.0,1.8535,1.662
0,scratch,low_score_rescue_10,11,0.0004965245283705121,0.49799999999999994,0.498,1.2519340686798095,47,99.06724321097136,116.14253325690515,10.0,1.8173333333333332,1.6365
0,scratch,low_score_rescue_10,12,0.0004950004454066284,0.545,0.545,1.2240485684076945,47,97.62900726101361,113.88330902601592,10.0,1.7506666666666666,1.664
0,scratch,low_score_rescue_10,13,0.0004932032866093767,0.5449999999999999,0.545,1.1645787340799967,47,98.27700892207213,114.48724860115908,10.0,1.9181666666666666,1.5865
0,scratch,low_score_rescue_10,14,0.000491135059176067,0.529,0.529,1.145454408009847,47,97.88927835412323,114.35075201187283,10.0,1.7896666666666667,1.5516666666666667
0,scratch,low_score_rescue_10,15,0.0004887980730531247,0.5549999999999999,0.555,1.1036722869873048,47,98.10189007921144,114.38623409694992,10.0,1.7911666666666666,1.5961666666666667
0,scratch,low_score_rescue_10,16,0.00048619493835617576,0.531,0.531,1.0917092390060426,47,97.98086564010009,114.65573461493477,10.0,1.8878333333333333,1.5768333333333333
0,scratch,low_score_rescue_10,17,0.00048332856245487986,0.5690000000000001,0.569,1.050152542114258,47,97.54003170900978,113.88244370697066,10.0,1.846,1.5533333333333332
0,scratch,low_score_rescue_10,18,0.000480202146725769,0.575,0.575,1.0292881828943887,47,98.3457295501139,114.87867251993157,10.0,1.9058333333333333,1.5501666666666667
0,scratch,low_score_rescue_10,19,0.00047681918297671805,0.553,0.553,1.0104662348429363,47,98.50352860591374,114.84406490717083,10.0,1.9505,1.496
0,scratch,low_score_rescue_10,20,0.0004731834495470404,0.5579999999999999,0.558,0.9930831336975098,47,96.35253101098351,112.3237862130627,10.0,1.9525,1.4873333333333334
0,scratch,low_score_rescue_10,21,0.00046929900708756454,0.578,0.578,0.9577717523574829,47,97.76557248784229,114.03865140210837,10.0,1.8755,1.5111666666666668
0,scratch,low_score_rescue_10,22,0.0004651701940254048,0.565,0.565,0.9505430202484131,47,99.19102518307045,115.50656325905584,10.0,1.9305,1.5111666666666668
0,scratch,low_score_rescue_10,23,0.00046080162171849087,0.562,0.562,0.9340377499262492,47,97.9706431501545,114.14067064598203,10.0,1.9418333333333333,1.5221666666666667
0,scratch,low_score_rescue_10,24,0.0004561981693052692,0.5750000000000001,0.575,0.8992986005147298,47,98.61626989510842,114.94954108307138,10.0,1.9268333333333334,1.524
0,scratch,low_score_rescue_10,25,0.00045136497825532695,0.5650000000000001,0.565,0.8658700138727824,47,99.31322409491986,123.78425892209634,10.0,1.927,1.5521666666666667
0,scratch,low_score_rescue_10,26,0.00044630744662702595,0.603,0.603,0.8648443714777628,47,98.07065768889152,114.38412356190383,10.0,1.8708333333333333,1.562
0,scratch,low_score_rescue_10,27,0.0004410312230385594,0.593,0.593,0.8341478686332703,47,98.33837049710564,114.39397637499496,10.0,1.8405,1.5483333333333333
0,scratch,low_score_rescue_10,28,0.0004355422003591655,0.5900000000000001,0.59,0.8067929897308349,47,97.56799370399676,113.87034248909913,10.0,1.902,1.5421666666666667
0,scratch,low_score_rescue_10,29,0.0004298465091275434,0.584,0.584,0.7935939388275146,47,97.85553271812387,114.13050131709315,10.0,1.9513333333333334,1.53
0,scratch,low_score_rescue_10,30,0.0004239505107048233,0.5770000000000001,0.577,0.7642949973742167,47,98.7245695029851,115.42480025300756,10.0,1.8866666666666667,1.5385
0,scratch,low_score_rescue_10,31,0.00041786079016973627,0.593,0.593,0.7556461165746053,47,99.84653084399179,116.6026755310595,10.0,1.8761666666666668,1.5438333333333334
0,scratch,low_score_rescue_10,32,0.00041158414896392116,0.5810000000000001,0.581,0.7315741082827251,47,97.36678086803295,114.15956204105169,10.0,1.9018333333333333,1.5123333333333333
0,scratch,low_score_rescue_10,33,0.00040512759729558113,0.5840000000000001,0.584,0.7138404479026794,47,99.14220037381165,115.3979874998331,10.0,1.8268333333333333,1.4876666666666667
0,scratch,low_score_rescue_10,34,0.00039849834630997414,0.58,0.58,0.6913193645477295,47,98.11509500397369,114.25403157901019,10.0,1.828,1.527
0,scratch,low_score_rescue_10,35,0.0003917038000354835,0.5820000000000001,0.582,0.6828608527183533,47,98.90902160201222,115.66260800207965,10.0,1.8758333333333332,1.5431666666666666
0,scratch,low_score_rescue_10,36,0.0003847515471142615,0.594,0.594,0.6544978195826212,47,98.03683619410731,114.44333324301988,10.0,1.8836666666666666,1.5266666666666666
0,scratch,low_score_rescue_10,37,0.00037764935232668343,0.595,0.595,0.6239277518590292,47,99.17219423409551,115.49894509511068,10.0,1.8801666666666668,1.5611666666666666
0,scratch,low_score_rescue_10,38,0.0003704051479190776,0.5860000000000001,0.586,0.6100487200419108,47,97.45524137699977,114.19464259501547,10.0,1.8593333333333333,1.5565
0,scratch,low_score_rescue_10,39,0.00036302702474441743,0.59,0.59,0.5995915137926737,47,99.73823972698301,116.56652289512567,10.0,1.8005,1.5401666666666667
0,scratch,low_score_rescue_10,40,0.0003555232232258696,0.5980000000000001,0.598,0.5859490025043488,47,98.52886847406626,114.93373527796939,10.0,1.8406666666666667,1.5156666666666667
0,scratch,low_score_rescue_10,41,0.00034790212415329195,0.5970000000000001,0.597,0.5676000334421794,47,98.17186022084206,114.4517474360764,10.0,1.8328333333333333,1.5443333333333333
0,scratch,low_score_rescue_10,42,0.0003401722393229594,0.615,0.615,0.5450018583933512,47,97.74721774598584,114.71874159411527,10.0,1.8786666666666667,1.5385
0,scratch,low_score_rescue_10,43,0.0003323422020309725,0.607,0.607,0.5360911332766215,47,98.34520528907888,114.83114098384976,10.0,1.859,1.5121666666666667
0,scratch,low_score_rescue_10,44,0.0003244207574309657,0.583,0.583,0.5304220552444459,47,97.75258172489703,114.0601716809906,10.0,1.8413333333333333,1.5208333333333333
0,scratch,low_score_rescue_10,45,0.0003164167527668859,0.5820000000000001,0.582,0.5312618263562521,47,98.74564171093516,115.05154752894305,10.0,1.8285,1.532
0,scratch,low_score_rescue_10,46,0.0003083391274917483,0.591,0.591,0.5008516240914662,47,98.01030715578236,114.20455536595546,10.0,1.841,1.5106666666666666
0,scratch,low_score_rescue_10,47,0.0003001969032834071,0.6020000000000001,0.602,0.490373310248057,47,97.69573797704652,113.80452628689818,10.0,1.8811666666666667,1.5173333333333334
0,scratch,low_score_rescue_10,48,0.00029199917396849096,0.592,0.592,0.47199821440378825,47,98.60894309799187,115.12643400905654,10.0,1.83,1.5213333333333334
0,scratch,low_score_rescue_10,49,0.0002837550953657579,0.5880000000000001,0.588,0.4661266246636709,47,98.66380060696974,115.07687236997299,10.0,1.8431666666666666,1.5298333333333334
0,scratch,low_score_rescue_10,50,0.0002754738750602126,0.5890000000000001,0.589,0.45475438245137534,47,99.28340171603486,123.256452947855,10.0,1.8355,1.5286666666666666
0,scratch,low_score_rescue_10,51,0.00026716476211940786,0.591,0.591,0.4408412677447001,47,100.16512842802331,116.94709030305967,10.0,1.8583333333333334,1.5378333333333334
0,scratch,low_score_rescue_10,52,0.00025883703676341484,0.596,0.596,0.43442623607317604,47,99.30243424000219,116.09313032194041,10.0,1.8141666666666667,1.5291666666666666
0,scratch,low_score_rescue_10,53,0.0002505,0.5940000000000001,0.594,0.43895284509658816,47,99.98793608509004,116.8547814229969,10.0,1.8441666666666667,1.524
0,scratch,low_score_rescue_10,54,0.00024216296323658525,0.592,0.592,0.42736456950505575,47,99.16459698812105,115.68853649287485,10.0,1.8478333333333334,1.5136666666666667
0,scratch,low_score_rescue_10,55,0.00023383523788059215,0.6000000000000001,0.6,0.42100936381022136,47,98.71490467805415,115.16822618502192,10.0,1.8461666666666667,1.509
0,scratch,low_score_rescue_10,56,0.00022552612493978745,0.591,0.591,0.41005052216847737,47,97.59512480790727,114.43020113813691,10.0,1.8241666666666667,1.5295
0,scratch,low_score_rescue_10,57,0.00021724490463424225,0.598,0.598,0.40442608467737834,47,98.37855235184543,114.96397775015794,10.0,1.8245,1.5486666666666666
0,scratch,low_score_rescue_10,58,0.00020900082603150905,0.589,0.589,0.397584578593572,47,98.73061947990209,115.56904820306227,10.0,1.7971666666666666,1.5253333333333334
0,scratch,low_score_rescue_10,59,0.00020080309671659293,0.599,0.599,0.38889511092503865,47,99.67414787388407,116.05978748388588,10.0,1.8166666666666667,1.5316666666666667
0,scratch,low_score_rescue_10,60,0.00019266087250825167,0.587,0.587,0.3844377698898315,47,98.93075604899786,115.20810823515058,10.0,1.8161666666666667,1.5456666666666667
0,scratch,low_score_rescue_10,61,0.00018458324723311413,0.6010000000000001,0.601,0.3866074262460073,47,99.2658791190479,115.98967078397982,10.0,1.8536666666666666,1.5408333333333333
0,scratch,low_score_rescue_10,62,0.00017657924256903434,0.5880000000000001,0.588,0.38057248369852703,47,98.41574402106926,114.77974865189753,10.0,1.823,1.5318333333333334
0,scratch,low_score_rescue_10,63,0.00016865779796902748,0.6039999999999999,0.604,0.3710047217210134,47,99.96811440493912,116.21429310180247,10.0,1.8285,1.5038333333333334
0,scratch,low_score_rescue_10,64,0.00016082776067704059,0.5960000000000001,0.596,0.36743982299168904,47,98.35712413210422,115.13229108811356,10.0,1.8455,1.5308333333333333
0,scratch,low_score_rescue_10,65,0.00015309787584670805,0.5970000000000001,0.597,0.3597267251809438,47,98.38686537183821,114.95590810198337,10.0,1.8396666666666666,1.5316666666666667
0,scratch,low_score_rescue_10,66,0.00014547677677413047,0.5980000000000001,0.598,0.35477037652333576,47,98.2747296099551,114.69470996083692,10.0,1.8571666666666666,1.5568333333333333
0,scratch,low_score_rescue_10,67,0.00013797297525558255,0.591,0.591,0.35901312947273256,46,99.44652493298054,115.89552419399843,10.0,1.8863333333333334,1.5455
0,scratch,low_score_rescue_10,68,0.00013059485208092238,0.602,0.602,0.34895180265108744,47,98.6275174699258,114.98109607305378,10.0,1.8116666666666668,1.546
0,scratch,low_score_rescue_10,69,0.00012335064767331658,0.5900000000000001,0.59,0.3437743128140767,47,99.07534898119047,115.74571930593811,10.0,1.8251666666666666,1.5556666666666668
0,scratch,low_score_rescue_10,70,0.00011624845288573853,0.6140000000000001,0.614,0.3480341022809347,47,99.9653337940108,116.56532412301749,10.0,1.8443333333333334,1.5421666666666667
0,scratch,low_score_rescue_10,71,0.00010929619996451647,0.604,0.604,0.34741053851445514,47,99.04820270091295,115.39848638093099,10.0,1.8253333333333333,1.5451666666666666
0,scratch,low_score_rescue_10,72,0.00010250165369002587,0.6039999999999999,0.604,0.3443787745634715,47,102.26493110787123,118.54497497389093,10.0,1.8188333333333333,1.5468333333333333
0,scratch,low_score_rescue_10,73,9.587240270441893e-05,0.587,0.587,0.3363274242083232,47,98.64086252194829,114.97213226882741,10.0,1.8356666666666666,1.5445
0,scratch,low_score_rescue_10,74,8.941585103607879e-05,0.6060000000000001,0.606,0.33659674660364786,47,99.04946300503798,115.46213014586829,10.0,1.8085,1.5193333333333334
0,scratch,low_score_rescue_10,75,8.313920983026379e-05,0.607,0.607,0.33344142071406047,47,98.7681194820907,122.93943809112534,10.0,1.8176666666666668,1.5266666666666666
0,scratch,low_score_rescue_10,76,7.704948929517675e-05,0.6050000000000001,0.605,0.32856270694732664,47,98.31992815202102,114.57510774210095,10.0,1.8523333333333334,1.5413333333333334
0,scratch,low_score_rescue_10,77,7.115349087245667e-05,0.6090000000000001,0.609,0.32937826959292094,47,98.44478313880973,114.77337745693512,10.0,1.8283333333333334,1.5206666666666666
0,scratch,low_score_rescue_10,78,6.545779964083458e-05,0.6040000000000001,0.604,0.32464645584424334,47,99.76888352795504,116.53676777915098,10.0,1.8338333333333334,1.5573333333333332
0,scratch,low_score_rescue_10,79,5.996877696144067e-05,0.595,0.595,0.32543489535649617,47,98.6915636069607,115.1733594769612,10.0,1.8543333333333334,1.5431666666666666
0,scratch,low_score_rescue_10,80,5.4692553372974075e-05,0.6069999999999999,0.607,0.322185031970342,47,98.42683106288314,115.30531076807529,10.0,1.8555,1.5271666666666666
0,scratch,low_score_rescue_10,81,4.963502174467306e-05,0.611,0.611,0.3309265012741089,47,98.2994154850021,114.58778092986904,10.0,1.8833333333333333,1.5328333333333333
0,scratch,low_score_rescue_10,82,4.480183069473086e-05,0.6050000000000001,0.605,0.3235057010650635,47,98.74699791893363,115.3694661790505,10.0,1.8516666666666666,1.5345
0,scratch,low_score_rescue_10,83,4.019837828150914e-05,0.6120000000000001,0.612,0.3254653862317403,47,99.01520414883271,115.4522592658177,10.0,1.882,1.5305
0,scratch,low_score_rescue_10,84,3.5829805974595276e-05,0.612,0.612,0.32163925011952715,47,99.02894160989672,115.53739685798064,10.0,1.8781666666666668,1.5226666666666666
0,scratch,low_score_rescue_10,85,3.1700992912435456e-05,0.604,0.604,0.32447150349617004,47,99.32583676907234,115.89798595709726,10.0,1.8823333333333334,1.5325
0,scratch,low_score_rescue_10,86,2.781655045295966e-05,0.612,0.612,0.32718510778745014,47,99.27111092302948,115.65097761317156,10.0,1.8591666666666666,1.5325
0,scratch,low_score_rescue_10,87,2.4180817023281995e-05,0.6170000000000001,0.617,0.3218252564271291,47,98.26273941993713,114.64162193494849,10.0,1.8648333333333333,1.5016666666666667
0,scratch,low_score_rescue_10,88,2.0797853274230994e-05,0.6199999999999999,0.62,0.3211577846209208,47,98.28966786782257,114.55092737008817,10.0,1.8558333333333332,1.5146666666666666
0,scratch,low_score_rescue_10,89,1.7671437545120165e-05,0.619,0.619,0.31991604129473367,47,98.82518563093618,115.15182662615553,10.0,1.8505,1.5185
0,scratch,low_score_rescue_10,90,1.480506164382429e-05,0.622,0.622,0.320420546690623,47,99.41172926104628,116.0491890728008,10.0,1.8698333333333332,1.5155
0,scratch,low_score_rescue_10,91,1.220192694687535e-05,0.628,0.628,0.321264976978302,47,98.67702586390078,115.19386889901944,10.0,1.864,1.4951666666666668
0,scratch,low_score_rescue_10,92,9.864940823933073e-06,0.623,0.623,0.3128774388631185,47,98.27945252507925,114.91802175994962,10.0,1.8628333333333333,1.525
0,scratch,low_score_rescue_10,93,7.796713390623254e-06,0.615,0.615,0.31703807663917544,47,98.96783139603212,115.36741523584351,10.0,1.8563333333333334,1.5165
0,scratch,low_score_rescue_10,94,5.999554593371605e-06,0.6200000000000001,0.62,0.31676407567660014,47,98.57478202297352,115.13390986109152,10.0,1.8658333333333332,1.5286666666666666
0,scratch,low_score_rescue_10,95,4.475471629487872e-06,0.6180000000000001,0.618,0.32018046855926513,47,99.1790730881039,115.49074371997267,10.0,1.8501666666666667,1.5115
0,scratch,low_score_rescue_10,96,3.2261667053823824e-06,0.617,0.617,0.3182074383099874,47,99.98603804199956,116.50212778104469,10.0,1.8465,1.5233333333333334
0,scratch,low_score_rescue_10,97,2.253035135418218e-06,0.615,0.615,0.3165750022729238,47,99.72010677587241,115.82791278790683,10.0,1.8645,1.5371666666666666
0,scratch,low_score_rescue_10,98,1.5571637835232856e-06,0.618,0.618,0.3178527506192525,47,98.43974083894864,114.93559292703867,10.0,1.8641666666666667,1.503
0,scratch,low_score_rescue_10,99,1.1393298493014743e-06,0.618,0.618,0.3221300052801768,47,98.54769276897423,114.95960090612061,10.0,1.8743333333333334,1.523
0,scratch,low_score_rescue_10,100,1e-06,0.6170000000000001,0.617,0.32190517552693687,47,98.61540685221553,123.15302646486089,10.0,1.8631666666666666,1.5196666666666667
0,scratch,random,1,0.0001,0.262,0.262,1.8658661212921142,47,95.07642954890616,111.24900974682532,0.0,8.044,9.296666666666667
0,scratch,random,2,0.0002,0.32100000000000006,0.321,1.7631582647959392,47,98.20611826493405,115.12563727679662,0.0,8.729,8.774666666666667
0,scratch,random,3,0.00030000000000000003,0.32099999999999995,0.321,1.7263371473948161,47,93.12935388716869,109.43611201597378,0.0,8.788166666666667,8.701166666666667
0,scratch,random,4,0.0004,0.33899999999999997,0.339,1.6842653239568075,47,93.85527693293989,110.03088538302109,0.0,9.528333333333334,7.955166666666667
0,scratch,random,5,0.0005,0.374,0.374,1.63529017384847,47,93.97464776597917,110.23839737195522,0.0,9.833666666666666,7.553333333333334
0,scratch,random,6,0.0005,0.345,0.345,1.5689375737508138,47,92.93641769699752,109.13788668904454,0.0,8.863666666666667,8.609666666666667
0,scratch,random,7,0.0004998606701506985,0.4450000000000001,0.445,1.5091250960032145,47,93.3310585890431,109.66058830590919,0.0,8.940333333333333,8.528666666666666
0,scratch,random,8,0.0004994428362164767,0.434,0.434,1.4525916283925375,47,94.54423751099966,110.60374883399345,0.0,8.7585,8.7785
0,scratch,random,9,0.0004987469648645818,0.47800000000000004,0.478,1.384730684598287,47,93.21931780991144,109.39919706084765,0.0,8.250833333333333,9.1755
0,scratch,random,10,0.0004977738332946176,0.53,0.53,1.3143998641967773,47,94.51601794501767,122.80486960010603,0.0,8.7225,8.704666666666666
0,scratch,random,11,0.0004965245283705121,0.497,0.497,1.2715853366851806,47,94.21825362998061,110.18099947203882,0.0,9.179666666666666,8.295
0,scratch,random,12,0.0004950004454066284,0.541,0.541,1.2370466391245525,47,93.53307676385157,110.12137945415452,0.0,9.017666666666667,8.411333333333333
0,scratch,random,13,0.0004932032866093767,0.541,0.541,1.2077395839691163,47,93.628000237979,109.53016682318412,0.0,8.519666666666666,8.890166666666667
0,scratch,random,14,0.000491135059176067,0.5349999999999999,0.535,1.1621054519017537,47,92.97971490491182,109.22174376319163,0.0,8.754333333333333,8.641
0,scratch,random,15,0.0004887980730531247,0.5509999999999999,0.551,1.1236467197736104,47,93.4769923761487,110.0685408199206,0.0,8.758166666666666,8.715333333333334
0,scratch,random,16,0.00048619493835617576,0.582,0.582,1.1021965322494507,47,94.61606619181111,110.93356992816553,0.0,9.1135,8.339166666666667
0,scratch,random,17,0.00048332856245487986,0.562,0.562,1.062421095530192,47,93.52990229194984,109.65129072917625,0.0,9.188,8.225666666666667
0,scratch,random,18,0.000480202146725769,0.5619999999999999,0.562,1.0366625398000082,47,93.40664192009717,109.60452794702724,0.0,9.355166666666667,8.021833333333333
0,scratch,random,19,0.00047681918297671805,0.5630000000000001,0.563,1.025705619017283,47,93.19219559500925,109.31034464598633,0.0,9.3235,8.110666666666667
0,scratch,random,20,0.0004731834495470404,0.576,0.576,0.9831045440038045,47,92.69173023989424,108.98854159400798,0.0,9.402166666666666,8.065833333333334
0,scratch,random,21,0.00046929900708756454,0.5660000000000001,0.566,0.9843337341944377,47,93.70067671104334,109.94729375792667,0.0,9.407166666666667,8.0095
0,scratch,random,22,0.0004651701940254048,0.568,0.568,0.9319070665041606,47,93.95835050800815,110.1190247440245,0.0,9.342833333333333,8.122333333333334
0,scratch,random,23,0.00046080162171849087,0.592,0.592,0.9269625012079875,47,93.15724871400744,109.42240809486248,0.0,9.425333333333333,8.0495
0,scratch,random,24,0.0004561981693052692,0.5940000000000001,0.594,0.8983577966690064,47,92.91307267313823,109.02965086512268,0.0,9.269833333333333,8.176833333333333
0,scratch,random,25,0.00045136497825532695,0.583,0.583,0.8624593745867412,47,93.56359505094588,120.63070694007911,0.0,9.0815,8.3695
0,scratch,random,26,0.00044630744662702595,0.579,0.579,0.8432712586720784,47,93.28447495703585,109.39223929611035,0.0,8.909,8.492666666666667
0,scratch,random,27,0.0004410312230385594,0.571,0.571,0.8200887484550476,47,94.0044452950824,109.97661746502854,0.0,9.105666666666666,8.359833333333333
0,scratch,random,28,0.0004355422003591655,0.5819999999999999,0.582,0.8049539388020833,47,93.29290510411374,109.2343761799857,0.0,9.354166666666666,8.1035
0,scratch,random,29,0.0004298465091275434,0.59,0.59,0.7765394692420959,47,92.86830663098954,109.02973077399656,0.0,9.034833333333333,8.449833333333334
0,scratch,random,30,0.0004239505107048233,0.5839999999999999,0.584,0.7440460472106933,47,93.64145116694272,110.09776746993884,0.0,9.293,8.160666666666666
0,scratch,random,31,0.00041786079016973627,0.5910000000000001,0.591,0.7339182111422221,47,93.76711533404887,110.0254506811034,0.0,9.086833333333333,8.303666666666667
0,scratch,random,32,0.00041158414896392116,0.5730000000000001,0.573,0.7035657226244608,47,93.2652415370103,109.41870611184277,0.0,9.187833333333334,8.268833333333333
0,scratch,random,33,0.00040512759729558113,0.5879999999999999,0.588,0.6925942125320435,47,93.32997658592649,109.33476109616458,0.0,8.954833333333333,8.47
0,scratch,random,34,0.00039849834630997414,0.6,0.6,0.6760223388671875,47,93.95056135812774,110.212004421046,0.0,9.042333333333334,8.366
0,scratch,random,35,0.0003917038000354835,0.591,0.591,0.6492563710212708,47,93.13908523507416,109.32618460198864,0.0,9.356166666666667,8.025166666666667
0,scratch,random,36,0.0003847515471142615,0.587,0.587,0.6437352561950683,47,92.76851901202463,108.81111671309918,0.0,9.274,8.156333333333333
0,scratch,random,37,0.00037764935232668343,0.568,0.568,0.6357026969591777,47,94.46678284811787,110.75362491304986,0.0,9.196833333333334,8.176833333333333
0,scratch,random,38,0.0003704051479190776,0.566,0.566,0.5783290378252666,47,94.24679671600461,110.09533151984215,0.0,9.074166666666667,8.334333333333333
0,scratch,random,39,0.00036302702474441743,0.5800000000000001,0.58,0.5758413912455241,47,93.46562983305193,109.71979006100446,0.0,9.2185,8.232833333333334
0,scratch,random,40,0.0003555232232258696,0.603,0.603,0.5579193304379781,47,93.70443888194859,109.90563577995636,0.0,9.3975,8.040666666666667
0,scratch,random,41,0.00034790212415329195,0.595,0.595,0.5405954365730286,47,93.57975080702454,109.74783131387085,0.0,9.1535,8.262166666666667
0,scratch,random,42,0.0003401722393229594,0.5760000000000001,0.576,0.5290583462715149,47,93.36766901798546,109.520209251903,0.0,9.214166666666667,8.224166666666667
0,scratch,random,43,0.0003323422020309725,0.584,0.584,0.5022191146214803,47,93.08388226106763,109.36259074509144,0.0,9.455166666666667,7.983333333333333
0,scratch,random,44,0.0003244207574309657,0.594,0.594,0.5057521216074625,47,94.37553219497204,110.59443343104795,0.0,9.368,8.0465
0,scratch,random,45,0.0003164167527668859,0.5820000000000001,0.582,0.4813783399264018,47,93.0775644290261,109.121172596002,0.0,9.449166666666667,7.9835
0,scratch,random,46,0.0003083391274917483,0.576,0.576,0.48384005173047384,47,93.89673653501086,110.2996118250303,0.0,9.416333333333334,7.984
0,scratch,random,47,0.0003001969032834071,0.587,0.587,0.4547840339342753,47,93.20691468799487,109.55784429702908,0.0,9.467166666666667,7.986
0,scratch,random,48,0.00029199917396849096,0.566,0.566,0.46192298555374145,47,94.17559901019558,110.54493940807879,0.0,9.354333333333333,8.0805
0,scratch,random,49,0.0002837550953657579,0.5800000000000001,0.58,0.4341652225653331,47,93.52141083194874,109.6948127108626,0.0,9.298166666666667,8.1235
0,scratch,random,50,0.0002754738750602126,0.585,0.585,0.4268064947128296,47,92.42729394510388,117.72538001602516,0.0,9.333333333333334,8.055
0,scratch,random,51,0.00026716476211940786,0.556,0.556,0.42205965948104857,47,94.0910202418454,110.4986812940333,0.0,9.351166666666666,8.102166666666667
0,scratch,random,52,0.00025883703676341484,0.568,0.568,0.4096615439256032,47,94.54827010212466,110.89929297706112,0.0,9.513333333333334,7.952166666666667
0,scratch,random,53,0.0002505,0.585,0.585,0.4136356693903605,47,94.41441154014319,111.09706087689847,0.0,9.404666666666667,8.061166666666667
0,scratch,random,54,0.00024216296323658525,0.5820000000000001,0.582,0.388464736143748,47,95.5346561439801,111.69881700491533,0.0,9.348166666666666,8.1105
0,scratch,random,55,0.00023383523788059215,0.5690000000000002,0.569,0.3956585949261983,47,94.37505057500675,110.88327607815154,0.0,9.492833333333333,7.935
0,scratch,random,56,0.00022552612493978745,0.579,0.579,0.380458546479543,47,95.00347578711808,111.42672638618387,0.0,9.5835,7.931333333333333
0,scratch,random,57,0.00021724490463424225,0.573,0.573,0.3778936539491018,47,94.41174042783678,110.81248228484765,0.0,9.400333333333334,8.064333333333334
0,scratch,random,58,0.00020900082603150905,0.587,0.587,0.37685797627766926,47,93.26418556110002,109.2034167391248,0.0,9.521333333333333,7.879166666666666
0,scratch,random,59,0.00020080309671659293,0.594,0.594,0.36604064790407814,47,94.39065783284605,110.42681129509583,0.0,9.490166666666667,8.037833333333333
0,scratch,random,60,0.00019266087250825167,0.599,0.599,0.35811994393666585,47,95.48796657286584,111.78576903720386,0.0,9.476333333333333,7.950833333333334
0,scratch,random,61,0.00018458324723311413,0.5780000000000001,0.578,0.34999314745267235,47,93.41316569689661,109.61160332197323,0.0,9.367,8.0865
0,scratch,random,62,0.00017657924256903434,0.587,0.587,0.34762138485908506,47,93.46979179303162,109.45858445810154,0.0,9.474,7.998333333333333
0,scratch,random,63,0.00016865779796902748,0.5999999999999999,0.6,0.3456142418384552,47,94.81525870598853,110.98832819401287,0.0,9.483333333333333,7.9783333333333335
0,scratch,random,64,0.00016082776067704059,0.5919999999999999,0.592,0.33034832406044007,47,93.56034742901102,109.97274115192704,0.0,9.264666666666667,8.1585
0,scratch,random,65,0.00015309787584670805,0.584,0.584,0.331750527938207,47,93.72562035592273,110.05593541986309,0.0,9.288166666666667,8.191333333333333
0,scratch,random,66,0.00014547677677413047,0.583,0.583,0.32660355099042254,47,93.35395450983196,109.65057442104444,0.0,9.442333333333334,8.0675
0,scratch,random,67,0.00013797297525558255,0.591,0.591,0.33275318280855815,47,93.39674751809798,109.71723075886257,0.0,9.498666666666667,7.974166666666667
0,scratch,random,68,0.00013059485208092238,0.5920000000000001,0.592,0.3287129405339559,47,94.0580863780342,110.27758105401881,0.0,9.384833333333333,8.066333333333333
0,scratch,random,69,0.00012335064767331658,0.5690000000000002,0.569,0.31485328793525696,47,94.05892457510345,110.36142660002224,0.0,9.343666666666667,8.121333333333334
0,scratch,random,70,0.00011624845288573853,0.579,0.579,0.31563957516352337,47,94.24986339407042,110.46258331206627,0.0,9.220333333333333,8.238333333333333
0,scratch,random,71,0.00010929619996451647,0.587,0.587,0.32263238430023194,47,94.06893233000301,110.48498805705458,0.0,9.308166666666667,8.135
0,scratch,random,72,0.00010250165369002587,0.587,0.587,0.3190129455725352,47,93.5495992100332,109.79036099999212,0.0,9.300666666666666,8.186166666666667
0,scratch,random,73,9.587240270441893e-05,0.603,0.603,0.31392043765385946,47,94.21785083087161,110.55446963803843,0.0,9.269166666666667,8.197666666666667
0,scratch,random,74,8.941585103607879e-05,0.6060000000000001,0.606,0.315598340511322,47,93.90675632189959,110.73219075403176,0.0,9.295833333333333,8.214
0,scratch,random,75,8.313920983026379e-05,0.5810000000000001,0.581,0.30677836879094444,47,96.98195884097368,121.60337624512613,0.0,9.289166666666667,8.127333333333333
0,scratch,random,76,7.704948929517675e-05,0.5890000000000001,0.589,0.30610322268803913,47,94.2764695158694,110.70506660686806,0.0,9.3295,8.127833333333333
0,scratch,random,77,7.115349087245667e-05,0.5880000000000001,0.588,0.30574428566296896,47,93.58736490597948,109.68961271992885,0.0,9.268833333333333,8.189333333333334
0,scratch,random,78,6.545779964083458e-05,0.5810000000000001,0.581,0.3029530285199483,47,94.244826417882,110.42405739193782,0.0,9.179333333333334,8.2835
0,scratch,random,79,5.996877696144067e-05,0.591,0.591,0.30575582846005755,47,93.6790203419514,110.06576761999168,0.0,9.192833333333333,8.204833333333333
0,scratch,random,80,5.4692553372974075e-05,0.5880000000000001,0.588,0.2973249882062276,47,93.72354428214021,109.7747287331149,0.0,9.218,8.190166666666666
0,scratch,random,81,4.963502174467306e-05,0.5950000000000001,0.595,0.29528871695200604,47,92.48061212711036,108.86295442096889,0.0,9.269833333333333,8.178833333333333
0,scratch,random,82,4.480183069473086e-05,0.592,0.592,0.30077141666412355,47,94.04029838298447,110.29208735493012,0.0,9.253166666666667,8.159666666666666
0,scratch,random,83,4.019837828150914e-05,0.597,0.597,0.2990467596848806,47,93.26164811011404,109.66256903600879,0.0,9.2975,8.276
0,scratch,random,84,3.5829805974595276e-05,0.591,0.591,0.2957867120901744,47,93.9069355931133,110.20391122880392,0.0,9.265833333333333,8.203833333333334
0,scratch,random,85,3.1700992912435456e-05,0.587,0.587,0.2941009521484375,47,93.69706692104228,109.90407085209154,0.0,9.226666666666667,8.263666666666667
0,scratch,random,86,2.781655045295966e-05,0.587,0.587,0.2951095187664032,47,93.04033662914298,109.32613088004291,0.0,9.135333333333334,8.2865
0,scratch,random,87,2.4180817023281995e-05,0.594,0.594,0.2998662746747335,47,94.27490809001029,110.7338717081584,0.0,9.195333333333334,8.203333333333333
0,scratch,random,88,2.0797853274230994e-05,0.599,0.599,0.29909492206573485,46,94.18105372809805,110.44019859703258,0.0,9.203333333333333,8.2105
0,scratch,random,89,1.7671437545120165e-05,0.597,0.597,0.2929891718228658,47,93.48997596208937,110.20866629900411,0.0,9.258833333333333,8.192
0,scratch,random,90,1.480506164382429e-05,0.5969999999999999,0.597,0.29289411155382794,47,94.62460974603891,110.98955062613823,0.0,9.189833333333333,8.224666666666666
0,scratch,random,91,1.220192694687535e-05,0.588,0.588,0.2977828199068705,47,92.8616614928469,109.01434740307741,0.0,9.205166666666667,8.224833333333333
0,scratch,random,92,9.864940823933073e-06,0.5940000000000001,0.594,0.2963245113690694,47,93.8469290859066,110.30986423091963,0.0,9.242833333333333,8.184833333333334
0,scratch,random,93,7.796713390623254e-06,0.595,0.595,0.29981697034835814,47,93.90357117308304,109.92384815285914,0.0,9.209333333333333,8.239333333333333
0,scratch,random,94,5.999554593371605e-06,0.599,0.599,0.29036655322710675,47,93.65216271486133,109.94748337101191,0.0,9.242166666666666,8.207333333333333
0,scratch,random,95,4.475471629487872e-06,0.599,0.599,0.29727577352523804,47,94.47822484187782,110.57434682291932,0.0,9.204666666666666,8.223333333333333
0,scratch,random,96,3.2261667053823824e-06,0.5959999999999999,0.596,0.2959414424101512,47,93.69130717590451,109.94308912591077,0.0,9.165,8.206666666666667
0,scratch,random,97,2.253035135418218e-06,0.592,0.592,0.2923109742005666,47,93.89349282789044,110.2274387080688,0.0,9.262833333333333,8.163833333333333
0,scratch,random,98,1.5571637835232856e-06,0.593,0.593,0.29112267621358234,47,94.01602327707224,110.450823741965,0.0,9.245,8.204166666666667
0,scratch,random,99,1.1393298493014743e-06,0.5960000000000001,0.596,0.29195829860369366,47,93.77750570885837,109.62373426090926,0.0,9.264,8.191
0,scratch,random,100,1e-06,0.5940000000000001,0.594,0.29624742348988853,47,94.76427520508878,120.99926798185334,0.0,9.265166666666667,8.211833333333333
0,scratch,random_rescue_10,1,0.0001,0.253,0.253,1.8610550514856974,47,100.81901644193567,117.79834052408114,10.0,1.658,1.9123333333333334
0,scratch,random_rescue_10,2,0.0002,0.31999999999999995,0.32,1.7545775219599407,47,103.5558340169955,120.62453066697344,10.0,1.791,1.763
0,scratch,random_rescue_10,3,0.00030000000000000003,0.34199999999999997,0.342,1.7160633929570517,47,98.06275983992964,114.65757242799737,10.0,1.8101666666666667,1.7925
0,scratch,random_rescue_10,4,0.0004,0.358,0.358,1.6748681383132935,47,97.9774688789621,114.48292292910628,10.0,1.9716666666666667,1.6021666666666667
0,scratch,random_rescue_10,5,0.0005,0.378,0.378,1.6256536744435628,47,98.0864527861122,114.56238210899755,10.0,1.9781666666666666,1.5885
0,scratch,random_rescue_10,6,0.0005,0.41600000000000004,0.416,1.578037269592285,47,98.06187179801054,114.27418771595694,10.0,1.9616666666666667,1.6558333333333333
0,scratch,random_rescue_10,7,0.0004998606701506985,0.473,0.473,1.466464111963908,47,98.05721561284736,114.40705417399295,10.0,1.9626666666666666,1.6348333333333334
0,scratch,random_rescue_10,8,0.0004994428362164767,0.45099999999999996,0.451,1.4115108118057251,47,98.75181256397627,115.02876982511953,10.0,1.9588333333333334,1.603
0,scratch,random_rescue_10,9,0.0004987469648645818,0.489,0.489,1.3529824771881103,47,98.8308436430525,115.27653386001475,10.0,1.969,1.609
0,scratch,random_rescue_10,10,0.0004977738332946176,0.496,0.496,1.3006234019597371,47,99.32762886001728,125.30677698296495,10.0,1.9948333333333332,1.5701666666666667
0,scratch,random_rescue_10,11,0.0004965245283705121,0.507,0.507,1.2627864958445232,47,98.37214409699664,114.95616724318825,10.0,2.0056666666666665,1.5608333333333333
0,scratch,random_rescue_10,12,0.0004950004454066284,0.56,0.56,1.2044098399480183,47,98.61242906795815,114.87949888198636,10.0,1.9528333333333334,1.6253333333333333
0,scratch,random_rescue_10,13,0.0004932032866093767,0.5349999999999999,0.535,1.1813148635228474,47,98.58534410689026,115.45367714879103,10.0,1.9736666666666667,1.5671666666666666
0,scratch,random_rescue_10,14,0.000491135059176067,0.532,0.532,1.162507635116577,47,98.64411205495708,115.37449197401293,10.0,2.04,1.5286666666666666
0,scratch,random_rescue_10,15,0.0004887980730531247,0.553,0.553,1.124974588394165,47,98.17331494903192,114.49521735310555,10.0,1.9626666666666666,1.5923333333333334
0,scratch,random_rescue_10,16,0.00048619493835617576,0.551,0.551,1.0820773477554322,47,98.82214225898497,115.29284231713973,10.0,2.0095,1.5495
0,scratch,random_rescue_10,17,0.00048332856245487986,0.592,0.592,1.0693875150680543,47,97.38765188492835,113.72639043582603,10.0,1.9793333333333334,1.5823333333333334
0,scratch,random_rescue_10,18,0.000480202146725769,0.568,0.568,1.0268362429936726,47,97.80957305501215,113.97631678008474,10.0,1.904,1.6433333333333333
0,scratch,random_rescue_10,19,0.00047681918297671805,0.5660000000000001,0.566,1.0096513544718424,47,98.58996989298612,114.72313633700833,10.0,1.9135,1.6663333333333334
0,scratch,random_rescue_10,20,0.0004731834495470404,0.5740000000000001,0.574,0.9910418488184611,47,99.12412220495753,115.33372393203899,10.0,1.9185,1.6311666666666667
0,scratch,random_rescue_10,21,0.00046929900708756454,0.583,0.583,0.9690223852793376,47,97.59084600419737,113.83403355092742,10.0,1.9115,1.6446666666666667
0,scratch,random_rescue_10,22,0.0004651701940254048,0.5700000000000001,0.57,0.9541120398839315,47,98.8102246269118,115.71067800582387,10.0,1.9195,1.5868333333333333
0,scratch,random_rescue_10,23,0.00046080162171849087,0.5760000000000001,0.576,0.9360165618260702,47,98.08644443098456,114.16853067907505,10.0,1.9368333333333334,1.5763333333333334
0,scratch,random_rescue_10,24,0.0004561981693052692,0.545,0.545,0.9081459372838339,47,98.11605771188624,114.6352379580494,10.0,1.895,1.6595
0,scratch,random_rescue_10,25,0.00045136497825532695,0.602,0.602,0.8765329491297404,47,99.36153960600495,124.41574023803696,10.0,1.9095,1.659
0,scratch,random_rescue_10,26,0.00044630744662702595,0.585,0.585,0.8547952273686726,47,98.62749802879989,114.8915808510501,10.0,1.885,1.6751666666666667
0,scratch,random_rescue_10,27,0.0004410312230385594,0.588,0.588,0.8536228612263997,47,98.56409617094323,115.25553735997528,10.0,1.8575,1.7068333333333334
0,scratch,random_rescue_10,28,0.0004355422003591655,0.5880000000000001,0.588,0.8171440318425497,47,97.99445793102495,114.44014532398432,10.0,1.8725,1.7203333333333333
0,scratch,random_rescue_10,29,0.0004298465091275434,0.579,0.579,0.7929313398996989,47,99.24647431005724,115.70171038713306,10.0,1.8841666666666668,1.7278333333333333
0,scratch,random_rescue_10,30,0.0004239505107048233,0.5940000000000001,0.594,0.775393814722697,47,98.13398794084787,114.46233992092311,10.0,1.9053333333333333,1.666
0,scratch,random_rescue_10,31,0.00041786079016973627,0.5959999999999999,0.596,0.7330572559038798,47,99.03889785404317,115.68826051591896,10.0,1.8501666666666667,1.7238333333333333
0,scratch,random_rescue_10,32,0.00041158414896392116,0.602,0.602,0.735550430615743,47,97.63629227201454,113.82571649109013,10.0,1.8586666666666667,1.7118333333333333
0,scratch,random_rescue_10,33,0.00040512759729558113,0.592,0.592,0.7185054465929667,47,98.20736096100882,114.45474777184427,10.0,1.8095,1.757
0,scratch,random_rescue_10,34,0.00039849834630997414,0.5830000000000001,0.583,0.7077671434084575,47,98.49709587800317,115.00878581078723,10.0,1.846,1.7228333333333334
0,scratch,random_rescue_10,35,0.0003917038000354835,0.5890000000000001,0.589,0.6812361947695414,47,98.00662580714561,114.3433700921014,10.0,1.8656666666666666,1.6895
0,scratch,random_rescue_10,36,0.0003847515471142615,0.5900000000000001,0.59,0.6418739506403606,47,98.000154244015,114.24976388108917,10.0,1.8376666666666666,1.7106666666666666
0,scratch,random_rescue_10,37,0.00037764935232668343,0.592,0.592,0.6445008719762166,47,98.43637857795693,114.93377861496992,10.0,1.836,1.741
0,scratch,random_rescue_10,38,0.0003704051479190776,0.5850000000000001,0.585,0.6236358580589294,47,98.14015881693922,114.71221860102378,10.0,1.8663333333333334,1.6795
0,scratch,random_rescue_10,39,0.00036302702474441743,0.583,0.583,0.6003837758700052,47,98.39432910713367,114.93720860593021,10.0,1.916,1.6635
0,scratch,random_rescue_10,40,0.0003555232232258696,0.595,0.595,0.5837325582504272,47,97.80943571706302,114.26755827805027,10.0,1.8058333333333334,1.75
0,scratch,random_rescue_10,41,0.00034790212415329195,0.59,0.59,0.5683411313692729,47,98.61679266905412,114.80679232999682,10.0,1.8226666666666667,1.743
0,scratch,random_rescue_10,42,0.0003401722393229594,0.5770000000000001,0.577,0.5516993176937103,47,98.14373719412833,114.62614737288095,10.0,1.8186666666666667,1.7285
0,scratch,random_rescue_10,43,0.0003323422020309725,0.5860000000000001,0.586,0.5429615807533265,47,98.50872241496108,114.74699450982735,10.0,1.8581666666666667,1.7006666666666668
0,scratch,random_rescue_10,44,0.0003244207574309657,0.6050000000000001,0.605,0.5452513736089071,47,98.83678221004084,115.40427061985247,10.0,1.8033333333333332,1.7466666666666666
0,scratch,random_rescue_10,45,0.0003164167527668859,0.596,0.596,0.5148239461580912,47,97.8039839679841,114.14638657215983,10.0,1.8615,1.6831666666666667
0,scratch,random_rescue_10,46,0.0003083391274917483,0.59,0.59,0.5156585144996643,47,99.0623356080614,115.55848202388734,10.0,1.8761666666666668,1.6938333333333333
0,scratch,random_rescue_10,47,0.0003001969032834071,0.5860000000000001,0.586,0.4984208958943685,47,98.29411061992869,114.73442657408305,10.0,1.882,1.7005
0,scratch,random_rescue_10,48,0.00029199917396849096,0.5880000000000001,0.588,0.48817969504992165,47,99.21832480002195,116.23317430308089,10.0,1.8101666666666667,1.7433333333333334
0,scratch,random_rescue_10,49,0.0002837550953657579,0.584,0.584,0.4672929399808248,47,98.67890706891194,115.38615434709936,10.0,1.859,1.71
0,scratch,random_rescue_10,50,0.0002754738750602126,0.581,0.581,0.46555447165171304,47,99.18929123296402,125.40440584602766,10.0,1.854,1.7546666666666666
0,scratch,random_rescue_10,51,0.00026716476211940786,0.584,0.584,0.4513598169485728,47,99.1847732278984,115.62002928298898,10.0,1.8555,1.6753333333333333
0,scratch,random_rescue_10,52,0.00025883703676341484,0.585,0.585,0.44552546660105385,47,100.42173042311333,116.9039968920406,10.0,1.8525,1.7101666666666666
0,scratch,random_rescue_10,53,0.0002505,0.587,0.587,0.4362514468828837,47,100.36122042895295,116.85939577198587,10.0,1.802,1.7446666666666666
0,scratch,random_rescue_10,54,0.00024216296323658525,0.6050000000000001,0.605,0.4237321427663167,47,100.28325457288884,116.48995477310382,10.0,1.799,1.7393333333333334
0,scratch,random_rescue_10,55,0.00023383523788059215,0.595,0.595,0.41480159703890485,47,99.1759881300386,115.91729511716403,10.0,1.8433333333333333,1.7423333333333333
0,scratch,random_rescue_10,56,0.00022552612493978745,0.588,0.588,0.4021632006168365,47,98.64721459988505,115.36902988888323,10.0,1.8301666666666667,1.7311666666666667
0,scratch,random_rescue_10,57,0.00021724490463424225,0.6039999999999999,0.604,0.3887483908335368,47,98.45996030792594,114.79321118211374,10.0,1.7941666666666667,1.7601666666666667
0,scratch,random_rescue_10,58,0.00020900082603150905,0.599,0.599,0.39234101788202924,47,97.17726092087105,113.63952879304998,10.0,1.8326666666666667,1.7286666666666666
0,scratch,random_rescue_10,59,0.00020080309671659293,0.607,0.607,0.3869348390102387,47,98.2492445029784,114.76875065406784,10.0,1.8526666666666667,1.7358333333333333
0,scratch,random_rescue_10,60,0.00019266087250825167,0.6159999999999999,0.616,0.38338077688217165,47,99.07038303511217,115.5807655970566,10.0,1.7961666666666667,1.7668333333333333
0,scratch,random_rescue_10,61,0.00018458324723311413,0.6060000000000001,0.606,0.3826227459112803,47,99.5910872919485,115.98912674607709,10.0,1.8583333333333334,1.732
0,scratch,random_rescue_10,62,0.00017657924256903434,0.595,0.595,0.3771787430445353,47,98.70587504701689,115.47197646717541,10.0,1.8158333333333334,1.7226666666666666
0,scratch,random_rescue_10,63,0.00016865779796902748,0.596,0.596,0.36738844219843547,47,97.98043027496897,114.59529539104551,10.0,1.8455,1.727
0,scratch,random_rescue_10,64,0.00016082776067704059,0.6,0.6,0.3588806217511495,47,98.74457780714147,115.25278044492006,10.0,1.8045,1.731
0,scratch,random_rescue_10,65,0.00015309787584670805,0.593,0.593,0.3550871586004893,47,98.07122302800417,114.60043423715979,10.0,1.8458333333333334,1.726
0,scratch,random_rescue_10,66,0.00014547677677413047,0.615,0.615,0.34873893920580545,47,98.90997316711582,115.5273468629457,10.0,1.836,1.7361666666666666
0,scratch,random_rescue_10,67,0.00013797297525558255,0.616,0.616,0.340044894138972,47,98.88753080484457,115.21007669204846,10.0,1.8086666666666666,1.7301666666666666
0,scratch,random_rescue_10,68,0.00013059485208092238,0.627,0.627,0.3463260045846303,47,99.05513656884432,115.54689448396675,10.0,1.812,1.7771666666666666
0,scratch,random_rescue_10,69,0.00012335064767331658,0.613,0.613,0.3477731107076009,47,99.29644620092586,115.67673773202114,10.0,1.8001666666666667,1.7453333333333334
0,scratch,random_rescue_10,70,0.00011624845288573853,0.601,0.601,0.34325832009315493,47,99.678550533019,116.0679925470613,10.0,1.8125,1.7571666666666668
0,scratch,random_rescue_10,71,0.00010929619996451647,0.61,0.61,0.33656619167327884,47,98.64337109890766,115.02344151004218,10.0,1.7881666666666667,1.7665
0,scratch,random_rescue_10,72,0.00010250165369002587,0.6180000000000001,0.618,0.329501117626826,46,102.59046922717243,118.64601161703467,10.0,1.7888333333333333,1.7565
0,scratch,random_rescue_10,73,9.587240270441893e-05,0.618,0.618,0.32927041069666546,47,98.29810280795209,115.04846931900829,10.0,1.805,1.7545
0,scratch,random_rescue_10,74,8.941585103607879e-05,0.619,0.619,0.32552085860570273,47,99.19938001199625,115.81490227906033,10.0,1.8168333333333333,1.7368333333333332
0,scratch,random_rescue_10,75,8.313920983026379e-05,0.619,0.619,0.32357921918233234,47,99.72390450397506,124.12059441604652,10.0,1.8143333333333334,1.7348333333333332
0,scratch,random_rescue_10,76,7.704948929517675e-05,0.617,0.617,0.3229647498925527,47,98.03522698301822,114.30589029402472,10.0,1.8163333333333334,1.7333333333333334
0,scratch,random_rescue_10,77,7.115349087245667e-05,0.616,0.616,0.3204834661483765,47,99.18081791186705,115.7296598739922,10.0,1.7826666666666666,1.7708333333333333
0,scratch,random_rescue_10,78,6.545779964083458e-05,0.621,0.621,0.3203210586706797,47,98.99635801487602,115.41573057207279,10.0,1.7951666666666666,1.7761666666666667
0,scratch,random_rescue_10,79,5.996877696144067e-05,0.623,0.623,0.3187503232955933,47,99.26142125902697,115.9099907008931,10.0,1.8048333333333333,1.7665
0,scratch,random_rescue_10,80,5.4692553372974075e-05,0.6220000000000001,0.622,0.31641122555732726,47,98.64808737393469,115.32919143303297,10.0,1.7711666666666666,1.7598333333333334
0,scratch,random_rescue_10,81,4.963502174467306e-05,0.624,0.624,0.31720968755086265,47,98.48256505397148,115.26984963007271,10.0,1.794,1.7473333333333334
0,scratch,random_rescue_10,82,4.480183069473086e-05,0.618,0.618,0.31032414905230205,47,100.09396387520246,116.51081408606842,10.0,1.7976666666666667,1.7851666666666666
0,scratch,random_rescue_10,83,4.019837828150914e-05,0.615,0.615,0.3120659575462341,47,99.71081184782088,116.12234195205383,10.0,1.7733333333333334,1.787
0,scratch,random_rescue_10,84,3.5829805974595276e-05,0.61,0.61,0.3130005571842194,47,99.19279158790596,116.29916091402993,10.0,1.7868333333333333,1.769
0,scratch,random_rescue_10,85,3.1700992912435456e-05,0.6130000000000001,0.613,0.31377512160936993,47,98.83626804314554,115.15703108301386,10.0,1.7811666666666666,1.7828333333333333
0,scratch,random_rescue_10,86,2.781655045295966e-05,0.623,0.623,0.3143106835683187,47,98.28624968486838,114.47653399105184,10.0,1.7715,1.801
0,scratch,random_rescue_10,87,2.4180817023281995e-05,0.623,0.623,0.31149100144704184,47,97.82364469417371,114.13769093714654,10.0,1.8015,1.7861666666666667
0,scratch,random_rescue_10,88,2.0797853274230994e-05,0.6119999999999999,0.612,0.31171913623809816,47,98.61802967917174,115.21809687907808,10.0,1.7786666666666666,1.7838333333333334
0,scratch,random_rescue_10,89,1.7671437545120165e-05,0.613,0.613,0.3101423487663269,47,98.9562064409256,115.38989090593532,10.0,1.7836666666666667,1.7965
0,scratch,random_rescue_10,90,1.480506164382429e-05,0.616,0.616,0.30545034480094907,47,99.3459298000671,115.68906387197785,10.0,1.7966666666666666,1.7675
0,scratch,random_rescue_10,91,1.220192694687535e-05,0.6159999999999999,0.616,0.3093419167995453,47,98.35754815698601,114.64967997395433,10.0,1.7816666666666667,1.7643333333333333
0,scratch,random_rescue_10,92,9.864940823933073e-06,0.6100000000000001,0.61,0.30288203263282776,47,98.66809076885693,115.11115169804543,10.0,1.7835,1.7741666666666667
0,scratch,random_rescue_10,93,7.796713390623254e-06,0.6140000000000001,0.614,0.30953779888153077,47,99.61152727110311,115.80637993500568,10.0,1.8063333333333333,1.7781666666666667
0,scratch,random_rescue_10,94,5.999554593371605e-06,0.613,0.613,0.30538195665677387,47,97.34614061913453,113.80289132287726,10.0,1.79,1.7878333333333334
0,scratch,random_rescue_10,95,4.475471629487872e-06,0.615,0.615,0.309157612880071,47,97.96107317507267,114.50390727585182,10.0,1.7636666666666667,1.7848333333333333
0,scratch,random_rescue_10,96,3.2261667053823824e-06,0.612,0.612,0.3085378234386444,47,99.51596890389919,115.82473646686412,10.0,1.7891666666666666,1.7821666666666667
0,scratch,random_rescue_10,97,2.253035135418218e-06,0.613,0.613,0.30673204628626505,47,98.378331966931,114.7728777860757,10.0,1.8043333333333333,1.7761666666666667
0,scratch,random_rescue_10,98,1.5571637835232856e-06,0.617,0.617,0.3109005343914032,47,98.589420190081,115.05626307893544,10.0,1.7626666666666666,1.7681666666666667
0,scratch,random_rescue_10,99,1.1393298493014743e-06,0.615,0.615,0.30738264036178586,47,98.54627640801482,114.85684378282167,10.0,1.7901666666666667,1.7978333333333334
0,scratch,random_rescue_10,100,1e-06,0.615,0.615,0.30824735657374064,47,98.88389234011993,126.03722899686545,10.0,1.8128333333333333,1.7608333333333333
0,scratch,student,1,0.0001,0.262,0.262,1.853362513224284,47,95.55474047386087,111.61631812504493,0.0,0.0,0.0
0,scratch,student,2,0.0002,0.33199999999999996,0.332,1.7515412492752076,47,97.64734417689033,114.47034490085207,0.0,0.0,0.0
0,scratch,student,3,0.00030000000000000003,0.396,0.396,1.7106564553578694,47,94.18031473085284,110.26471907598898,0.0,0.0,0.0
0,scratch,student,4,0.0004,0.361,0.361,1.6618332449595135,47,93.0617859561462,109.21894154697657,0.0,0.0,0.0
0,scratch,student,5,0.0005,0.396,0.396,1.6059554551442463,47,93.26673887390643,109.49224627390504,0.0,0.0,0.0
0,scratch,student,6,0.0005,0.409,0.409,1.5543762791951496,47,93.25350701319985,109.27262984006666,0.0,0.0,0.0
0,scratch,student,7,0.0004998606701506985,0.45999999999999996,0.46,1.4731216815312704,47,93.13668761891313,109.48383455700241,0.0,0.0,0.0
0,scratch,student,8,0.0004994428362164767,0.43899999999999995,0.439,1.405487541516622,47,93.34118881891482,109.58102918602526,0.0,0.0,0.0
0,scratch,student,9,0.0004987469648645818,0.46900000000000003,0.469,1.3626436907450359,47,94.22786913998425,110.42428044811822,0.0,0.0,0.0
0,scratch,student,10,0.0004977738332946176,0.513,0.513,1.3019184436798095,47,93.33745877002366,122.24785740394145,0.0,0.0,0.0
0,scratch,student,11,0.0004965245283705121,0.5229999999999999,0.523,1.250441912651062,47,93.96819286979735,110.28114902111702,0.0,0.0,0.0
0,scratch,student,12,0.0004950004454066284,0.5509999999999999,0.551,1.230809024810791,47,93.21367311198264,109.34558157599531,0.0,0.0,0.0
0,scratch,student,13,0.0004932032866093767,0.5219999999999999,0.522,1.1794600852330526,47,94.0524474370759,110.73268794105388,0.0,0.0,0.0
0,scratch,student,14,0.000491135059176067,0.5599999999999999,0.56,1.1546586983998617,47,92.86559116304852,109.04510232200846,0.0,0.0,0.0
0,scratch,student,15,0.0004887980730531247,0.563,0.563,1.1237556861241658,47,92.44102022890002,108.63285002904013,0.0,0.0,0.0
0,scratch,student,16,0.00048619493835617576,0.5569999999999999,0.557,1.1186081546147664,47,93.93950304482132,110.20546393189579,0.0,0.0,0.0
0,scratch,student,17,0.00048332856245487986,0.592,0.592,1.0835317370096842,47,93.08026121510193,109.68301194300875,0.0,0.0,0.0
0,scratch,student,18,0.000480202146725769,0.5549999999999999,0.555,1.0432750185330708,47,93.40746121108532,109.73910845909268,0.0,0.0,0.0
0,scratch,student,19,0.00047681918297671805,0.5850000000000001,0.585,1.0060501985549928,47,93.19904575590044,109.34148031799123,0.0,0.0,0.0
0,scratch,student,20,0.0004731834495470404,0.5900000000000001,0.59,0.9937525792121887,47,93.64725099201314,109.99476754898205,0.0,0.0,0.0
0,scratch,student,21,0.00046929900708756454,0.5830000000000001,0.583,0.9925751751263936,47,92.1156536291819,108.2689361369703,0.0,0.0,0.0
0,scratch,student,22,0.0004651701940254048,0.554,0.554,0.9431192173957824,47,93.44482538779266,109.57600169209763,0.0,0.0,0.0
0,scratch,student,23,0.00046080162171849087,0.5830000000000001,0.583,0.9296183495521545,47,93.14760771603324,109.33910251990892,0.0,0.0,0.0
0,scratch,student,24,0.0004561981693052692,0.5690000000000001,0.569,0.9083380870819092,47,94.31980917905457,110.55655752983876,0.0,0.0,0.0
0,scratch,student,25,0.00045136497825532695,0.576,0.576,0.8701277939478557,47,93.27515839110129,119.70023756916635,0.0,0.0,0.0
0,scratch,student,26,0.00044630744662702595,0.591,0.591,0.881190213839213,47,92.84123124787584,108.88491613487713,0.0,0.0,0.0
0,scratch,student,27,0.0004410312230385594,0.606,0.606,0.8372811752955119,47,93.47010432300158,109.76385896187276,0.0,0.0,0.0
0,scratch,student,28,0.0004355422003591655,0.591,0.591,0.8245981988906861,47,93.5729044280015,109.77791455900297,0.0,0.0,0.0
0,scratch,student,29,0.0004298465091275434,0.593,0.593,0.769633337020874,47,93.20711629791185,109.49316808301955,0.0,0.0,0.0
0,scratch,student,30,0.0004239505107048233,0.578,0.578,0.7687732675870259,47,93.77321386802942,110.0451336200349,0.0,0.0,0.0
0,scratch,student,31,0.00041786079016973627,0.5810000000000001,0.581,0.7697284105618795,47,93.58846246288158,109.63591646309942,0.0,0.0,0.0
0,scratch,student,32,0.00041158414896392116,0.597,0.597,0.72564599720637,47,92.30137434694916,108.44518083008006,0.0,0.0,0.0
0,scratch,student,33,0.00040512759729558113,0.599,0.599,0.7297265253067017,47,94.35043137101457,110.68109439592808,0.0,0.0,0.0
0,scratch,student,34,0.00039849834630997414,0.596,0.596,0.6945891423225403,47,93.70102045498788,109.78372412989847,0.0,0.0,0.0
0,scratch,student,35,0.0003917038000354835,0.62,0.62,0.6790857156117757,47,93.3482398649212,109.77035299595445,0.0,0.0,0.0
0,scratch,student,36,0.0003847515471142615,0.6099999999999999,0.61,0.6550792373021443,47,93.48881795885973,109.53661054908298,0.0,0.0,0.0
0,scratch,student,37,0.00037764935232668343,0.595,0.595,0.6362171853383383,47,93.77843060297891,110.16424361802638,0.0,0.0,0.0
0,scratch,student,38,0.0003704051479190776,0.609,0.609,0.6195151034196218,47,94.57556653791107,110.6722019109875,0.0,0.0,0.0
0,scratch,student,39,0.00036302702474441743,0.5940000000000001,0.594,0.6177348407109579,47,92.75276073394343,109.16010906198062,0.0,0.0,0.0
0,scratch,student,40,0.0003555232232258696,0.61,0.61,0.6078633573849996,47,94.06470782402903,110.09941656491719,0.0,0.0,0.0
0,scratch,student,41,0.00034790212415329195,0.585,0.585,0.5769883704185486,47,93.52036070195027,109.70820250688121,0.0,0.0,0.0
0,scratch,student,42,0.0003401722393229594,0.5850000000000001,0.585,0.5668223121960958,47,93.6655596299097,109.96480565401725,0.0,0.0,0.0
0,scratch,student,43,0.0003323422020309725,0.587,0.587,0.5512499477068583,47,92.97946563409641,108.97661125496961,0.0,0.0,0.0
0,scratch,student,44,0.0003244207574309657,0.604,0.604,0.5421603477795919,47,92.81600978993811,109.10713928099722,0.0,0.0,0.0
0,scratch,student,45,0.0003164167527668859,0.5820000000000001,0.582,0.5339703725179037,47,93.60444175708108,109.63509476208128,0.0,0.0,0.0
0,scratch,student,46,0.0003083391274917483,0.597,0.597,0.5195784222284953,47,94.10328126698732,110.157318695914,0.0,0.0,0.0
0,scratch,student,47,0.0003001969032834071,0.6080000000000001,0.608,0.49609742307662963,47,94.26250020391308,110.35850206296891,0.0,0.0,0.0
0,scratch,student,48,0.00029199917396849096,0.609,0.609,0.49002657175064085,47,93.57702922588214,109.58337850286625,0.0,0.0,0.0
0,scratch,student,49,0.0002837550953657579,0.61,0.61,0.48040446106592816,47,93.39974677492864,109.66726842685603,0.0,0.0,0.0
0,scratch,student,50,0.0002754738750602126,0.596,0.596,0.4678750120798747,47,93.43240347621031,119.11368974600919,0.0,0.0,0.0
0,scratch,student,51,0.00026716476211940786,0.6,0.6,0.4544141602516174,47,93.68811053712852,109.86518562515266,0.0,0.0,0.0
0,scratch,student,52,0.00025883703676341484,0.586,0.586,0.4406366795698802,47,94.22807212895714,110.51635680301115,0.0,0.0,0.0
0,scratch,student,53,0.0002505,0.586,0.586,0.4426597365538279,47,94.18238430190831,110.67648153705522,0.0,0.0,0.0
0,scratch,student,54,0.00024216296323658525,0.583,0.583,0.428638525724411,47,95.04869101406075,111.46740846405737,0.0,0.0,0.0
0,scratch,student,55,0.00023383523788059215,0.5970000000000001,0.597,0.42558848786354064,47,93.65128174005076,109.97985192202032,0.0,0.0,0.0
0,scratch,student,56,0.00022552612493978745,0.613,0.613,0.39827543584505715,47,95.42005920107476,111.7514627079945,0.0,0.0,0.0
0,scratch,student,57,0.00021724490463424225,0.601,0.601,0.4097501096725464,47,92.89079814287834,109.15496439882554,0.0,0.0,0.0
0,scratch,student,58,0.00020900082603150905,0.595,0.595,0.4078727695147196,47,94.03456240007654,110.302581617143,0.0,0.0,0.0
0,scratch,student,59,0.00020080309671659293,0.5930000000000001,0.593,0.40062703895568846,47,93.68060621083714,110.10702530085109,0.0,0.0,0.0
0,scratch,student,60,0.00019266087250825167,0.599,0.599,0.400511138677597,47,93.9854443538934,110.083751328988,0.0,0.0,0.0
0,scratch,student,61,0.00018458324723311413,0.595,0.595,0.3878798933823903,47,93.73904720088467,110.36333815404214,0.0,0.0,0.0
0,scratch,student,62,0.00017657924256903434,0.591,0.591,0.3824226622581482,47,93.20589100313373,109.43697277386673,0.0,0.0,0.0
0,scratch,student,63,0.00016865779796902748,0.599,0.599,0.3756186813513438,47,93.17206456093118,109.23821966396645,0.0,0.0,0.0
0,scratch,student,64,0.00016082776067704059,0.5980000000000001,0.598,0.3723552528222402,47,93.35531820892356,109.5535617528949,0.0,0.0,0.0
0,scratch,student,65,0.00015309787584670805,0.611,0.611,0.37353122035662334,47,93.38490957790054,109.80695288302377,0.0,0.0,0.0
0,scratch,student,66,0.00014547677677413047,0.603,0.603,0.36519768222173055,47,93.51771105709486,109.87942062714137,0.0,0.0,0.0
0,scratch,student,67,0.00013797297525558255,0.6130000000000001,0.613,0.3630084147453308,47,93.4924579509534,109.60992766497657,0.0,0.0,0.0
0,scratch,student,68,0.00013059485208092238,0.588,0.588,0.3493701576391856,47,92.99620528589003,109.12256686482579,0.0,0.0,0.0
0,scratch,student,69,0.00012335064767331658,0.6010000000000001,0.601,0.34905437723795574,47,93.55420834408142,109.77116457908414,0.0,0.0,0.0
0,scratch,student,70,0.00011624845288573853,0.5900000000000001,0.59,0.35357947142918905,47,93.48202664102428,109.9812364410609,0.0,0.0,0.0
0,scratch,student,71,0.00010929619996451647,0.591,0.591,0.34380792760849,47,94.8981261830777,110.9904208641965,0.0,0.0,0.0
0,scratch,student,72,0.00010250165369002587,0.603,0.603,0.3400806334813436,47,94.18975049094297,110.19821938499808,0.0,0.0,0.0
0,scratch,student,73,9.587240270441893e-05,0.601,0.601,0.3423160851796468,47,94.04654239700176,110.2981071609538,0.0,0.0,0.0
0,scratch,student,74,8.941585103607879e-05,0.59,0.59,0.3379895141919454,47,93.44785415800288,109.72472978103906,0.0,0.0,0.0
0,scratch,student,75,8.313920983026379e-05,0.6,0.6,0.33802252237002056,47,96.85254038893618,121.24556928896345,0.0,0.0,0.0
0,scratch,student,76,7.704948929517675e-05,0.594,0.594,0.3373752252260844,47,94.35664097289555,111.15863630198874,0.0,0.0,0.0
0,scratch,student,77,7.115349087245667e-05,0.601,0.601,0.3292710144519806,47,93.08389672986232,109.3348473329097,0.0,0.0,0.0
0,scratch,student,78,6.545779964083458e-05,0.591,0.591,0.3223664145469666,47,93.96137450891547,110.20423216884956,0.0,0.0,0.0
0,scratch,student,79,5.996877696144067e-05,0.6070000000000001,0.607,0.3254905384381612,47,93.47346505406313,109.60612462600693,0.0,0.0,0.0
0,scratch,student,80,5.4692553372974075e-05,0.6,0.6,0.32413739172617595,47,93.57918253284879,110.2294607181102,0.0,0.0,0.0
0,scratch,student,81,4.963502174467306e-05,0.5900000000000001,0.59,0.31822373485565186,47,93.12754168710671,109.3750592879951,0.0,0.0,0.0
0,scratch,student,82,4.480183069473086e-05,0.5930000000000001,0.593,0.3206476163864136,47,93.87201462406665,110.21158659178764,0.0,0.0,0.0
0,scratch,student,83,4.019837828150914e-05,0.608,0.608,0.32625088540712993,47,93.6726070868317,109.74824511795305,0.0,0.0,0.0
0,scratch,student,84,3.5829805974595276e-05,0.601,0.601,0.32153567926088966,47,93.77758012199774,109.88328480301425,0.0,0.0,0.0
0,scratch,student,85,3.1700992912435456e-05,0.5980000000000001,0.598,0.3238220713933309,47,93.54066113196313,109.69952595094219,0.0,0.0,0.0
0,scratch,student,86,2.781655045295966e-05,0.6,0.6,0.3178478937149048,47,93.66113586793654,109.794504591031,0.0,0.0,0.0
0,scratch,student,87,2.4180817023281995e-05,0.597,0.597,0.3177406346797943,47,94.24217207916081,110.46139152301475,0.0,0.0,0.0
0,scratch,student,88,2.0797853274230994e-05,0.595,0.595,0.3161995902856191,47,93.71441955305636,109.86028512311168,0.0,0.0,0.0
0,scratch,student,89,1.7671437545120165e-05,0.5980000000000001,0.598,0.318718347231547,47,93.56619262392633,110.07174123311415,0.0,0.0,0.0
0,scratch,student,90,1.480506164382429e-05,0.6010000000000001,0.601,0.3176308697859446,47,93.59835580806248,109.92787644616328,0.0,0.0,0.0
0,scratch,student,91,1.220192694687535e-05,0.603,0.603,0.3158019695281982,47,94.047473911196,110.21380240097642,0.0,0.0,0.0
0,scratch,student,92,9.864940823933073e-06,0.603,0.603,0.3178807311852773,47,93.76797273312695,110.15679645794444,0.0,0.0,0.0
0,scratch,student,93,7.796713390623254e-06,0.6,0.6,0.3179476269086202,46,93.83584155002609,109.80739330407232,0.0,0.0,0.0
0,scratch,student,94,5.999554593371605e-06,0.599,0.599,0.3176854887008667,47,92.54439593688585,108.75089070689864,0.0,0.0,0.0
0,scratch,student,95,4.475471629487872e-06,0.602,0.602,0.31818805782000226,47,94.07311155903153,110.18332448601723,0.0,0.0,0.0
0,scratch,student,96,3.2261667053823824e-06,0.601,0.601,0.31634907341003415,47,93.8049960329663,109.98344197007827,0.0,0.0,0.0
0,scratch,student,97,2.253035135418218e-06,0.6039999999999999,0.604,0.31842835410435993,47,93.22130984603427,109.36996865202673,0.0,0.0,0.0
0,scratch,student,98,1.5571637835232856e-06,0.6039999999999999,0.604,0.3166523059209188,47,94.66841972409748,111.21704110805877,0.0,0.0,0.0
0,scratch,student,99,1.1393298493014743e-06,0.607,0.607,0.31622025680541993,47,92.85142027703114,108.96649005822837,0.0,0.0,0.0
0,scratch,student,100,1e-06,0.607,0.607,0.31632637604077657,47,93.52579023200087,118.10060687293299,0.0,0.0,0.0
1,imagenet,ce,1,1e-05,0.724,0.724,2.019610197703044,47,90.66610997798853,106.85095616895705,0.0,0.0,0.0
1,imagenet,ce,2,2e-05,0.931,0.931,1.154744907061259,47,94.77412014990114,112.05677907704376,0.0,0.0,0.0
1,imagenet,ce,3,3.0000000000000004e-05,0.96,0.96,0.7226515553792318,47,90.85434199683368,107.0157394609414,0.0,0.0,0.0
1,imagenet,ce,4,4e-05,0.9640000000000001,0.964,0.622913230895996,47,90.22512008994818,106.46942468290217,0.0,0.0,0.0
1,imagenet,ce,5,5e-05,0.9629999999999999,0.963,0.5737799647649129,47,91.22197110205889,107.23661320097744,0.0,0.0,0.0
1,imagenet,ce,6,5e-05,0.9629999999999999,0.963,0.5478042964935302,47,91.02362782601267,107.32224815804511,0.0,0.0,0.0
1,imagenet,ce,7,4.9986318311391235e-05,0.9629999999999999,0.963,0.5337004121144613,47,90.48038555495441,106.51377440802753,0.0,0.0,0.0
1,imagenet,ce,8,4.994528852626726e-05,0.9630000000000001,0.963,0.5282178846995036,47,90.76634061220102,106.85741437901743,0.0,0.0,0.0
1,imagenet,ce,9,4.987695646966835e-05,0.9630000000000001,0.963,0.5211168117523194,47,90.27418069192208,106.55832713795826,0.0,0.0,0.0
1,imagenet,ce,10,4.9781398459792115e-05,0.959,0.959,0.5158953166007996,47,91.06772303604521,115.4105882239528,0.0,0.0,0.0
1,imagenet,ce,11,4.96587212227557e-05,0.959,0.959,0.5132714033126831,47,90.80983335804194,107.03671355801634,0.0,0.0,0.0
1,imagenet,ce,12,4.950906177339638e-05,0.9620000000000001,0.962,0.516000601609548,47,91.02808061498217,107.31052712909877,0.0,0.0,0.0
1,imagenet,ce,13,4.9332587262243413e-05,0.959,0.959,0.5109081606864929,47,90.44509838102385,106.60335118509829,0.0,0.0,0.0
1,imagenet,ce,14,4.912949478883223e-05,0.9690000000000001,0.969,0.5106351858774821,47,90.36069784290157,106.57432240992785,0.0,0.0,0.0
1,imagenet,ce,15,4.890001118156936e-05,0.961,0.961,0.5098933062553406,47,90.72309613507241,106.63555750902742,0.0,0.0,0.0
1,imagenet,ce,16,4.864439274439401e-05,0.968,0.968,0.5104120620091757,47,90.04913174407557,106.71199678699486,0.0,0.0,0.0
1,imagenet,ce,17,4.836292497051926e-05,0.9710000000000001,0.971,0.5080866813659668,47,90.33035565004684,106.80873732897453,0.0,0.0,0.0
1,imagenet,ce,18,4.8055922223572505e-05,0.966,0.966,0.5082283530235291,47,90.04836700600572,106.22679085889831,0.0,0.0,0.0
1,imagenet,ce,19,4.7723727386491355e-05,0.967,0.967,0.508221042950948,47,90.56042099092156,106.91709871101193,0.0,0.0,0.0
1,imagenet,ce,20,4.7366711478567095e-05,0.9620000000000001,0.962,0.5065638151168823,47,90.9844873920083,107.17816718085669,0.0,0.0,0.0
1,imagenet,ce,21,4.6985273241063454e-05,0.961,0.961,0.5055125250816345,47,90.0340539868921,106.30984528386034,0.0,0.0,0.0
1,imagenet,ce,22,4.657983869187342e-05,0.96,0.96,0.5080556316375733,47,90.74384114798158,106.65627951314673,0.0,0.0,0.0
1,imagenet,ce,23,4.615086064971153e-05,0.968,0.968,0.5059403235117594,47,90.97237666579895,107.09286874113604,0.0,0.0,0.0
1,imagenet,ce,24,4.5698818228373126e-05,0.9679999999999997,0.968,0.5046691746711731,46,91.02322990400717,107.09546873695217,0.0,0.0,0.0
1,imagenet,ce,25,4.522421630162529e-05,0.966,0.966,0.5067078501383464,47,90.76176503999159,115.68162906588987,0.0,0.0,0.0
1,imagenet,ce,26,4.4727584939327193e-05,0.9569999999999999,0.957,0.5069190587997436,47,90.30257018492557,106.98384374799207,0.0,0.0,0.0
1,imagenet,ce,27,4.420947881540964e-05,0.9649999999999999,0.965,0.5050730109214783,47,90.33044202881865,106.43487115181051,0.0,0.0,0.0
1,imagenet,ce,28,4.3670476588374966e-05,0.9649999999999999,0.965,0.5055292763710022,47,89.82379147200845,105.94939585705288,0.0,0.0,0.0
1,imagenet,ce,29,4.311118025500927e-05,0.9659999999999999,0.966,0.5068490824699402,47,90.04892451083288,105.97587801306508,0.0,0.0,0.0
1,imagenet,ce,30,4.253221447802874e-05,0.9629999999999999,0.963,0.5043095777829488,47,90.80944915791042,106.84916833718307,0.0,0.0,0.0
1,imagenet,ce,31,4.193422588841098e-05,0.966,0.966,0.5041759139696756,47,90.49030504794791,106.32795759802684,0.0,0.0,0.0
1,imagenet,ce,32,4.1317882363190655e-05,0.969,0.969,0.5056869478225708,47,90.1550921681337,106.06661892007105,0.0,0.0,0.0
1,imagenet,ce,33,4.0683872279526e-05,0.9599999999999997,0.96,0.5038098449707031,47,90.62231868994422,106.7523622259032,0.0,0.0,0.0
1,imagenet,ce,34,4.00329037458692e-05,0.962,0.962,0.5033756688435872,47,90.62051384802908,106.50343579100445,0.0,0.0,0.0
1,imagenet,ce,35,3.936570381109958e-05,0.9650000000000001,0.965,0.5039191411336263,47,90.28792943898588,107.02018528687768,0.0,0.0,0.0
1,imagenet,ce,36,3.868301765250263e-05,0.95,0.95,0.5076734981536866,47,91.28389584482647,107.57113178703003,0.0,0.0,0.0
1,imagenet,ce,37,3.798560774350198e-05,0.9569999999999999,0.957,0.50537615442276,47,90.15858817985281,106.01417317590676,0.0,0.0,0.0
1,imagenet,ce,38,3.7274253002073755e-05,0.96,0.96,0.50293989721934,47,89.95069281198084,106.37085470487364,0.0,0.0,0.0
1,imagenet,ce,39,3.6549747920794496e-05,0.96,0.96,0.5049491017659505,47,89.93274295702577,105.8541995449923,0.0,0.0,0.0
1,imagenet,ce,40,3.581290167949421e-05,0.9579999999999999,0.958,0.5032966861724854,47,92.72785795712844,108.70046965801157,0.0,0.0,0.0
1,imagenet,ce,41,3.5064537241505625e-05,0.9629999999999999,0.963,0.504024915377299,47,90.8977878310252,106.7888044018764,0.0,0.0,0.0
1,imagenet,ce,42,3.4305490434519064e-05,0.9649999999999999,0.965,0.5028878129323323,47,90.5939600020647,107.32765504601412,0.0,0.0,0.0
1,imagenet,ce,43,3.353660901706944e-05,0.952,0.952,0.5048351759910583,47,90.32518042903394,106.34717458905652,0.0,0.0,0.0
1,imagenet,ce,44,3.2758751731698036e-05,0.961,0.961,0.502807333946228,47,90.73579826788045,106.70740808499977,0.0,0.0,0.0
1,imagenet,ce,45,3.197278734584651e-05,0.96,0.96,0.5022833911577861,47,90.33491907385178,106.3892699771095,0.0,0.0,0.0
1,imagenet,ce,46,3.1179593681554446e-05,0.9560000000000001,0.956,0.5042670733133952,47,90.30443275300786,106.29213488404639,0.0,0.0,0.0
1,imagenet,ce,47,3.0380056635043986e-05,0.961,0.961,0.502391981601715,47,90.0686668639537,106.03074468113482,0.0,0.0,0.0
1,imagenet,ce,48,2.9575069187286692e-05,0.9570000000000001,0.957,0.5025371588071187,47,90.12225864594802,106.39920787489973,0.0,0.0,0.0
1,imagenet,ce,49,2.876553040665759e-05,0.96,0.96,0.5027229380607605,47,90.71628022496589,106.81657552998513,0.0,0.0,0.0
1,imagenet,ce,50,2.7952344444790415e-05,0.9590000000000002,0.959,0.5053038600285849,47,90.65767871704884,115.2430960580241,0.0,0.0,0.0
1,imagenet,ce,51,2.7136419526755484e-05,0.961,0.961,0.5035929752985636,47,90.17810746305622,106.28015548409894,0.0,0.0,0.0
1,imagenet,ce,52,2.631866693668803e-05,0.962,0.962,0.5030903771718344,47,90.00939059397206,106.13026744686067,0.0,0.0,0.0
1,imagenet,ce,53,2.5500000000000003e-05,0.961,0.961,0.501635498046875,47,90.37134340708144,106.29832491814159,0.0,0.0,0.0
1,imagenet,ce,54,2.4681333063311983e-05,0.9669999999999999,0.967,0.5020199534098307,47,89.9569617700763,105.81194305093959,0.0,0.0,0.0
1,imagenet,ce,55,2.3863580473244526e-05,0.9649999999999999,0.965,0.5019684206644695,47,90.1048865111079,106.34200200997293,0.0,0.0,0.0
1,imagenet,ce,56,2.3047655555209592e-05,0.9599999999999997,0.96,0.5027310276031494,47,90.09470361610875,106.30557337007485,0.0,0.0,0.0
1,imagenet,ce,57,2.223446959334243e-05,0.959,0.959,0.5039301376342773,47,90.37543290411122,106.53477022587322,0.0,0.0,0.0
1,imagenet,ce,58,2.1424930812713318e-05,0.966,0.966,0.5031889615058899,47,90.21476941206492,106.06169709493406,0.0,0.0,0.0
1,imagenet,ce,59,2.0619943364956024e-05,0.9639999999999999,0.964,0.5011359923680624,47,90.10184546303935,106.26214834209532,0.0,0.0,0.0
1,imagenet,ce,60,1.9820406318445557e-05,0.9649999999999999,0.965,0.5012966052691141,47,90.68983027408831,106.84036429296248,0.0,0.0,0.0
1,imagenet,ce,61,1.9027212654153495e-05,0.9639999999999999,0.964,0.5021442365646362,47,90.03219642699696,105.92839776701294,0.0,0.0,0.0
1,imagenet,ce,62,1.824124826830197e-05,0.9669999999999999,0.967,0.501925672531128,47,90.20585078396834,106.50782627798617,0.0,0.0,0.0
1,imagenet,ce,63,1.746339098293056e-05,0.9649999999999999,0.965,0.5010837958653768,47,89.78120003896765,105.60849163122475,0.0,0.0,0.0
1,imagenet,ce,64,1.6694509565480943e-05,0.9659999999999999,0.966,0.5020912000338237,47,90.24591669905931,106.35448023607023,0.0,0.0,0.0
1,imagenet,ce,65,1.593546275849438e-05,0.9669999999999999,0.967,0.5023271474838257,47,90.34476014319807,106.43949354998767,0.0,0.0,0.0
1,imagenet,ce,66,1.5187098320505799e-05,0.966,0.966,0.5010773344039917,47,90.6405531859491,106.48158533405513,0.0,0.0,0.0
1,imagenet,ce,67,1.4450252079205502e-05,0.967,0.967,0.5014816988309224,47,89.75365471886471,105.68148787296377,0.0,0.0,0.0
1,imagenet,ce,68,1.372574699792625e-05,0.9650000000000001,0.965,0.5010330095291138,47,89.90171695803292,105.81574477814138,0.0,0.0,0.0
1,imagenet,ce,69,1.3014392256498022e-05,0.9629999999999999,0.963,0.5029811000823975,47,90.47116365190595,106.43923446512781,0.0,0.0,0.0
1,imagenet,ce,70,1.2316982347497372e-05,0.961,0.961,0.5020716660817465,47,90.53496687184088,106.43522691098042,0.0,0.0,0.0
1,imagenet,ce,71,1.1634296188900416e-05,0.9650000000000001,0.965,0.5020571931203206,47,90.07844999595545,106.03553986898623,0.0,0.0,0.0
1,imagenet,ce,72,1.0967096254130799e-05,0.961,0.961,0.5013484388987224,47,91.03384437714703,107.17512322799303,0.0,0.0,0.0
1,imagenet,ce,73,1.0316127720474006e-05,0.9649999999999999,0.965,0.5019500079154968,47,91.085580032086,107.21345535200089,0.0,0.0,0.0
1,imagenet,ce,74,9.682117636809343e-06,0.9629999999999999,0.963,0.5011196816762289,47,90.14012611913495,106.25671205995604,0.0,0.0,0.0
1,imagenet,ce,75,9.065774111589031e-06,0.968,0.968,0.5011869996388754,47,90.40432878187858,114.11358272400685,0.0,0.0,0.0
1,imagenet,ce,76,8.467785521971265e-06,0.968,0.968,0.5014591504732768,47,89.40841204789467,106.08365570800379,0.0,0.0,0.0
1,imagenet,ce,77,7.888819744990736e-06,0.967,0.967,0.5014314047495524,47,90.91824363707565,106.91736894077621,0.0,0.0,0.0
1,imagenet,ce,78,7.329523411625039e-06,0.9629999999999999,0.963,0.5009021881421407,47,90.18618399905972,106.00929348892532,0.0,0.0,0.0
1,imagenet,ce,79,6.790521184590367e-06,0.9649999999999999,0.965,0.5011161801020304,47,90.34060481097549,106.53013157402165,0.0,0.0,0.0
1,imagenet,ce,80,6.272415060672806e-06,0.97,0.97,0.5023042101860047,47,90.27872474002652,106.20759402099065,0.0,0.0,0.0
1,imagenet,ce,81,5.77578369837471e-06,0.966,0.966,0.5009634575843811,47,90.39923119707964,106.37467664806172,0.0,0.0,0.0
1,imagenet,ce,82,5.301181771626878e-06,0.967,0.967,0.50138005956014,47,90.42283027083613,106.66440842906013,0.0,0.0,0.0
1,imagenet,ce,83,4.849139350288474e-06,0.968,0.968,0.5013023478190104,47,90.35553403315134,106.39587655290961,0.0,0.0,0.0
1,imagenet,ce,84,4.420161308126591e-06,0.9649999999999999,0.965,0.5020407638549804,47,90.10354178003035,106.09198270505294,0.0,0.0,0.0
1,imagenet,ce,85,4.014726758936549e-06,0.9639999999999999,0.964,0.5010670255025228,47,90.76322871795855,106.7582539410796,0.0,0.0,0.0
1,imagenet,ce,86,3.6332885214329124e-06,0.9649999999999999,0.965,0.5015333477656047,47,90.80135108297691,106.74969393503852,0.0,0.0,0.0
1,imagenet,ce,87,3.2762726135086534e-06,0.9649999999999999,0.965,0.5012381076812744,47,89.6457954661455,105.59091081097722,0.0,0.0,0.0
1,imagenet,ce,88,2.9440777764274926e-06,0.9649999999999999,0.965,0.5011768945058187,47,89.7463478189893,105.80097310780548,0.0,0.0,0.0
1,imagenet,ce,89,2.6370750294807374e-06,0.9649999999999999,0.965,0.5009868329366048,47,90.47329840110615,106.42647151905112,0.0,0.0,0.0
1,imagenet,ce,90,2.3556072556059925e-06,0.9669999999999999,0.967,0.5009265702565511,47,89.65330159896985,105.64006747305393,0.0,0.0,0.0
1,imagenet,ce,91,2.0999888184306456e-06,0.9659999999999999,0.966,0.5007978998819987,47,90.75892886705697,107.01488151308149,0.0,0.0,0.0
1,imagenet,ce,92,1.8705052111677768e-06,0.966,0.966,0.5010969098409017,47,90.23850953788497,106.20689200703055,0.0,0.0,0.0
1,imagenet,ce,93,1.6674127377565921e-06,0.966,0.966,0.5011492069562277,47,90.02951385616325,106.58414794201963,0.0,0.0,0.0
1,imagenet,ce,94,1.4909382266036246e-06,0.9649999999999999,0.965,0.5015634625752767,47,89.82610700605437,105.77747030602768,0.0,0.0,0.0
1,imagenet,ce,95,1.3412787772443001e-06,0.9639999999999999,0.964,0.5020903736750285,47,90.32483894308098,106.60200682585128,0.0,0.0,0.0
1,imagenet,ce,96,1.2186015402078894e-06,0.9639999999999999,0.964,0.5011276348431906,47,90.18349580094218,106.24053264805116,0.0,0.0,0.0
1,imagenet,ce,97,1.1230435303316486e-06,0.9649999999999999,0.965,0.5012743034362793,47,89.7326072989963,105.87186922202818,0.0,0.0,0.0
1,imagenet,ce,98,1.0547114737327475e-06,0.9659999999999999,0.966,0.5014888490041097,47,90.56283837999217,106.59349813498557,0.0,0.0,0.0
1,imagenet,ce,99,1.013681688608762e-06,0.9659999999999999,0.966,0.5011831676165263,47,89.86983512202278,105.96372671192512,0.0,0.0,0.0
1,imagenet,ce,100,1e-06,0.9659999999999999,0.966,0.5015409558614095,47,90.35236635990441,114.70929962606169,0.0,0.0,0.0
1,imagenet,foreground_rescue_10,1,1e-05,0.726,0.726,1.7640430755615235,47,105.3122190721333,122.38615753408521,3.0406666666666666,3.0406666666666666,0.0
1,imagenet,foreground_rescue_10,2,2e-05,0.9349999999999999,0.935,0.902426108678182,47,103.00317300087772,119.61505986610427,2.89,2.89,0.0
1,imagenet,foreground_rescue_10,3,3.0000000000000004e-05,0.96,0.96,0.47124697160720824,47,99.84711548895575,116.35152118792757,2.816666666666667,2.816666666666667,0.0
1,imagenet,foreground_rescue_10,4,4e-05,0.96,0.96,0.37216529925664266,47,98.86609854805283,115.17190179391764,2.862833333333333,2.862833333333333,0.0
1,imagenet,foreground_rescue_10,5,5e-05,0.961,0.961,0.3242443285783132,47,99.30210990994237,115.91639296594076,2.8811666666666667,2.8811666666666667,0.0
1,imagenet,foreground_rescue_10,6,5e-05,0.9650000000000001,0.965,0.2987857924302419,47,98.43893055687658,114.87539995997213,2.8468333333333335,2.8468333333333335,0.0
1,imagenet,foreground_rescue_10,7,4.9986318311391235e-05,0.961,0.961,0.2852722676595052,47,100.57346688816324,116.68104232801124,2.958833333333333,2.958833333333333,0.0
1,imagenet,foreground_rescue_10,8,4.994528852626726e-05,0.9650000000000001,0.965,0.2792624972661336,47,100.06622011400759,116.4272984568961,3.0468333333333333,3.0468333333333333,0.0
1,imagenet,foreground_rescue_10,9,4.987695646966835e-05,0.958,0.958,0.27173433542251585,47,100.04511309694499,116.26795192388818,3.1226666666666665,3.1226666666666665,0.0
1,imagenet,foreground_rescue_10,10,4.9781398459792115e-05,0.9640000000000001,0.964,0.26763296778996787,47,101.2751805849839,126.69993491400965,3.2091666666666665,3.2091666666666665,0.0
1,imagenet,foreground_rescue_10,11,4.96587212227557e-05,0.961,0.961,0.26755749686559044,47,99.46795204188675,115.99523984105326,3.2676666666666665,3.2676666666666665,0.0
1,imagenet,foreground_rescue_10,12,4.950906177339638e-05,0.9630000000000001,0.963,0.26717816265424094,47,99.41969174612314,115.59806716814637,3.258166666666667,3.258166666666667,0.0
1,imagenet,foreground_rescue_10,13,4.9332587262243413e-05,0.9610000000000001,0.961,0.26310600407918294,47,98.95685069891624,115.2883830179926,3.2905,3.2905,0.0
1,imagenet,foreground_rescue_10,14,4.912949478883223e-05,0.967,0.967,0.26303849689165754,47,98.6511150910519,115.19515906181186,3.228,3.228,0.0
1,imagenet,foreground_rescue_10,15,4.890001118156936e-05,0.9570000000000001,0.957,0.263373212258021,47,99.37908916501328,115.62029457418248,3.2586666666666666,3.2586666666666666,0.0
1,imagenet,foreground_rescue_10,16,4.864439274439401e-05,0.9570000000000001,0.957,0.2616696365674337,47,99.50647793896496,116.21806562296115,3.3706666666666667,3.3706666666666667,0.0
1,imagenet,foreground_rescue_10,17,4.836292497051926e-05,0.9600000000000002,0.96,0.26081226984659833,47,99.83498226990923,116.15982073708437,3.1943333333333332,3.1943333333333332,0.0
1,imagenet,foreground_rescue_10,18,4.8055922223572505e-05,0.9639999999999999,0.964,0.2614869491259257,47,99.21657542604953,116.14216101588681,3.152833333333333,3.152833333333333,0.0
1,imagenet,foreground_rescue_10,19,4.7723727386491355e-05,0.96,0.96,0.2600767766634623,47,99.11687289900146,115.94804685306735,3.2306666666666666,3.2306666666666666,0.0
1,imagenet,foreground_rescue_10,20,4.7366711478567095e-05,0.9630000000000001,0.963,0.26040590127309166,47,100.03082414902747,116.41395645798184,3.3245,3.3245,0.0
1,imagenet,foreground_rescue_10,21,4.6985273241063454e-05,0.9640000000000001,0.964,0.2587820622126261,47,99.62948886398226,116.09503422514535,3.2561666666666667,3.2561666666666667,0.0
1,imagenet,foreground_rescue_10,22,4.657983869187342e-05,0.9620000000000001,0.962,0.261708890914917,47,100.20515754912049,116.41897649504244,3.2703333333333333,3.2703333333333333,0.0
1,imagenet,foreground_rescue_10,23,4.615086064971153e-05,0.959,0.959,0.2580811389287313,47,99.92154922802001,116.38612166186795,3.4006666666666665,3.4006666666666665,0.0
1,imagenet,foreground_rescue_10,24,4.5698818228373126e-05,0.9579999999999999,0.958,0.25986407963434854,47,100.4475463591516,117.29810206685215,3.3585,3.3585,0.0
1,imagenet,foreground_rescue_10,25,4.522421630162529e-05,0.9589999999999999,0.959,0.2608871283531189,47,99.14203653018922,123.0559643721208,3.3793333333333333,3.3793333333333333,0.0
1,imagenet,foreground_rescue_10,26,4.4727584939327193e-05,0.961,0.961,0.2600321685473124,47,99.04864799184725,115.3437545420602,3.3293333333333335,3.3293333333333335,0.0
1,imagenet,foreground_rescue_10,27,4.420947881540964e-05,0.9530000000000001,0.953,0.25845966521898905,47,100.33652421995066,116.61089001502842,3.2783333333333333,3.2783333333333333,0.0
1,imagenet,foreground_rescue_10,28,4.3670476588374966e-05,0.9570000000000001,0.957,0.2595617192586263,47,98.49866502801888,114.99270343896933,3.2041666666666666,3.2041666666666666,0.0
1,imagenet,foreground_rescue_10,29,4.311118025500927e-05,0.9559999999999998,0.956,0.25807108092308045,47,99.942329589976,116.51464551384561,3.2605,3.2605,0.0
1,imagenet,foreground_rescue_10,30,4.253221447802874e-05,0.9570000000000001,0.957,0.2584125487009684,47,99.99155953899026,116.68367162905633,3.397,3.397,0.0
1,imagenet,foreground_rescue_10,31,4.193422588841098e-05,0.9650000000000001,0.965,0.25907324473063154,47,99.56535228388384,115.88907094905153,3.4571666666666667,3.4571666666666667,0.0
1,imagenet,foreground_rescue_10,32,4.1317882363190655e-05,0.959,0.959,0.2577531441847483,47,99.63515251991339,115.87443816894665,3.3731666666666666,3.3731666666666666,0.0
1,imagenet,foreground_rescue_10,33,4.0683872279526e-05,0.9550000000000001,0.955,0.2575571285088857,47,100.65142064285465,117.12211146391928,3.3073333333333332,3.3073333333333332,0.0
1,imagenet,foreground_rescue_10,34,4.00329037458692e-05,0.9590000000000002,0.959,0.2564110690752665,47,99.2763820621185,115.94740755786188,3.2565,3.2565,0.0
1,imagenet,foreground_rescue_10,35,3.936570381109958e-05,0.9629999999999999,0.963,0.2584366014798482,47,98.37538577103987,114.90828040498309,3.3041666666666667,3.3041666666666667,0.0
1,imagenet,foreground_rescue_10,36,3.868301765250263e-05,0.9650000000000001,0.965,0.2605628633499146,47,100.12563063995913,116.57284201588482,3.3903333333333334,3.3903333333333334,0.0
1,imagenet,foreground_rescue_10,37,3.798560774350198e-05,0.961,0.961,0.2585559542179108,47,98.73350887000561,115.13865644508041,3.3486666666666665,3.3486666666666665,0.0
1,imagenet,foreground_rescue_10,38,3.7274253002073755e-05,0.959,0.959,0.2570702606836955,47,99.54121232195757,115.9928077980876,3.406,3.406,0.0
1,imagenet,foreground_rescue_10,39,3.6549747920794496e-05,0.966,0.966,0.25628235991795856,47,100.77442969102412,117.42372797499411,3.4583333333333335,3.4583333333333335,0.0
1,imagenet,foreground_rescue_10,40,3.581290167949421e-05,0.9649999999999999,0.965,0.25925838096936543,47,100.66539815091528,117.10823170701042,3.4203333333333332,3.4203333333333332,0.0
1,imagenet,foreground_rescue_10,41,3.5064537241505625e-05,0.96,0.96,0.2584617501894633,47,99.37797024892643,115.76293297111988,3.3975,3.3975,0.0
1,imagenet,foreground_rescue_10,42,3.4305490434519064e-05,0.96,0.96,0.2569300709565481,47,98.89862749702297,115.78909222688526,3.345666666666667,3.345666666666667,0.0
1,imagenet,foreground_rescue_10,43,3.353660901706944e-05,0.9620000000000001,0.962,0.2596401671568553,46,98.57525755697861,114.97839569509961,3.272666666666667,3.272666666666667,0.0
1,imagenet,foreground_rescue_10,44,3.2758751731698036e-05,0.959,0.959,0.25823560015360514,47,99.80559973418713,115.99712385004386,3.2865,3.2865,0.0
1,imagenet,foreground_rescue_10,45,3.197278734584651e-05,0.9650000000000001,0.965,0.2555929901599884,47,98.74549454497173,115.02155363908969,3.3453333333333335,3.3453333333333335,0.0
1,imagenet,foreground_rescue_10,46,3.1179593681554446e-05,0.9610000000000001,0.961,0.25713337246576945,47,100.55324325500987,117.12634995020926,3.3633333333333333,3.3633333333333333,0.0
1,imagenet,foreground_rescue_10,47,3.0380056635043986e-05,0.9650000000000001,0.965,0.2565650010108948,47,99.65358062996529,116.1228314130567,3.358833333333333,3.358833333333333,0.0
1,imagenet,foreground_rescue_10,48,2.9575069187286692e-05,0.959,0.959,0.25593408886591595,47,99.17810244602151,115.55752034997568,3.3695,3.3695,0.0
1,imagenet,foreground_rescue_10,49,2.876553040665759e-05,0.9650000000000001,0.965,0.2556132806142171,47,99.40378843806684,116.25725258002058,3.382833333333333,3.382833333333333,0.0
1,imagenet,foreground_rescue_10,50,2.7952344444790415e-05,0.968,0.968,0.2558626835346222,47,99.17713839490898,122.98258182988502,3.376333333333333,3.376333333333333,0.0
1,imagenet,foreground_rescue_10,51,2.7136419526755484e-05,0.9620000000000001,0.962,0.25623556566238403,47,99.83986355504021,116.21618766500615,3.396,3.396,0.0
1,imagenet,foreground_rescue_10,52,2.631866693668803e-05,0.9639999999999999,0.964,0.2554999811649323,47,99.62398358690552,116.32053716108203,3.4023333333333334,3.4023333333333334,0.0
1,imagenet,foreground_rescue_10,53,2.5500000000000003e-05,0.96,0.96,0.25540450660387676,47,99.83901498094201,116.4178451099433,3.4155,3.4155,0.0
1,imagenet,foreground_rescue_10,54,2.4681333063311983e-05,0.9640000000000001,0.964,0.2563458814620972,47,99.0294010809157,115.4335978871677,3.4505,3.4505,0.0
1,imagenet,foreground_rescue_10,55,2.3863580473244526e-05,0.9569999999999999,0.957,0.2555168291727702,47,98.57643528399058,114.98358615511097,3.4531666666666667,3.4531666666666667,0.0
1,imagenet,foreground_rescue_10,56,2.3047655555209592e-05,0.9640000000000001,0.964,0.2568149791558584,47,99.8898659159895,116.39043796807528,3.3906666666666667,3.3906666666666667,0.0
1,imagenet,foreground_rescue_10,57,2.223446959334243e-05,0.9649999999999999,0.965,0.2559916033744812,47,100.9018943910487,117.27866274304688,3.4033333333333333,3.4033333333333333,0.0
1,imagenet,foreground_rescue_10,58,2.1424930812713318e-05,0.9659999999999999,0.966,0.2549019594192505,47,99.1894063979853,115.74699673382565,3.4285,3.4285,0.0
1,imagenet,foreground_rescue_10,59,2.0619943364956024e-05,0.9640000000000001,0.964,0.25643181991577146,47,99.21483445120975,115.56296106195077,3.4555,3.4555,0.0
1,imagenet,foreground_rescue_10,60,1.9820406318445557e-05,0.967,0.967,0.25539787975947065,47,99.88425379106775,116.75784448510967,3.5191666666666666,3.5191666666666666,0.0
1,imagenet,foreground_rescue_10,61,1.9027212654153495e-05,0.9579999999999999,0.958,0.2572691985766093,47,100.41146538499743,116.5720118090976,3.504166666666667,3.504166666666667,0.0
1,imagenet,foreground_rescue_10,62,1.824124826830197e-05,0.9670000000000002,0.967,0.25561818210283915,47,99.91507098218426,116.30546695599332,3.451,3.451,0.0
1,imagenet,foreground_rescue_10,63,1.746339098293056e-05,0.9640000000000001,0.964,0.2547238484223684,47,100.10261881002225,116.84084036503918,3.4538333333333333,3.4538333333333333,0.0
1,imagenet,foreground_rescue_10,64,1.6694509565480943e-05,0.9650000000000001,0.965,0.2547807323137919,47,100.24410747620277,116.80488172802143,3.4535,3.4535,0.0
1,imagenet,foreground_rescue_10,65,1.593546275849438e-05,0.9659999999999999,0.966,0.25549510208765663,47,99.79949105507694,116.32812382490374,3.4406666666666665,3.4406666666666665,0.0
1,imagenet,foreground_rescue_10,66,1.5187098320505799e-05,0.966,0.966,0.25396375091870627,47,99.83543446310796,116.28947514807805,3.4263333333333335,3.4263333333333335,0.0
1,imagenet,foreground_rescue_10,67,1.4450252079205502e-05,0.966,0.966,0.2546790184179942,47,99.09723365888931,115.42881395900622,3.404,3.404,0.0
1,imagenet,foreground_rescue_10,68,1.372574699792625e-05,0.9639999999999999,0.964,0.25595226446787517,47,99.23712856904604,115.80858632992022,3.4505,3.4505,0.0
1,imagenet,foreground_rescue_10,69,1.3014392256498022e-05,0.9640000000000001,0.964,0.2568438184261322,47,100.54767119209282,117.0832595161628,3.4603333333333333,3.4603333333333333,0.0
1,imagenet,foreground_rescue_10,70,1.2316982347497372e-05,0.959,0.959,0.2558024275302887,47,100.22707928880118,116.62937285914086,3.479833333333333,3.479833333333333,0.0
1,imagenet,foreground_rescue_10,71,1.1634296188900416e-05,0.9639999999999999,0.964,0.25447018059094745,47,99.9486242888961,116.21435932791792,3.4718333333333335,3.4718333333333335,0.0
1,imagenet,foreground_rescue_10,72,1.0967096254130799e-05,0.9639999999999999,0.964,0.2545030972162882,47,98.9931558649987,115.25086637609638,3.469333333333333,3.469333333333333,0.0
1,imagenet,foreground_rescue_10,73,1.0316127720474006e-05,0.9629999999999999,0.963,0.25429335808753967,47,99.16390889813192,115.52740623382851,3.5036666666666667,3.5036666666666667,0.0
1,imagenet,foreground_rescue_10,74,9.682117636809343e-06,0.968,0.968,0.25493156917889914,47,99.5378137039952,115.87785662105307,3.491833333333333,3.491833333333333,0.0
1,imagenet,foreground_rescue_10,75,9.065774111589031e-06,0.9669999999999999,0.967,0.25552556268374127,47,99.45456397207454,123.38930123485625,3.4945,3.4945,0.0
1,imagenet,foreground_rescue_10,76,8.467785521971265e-06,0.9690000000000001,0.969,0.25498588705062863,47,100.54987265611999,116.98849479388446,3.4663333333333335,3.4663333333333335,0.0
1,imagenet,foreground_rescue_10,77,7.888819744990736e-06,0.968,0.968,0.2535899839401245,47,98.81059777201153,115.3783892209176,3.4551666666666665,3.4551666666666665,0.0
1,imagenet,foreground_rescue_10,78,7.329523411625039e-06,0.969,0.969,0.25384584959348044,47,100.07701431098394,116.6941996018868,3.4278333333333335,3.4278333333333335,0.0
1,imagenet,foreground_rescue_10,79,6.790521184590367e-06,0.9719999999999999,0.972,0.254427507797877,47,99.12016084603965,115.89301021094434,3.464,3.464,0.0
1,imagenet,foreground_rescue_10,80,6.272415060672806e-06,0.9719999999999999,0.972,0.2546846526463826,47,98.44815338705666,115.14531734003685,3.482666666666667,3.482666666666667,0.0
1,imagenet,foreground_rescue_10,81,5.77578369837471e-06,0.9649999999999999,0.965,0.2544027949968974,47,102.08213621098548,118.91590546397492,3.477,3.477,0.0
1,imagenet,foreground_rescue_10,82,5.301181771626878e-06,0.9649999999999999,0.965,0.25451131916046144,47,99.70184518094175,115.93934152903967,3.449,3.449,0.0
1,imagenet,foreground_rescue_10,83,4.849139350288474e-06,0.9709999999999999,0.971,0.2542889404296875,47,99.78886960400268,116.76891307509504,3.4645,3.4645,0.0
1,imagenet,foreground_rescue_10,84,4.420161308126591e-06,0.9729999999999999,0.973,0.25424872390429176,47,98.08249613898806,114.34548381203786,3.45,3.45,0.0
1,imagenet,foreground_rescue_10,85,4.014726758936549e-06,0.9719999999999999,0.972,0.2544301495552063,47,99.25946074281819,115.72406492009759,3.426,3.426,0.0
1,imagenet,foreground_rescue_10,86,3.6332885214329124e-06,0.9690000000000001,0.969,0.2542077173391978,47,99.56532657681964,115.89365667197853,3.4473333333333334,3.4473333333333334,0.0
1,imagenet,foreground_rescue_10,87,3.2762726135086534e-06,0.969,0.969,0.25515376289685565,47,100.08583344100043,116.53291756589897,3.427,3.427,0.0
1,imagenet,foreground_rescue_10,88,2.9440777764274926e-06,0.97,0.97,0.2544693356355031,47,99.05977166583762,115.35042940312997,3.4555,3.4555,0.0
1,imagenet,foreground_rescue_10,89,2.6370750294807374e-06,0.969,0.969,0.2536760075092316,47,99.49897773307748,115.80225100414827,3.4606666666666666,3.4606666666666666,0.0
1,imagenet,foreground_rescue_10,90,2.3556072556059925e-06,0.97,0.97,0.25430747063954673,47,101.1618826398626,117.4155642921105,3.4478333333333335,3.4478333333333335,0.0
1,imagenet,foreground_rescue_10,91,2.0999888184306456e-06,0.9690000000000001,0.969,0.2541673184235891,47,100.95865129400045,117.66997973108664,3.467,3.467,0.0
1,imagenet,foreground_rescue_10,92,1.8705052111677768e-06,0.9690000000000001,0.969,0.2540398129622142,47,99.7895710458979,116.09421607502736,3.449333333333333,3.449333333333333,0.0
1,imagenet,foreground_rescue_10,93,1.6674127377565921e-06,0.9719999999999999,0.972,0.25396116892496745,47,99.13510142406449,115.84156373795122,3.4316666666666666,3.4316666666666666,0.0
1,imagenet,foreground_rescue_10,94,1.4909382266036246e-06,0.97,0.97,0.2536394677956899,47,99.3979438887909,116.10281863505952,3.4658333333333333,3.4658333333333333,0.0
1,imagenet,foreground_rescue_10,95,1.3412787772443001e-06,0.9719999999999999,0.972,0.25407350715001426,47,99.1942330300808,115.40612498600967,3.432,3.432,0.0
1,imagenet,foreground_rescue_10,96,1.2186015402078894e-06,0.9719999999999999,0.972,0.2543766181468964,47,99.83439476089552,116.1895361628849,3.4386666666666668,3.4386666666666668,0.0
1,imagenet,foreground_rescue_10,97,1.1230435303316486e-06,0.9709999999999999,0.971,0.2541812896728516,47,99.48422769014724,115.97516427398659,3.4271666666666665,3.4271666666666665,0.0
1,imagenet,foreground_rescue_10,98,1.0547114737327475e-06,0.9719999999999999,0.972,0.25515522742271424,47,100.97770436503924,117.39812917402014,3.4425,3.4425,0.0
1,imagenet,foreground_rescue_10,99,1.013681688608762e-06,0.9719999999999999,0.972,0.25466291840871175,47,99.1430750968866,115.72461591497995,3.4463333333333335,3.4463333333333335,0.0
1,imagenet,foreground_rescue_10,100,1e-06,0.9719999999999999,0.972,0.25366705894470215,47,100.59704816387966,127.25920943100937,3.439,3.439,0.0
1,imagenet,full,1,1e-05,0.7250000000000001,0.725,1.78274942111969,47,95.543360323878,111.46069495403208,0.0,0.0,0.0
1,imagenet,full,2,2e-05,0.933,0.933,0.9133008076349894,47,99.02501901402138,115.27601354103535,0.0,0.0,0.0
1,imagenet,full,3,3.0000000000000004e-05,0.958,0.958,0.47569463443756105,47,94.75014644186012,110.804107835982,0.0,0.0,0.0
1,imagenet,full,4,4e-05,0.9640000000000001,0.964,0.3737368793487549,47,93.87906426517293,110.029850410996,0.0,0.0,0.0
1,imagenet,full,5,5e-05,0.9629999999999999,0.963,0.3246317740281423,47,93.56793317315169,109.76063143601641,0.0,0.0,0.0
1,imagenet,full,6,5e-05,0.961,0.961,0.2986234228610992,47,94.28296191082336,111.06328254309483,0.0,0.0,0.0
1,imagenet,full,7,4.9986318311391235e-05,0.9629999999999999,0.963,0.28266845242182415,47,95.75383962714113,112.32721832301468,0.0,0.0,0.0
1,imagenet,full,8,4.994528852626726e-05,0.9570000000000001,0.957,0.27842974265416465,47,94.16638077795506,110.28854264691472,0.0,0.0,0.0
1,imagenet,full,9,4.987695646966835e-05,0.9639999999999999,0.964,0.2704241678714752,47,94.10648404294625,110.19367877300829,0.0,0.0,0.0
1,imagenet,full,10,4.9781398459792115e-05,0.96,0.96,0.2662102816104889,47,93.90379108395427,117.85965563193895,0.0,0.0,0.0
1,imagenet,full,11,4.96587212227557e-05,0.958,0.958,0.2651513397693634,47,93.6572028750088,109.53908571507782,0.0,0.0,0.0
1,imagenet,full,12,4.950906177339638e-05,0.9640000000000001,0.964,0.2653323022524516,47,93.49496897100471,109.45085967006162,0.0,0.0,0.0
1,imagenet,full,13,4.9332587262243413e-05,0.9570000000000001,0.957,0.2638993999958038,47,93.87832605908625,110.44596876506694,0.0,0.0,0.0
1,imagenet,full,14,4.912949478883223e-05,0.962,0.962,0.26016589323679606,47,93.41988479695283,109.42515806714073,0.0,0.0,0.0
1,imagenet,full,15,4.890001118156936e-05,0.9569999999999999,0.957,0.2597376106580098,47,93.89561780216172,109.98052691086195,0.0,0.0,0.0
1,imagenet,full,16,4.864439274439401e-05,0.9640000000000001,0.964,0.2585163479646047,47,93.35267044696957,109.34337488096207,0.0,0.0,0.0
1,imagenet,full,17,4.836292497051926e-05,0.96,0.96,0.2589210924307505,47,94.33245144505054,110.63472052896395,0.0,0.0,0.0
1,imagenet,full,18,4.8055922223572505e-05,0.962,0.962,0.25892265868186953,47,93.70819848100655,109.75061690690927,0.0,0.0,0.0
1,imagenet,full,19,4.7723727386491355e-05,0.9650000000000001,0.965,0.25896812828381854,47,94.43296684278175,110.74933361215517,0.0,0.0,0.0
1,imagenet,full,20,4.7366711478567095e-05,0.95,0.95,0.2572574892838796,47,93.52704242290929,109.6570670621004,0.0,0.0,0.0
1,imagenet,full,21,4.6985273241063454e-05,0.958,0.958,0.2569281247456868,47,93.64395982795395,109.71271988819353,0.0,0.0,0.0
1,imagenet,full,22,4.657983869187342e-05,0.9640000000000001,0.964,0.25927266200383503,47,93.07513313693926,109.22494200989604,0.0,0.0,0.0
1,imagenet,full,23,4.615086064971153e-05,0.96,0.96,0.2564346044063568,47,93.84557061083615,109.88035135297105,0.0,0.0,0.0
1,imagenet,full,24,4.5698818228373126e-05,0.966,0.966,0.2586037492752075,47,93.71476118685678,109.84407694800757,0.0,0.0,0.0
1,imagenet,full,25,4.522421630162529e-05,0.9649999999999999,0.965,0.2558351808389028,47,93.8232060901355,116.69305665697902,0.0,0.0,0.0
1,imagenet,full,26,4.4727584939327193e-05,0.961,0.961,0.25699387669563295,47,93.97856982797384,109.96572973788716,0.0,0.0,0.0
1,imagenet,full,27,4.420947881540964e-05,0.962,0.962,0.25460929107666014,47,93.53623759094626,109.76903136097826,0.0,0.0,0.0
1,imagenet,full,28,4.3670476588374966e-05,0.9640000000000001,0.964,0.2578914760748545,47,94.30528171081096,110.7252683560364,0.0,0.0,0.0
1,imagenet,full,29,4.311118025500927e-05,0.962,0.962,0.2557467252413432,47,94.24997229105793,110.51418041903526,0.0,0.0,0.0
1,imagenet,full,30,4.253221447802874e-05,0.961,0.961,0.25436002333958946,47,96.58879399695434,112.42323402897455,0.0,0.0,0.0
1,imagenet,full,31,4.193422588841098e-05,0.9549999999999998,0.955,0.25483840092023213,47,94.4352401199285,110.56743580801412,0.0,0.0,0.0
1,imagenet,full,32,4.1317882363190655e-05,0.9599999999999997,0.96,0.25495150025685626,47,94.47879218799062,111.18222205410711,0.0,0.0,0.0
1,imagenet,full,33,4.0683872279526e-05,0.9649999999999999,0.965,0.2525996044476827,47,94.06874657608569,110.08673930400982,0.0,0.0,0.0
1,imagenet,full,34,4.00329037458692e-05,0.9629999999999999,0.963,0.2536173343658447,47,94.82965780701488,110.83418655907735,0.0,0.0,0.0
1,imagenet,full,35,3.936570381109958e-05,0.966,0.966,0.25414157915115354,47,94.25510690594092,110.45962116797455,0.0,0.0,0.0
1,imagenet,full,36,3.868301765250263e-05,0.9560000000000001,0.956,0.25532580733299254,47,93.66604614700191,109.77126163383946,0.0,0.0,0.0
1,imagenet,full,37,3.798560774350198e-05,0.9549999999999998,0.955,0.2552440558274587,47,94.03881571092643,109.92205997998826,0.0,0.0,0.0
1,imagenet,full,38,3.7274253002073755e-05,0.962,0.962,0.25458172313372296,47,93.7937290428672,109.99640301195905,0.0,0.0,0.0
1,imagenet,full,39,3.6549747920794496e-05,0.95,0.95,0.2544618414243062,47,93.90897184517235,109.84737764205784,0.0,0.0,0.0
1,imagenet,full,40,3.581290167949421e-05,0.962,0.962,0.2532683916886648,47,93.92176864179783,110.0415870049037,0.0,0.0,0.0
1,imagenet,full,41,3.5064537241505625e-05,0.96,0.96,0.25374159987767536,47,93.90686307102442,110.07398513704538,0.0,0.0,0.0
1,imagenet,full,42,3.4305490434519064e-05,0.961,0.961,0.253184335788091,47,95.0696190779563,111.06338620604947,0.0,0.0,0.0
1,imagenet,full,43,3.353660901706944e-05,0.9570000000000001,0.957,0.2549121809005737,47,93.8625001150649,109.84629974910058,0.0,0.0,0.0
1,imagenet,full,44,3.2758751731698036e-05,0.953,0.953,0.25408158628145855,47,93.84541301708668,109.88937548012473,0.0,0.0,0.0
1,imagenet,full,45,3.197278734584651e-05,0.962,0.962,0.25423985584576925,47,94.79658947209828,110.83730943105184,0.0,0.0,0.0
1,imagenet,full,46,3.1179593681554446e-05,0.9640000000000001,0.964,0.25253617429733277,47,93.68226150213741,109.70976946805604,0.0,0.0,0.0
1,imagenet,full,47,3.0380056635043986e-05,0.9579999999999999,0.958,0.2538299668629964,47,93.22519712895155,109.19509859802201,0.0,0.0,0.0
1,imagenet,full,48,2.9575069187286692e-05,0.9570000000000001,0.957,0.25391313441594443,47,93.73850494204089,109.7212960831821,0.0,0.0,0.0
1,imagenet,full,49,2.876553040665759e-05,0.959,0.959,0.25414372626940407,47,93.92317041009665,109.96318648196757,0.0,0.0,0.0
1,imagenet,full,50,2.7952344444790415e-05,0.9610000000000001,0.961,0.2534565268357595,47,93.22402690700255,116.7509726579301,0.0,0.0,0.0
1,imagenet,full,51,2.7136419526755484e-05,0.96,0.96,0.25296679345766704,47,92.56162396399304,108.4119341110345,0.0,0.0,0.0
1,imagenet,full,52,2.631866693668803e-05,0.966,0.966,0.2529299840927124,47,94.40105185215361,110.46986644994467,0.0,0.0,0.0
1,imagenet,full,53,2.5500000000000003e-05,0.9610000000000001,0.961,0.25310434103012086,47,93.96586083178408,109.94274849211797,0.0,0.0,0.0
1,imagenet,full,54,2.4681333063311983e-05,0.9639999999999999,0.964,0.25289986952145893,46,93.91088879015297,109.96358917304315,0.0,0.0,0.0
1,imagenet,full,55,2.3863580473244526e-05,0.961,0.961,0.2519549309412638,47,93.81964763510041,109.82988831098191,0.0,0.0,0.0
1,imagenet,full,56,2.3047655555209592e-05,0.9630000000000001,0.963,0.25265771730740866,47,93.90232440107502,109.912514569005,0.0,0.0,0.0
1,imagenet,full,57,2.223446959334243e-05,0.9670000000000002,0.967,0.25319470993677773,47,94.66058249305934,110.62268029106781,0.0,0.0,0.0
1,imagenet,full,58,2.1424930812713318e-05,0.96,0.96,0.2525052138964335,47,94.71582082193345,111.32801737007685,0.0,0.0,0.0
1,imagenet,full,59,2.0619943364956024e-05,0.961,0.961,0.2515024947325389,47,95.30992214707658,111.41233505215496,0.0,0.0,0.0
1,imagenet,full,60,1.9820406318445557e-05,0.9579999999999999,0.958,0.25242041166623436,47,93.10076250205748,109.14798025903292,0.0,0.0,0.0
1,imagenet,full,61,1.9027212654153495e-05,0.9639999999999999,0.964,0.2533897867202759,47,94.23003841284662,110.22725304006599,0.0,0.0,0.0
1,imagenet,full,62,1.824124826830197e-05,0.961,0.961,0.25242486476898196,47,94.57805275195278,110.65394674497657,0.0,0.0,0.0
1,imagenet,full,63,1.746339098293056e-05,0.9690000000000001,0.969,0.2524069350560506,47,93.35111066396348,109.68603903497569,0.0,0.0,0.0
1,imagenet,full,64,1.6694509565480943e-05,0.966,0.966,0.25323675958315534,47,94.01293537393212,110.06558812595904,0.0,0.0,0.0
1,imagenet,full,65,1.593546275849438e-05,0.967,0.967,0.2534301137924194,47,94.36710623395629,110.42231415491551,0.0,0.0,0.0
1,imagenet,full,66,1.5187098320505799e-05,0.9639999999999999,0.964,0.2518881794611613,47,93.73065045382828,109.72538047702983,0.0,0.0,0.0
1,imagenet,full,67,1.4450252079205502e-05,0.9650000000000001,0.965,0.25324436211586,47,94.18078185315244,110.1982987250667,0.0,0.0,0.0
1,imagenet,full,68,1.372574699792625e-05,0.9680000000000002,0.968,0.2518021494547526,47,92.92310646222904,109.21948554110713,0.0,0.0,0.0
1,imagenet,full,69,1.3014392256498022e-05,0.9690000000000001,0.969,0.2536448652744293,47,93.8519732109271,109.65091425506398,0.0,0.0,0.0
1,imagenet,full,70,1.2316982347497372e-05,0.966,0.966,0.25209801491101586,47,94.48224991513416,110.40941346995533,0.0,0.0,0.0
1,imagenet,full,71,1.1634296188900416e-05,0.966,0.966,0.2522585198879242,47,94.48236546106637,110.78634916990995,0.0,0.0,0.0
1,imagenet,full,72,1.0967096254130799e-05,0.9709999999999999,0.971,0.2519040807088216,47,93.88290114700794,109.87433050991967,0.0,0.0,0.0
1,imagenet,full,73,1.0316127720474006e-05,0.968,0.968,0.2514363643328349,47,94.32629401190206,110.3619999580551,0.0,0.0,0.0
1,imagenet,full,74,9.682117636809343e-06,0.9709999999999999,0.971,0.2518682370185852,47,94.64257274800912,110.98375214100815,0.0,0.0,0.0
1,imagenet,full,75,9.065774111589031e-06,0.9709999999999999,0.971,0.25241981585820517,47,94.05467416997999,117.4789266930893,0.0,0.0,0.0
1,imagenet,full,76,8.467785521971265e-06,0.97,0.97,0.25167619188626605,47,94.03424650593661,110.0106122889556,0.0,0.0,0.0
1,imagenet,full,77,7.888819744990736e-06,0.9710000000000001,0.971,0.2519616063435872,47,93.65149251604453,109.71509537892416,0.0,0.0,0.0
1,imagenet,full,78,7.329523411625039e-06,0.97,0.97,0.251364784638087,47,93.39517270121723,109.38992945686914,0.0,0.0,0.0
1,imagenet,full,79,6.790521184590367e-06,0.9719999999999999,0.972,0.2515193672974904,47,94.12298949598335,110.1708329480607,0.0,0.0,0.0
1,imagenet,full,80,6.272415060672806e-06,0.97,0.97,0.25152377676963805,47,93.1865609230008,109.31438740901649,0.0,0.0,0.0
1,imagenet,full,81,5.77578369837471e-06,0.9719999999999999,0.972,0.251680272658666,47,94.999537355965,110.84124848805368,0.0,0.0,0.0
1,imagenet,full,82,5.301181771626878e-06,0.97,0.97,0.2514941065311432,47,93.57804720499553,109.79960511997342,0.0,0.0,0.0
1,imagenet,full,83,4.849139350288474e-06,0.9719999999999999,0.972,0.25143607036272686,47,94.1026288040448,110.08962942194194,0.0,0.0,0.0
1,imagenet,full,84,4.420161308126591e-06,0.9709999999999999,0.971,0.2520697413285573,47,94.65262391301803,110.48898067208938,0.0,0.0,0.0
1,imagenet,full,85,4.014726758936549e-06,0.9719999999999999,0.972,0.2515954585870107,47,93.35107615916058,109.35174372908659,0.0,0.0,0.0
1,imagenet,full,86,3.6332885214329124e-06,0.9740000000000002,0.974,0.25196974221865337,47,94.8052363388706,110.79446593299508,0.0,0.0,0.0
1,imagenet,full,87,3.2762726135086534e-06,0.9739999999999999,0.974,0.25261443527539573,47,94.29949707700871,110.20726639893837,0.0,0.0,0.0
1,imagenet,full,88,2.9440777764274926e-06,0.9730000000000001,0.973,0.25168920477231344,47,93.74402202200145,109.86843469995074,0.0,0.0,0.0
1,imagenet,full,89,2.6370750294807374e-06,0.97,0.97,0.2513966245651245,47,93.39633492915891,109.37879239511676,0.0,0.0,0.0
1,imagenet,full,90,2.3556072556059925e-06,0.97,0.97,0.25157707834243775,47,93.57648511906154,109.55507401400246,0.0,0.0,0.0
1,imagenet,full,91,2.0999888184306456e-06,0.97,0.97,0.25129445830980934,47,93.32250471413136,109.2564408860635,0.0,0.0,0.0
1,imagenet,full,92,1.8705052111677768e-06,0.9710000000000001,0.971,0.2516333327293396,47,93.65163133107126,109.65560851618648,0.0,0.0,0.0
1,imagenet,full,93,1.6674127377565921e-06,0.9730000000000001,0.973,0.2516708362897237,47,93.64800508413464,109.5327652618289,0.0,0.0,0.0
1,imagenet,full,94,1.4909382266036246e-06,0.9739999999999999,0.974,0.25198626788457235,47,93.70488875801675,109.83175717899576,0.0,0.0,0.0
1,imagenet,full,95,1.3412787772443001e-06,0.9719999999999999,0.972,0.2516647045612335,47,94.30287275114097,110.10890922998078,0.0,0.0,0.0
1,imagenet,full,96,1.2186015402078894e-06,0.9719999999999999,0.972,0.25185498825709024,47,94.48761690803804,110.38929632096551,0.0,0.0,0.0
1,imagenet,full,97,1.1230435303316486e-06,0.9730000000000001,0.973,0.2518218959172567,47,92.99466588511132,109.10168954310939,0.0,0.0,0.0
1,imagenet,full,98,1.0547114737327475e-06,0.9729999999999999,0.973,0.2520500951608022,47,94.75455270893872,110.86384874489158,0.0,0.0,0.0
1,imagenet,full,99,1.013681688608762e-06,0.9709999999999999,0.971,0.25254787190755207,47,95.19238798203878,111.19636418786831,0.0,0.0,0.0
1,imagenet,full,100,1e-06,0.9719999999999999,0.972,0.2516091949144999,47,92.53208034392446,115.66642147209495,0.0,0.0,0.0
1,imagenet,low_score_rescue_10,1,1e-05,0.728,0.728,1.7629878826141356,47,101.30237735202536,117.63629405712709,10.0,0.6686666666666666,1.4301666666666666
1,imagenet,low_score_rescue_10,2,2e-05,0.932,0.932,0.901248394648234,47,103.36299494816922,119.58077357010916,10.0,0.6378333333333334,1.3625
1,imagenet,low_score_rescue_10,3,3.0000000000000004e-05,0.96,0.96,0.472037423769633,47,97.77766744699329,114.41241771704517,10.0,0.638,1.3416666666666666
1,imagenet,low_score_rescue_10,4,4e-05,0.9630000000000001,0.963,0.37283647696177163,47,98.66712408000603,114.87702022492886,10.0,0.6378333333333334,1.3603333333333334
1,imagenet,low_score_rescue_10,5,5e-05,0.962,0.962,0.3250212548573812,47,98.43843964696862,114.56432071491145,10.0,0.6431666666666667,1.3743333333333334
1,imagenet,low_score_rescue_10,6,5e-05,0.966,0.966,0.2988725406328837,47,97.52019633399323,113.92620535288006,10.0,0.6378333333333334,1.3211666666666666
1,imagenet,low_score_rescue_10,7,4.9986318311391235e-05,0.9650000000000001,0.965,0.28491411344210305,47,99.00820519309491,115.37361526209861,10.0,0.6645,1.386
1,imagenet,low_score_rescue_10,8,4.994528852626726e-05,0.9700000000000001,0.97,0.28164582085609435,47,97.89666176703759,114.14521745988168,10.0,0.646,1.3761666666666668
1,imagenet,low_score_rescue_10,9,4.987695646966835e-05,0.9649999999999999,0.965,0.2741807113488515,47,99.11304062907584,115.12128811492585,10.0,0.6728333333333333,1.4408333333333334
1,imagenet,low_score_rescue_10,10,4.9781398459792115e-05,0.9570000000000001,0.957,0.26871337644259136,47,97.77042523212731,121.50205015996471,10.0,0.7018333333333333,1.5266666666666666
1,imagenet,low_score_rescue_10,11,4.96587212227557e-05,0.9600000000000002,0.96,0.26793608140945435,47,98.47949371510185,114.94379263487644,10.0,0.7155,1.512
1,imagenet,low_score_rescue_10,12,4.950906177339638e-05,0.962,0.962,0.267871527671814,47,97.45231418288313,113.69864584086463,10.0,0.7313333333333333,1.5256666666666667
1,imagenet,low_score_rescue_10,13,4.9332587262243413e-05,0.9639999999999999,0.964,0.26707439827919005,47,97.50746114505455,114.01231779204682,10.0,0.744,1.5941666666666667
1,imagenet,low_score_rescue_10,14,4.912949478883223e-05,0.9710000000000001,0.971,0.26476387612024943,47,98.29197550797835,114.65356990718283,10.0,0.741,1.6343333333333334
1,imagenet,low_score_rescue_10,15,4.890001118156936e-05,0.9670000000000002,0.967,0.2636552594502767,47,98.40653836005367,114.59532146598212,10.0,0.7328333333333333,1.6148333333333333
1,imagenet,low_score_rescue_10,16,4.864439274439401e-05,0.958,0.958,0.26279555877049765,47,98.09337318595499,114.63980949996039,10.0,0.7918333333333333,1.6615
1,imagenet,low_score_rescue_10,17,4.836292497051926e-05,0.959,0.959,0.2604386653105418,47,98.18016025610268,114.62729217205197,10.0,0.7813333333333333,1.6675
1,imagenet,low_score_rescue_10,18,4.8055922223572505e-05,0.9629999999999999,0.963,0.2630349401632945,47,98.13139165285975,114.9679811228998,10.0,0.7711666666666667,1.6415
1,imagenet,low_score_rescue_10,19,4.7723727386491355e-05,0.9580000000000002,0.958,0.261087948958079,47,98.4946123037953,114.71598986093886,10.0,0.7733333333333333,1.6285
1,imagenet,low_score_rescue_10,20,4.7366711478567095e-05,0.9650000000000001,0.965,0.25985877362887067,47,97.26886024791747,113.64468760695308,10.0,0.7496666666666667,1.522
1,imagenet,low_score_rescue_10,21,4.6985273241063454e-05,0.966,0.966,0.2594529656569163,47,98.63536693784408,114.92584518692456,10.0,0.7656666666666667,1.5145
1,imagenet,low_score_rescue_10,22,4.657983869187342e-05,0.961,0.961,0.26288407429059346,47,97.93586361780763,114.41255972208455,10.0,0.8038333333333333,1.5156666666666667
1,imagenet,low_score_rescue_10,23,4.615086064971153e-05,0.9629999999999999,0.963,0.25914923644065857,47,97.57252849382348,114.1748160328716,10.0,0.7728333333333334,1.5403333333333333
1,imagenet,low_score_rescue_10,24,4.5698818228373126e-05,0.9569999999999999,0.957,0.2608689285914103,47,98.68077780096792,115.26621240703389,10.0,0.741,1.491
1,imagenet,low_score_rescue_10,25,4.522421630162529e-05,0.9560000000000001,0.956,0.26017967891693117,47,97.82943721301854,122.29689993010834,10.0,0.7458333333333333,1.4946666666666666
1,imagenet,low_score_rescue_10,26,4.4727584939327193e-05,0.961,0.961,0.2593739530245463,47,98.74713869695552,115.01730599813163,10.0,0.7321666666666666,1.531
1,imagenet,low_score_rescue_10,27,4.420947881540964e-05,0.9639999999999999,0.964,0.25944037342071535,47,97.99042946379632,114.1858762728516,10.0,0.78,1.5175
1,imagenet,low_score_rescue_10,28,4.3670476588374966e-05,0.96,0.96,0.25999939783414205,47,98.86639419617131,115.08714287914336,10.0,0.7526666666666667,1.5198333333333334
1,imagenet,low_score_rescue_10,29,4.311118025500927e-05,0.9590000000000002,0.959,0.2580357149442037,47,98.01867181505077,114.42284362204373,10.0,0.7355,1.4696666666666667
1,imagenet,low_score_rescue_10,30,4.253221447802874e-05,0.9520000000000002,0.952,0.2597605544726054,47,97.93798746680841,114.6198338130489,10.0,0.7413333333333333,1.538
1,imagenet,low_score_rescue_10,31,4.193422588841098e-05,0.958,0.958,0.2593819783528646,47,98.6321531040594,115.17073448491283,10.0,0.7781666666666667,1.5418333333333334
1,imagenet,low_score_rescue_10,32,4.1317882363190655e-05,0.961,0.961,0.2576187247435252,47,99.00273843412288,115.57774324109778,10.0,0.7435,1.4685
1,imagenet,low_score_rescue_10,33,4.0683872279526e-05,0.9550000000000001,0.955,0.25837319032351175,47,98.51667149108835,115.51712074899115,10.0,0.7436666666666667,1.4965
1,imagenet,low_score_rescue_10,34,4.00329037458692e-05,0.9649999999999999,0.965,0.2576127390861511,47,97.61807277495973,114.22123446804471,10.0,0.7345,1.56
1,imagenet,low_score_rescue_10,35,3.936570381109958e-05,0.9659999999999999,0.966,0.2575059870084127,47,97.94383801706135,114.18855111394078,10.0,0.763,1.6055
1,imagenet,low_score_rescue_10,36,3.868301765250263e-05,0.968,0.968,0.2591403841972351,47,98.7656030410435,115.20599940116517,10.0,0.7436666666666667,1.6035
1,imagenet,low_score_rescue_10,37,3.798560774350198e-05,0.9610000000000001,0.961,0.25904669213294984,47,97.34944797493517,113.67919706506655,10.0,0.7456666666666667,1.4991666666666668
1,imagenet,low_score_rescue_10,38,3.7274253002073755e-05,0.959,0.959,0.2557381393114726,47,98.64758687396534,114.97044631885365,10.0,0.727,1.4515
1,imagenet,low_score_rescue_10,39,3.6549747920794496e-05,0.959,0.959,0.25523589475949604,47,98.26769697386771,114.58763535297476,10.0,0.7348333333333333,1.4985
1,imagenet,low_score_rescue_10,40,3.581290167949421e-05,0.9559999999999998,0.956,0.2558043886820475,47,97.9767047718633,114.2587940429803,10.0,0.7555,1.5005
1,imagenet,low_score_rescue_10,41,3.5064537241505625e-05,0.9570000000000001,0.957,0.25790599195162456,47,97.57310157408938,113.94799680705182,10.0,0.7513333333333333,1.5301666666666667
1,imagenet,low_score_rescue_10,42,3.4305490434519064e-05,0.9690000000000001,0.969,0.25606234566370645,47,97.790580624016,114.11047820094973,10.0,0.732,1.5493333333333332
1,imagenet,low_score_rescue_10,43,3.353660901706944e-05,0.9570000000000001,0.957,0.25760164014498393,47,98.45437880791724,115.2053559019696,10.0,0.7306666666666667,1.5748333333333333
1,imagenet,low_score_rescue_10,44,3.2758751731698036e-05,0.9600000000000002,0.96,0.25833098260561627,47,97.62111151590943,114.17214080388658,10.0,0.7258333333333333,1.5433333333333332
1,imagenet,low_score_rescue_10,45,3.197278734584651e-05,0.958,0.958,0.25611121781667073,47,97.73313827207312,114.05195875209756,10.0,0.722,1.5291666666666666
1,imagenet,low_score_rescue_10,46,3.1179593681554446e-05,0.96,0.96,0.25927984340985616,47,98.2350024280604,114.48734108801,10.0,0.7706666666666667,1.6255
1,imagenet,low_score_rescue_10,47,3.0380056635043986e-05,0.9599999999999997,0.96,0.2575509725411733,47,97.62587511609308,113.92049027001485,10.0,0.8018333333333333,1.6316666666666666
1,imagenet,low_score_rescue_10,48,2.9575069187286692e-05,0.9600000000000002,0.96,0.25804516553878787,47,97.49599896208383,113.92248553805985,10.0,0.7961666666666667,1.6485
1,imagenet,low_score_rescue_10,49,2.876553040665759e-05,0.961,0.961,0.2594293527603149,47,97.78108224109747,114.10340965702198,10.0,0.7841666666666667,1.6766666666666667
1,imagenet,low_score_rescue_10,50,2.7952344444790415e-05,0.958,0.958,0.25847139302889505,47,98.55181659315713,122.02300207712688,10.0,0.7888333333333334,1.6611666666666667
1,imagenet,low_score_rescue_10,51,2.7136419526755484e-05,0.9649999999999999,0.965,0.25946636390686034,47,97.72129974095151,114.19950870820321,10.0,0.7841666666666667,1.6556666666666666
1,imagenet,low_score_rescue_10,52,2.631866693668803e-05,0.9629999999999999,0.963,0.25802697722117107,47,97.78468244499527,114.26975313993171,10.0,0.7726666666666666,1.5905
1,imagenet,low_score_rescue_10,53,2.5500000000000003e-05,0.959,0.959,0.2579925313790639,47,97.7535985650029,114.24723295215517,10.0,0.7611666666666667,1.5825
1,imagenet,low_score_rescue_10,54,2.4681333063311983e-05,0.9560000000000001,0.956,0.25600322922070823,47,98.86345358914696,115.01727792411111,10.0,0.7466666666666667,1.5668333333333333
1,imagenet,low_score_rescue_10,55,2.3863580473244526e-05,0.959,0.959,0.2567031991481781,47,98.24585195002146,114.64143987884745,10.0,0.7603333333333333,1.5271666666666666
1,imagenet,low_score_rescue_10,56,2.3047655555209592e-05,0.9579999999999999,0.958,0.25587036458651224,47,97.54484386881813,113.76739431614988,10.0,0.7626666666666667,1.5363333333333333
1,imagenet,low_score_rescue_10,57,2.223446959334243e-05,0.9620000000000001,0.962,0.2557630453109741,47,99.44460540614091,116.25793019402772,10.0,0.7818333333333334,1.5995
1,imagenet,low_score_rescue_10,58,2.1424930812713318e-05,0.9610000000000001,0.961,0.2569691343307495,47,98.34488393412903,114.92086452594958,10.0,0.7588333333333334,1.5573333333333332
1,imagenet,low_score_rescue_10,59,2.0619943364956024e-05,0.961,0.961,0.2554918224811554,47,97.7209694290068,114.2397551171016,10.0,0.7521666666666667,1.5781666666666667
1,imagenet,low_score_rescue_10,60,1.9820406318445557e-05,0.9650000000000001,0.965,0.2576165703932444,47,97.62535550096072,113.84691027505323,10.0,0.7733333333333333,1.5715
1,imagenet,low_score_rescue_10,61,1.9027212654153495e-05,0.967,0.967,0.25835079089800517,47,97.41686860611662,113.78405550098978,10.0,0.7368333333333333,1.5351666666666666
1,imagenet,low_score_rescue_10,62,1.824124826830197e-05,0.9620000000000001,0.962,0.25522846142450967,47,99.42173446691595,115.70394050213508,10.0,0.7456666666666667,1.529
1,imagenet,low_score_rescue_10,63,1.746339098293056e-05,0.958,0.958,0.25723539050420124,47,98.50241790805012,114.83155710995197,10.0,0.7348333333333333,1.5411666666666666
1,imagenet,low_score_rescue_10,64,1.6694509565480943e-05,0.9640000000000001,0.964,0.2549445276260376,47,98.75854100310244,115.05114736803807,10.0,0.7391666666666666,1.5335
1,imagenet,low_score_rescue_10,65,1.593546275849438e-05,0.9629999999999999,0.963,0.25471296175320945,47,98.11278574704193,114.48078577080742,10.0,0.7391666666666666,1.5436666666666667
1,imagenet,low_score_rescue_10,66,1.5187098320505799e-05,0.9570000000000001,0.957,0.25581797273953755,47,98.75664312206209,115.24603890418075,10.0,0.7375,1.5185
1,imagenet,low_score_rescue_10,67,1.4450252079205502e-05,0.958,0.958,0.2553605006535848,47,98.50305465399288,114.96538739721291,10.0,0.7221666666666666,1.4698333333333333
1,imagenet,low_score_rescue_10,68,1.372574699792625e-05,0.958,0.958,0.25574459425608315,47,98.13231283193454,114.41037572198547,10.0,0.7021666666666667,1.4503333333333333
1,imagenet,low_score_rescue_10,69,1.3014392256498022e-05,0.961,0.961,0.25535905647277835,47,99.16382367094047,115.92327692289837,10.0,0.7165,1.4538333333333333
1,imagenet,low_score_rescue_10,70,1.2316982347497372e-05,0.9579999999999999,0.958,0.25514115142822263,47,97.80262510897592,114.2270362591371,10.0,0.7445,1.4511666666666667
1,imagenet,low_score_rescue_10,71,1.1634296188900416e-05,0.9629999999999999,0.963,0.2542234517733256,47,98.99590197717771,115.25809616083279,10.0,0.7301666666666666,1.4766666666666666
1,imagenet,low_score_rescue_10,72,1.0967096254130799e-05,0.9640000000000001,0.964,0.25543026232719424,47,98.03888498502783,114.67072941502556,10.0,0.7455,1.4813333333333334
1,imagenet,low_score_rescue_10,73,1.0316127720474006e-05,0.9620000000000001,0.962,0.25483883420626324,47,98.41757361381315,114.84524001390673,10.0,0.7535,1.4945
1,imagenet,low_score_rescue_10,74,9.682117636809343e-06,0.9629999999999999,0.963,0.25473823356628417,47,97.75524170603603,113.94582566199824,10.0,0.7533333333333333,1.5228333333333333
1,imagenet,low_score_rescue_10,75,9.065774111589031e-06,0.9629999999999999,0.963,0.2547281585534414,47,97.77517760801129,121.57169701112434,10.0,0.7713333333333333,1.5188333333333333
1,imagenet,low_score_rescue_10,76,8.467785521971265e-06,0.962,0.962,0.25536217880249024,47,98.09541676798835,114.33719023293816,10.0,0.7603333333333333,1.5121666666666667
1,imagenet,low_score_rescue_10,77,7.888819744990736e-06,0.9629999999999999,0.963,0.25424716877937314,47,97.9040003081318,114.32749561499804,10.0,0.7505,1.509
1,imagenet,low_score_rescue_10,78,7.329523411625039e-06,0.9629999999999999,0.963,0.2546279687086741,47,98.32071153400466,114.8560736849904,10.0,0.7718333333333334,1.5063333333333333
1,imagenet,low_score_rescue_10,79,6.790521184590367e-06,0.962,0.962,0.2539303017457326,47,98.12497460702434,114.85716385906562,10.0,0.7648333333333334,1.5206666666666666
1,imagenet,low_score_rescue_10,80,6.272415060672806e-06,0.9629999999999999,0.963,0.2543005333741506,47,97.0294021081645,113.54634399479255,10.0,0.7731666666666667,1.5195
1,imagenet,low_score_rescue_10,81,5.77578369837471e-06,0.9629999999999999,0.963,0.25443364802996316,47,99.62303154892288,115.88929903204553,10.0,0.7585,1.5263333333333333
1,imagenet,low_score_rescue_10,82,5.301181771626878e-06,0.9629999999999999,0.963,0.25493756198883055,47,98.21476651798002,114.53438209812157,10.0,0.7638333333333334,1.5356666666666667
1,imagenet,low_score_rescue_10,83,4.849139350288474e-06,0.962,0.962,0.25437532488505044,47,98.51295264298096,114.86949368892238,10.0,0.7576666666666667,1.5196666666666667
1,imagenet,low_score_rescue_10,84,4.420161308126591e-06,0.9650000000000001,0.965,0.2554984136422475,47,98.14130425988697,114.4109282779973,10.0,0.7538333333333334,1.5443333333333333
1,imagenet,low_score_rescue_10,85,4.014726758936549e-06,0.9650000000000001,0.965,0.25410196057955425,47,97.16879492811859,113.7133299189154,10.0,0.75,1.5396666666666667
1,imagenet,low_score_rescue_10,86,3.6332885214329124e-06,0.9639999999999999,0.964,0.25463179175059003,47,98.82124703889713,115.38536633597687,10.0,0.7676666666666667,1.5415
1,imagenet,low_score_rescue_10,87,3.2762726135086534e-06,0.9650000000000001,0.965,0.25501470383008323,47,98.23586437106133,114.46016912092455,10.0,0.7446666666666667,1.5455
1,imagenet,low_score_rescue_10,88,2.9440777764274926e-06,0.9639999999999999,0.964,0.25442145228385926,47,98.32371089607477,114.68790441611782,10.0,0.7586666666666667,1.5261666666666667
1,imagenet,low_score_rescue_10,89,2.6370750294807374e-06,0.9639999999999999,0.964,0.2545232093334198,47,97.46870442293584,113.6954110651277,10.0,0.781,1.5096666666666667
1,imagenet,low_score_rescue_10,90,2.3556072556059925e-06,0.9639999999999999,0.964,0.25524154647191366,47,97.85986595903523,113.9883579830639,10.0,0.752,1.531
1,imagenet,low_score_rescue_10,91,2.0999888184306456e-06,0.9649999999999999,0.965,0.2550000685056051,47,98.6521112699993,114.86784922913648,10.0,0.7501666666666666,1.5098333333333334
1,imagenet,low_score_rescue_10,92,1.8705052111677768e-06,0.9639999999999999,0.964,0.2545493132273356,47,97.97110260487534,114.51157739502378,10.0,0.7593333333333333,1.5063333333333333
1,imagenet,low_score_rescue_10,93,1.6674127377565921e-06,0.9639999999999999,0.964,0.2544056210517883,47,98.24939744407311,114.68246057792567,10.0,0.7446666666666667,1.5183333333333333
1,imagenet,low_score_rescue_10,94,1.4909382266036246e-06,0.9629999999999999,0.963,0.25488816754023236,47,97.67279122187756,113.87039162311703,10.0,0.7543333333333333,1.543
1,imagenet,low_score_rescue_10,95,1.3412787772443001e-06,0.9629999999999999,0.963,0.2559663296540578,47,98.27060146001168,114.5551599310711,10.0,0.7448333333333333,1.5196666666666667
1,imagenet,low_score_rescue_10,96,1.2186015402078894e-06,0.9629999999999999,0.963,0.2548206562201182,47,98.06603357894346,114.3145904620178,10.0,0.7541666666666667,1.4973333333333334
1,imagenet,low_score_rescue_10,97,1.1230435303316486e-06,0.9629999999999999,0.963,0.2539473667939504,47,98.03473349800333,114.57231442304328,10.0,0.7386666666666667,1.5343333333333333
1,imagenet,low_score_rescue_10,98,1.0547114737327475e-06,0.9629999999999999,0.963,0.2545168046156565,47,98.80887944600545,114.86508151004091,10.0,0.7495,1.508
1,imagenet,low_score_rescue_10,99,1.013681688608762e-06,0.9629999999999999,0.963,0.254092610279719,47,97.58995438995771,114.11299744504504,10.0,0.7666666666666667,1.5293333333333334
1,imagenet,low_score_rescue_10,100,1e-06,0.962,0.962,0.2540505816936493,47,97.78664462291636,122.61224693991244,10.0,0.7603333333333333,1.5241666666666667
1,imagenet,random,1,1e-05,0.728,0.728,1.7511771329243977,47,98.3925518868491,115.35197103605606,0.0,3.2918333333333334,14.154333333333334
1,imagenet,random,2,2e-05,0.932,0.932,0.8937545364697774,47,99.43950136005878,116.46307164104655,0.0,3.167666666666667,14.283166666666666
1,imagenet,random,3,3.0000000000000004e-05,0.959,0.959,0.4764796452522278,47,93.8766673700884,110.071645491058,0.0,3.1453333333333333,14.286833333333334
1,imagenet,random,4,4e-05,0.9620000000000001,0.962,0.38526702284812925,47,93.79387441882864,109.85147629189305,0.0,3.1426666666666665,14.285333333333334
1,imagenet,random,5,5e-05,0.9639999999999999,0.964,0.3478437288602193,47,93.49173887516372,109.83570800395682,0.0,3.118333333333333,14.309166666666666
1,imagenet,random,6,5e-05,0.9620000000000001,0.962,0.3281076326370239,47,93.72066156612709,109.96000007889234,0.0,3.1715,14.229166666666666
1,imagenet,random,7,4.9986318311391235e-05,0.9570000000000001,0.957,0.3149110709031423,47,93.71501972898841,110.0649986481294,0.0,3.274,14.158333333333333
1,imagenet,random,8,4.994528852626726e-05,0.967,0.967,0.31284570225079855,47,94.27195883099921,110.82690391503274,0.0,3.2728333333333333,14.218
1,imagenet,random,9,4.987695646966835e-05,0.9639999999999999,0.964,0.30905041058858235,47,94.04384868801571,110.22663517901674,0.0,3.1296666666666666,14.265333333333333
1,imagenet,random,10,4.9781398459792115e-05,0.97,0.97,0.29967619975407916,47,93.9407454780303,118.03898758301511,0.0,3.4008333333333334,14.086
1,imagenet,random,11,4.96587212227557e-05,0.9649999999999999,0.965,0.3025015561580658,47,93.46455498691648,110.1708465879783,0.0,3.5633333333333335,13.907333333333334
1,imagenet,random,12,4.950906177339638e-05,0.962,0.962,0.298748103539149,47,92.76722761010751,108.73002932709642,0.0,3.4465,14.060166666666667
1,imagenet,random,13,4.9332587262243413e-05,0.962,0.962,0.29335810867945356,47,94.01958851306699,110.41788046713918,0.0,3.5566666666666666,13.827
1,imagenet,random,14,4.912949478883223e-05,0.9640000000000001,0.964,0.2953281389872233,47,92.89712650515139,109.01038741390221,0.0,3.544,13.904
1,imagenet,random,15,4.890001118156936e-05,0.9700000000000001,0.97,0.29117618004481,47,93.66539405705407,109.78644503117539,0.0,3.3558333333333334,14.094
1,imagenet,random,16,4.864439274439401e-05,0.967,0.967,0.2966123021443685,47,93.95221794792451,110.14563391893171,0.0,3.456,13.9655
1,imagenet,random,17,4.836292497051926e-05,0.9640000000000001,0.964,0.29593569691975913,47,92.73821859899908,108.8614664718043,0.0,3.6006666666666667,13.870166666666666
1,imagenet,random,18,4.8055922223572505e-05,0.97,0.97,0.2922852865854899,47,92.59290751791559,108.86027840105817,0.0,3.591,13.892833333333334
1,imagenet,random,19,4.7723727386491355e-05,0.961,0.961,0.2920966727733612,47,93.18706407188438,109.0307289978955,0.0,3.4386666666666668,14.0095
1,imagenet,random,20,4.7366711478567095e-05,0.959,0.959,0.28952205856641133,47,94.44460419099778,110.46498304908164,0.0,3.4426666666666668,14.025333333333334
1,imagenet,random,21,4.6985273241063454e-05,0.9649999999999999,0.965,0.2913026440938314,47,93.05657573114149,109.20544486492872,0.0,3.5083333333333333,13.906333333333333
1,imagenet,random,22,4.657983869187342e-05,0.9650000000000001,0.965,0.289372358640035,47,92.66561352508143,108.83216449408792,0.0,3.6173333333333333,13.871333333333334
1,imagenet,random,23,4.615086064971153e-05,0.9729999999999999,0.973,0.28931466515858967,47,93.22860219306313,109.42129927803762,0.0,3.558333333333333,13.9235
1,imagenet,random,24,4.5698818228373126e-05,0.966,0.966,0.2885199100176493,47,93.41925386199728,109.64551716018468,0.0,3.6043333333333334,13.883
1,imagenet,random,25,4.522421630162529e-05,0.9640000000000001,0.964,0.28827374855677285,47,93.28331032511778,117.84399419697002,0.0,3.6151666666666666,13.821833333333334
1,imagenet,random,26,4.4727584939327193e-05,0.967,0.967,0.28680815108617147,47,93.27410577307455,109.58402669103816,0.0,3.7155,13.757333333333333
1,imagenet,random,27,4.420947881540964e-05,0.9620000000000001,0.962,0.2833383027712504,47,94.47713036509231,110.467895349022,0.0,3.6803333333333335,13.776
1,imagenet,random,28,4.3670476588374966e-05,0.9570000000000001,0.957,0.28470468282699585,47,92.93969499017112,109.14555978495628,0.0,3.666166666666667,13.774833333333333
1,imagenet,random,29,4.311118025500927e-05,0.9640000000000001,0.964,0.286176186243693,47,94.12267003790475,110.42851242283359,0.0,3.6943333333333332,13.742666666666667
1,imagenet,random,30,4.253221447802874e-05,0.9559999999999998,0.956,0.2864139490922292,47,93.56986449495889,110.21777576417662,0.0,3.6976666666666667,13.757333333333333
1,imagenet,random,31,4.193422588841098e-05,0.9639999999999999,0.964,0.29179180137316385,47,92.31699597998522,108.50160502898507,0.0,3.615666666666667,13.774
1,imagenet,random,32,4.1317882363190655e-05,0.961,0.961,0.2871434954007467,47,93.62244939408265,110.21133340708911,0.0,3.64,13.837166666666667
1,imagenet,random,33,4.0683872279526e-05,0.969,0.969,0.28740505464871724,47,93.69359680800699,109.83719281805679,0.0,3.6853333333333333,13.740333333333334
1,imagenet,random,34,4.00329037458692e-05,0.9709999999999999,0.971,0.2828287572065989,47,94.04488600185141,110.25113968015648,0.0,3.5378333333333334,13.946333333333333
1,imagenet,random,35,3.936570381109958e-05,0.961,0.961,0.2856265114148458,47,93.58578784298152,109.77775423810817,0.0,3.5875,13.830166666666667
1,imagenet,random,36,3.868301765250263e-05,0.9659999999999999,0.966,0.289071209192276,47,93.27261193701997,109.65379384811968,0.0,3.6521666666666666,13.823
1,imagenet,random,37,3.798560774350198e-05,0.954,0.954,0.28637145495414734,47,93.7708299709484,109.8552440549247,0.0,3.7081666666666666,13.773166666666667
1,imagenet,random,38,3.7274253002073755e-05,0.9630000000000001,0.963,0.28498048075040183,47,94.10112959099934,110.41521842009388,0.0,3.734166666666667,13.747333333333334
1,imagenet,random,39,3.6549747920794496e-05,0.9710000000000001,0.971,0.2869730859597524,47,93.09714656509459,110.11864196695387,0.0,3.7203333333333335,13.787
1,imagenet,random,40,3.581290167949421e-05,0.967,0.967,0.2826793828010559,47,94.8636054659728,111.2905665289145,0.0,3.6571666666666665,13.739166666666666
1,imagenet,random,41,3.5064537241505625e-05,0.9650000000000001,0.965,0.28936080543200177,47,93.83730410714634,109.86988423578441,0.0,3.679333333333333,13.784833333333333
1,imagenet,random,42,3.4305490434519064e-05,0.9629999999999999,0.963,0.2849518434206645,47,93.78649561014026,109.73950829496607,0.0,3.551,13.838
1,imagenet,random,43,3.353660901706944e-05,0.9630000000000001,0.963,0.2858616570631663,47,93.01176790497266,109.08229135419242,0.0,3.6176666666666666,13.7955
1,imagenet,random,44,3.2758751731698036e-05,0.9620000000000001,0.962,0.28593272519111634,47,93.96835630806163,110.0200711900834,0.0,3.614333333333333,13.850666666666667
1,imagenet,random,45,3.197278734584651e-05,0.9709999999999999,0.971,0.283714226325353,47,94.56036003190093,110.61915063392371,0.0,3.6176666666666666,13.801
1,imagenet,random,46,3.1179593681554446e-05,0.9630000000000001,0.963,0.28587096214294433,47,93.5868752929382,109.72210371796973,0.0,3.7121666666666666,13.783166666666666
1,imagenet,random,47,3.0380056635043986e-05,0.9719999999999999,0.972,0.27988574147224426,47,92.70492899697274,108.78982648206875,0.0,3.648833333333333,13.816333333333333
1,imagenet,random,48,2.9575069187286692e-05,0.9570000000000002,0.957,0.2868285422325134,47,92.56499175284989,108.97152499807999,0.0,3.6313333333333335,13.809
1,imagenet,random,49,2.876553040665759e-05,0.961,0.961,0.2865115789572398,47,93.70860695000738,110.36896592704579,0.0,3.5886666666666667,13.859
1,imagenet,random,50,2.7952344444790415e-05,0.961,0.961,0.2846150888601939,47,94.06928947311826,118.88259340217337,0.0,3.541166666666667,13.8835
1,imagenet,random,51,2.7136419526755484e-05,0.9579999999999999,0.958,0.281480766693751,47,92.93486684001982,109.40633884607814,0.0,3.6096666666666666,13.861666666666666
1,imagenet,random,52,2.631866693668803e-05,0.962,0.962,0.2856919524669647,47,92.85217783786356,108.94393933098763,0.0,3.5348333333333333,13.902166666666666
1,imagenet,random,53,2.5500000000000003e-05,0.9620000000000001,0.962,0.28757250078519186,47,93.78428499097936,109.89041255996563,0.0,3.4823333333333335,13.971666666666666
1,imagenet,random,54,2.4681333063311983e-05,0.962,0.962,0.2841498832702637,47,93.74893077509478,110.08600780786946,0.0,3.4738333333333333,13.982333333333333
1,imagenet,random,55,2.3863580473244526e-05,0.9640000000000001,0.964,0.28447816054026287,47,93.652326004114,109.81104915007018,0.0,3.4978333333333333,13.910166666666667
1,imagenet,random,56,2.3047655555209592e-05,0.966,0.966,0.2797325053215027,47,93.5421228830237,109.71836954192258,0.0,3.496166666666667,13.972833333333334
1,imagenet,random,57,2.223446959334243e-05,0.9730000000000001,0.973,0.28540256532033287,47,93.7963060468901,110.15691438317299,0.0,3.6286666666666667,13.879833333333334
1,imagenet,random,58,2.1424930812713318e-05,0.9670000000000002,0.967,0.28119074368476865,47,92.70202641305514,108.99892520415597,0.0,3.6141666666666667,13.807166666666667
1,imagenet,random,59,2.0619943364956024e-05,0.9690000000000001,0.969,0.28834904583295184,47,94.73593503818847,110.88773688301444,0.0,3.6046666666666667,13.7905
1,imagenet,random,60,1.9820406318445557e-05,0.9659999999999999,0.966,0.282157257715861,47,93.01149082905613,109.34253875701688,0.0,3.6281666666666665,13.805166666666667
1,imagenet,random,61,1.9027212654153495e-05,0.968,0.968,0.28512740699450173,47,93.30488422792405,109.39011322683655,0.0,3.5968333333333335,13.878666666666666
1,imagenet,random,62,1.824124826830197e-05,0.966,0.966,0.2816766327222188,47,93.50579009088688,109.81448135478422,0.0,3.6273333333333335,13.828
1,imagenet,random,63,1.746339098293056e-05,0.966,0.966,0.2822532759507497,47,93.57031606999226,109.84288553195074,0.0,3.6071666666666666,13.857333333333333
1,imagenet,random,64,1.6694509565480943e-05,0.9719999999999999,0.972,0.2824950782457987,47,94.26945811603218,110.7249583909288,0.0,3.5805,13.849166666666667
1,imagenet,random,65,1.593546275849438e-05,0.97,0.97,0.28291842635472614,47,93.47981724096462,109.36647291691042,0.0,3.559,13.876
1,imagenet,random,66,1.5187098320505799e-05,0.9639999999999999,0.964,0.2821150759855906,47,94.63067126995884,111.44795287400484,0.0,3.593,13.854333333333333
1,imagenet,random,67,1.4450252079205502e-05,0.9659999999999999,0.966,0.2829961324532827,47,93.97392877214588,110.2580114910379,0.0,3.6028333333333333,13.819333333333333
1,imagenet,random,68,1.372574699792625e-05,0.9710000000000001,0.971,0.2784352366129557,47,93.39627627003938,109.69965689908713,0.0,3.550333333333333,13.891166666666667
1,imagenet,random,69,1.3014392256498022e-05,0.9710000000000001,0.971,0.2821910842259725,47,92.9823964710813,109.17782285111025,0.0,3.5855,13.8625
1,imagenet,random,70,1.2316982347497372e-05,0.9690000000000001,0.969,0.28121556011835736,47,93.15954949799925,109.29702162207104,0.0,3.5926666666666667,13.813666666666666
1,imagenet,random,71,1.1634296188900416e-05,0.9710000000000001,0.971,0.28321017972628276,47,94.32630660408176,110.47184697911143,0.0,3.6421666666666668,13.821666666666667
1,imagenet,random,72,1.0967096254130799e-05,0.9679999999999997,0.968,0.283175612449646,47,92.4301894349046,108.33107212209143,0.0,3.6395,13.788333333333334
1,imagenet,random,73,1.0316127720474006e-05,0.9629999999999999,0.963,0.2810828569730123,47,93.59527416410856,109.88004631293006,0.0,3.7013333333333334,13.766166666666667
1,imagenet,random,74,9.682117636809343e-06,0.968,0.968,0.2835081199010213,47,93.69557681400329,110.10145788593218,0.0,3.640833333333333,13.813166666666667
1,imagenet,random,75,9.065774111589031e-06,0.9710000000000001,0.971,0.28318872419993085,47,93.94661231711507,118.14223957899958,0.0,3.6256666666666666,13.806666666666667
1,imagenet,random,76,8.467785521971265e-06,0.9690000000000001,0.969,0.2883276935418447,47,93.20908563304693,109.46429793885909,0.0,3.6918333333333333,13.788333333333334
1,imagenet,random,77,7.888819744990736e-06,0.968,0.968,0.28189679702123005,47,93.98005676502362,110.07921418710612,0.0,3.7371666666666665,13.823833333333333
1,imagenet,random,78,7.329523411625039e-06,0.9690000000000001,0.969,0.2841945085525513,47,93.79073578398675,110.58010702487081,0.0,3.6186666666666665,13.837
1,imagenet,random,79,6.790521184590367e-06,0.968,0.968,0.2840189497470856,47,94.14445853396319,110.9214890548028,0.0,3.6006666666666667,13.840666666666667
1,imagenet,random,80,6.272415060672806e-06,0.967,0.967,0.28318884086608886,47,93.61298764799722,109.81228718394414,0.0,3.6645,13.835666666666667
1,imagenet,random,81,5.77578369837471e-06,0.97,0.97,0.28138692529996234,47,93.8449300758075,110.03637464297935,0.0,3.6158333333333332,13.812166666666666
1,imagenet,random,82,5.301181771626878e-06,0.9670000000000002,0.967,0.284411902030309,47,92.25669129705057,108.30782737000845,0.0,3.6301666666666668,13.832833333333333
1,imagenet,random,83,4.849139350288474e-06,0.968,0.968,0.2800517467657725,47,93.0979054919444,109.19151392299682,0.0,3.6561666666666666,13.810166666666667
1,imagenet,random,84,4.420161308126591e-06,0.97,0.97,0.2809172735214233,47,93.5758393611759,109.68894524686038,0.0,3.6838333333333333,13.8035
1,imagenet,random,85,4.014726758936549e-06,0.97,0.97,0.27975487462679544,47,93.22990604187362,109.29764938401058,0.0,3.6758333333333333,13.8115
1,imagenet,random,86,3.6332885214329124e-06,0.9710000000000001,0.971,0.28488311179478965,47,95.42821759497747,111.63439430505969,0.0,3.659,13.8465
1,imagenet,random,87,3.2762726135086534e-06,0.97,0.97,0.28526818641026813,47,93.74424558412284,109.93500400311314,0.0,3.6471666666666667,13.833666666666666
1,imagenet,random,88,2.9440777764274926e-06,0.9690000000000001,0.969,0.28322030329704284,47,93.50484080985188,109.41835251497105,0.0,3.6675,13.821333333333333
1,imagenet,random,89,2.6370750294807374e-06,0.97,0.97,0.2827977546056112,47,94.0127041938249,109.99616294912994,0.0,3.6376666666666666,13.836
1,imagenet,random,90,2.3556072556059925e-06,0.9720000000000001,0.972,0.2824303000768026,47,93.19482329301536,109.33430681214668,0.0,3.5993333333333335,13.842666666666666
1,imagenet,random,91,2.0999888184306456e-06,0.97,0.97,0.27778559462229413,47,92.53231191006489,108.65082312002778,0.0,3.6495,13.787833333333333
1,imagenet,random,92,1.8705052111677768e-06,0.9710000000000001,0.971,0.2814448857307434,47,94.2199903849978,110.84679409279488,0.0,3.6271666666666667,13.8375
1,imagenet,random,93,1.6674127377565921e-06,0.97,0.97,0.2800136400858561,47,93.55899012298323,109.72945306496695,0.0,3.635666666666667,13.826666666666666
1,imagenet,random,94,1.4909382266036246e-06,0.968,0.968,0.2797894419034322,47,94.14964446402155,110.42010457720608,0.0,3.6505,13.8505
1,imagenet,random,95,1.3412787772443001e-06,0.968,0.968,0.28034625673294067,47,93.94942876184359,110.46115732402541,0.0,3.6055,13.806666666666667
1,imagenet,random,96,1.2186015402078894e-06,0.966,0.966,0.28083964522679644,47,93.73389096395113,110.12819305597804,0.0,3.6413333333333333,13.837
1,imagenet,random,97,1.1230435303316486e-06,0.966,0.966,0.28083817108472187,47,93.27943446300924,109.89464332908392,0.0,3.615666666666667,13.830166666666667
1,imagenet,random,98,1.0547114737327475e-06,0.9670000000000002,0.967,0.28275823704401654,47,93.8730433108285,109.76919634197839,0.0,3.6641666666666666,13.830333333333334
1,imagenet,random,99,1.013681688608762e-06,0.968,0.968,0.2827588764031728,47,93.08620603219606,109.4165534330532,0.0,3.6548333333333334,13.786166666666666
1,imagenet,random,100,1e-06,0.968,0.968,0.27934638992945354,47,93.44300640095025,120.17869671899825,0.0,3.6631666666666667,13.795166666666667
1,imagenet,random_rescue_10,1,1e-05,0.7250000000000001,0.725,1.762816058476766,47,98.98584561981261,115.3475806019269,10.0,0.684,2.875166666666667
1,imagenet,random_rescue_10,2,2e-05,0.933,0.933,0.9004786265691122,47,103.57174223707989,120.0365163050592,10.0,0.6325,2.9185
1,imagenet,random_rescue_10,3,3.0000000000000004e-05,0.96,0.96,0.4715360533396403,47,97.67049902421422,114.11057438701391,10.0,0.6435,2.9158333333333335
1,imagenet,random_rescue_10,4,4e-05,0.9620000000000001,0.962,0.37380743503570557,47,98.0008772991132,114.49844827293418,10.0,0.6328333333333334,2.9145
1,imagenet,random_rescue_10,5,5e-05,0.96,0.96,0.3266235619386037,47,98.53894290095195,115.41289173415862,10.0,0.6398333333333334,2.9196666666666666
1,imagenet,random_rescue_10,6,5e-05,0.9669999999999999,0.967,0.30091454497973125,47,98.9735289819073,115.76843223208562,10.0,0.6446666666666667,2.9153333333333333
1,imagenet,random_rescue_10,7,4.9986318311391235e-05,0.9610000000000001,0.961,0.28693816725413007,47,98.32922235596925,114.75315613485873,10.0,0.6625,2.912166666666667
1,imagenet,random_rescue_10,8,4.994528852626726e-05,0.96,0.96,0.2837150684197744,47,98.13595774606802,114.9074246599339,10.0,0.6773333333333333,2.8651666666666666
1,imagenet,random_rescue_10,9,4.987695646966835e-05,0.958,0.958,0.2768372058868408,47,98.60454273805954,114.80231487983838,10.0,0.6868333333333333,2.8605
1,imagenet,random_rescue_10,10,4.9781398459792115e-05,0.958,0.958,0.27109998393058776,47,97.89548828313127,122.19758005999029,10.0,0.7456666666666667,2.8248333333333333
1,imagenet,random_rescue_10,11,4.96587212227557e-05,0.9560000000000001,0.956,0.27180170663197833,47,98.3301491830498,114.87914866697975,10.0,0.7335,2.8446666666666665
1,imagenet,random_rescue_10,12,4.950906177339638e-05,0.9640000000000001,0.964,0.27198122453689577,47,98.68833015393466,115.25103301089257,10.0,0.7078333333333333,2.8348333333333335
1,imagenet,random_rescue_10,13,4.9332587262243413e-05,0.9650000000000001,0.965,0.2684820276896159,47,98.63753836113028,114.8431337568909,10.0,0.7525,2.8303333333333334
1,imagenet,random_rescue_10,14,4.912949478883223e-05,0.958,0.958,0.2651554175217946,47,98.09772681398317,114.43976629013196,10.0,0.7438333333333333,2.8168333333333333
1,imagenet,random_rescue_10,15,4.890001118156936e-05,0.9560000000000001,0.956,0.2651317439079285,47,97.8302950297948,114.02342413715087,10.0,0.7155,2.8365
1,imagenet,random_rescue_10,16,4.864439274439401e-05,0.9560000000000001,0.956,0.26480429561932883,47,97.46190053899772,113.98897732095793,10.0,0.784,2.773
1,imagenet,random_rescue_10,17,4.836292497051926e-05,0.96,0.96,0.2637748154799143,47,98.48454939899966,114.61863549193367,10.0,0.7661666666666667,2.7736666666666667
1,imagenet,random_rescue_10,18,4.8055922223572505e-05,0.9559999999999998,0.956,0.26185929218928017,47,97.47167607699521,114.0633782921359,10.0,0.7275,2.8415
1,imagenet,random_rescue_10,19,4.7723727386491355e-05,0.958,0.958,0.2614730892976125,47,97.80212819483131,114.46984456595965,10.0,0.7226666666666667,2.8186666666666667
1,imagenet,random_rescue_10,20,4.7366711478567095e-05,0.9640000000000001,0.964,0.2596259479522705,47,97.69136658404022,114.41356117115356,10.0,0.7505,2.808333333333333
1,imagenet,random_rescue_10,21,4.6985273241063454e-05,0.954,0.954,0.2608067769209544,47,98.28360028192401,114.46195577713661,10.0,0.759,2.803
1,imagenet,random_rescue_10,22,4.657983869187342e-05,0.9650000000000001,0.965,0.2676767191886902,47,98.4456603389699,115.04407490394078,10.0,0.7748333333333334,2.7765
1,imagenet,random_rescue_10,23,4.615086064971153e-05,0.967,0.967,0.26102647876739504,47,97.269479253795,113.63036902109161,10.0,0.7781666666666667,2.783333333333333
1,imagenet,random_rescue_10,24,4.5698818228373126e-05,0.9629999999999999,0.963,0.26002770296732586,47,97.82475746888667,114.21681783301756,10.0,0.7436666666666667,2.8241666666666667
1,imagenet,random_rescue_10,25,4.522421630162529e-05,0.9629999999999999,0.963,0.26500129254659016,47,97.88860312802717,122.89105424890295,10.0,0.7105,2.8513333333333333
1,imagenet,random_rescue_10,26,4.4727584939327193e-05,0.9620000000000001,0.962,0.2628415249188741,47,98.40340839093551,114.77191510889679,10.0,0.7088333333333333,2.861666666666667
1,imagenet,random_rescue_10,27,4.420947881540964e-05,0.9630000000000001,0.963,0.2629229523340861,47,98.01331827207468,114.35726855695248,10.0,0.7028333333333333,2.8445
1,imagenet,random_rescue_10,28,4.3670476588374966e-05,0.9620000000000001,0.962,0.2605664853254954,47,98.55701398500241,115.07130346400663,10.0,0.7205,2.8413333333333335
1,imagenet,random_rescue_10,29,4.311118025500927e-05,0.9559999999999998,0.956,0.2612104674180349,47,100.35635268012993,116.8768724668771,10.0,0.7138333333333333,2.821833333333333
1,imagenet,random_rescue_10,30,4.253221447802874e-05,0.9559999999999998,0.956,0.25828425884246825,47,97.80263139610179,114.18515280913562,10.0,0.7216666666666667,2.8275
1,imagenet,random_rescue_10,31,4.193422588841098e-05,0.958,0.958,0.25806666151682534,47,99.12466810806654,115.48626530589536,10.0,0.7276666666666667,2.8303333333333334
1,imagenet,random_rescue_10,32,4.1317882363190655e-05,0.958,0.958,0.259075360139211,47,98.83187989587896,115.4628382041119,10.0,0.74,2.8355
1,imagenet,random_rescue_10,33,4.0683872279526e-05,0.959,0.959,0.25886351124445595,47,98.28698130790144,114.49021429102868,10.0,0.7478333333333333,2.8088333333333333
1,imagenet,random_rescue_10,34,4.00329037458692e-05,0.9629999999999999,0.963,0.25961031969388326,47,98.01289827702567,114.42212555604056,10.0,0.7488333333333334,2.8075
1,imagenet,random_rescue_10,35,3.936570381109958e-05,0.9640000000000001,0.964,0.2572882966200511,47,97.95625654002652,114.36830534692854,10.0,0.7685,2.827
1,imagenet,random_rescue_10,36,3.868301765250263e-05,0.9540000000000001,0.954,0.2612656670411428,47,97.81178981089033,114.1194899911061,10.0,0.7746666666666666,2.7781666666666665
1,imagenet,random_rescue_10,37,3.798560774350198e-05,0.9599999999999997,0.96,0.2605096763769786,47,97.87704733503051,114.21603375696577,10.0,0.7788333333333334,2.762166666666667
1,imagenet,random_rescue_10,38,3.7274253002073755e-05,0.962,0.962,0.2591492478052775,47,97.58264974178746,114.51920993602835,10.0,0.7826666666666666,2.7783333333333333
1,imagenet,random_rescue_10,39,3.6549747920794496e-05,0.9649999999999999,0.965,0.25834920048713683,47,99.82839347887784,115.99554200703278,10.0,0.7883333333333333,2.7613333333333334
1,imagenet,random_rescue_10,40,3.581290167949421e-05,0.9559999999999998,0.956,0.2592263549963633,47,99.06954758404754,115.65750051778741,10.0,0.7736666666666666,2.7493333333333334
1,imagenet,random_rescue_10,41,3.5064537241505625e-05,0.9620000000000001,0.962,0.2582495842774709,47,99.05323881888762,115.40016510500573,10.0,0.7353333333333333,2.8205
1,imagenet,random_rescue_10,42,3.4305490434519064e-05,0.9579999999999999,0.958,0.2574984439214071,47,97.9792838760186,114.45388063695282,10.0,0.7331666666666666,2.8425
1,imagenet,random_rescue_10,43,3.353660901706944e-05,0.962,0.962,0.25913304233551027,47,98.96622130111791,115.5949445439037,10.0,0.7221666666666666,2.8446666666666665
1,imagenet,random_rescue_10,44,3.2758751731698036e-05,0.959,0.959,0.2570763440132141,47,98.45266498299316,115.12650196906179,10.0,0.7478333333333333,2.8293333333333335
1,imagenet,random_rescue_10,45,3.197278734584651e-05,0.9570000000000001,0.957,0.25687051987648013,47,97.28508813190274,113.84721826086752,10.0,0.7231666666666666,2.858833333333333
1,imagenet,random_rescue_10,46,3.1179593681554446e-05,0.9549999999999998,0.955,0.2608165184656779,47,98.7186964917928,115.3379093289841,10.0,0.7441666666666666,2.806
1,imagenet,random_rescue_10,47,3.0380056635043986e-05,0.9629999999999999,0.963,0.25700279657046,47,97.95055544399656,114.54864608496428,10.0,0.7408333333333333,2.820333333333333
1,imagenet,random_rescue_10,48,2.9575069187286692e-05,0.9669999999999999,0.967,0.25783624124526977,47,98.40218406007625,115.20090614096262,10.0,0.7356666666666667,2.804
1,imagenet,random_rescue_10,49,2.876553040665759e-05,0.9610000000000001,0.961,0.2582189153035482,47,98.73154126596637,115.25542918499559,10.0,0.7006666666666667,2.8465
1,imagenet,random_rescue_10,50,2.7952344444790415e-05,0.962,0.962,0.25915216620763143,47,98.41435581003316,123.22043172689155,10.0,0.7443333333333333,2.805833333333333
1,imagenet,random_rescue_10,51,2.7136419526755484e-05,0.9630000000000001,0.963,0.2577611985206604,47,98.09444520715624,114.46959309396334,10.0,0.7471666666666666,2.8388333333333335
1,imagenet,random_rescue_10,52,2.631866693668803e-05,0.9620000000000001,0.962,0.2584477632045746,47,97.93225058587268,114.07388507504947,10.0,0.7268333333333333,2.7881666666666667
1,imagenet,random_rescue_10,53,2.5500000000000003e-05,0.9640000000000001,0.964,0.2592634037335714,47,98.50576653005555,114.89391675498337,10.0,0.7516666666666667,2.7731666666666666
1,imagenet,random_rescue_10,54,2.4681333063311983e-05,0.958,0.958,0.25697464084625243,47,98.92884970502928,115.16711288900115,10.0,0.7561666666666667,2.779333333333333
1,imagenet,random_rescue_10,55,2.3863580473244526e-05,0.962,0.962,0.25816594576835633,47,97.2210786070209,113.62206744798459,10.0,0.7671666666666667,2.7988333333333335
1,imagenet,random_rescue_10,56,2.3047655555209592e-05,0.9620000000000001,0.962,0.26052231470743814,47,97.57428469602019,113.98902740306221,10.0,0.7638333333333334,2.7921666666666667
1,imagenet,random_rescue_10,57,2.223446959334243e-05,0.951,0.951,0.25795203510920206,47,99.2500152848661,116.17097855801694,10.0,0.7738333333333334,2.7828333333333335
1,imagenet,random_rescue_10,58,2.1424930812713318e-05,0.9589999999999999,0.959,0.25920375299453735,47,98.50407847715542,114.95150714600459,10.0,0.7676666666666667,2.775
1,imagenet,random_rescue_10,59,2.0619943364956024e-05,0.959,0.959,0.258519008398056,47,98.90942076710053,115.3984508048743,10.0,0.7836666666666666,2.765833333333333
1,imagenet,random_rescue_10,60,1.9820406318445557e-05,0.9659999999999999,0.966,0.25849899419148764,47,99.1988752358593,115.68311329488643,10.0,0.7748333333333334,2.7855
1,imagenet,random_rescue_10,61,1.9027212654153495e-05,0.9629999999999999,0.963,0.258187686920166,47,98.7013952601701,114.8070729309693,10.0,0.7856666666666666,2.7821666666666665
1,imagenet,random_rescue_10,62,1.824124826830197e-05,0.962,0.962,0.25764157676696775,47,98.65527538512833,115.04744004202075,10.0,0.7851666666666667,2.7933333333333334
1,imagenet,random_rescue_10,63,1.746339098293056e-05,0.967,0.967,0.25718580023447674,47,97.45691629406065,114.03830433101393,10.0,0.7836666666666666,2.7545
1,imagenet,random_rescue_10,64,1.6694509565480943e-05,0.9579999999999999,0.958,0.25947280009587603,47,98.2350742071867,114.66026041004807,10.0,0.799,2.778
1,imagenet,random_rescue_10,65,1.593546275849438e-05,0.966,0.966,0.25583480230967204,47,98.29746363102458,114.80492223100737,10.0,0.7845,2.772666666666667
1,imagenet,random_rescue_10,66,1.5187098320505799e-05,0.9650000000000001,0.965,0.2567802856763204,47,98.50815711217001,115.63990787486546,10.0,0.7883333333333333,2.7728333333333333
1,imagenet,random_rescue_10,67,1.4450252079205502e-05,0.966,0.966,0.2575275398890177,47,97.76401841896586,114.1104179751128,10.0,0.7955,2.7445
1,imagenet,random_rescue_10,68,1.372574699792625e-05,0.9639999999999999,0.964,0.25875378052393594,47,98.73526551690884,115.34932341286913,10.0,0.7936666666666666,2.7391666666666667
1,imagenet,random_rescue_10,69,1.3014392256498022e-05,0.969,0.969,0.2582245797316233,47,97.5951991030015,114.10807780502364,10.0,0.7996666666666666,2.756666666666667
1,imagenet,random_rescue_10,70,1.2316982347497372e-05,0.967,0.967,0.2562670464515686,47,98.03804829600267,114.34940073406324,10.0,0.8081666666666667,2.7335
1,imagenet,random_rescue_10,71,1.1634296188900416e-05,0.9639999999999999,0.964,0.2563544143835704,47,97.78726477804594,114.10268758516759,10.0,0.8105,2.7596666666666665
1,imagenet,random_rescue_10,72,1.0967096254130799e-05,0.9659999999999999,0.966,0.25762492036819457,47,98.70243714889511,115.350988649996,10.0,0.8028333333333333,2.761
1,imagenet,random_rescue_10,73,1.0316127720474006e-05,0.9639999999999999,0.964,0.2549337406953176,47,99.03138311905786,115.39672885090113,10.0,0.801,2.7528333333333332
1,imagenet,random_rescue_10,74,9.682117636809343e-06,0.967,0.967,0.256841458161672,47,97.69476159801707,113.81467654695734,10.0,0.8028333333333333,2.7533333333333334
1,imagenet,random_rescue_10,75,9.065774111589031e-06,0.9679999999999997,0.968,0.25682785487174986,47,96.46513333194889,120.73913465905935,10.0,0.7955,2.7575
1,imagenet,random_rescue_10,76,8.467785521971265e-06,0.966,0.966,0.25587192829449973,47,98.17802334204316,114.50508122309111,10.0,0.8223333333333334,2.759333333333333
1,imagenet,random_rescue_10,77,7.888819744990736e-06,0.968,0.968,0.25646695788701374,47,97.80261167488061,114.17459893715568,10.0,0.8065,2.754166666666667
1,imagenet,random_rescue_10,78,7.329523411625039e-06,0.969,0.969,0.25655017908414207,47,97.98126083589159,114.13656367897056,10.0,0.7876666666666666,2.785
1,imagenet,random_rescue_10,79,6.790521184590367e-06,0.967,0.967,0.2575012389024099,46,97.66216899105348,113.88414837000892,10.0,0.7851666666666667,2.773833333333333
1,imagenet,random_rescue_10,80,6.272415060672806e-06,0.9690000000000001,0.969,0.25639927554130554,47,98.33835968398489,115.2332541088108,10.0,0.7971666666666667,2.7563333333333335
1,imagenet,random_rescue_10,81,5.77578369837471e-06,0.9690000000000001,0.969,0.2576656693617503,47,98.12562270904891,114.24875739007257,10.0,0.7801666666666667,2.7735
1,imagenet,random_rescue_10,82,5.301181771626878e-06,0.97,0.97,0.25536245973904925,47,97.7279100921005,113.91200895002112,10.0,0.7985,2.760666666666667
1,imagenet,random_rescue_10,83,4.849139350288474e-06,0.9709999999999999,0.971,0.2567218729654948,47,98.47542180190794,114.84265658492222,10.0,0.813,2.738
1,imagenet,random_rescue_10,84,4.420161308126591e-06,0.968,0.968,0.2571623634497325,47,100.19751989585347,116.68355847406201,10.0,0.8168333333333333,2.7403333333333335
1,imagenet,random_rescue_10,85,4.014726758936549e-06,0.97,0.97,0.2582624832789103,47,97.53641774295829,114.13102691899985,10.0,0.7911666666666667,2.764
1,imagenet,random_rescue_10,86,3.6332885214329124e-06,0.97,0.97,0.25614533813794454,47,98.43769941478968,114.60209933295846,10.0,0.8143333333333334,2.773833333333333
1,imagenet,random_rescue_10,87,3.2762726135086534e-06,0.969,0.969,0.2579941474596659,47,97.62362485099584,113.71421929914504,10.0,0.8038333333333333,2.750166666666667
1,imagenet,random_rescue_10,88,2.9440777764274926e-06,0.969,0.969,0.2575793519814809,47,97.09673450281844,113.45567692187615,10.0,0.8053333333333333,2.7443333333333335
1,imagenet,random_rescue_10,89,2.6370750294807374e-06,0.968,0.968,0.2555626895427704,47,97.49729096610099,113.69561819196679,10.0,0.8041666666666667,2.7493333333333334
1,imagenet,random_rescue_10,90,2.3556072556059925e-06,0.9690000000000001,0.969,0.2565313680966695,47,98.14863496692851,114.53294595284387,10.0,0.7981666666666667,2.765833333333333
1,imagenet,random_rescue_10,91,2.0999888184306456e-06,0.969,0.969,0.2562053050994873,47,98.48088719998486,114.81994485994801,10.0,0.7985,2.7608333333333333
1,imagenet,random_rescue_10,92,1.8705052111677768e-06,0.9690000000000001,0.969,0.25704418889681496,47,98.24775353097357,114.40412078495137,10.0,0.807,2.7616666666666667
1,imagenet,random_rescue_10,93,1.6674127377565921e-06,0.97,0.97,0.2573784561951955,47,98.78268975601532,115.2758177202195,10.0,0.7921666666666667,2.7528333333333332
1,imagenet,random_rescue_10,94,1.4909382266036246e-06,0.9709999999999999,0.971,0.25665521454811097,47,98.91271701292135,115.33678075904027,10.0,0.8118333333333333,2.7511666666666668
1,imagenet,random_rescue_10,95,1.3412787772443001e-06,0.9709999999999999,0.971,0.25764624087015786,47,98.05911345314234,114.34719540807419,10.0,0.7876666666666666,2.7825
1,imagenet,random_rescue_10,96,1.2186015402078894e-06,0.9719999999999999,0.972,0.25593844906489055,47,97.69574640714563,114.09635250200517,10.0,0.7888333333333334,2.756666666666667
1,imagenet,random_rescue_10,97,1.1230435303316486e-06,0.9719999999999999,0.972,0.256730846563975,47,97.05178055516444,113.35149670299143,10.0,0.794,2.7761666666666667
1,imagenet,random_rescue_10,98,1.0547114737327475e-06,0.9719999999999999,0.972,0.25646695963541666,47,98.3266266938299,114.5787594281137,10.0,0.7896666666666666,2.764
1,imagenet,random_rescue_10,99,1.013681688608762e-06,0.9709999999999999,0.971,0.2571811466217041,47,98.03004496614449,114.46843141806312,10.0,0.7885,2.775333333333333
1,imagenet,random_rescue_10,100,1e-06,0.97,0.97,0.25680116724967955,47,99.0041988468729,122.70080991485156,10.0,0.7993333333333333,2.7435
1,imagenet,student,1,1e-05,0.725,0.725,1.7631621872584025,47,97.39870299911126,113.95755744003691,0.0,0.0,0.0
1,imagenet,student,2,2e-05,0.931,0.931,0.901474235534668,47,99.4763798310887,116.94034382910468,0.0,0.0,0.0
1,imagenet,student,3,3.0000000000000004e-05,0.96,0.96,0.4712474544843038,47,93.44334519305266,109.86038802703843,0.0,0.0,0.0
1,imagenet,student,4,4e-05,0.9630000000000001,0.963,0.37275372886657715,47,94.14596108393744,111.16587382787839,0.0,0.0,0.0
1,imagenet,student,5,5e-05,0.9630000000000001,0.963,0.3237574911117554,47,94.14120596903376,110.49277881300077,0.0,0.0,0.0
1,imagenet,student,6,5e-05,0.9629999999999999,0.963,0.29935639588038127,47,93.42427266901359,109.66953761107288,0.0,0.0,0.0
1,imagenet,student,7,4.9986318311391235e-05,0.966,0.966,0.2849270989894867,47,93.34084329591133,109.74650578806177,0.0,0.0,0.0
1,imagenet,student,8,4.994528852626726e-05,0.9599999999999997,0.96,0.28329981486002603,47,93.45281737111509,109.69189098500647,0.0,0.0,0.0
1,imagenet,student,9,4.987695646966835e-05,0.9690000000000001,0.969,0.27359981298446656,47,93.55754846916534,109.66657007602043,0.0,0.0,0.0
1,imagenet,student,10,4.9781398459792115e-05,0.9650000000000001,0.965,0.27021363663673403,47,93.66367498110048,118.56910178111866,0.0,0.0,0.0
1,imagenet,student,11,4.96587212227557e-05,0.9630000000000001,0.963,0.2670523103872935,47,93.29049908393063,109.61116600013338,0.0,0.0,0.0
1,imagenet,student,12,4.950906177339638e-05,0.9670000000000002,0.967,0.2707737835248311,47,93.2034258658532,109.55773222306743,0.0,0.0,0.0
1,imagenet,student,13,4.9332587262243413e-05,0.9700000000000001,0.97,0.26919432028134666,47,93.73888707300648,109.92939423094504,0.0,0.0,0.0
1,imagenet,student,14,4.912949478883223e-05,0.9689999999999998,0.969,0.26704232454299925,47,93.79119137604721,110.02231820998713,0.0,0.0,0.0
1,imagenet,student,15,4.890001118156936e-05,0.954,0.954,0.2697456628481547,47,92.76714492309839,108.92675143387169,0.0,0.0,0.0
1,imagenet,student,16,4.864439274439401e-05,0.961,0.961,0.2672203917503357,47,93.22586774500087,109.18578674504533,0.0,0.0,0.0
1,imagenet,student,17,4.836292497051926e-05,0.97,0.97,0.26191441861788434,47,92.9375549601391,109.12123037409037,0.0,0.0,0.0
1,imagenet,student,18,4.8055922223572505e-05,0.9700000000000001,0.97,0.26153976742426555,47,93.36016898509115,109.5562612907961,0.0,0.0,0.0
1,imagenet,student,19,4.7723727386491355e-05,0.9640000000000001,0.964,0.26096786475181577,47,93.44615219114348,109.66195488604717,0.0,0.0,0.0
1,imagenet,student,20,4.7366711478567095e-05,0.961,0.961,0.25918549617131553,47,93.32751469803043,109.49774630903266,0.0,0.0,0.0
1,imagenet,student,21,4.6985273241063454e-05,0.9570000000000001,0.957,0.25952939931551616,47,94.42382008000277,110.65105218603276,0.0,0.0,0.0
1,imagenet,student,22,4.657983869187342e-05,0.9640000000000001,0.964,0.26261598579088846,47,93.78516613994725,109.93868483579718,0.0,0.0,0.0
1,imagenet,student,23,4.615086064971153e-05,0.96,0.96,0.2620993732611338,47,92.68696777196601,108.79403346707113,0.0,0.0,0.0
1,imagenet,student,24,4.5698818228373126e-05,0.9549999999999998,0.955,0.2613525150616964,47,94.11761728185229,110.82403983199038,0.0,0.0,0.0
1,imagenet,student,25,4.522421630162529e-05,0.967,0.967,0.261303284962972,47,93.81248912285082,118.3641988451127,0.0,0.0,0.0
1,imagenet,student,26,4.4727584939327193e-05,0.9630000000000001,0.963,0.26124631889661154,47,93.37019421113655,109.68492328491993,0.0,0.0,0.0
1,imagenet,student,27,4.420947881540964e-05,0.9570000000000001,0.957,0.25915094606081646,47,93.19627164304256,109.97518550092354,0.0,0.0,0.0
1,imagenet,student,28,4.3670476588374966e-05,0.959,0.959,0.26180568488438927,47,92.98462739097886,109.1700822149869,0.0,0.0,0.0
1,imagenet,student,29,4.311118025500927e-05,0.958,0.958,0.25936228704452513,47,94.91570637305267,111.17075728601776,0.0,0.0,0.0
1,imagenet,student,30,4.253221447802874e-05,0.959,0.959,0.2595577482382456,47,94.13890060805716,110.88259235699661,0.0,0.0,0.0
1,imagenet,student,31,4.193422588841098e-05,0.9560000000000001,0.956,0.2572995381355286,47,93.96486063022166,110.05204387009144,0.0,0.0,0.0
1,imagenet,student,32,4.1317882363190655e-05,0.953,0.953,0.2560948774814606,47,93.4359928779304,109.59433865081519,0.0,0.0,0.0
1,imagenet,student,33,4.0683872279526e-05,0.9620000000000001,0.962,0.25732571172714236,47,93.22747045196593,109.16272383416072,0.0,0.0,0.0
1,imagenet,student,34,4.00329037458692e-05,0.953,0.953,0.25685331312815346,47,93.48441302590072,109.71166206314228,0.0,0.0,0.0
1,imagenet,student,35,3.936570381109958e-05,0.9639999999999999,0.964,0.2569134896596273,47,93.8496992350556,109.81459299079143,0.0,0.0,0.0
1,imagenet,student,36,3.868301765250263e-05,0.967,0.967,0.26187670214970904,47,92.71733110095374,108.78203113307245,0.0,0.0,0.0
1,imagenet,student,37,3.798560774350198e-05,0.9559999999999998,0.956,0.25853643226623535,47,93.16704217577353,109.53813933185302,0.0,0.0,0.0
1,imagenet,student,38,3.7274253002073755e-05,0.961,0.961,0.2565886662006378,47,93.82503136293963,109.94667300092988,0.0,0.0,0.0
1,imagenet,student,39,3.6549747920794496e-05,0.9650000000000001,0.965,0.2562803956667582,47,93.89545374806039,110.3305303149391,0.0,0.0,0.0
1,imagenet,student,40,3.581290167949421e-05,0.961,0.961,0.2583635334968567,47,93.35396064189263,109.62410478899255,0.0,0.0,0.0
1,imagenet,student,41,3.5064537241505625e-05,0.9569999999999999,0.957,0.25832925295829773,47,93.38807397615165,109.369778200984,0.0,0.0,0.0
1,imagenet,student,42,3.4305490434519064e-05,0.9630000000000001,0.963,0.2587721124490102,47,93.46571593498811,109.36259309505112,0.0,0.0,0.0
1,imagenet,student,43,3.353660901706944e-05,0.9570000000000001,0.957,0.2572017947832743,47,93.61672702082433,109.89795442903414,0.0,0.0,0.0
1,imagenet,student,44,3.2758751731698036e-05,0.959,0.959,0.25744175402323405,47,93.59671407099813,109.81453766999766,0.0,0.0,0.0
1,imagenet,student,45,3.197278734584651e-05,0.9610000000000001,0.961,0.2571164174079895,46,93.61411369685084,110.29941292502917,0.0,0.0,0.0
1,imagenet,student,46,3.1179593681554446e-05,0.9550000000000001,0.955,0.25680764150619506,47,93.14931490388699,109.17696848511696,0.0,0.0,0.0
1,imagenet,student,47,3.0380056635043986e-05,0.9610000000000001,0.961,0.2566168259779612,47,93.29799019102938,109.32653765403666,0.0,0.0,0.0
1,imagenet,student,48,2.9575069187286692e-05,0.9620000000000001,0.962,0.25724493455886843,47,93.21475022402592,109.30860383086838,0.0,0.0,0.0
1,imagenet,student,49,2.876553040665759e-05,0.9679999999999997,0.968,0.25661899892489115,47,93.43466036091559,109.43497716309503,0.0,0.0,0.0
1,imagenet,student,50,2.7952344444790415e-05,0.9640000000000001,0.964,0.25581400855382286,47,93.15997587307356,117.70516069815494,0.0,0.0,0.0
1,imagenet,student,51,2.7136419526755484e-05,0.9700000000000001,0.97,0.2556740330855052,47,93.55899486201815,110.18620035401545,0.0,0.0,0.0
1,imagenet,student,52,2.631866693668803e-05,0.9649999999999999,0.965,0.2556952021121979,47,93.43843519408256,109.77610552194528,0.0,0.0,0.0
1,imagenet,student,53,2.5500000000000003e-05,0.9690000000000001,0.969,0.2557521729469299,47,93.63084436790086,109.85849093995057,0.0,0.0,0.0
1,imagenet,student,54,2.4681333063311983e-05,0.962,0.962,0.255789536078771,47,93.78002060391009,109.97446199995466,0.0,0.0,0.0
1,imagenet,student,55,2.3863580473244526e-05,0.966,0.966,0.25655947883923846,47,93.25932682794519,109.37508650217205,0.0,0.0,0.0
1,imagenet,student,56,2.3047655555209592e-05,0.966,0.966,0.2543158186276754,47,94.03927208995447,109.94730147602968,0.0,0.0,0.0
1,imagenet,student,57,2.223446959334243e-05,0.961,0.961,0.2564273135662079,47,92.95816017012112,109.19597131107002,0.0,0.0,0.0
1,imagenet,student,58,2.1424930812713318e-05,0.9570000000000001,0.957,0.25586426027615866,47,93.33925849408843,109.30114738806151,0.0,0.0,0.0
1,imagenet,student,59,2.0619943364956024e-05,0.9629999999999999,0.963,0.2554538621902466,47,92.92174212797545,108.93352455296554,0.0,0.0,0.0
1,imagenet,student,60,1.9820406318445557e-05,0.961,0.961,0.2560587495962779,47,93.22567516099662,109.52769679995254,0.0,0.0,0.0
1,imagenet,student,61,1.9027212654153495e-05,0.9620000000000001,0.962,0.2569295863310496,47,93.06040332117118,109.09371775295585,0.0,0.0,0.0
1,imagenet,student,62,1.824124826830197e-05,0.966,0.966,0.2553162208398183,47,93.76585111883469,109.78229324193671,0.0,0.0,0.0
1,imagenet,student,63,1.746339098293056e-05,0.961,0.961,0.2560105133851369,47,93.24077571718954,109.33219007495791,0.0,0.0,0.0
1,imagenet,student,64,1.6694509565480943e-05,0.962,0.962,0.2561795659859975,47,92.97873120009899,109.23246564599685,0.0,0.0,0.0
1,imagenet,student,65,1.593546275849438e-05,0.9650000000000001,0.965,0.25517700719833375,47,93.47527009691112,109.92865033610724,0.0,0.0,0.0
1,imagenet,student,66,1.5187098320505799e-05,0.961,0.961,0.2552402720451355,47,93.62908695382066,109.55254074791446,0.0,0.0,0.0
1,imagenet,student,67,1.4450252079205502e-05,0.9700000000000001,0.97,0.2550037479400635,47,93.39188710297458,109.72447227011435,0.0,0.0,0.0
1,imagenet,student,68,1.372574699792625e-05,0.97,0.97,0.2546050554116567,47,93.76483810693026,109.93304064893164,0.0,0.0,0.0
1,imagenet,student,69,1.3014392256498022e-05,0.9650000000000001,0.965,0.25672416989008584,47,93.31115064490587,109.29714196105488,0.0,0.0,0.0
1,imagenet,student,70,1.2316982347497372e-05,0.97,0.97,0.2559756922721863,47,93.38091777800582,109.35478908801451,0.0,0.0,0.0
1,imagenet,student,71,1.1634296188900416e-05,0.9669999999999999,0.967,0.2548286300500234,47,94.5833551499527,110.69877538201399,0.0,0.0,0.0
1,imagenet,student,72,1.0967096254130799e-05,0.9620000000000001,0.962,0.2550397412776947,47,93.47606601403095,109.42720646690577,0.0,0.0,0.0
1,imagenet,student,73,1.0316127720474006e-05,0.9649999999999999,0.965,0.25430334997177123,47,93.10386542207561,109.17811375297606,0.0,0.0,0.0
1,imagenet,student,74,9.682117636809343e-06,0.9640000000000001,0.964,0.2547091058095296,47,93.06788811995648,108.95344886579551,0.0,0.0,0.0
1,imagenet,student,75,9.065774111589031e-06,0.97,0.97,0.255202409029007,47,93.60222714091651,118.26714639598504,0.0,0.0,0.0
1,imagenet,student,76,8.467785521971265e-06,0.9690000000000001,0.969,0.25445017862319946,47,92.9861004948616,109.11130360607058,0.0,0.0,0.0
1,imagenet,student,77,7.888819744990736e-06,0.9710000000000001,0.971,0.25517481271425885,47,93.38651171000674,109.78167042019777,0.0,0.0,0.0
1,imagenet,student,78,7.329523411625039e-06,0.9710000000000001,0.971,0.25499154202143354,47,93.07749276212417,109.34272540407255,0.0,0.0,0.0
1,imagenet,student,79,6.790521184590367e-06,0.97,0.97,0.2537455871899923,47,93.62524833297357,109.69224229292013,0.0,0.0,0.0
1,imagenet,student,80,6.272415060672806e-06,0.9720000000000001,0.972,0.25545596885681154,47,94.56492951186374,111.02655780198984,0.0,0.0,0.0
1,imagenet,student,81,5.77578369837471e-06,0.9710000000000001,0.971,0.25473271187146507,47,93.23242359911092,109.25383116002195,0.0,0.0,0.0
1,imagenet,student,82,5.301181771626878e-06,0.9710000000000001,0.971,0.25450193738937377,47,93.73594342498109,110.03513102908619,0.0,0.0,0.0
1,imagenet,student,83,4.849139350288474e-06,0.97,0.97,0.2554293228785197,47,93.27429570397362,109.28175451280549,0.0,0.0,0.0
1,imagenet,student,84,4.420161308126591e-06,0.9719999999999999,0.972,0.25436035776138305,47,93.82545338291675,110.12959261098877,0.0,0.0,0.0
1,imagenet,student,85,4.014726758936549e-06,0.9719999999999999,0.972,0.25533660078048703,47,93.66589715681039,109.75621611415409,0.0,0.0,0.0
1,imagenet,student,86,3.6332885214329124e-06,0.9710000000000001,0.971,0.25489270106951395,47,93.41878606798127,109.31339952000417,0.0,0.0,0.0
1,imagenet,student,87,3.2762726135086534e-06,0.97,0.97,0.25556826424598694,47,93.22794632706791,109.20655757794157,0.0,0.0,0.0
1,imagenet,student,88,2.9440777764274926e-06,0.9710000000000001,0.971,0.25425230646133423,47,93.6490442820359,109.71475316607393,0.0,0.0,0.0
1,imagenet,student,89,2.6370750294807374e-06,0.9710000000000001,0.971,0.25462979372342426,47,92.67603020183742,108.61651162989438,0.0,0.0,0.0
1,imagenet,student,90,2.3556072556059925e-06,0.9700000000000001,0.97,0.2544131888548533,47,94.14210326690227,110.3961982789915,0.0,0.0,0.0
1,imagenet,student,91,2.0999888184306456e-06,0.9710000000000001,0.971,0.2544804014364878,47,93.49439906212501,109.6294799100142,0.0,0.0,0.0
1,imagenet,student,92,1.8705052111677768e-06,0.9700000000000001,0.97,0.25439426279067995,47,94.04121600207873,110.06392058194615,0.0,0.0,0.0
1,imagenet,student,93,1.6674127377565921e-06,0.9700000000000001,0.97,0.25399710988998414,47,92.9213250009343,108.82596416003071,0.0,0.0,0.0
1,imagenet,student,94,1.4909382266036246e-06,0.9700000000000001,0.97,0.25493552366892497,47,93.25590682495385,109.6983807941433,0.0,0.0,0.0
1,imagenet,student,95,1.3412787772443001e-06,0.9690000000000001,0.969,0.2546124137242635,47,92.66718888096511,108.96360332518816,0.0,0.0,0.0
1,imagenet,student,96,1.2186015402078894e-06,0.9710000000000001,0.971,0.25413289427757263,47,93.37687244894914,109.68750273319893,0.0,0.0,0.0
1,imagenet,student,97,1.1230435303316486e-06,0.9710000000000001,0.971,0.25403237660725914,47,93.54478151188232,109.59629419981502,0.0,0.0,0.0
1,imagenet,student,98,1.0547114737327475e-06,0.9710000000000001,0.971,0.2543819045225779,47,93.50790913007222,109.53718151082285,0.0,0.0,0.0
1,imagenet,student,99,1.013681688608762e-06,0.9710000000000001,0.971,0.25478569730122885,47,92.89043045998551,108.79080481105484,0.0,0.0,0.0
1,imagenet,student,100,1e-06,0.9710000000000001,0.971,0.2545121502081553,47,93.03932463680394,121.76993427914567,0.0,0.0,0.0
1,scratch,ce,1,0.0001,0.308,0.308,2.1244202518463133,47,91.71630109404214,108.38612420298159,0.0,0.0,0.0
1,scratch,ce,2,0.0002,0.29900000000000004,0.299,2.0327807401021323,47,96.12232841202058,112.94693352794275,0.0,0.0,0.0
1,scratch,ce,3,0.00030000000000000003,0.334,0.334,1.9895049260457356,47,91.39449987793341,107.53146787011065,0.0,0.0,0.0
1,scratch,ce,4,0.0004,0.332,0.332,1.9616689643859864,47,90.47865609405562,106.53799627395347,0.0,0.0,0.0
1,scratch,ce,5,0.0005,0.37,0.37,1.8987855033874512,47,90.1709334878251,106.30781841208227,0.0,0.0,0.0
1,scratch,ce,6,0.0005,0.36699999999999994,0.367,1.8350878934860229,47,91.11006173794158,107.09782818309031,0.0,0.0,0.0
1,scratch,ce,7,0.0004998606701506985,0.429,0.429,1.7919686711629232,47,91.7514006679412,107.76838916307315,0.0,0.0,0.0
1,scratch,ce,8,0.0004994428362164767,0.446,0.446,1.7204331153233845,47,89.88340296689421,106.21838659397326,0.0,0.0,0.0
1,scratch,ce,9,0.0004987469648645818,0.434,0.434,1.6528243290583293,47,90.46131717204116,106.57904100883752,0.0,0.0,0.0
1,scratch,ce,10,0.0004977738332946176,0.506,0.506,1.5862128079732258,47,91.23439542902634,115.8312124251388,0.0,0.0,0.0
1,scratch,ce,11,0.0004965245283705121,0.508,0.508,1.5441361881891886,47,90.81506855296902,107.26437066099606,0.0,0.0,0.0
1,scratch,ce,12,0.0004950004454066284,0.5189999999999999,0.519,1.4926145887374878,47,91.06833925307728,107.41927689104341,0.0,0.0,0.0
1,scratch,ce,13,0.0004932032866093767,0.5089999999999999,0.509,1.4511698296864828,47,90.61587336286902,106.74174775090069,0.0,0.0,0.0
1,scratch,ce,14,0.000491135059176067,0.553,0.553,1.429567769686381,47,89.99538029520772,106.20339936390519,0.0,0.0,0.0
1,scratch,ce,15,0.0004887980730531247,0.5229999999999999,0.523,1.3724767373402913,47,90.59855750389397,106.67034524516203,0.0,0.0,0.0
1,scratch,ce,16,0.00048619493835617576,0.539,0.539,1.34639413356781,47,90.59603262599558,106.96197543106973,0.0,0.0,0.0
1,scratch,ce,17,0.00048332856245487986,0.5589999999999999,0.559,1.3301524019241333,47,90.92102699610405,107.46736048883758,0.0,0.0,0.0
1,scratch,ce,18,0.000480202146725769,0.5509999999999999,0.551,1.2973973178863525,47,90.58734663203359,106.69226516713388,0.0,0.0,0.0
1,scratch,ce,19,0.00047681918297671805,0.5519999999999999,0.552,1.2644850565592447,47,90.29464643797837,106.30501296115108,0.0,0.0,0.0
1,scratch,ce,20,0.0004731834495470404,0.5479999999999999,0.548,1.236973354657491,47,89.71087168809026,105.63665652018972,0.0,0.0,0.0
1,scratch,ce,21,0.00046929900708756454,0.558,0.558,1.220518173535665,47,89.8644898950588,105.80146963289008,0.0,0.0,0.0
1,scratch,ce,22,0.0004651701940254048,0.5690000000000001,0.569,1.1973654026985168,47,90.00571768614464,106.17304811882786,0.0,0.0,0.0
1,scratch,ce,23,0.00046080162171849087,0.5589999999999999,0.559,1.166501782099406,47,90.26095861196518,106.4981739539653,0.0,0.0,0.0
1,scratch,ce,24,0.0004561981693052692,0.5469999999999999,0.547,1.1607479362487794,47,89.6608104929328,105.72177689289674,0.0,0.0,0.0
1,scratch,ce,25,0.00045136497825532695,0.5660000000000001,0.566,1.1210440114339193,47,89.84544445900247,114.45369505509734,0.0,0.0,0.0
1,scratch,ce,26,0.00044630744662702595,0.557,0.557,1.1030993458429972,47,90.6980650771875,106.73605240299366,0.0,0.0,0.0
1,scratch,ce,27,0.0004410312230385594,0.5700000000000001,0.57,1.081232893784841,47,90.86725832498632,106.96658921381459,0.0,0.0,0.0
1,scratch,ce,28,0.0004355422003591655,0.5610000000000002,0.561,1.058592139561971,47,89.9323179309722,105.82008992298506,0.0,0.0,0.0
1,scratch,ce,29,0.0004298465091275434,0.5650000000000001,0.565,1.0218838720321655,47,89.65917776501738,105.59888282907195,0.0,0.0,0.0
1,scratch,ce,30,0.0004239505107048233,0.56,0.56,0.9898733231226603,47,89.64826471614651,105.55377708212472,0.0,0.0,0.0
1,scratch,ce,31,0.00041786079016973627,0.5559999999999999,0.556,0.9718386046091716,47,89.4094015751034,105.71122929593548,0.0,0.0,0.0
1,scratch,ce,32,0.00041158414896392116,0.548,0.548,0.9655860265096029,47,90.59379064990208,107.1924477678258,0.0,0.0,0.0
1,scratch,ce,33,0.00040512759729558113,0.5529999999999999,0.553,0.9272935886383057,47,91.14393767202273,107.2551832459867,0.0,0.0,0.0
1,scratch,ce,34,0.00039849834630997414,0.576,0.576,0.9082028935750326,47,90.33273058012128,106.84088699310087,0.0,0.0,0.0
1,scratch,ce,35,0.0003917038000354835,0.5740000000000001,0.574,0.9068857920964559,47,90.6989298320841,106.57236393610947,0.0,0.0,0.0
1,scratch,ce,36,0.0003847515471142615,0.562,0.562,0.8588938190142313,47,89.96655156603083,106.3530259099789,0.0,0.0,0.0
1,scratch,ce,37,0.00037764935232668343,0.579,0.579,0.8463511304855347,47,90.75519232195802,106.96265519596636,0.0,0.0,0.0
1,scratch,ce,38,0.0003704051479190776,0.5700000000000001,0.57,0.8185412244796753,47,90.84738519997336,107.66253848490305,0.0,0.0,0.0
1,scratch,ce,39,0.00036302702474441743,0.5600000000000002,0.56,0.8174859453837077,47,91.80520096002147,107.82132274587639,0.0,0.0,0.0
1,scratch,ce,40,0.0003555232232258696,0.591,0.591,0.7781608974138896,47,89.57656803890131,105.81816297816113,0.0,0.0,0.0
1,scratch,ce,41,0.00034790212415329195,0.5680000000000001,0.568,0.7623797753651936,47,90.82956470991485,106.89488193695433,0.0,0.0,0.0
1,scratch,ce,42,0.0003401722393229594,0.569,0.569,0.7591618432998657,47,90.40190232801251,106.75040046591312,0.0,0.0,0.0
1,scratch,ce,43,0.0003323422020309725,0.554,0.554,0.7337907597223917,47,90.31825047405437,106.08410589303821,0.0,0.0,0.0
1,scratch,ce,44,0.0003244207574309657,0.5790000000000001,0.579,0.7367640097935995,47,90.6048597949557,106.38325135991909,0.0,0.0,0.0
1,scratch,ce,45,0.0003164167527668859,0.5479999999999999,0.548,0.708324422677358,47,90.01641751499847,106.13238816708326,0.0,0.0,0.0
1,scratch,ce,46,0.0003083391274917483,0.5750000000000001,0.575,0.6984408330917359,47,90.1669646028895,106.22876058914699,0.0,0.0,0.0
1,scratch,ce,47,0.0003001969032834071,0.5740000000000001,0.574,0.6850893098513285,47,90.4738496998325,106.44663874502294,0.0,0.0,0.0
1,scratch,ce,48,0.00029199917396849096,0.5740000000000001,0.574,0.6735700949033101,47,89.73336067702621,105.82402562606148,0.0,0.0,0.0
1,scratch,ce,49,0.0002837550953657579,0.5589999999999999,0.559,0.6543341091473898,47,90.80610320903361,107.01691218209453,0.0,0.0,0.0
1,scratch,ce,50,0.0002754738750602126,0.569,0.569,0.6477323813438416,47,90.45624316902831,114.53987049800344,0.0,0.0,0.0
1,scratch,ce,51,0.00026716476211940786,0.5650000000000001,0.565,0.641879506746928,47,90.50947305816226,106.91125577199273,0.0,0.0,0.0
1,scratch,ce,52,0.00025883703676341484,0.557,0.557,0.6317376203536987,47,90.17205496015958,106.32899434887804,0.0,0.0,0.0
1,scratch,ce,53,0.0002505,0.57,0.57,0.6304996856053671,47,90.89551438111812,107.16121985996142,0.0,0.0,0.0
1,scratch,ce,54,0.00024216296323658525,0.5799999999999998,0.58,0.6179390290578206,47,89.85215016803704,105.5709804110229,0.0,0.0,0.0
1,scratch,ce,55,0.00023383523788059215,0.557,0.557,0.6144357771873474,47,90.7145272102207,106.61793654807843,0.0,0.0,0.0
1,scratch,ce,56,0.00022552612493978745,0.569,0.569,0.5959101061820984,47,90.5926356879063,106.38980208500288,0.0,0.0,0.0
1,scratch,ce,57,0.00021724490463424225,0.5640000000000001,0.564,0.5875131495793661,47,90.47562531591393,106.59806534810923,0.0,0.0,0.0
1,scratch,ce,58,0.00020900082603150905,0.5740000000000001,0.574,0.5868619047800699,47,90.15536260488443,106.16177961602807,0.0,0.0,0.0
1,scratch,ce,59,0.00020080309671659293,0.5589999999999999,0.559,0.579837541103363,47,91.11063285404816,107.11963032092899,0.0,0.0,0.0
1,scratch,ce,60,0.00019266087250825167,0.588,0.588,0.5742463224728902,46,90.73426451487467,106.64777402416803,0.0,0.0,0.0
1,scratch,ce,61,0.00018458324723311413,0.586,0.586,0.5678788666725159,47,90.5918194418773,106.72881980193779,0.0,0.0,0.0
1,scratch,ce,62,0.00017657924256903434,0.578,0.578,0.5576372297604879,47,90.59648765693419,106.5138963169884,0.0,0.0,0.0
1,scratch,ce,63,0.00016865779796902748,0.5660000000000001,0.566,0.5545867055257161,47,89.6416014819406,105.83206967101432,0.0,0.0,0.0
1,scratch,ce,64,0.00016082776067704059,0.568,0.568,0.5573389863967896,47,90.78770372993313,106.93456865777262,0.0,0.0,0.0
1,scratch,ce,65,0.00015309787584670805,0.572,0.572,0.552436762491862,47,90.69630959886126,106.76402608910576,0.0,0.0,0.0
1,scratch,ce,66,0.00014547677677413047,0.576,0.576,0.5486026673316956,47,89.88761433307081,106.06091904290952,0.0,0.0,0.0
1,scratch,ce,67,0.00013797297525558255,0.576,0.576,0.5442005662918091,47,91.05009931395762,107.0525380121544,0.0,0.0,0.0
1,scratch,ce,68,0.00013059485208092238,0.5750000000000001,0.575,0.5432289907137553,47,91.66094150790013,107.83074763393961,0.0,0.0,0.0
1,scratch,ce,69,0.00012335064767331658,0.567,0.567,0.531144696076711,47,90.30104663199745,106.58943758509122,0.0,0.0,0.0
1,scratch,ce,70,0.00011624845288573853,0.573,0.573,0.5342693227132161,47,90.78008749615401,107.04835541103967,0.0,0.0,0.0
1,scratch,ce,71,0.00010929619996451647,0.5860000000000001,0.586,0.5304162081082662,47,89.20696848118678,105.35692745703273,0.0,0.0,0.0
1,scratch,ce,72,0.00010250165369002587,0.583,0.583,0.5298534461657206,47,90.99047797406092,107.32479094597511,0.0,0.0,0.0
1,scratch,ce,73,9.587240270441893e-05,0.58,0.58,0.5263056224187215,47,91.36094261612743,107.24962447001599,0.0,0.0,0.0
1,scratch,ce,74,8.941585103607879e-05,0.582,0.582,0.5282245500882466,47,90.07871395093389,106.23872073902749,0.0,0.0,0.0
1,scratch,ce,75,8.313920983026379e-05,0.576,0.576,0.5210065770149231,47,90.766456306912,116.05340255703777,0.0,0.0,0.0
1,scratch,ce,76,7.704948929517675e-05,0.5810000000000001,0.581,0.522132287979126,47,90.3297733569052,106.28597356099635,0.0,0.0,0.0
1,scratch,ce,77,7.115349087245667e-05,0.5870000000000001,0.587,0.5181436368624369,47,90.1633519870229,106.21048859599978,0.0,0.0,0.0
1,scratch,ce,78,6.545779964083458e-05,0.576,0.576,0.5160421004295349,47,90.0561394779943,106.21438822406344,0.0,0.0,0.0
1,scratch,ce,79,5.996877696144067e-05,0.575,0.575,0.5172737329800924,47,89.92923947889358,105.93505732202902,0.0,0.0,0.0
1,scratch,ce,80,5.4692553372974075e-05,0.5820000000000001,0.582,0.5178348752657572,47,90.32218478014693,106.28499546507373,0.0,0.0,0.0
1,scratch,ce,81,4.963502174467306e-05,0.588,0.588,0.5109659682909647,47,89.95769198704511,106.09835429489613,0.0,0.0,0.0
1,scratch,ce,82,4.480183069473086e-05,0.583,0.583,0.5136706320444743,47,90.97344269021414,106.87056000693701,0.0,0.0,0.0
1,scratch,ce,83,4.019837828150914e-05,0.581,0.581,0.5134059197107951,47,90.11806687200442,106.36016592103988,0.0,0.0,0.0
1,scratch,ce,84,3.5829805974595276e-05,0.586,0.586,0.5127748333613078,47,89.65785057609901,105.60910700401291,0.0,0.0,0.0
1,scratch,ce,85,3.1700992912435456e-05,0.5880000000000001,0.588,0.5126367608706156,47,90.5710037520621,106.75584723497741,0.0,0.0,0.0
1,scratch,ce,86,2.781655045295966e-05,0.582,0.582,0.5137399824460348,47,90.12302427389659,106.05589816509746,0.0,0.0,0.0
1,scratch,ce,87,2.4180817023281995e-05,0.5840000000000001,0.584,0.5096168244679768,47,89.93897265987471,105.71222793497145,0.0,0.0,0.0
1,scratch,ce,88,2.0797853274230994e-05,0.583,0.583,0.509718248685201,47,90.69075230392627,106.64047293481417,0.0,0.0,0.0
1,scratch,ce,89,1.7671437545120165e-05,0.585,0.585,0.510963760693868,47,90.48733716784045,106.62909457902424,0.0,0.0,0.0
1,scratch,ce,90,1.480506164382429e-05,0.5900000000000001,0.59,0.5092618913650513,47,90.39026393205859,106.56444716779515,0.0,0.0,0.0
1,scratch,ce,91,1.220192694687535e-05,0.586,0.586,0.5092479909261067,47,90.84234409010969,106.84795640292577,0.0,0.0,0.0
1,scratch,ce,92,9.864940823933073e-06,0.581,0.581,0.5072997647921245,47,90.34814544091932,106.64228020678274,0.0,0.0,0.0
1,scratch,ce,93,7.796713390623254e-06,0.587,0.587,0.5074728806813558,47,90.27770661585964,106.33623926783912,0.0,0.0,0.0
1,scratch,ce,94,5.999554593371605e-06,0.587,0.587,0.5088926690419515,47,91.16185200796463,107.21093001984991,0.0,0.0,0.0
1,scratch,ce,95,4.475471629487872e-06,0.584,0.584,0.5098597723642985,47,90.59921449190006,107.03246965282597,0.0,0.0,0.0
1,scratch,ce,96,3.2261667053823824e-06,0.585,0.585,0.5085933764775594,47,90.78919894690625,107.13017219793983,0.0,0.0,0.0
1,scratch,ce,97,2.253035135418218e-06,0.585,0.585,0.5067642451922099,47,90.78073785896413,106.92764952103607,0.0,0.0,0.0
1,scratch,ce,98,1.5571637835232856e-06,0.587,0.587,0.5095257784525553,47,90.7200281729456,106.77260003890842,0.0,0.0,0.0
1,scratch,ce,99,1.1393298493014743e-06,0.586,0.586,0.5105219812393188,47,90.58417947101407,106.72374265803955,0.0,0.0,0.0
1,scratch,ce,100,1e-06,0.587,0.587,0.5086759077707926,47,90.72048847703263,115.05938992882147,0.0,0.0,0.0
1,scratch,foreground_rescue_10,1,0.0001,0.303,0.303,1.8588600104649862,47,107.00210377015173,123.17155011394061,6.335166666666667,6.335166666666667,0.0
1,scratch,foreground_rescue_10,2,0.0002,0.293,0.293,1.7623129405975342,47,105.29786117002368,122.58906999393366,6.071833333333333,6.071833333333333,0.0
1,scratch,foreground_rescue_10,3,0.00030000000000000003,0.341,0.341,1.717971960067749,47,99.30805695196614,115.96883856202476,6.177,6.177,0.0
1,scratch,foreground_rescue_10,4,0.0004,0.363,0.363,1.6787010033925374,47,100.00862422003411,116.68963270587847,6.156666666666666,6.156666666666666,0.0
1,scratch,foreground_rescue_10,5,0.0005,0.36,0.36,1.623286813100179,47,99.85329916095361,116.21862160484307,6.317666666666667,6.317666666666667,0.0
1,scratch,foreground_rescue_10,6,0.0005,0.384,0.384,1.5814518276850382,47,100.23747909907252,117.09473549597897,6.3485,6.3485,0.0
1,scratch,foreground_rescue_10,7,0.0004998606701506985,0.44000000000000006,0.44,1.5192223052978515,47,99.6300646031741,116.20200534677133,6.358333333333333,6.358333333333333,0.0
1,scratch,foreground_rescue_10,8,0.0004994428362164767,0.43099999999999994,0.431,1.4549583326975504,47,102.08103024098091,118.61545615200885,6.453,6.453,0.0
1,scratch,foreground_rescue_10,9,0.0004987469648645818,0.4659999999999999,0.466,1.3832726825078328,47,101.0447673460003,117.43889255495742,6.636833333333334,6.636833333333334,0.0
1,scratch,foreground_rescue_10,10,0.0004977738332946176,0.495,0.495,1.3099533065160116,47,99.74935768707655,124.0371977079194,6.686333333333334,6.686333333333334,0.0
1,scratch,foreground_rescue_10,11,0.0004965245283705121,0.514,0.514,1.2699350439707437,47,99.5123053479474,116.33299200003967,6.818,6.818,0.0
1,scratch,foreground_rescue_10,12,0.0004950004454066284,0.5199999999999999,0.52,1.2419935785929361,47,98.95045796921477,115.46830780012533,6.533833333333333,6.533833333333333,0.0
1,scratch,foreground_rescue_10,13,0.0004932032866093767,0.521,0.521,1.2240679642359416,47,101.29320460208692,117.94753002910875,6.477833333333334,6.477833333333334,0.0
1,scratch,foreground_rescue_10,14,0.000491135059176067,0.5279999999999999,0.528,1.185978860537211,47,100.2383010641206,116.5730623388663,6.573833333333333,6.573833333333333,0.0
1,scratch,foreground_rescue_10,15,0.0004887980730531247,0.543,0.543,1.1239887921015421,47,100.22676331992261,116.80702792597003,6.657166666666667,6.657166666666667,0.0
1,scratch,foreground_rescue_10,16,0.00048619493835617576,0.568,0.568,1.1219066464106242,47,100.34647595603019,116.84516297210939,6.419,6.419,0.0
1,scratch,foreground_rescue_10,17,0.00048332856245487986,0.5780000000000001,0.578,1.0980317131678263,47,100.39799147588201,117.1171844471246,6.6825,6.6825,0.0
1,scratch,foreground_rescue_10,18,0.000480202146725769,0.569,0.569,1.0396932474772136,47,101.74343852791935,118.48835024889559,6.638166666666667,6.638166666666667,0.0
1,scratch,foreground_rescue_10,19,0.00047681918297671805,0.5479999999999999,0.548,1.0226737750371298,47,100.30456666694954,116.78533496777527,6.585666666666667,6.585666666666667,0.0
1,scratch,foreground_rescue_10,20,0.0004731834495470404,0.565,0.565,0.9822531951268514,47,99.85338444006629,116.509407103993,6.684833333333334,6.684833333333334,0.0
1,scratch,foreground_rescue_10,21,0.00046929900708756454,0.5820000000000001,0.582,0.9637418886820476,47,100.65922945784405,117.04357487801462,6.645666666666667,6.645666666666667,0.0
1,scratch,foreground_rescue_10,22,0.0004651701940254048,0.5640000000000001,0.564,0.9616150223414103,47,99.55577900097705,115.90527513506822,6.677666666666667,6.677666666666667,0.0
1,scratch,foreground_rescue_10,23,0.00046080162171849087,0.5640000000000001,0.564,0.9170881344477335,47,100.64706936408766,116.85920746414922,6.7748333333333335,6.7748333333333335,0.0
1,scratch,foreground_rescue_10,24,0.0004561981693052692,0.571,0.571,0.903056832631429,47,100.43680484313518,116.97676087194122,6.6593333333333335,6.6593333333333335,0.0
1,scratch,foreground_rescue_10,25,0.00045136497825532695,0.5820000000000001,0.582,0.8777838403383891,47,100.71584932901897,126.24441860313527,6.543833333333334,6.543833333333334,0.0
1,scratch,foreground_rescue_10,26,0.00044630744662702595,0.553,0.553,0.8478943203290303,47,100.24570620711893,116.56368569796905,6.499333333333333,6.499333333333333,0.0
1,scratch,foreground_rescue_10,27,0.0004410312230385594,0.5660000000000001,0.566,0.841706392288208,47,99.8445241570007,116.63432291196659,6.660666666666667,6.660666666666667,0.0
1,scratch,foreground_rescue_10,28,0.0004355422003591655,0.587,0.587,0.8020899931589762,47,101.07459023687989,117.49399325018749,6.751166666666666,6.751166666666666,0.0
1,scratch,foreground_rescue_10,29,0.0004298465091275434,0.581,0.581,0.7933497883478801,47,99.9834031201899,116.26835789717734,6.585333333333334,6.585333333333334,0.0
1,scratch,foreground_rescue_10,30,0.0004239505107048233,0.6009999999999999,0.601,0.7580057690938313,47,100.48687278595753,116.93351251492277,6.482666666666667,6.482666666666667,0.0
1,scratch,foreground_rescue_10,31,0.00041786079016973627,0.5730000000000001,0.573,0.7360872802734375,47,100.30299881496467,116.97951053618453,6.380833333333333,6.380833333333333,0.0
1,scratch,foreground_rescue_10,32,0.00041158414896392116,0.6050000000000001,0.605,0.7110712498029073,47,99.98826324287802,117.14624870708212,6.538833333333334,6.538833333333334,0.0
1,scratch,foreground_rescue_10,33,0.00040512759729558113,0.5919999999999999,0.592,0.7005428907076517,47,99.6376783112064,116.35360655281693,6.585333333333334,6.585333333333334,0.0
1,scratch,foreground_rescue_10,34,0.00039849834630997414,0.5890000000000001,0.589,0.6829552408854167,47,100.17802302795462,116.8123775429558,6.556666666666667,6.556666666666667,0.0
1,scratch,foreground_rescue_10,35,0.0003917038000354835,0.595,0.595,0.6636524717013041,47,100.25597774004564,117.30943842302077,6.499833333333333,6.499833333333333,0.0
1,scratch,foreground_rescue_10,36,0.0003847515471142615,0.577,0.577,0.6559546607335408,47,99.20454071694985,115.5116642320063,6.569833333333333,6.569833333333333,0.0
1,scratch,foreground_rescue_10,37,0.00037764935232668343,0.586,0.586,0.6412740910847982,47,100.11829234892502,116.72943687997758,6.425833333333333,6.425833333333333,0.0
1,scratch,foreground_rescue_10,38,0.0003704051479190776,0.5980000000000001,0.598,0.5957208717664083,47,100.37177131697536,116.86026325495914,6.452833333333333,6.452833333333333,0.0
1,scratch,foreground_rescue_10,39,0.00036302702474441743,0.58,0.58,0.5637783791224161,47,99.95115557895042,116.5926830440294,6.41,6.41,0.0
1,scratch,foreground_rescue_10,40,0.0003555232232258696,0.596,0.596,0.5705433969497681,47,100.33400490600616,116.90482924110256,6.518666666666666,6.518666666666666,0.0
1,scratch,foreground_rescue_10,41,0.00034790212415329195,0.581,0.581,0.5468107430140178,47,100.34545884700492,117.05094799422659,6.386166666666667,6.386166666666667,0.0
1,scratch,foreground_rescue_10,42,0.0003401722393229594,0.5820000000000001,0.582,0.5334447151819864,47,101.58120832988061,118.00026991521008,6.217333333333333,6.217333333333333,0.0
1,scratch,foreground_rescue_10,43,0.0003323422020309725,0.592,0.592,0.5155746432940165,47,99.95153773296624,116.69758426491171,6.384833333333333,6.384833333333333,0.0
1,scratch,foreground_rescue_10,44,0.0003244207574309657,0.596,0.596,0.5098983295758566,47,100.10199108184315,116.88211855199188,6.3838333333333335,6.3838333333333335,0.0
1,scratch,foreground_rescue_10,45,0.0003164167527668859,0.5780000000000001,0.578,0.4970406854947408,47,100.56122976006009,117.050871954998,6.3675,6.3675,0.0
1,scratch,foreground_rescue_10,46,0.0003083391274917483,0.57,0.57,0.4843798778851827,47,99.58884143386967,115.88596316194162,6.379166666666666,6.379166666666666,0.0
1,scratch,foreground_rescue_10,47,0.0003001969032834071,0.5780000000000001,0.578,0.47751374808947245,47,98.83837332413532,114.92747406801209,6.362333333333333,6.362333333333333,0.0
1,scratch,foreground_rescue_10,48,0.00029199917396849096,0.592,0.592,0.45363572374979655,47,100.45764360809699,116.74594528786838,6.396833333333333,6.396833333333333,0.0
1,scratch,foreground_rescue_10,49,0.0002837550953657579,0.575,0.575,0.438577775478363,47,98.3442257840652,114.75306379701942,6.286333333333333,6.286333333333333,0.0
1,scratch,foreground_rescue_10,50,0.0002754738750602126,0.5820000000000001,0.582,0.43598310693105063,47,100.75180305493996,125.22107901889831,6.368166666666666,6.368166666666666,0.0
1,scratch,foreground_rescue_10,51,0.00026716476211940786,0.597,0.597,0.42459365113576253,47,99.50309898983687,116.36658211192116,6.3308333333333335,6.3308333333333335,0.0
1,scratch,foreground_rescue_10,52,0.00025883703676341484,0.597,0.597,0.4161152166525523,47,98.72436454799026,115.20262768608518,6.253166666666667,6.253166666666667,0.0
1,scratch,foreground_rescue_10,53,0.0002505,0.592,0.592,0.40908096663157145,47,100.49526063306257,116.91061079408973,6.2508333333333335,6.2508333333333335,0.0
1,scratch,foreground_rescue_10,54,0.00024216296323658525,0.5930000000000001,0.593,0.3994629426002502,47,99.59525392297655,115.97371998499148,6.2781666666666665,6.2781666666666665,0.0
1,scratch,foreground_rescue_10,55,0.00023383523788059215,0.575,0.575,0.39469195437431337,46,100.15697193611413,116.45983573095873,6.245333333333333,6.245333333333333,0.0
1,scratch,foreground_rescue_10,56,0.00022552612493978745,0.584,0.584,0.3736622307300568,47,99.54323911992833,116.16444198484533,6.325166666666667,6.325166666666667,0.0
1,scratch,foreground_rescue_10,57,0.00021724490463424225,0.5940000000000001,0.594,0.37516465306282043,47,100.18346929689869,116.80981835583225,6.301,6.301,0.0
1,scratch,foreground_rescue_10,58,0.00020900082603150905,0.576,0.576,0.37197513580322267,47,100.56698556407355,117.03789289691485,6.314166666666667,6.314166666666667,0.0
1,scratch,foreground_rescue_10,59,0.00020080309671659293,0.595,0.595,0.3586652731100718,47,100.10974444705062,116.69248483912088,6.366666666666666,6.366666666666666,0.0
1,scratch,foreground_rescue_10,60,0.00019266087250825167,0.596,0.596,0.3541516713301341,47,99.4725386169739,116.26285810302943,6.3235,6.3235,0.0
1,scratch,foreground_rescue_10,61,0.00018458324723311413,0.603,0.603,0.36033602595329284,47,100.90084615093656,117.55131956306286,6.238333333333333,6.238333333333333,0.0
1,scratch,foreground_rescue_10,62,0.00017657924256903434,0.585,0.585,0.34536897818247475,47,101.3469261310529,117.64301005098969,6.306333333333333,6.306333333333333,0.0
1,scratch,foreground_rescue_10,63,0.00016865779796902748,0.595,0.595,0.3462345170180003,47,99.11538019985892,115.86055102618411,6.312,6.312,0.0
1,scratch,foreground_rescue_10,64,0.00016082776067704059,0.5960000000000001,0.596,0.3355682297547658,47,100.55339710810222,117.1030266250018,6.330333333333333,6.330333333333333,0.0
1,scratch,foreground_rescue_10,65,0.00015309787584670805,0.603,0.603,0.3272780615488688,47,100.28576417919248,116.8566160639748,6.254666666666667,6.254666666666667,0.0
1,scratch,foreground_rescue_10,66,0.00014547677677413047,0.604,0.604,0.3280923484166463,47,100.1309217158705,116.77558138198219,6.137166666666666,6.137166666666666,0.0
1,scratch,foreground_rescue_10,67,0.00013797297525558255,0.597,0.597,0.32102172803878787,47,99.66721652587876,116.23676742217503,6.2565,6.2565,0.0
1,scratch,foreground_rescue_10,68,0.00013059485208092238,0.5820000000000001,0.582,0.3207955536842346,47,100.12618349678814,116.6997710231226,6.2523333333333335,6.2523333333333335,0.0
1,scratch,foreground_rescue_10,69,0.00012335064767331658,0.5900000000000001,0.59,0.3146737965742747,47,101.25363744283095,117.71363668516278,6.211666666666667,6.211666666666667,0.0
1,scratch,foreground_rescue_10,70,0.00011624845288573853,0.587,0.587,0.31362593722343446,47,100.72815233212896,117.1415745250415,6.237333333333333,6.237333333333333,0.0
1,scratch,foreground_rescue_10,71,0.00010929619996451647,0.604,0.604,0.3176975091298421,47,98.88808107702062,115.19170465087518,6.262,6.262,0.0
1,scratch,foreground_rescue_10,72,0.00010250165369002587,0.6130000000000001,0.613,0.306230610370636,47,100.94657307304442,117.38555518304929,6.277333333333333,6.277333333333333,0.0
1,scratch,foreground_rescue_10,73,9.587240270441893e-05,0.6049999999999999,0.605,0.3009432647228241,47,100.22227405989543,116.5786472489126,6.246666666666667,6.246666666666667,0.0
1,scratch,foreground_rescue_10,74,8.941585103607879e-05,0.603,0.603,0.30252677218119306,47,100.69642989104614,117.29353667399846,6.245333333333333,6.245333333333333,0.0
1,scratch,foreground_rescue_10,75,8.313920983026379e-05,0.588,0.588,0.29869272327423096,47,100.19509482407011,125.2197896570433,6.187833333333334,6.187833333333334,0.0
1,scratch,foreground_rescue_10,76,7.704948929517675e-05,0.599,0.599,0.2995313955148061,47,102.06634265603498,118.51114773796871,6.256166666666667,6.256166666666667,0.0
1,scratch,foreground_rescue_10,77,7.115349087245667e-05,0.595,0.595,0.29700477329889935,47,100.93327306187712,117.3505079250317,6.242,6.242,0.0
1,scratch,foreground_rescue_10,78,6.545779964083458e-05,0.608,0.608,0.2881395229498545,47,98.6073453919962,114.89688927982934,6.222666666666667,6.222666666666667,0.0
1,scratch,foreground_rescue_10,79,5.996877696144067e-05,0.611,0.611,0.2916090133190155,47,99.31024360703304,115.85351248295046,6.217833333333333,6.217833333333333,0.0
1,scratch,foreground_rescue_10,80,5.4692553372974075e-05,0.604,0.604,0.2902869664827983,47,100.8119318720419,117.52474120003171,6.209333333333333,6.209333333333333,0.0
1,scratch,foreground_rescue_10,81,4.963502174467306e-05,0.6,0.6,0.28937332129478455,47,99.60448145586997,115.86415067617781,6.2476666666666665,6.2476666666666665,0.0
1,scratch,foreground_rescue_10,82,4.480183069473086e-05,0.596,0.596,0.28881776507695517,47,100.92415174515918,117.20211053197272,6.247,6.247,0.0
1,scratch,foreground_rescue_10,83,4.019837828150914e-05,0.5960000000000001,0.596,0.28918410031000774,47,99.59525146498345,116.31781611195765,6.2445,6.2445,0.0
1,scratch,foreground_rescue_10,84,3.5829805974595276e-05,0.6030000000000001,0.603,0.2821793681780497,47,99.97228661202826,116.47312832111493,6.261,6.261,0.0
1,scratch,foreground_rescue_10,85,3.1700992912435456e-05,0.607,0.607,0.288969478448232,47,102.74654332501814,119.18557062512264,6.243333333333333,6.243333333333333,0.0
1,scratch,foreground_rescue_10,86,2.781655045295966e-05,0.5940000000000001,0.594,0.2910866980552673,47,99.80425564083271,116.54988556494936,6.239333333333334,6.239333333333334,0.0
1,scratch,foreground_rescue_10,87,2.4180817023281995e-05,0.598,0.598,0.28637735891342164,47,101.74797719996423,118.1993137318641,6.2555,6.2555,0.0
1,scratch,foreground_rescue_10,88,2.0797853274230994e-05,0.599,0.599,0.2833231202761332,47,101.00421231100336,117.49153468781151,6.2203333333333335,6.2203333333333335,0.0
1,scratch,foreground_rescue_10,89,1.7671437545120165e-05,0.607,0.607,0.2873503212928772,47,100.59502589609474,117.09320754208602,6.1935,6.1935,0.0
1,scratch,foreground_rescue_10,90,1.480506164382429e-05,0.603,0.603,0.2844595975081126,47,101.7654558850918,118.20122835203074,6.2011666666666665,6.2011666666666665,0.0
1,scratch,foreground_rescue_10,91,1.220192694687535e-05,0.61,0.61,0.2852195890744527,47,99.22072518686764,115.65066911489703,6.216666666666667,6.216666666666667,0.0
1,scratch,foreground_rescue_10,92,9.864940823933073e-06,0.6010000000000001,0.601,0.2837147521177928,47,101.05308979516849,117.33210606779903,6.183,6.183,0.0
1,scratch,foreground_rescue_10,93,7.796713390623254e-06,0.602,0.602,0.2851261568864187,47,99.58348267502151,115.87914562388323,6.175833333333333,6.175833333333333,0.0
1,scratch,foreground_rescue_10,94,5.999554593371605e-06,0.608,0.608,0.284026730855306,47,100.4892606898211,117.20076569193043,6.184333333333333,6.184333333333333,0.0
1,scratch,foreground_rescue_10,95,4.475471629487872e-06,0.6050000000000001,0.605,0.28476056512196857,47,100.5477451949846,117.27117052208632,6.176333333333333,6.176333333333333,0.0
1,scratch,foreground_rescue_10,96,3.2261667053823824e-06,0.6020000000000001,0.602,0.28449009227752686,47,99.41003556596115,116.18140809098259,6.2,6.2,0.0
1,scratch,foreground_rescue_10,97,2.253035135418218e-06,0.599,0.599,0.28190170097351075,47,99.91196625004523,116.16307487804443,6.1795,6.1795,0.0
1,scratch,foreground_rescue_10,98,1.5571637835232856e-06,0.6,0.6,0.2815300585428874,47,101.92250814312138,118.26493891188875,6.1931666666666665,6.1931666666666665,0.0
1,scratch,foreground_rescue_10,99,1.1393298493014743e-06,0.5999999999999999,0.6,0.28405538392066954,47,99.7684059960302,116.5514821021352,6.187333333333333,6.187333333333333,0.0
1,scratch,foreground_rescue_10,100,1e-06,0.6010000000000001,0.601,0.2856633830070496,47,100.87168406392448,125.69330945797265,6.178166666666667,6.178166666666667,0.0
1,scratch,full,1,0.0001,0.30100000000000005,0.301,1.8871663134892782,47,94.57641157810576,110.6196918208152,0.0,0.0,0.0
1,scratch,full,2,0.0002,0.29900000000000004,0.299,1.7944708404541017,47,97.71473414381035,113.918713666033,0.0,0.0,0.0
1,scratch,full,3,0.00030000000000000003,0.331,0.331,1.7513371413548788,47,95.15426202514209,111.3227014830336,0.0,0.0,0.0
1,scratch,full,4,0.0004,0.348,0.348,1.7216537748972576,47,94.33530202810653,110.24046477908269,0.0,0.0,0.0
1,scratch,full,5,0.0005,0.377,0.377,1.657671066602071,47,94.12704827892594,110.20367229613476,0.0,0.0,0.0
1,scratch,full,6,0.0005,0.404,0.404,1.6111353085835776,47,94.1483704149723,110.24005074892193,0.0,0.0,0.0
1,scratch,full,7,0.0004998606701506985,0.39899999999999997,0.399,1.5462113943099975,47,93.86598183703609,109.99767333385535,0.0,0.0,0.0
1,scratch,full,8,0.0004994428362164767,0.44800000000000006,0.448,1.4834354248046875,47,94.40627887193114,110.97738383198157,0.0,0.0,0.0
1,scratch,full,9,0.0004987469648645818,0.445,0.445,1.4232381006876627,47,94.26527782296762,110.4064549379982,0.0,0.0,0.0
1,scratch,full,10,0.0004977738332946176,0.49399999999999994,0.494,1.3549730132420859,47,94.44096714397892,118.00389345199801,0.0,0.0,0.0
1,scratch,full,11,0.0004965245283705121,0.546,0.546,1.2773346077601115,47,94.21206097700633,110.2372342091985,0.0,0.0,0.0
1,scratch,full,12,0.0004950004454066284,0.46900000000000003,0.469,1.255475108464559,47,94.2872693380341,110.54313325695693,0.0,0.0,0.0
1,scratch,full,13,0.0004932032866093767,0.514,0.514,1.2202423191070557,47,94.2482418550644,110.41165825515054,0.0,0.0,0.0
1,scratch,full,14,0.000491135059176067,0.5610000000000002,0.561,1.1804957017898559,47,94.41127534792759,110.83382388507016,0.0,0.0,0.0
1,scratch,full,15,0.0004887980730531247,0.521,0.521,1.1358806597391764,47,95.07129629491828,111.11520201503299,0.0,0.0,0.0
1,scratch,full,16,0.00048619493835617576,0.5549999999999999,0.555,1.1182001234690349,47,94.36123491404578,110.86509027704597,0.0,0.0,0.0
1,scratch,full,17,0.00048332856245487986,0.564,0.564,1.0979929761886598,47,93.63563243695535,109.80548456590623,0.0,0.0,0.0
1,scratch,full,18,0.000480202146725769,0.557,0.557,1.0570429072380065,47,94.193465617951,110.25319080706686,0.0,0.0,0.0
1,scratch,full,19,0.00047681918297671805,0.5730000000000001,0.573,1.0357157669067383,47,94.28982024407014,110.3704921391327,0.0,0.0,0.0
1,scratch,full,20,0.0004731834495470404,0.5549999999999999,0.555,1.0012788696289063,47,93.66455779015087,109.69867215189151,0.0,0.0,0.0
1,scratch,full,21,0.00046929900708756454,0.576,0.576,0.9799800259272258,47,95.45145954797044,111.54929501400329,0.0,0.0,0.0
1,scratch,full,22,0.0004651701940254048,0.5579999999999999,0.558,0.9631337199211121,47,93.3719064060133,109.41799683007412,0.0,0.0,0.0
1,scratch,full,23,0.00046080162171849087,0.5770000000000001,0.577,0.9245380401611328,47,93.82330708904192,109.9588442039676,0.0,0.0,0.0
1,scratch,full,24,0.0004561981693052692,0.5740000000000001,0.574,0.9156406790415446,47,94.30773773812689,110.59387003094889,0.0,0.0,0.0
1,scratch,full,25,0.00045136497825532695,0.5609999999999999,0.561,0.877200974782308,47,94.42570961918682,118.76967118377797,0.0,0.0,0.0
1,scratch,full,26,0.00044630744662702595,0.546,0.546,0.8505690067609151,47,93.37215927103534,109.4625228899531,0.0,0.0,0.0
1,scratch,full,27,0.0004410312230385594,0.5609999999999999,0.561,0.8378480577468872,47,95.047302627936,111.17805895302445,0.0,0.0,0.0
1,scratch,full,28,0.0004355422003591655,0.5690000000000002,0.569,0.8153879367510478,47,94.3480739640072,110.37691972195171,0.0,0.0,0.0
1,scratch,full,29,0.0004298465091275434,0.548,0.548,0.7872960379918417,47,93.34599403198808,109.5473872111179,0.0,0.0,0.0
1,scratch,full,30,0.0004239505107048233,0.563,0.563,0.7703916190465291,47,94.2231593800243,110.18536348291673,0.0,0.0,0.0
1,scratch,full,31,0.00041786079016973627,0.555,0.555,0.7395559754371643,47,94.11900856602006,110.22938952897675,0.0,0.0,0.0
1,scratch,full,32,0.00041158414896392116,0.573,0.573,0.7226439916292826,47,94.27556702494621,110.41157826595008,0.0,0.0,0.0
1,scratch,full,33,0.00040512759729558113,0.5549999999999999,0.555,0.6802490170796712,47,93.66670405701734,109.9348180720117,0.0,0.0,0.0
1,scratch,full,34,0.00039849834630997414,0.5690000000000001,0.569,0.6736131842931111,47,94.28175475518219,110.82892704196274,0.0,0.0,0.0
1,scratch,full,35,0.0003917038000354835,0.579,0.579,0.6406193699836731,47,94.08044628216885,110.1712351499591,0.0,0.0,0.0
1,scratch,full,36,0.0003847515471142615,0.5609999999999999,0.561,0.6336276208559672,47,95.29640617687255,111.58274494390935,0.0,0.0,0.0
1,scratch,full,37,0.00037764935232668343,0.5640000000000001,0.564,0.6003645185629527,47,94.48717777384445,110.55367980804294,0.0,0.0,0.0
1,scratch,full,38,0.0003704051479190776,0.59,0.59,0.5834559784730275,47,93.60991193796508,109.9579261278268,0.0,0.0,0.0
1,scratch,full,39,0.00036302702474441743,0.571,0.571,0.5699146347045898,47,94.08590796496719,110.10136479209177,0.0,0.0,0.0
1,scratch,full,40,0.0003555232232258696,0.539,0.539,0.5512338781356811,47,93.69365185615607,109.75379170989618,0.0,0.0,0.0
1,scratch,full,41,0.00034790212415329195,0.564,0.564,0.5287291746139526,47,94.4254803720396,110.30887715215795,0.0,0.0,0.0
1,scratch,full,42,0.0003401722393229594,0.594,0.594,0.5046124873161316,47,94.12676456593908,110.22206493397243,0.0,0.0,0.0
1,scratch,full,43,0.0003323422020309725,0.562,0.562,0.4981477967898051,47,94.23137045092881,110.37501961411908,0.0,0.0,0.0
1,scratch,full,44,0.0003244207574309657,0.5399999999999999,0.54,0.4771015830039978,47,94.28006922989152,110.34563454403542,0.0,0.0,0.0
1,scratch,full,45,0.0003164167527668859,0.5680000000000001,0.568,0.4656940353711446,47,94.27692775102332,110.49484564806335,0.0,0.0,0.0
1,scratch,full,46,0.0003083391274917483,0.5630000000000001,0.563,0.4626751918792725,47,94.89110997715034,111.45546465110965,0.0,0.0,0.0
1,scratch,full,47,0.0003001969032834071,0.5630000000000001,0.563,0.4472253419558207,47,94.2785577417817,110.23864406696521,0.0,0.0,0.0
1,scratch,full,48,0.00029199917396849096,0.575,0.575,0.42224582091967267,47,94.05782961612567,110.17938468093053,0.0,0.0,0.0
1,scratch,full,49,0.0002837550953657579,0.58,0.58,0.4180189790725708,47,94.43084577098489,110.54098942899145,0.0,0.0,0.0
1,scratch,full,50,0.0002754738750602126,0.5720000000000001,0.572,0.4018379592895508,47,94.06608576793224,118.88623804505914,0.0,0.0,0.0
1,scratch,full,51,0.00026716476211940786,0.5700000000000001,0.57,0.3871711993217468,47,94.26159199606627,110.40179939800873,0.0,0.0,0.0
1,scratch,full,52,0.00025883703676341484,0.5640000000000001,0.564,0.3823993911743164,47,95.27461634599604,111.38248021691106,0.0,0.0,0.0
1,scratch,full,53,0.0002505,0.56,0.56,0.3692783978780111,47,93.95853761490434,110.07449361891486,0.0,0.0,0.0
1,scratch,full,54,0.00024216296323658525,0.576,0.576,0.36297361183166504,47,93.92103972588666,109.9850385938771,0.0,0.0,0.0
1,scratch,full,55,0.00023383523788059215,0.5539999999999999,0.554,0.35493746304512025,47,94.51150199910626,110.48536983411759,0.0,0.0,0.0
1,scratch,full,56,0.00022552612493978745,0.573,0.573,0.35250502268473305,47,93.22904296498746,109.09072500909679,0.0,0.0,0.0
1,scratch,full,57,0.00021724490463424225,0.563,0.563,0.34850826128323875,47,93.69414627901278,109.8646887911018,0.0,0.0,0.0
1,scratch,full,58,0.00020900082603150905,0.562,0.562,0.33879716928799947,47,93.76836653100327,109.98395912302658,0.0,0.0,0.0
1,scratch,full,59,0.00020080309671659293,0.5679999999999998,0.568,0.3290839811960856,47,93.83087661187164,110.24361507804133,0.0,0.0,0.0
1,scratch,full,60,0.00019266087250825167,0.5870000000000001,0.587,0.32733230662345886,47,93.81231410009786,109.71778621594422,0.0,0.0,0.0
1,scratch,full,61,0.00018458324723311413,0.594,0.594,0.31488425135612486,47,94.18142177187838,110.27346989000216,0.0,0.0,0.0
1,scratch,full,62,0.00017657924256903434,0.591,0.591,0.3162825235525767,47,94.87912728101946,110.89329967088997,0.0,0.0,0.0
1,scratch,full,63,0.00016865779796902748,0.576,0.576,0.30648949495951333,47,94.00124938809313,110.1070766011253,0.0,0.0,0.0
1,scratch,full,64,0.00016082776067704059,0.585,0.585,0.30956253719329835,47,93.90298590180464,109.7871148600243,0.0,0.0,0.0
1,scratch,full,65,0.00015309787584670805,0.586,0.586,0.30568814659118654,47,93.649981103139,109.71717572095804,0.0,0.0,0.0
1,scratch,full,66,0.00014547677677413047,0.593,0.593,0.2945614835421244,47,94.49486239207909,110.56862182007171,0.0,0.0,0.0
1,scratch,full,67,0.00013797297525558255,0.587,0.587,0.2921834740638733,47,93.64107432588935,109.80890470300801,0.0,0.0,0.0
1,scratch,full,68,0.00013059485208092238,0.5940000000000001,0.594,0.2923142764568329,47,94.37137644202448,110.41104578482918,0.0,0.0,0.0
1,scratch,full,69,0.00012335064767331658,0.5830000000000001,0.583,0.2925739915370941,47,93.85121161490679,109.94677026709542,0.0,0.0,0.0
1,scratch,full,70,0.00011624845288573853,0.592,0.592,0.2809892649650574,47,94.85961438994855,111.2064976959955,0.0,0.0,0.0
1,scratch,full,71,0.00010929619996451647,0.588,0.588,0.2825090854962667,47,93.08690447499976,109.13490138109773,0.0,0.0,0.0
1,scratch,full,72,0.00010250165369002587,0.5900000000000001,0.59,0.2759638249874115,47,93.74737119814381,109.95369141292758,0.0,0.0,0.0
1,scratch,full,73,9.587240270441893e-05,0.584,0.584,0.2751083698272705,47,94.55190329998732,110.77835005614907,0.0,0.0,0.0
1,scratch,full,74,8.941585103607879e-05,0.5780000000000001,0.578,0.2764881597359975,47,94.8304857800249,111.04219033289701,0.0,0.0,0.0
1,scratch,full,75,8.313920983026379e-05,0.579,0.579,0.2706676353613536,47,95.31577977188863,118.94483482209034,0.0,0.0,0.0
1,scratch,full,76,7.704948929517675e-05,0.5970000000000001,0.597,0.2679791411558787,47,94.74171448592097,111.6988002799917,0.0,0.0,0.0
1,scratch,full,77,7.115349087245667e-05,0.584,0.584,0.2678578689098358,47,94.44000083603896,110.64034330099821,0.0,0.0,0.0
1,scratch,full,78,6.545779964083458e-05,0.5960000000000001,0.596,0.2660087478160858,46,93.71578031103127,109.74156513484195,0.0,0.0,0.0
1,scratch,full,79,5.996877696144067e-05,0.575,0.575,0.2640285395781199,47,93.94896438391879,110.118143430911,0.0,0.0,0.0
1,scratch,full,80,5.4692553372974075e-05,0.585,0.585,0.26526225384076435,47,94.15287703787908,110.03690364793874,0.0,0.0,0.0
1,scratch,full,81,4.963502174467306e-05,0.587,0.587,0.26368192505836485,47,94.87887944397517,110.89080172101967,0.0,0.0,0.0
1,scratch,full,82,4.480183069473086e-05,0.596,0.596,0.26427630058924356,47,93.46567122102715,109.50719291390851,0.0,0.0,0.0
1,scratch,full,83,4.019837828150914e-05,0.594,0.594,0.26310058530171715,47,94.16247535706498,110.0755595669616,0.0,0.0,0.0
1,scratch,full,84,3.5829805974595276e-05,0.6050000000000001,0.605,0.26185813490549725,47,94.23608312779106,110.55888936808333,0.0,0.0,0.0
1,scratch,full,85,3.1700992912435456e-05,0.593,0.593,0.2606718339125315,47,93.69096018397249,109.58506684494205,0.0,0.0,0.0
1,scratch,full,86,2.781655045295966e-05,0.5929999999999999,0.593,0.2625290787220001,47,93.48625255003572,109.52997042099014,0.0,0.0,0.0
1,scratch,full,87,2.4180817023281995e-05,0.587,0.587,0.263176505168279,47,95.3698886660859,111.44203751487657,0.0,0.0,0.0
1,scratch,full,88,2.0797853274230994e-05,0.5850000000000001,0.585,0.26251265184084577,47,94.13983012107201,110.23560721287504,0.0,0.0,0.0
1,scratch,full,89,1.7671437545120165e-05,0.5880000000000001,0.588,0.2618900239467621,47,94.86549988086335,111.08074603811838,0.0,0.0,0.0
1,scratch,full,90,1.480506164382429e-05,0.5900000000000001,0.59,0.2616831226348877,47,94.21336642792448,110.32358471001498,0.0,0.0,0.0
1,scratch,full,91,1.220192694687535e-05,0.591,0.591,0.2612727139790853,47,94.44767891103402,110.76382820098661,0.0,0.0,0.0
1,scratch,full,92,9.864940823933073e-06,0.589,0.589,0.2591894881725311,47,94.58356593805365,110.94049272593111,0.0,0.0,0.0
1,scratch,full,93,7.796713390623254e-06,0.5970000000000001,0.597,0.2590986440976461,47,94.69905986497179,110.49567518290132,0.0,0.0,0.0
1,scratch,full,94,5.999554593371605e-06,0.5930000000000001,0.593,0.2620352834065755,47,95.12781586800702,111.10900176991709,0.0,0.0,0.0
1,scratch,full,95,4.475471629487872e-06,0.5890000000000001,0.589,0.2624539862473806,47,94.06925847497769,110.04177956306376,0.0,0.0,0.0
1,scratch,full,96,3.2261667053823824e-06,0.5890000000000001,0.589,0.2610194413661957,47,93.3053855909966,109.95644667488523,0.0,0.0,0.0
1,scratch,full,97,2.253035135418218e-06,0.5880000000000001,0.588,0.25960594693819683,47,93.6866325000301,109.62096622493118,0.0,0.0,0.0
1,scratch,full,98,1.5571637835232856e-06,0.5880000000000001,0.588,0.26024268213907875,47,94.71683690696955,110.82328920904547,0.0,0.0,0.0
1,scratch,full,99,1.1393298493014743e-06,0.5890000000000001,0.589,0.2605949393113454,47,93.67120821704157,109.56686405208893,0.0,0.0,0.0
1,scratch,full,100,1e-06,0.589,0.589,0.2617906526724498,47,95.16279709502123,120.06628569797613,0.0,0.0,0.0
1,scratch,low_score_rescue_10,1,0.0001,0.297,0.297,1.8422785097757974,47,98.88536089309491,115.23661335115321,10.0,1.6643333333333334,1.5943333333333334
1,scratch,low_score_rescue_10,2,0.0002,0.30400000000000005,0.304,1.7441690263748169,47,103.46095546591096,120.8235685180407,10.0,1.6476666666666666,1.8023333333333333
1,scratch,low_score_rescue_10,3,0.00030000000000000003,0.325,0.325,1.7073200721740722,47,98.50246388907544,114.92973267310299,10.0,1.6526666666666667,1.719
1,scratch,low_score_rescue_10,4,0.0004,0.356,0.356,1.6648940757115682,47,98.55686313193291,115.20028736791573,10.0,1.4906666666666666,1.6085
1,scratch,low_score_rescue_10,5,0.0005,0.374,0.374,1.6190366401672363,47,98.48834229889326,115.08712598215789,10.0,1.4068333333333334,1.5483333333333333
1,scratch,low_score_rescue_10,6,0.0005,0.398,0.398,1.5681929321289063,47,99.30062825093046,115.99287814390846,10.0,1.449,1.4585
1,scratch,low_score_rescue_10,7,0.0004998606701506985,0.40199999999999997,0.402,1.5148838453292848,47,98.9669287300203,115.16941199381836,10.0,1.5161666666666667,1.4873333333333334
1,scratch,low_score_rescue_10,8,0.0004994428362164767,0.48200000000000004,0.482,1.451076868057251,47,99.32165255513974,115.89369723782875,10.0,1.5071666666666668,1.516
1,scratch,low_score_rescue_10,9,0.0004987469648645818,0.47800000000000004,0.478,1.392546732266744,47,99.2261736721266,115.70178909599781,10.0,1.5281666666666667,1.476
1,scratch,low_score_rescue_10,10,0.0004977738332946176,0.47700000000000004,0.477,1.3099016853968302,47,97.99761254806072,123.22941152891144,10.0,1.4505,1.5385
1,scratch,low_score_rescue_10,11,0.0004965245283705121,0.4920000000000001,0.492,1.2776075086593628,47,99.73285050108097,116.69805921684019,10.0,1.4331666666666667,1.5406666666666666
1,scratch,low_score_rescue_10,12,0.0004950004454066284,0.5149999999999999,0.515,1.23982905515035,47,97.9302173149772,114.41778148896992,10.0,1.3781666666666668,1.573
1,scratch,low_score_rescue_10,13,0.0004932032866093767,0.5469999999999999,0.547,1.1915757144292196,47,99.38945365510881,115.73504256899469,10.0,1.414,1.5706666666666667
1,scratch,low_score_rescue_10,14,0.000491135059176067,0.5589999999999999,0.559,1.1759065011342367,47,98.42663673684001,114.66787423891947,10.0,1.4185,1.6125
1,scratch,low_score_rescue_10,15,0.0004887980730531247,0.556,0.556,1.111007435162862,47,97.98610668000765,114.22120902291499,10.0,1.372,1.592
1,scratch,low_score_rescue_10,16,0.00048619493835617576,0.5489999999999999,0.549,1.088958088874817,47,98.0878661191091,114.33842250215821,10.0,1.417,1.6118333333333332
1,scratch,low_score_rescue_10,17,0.00048332856245487986,0.5589999999999999,0.559,1.0645430943171184,47,98.42003837693483,114.83503906498663,10.0,1.4515,1.5783333333333334
1,scratch,low_score_rescue_10,18,0.000480202146725769,0.5740000000000001,0.574,1.0365849749247233,47,97.83542409283109,114.30008047982119,10.0,1.513,1.5656666666666668
1,scratch,low_score_rescue_10,19,0.00047681918297671805,0.572,0.572,1.0108049688339233,47,98.32749006315134,114.90174968494102,10.0,1.5278333333333334,1.5551666666666666
1,scratch,low_score_rescue_10,20,0.0004731834495470404,0.563,0.563,0.9780571902592977,47,98.10134852793999,114.43204031116329,10.0,1.4943333333333333,1.5728333333333333
1,scratch,low_score_rescue_10,21,0.00046929900708756454,0.5660000000000001,0.566,0.9551329606374105,47,99.11260054586455,115.72147888015024,10.0,1.4478333333333333,1.6005
1,scratch,low_score_rescue_10,22,0.0004651701940254048,0.562,0.562,0.9494978558222453,47,99.39430511603132,115.93804469401948,10.0,1.4195,1.5851666666666666
1,scratch,low_score_rescue_10,23,0.00046080162171849087,0.579,0.579,0.9104256000518799,47,98.52467815415002,114.96947722299956,10.0,1.4078333333333333,1.6018333333333334
1,scratch,low_score_rescue_10,24,0.0004561981693052692,0.564,0.564,0.8997918542226155,47,99.48825938999653,115.73375566513278,10.0,1.4598333333333333,1.5841666666666667
1,scratch,low_score_rescue_10,25,0.00045136497825532695,0.5730000000000001,0.573,0.8700108607610066,47,97.39008451113477,123.33735214313492,10.0,1.4068333333333334,1.6358333333333333
1,scratch,low_score_rescue_10,26,0.00044630744662702595,0.5529999999999999,0.553,0.8483403304417928,47,99.0680908090435,115.56337756989524,10.0,1.386,1.5713333333333332
1,scratch,low_score_rescue_10,27,0.0004410312230385594,0.569,0.569,0.8332828288078308,47,97.61813128204085,114.03674370492809,10.0,1.4215,1.5745
1,scratch,low_score_rescue_10,28,0.0004355422003591655,0.5870000000000001,0.587,0.818037579536438,47,98.09277904196642,114.65228308108635,10.0,1.4501666666666666,1.5993333333333333
1,scratch,low_score_rescue_10,29,0.0004298465091275434,0.58,0.58,0.7797750132878621,47,98.18462532595731,114.35182542912662,10.0,1.4588333333333334,1.588
1,scratch,low_score_rescue_10,30,0.0004239505107048233,0.561,0.561,0.7574761635462443,47,98.45452283602208,114.8099210311193,10.0,1.4375,1.6085
1,scratch,low_score_rescue_10,31,0.00041786079016973627,0.5810000000000001,0.581,0.7332908557256063,47,98.70433129509911,114.76749628596008,10.0,1.405,1.6066666666666667
1,scratch,low_score_rescue_10,32,0.00041158414896392116,0.599,0.599,0.7067562286059061,47,98.54458003491163,114.69859006791376,10.0,1.4286666666666668,1.6061666666666667
1,scratch,low_score_rescue_10,33,0.00040512759729558113,0.591,0.591,0.7022380983034769,47,98.47194112511352,114.99686543410644,10.0,1.4238333333333333,1.6175
1,scratch,low_score_rescue_10,34,0.00039849834630997414,0.585,0.585,0.6747542160352071,47,97.72663214197382,113.87772740214132,10.0,1.4516666666666667,1.614
1,scratch,low_score_rescue_10,35,0.0003917038000354835,0.591,0.591,0.6550357677141825,47,98.44429031596519,115.01273162500001,10.0,1.4215,1.6035
1,scratch,low_score_rescue_10,36,0.0003847515471142615,0.5940000000000001,0.594,0.6379848096370697,47,97.46394959790632,113.6429802030325,10.0,1.4293333333333333,1.5966666666666667
1,scratch,low_score_rescue_10,37,0.00037764935232668343,0.587,0.587,0.6159361360867818,47,98.76828727405518,115.42755364486948,10.0,1.4346666666666668,1.6051666666666666
1,scratch,low_score_rescue_10,38,0.0003704051479190776,0.576,0.576,0.6000867683887482,47,98.38484284607694,114.75678516598418,10.0,1.4691666666666667,1.5941666666666667
1,scratch,low_score_rescue_10,39,0.00036302702474441743,0.5770000000000001,0.577,0.5777934097448985,47,98.1492260710802,114.71908050985076,10.0,1.4398333333333333,1.6096666666666666
1,scratch,low_score_rescue_10,40,0.0003555232232258696,0.579,0.579,0.5490072139104207,47,98.46391985798255,114.71569669712335,10.0,1.4275,1.6293333333333333
1,scratch,low_score_rescue_10,41,0.00034790212415329195,0.5850000000000001,0.585,0.549002170085907,47,98.40874743810855,114.83132264297456,10.0,1.4443333333333332,1.5995
1,scratch,low_score_rescue_10,42,0.0003401722393229594,0.591,0.591,0.5237769748369853,47,98.2424709640909,114.59993370203301,10.0,1.4576666666666667,1.6071666666666666
1,scratch,low_score_rescue_10,43,0.0003323422020309725,0.5809999999999998,0.581,0.516837976137797,47,98.95739667210728,115.88838124019094,10.0,1.4985,1.5946666666666667
1,scratch,low_score_rescue_10,44,0.0003244207574309657,0.577,0.577,0.5052826903661092,47,99.22237767488696,115.4883842531126,10.0,1.4713333333333334,1.5798333333333334
1,scratch,low_score_rescue_10,45,0.0003164167527668859,0.589,0.589,0.48675828353563944,47,99.43617141386494,115.80100062699057,10.0,1.448,1.6103333333333334
1,scratch,low_score_rescue_10,46,0.0003083391274917483,0.5740000000000001,0.574,0.4881903738975525,47,97.52414118382148,113.92628191411495,10.0,1.4526666666666668,1.5848333333333333
1,scratch,low_score_rescue_10,47,0.0003001969032834071,0.595,0.595,0.4621135249932607,47,98.48660040297545,114.92888647411019,10.0,1.478,1.5755
1,scratch,low_score_rescue_10,48,0.00029199917396849096,0.591,0.591,0.45693798224131266,47,98.06693205307238,114.69225807697512,10.0,1.4516666666666667,1.5776666666666668
1,scratch,low_score_rescue_10,49,0.0002837550953657579,0.592,0.592,0.44301619625091554,47,98.67521696607582,114.91516008693725,10.0,1.4421666666666666,1.5816666666666668
1,scratch,low_score_rescue_10,50,0.0002754738750602126,0.6020000000000001,0.602,0.4360784691174825,47,97.74026543693617,121.98090662411414,10.0,1.4576666666666667,1.5836666666666666
1,scratch,low_score_rescue_10,51,0.00026716476211940786,0.5810000000000001,0.581,0.4232806315422058,47,98.6728162271902,115.3177790150512,10.0,1.427,1.5658333333333334
1,scratch,low_score_rescue_10,52,0.00025883703676341484,0.589,0.589,0.42541281032562256,47,98.40075698099099,114.91835651197471,10.0,1.3905,1.5958333333333334
1,scratch,low_score_rescue_10,53,0.0002505,0.5890000000000001,0.589,0.41402086639404295,47,98.44210152397864,114.80545239686035,10.0,1.3863333333333334,1.5708333333333333
1,scratch,low_score_rescue_10,54,0.00024216296323658525,0.6050000000000001,0.605,0.3916397286256154,47,98.58741767308675,114.95639884006232,10.0,1.423,1.5745
1,scratch,low_score_rescue_10,55,0.00023383523788059215,0.585,0.585,0.39808318130175274,47,98.23964431183413,114.91201291186735,10.0,1.4585,1.6018333333333334
1,scratch,low_score_rescue_10,56,0.00022552612493978745,0.58,0.58,0.3829296001593272,47,97.96690907003358,114.45896217413247,10.0,1.4156666666666666,1.5953333333333333
1,scratch,low_score_rescue_10,57,0.00021724490463424225,0.596,0.596,0.3768398306369781,47,99.08600521995686,115.53935415390879,10.0,1.4565,1.5998333333333334
1,scratch,low_score_rescue_10,58,0.00020900082603150905,0.595,0.595,0.37988665167490643,47,99.28935823799111,116.08807018399239,10.0,1.4325,1.5746666666666667
1,scratch,low_score_rescue_10,59,0.00020080309671659293,0.594,0.594,0.3528923095862071,47,98.62884731008671,114.77496607718058,10.0,1.3995,1.5863333333333334
1,scratch,low_score_rescue_10,60,0.00019266087250825167,0.6,0.6,0.3590564948717753,47,97.39508913620375,114.03246461204253,10.0,1.4443333333333332,1.558
1,scratch,low_score_rescue_10,61,0.00018458324723311413,0.5960000000000001,0.596,0.3471293886502584,47,97.86704201507382,114.1277363228146,10.0,1.4378333333333333,1.5586666666666666
1,scratch,low_score_rescue_10,62,0.00017657924256903434,0.604,0.604,0.34502008032798764,47,98.21585679380223,114.59538452979177,10.0,1.4353333333333333,1.5861666666666667
1,scratch,low_score_rescue_10,63,0.00016865779796902748,0.595,0.595,0.3441333154042562,47,98.04425404896028,114.19811117299832,10.0,1.3871666666666667,1.5511666666666666
1,scratch,low_score_rescue_10,64,0.00016082776067704059,0.605,0.605,0.3368165066242218,47,98.15653435396962,114.35984090389684,10.0,1.4158333333333333,1.551
1,scratch,low_score_rescue_10,65,0.00015309787584670805,0.593,0.593,0.334834571202596,47,97.95228296378627,114.363784737885,10.0,1.4306666666666668,1.5971666666666666
1,scratch,low_score_rescue_10,66,0.00014547677677413047,0.587,0.587,0.330975936015447,47,98.62310665403493,114.97134076105431,10.0,1.4325,1.5873333333333333
1,scratch,low_score_rescue_10,67,0.00013797297525558255,0.593,0.593,0.32680416576067606,47,99.3640986008104,115.73530657892115,10.0,1.4113333333333333,1.5815
1,scratch,low_score_rescue_10,68,0.00013059485208092238,0.596,0.596,0.32236348176002505,47,98.36870655883104,115.21489193593152,10.0,1.4023333333333334,1.564
1,scratch,low_score_rescue_10,69,0.00012335064767331658,0.604,0.604,0.32235280036926267,47,97.77315758704208,114.13592327898368,10.0,1.4305,1.528
1,scratch,low_score_rescue_10,70,0.00011624845288573853,0.595,0.595,0.3152125106652578,47,99.65722699114121,116.01980154402554,10.0,1.436,1.5666666666666667
1,scratch,low_score_rescue_10,71,0.00010929619996451647,0.6020000000000001,0.602,0.31448630746205647,47,99.04794409987517,115.62888529081829,10.0,1.4246666666666667,1.5521666666666667
1,scratch,low_score_rescue_10,72,0.00010250165369002587,0.591,0.591,0.31272408723831174,47,98.67140547488816,115.25584162701853,10.0,1.4371666666666667,1.541
1,scratch,low_score_rescue_10,73,9.587240270441893e-05,0.5930000000000001,0.593,0.30755983511606855,47,98.11126401904039,114.59557017521001,10.0,1.4241666666666666,1.5461666666666667
1,scratch,low_score_rescue_10,74,8.941585103607879e-05,0.603,0.603,0.3065983541806539,47,99.22867669397965,116.10984727484174,10.0,1.4458333333333333,1.5411666666666666
1,scratch,low_score_rescue_10,75,8.313920983026379e-05,0.6020000000000001,0.602,0.2976907540957133,47,99.05123047693633,123.92011345899664,10.0,1.4461666666666666,1.5535
1,scratch,low_score_rescue_10,76,7.704948929517675e-05,0.6039999999999999,0.604,0.30015306107203166,47,100.5049833660014,116.88863064814359,10.0,1.4073333333333333,1.5373333333333334
1,scratch,low_score_rescue_10,77,7.115349087245667e-05,0.608,0.608,0.3015878587563833,47,99.44957678881474,115.84649767889641,10.0,1.401,1.5551666666666666
1,scratch,low_score_rescue_10,78,6.545779964083458e-05,0.6049999999999999,0.605,0.2957235089937846,46,98.19789340114221,114.76622523297556,10.0,1.4148333333333334,1.5288333333333333
1,scratch,low_score_rescue_10,79,5.996877696144067e-05,0.607,0.607,0.2989018610318502,47,98.25833696709014,114.99738494097255,10.0,1.4225,1.5666666666666667
1,scratch,low_score_rescue_10,80,5.4692553372974075e-05,0.607,0.607,0.29184429470698037,47,99.03836513590068,116.01284800702706,10.0,1.4391666666666667,1.5508333333333333
1,scratch,low_score_rescue_10,81,4.963502174467306e-05,0.614,0.614,0.2920375225543976,47,99.3811331121251,116.0180661699269,10.0,1.4146666666666667,1.5453333333333332
1,scratch,low_score_rescue_10,82,4.480183069473086e-05,0.611,0.611,0.2927386434872945,47,98.05995226697996,114.78354706591927,10.0,1.4285,1.552
1,scratch,low_score_rescue_10,83,4.019837828150914e-05,0.5970000000000001,0.597,0.29596804547309874,47,98.49154575308785,114.97929318598472,10.0,1.429,1.537
1,scratch,low_score_rescue_10,84,3.5829805974595276e-05,0.6080000000000001,0.608,0.2927475217183431,47,98.41754688811488,114.95265721506439,10.0,1.4085,1.5051666666666668
1,scratch,low_score_rescue_10,85,3.1700992912435456e-05,0.6,0.6,0.2940082816282908,47,98.37202931707725,115.18269435502589,10.0,1.4048333333333334,1.5368333333333333
1,scratch,low_score_rescue_10,86,2.781655045295966e-05,0.602,0.602,0.29686852486928306,47,101.96500764600933,118.41013228194788,10.0,1.4088333333333334,1.5348333333333333
1,scratch,low_score_rescue_10,87,2.4180817023281995e-05,0.6120000000000001,0.612,0.2905203890800476,47,99.36815065401606,116.07720265397802,10.0,1.4103333333333334,1.5421666666666667
1,scratch,low_score_rescue_10,88,2.0797853274230994e-05,0.606,0.606,0.29178574109077454,47,99.70464779390022,116.33260889002122,10.0,1.392,1.5406666666666666
1,scratch,low_score_rescue_10,89,1.7671437545120165e-05,0.622,0.622,0.290373339732488,47,99.23184404987842,115.68729830998927,10.0,1.4233333333333333,1.5691666666666666
1,scratch,low_score_rescue_10,90,1.480506164382429e-05,0.609,0.609,0.2896416493256887,47,98.92749519716017,115.5921534509398,10.0,1.4096666666666666,1.5555
1,scratch,low_score_rescue_10,91,1.220192694687535e-05,0.6130000000000001,0.613,0.286161815961202,47,101.43005638779141,117.64813140197657,10.0,1.4235,1.5543333333333333
1,scratch,low_score_rescue_10,92,9.864940823933073e-06,0.614,0.614,0.28576631863911944,47,98.22100520506501,114.57212536386214,10.0,1.4025,1.5605
1,scratch,low_score_rescue_10,93,7.796713390623254e-06,0.6110000000000001,0.611,0.2883105835119883,47,99.48069907189347,116.04988201195374,10.0,1.4218333333333333,1.5261666666666667
1,scratch,low_score_rescue_10,94,5.999554593371605e-06,0.607,0.607,0.2906076904932658,47,99.06555815110914,115.41847618692555,10.0,1.4363333333333332,1.5413333333333334
1,scratch,low_score_rescue_10,95,4.475471629487872e-06,0.611,0.611,0.2867606674830119,47,98.54748266702518,114.85999171598814,10.0,1.3941666666666668,1.5421666666666667
1,scratch,low_score_rescue_10,96,3.2261667053823824e-06,0.612,0.612,0.2872946872711182,47,99.53999513201416,115.8730043109972,10.0,1.4243333333333332,1.561
1,scratch,low_score_rescue_10,97,2.253035135418218e-06,0.609,0.609,0.2847269058227539,47,97.89547461480834,114.07493371795863,10.0,1.4021666666666666,1.5546666666666666
1,scratch,low_score_rescue_10,98,1.5571637835232856e-06,0.608,0.608,0.2875526663462321,47,98.93658008496277,115.6094481300097,10.0,1.4081666666666666,1.5623333333333334
1,scratch,low_score_rescue_10,99,1.1393298493014743e-06,0.61,0.61,0.2859038832982381,47,98.73566969996318,115.20172427408397,10.0,1.4105,1.5583333333333333
1,scratch,low_score_rescue_10,100,1e-06,0.608,0.608,0.2864227993488312,47,99.02346072113141,125.22660148702562,10.0,1.4373333333333334,1.5575
1,scratch,random,1,0.0001,0.294,0.294,1.8530420691172282,47,94.32148519787006,110.33042653789744,0.0,8.103,9.356166666666667
1,scratch,random,2,0.0002,0.303,0.303,1.7621531009674072,47,97.62248439714313,113.7630391549319,0.0,8.057166666666667,9.454333333333333
1,scratch,random,3,0.00030000000000000003,0.333,0.333,1.7264650065104166,47,93.27055098605342,109.51519853505306,0.0,8.410166666666667,9.073333333333334
1,scratch,random,4,0.0004,0.357,0.357,1.6781294174194337,47,93.65833665803075,110.40435537882149,0.0,8.511666666666667,8.9265
1,scratch,random,5,0.0005,0.371,0.371,1.6145001866022746,47,93.31304953596555,109.99157580500469,0.0,8.507166666666667,8.967333333333332
1,scratch,random,6,0.0005,0.404,0.404,1.5696171150207519,47,93.24495027610101,109.40173025499098,0.0,8.301,9.092666666666666
1,scratch,random,7,0.0004998606701506985,0.45,0.45,1.503808074315389,47,93.78540581301786,110.31130010914057,0.0,8.638333333333334,8.8875
1,scratch,random,8,0.0004994428362164767,0.4549999999999999,0.455,1.4405022751490275,47,94.38045102893375,110.53659541695379,0.0,8.493166666666667,8.943
1,scratch,random,9,0.0004987469648645818,0.4539999999999999,0.454,1.376056760787964,47,94.29691954609007,110.77834786497988,0.0,8.473166666666666,8.9895
1,scratch,random,10,0.0004977738332946176,0.5000000000000001,0.5,1.3052942171096802,47,93.16519655799493,120.0338613530621,0.0,8.515833333333333,8.892833333333334
1,scratch,random,11,0.0004965245283705121,0.511,0.511,1.2771221984227499,47,92.83366153691895,109.08351084799506,0.0,8.485666666666667,8.912666666666667
1,scratch,random,12,0.0004950004454066284,0.5170000000000001,0.517,1.2185098002751669,47,93.53398708812892,109.71380381798372,0.0,8.6905,8.7785
1,scratch,random,13,0.0004932032866093767,0.526,0.526,1.1706572058995566,47,93.69416051101871,110.2519229601603,0.0,8.3315,9.085333333333333
1,scratch,random,14,0.000491135059176067,0.5399999999999999,0.54,1.1376496505737306,47,93.80131583614275,110.04081497411244,0.0,8.506833333333333,8.9505
1,scratch,random,15,0.0004887980730531247,0.567,0.567,1.1165609032313029,47,94.44246914004907,110.80898438906297,0.0,8.615333333333334,8.767
1,scratch,random,16,0.00048619493835617576,0.5609999999999999,0.561,1.0823980995814007,47,93.28322345297784,109.3435335510876,0.0,8.284166666666666,9.155333333333333
1,scratch,random,17,0.00048332856245487986,0.5519999999999999,0.552,1.0695366287231445,47,93.93170048505999,109.96313344594091,0.0,8.5495,8.911833333333334
1,scratch,random,18,0.000480202146725769,0.59,0.59,1.0227217310269674,47,94.34284325805493,110.50390828284435,0.0,8.233833333333333,9.1805
1,scratch,random,19,0.00047681918297671805,0.569,0.569,0.9983088588714599,47,93.80033030803315,110.71788676199503,0.0,8.142166666666666,9.265
1,scratch,random,20,0.0004731834495470404,0.5570000000000002,0.557,0.9734282751083374,47,93.3851659919601,109.75644101807848,0.0,8.085833333333333,9.419166666666667
1,scratch,random,21,0.00046929900708756454,0.556,0.556,0.9574353141784668,47,93.33563926210627,109.41140969190747,0.0,8.415666666666667,9.036833333333334
1,scratch,random,22,0.0004651701940254048,0.583,0.583,0.9261939430236816,47,93.05564808892086,109.03535016486421,0.0,8.657833333333333,8.740666666666666
1,scratch,random,23,0.00046080162171849087,0.574,0.574,0.900256294409434,47,92.85003277799115,109.09429028187878,0.0,8.502833333333333,8.946833333333334
1,scratch,random,24,0.0004561981693052692,0.578,0.578,0.88485760084788,47,92.07032694178633,108.15895103197545,0.0,8.235166666666666,9.158333333333333
1,scratch,random,25,0.00045136497825532695,0.567,0.567,0.8440968612035116,47,93.2807544937823,117.81203761696815,0.0,8.2025,9.214666666666666
1,scratch,random,26,0.00044630744662702595,0.598,0.598,0.845640817006429,47,92.76096432097256,108.90105638396926,0.0,8.2935,9.167
1,scratch,random,27,0.0004410312230385594,0.5770000000000001,0.577,0.8101195481618245,47,92.95290812593885,109.186584479874,0.0,8.400166666666667,9.018333333333333
1,scratch,random,28,0.0004355422003591655,0.5730000000000001,0.573,0.8141068288485209,47,93.85078556695953,110.08548845606856,0.0,8.536333333333333,8.916666666666666
1,scratch,random,29,0.0004298465091275434,0.612,0.612,0.7687024844487508,47,93.85068520414643,110.08148090192117,0.0,8.504333333333333,8.948666666666666
1,scratch,random,30,0.0004239505107048233,0.5730000000000001,0.573,0.7475489182472229,47,93.7924449951388,110.01784921390936,0.0,8.295166666666667,9.192166666666667
1,scratch,random,31,0.00041786079016973627,0.588,0.588,0.7140539261500041,47,94.07671183813363,110.12948156800121,0.0,8.3325,9.144166666666667
1,scratch,random,32,0.00041158414896392116,0.596,0.596,0.7107958755493164,47,93.62098507396877,109.80298405396752,0.0,8.2775,9.2015
1,scratch,random,33,0.00040512759729558113,0.5770000000000001,0.577,0.6778408195177714,47,93.71962232608348,109.66218007588759,0.0,8.22,9.234833333333333
1,scratch,random,34,0.00039849834630997414,0.576,0.576,0.6540576769510905,47,92.94214667496271,109.33179055992514,0.0,8.183333333333334,9.290166666666666
1,scratch,random,35,0.0003917038000354835,0.5800000000000001,0.58,0.6433939199447631,47,93.22192092705518,109.55748300580308,0.0,8.338166666666666,9.165166666666666
1,scratch,random,36,0.0003847515471142615,0.59,0.59,0.6221473174095153,47,93.7894482279662,109.98665414610878,0.0,8.231666666666667,9.257333333333333
1,scratch,random,37,0.00037764935232668343,0.574,0.574,0.5982746176719665,47,93.40513328486122,109.97738825716078,0.0,8.317,9.150833333333333
1,scratch,random,38,0.0003704051479190776,0.5959999999999999,0.596,0.5812712675730387,47,93.24928514705971,109.32986157317646,0.0,8.262666666666666,9.186
1,scratch,random,39,0.00036302702474441743,0.5690000000000001,0.569,0.5723907581965129,47,93.0421640498098,109.02922246209346,0.0,8.191166666666666,9.268666666666666
1,scratch,random,40,0.0003555232232258696,0.576,0.576,0.5428528838157654,47,93.03826068900526,109.17779077985324,0.0,8.287833333333333,9.224166666666667
1,scratch,random,41,0.00034790212415329195,0.581,0.581,0.539378744284312,47,93.43754519196227,109.81554224411957,0.0,8.236166666666668,9.225
1,scratch,random,42,0.0003401722393229594,0.5930000000000001,0.593,0.5132230834960938,47,93.62495819618925,110.01702148001641,0.0,8.074166666666667,9.382166666666667
1,scratch,random,43,0.0003323422020309725,0.5720000000000001,0.572,0.49699279657999673,47,92.57955044694245,108.66397415613756,0.0,8.110333333333333,9.314333333333334
1,scratch,random,44,0.0003244207574309657,0.585,0.585,0.49203689511617027,47,93.78235193598084,109.77442044112831,0.0,8.1625,9.303
1,scratch,random,45,0.0003164167527668859,0.593,0.593,0.4827634722391764,47,93.39979785704054,109.35631652991287,0.0,8.178,9.2375
1,scratch,random,46,0.0003083391274917483,0.5770000000000001,0.577,0.45927735217412313,47,93.51836542598903,109.55192500492558,0.0,8.000833333333333,9.452333333333334
1,scratch,random,47,0.0003001969032834071,0.597,0.597,0.461733585357666,47,92.66004511294886,109.02464562607929,0.0,8.010166666666667,9.421
1,scratch,random,48,0.00029199917396849096,0.5799999999999998,0.58,0.44368527189890544,47,93.20661225286312,109.29167268797755,0.0,7.977833333333334,9.4395
1,scratch,random,49,0.0002837550953657579,0.559,0.559,0.44743188881874085,47,93.4323486238718,109.37742015602998,0.0,7.8581666666666665,9.6035
1,scratch,random,50,0.0002754738750602126,0.6,0.6,0.4142265167236328,47,93.9892750531435,118.46042984514497,0.0,7.904333333333334,9.504666666666667
1,scratch,random,51,0.00026716476211940786,0.584,0.584,0.41692011785507205,47,93.44175362796523,109.39616845105775,0.0,7.8365,9.552833333333334
1,scratch,random,52,0.00025883703676341484,0.5890000000000001,0.589,0.4114349246025085,47,93.99056399101391,110.08825987088494,0.0,8.09,9.407
1,scratch,random,53,0.0002505,0.5730000000000001,0.573,0.40834528334935505,47,93.3717598831281,109.93315097386949,0.0,8.013666666666667,9.415666666666667
1,scratch,random,54,0.00024216296323658525,0.607,0.607,0.3996445329984029,47,94.24656701297499,110.52308678091504,0.0,7.933,9.474166666666667
1,scratch,random,55,0.00023383523788059215,0.585,0.585,0.3867945931752523,47,91.9051844230853,108.27106267702766,0.0,7.932833333333333,9.616333333333333
1,scratch,random,56,0.00022552612493978745,0.592,0.592,0.3767383778095245,47,92.45372410002165,108.64122187299654,0.0,7.844666666666667,9.597333333333333
1,scratch,random,57,0.00021724490463424225,0.589,0.589,0.3657177329858144,47,92.99937825882807,109.15850719506852,0.0,7.894666666666667,9.5655
1,scratch,random,58,0.00020900082603150905,0.601,0.601,0.3626958220799764,47,93.45749603188597,109.56346594891511,0.0,7.849833333333334,9.583666666666666
1,scratch,random,59,0.00020080309671659293,0.5970000000000001,0.597,0.36188913361231484,47,93.26818061503582,109.23589792102575,0.0,7.9585,9.559166666666666
1,scratch,random,60,0.00019266087250825167,0.5940000000000001,0.594,0.35883902390797934,47,93.88382227602415,109.94156711711548,0.0,7.893,9.572
1,scratch,random,61,0.00018458324723311413,0.588,0.588,0.35301605065663655,47,93.32687228010036,109.47725243796594,0.0,7.895666666666667,9.6325
1,scratch,random,62,0.00017657924256903434,0.5750000000000001,0.575,0.34232094764709475,47,93.33065894502215,109.58281903201714,0.0,8.0215,9.444166666666666
1,scratch,random,63,0.00016865779796902748,0.592,0.592,0.34664496437708536,47,93.55283026304096,109.97876475797966,0.0,7.934166666666667,9.5305
1,scratch,random,64,0.00016082776067704059,0.5969999999999999,0.597,0.3374658773740133,47,93.89089853689075,110.19868866400793,0.0,7.913333333333333,9.5425
1,scratch,random,65,0.00015309787584670805,0.572,0.572,0.33114246821403504,47,92.14620684785768,108.53174685593694,0.0,7.839,9.631
1,scratch,random,66,0.00014547677677413047,0.587,0.587,0.33138950848579407,47,93.40500439098105,109.45013657398522,0.0,7.989333333333334,9.477333333333334
1,scratch,random,67,0.00013797297525558255,0.5940000000000001,0.594,0.32663811786969504,47,93.10545060317963,109.44070409494452,0.0,7.914833333333333,9.526333333333334
1,scratch,random,68,0.00013059485208092238,0.589,0.589,0.3194808361530304,47,93.09432636504062,109.08987106801942,0.0,7.832833333333333,9.668833333333334
1,scratch,random,69,0.00012335064767331658,0.588,0.588,0.3155182611147563,47,94.59351871698163,111.41007017018273,0.0,7.803166666666667,9.620666666666667
1,scratch,random,70,0.00011624845288573853,0.5900000000000001,0.59,0.3130762482484182,47,92.7104136229027,108.97702729096636,0.0,7.9911666666666665,9.514333333333333
1,scratch,random,71,0.00010929619996451647,0.591,0.591,0.319275417248408,47,93.64280225289986,109.98412420996465,0.0,8.048666666666668,9.442666666666666
1,scratch,random,72,0.00010250165369002587,0.6120000000000001,0.612,0.3136847187678019,47,93.4292088591028,109.53268148191273,0.0,7.924666666666667,9.5175
1,scratch,random,73,9.587240270441893e-05,0.5980000000000001,0.598,0.3067647330760956,47,92.78937388584018,108.94303971109912,0.0,7.9355,9.505166666666666
1,scratch,random,74,8.941585103607879e-05,0.6140000000000001,0.614,0.3121853740215301,47,92.99032565322705,109.06477517494932,0.0,7.790666666666667,9.636166666666666
1,scratch,random,75,8.313920983026379e-05,0.6,0.6,0.30679182783762615,46,93.46921795699745,117.97174875903875,0.0,7.8741666666666665,9.576333333333332
1,scratch,random,76,7.704948929517675e-05,0.608,0.608,0.3117036945819855,47,93.81043646112084,109.9289390000049,0.0,7.744666666666666,9.718666666666667
1,scratch,random,77,7.115349087245667e-05,0.613,0.613,0.3025449740886688,47,94.12652889499441,110.32334795081988,0.0,7.9295,9.6205
1,scratch,random,78,6.545779964083458e-05,0.6040000000000001,0.604,0.3032288674513499,47,93.13227907312103,109.34767564805225,0.0,7.868166666666666,9.592
1,scratch,random,79,5.996877696144067e-05,0.601,0.601,0.3045818056265513,47,93.42762307194062,110.18275050609373,0.0,7.7855,9.651333333333334
1,scratch,random,80,5.4692553372974075e-05,0.607,0.607,0.2993920302391052,47,92.90347451902926,109.09639501199126,0.0,7.766333333333334,9.669
1,scratch,random,81,4.963502174467306e-05,0.613,0.613,0.29818042858441673,47,94.30971932807006,110.35344353807159,0.0,7.719666666666667,9.732
1,scratch,random,82,4.480183069473086e-05,0.61,0.61,0.2988403040568034,47,93.46544302115217,109.75778867304325,0.0,7.7571666666666665,9.7
1,scratch,random,83,4.019837828150914e-05,0.612,0.612,0.29530800541241964,47,94.19989729113877,110.6293998148758,0.0,7.7588333333333335,9.647666666666666
1,scratch,random,84,3.5829805974595276e-05,0.6130000000000001,0.613,0.2970914076169332,47,93.06947982404381,109.31157854897901,0.0,7.8065,9.753166666666667
1,scratch,random,85,3.1700992912435456e-05,0.615,0.615,0.29565417138735456,47,93.52358891814947,109.59378516790457,0.0,7.731333333333334,9.6735
1,scratch,random,86,2.781655045295966e-05,0.6130000000000001,0.613,0.30028438647588096,47,93.02143830200657,109.1260617529042,0.0,7.8235,9.716333333333333
1,scratch,random,87,2.4180817023281995e-05,0.607,0.607,0.29970722484588624,47,93.05869110696949,109.47411646693945,0.0,7.725833333333333,9.702666666666667
1,scratch,random,88,2.0797853274230994e-05,0.6020000000000001,0.602,0.2964374146461487,47,93.5680434720125,109.98922209907323,0.0,7.7588333333333335,9.696333333333333
1,scratch,random,89,1.7671437545120165e-05,0.611,0.611,0.2974582257270813,47,93.58582747890614,110.22761837393045,0.0,7.770666666666667,9.713666666666667
1,scratch,random,90,1.480506164382429e-05,0.615,0.615,0.2940596069494883,47,93.65229510189965,109.78732368699275,0.0,7.709833333333333,9.7525
1,scratch,random,91,1.220192694687535e-05,0.6130000000000001,0.613,0.29255950705210365,47,93.31741820089519,109.23783549712971,0.0,7.741,9.709166666666667
1,scratch,random,92,9.864940823933073e-06,0.6130000000000001,0.613,0.2933816584746043,47,93.87493105093017,109.98397320206277,0.0,7.7565,9.743
1,scratch,random,93,7.796713390623254e-06,0.61,0.61,0.2944353014628092,47,93.66658506682143,110.08112967200577,0.0,7.719333333333333,9.732833333333334
1,scratch,random,94,5.999554593371605e-06,0.615,0.615,0.2915217725435893,47,93.8398931089323,110.18275723303668,0.0,7.804,9.6715
1,scratch,random,95,4.475471629487872e-06,0.614,0.614,0.29326942269007367,47,93.3398985718377,109.50579086714424,0.0,7.730833333333333,9.71
1,scratch,random,96,3.2261667053823824e-06,0.6119999999999999,0.612,0.29421558252970376,47,93.80440589296632,110.11295993998647,0.0,7.7348333333333334,9.672166666666667
1,scratch,random,97,2.253035135418218e-06,0.607,0.607,0.2907040688196818,47,93.57020547101274,109.84457857790403,0.0,7.756833333333334,9.716
1,scratch,random,98,1.5571637835232856e-06,0.6090000000000001,0.609,0.2925303728580475,47,93.36141661182046,109.53207251196727,0.0,7.7745,9.7085
1,scratch,random,99,1.1393298493014743e-06,0.609,0.609,0.29740515891710917,47,93.34221894992515,110.22720381105319,0.0,7.730333333333333,9.686666666666667
1,scratch,random,100,1e-06,0.611,0.611,0.29187562187512717,47,94.18374651786871,118.73375116591342,0.0,7.740833333333334,9.6995
1,scratch,random_rescue_10,1,0.0001,0.30100000000000005,0.301,1.8456376953125,47,100.60933289816603,116.84879121091217,10.0,1.6726666666666667,1.904
1,scratch,random_rescue_10,2,0.0002,0.304,0.304,1.7517682552337646,47,104.04461529990658,121.11526518315077,10.0,1.6543333333333334,1.8998333333333333
1,scratch,random_rescue_10,3,0.00030000000000000003,0.331,0.331,1.704283297220866,47,99.22935276082717,115.59226682805456,10.0,1.6921666666666666,1.911
1,scratch,random_rescue_10,4,0.0004,0.342,0.342,1.6687453810373942,47,98.25043872883543,114.52657287707552,10.0,1.609,1.9673333333333334
1,scratch,random_rescue_10,5,0.0005,0.37,0.37,1.6242901964187622,47,97.37830344215035,113.97036497294903,10.0,1.651,1.9078333333333333
1,scratch,random_rescue_10,6,0.0005,0.396,0.396,1.5795980033874513,47,99.5013817648869,116.34731780504808,10.0,1.6525,1.908
1,scratch,random_rescue_10,7,0.0004998606701506985,0.438,0.438,1.5020242109298707,47,97.90551038994454,114.53573603415862,10.0,1.6025,1.9618333333333333
1,scratch,random_rescue_10,8,0.0004994428362164767,0.45200000000000007,0.452,1.420154203414917,47,97.46816221694462,113.88838720601052,10.0,1.6035,1.963
1,scratch,random_rescue_10,9,0.0004987469648645818,0.49700000000000005,0.497,1.3605547103881837,47,98.33581038797274,114.97220563120209,10.0,1.5746666666666667,1.9921666666666666
1,scratch,random_rescue_10,10,0.0004977738332946176,0.4800000000000001,0.48,1.2789040857950846,47,95.5211932649836,120.00300994003192,10.0,1.6046666666666667,1.9325
1,scratch,random_rescue_10,11,0.0004965245283705121,0.521,0.521,1.2476366678873698,47,98.59493812103756,115.23773099994287,10.0,1.691,1.8768333333333334
1,scratch,random_rescue_10,12,0.0004950004454066284,0.508,0.508,1.2001978079477946,47,99.28588410886005,115.5643028030172,10.0,1.6495,1.9455
1,scratch,random_rescue_10,13,0.0004932032866093767,0.522,0.522,1.1950620028177896,47,98.48564846906811,115.33048006496392,10.0,1.7071666666666667,1.8505
1,scratch,random_rescue_10,14,0.000491135059176067,0.5329999999999999,0.533,1.133800906499227,47,98.43644679593854,115.0740589578636,10.0,1.6125,1.9535
1,scratch,random_rescue_10,15,0.0004887980730531247,0.549,0.549,1.113019788424174,47,98.18892467208207,114.64638482010923,10.0,1.5791666666666666,1.9695
1,scratch,random_rescue_10,16,0.00048619493835617576,0.579,0.579,1.0712507902781168,47,98.32626862614416,114.82933576707728,10.0,1.5201666666666667,2.0536666666666665
1,scratch,random_rescue_10,17,0.00048332856245487986,0.557,0.557,1.0556702807744345,47,98.48595644417219,114.79762768978253,10.0,1.536,2.0301666666666667
1,scratch,random_rescue_10,18,0.000480202146725769,0.576,0.576,1.0125112195014954,47,98.78077118098736,115.0992953858804,10.0,1.501,2.052
1,scratch,random_rescue_10,19,0.00047681918297671805,0.573,0.573,0.9912917642593384,47,97.84300139313564,114.27381959697232,10.0,1.5035,2.022
1,scratch,random_rescue_10,20,0.0004731834495470404,0.5589999999999999,0.559,0.9639119415283203,47,98.21319689997472,114.68039347417653,10.0,1.5265,1.9966666666666666
1,scratch,random_rescue_10,21,0.00046929900708756454,0.5660000000000001,0.566,0.9553023687998454,47,98.17541195987724,114.56246177409776,10.0,1.5381666666666667,2.0031666666666665
1,scratch,random_rescue_10,22,0.0004651701940254048,0.567,0.567,0.9325310424168904,47,98.64477470493875,114.90340899396688,10.0,1.6276666666666666,1.9493333333333334
1,scratch,random_rescue_10,23,0.00046080162171849087,0.5509999999999999,0.551,0.8994761946996053,47,98.16520489007235,114.53579937200993,10.0,1.5635,2.0176666666666665
1,scratch,random_rescue_10,24,0.0004561981693052692,0.5900000000000001,0.59,0.8810626392364502,47,98.41614435915835,114.8340677570086,10.0,1.579,1.9766666666666666
1,scratch,random_rescue_10,25,0.00045136497825532695,0.576,0.576,0.8648609410921733,47,99.64102290314622,124.72225507791154,10.0,1.5931666666666666,1.9588333333333334
1,scratch,random_rescue_10,26,0.00044630744662702595,0.572,0.572,0.842133882522583,47,98.50349515792914,115.19335867813788,10.0,1.5813333333333333,1.97
1,scratch,random_rescue_10,27,0.0004410312230385594,0.564,0.564,0.8268352088928222,47,98.80775360995904,115.03961424110457,10.0,1.5736666666666668,1.9895
1,scratch,random_rescue_10,28,0.0004355422003591655,0.5730000000000002,0.573,0.7891852142016093,47,97.94371740496717,114.61841721390374,10.0,1.5878333333333334,1.9646666666666666
1,scratch,random_rescue_10,29,0.0004298465091275434,0.586,0.586,0.7644222561518351,47,97.82202118379064,113.91054399497807,10.0,1.5978333333333334,1.9418333333333333
1,scratch,random_rescue_10,30,0.0004239505107048233,0.603,0.603,0.7547093356450398,47,98.1262086299248,114.5143928618636,10.0,1.5658333333333334,1.9923333333333333
1,scratch,random_rescue_10,31,0.00041786079016973627,0.589,0.589,0.7263274974822999,47,99.15304755908437,115.74417863506824,10.0,1.5523333333333333,1.9961666666666666
1,scratch,random_rescue_10,32,0.00041158414896392116,0.587,0.587,0.7082844554583232,47,97.83107298705727,114.87506213109009,10.0,1.5311666666666666,2.02
1,scratch,random_rescue_10,33,0.00040512759729558113,0.602,0.602,0.6791434284845987,47,97.90725982096046,114.24780395603739,10.0,1.5885,1.9648333333333334
1,scratch,random_rescue_10,34,0.00039849834630997414,0.571,0.571,0.6635995541413625,47,98.35188222397119,114.67409855010919,10.0,1.5416666666666667,2.017333333333333
1,scratch,random_rescue_10,35,0.0003917038000354835,0.591,0.591,0.6458474489847819,47,98.13808971294202,114.48794249817729,10.0,1.572,1.9936666666666667
1,scratch,random_rescue_10,36,0.0003847515471142615,0.5819999999999999,0.582,0.6235923352241516,47,98.19369484810159,114.6451357761398,10.0,1.5773333333333333,1.9891666666666667
1,scratch,random_rescue_10,37,0.00037764935232668343,0.5690000000000001,0.569,0.6266163053512573,47,97.88833915791474,114.1626036199741,10.0,1.5701666666666667,1.98
1,scratch,random_rescue_10,38,0.0003704051479190776,0.584,0.584,0.5800112730662028,47,98.70194090693258,115.47939825989306,10.0,1.5536666666666668,2.001
1,scratch,random_rescue_10,39,0.00036302702474441743,0.5660000000000001,0.566,0.5801246070861816,47,97.90374012687244,114.25126498006284,10.0,1.588,1.9821666666666666
1,scratch,random_rescue_10,40,0.0003555232232258696,0.5960000000000001,0.596,0.5624400811990102,47,98.77437543915585,114.86681464500725,10.0,1.5801666666666667,1.977
1,scratch,random_rescue_10,41,0.00034790212415329195,0.5770000000000001,0.577,0.5406150426864624,47,98.3022536050994,114.55301090702415,10.0,1.5783333333333334,1.9845
1,scratch,random_rescue_10,42,0.0003401722393229594,0.583,0.583,0.5192232578595479,47,98.65441011800431,114.89853881602176,10.0,1.5876666666666666,1.952
1,scratch,random_rescue_10,43,0.0003323422020309725,0.582,0.582,0.506941442489624,47,98.25829592603259,114.81964507000521,10.0,1.5648333333333333,1.984
1,scratch,random_rescue_10,44,0.0003244207574309657,0.5660000000000001,0.566,0.4909865714708964,47,98.12604597513564,114.4663796860259,10.0,1.5458333333333334,2.0111666666666665
1,scratch,random_rescue_10,45,0.0003164167527668859,0.597,0.597,0.4960245548884074,47,98.14221414015628,114.41627052100375,10.0,1.5751666666666666,1.995
1,scratch,random_rescue_10,46,0.0003083391274917483,0.5770000000000001,0.577,0.47532152954737344,47,98.30336468107998,114.90733480406925,10.0,1.6015,1.9865
1,scratch,random_rescue_10,47,0.0003001969032834071,0.593,0.593,0.46149558703104654,47,97.96003830712289,114.63044855510816,10.0,1.6108333333333333,1.9448333333333334
1,scratch,random_rescue_10,48,0.00029199917396849096,0.59,0.59,0.45061583431561786,47,98.27170431497507,114.47201277595013,10.0,1.5668333333333333,1.9793333333333334
1,scratch,random_rescue_10,49,0.0002837550953657579,0.5810000000000001,0.581,0.43483825540542603,47,97.37191013200209,113.76819980307482,10.0,1.5618333333333334,1.9785
1,scratch,random_rescue_10,50,0.0002754738750602126,0.606,0.606,0.4236540925502777,47,98.16724226507358,123.41245856508613,10.0,1.5463333333333333,2.0045
1,scratch,random_rescue_10,51,0.00026716476211940786,0.5910000000000001,0.591,0.41721611444155376,47,97.24173478689045,113.32340851705521,10.0,1.5491666666666666,2.026666666666667
1,scratch,random_rescue_10,52,0.00025883703676341484,0.589,0.589,0.4036336679458618,47,98.78822628804483,115.12721876706928,10.0,1.5273333333333334,2.0343333333333335
1,scratch,random_rescue_10,53,0.0002505,0.5740000000000001,0.574,0.402476291179657,47,99.52667530998588,115.85640003997833,10.0,1.5398333333333334,2.0273333333333334
1,scratch,random_rescue_10,54,0.00024216296323658525,0.596,0.596,0.3909448978106181,47,98.09676534705795,114.43361797183752,10.0,1.5546666666666666,2.002666666666667
1,scratch,random_rescue_10,55,0.00023383523788059215,0.5800000000000001,0.58,0.3994491677284241,47,99.34647352294996,115.77909795707092,10.0,1.5455,2.0016666666666665
1,scratch,random_rescue_10,56,0.00022552612493978745,0.5960000000000001,0.596,0.3732075558503469,47,98.07739162701182,114.47378287604079,10.0,1.5676666666666668,2.0045
1,scratch,random_rescue_10,57,0.00021724490463424225,0.583,0.583,0.37041970777511596,47,98.1067370439414,114.35078730201349,10.0,1.5515,1.991
1,scratch,random_rescue_10,58,0.00020900082603150905,0.576,0.576,0.37112767362594606,47,99.30106821795925,115.72185388416983,10.0,1.5443333333333333,2.0125
1,scratch,random_rescue_10,59,0.00020080309671659293,0.593,0.593,0.3689566781520843,47,98.15721466415562,114.25845992797986,10.0,1.5253333333333334,2.0281666666666665
1,scratch,random_rescue_10,60,0.00019266087250825167,0.604,0.604,0.3544476528962453,47,97.69140041992068,114.31000423897058,10.0,1.5501666666666667,2.0171666666666668
1,scratch,random_rescue_10,61,0.00018458324723311413,0.5940000000000001,0.594,0.3399912621974945,47,98.53155776485801,114.85651817894541,10.0,1.5213333333333334,2.0671666666666666
1,scratch,random_rescue_10,62,0.00017657924256903434,0.591,0.591,0.3458911108970642,47,98.63380227703601,114.87237288989127,10.0,1.535,2.0283333333333333
1,scratch,random_rescue_10,63,0.00016865779796902748,0.588,0.588,0.34853368759155273,46,98.71324804797769,114.83846561308019,10.0,1.5463333333333333,2.022666666666667
1,scratch,random_rescue_10,64,0.00016082776067704059,0.5800000000000001,0.58,0.3358953227202098,47,99.2649800630752,115.57173869595863,10.0,1.5656666666666668,2.000166666666667
1,scratch,random_rescue_10,65,0.00015309787584670805,0.58,0.58,0.3402566339969635,47,98.51112626097165,115.01680663600564,10.0,1.558,1.9976666666666667
1,scratch,random_rescue_10,66,0.00014547677677413047,0.594,0.594,0.3300365742047628,47,98.04942039889283,114.59588211611845,10.0,1.5868333333333333,1.9583333333333333
1,scratch,random_rescue_10,67,0.00013797297525558255,0.5940000000000001,0.594,0.3259274265766144,47,96.56234990688972,112.88417361094616,10.0,1.551,2.0086666666666666
1,scratch,random_rescue_10,68,0.00013059485208092238,0.598,0.598,0.3230538363456726,47,99.08309361594729,115.52625449886546,10.0,1.5715,2.000166666666667
1,scratch,random_rescue_10,69,0.00012335064767331658,0.579,0.579,0.3163939475218455,47,98.92684309487231,115.31509020598605,10.0,1.5521666666666667,2.0036666666666667
1,scratch,random_rescue_10,70,0.00011624845288573853,0.596,0.596,0.3141078604857127,47,98.54265655507334,115.06163104996085,10.0,1.5386666666666666,2.0446666666666666
1,scratch,random_rescue_10,71,0.00010929619996451647,0.6080000000000001,0.608,0.3150530159473419,47,99.93754721502773,116.47498546494171,10.0,1.5296666666666667,2.0511666666666666
1,scratch,random_rescue_10,72,0.00010250165369002587,0.592,0.592,0.306247712691625,47,99.03108720597811,115.41891515487805,10.0,1.508,2.0608333333333335
1,scratch,random_rescue_10,73,9.587240270441893e-05,0.6170000000000001,0.617,0.30560835591952007,47,99.23529514996335,116.08716256800108,10.0,1.5328333333333333,2.071
1,scratch,random_rescue_10,74,8.941585103607879e-05,0.597,0.597,0.3026000487804413,47,99.67044674395584,116.65413272101432,10.0,1.5258333333333334,2.0128333333333335
1,scratch,random_rescue_10,75,8.313920983026379e-05,0.602,0.602,0.30529910810788474,47,98.31529513094574,122.43559181201272,10.0,1.5636666666666668,2.03
1,scratch,random_rescue_10,76,7.704948929517675e-05,0.6040000000000001,0.604,0.2987249580224355,47,99.3663052089978,115.95261008897796,10.0,1.5416666666666667,2.029166666666667
1,scratch,random_rescue_10,77,7.115349087245667e-05,0.6,0.6,0.3016083344618479,47,98.22589777689427,114.61033877101727,10.0,1.5733333333333333,2.0185
1,scratch,random_rescue_10,78,6.545779964083458e-05,0.5940000000000001,0.594,0.2968058989048004,47,100.1345092379488,116.52481898595579,10.0,1.535,1.9931666666666668
1,scratch,random_rescue_10,79,5.996877696144067e-05,0.599,0.599,0.3008873079617818,47,100.10694157402031,116.76744182500988,10.0,1.5305,2.015833333333333
1,scratch,random_rescue_10,80,5.4692553372974075e-05,0.595,0.595,0.29799203379948935,47,98.14486363204196,114.52023667399772,10.0,1.5431666666666666,1.9968333333333332
1,scratch,random_rescue_10,81,4.963502174467306e-05,0.6020000000000001,0.602,0.29585836521784464,47,98.1683994140476,114.64360825507902,10.0,1.5275,2.0263333333333335
1,scratch,random_rescue_10,82,4.480183069473086e-05,0.601,0.601,0.2946410700480143,47,98.08104588300921,114.825057170121,10.0,1.537,2.0023333333333335
1,scratch,random_rescue_10,83,4.019837828150914e-05,0.611,0.611,0.29356171933809916,47,99.24179496709257,115.91682083997875,10.0,1.5543333333333333,1.996
1,scratch,random_rescue_10,84,3.5829805974595276e-05,0.6,0.6,0.29315937773386636,47,97.91290190187283,114.57025942998007,10.0,1.526,2.0035
1,scratch,random_rescue_10,85,3.1700992912435456e-05,0.606,0.606,0.29280017558733623,47,98.44027997995727,115.65741114900447,10.0,1.542,2.0068333333333332
1,scratch,random_rescue_10,86,2.781655045295966e-05,0.6050000000000001,0.605,0.29269586753845217,47,97.74701018817723,114.21064363000914,10.0,1.5353333333333334,2.0475
1,scratch,random_rescue_10,87,2.4180817023281995e-05,0.605,0.605,0.2980118141969045,47,98.36068668100052,114.92537711304612,10.0,1.5241666666666667,2.0425
1,scratch,random_rescue_10,88,2.0797853274230994e-05,0.604,0.604,0.2932472182909648,47,99.77401290507987,116.38110692705959,10.0,1.5306666666666666,2.0296666666666665
1,scratch,random_rescue_10,89,1.7671437545120165e-05,0.611,0.611,0.2898818136056264,47,98.27801554719917,114.63493593106978,10.0,1.5358333333333334,2.052
1,scratch,random_rescue_10,90,1.480506164382429e-05,0.607,0.607,0.2897476642926534,47,98.92634032899514,115.48830041708425,10.0,1.5346666666666666,2.0181666666666667
1,scratch,random_rescue_10,91,1.220192694687535e-05,0.6060000000000001,0.606,0.29304268169403075,47,99.03622312890366,115.36433267500252,10.0,1.532,2.016
1,scratch,random_rescue_10,92,9.864940823933073e-06,0.6060000000000001,0.606,0.2909686497847239,47,98.49417951493524,114.93407271802425,10.0,1.5365,2.0455
1,scratch,random_rescue_10,93,7.796713390623254e-06,0.604,0.604,0.2914184969266256,47,99.16259527998045,115.60686134896241,10.0,1.5365,2.021333333333333
1,scratch,random_rescue_10,94,5.999554593371605e-06,0.608,0.608,0.28869324453671774,47,98.26006736699492,114.84209497016855,10.0,1.546,2.0445
1,scratch,random_rescue_10,95,4.475471629487872e-06,0.606,0.606,0.2915066338380178,47,98.30523679009639,114.64907965110615,10.0,1.525,2.0393333333333334
1,scratch,random_rescue_10,96,3.2261667053823824e-06,0.6090000000000001,0.609,0.291641193707784,47,98.92002365319058,115.3675979860127,10.0,1.5043333333333333,2.0351666666666666
1,scratch,random_rescue_10,97,2.253035135418218e-06,0.608,0.608,0.287170149008433,47,98.59600376500748,114.8638764040079,10.0,1.5288333333333333,2.0113333333333334
1,scratch,random_rescue_10,98,1.5571637835232856e-06,0.607,0.607,0.2901976336638133,47,98.91469299886376,115.40158189903013,10.0,1.5341666666666667,2.0393333333333334
1,scratch,random_rescue_10,99,1.1393298493014743e-06,0.6060000000000001,0.606,0.2907553804715474,47,97.66577333002351,113.88374008680694,10.0,1.517,2.013
1,scratch,random_rescue_10,100,1e-06,0.608,0.608,0.2905344941616058,47,98.79782626894303,124.01296237693168,10.0,1.5426666666666666,2.033333333333333
1,scratch,student,1,0.0001,0.30300000000000005,0.303,1.8391001358032226,47,97.83001971896738,114.45783182210289,0.0,0.0,0.0
1,scratch,student,2,0.0002,0.297,0.297,1.7404575916926066,47,96.75769972917624,112.92708966182545,0.0,0.0,0.0
1,scratch,student,3,0.00030000000000000003,0.34500000000000003,0.345,1.7020000762939453,47,94.28768695704639,110.74665625183843,0.0,0.0,0.0
1,scratch,student,4,0.0004,0.337,0.337,1.6673658599853516,47,95.93954410706647,112.28174157394096,0.0,0.0,0.0
1,scratch,student,5,0.0005,0.373,0.373,1.6112668120066325,47,94.12196137895808,110.50378443906084,0.0,0.0,0.0
1,scratch,student,6,0.0005,0.392,0.392,1.561076600710551,47,93.59907865687273,110.40807932289317,0.0,0.0,0.0
1,scratch,student,7,0.0004998606701506985,0.4210000000000001,0.421,1.4912015552520752,47,93.14478649385273,109.3333882659208,0.0,0.0,0.0
1,scratch,student,8,0.0004994428362164767,0.47000000000000003,0.47,1.4031502246856689,47,93.6048165129032,109.98325991118327,0.0,0.0,0.0
1,scratch,student,9,0.0004987469648645818,0.479,0.479,1.33942130279541,47,93.84233958297409,110.07995468587615,0.0,0.0,0.0
1,scratch,student,10,0.0004977738332946176,0.4880000000000001,0.488,1.2823476066589357,47,93.81042638095096,120.8872133102268,0.0,0.0,0.0
1,scratch,student,11,0.0004965245283705121,0.5289999999999999,0.529,1.2385999377568562,47,92.71647020499222,109.18430341593921,0.0,0.0,0.0
1,scratch,student,12,0.0004950004454066284,0.5419999999999999,0.542,1.194804322242737,47,93.88265185104683,110.11076309881173,0.0,0.0,0.0
1,scratch,student,13,0.0004932032866093767,0.524,0.524,1.166451022783915,47,93.95965657988563,110.04567965306342,0.0,0.0,0.0
1,scratch,student,14,0.000491135059176067,0.537,0.537,1.1412957731882731,47,93.1802273071371,109.42869548406452,0.0,0.0,0.0
1,scratch,student,15,0.0004887980730531247,0.567,0.567,1.1060206677118938,47,93.79738327697851,110.42202969896607,0.0,0.0,0.0
1,scratch,student,16,0.00048619493835617576,0.559,0.559,1.0690130421320598,47,92.8310858050827,108.95999698410742,0.0,0.0,0.0
1,scratch,student,17,0.00048332856245487986,0.5229999999999999,0.523,1.0470740737915039,47,93.61468388792127,109.80674368003383,0.0,0.0,0.0
1,scratch,student,18,0.000480202146725769,0.5780000000000001,0.578,1.0036632835070292,47,93.77045204211026,110.15983094484545,0.0,0.0,0.0
1,scratch,student,19,0.00047681918297671805,0.5619999999999999,0.562,0.9827508926391602,47,93.36004787799902,109.86591437808238,0.0,0.0,0.0
1,scratch,student,20,0.0004731834495470404,0.5690000000000001,0.569,0.9527827943166097,47,93.60029273689725,110.01234658295289,0.0,0.0,0.0
1,scratch,student,21,0.00046929900708756454,0.5509999999999999,0.551,0.9418971702257792,47,93.54539682902396,109.43008185201325,0.0,0.0,0.0
1,scratch,student,22,0.0004651701940254048,0.5810000000000001,0.581,0.9212863960266113,47,93.48639069218189,109.61450853291899,0.0,0.0,0.0
1,scratch,student,23,0.00046080162171849087,0.563,0.563,0.8775390710830688,47,93.31391951302066,109.60980539908633,0.0,0.0,0.0
1,scratch,student,24,0.0004561981693052692,0.579,0.579,0.8981166998545329,47,92.95260686194524,109.14803570904769,0.0,0.0,0.0
1,scratch,student,25,0.00045136497825532695,0.5609999999999999,0.561,0.8550424826939901,47,92.7527002019342,117.77112317713909,0.0,0.0,0.0
1,scratch,student,26,0.00044630744662702595,0.558,0.558,0.8344643847147624,47,94.1095189389307,110.35118259792216,0.0,0.0,0.0
1,scratch,student,27,0.0004410312230385594,0.549,0.549,0.8260520480473836,47,93.23048571613617,109.57595260604285,0.0,0.0,0.0
1,scratch,student,28,0.0004355422003591655,0.585,0.585,0.8081656414667765,47,94.16334441420622,110.42384421103634,0.0,0.0,0.0
1,scratch,student,29,0.0004298465091275434,0.601,0.601,0.7892763442993164,47,94.12492019706406,110.22343648597598,0.0,0.0,0.0
1,scratch,student,30,0.0004239505107048233,0.573,0.573,0.7557160857518515,47,93.45756961009465,109.66485473793,0.0,0.0,0.0
1,scratch,student,31,0.00041786079016973627,0.585,0.585,0.7183829809824626,47,93.45409801299684,109.61341753904708,0.0,0.0,0.0
1,scratch,student,32,0.00041158414896392116,0.577,0.577,0.7026455167134603,47,93.08784568798728,109.33081826614216,0.0,0.0,0.0
1,scratch,student,33,0.00040512759729558113,0.5810000000000001,0.581,0.6967818113962809,47,93.41542322491296,109.67418741504662,0.0,0.0,0.0
1,scratch,student,34,0.00039849834630997414,0.583,0.583,0.6766428496042888,47,94.02865771297365,110.06653833785094,0.0,0.0,0.0
1,scratch,student,35,0.0003917038000354835,0.5780000000000001,0.578,0.6536519055366516,47,92.88974612113088,109.0093451840803,0.0,0.0,0.0
1,scratch,student,36,0.0003847515471142615,0.5740000000000001,0.574,0.6414870688120524,47,92.7881916500628,109.04974737693556,0.0,0.0,0.0
1,scratch,student,37,0.00037764935232668343,0.567,0.567,0.6197273440361023,47,92.89367200806737,109.60849767783657,0.0,0.0,0.0
1,scratch,student,38,0.0003704051479190776,0.5640000000000001,0.564,0.5989651498794556,47,93.44988307682797,109.43091084505431,0.0,0.0,0.0
1,scratch,student,39,0.00036302702474441743,0.5730000000000001,0.573,0.6031618892351787,47,93.72707135393284,109.95683341193944,0.0,0.0,0.0
1,scratch,student,40,0.0003555232232258696,0.575,0.575,0.5719253234863281,47,92.77172528905794,108.77057397691533,0.0,0.0,0.0
1,scratch,student,41,0.00034790212415329195,0.595,0.595,0.5504942464828492,47,93.44068502099253,109.4111177669838,0.0,0.0,0.0
1,scratch,student,42,0.0003401722393229594,0.564,0.564,0.5443977184295654,47,94.06405628588982,110.04866804601625,0.0,0.0,0.0
1,scratch,student,43,0.0003323422020309725,0.599,0.599,0.5291932813326518,47,92.96831040107645,109.05818002601154,0.0,0.0,0.0
1,scratch,student,44,0.0003244207574309657,0.573,0.573,0.5192114877700805,47,93.81660727108829,109.96638190606609,0.0,0.0,0.0
1,scratch,student,45,0.0003164167527668859,0.5770000000000001,0.577,0.5215408086776734,47,93.93290104996413,110.108329446055,0.0,0.0,0.0
1,scratch,student,46,0.0003083391274917483,0.5759999999999998,0.576,0.4935054767926534,47,93.67395373410545,109.91885442798957,0.0,0.0,0.0
1,scratch,student,47,0.0003001969032834071,0.5890000000000001,0.589,0.488978831132253,47,93.90032531204633,110.17385268001817,0.0,0.0,0.0
1,scratch,student,48,0.00029199917396849096,0.579,0.579,0.47721904834111534,47,94.03213303606026,109.96348417107947,0.0,0.0,0.0
1,scratch,student,49,0.0002837550953657579,0.596,0.596,0.4515583004951477,47,93.83197269192897,110.07392711797729,0.0,0.0,0.0
1,scratch,student,50,0.0002754738750602126,0.5800000000000001,0.58,0.452827517191569,47,93.30807796888985,117.64825834915973,0.0,0.0,0.0
1,scratch,student,51,0.00026716476211940786,0.6010000000000001,0.601,0.447977374235789,47,93.44474133104086,109.68110041297041,0.0,0.0,0.0
1,scratch,student,52,0.00025883703676341484,0.593,0.593,0.44147373247146604,47,93.94442899292335,110.06927819992416,0.0,0.0,0.0
1,scratch,student,53,0.0002505,0.594,0.594,0.42806399091084796,47,93.83307650196366,110.15495530306362,0.0,0.0,0.0
1,scratch,student,54,0.00024216296323658525,0.591,0.591,0.4146671047210693,47,94.69280287693255,111.38158901897259,0.0,0.0,0.0
1,scratch,student,55,0.00023383523788059215,0.594,0.594,0.41645511746406555,47,93.54956407705322,109.71881843893789,0.0,0.0,0.0
1,scratch,student,56,0.00022552612493978745,0.5860000000000001,0.586,0.3987155896822612,47,93.43175435601734,109.90160467103124,0.0,0.0,0.0
1,scratch,student,57,0.00021724490463424225,0.584,0.584,0.3941951800187429,47,93.61429668497294,109.71017098403536,0.0,0.0,0.0
1,scratch,student,58,0.00020900082603150905,0.598,0.598,0.39890344349543255,47,93.59118825406767,109.47126075183041,0.0,0.0,0.0
1,scratch,student,59,0.00020080309671659293,0.598,0.598,0.3814789695739746,47,92.99413682194427,109.00962283508852,0.0,0.0,0.0
1,scratch,student,60,0.00019266087250825167,0.5959999999999999,0.596,0.3804913303852081,47,92.66434888308868,108.75005906098522,0.0,0.0,0.0
1,scratch,student,61,0.00018458324723311413,0.571,0.571,0.3695981025695801,47,92.9662513891235,109.11537290504202,0.0,0.0,0.0
1,scratch,student,62,0.00017657924256903434,0.58,0.58,0.3711409441630046,47,93.78824916505255,110.06751378206536,0.0,0.0,0.0
1,scratch,student,63,0.00016865779796902748,0.585,0.585,0.3619607552687327,47,92.63054710207507,108.66526781697758,0.0,0.0,0.0
1,scratch,student,64,0.00016082776067704059,0.572,0.572,0.36110621571540835,47,93.14928206219338,109.28863957081921,0.0,0.0,0.0
1,scratch,student,65,0.00015309787584670805,0.58,0.58,0.3518262629508972,47,93.41889659012668,109.78418590291403,0.0,0.0,0.0
1,scratch,student,66,0.00014547677677413047,0.6020000000000001,0.602,0.3532843623161316,47,93.33317311690189,109.79998096893542,0.0,0.0,0.0
1,scratch,student,67,0.00013797297525558255,0.584,0.584,0.34880046741167703,47,93.66782031883486,110.4203662017826,0.0,0.0,0.0
1,scratch,student,68,0.00013059485208092238,0.5889999999999999,0.589,0.3391667486826579,47,93.92056079604663,110.15336250979453,0.0,0.0,0.0
1,scratch,student,69,0.00012335064767331658,0.591,0.591,0.3346886942386627,47,93.62652349704877,109.71564397891052,0.0,0.0,0.0
1,scratch,student,70,0.00011624845288573853,0.5820000000000001,0.582,0.3379273817539215,47,94.10194582608528,110.28318390902132,0.0,0.0,0.0
1,scratch,student,71,0.00010929619996451647,0.581,0.581,0.3415740280151367,47,93.24977615987882,109.4146579359658,0.0,0.0,0.0
1,scratch,student,72,0.00010250165369002587,0.5940000000000001,0.594,0.33270926888783775,47,93.95256138802506,109.99908182886429,0.0,0.0,0.0
1,scratch,student,73,9.587240270441893e-05,0.5900000000000001,0.59,0.32883488170305886,47,93.42154793301597,109.51990428520367,0.0,0.0,0.0
1,scratch,student,74,8.941585103607879e-05,0.5780000000000001,0.578,0.32179278961817426,47,92.90591839095578,109.18582073994912,0.0,0.0,0.0
1,scratch,student,75,8.313920983026379e-05,0.599,0.599,0.3227675004005432,47,94.08020778093487,118.91868034610525,0.0,0.0,0.0
1,scratch,student,76,7.704948929517675e-05,0.5890000000000001,0.589,0.32075983023643495,47,93.22538981190883,109.51689893892035,0.0,0.0,0.0
1,scratch,student,77,7.115349087245667e-05,0.5970000000000001,0.597,0.32136357959111533,47,93.85101993801072,110.01140566403046,0.0,0.0,0.0
1,scratch,student,78,6.545779964083458e-05,0.6000000000000001,0.6,0.3195021377404531,47,93.73068877006881,109.7795375501737,0.0,0.0,0.0
1,scratch,student,79,5.996877696144067e-05,0.5890000000000001,0.589,0.3192271931171417,47,93.06694725505076,109.30620640213601,0.0,0.0,0.0
1,scratch,student,80,5.4692553372974075e-05,0.5950000000000001,0.595,0.31623608915011087,47,93.791974557098,110.72490111296065,0.0,0.0,0.0
1,scratch,student,81,4.963502174467306e-05,0.593,0.593,0.3176632990837097,47,94.22925291303545,110.65528524201363,0.0,0.0,0.0
1,scratch,student,82,4.480183069473086e-05,0.611,0.611,0.31556442340215046,47,93.54729043506086,109.9286273571197,0.0,0.0,0.0
1,scratch,student,83,4.019837828150914e-05,0.5900000000000001,0.59,0.3107677164872487,47,93.70676014199853,109.97900132695213,0.0,0.0,0.0
1,scratch,student,84,3.5829805974595276e-05,0.605,0.605,0.31467369373639426,47,93.92994335200638,110.50458377902396,0.0,0.0,0.0
1,scratch,student,85,3.1700992912435456e-05,0.607,0.607,0.3106608351071676,47,93.82882242184132,109.97769138310105,0.0,0.0,0.0
1,scratch,student,86,2.781655045295966e-05,0.606,0.606,0.30870647517840066,45,92.91845105402172,109.69224611017853,0.0,0.0,0.0
1,scratch,student,87,2.4180817023281995e-05,0.603,0.603,0.31269320742289225,47,92.21829579607584,109.00435662106611,0.0,0.0,0.0
1,scratch,student,88,2.0797853274230994e-05,0.5970000000000001,0.597,0.306407431046168,47,94.422757929191,111.04488630103879,0.0,0.0,0.0
1,scratch,student,89,1.7671437545120165e-05,0.601,0.601,0.30624004697799684,47,93.76081685186364,109.98121482902206,0.0,0.0,0.0
1,scratch,student,90,1.480506164382429e-05,0.5980000000000001,0.598,0.30887218554814655,47,94.28447667486034,110.55287105287425,0.0,0.0,0.0
1,scratch,student,91,1.220192694687535e-05,0.5980000000000001,0.598,0.3078917646408081,47,94.04047314310446,110.51704621501267,0.0,0.0,0.0
1,scratch,student,92,9.864940823933073e-06,0.595,0.595,0.3056944669087728,47,94.16037125396542,110.90800788602792,0.0,0.0,0.0
1,scratch,student,93,7.796713390623254e-06,0.5979999999999999,0.598,0.3097512942155202,47,94.00104668410495,110.03338494012132,0.0,0.0,0.0
1,scratch,student,94,5.999554593371605e-06,0.599,0.599,0.3082917955716451,47,93.92149345413782,110.20546838408336,0.0,0.0,0.0
1,scratch,student,95,4.475471629487872e-06,0.597,0.597,0.3050525683561961,47,93.41174478107132,109.83297706302255,0.0,0.0,0.0
1,scratch,student,96,3.2261667053823824e-06,0.5969999999999999,0.597,0.3066891107559204,47,93.79787083994597,110.02103365096264,0.0,0.0,0.0
1,scratch,student,97,2.253035135418218e-06,0.598,0.598,0.30535977029800415,47,93.34705848502927,109.51480742404237,0.0,0.0,0.0
1,scratch,student,98,1.5571637835232856e-06,0.5959999999999999,0.596,0.30905136895179747,47,93.97657076013274,110.67696334118955,0.0,0.0,0.0
1,scratch,student,99,1.1393298493014743e-06,0.595,0.595,0.3094701419671377,47,93.80927491094917,110.08899239101447,0.0,0.0,0.0
1,scratch,student,100,1e-06,0.5959999999999999,0.596,0.3033191658655802,47,93.35217505693436,118.1737370500341,0.0,0.0,0.0
2,imagenet,ce,1,1e-05,0.7670000000000001,0.767,1.9523329633076987,47,91.08460844913498,107.02967238985002,0.0,0.0,0.0
2,imagenet,ce,2,2e-05,0.938,0.938,1.0637695075670879,47,94.74690559599549,111.60039487318136,0.0,0.0,0.0
2,imagenet,ce,3,3.0000000000000004e-05,0.946,0.946,0.7077530525525411,47,90.68659501499496,106.80530892312527,0.0,0.0,0.0
2,imagenet,ce,4,4e-05,0.9570000000000001,0.957,0.6211786565780639,47,90.46507346187718,106.48515435890295,0.0,0.0,0.0
2,imagenet,ce,5,5e-05,0.954,0.954,0.5747998892466227,47,90.39775060885586,106.49919428303838,0.0,0.0,0.0
2,imagenet,ce,6,5e-05,0.9629999999999999,0.963,0.5519649076461792,47,90.81541378097609,106.94740082789212,0.0,0.0,0.0
2,imagenet,ce,7,4.9986318311391235e-05,0.962,0.962,0.5366746422449747,47,89.43492088816129,105.43133976915851,0.0,0.0,0.0
2,imagenet,ce,8,4.994528852626726e-05,0.96,0.96,0.5293110966682434,47,90.15596739808097,106.28177533787675,0.0,0.0,0.0
2,imagenet,ce,9,4.987695646966835e-05,0.9600000000000002,0.96,0.5243946803410848,47,89.69991573900916,105.90128306718543,0.0,0.0,0.0
2,imagenet,ce,10,4.9781398459792115e-05,0.9549999999999998,0.955,0.5208863078753153,47,90.17778450180776,114.73696189187467,0.0,0.0,0.0
2,imagenet,ce,11,4.96587212227557e-05,0.953,0.953,0.5154774330457051,47,90.07577486801893,106.01387766492553,0.0,0.0,0.0
2,imagenet,ce,12,4.950906177339638e-05,0.9560000000000001,0.956,0.5168838175137838,47,91.39130653394386,108.04223160701804,0.0,0.0,0.0
2,imagenet,ce,13,4.9332587262243413e-05,0.9559999999999998,0.956,0.5120555300712586,47,90.00343737192452,106.13959578797221,0.0,0.0,0.0
2,imagenet,ce,14,4.912949478883223e-05,0.9500000000000002,0.95,0.5101293395360311,47,89.96027237805538,105.98193795909174,0.0,0.0,0.0
2,imagenet,ce,15,4.890001118156936e-05,0.959,0.959,0.5106848462422688,47,89.99037261796184,105.78598545608111,0.0,0.0,0.0
2,imagenet,ce,16,4.864439274439401e-05,0.9560000000000001,0.956,0.5086910498936971,47,90.09844846697524,105.88138801278546,0.0,0.0,0.0
2,imagenet,ce,17,4.836292497051926e-05,0.9630000000000001,0.963,0.5083984549840291,47,92.32244145288132,108.42891416000202,0.0,0.0,0.0
2,imagenet,ce,18,4.8055922223572505e-05,0.9569999999999999,0.957,0.5085440212885539,47,89.84485186706297,105.57998746098019,0.0,0.0,0.0
2,imagenet,ce,19,4.7723727386491355e-05,0.9549999999999998,0.955,0.5077552415529887,47,89.52536037284881,105.56231593503617,0.0,0.0,0.0
2,imagenet,ce,20,4.7366711478567095e-05,0.9650000000000001,0.965,0.5080738986333211,47,90.83060036390088,106.95828632102348,0.0,0.0,0.0
2,imagenet,ce,21,4.6985273241063454e-05,0.9620000000000001,0.962,0.5060262783368429,47,91.24578466988169,107.22047853493132,0.0,0.0,0.0
2,imagenet,ce,22,4.657983869187342e-05,0.9590000000000002,0.959,0.5065071380933126,47,90.08467325102538,106.19954492407851,0.0,0.0,0.0
2,imagenet,ce,23,4.615086064971153e-05,0.959,0.959,0.506800520102183,47,89.9808833450079,106.07464321306907,0.0,0.0,0.0
2,imagenet,ce,24,4.5698818228373126e-05,0.9550000000000001,0.955,0.5079613324801127,47,90.76383848697878,106.77994198189117,0.0,0.0,0.0
2,imagenet,ce,25,4.522421630162529e-05,0.953,0.953,0.5072744201024373,47,90.35705936700106,114.84994405088946,0.0,0.0,0.0
2,imagenet,ce,26,4.4727584939327193e-05,0.96,0.96,0.5065834565162659,47,89.68916993611492,105.98970916890539,0.0,0.0,0.0
2,imagenet,ce,27,4.420947881540964e-05,0.953,0.953,0.5052427528699239,47,90.15175892598927,106.2329691038467,0.0,0.0,0.0
2,imagenet,ce,28,4.3670476588374966e-05,0.954,0.954,0.5055444672902425,47,90.26189461699687,106.46620787587017,0.0,0.0,0.0
2,imagenet,ce,29,4.311118025500927e-05,0.9569999999999999,0.957,0.5071147592862447,47,89.76597104594111,105.77577953995205,0.0,0.0,0.0
2,imagenet,ce,30,4.253221447802874e-05,0.9559999999999998,0.956,0.5057145444552104,47,90.0520395131316,106.14771000901237,0.0,0.0,0.0
2,imagenet,ce,31,4.193422588841098e-05,0.9570000000000001,0.957,0.504183420976003,47,90.62444969196804,106.70527243195102,0.0,0.0,0.0
2,imagenet,ce,32,4.1317882363190655e-05,0.9550000000000001,0.955,0.505094922542572,47,90.27524599200115,106.3811158479657,0.0,0.0,0.0
2,imagenet,ce,33,4.0683872279526e-05,0.961,0.961,0.504337683836619,47,89.53387101506814,105.84676549700089,0.0,0.0,0.0
2,imagenet,ce,34,4.00329037458692e-05,0.9600000000000002,0.96,0.503315025806427,47,90.19949015392922,106.02309490181506,0.0,0.0,0.0
2,imagenet,ce,35,3.936570381109958e-05,0.961,0.961,0.5039956504503886,47,90.4645964759402,106.41306033707224,0.0,0.0,0.0
2,imagenet,ce,36,3.868301765250263e-05,0.9640000000000001,0.964,0.5028655287424724,47,90.5683234280441,106.6400216249749,0.0,0.0,0.0
2,imagenet,ce,37,3.798560774350198e-05,0.9650000000000001,0.965,0.5049947463671366,47,89.88221752806567,106.36968746618368,0.0,0.0,0.0
2,imagenet,ce,38,3.7274253002073755e-05,0.9610000000000001,0.961,0.5031185456911723,47,90.45078055094928,106.47714002686553,0.0,0.0,0.0
2,imagenet,ce,39,3.6549747920794496e-05,0.961,0.961,0.5031128778457642,47,90.34102683700621,106.30719339917414,0.0,0.0,0.0
2,imagenet,ce,40,3.581290167949421e-05,0.962,0.962,0.5034614806175232,47,89.26283452380449,105.22279278305359,0.0,0.0,0.0
2,imagenet,ce,41,3.5064537241505625e-05,0.961,0.961,0.5049497021039328,47,90.56880205590278,106.7910189779941,0.0,0.0,0.0
2,imagenet,ce,42,3.4305490434519064e-05,0.9630000000000001,0.963,0.5033950128555298,47,90.02325622620992,105.79416312999092,0.0,0.0,0.0
2,imagenet,ce,43,3.353660901706944e-05,0.9550000000000001,0.955,0.5037609680493673,47,89.94933688500896,106.19154437119141,0.0,0.0,0.0
2,imagenet,ce,44,3.2758751731698036e-05,0.9650000000000001,0.965,0.503480082988739,47,90.24771318794228,106.13121620193124,0.0,0.0,0.0
2,imagenet,ce,45,3.197278734584651e-05,0.9639999999999999,0.964,0.5043986619313557,47,90.6864922081586,106.76793984207325,0.0,0.0,0.0
2,imagenet,ce,46,3.1179593681554446e-05,0.9620000000000001,0.962,0.5025034766197205,47,89.48018813692033,105.66480026184581,0.0,0.0,0.0
2,imagenet,ce,47,3.0380056635043986e-05,0.9650000000000001,0.965,0.5028261369069418,47,90.77054207096808,106.94907515007071,0.0,0.0,0.0
2,imagenet,ce,48,2.9575069187286692e-05,0.9629999999999999,0.963,0.5019332183202108,47,90.04194561205804,106.02485034405254,0.0,0.0,0.0
2,imagenet,ce,49,2.876553040665759e-05,0.9719999999999999,0.972,0.5028418496449788,47,89.83877318212762,105.94801647192799,0.0,0.0,0.0
2,imagenet,ce,50,2.7952344444790415e-05,0.9600000000000002,0.96,0.5026582806905111,47,90.51602713088505,115.51973233697936,0.0,0.0,0.0
2,imagenet,ce,51,2.7136419526755484e-05,0.9650000000000001,0.965,0.5028378435770671,47,90.71001558587886,106.74785500299186,0.0,0.0,0.0
2,imagenet,ce,52,2.631866693668803e-05,0.962,0.962,0.5025351112683614,47,90.41039113514125,106.79331645695493,0.0,0.0,0.0
2,imagenet,ce,53,2.5500000000000003e-05,0.9650000000000001,0.965,0.5034186692237854,47,90.4025131969247,106.56306651700288,0.0,0.0,0.0
2,imagenet,ce,54,2.4681333063311983e-05,0.9629999999999999,0.963,0.501659913221995,47,90.0832711069379,106.17700256314129,0.0,0.0,0.0
2,imagenet,ce,55,2.3863580473244526e-05,0.9589999999999999,0.959,0.5029302946726482,47,90.24908789107576,106.31506212195382,0.0,0.0,0.0
2,imagenet,ce,56,2.3047655555209592e-05,0.9640000000000001,0.964,0.501693408648173,47,90.52620309987105,106.67832595901564,0.0,0.0,0.0
2,imagenet,ce,57,2.223446959334243e-05,0.967,0.967,0.5019310472806294,47,90.11679527908564,105.96574002387933,0.0,0.0,0.0
2,imagenet,ce,58,2.1424930812713318e-05,0.9629999999999999,0.963,0.5012859565416972,47,90.1633584080264,106.08362866402604,0.0,0.0,0.0
2,imagenet,ce,59,2.0619943364956024e-05,0.966,0.966,0.5012978927294414,47,90.35523099498823,106.43308521900326,0.0,0.0,0.0
2,imagenet,ce,60,1.9820406318445557e-05,0.9639999999999999,0.964,0.5017061233520508,47,90.38745914399624,106.49635804700665,0.0,0.0,0.0
2,imagenet,ce,61,1.9027212654153495e-05,0.961,0.961,0.5018532916704813,47,89.5537935087923,105.8075396399945,0.0,0.0,0.0
2,imagenet,ce,62,1.824124826830197e-05,0.9640000000000001,0.964,0.5015722079277039,47,89.7195669610519,105.71903772000223,0.0,0.0,0.0
2,imagenet,ce,63,1.746339098293056e-05,0.9620000000000001,0.962,0.5024370641708374,47,90.0888597201556,106.03956015291624,0.0,0.0,0.0
2,imagenet,ce,64,1.6694509565480943e-05,0.9600000000000002,0.96,0.5021378993988037,47,89.4951057699509,105.46816941001453,0.0,0.0,0.0
2,imagenet,ce,65,1.593546275849438e-05,0.969,0.969,0.5022927298545837,47,91.13224894693121,107.12742040399462,0.0,0.0,0.0
2,imagenet,ce,66,1.5187098320505799e-05,0.97,0.97,0.5021564636230469,47,90.15759023092687,106.50415003905073,0.0,0.0,0.0
2,imagenet,ce,67,1.4450252079205502e-05,0.9639999999999999,0.964,0.5024141529401144,47,90.53806964308023,106.49518731702119,0.0,0.0,0.0
2,imagenet,ce,68,1.372574699792625e-05,0.9639999999999999,0.964,0.5028904280662536,47,90.43771165516227,106.50650900299661,0.0,0.0,0.0
2,imagenet,ce,69,1.3014392256498022e-05,0.961,0.961,0.5020174466768901,47,90.69122952711768,106.80211028782651,0.0,0.0,0.0
2,imagenet,ce,70,1.2316982347497372e-05,0.968,0.968,0.5020112668673198,47,90.17087954701856,106.0575661349576,0.0,0.0,0.0
2,imagenet,ce,71,1.1634296188900416e-05,0.9690000000000001,0.969,0.5009577790896098,47,90.39124156092294,107.11011556396261,0.0,0.0,0.0
2,imagenet,ce,72,1.0967096254130799e-05,0.9670000000000002,0.967,0.5012215426762898,47,89.8130421161186,105.93165529798716,0.0,0.0,0.0
2,imagenet,ce,73,1.0316127720474006e-05,0.9660000000000002,0.966,0.5017219823201498,47,90.64529495616443,106.69600519211963,0.0,0.0,0.0
2,imagenet,ce,74,9.682117636809343e-06,0.967,0.967,0.5015569705963134,47,90.29563961201347,106.33761861687526,0.0,0.0,0.0
2,imagenet,ce,75,9.065774111589031e-06,0.968,0.968,0.501369560400645,47,89.94535777997226,114.17370777693577,0.0,0.0,0.0
2,imagenet,ce,76,8.467785521971265e-06,0.967,0.967,0.5023342402776082,47,92.05677577084862,108.18782489281148,0.0,0.0,0.0
2,imagenet,ce,77,7.888819744990736e-06,0.968,0.968,0.5019700377782186,47,92.00531882001087,108.24941603885964,0.0,0.0,0.0
2,imagenet,ce,78,7.329523411625039e-06,0.9719999999999999,0.972,0.5012106521924337,47,90.16625894000754,106.31293095904402,0.0,0.0,0.0
2,imagenet,ce,79,6.790521184590367e-06,0.97,0.97,0.5013604906400044,47,90.13831271510571,106.30900572799146,0.0,0.0,0.0
2,imagenet,ce,80,6.272415060672806e-06,0.967,0.967,0.5009977598190307,47,90.6296058150474,106.71349144610576,0.0,0.0,0.0
2,imagenet,ce,81,5.77578369837471e-06,0.969,0.969,0.5010541683832804,47,90.35417575691827,106.33803103188984,0.0,0.0,0.0
2,imagenet,ce,82,5.301181771626878e-06,0.9719999999999999,0.972,0.5011695507367452,47,90.70597197697498,106.74281029799022,0.0,0.0,0.0
2,imagenet,ce,83,4.849139350288474e-06,0.9719999999999999,0.972,0.5025295689900716,47,90.76164024695754,106.6857150378637,0.0,0.0,0.0
2,imagenet,ce,84,4.420161308126591e-06,0.969,0.969,0.5010471337636312,47,90.82980505609885,106.98755923402496,0.0,0.0,0.0
2,imagenet,ce,85,4.014726758936549e-06,0.968,0.968,0.5020571122169495,47,90.72259615408257,107.10359273315407,0.0,0.0,0.0
2,imagenet,ce,86,3.6332885214329124e-06,0.967,0.967,0.5009490677515666,47,90.81126241013408,107.3969115971122,0.0,0.0,0.0
2,imagenet,ce,87,3.2762726135086534e-06,0.966,0.966,0.501283680597941,47,90.66710624517873,107.2033262080513,0.0,0.0,0.0
2,imagenet,ce,88,2.9440777764274926e-06,0.9649999999999999,0.965,0.5008461982409159,47,90.93325145891868,106.99912618892267,0.0,0.0,0.0
2,imagenet,ce,89,2.6370750294807374e-06,0.9639999999999999,0.964,0.5009080068270365,47,90.78306711185724,106.91377862310037,0.0,0.0,0.0
2,imagenet,ce,90,2.3556072556059925e-06,0.9659999999999999,0.966,0.5016041040420532,47,91.72663387120701,107.65171103202738,0.0,0.0,0.0
2,imagenet,ce,91,2.0999888184306456e-06,0.9659999999999999,0.966,0.5010133396784464,47,90.63191525498405,106.60593859711662,0.0,0.0,0.0
2,imagenet,ce,92,1.8705052111677768e-06,0.9649999999999999,0.965,0.5009247986475627,47,91.41964625101537,107.74418545491062,0.0,0.0,0.0
2,imagenet,ce,93,1.6674127377565921e-06,0.9679999999999997,0.968,0.5017187410990397,47,89.76655450416729,105.69920040201396,0.0,0.0,0.0
2,imagenet,ce,94,1.4909382266036246e-06,0.9659999999999999,0.966,0.5009195682207743,47,89.53310367302038,105.78783760406077,0.0,0.0,0.0
2,imagenet,ce,95,1.3412787772443001e-06,0.9659999999999999,0.966,0.5013268008232117,47,90.95079203811474,107.19390532490797,0.0,0.0,0.0
2,imagenet,ce,96,1.2186015402078894e-06,0.9679999999999997,0.968,0.5008687586784363,47,89.91559433797374,106.18783121812157,0.0,0.0,0.0
2,imagenet,ce,97,1.1230435303316486e-06,0.968,0.968,0.5008361581166585,47,90.29045121301897,106.26586526003666,0.0,0.0,0.0
2,imagenet,ce,98,1.0547114737327475e-06,0.9649999999999999,0.965,0.5011499757766724,47,90.07778037595563,106.72118803183548,0.0,0.0,0.0
2,imagenet,ce,99,1.013681688608762e-06,0.9649999999999999,0.965,0.5008176376024882,47,90.38318999111652,107.04028804390691,0.0,0.0,0.0
2,imagenet,ce,100,1e-06,0.9639999999999999,0.964,0.5010862345695496,47,90.37504141707905,114.37407107790932,0.0,0.0,0.0
2,imagenet,foreground_rescue_10,1,1e-05,0.767,0.767,1.7004459533691407,47,103.461994336918,120.38287499407306,2.864333333333333,2.864333333333333,0.0
2,imagenet,foreground_rescue_10,2,2e-05,0.9389999999999998,0.939,0.8134029506047566,47,104.61479341099039,121.15722320787609,2.595,2.595,0.0
2,imagenet,foreground_rescue_10,3,3.0000000000000004e-05,0.946,0.946,0.4586243884563446,47,99.50915157306008,115.91672683088109,2.6801666666666666,2.6801666666666666,0.0
2,imagenet,foreground_rescue_10,4,4e-05,0.9570000000000001,0.957,0.3729881680806478,47,98.98787848302163,115.72532143304124,2.7843333333333335,2.7843333333333335,0.0
2,imagenet,foreground_rescue_10,5,5e-05,0.95,0.95,0.32622039437294004,47,99.97249244805425,117.0286136129871,2.9036666666666666,2.9036666666666666,0.0
2,imagenet,foreground_rescue_10,6,5e-05,0.9629999999999999,0.963,0.30393124190966286,47,100.51666897907853,117.03302086796612,2.894833333333333,2.894833333333333,0.0
2,imagenet,foreground_rescue_10,7,4.9986318311391235e-05,0.958,0.958,0.2899505856831868,47,100.73354459111579,117.23092266195454,3.0565,3.0565,0.0
2,imagenet,foreground_rescue_10,8,4.994528852626726e-05,0.966,0.966,0.2853682215213776,47,99.13399125519209,115.68799882591702,3.043,3.043,0.0
2,imagenet,foreground_rescue_10,9,4.987695646966835e-05,0.959,0.959,0.277221018632253,47,98.79563401988707,115.10568137303926,3.0261666666666667,3.0261666666666667,0.0
2,imagenet,foreground_rescue_10,10,4.9781398459792115e-05,0.9570000000000001,0.957,0.27306827410062157,47,98.16488894703798,122.37426869291812,3.025166666666667,3.025166666666667,0.0
2,imagenet,foreground_rescue_10,11,4.96587212227557e-05,0.968,0.968,0.26902384344736735,47,100.24215856404044,116.67102147894911,3.0843333333333334,3.0843333333333334,0.0
2,imagenet,foreground_rescue_10,12,4.950906177339638e-05,0.9579999999999999,0.958,0.2669318321545919,47,100.62805393501185,117.01394534111023,3.1905,3.1905,0.0
2,imagenet,foreground_rescue_10,13,4.9332587262243413e-05,0.9650000000000001,0.965,0.2640087953408559,47,99.95620321296155,116.7023249741178,3.2811666666666666,3.2811666666666666,0.0
2,imagenet,foreground_rescue_10,14,4.912949478883223e-05,0.9540000000000001,0.954,0.26284111992518105,47,100.46073602396064,116.79986493801698,3.2875,3.2875,0.0
2,imagenet,foreground_rescue_10,15,4.890001118156936e-05,0.966,0.966,0.2661876528263092,47,100.11852847598493,116.37117546680383,3.3315,3.3315,0.0
2,imagenet,foreground_rescue_10,16,4.864439274439401e-05,0.961,0.961,0.2623005256652832,47,99.72623314196244,116.14543709508143,3.4021666666666666,3.4021666666666666,0.0
2,imagenet,foreground_rescue_10,17,4.836292497051926e-05,0.958,0.958,0.262775190671285,47,99.41912583494559,115.76780396397226,3.4316666666666666,3.4316666666666666,0.0
2,imagenet,foreground_rescue_10,18,4.8055922223572505e-05,0.9550000000000001,0.955,0.2643482941786448,47,99.87383266701363,116.35170135484077,3.3825,3.3825,0.0
2,imagenet,foreground_rescue_10,19,4.7723727386491355e-05,0.953,0.953,0.2611125066280365,47,99.17849140707403,115.43854384496808,3.2896666666666667,3.2896666666666667,0.0
2,imagenet,foreground_rescue_10,20,4.7366711478567095e-05,0.9629999999999999,0.963,0.2599693341255188,47,99.57579368096776,116.19639952597208,3.2741666666666664,3.2741666666666664,0.0
2,imagenet,foreground_rescue_10,21,4.6985273241063454e-05,0.962,0.962,0.2613173809846242,47,98.71104004816152,115.96867838897742,3.2933333333333334,3.2933333333333334,0.0
2,imagenet,foreground_rescue_10,22,4.657983869187342e-05,0.9630000000000001,0.963,0.26276430622736613,47,99.16731500905007,115.32026778394356,3.289833333333333,3.289833333333333,0.0
2,imagenet,foreground_rescue_10,23,4.615086064971153e-05,0.966,0.966,0.25887572956085203,47,98.20569752599113,114.50103924307041,3.256,3.256,0.0
2,imagenet,foreground_rescue_10,24,4.5698818228373126e-05,0.96,0.96,0.25976521960894267,47,100.17017354792915,116.62015086598694,3.268666666666667,3.268666666666667,0.0
2,imagenet,foreground_rescue_10,25,4.522421630162529e-05,0.967,0.967,0.2596776382923126,47,98.67404266889207,124.16663700388744,3.2523333333333335,3.2523333333333335,0.0
2,imagenet,foreground_rescue_10,26,4.4727584939327193e-05,0.9640000000000001,0.964,0.26249957299232485,47,101.15927881305106,117.55922151496634,3.2843333333333335,3.2843333333333335,0.0
2,imagenet,foreground_rescue_10,27,4.420947881540964e-05,0.966,0.966,0.26008389941851295,47,99.92682438995689,116.59720575599931,3.276666666666667,3.276666666666667,0.0
2,imagenet,foreground_rescue_10,28,4.3670476588374966e-05,0.9669999999999999,0.967,0.25780543812115986,47,98.76742505095899,115.20912803988904,3.325833333333333,3.325833333333333,0.0
2,imagenet,foreground_rescue_10,29,4.311118025500927e-05,0.966,0.966,0.2602845741113027,47,100.25338079291396,116.5145305080805,3.3485,3.3485,0.0
2,imagenet,foreground_rescue_10,30,4.253221447802874e-05,0.9640000000000001,0.964,0.25880073912938434,47,99.28941288706847,115.65524846990593,3.3618333333333332,3.3618333333333332,0.0
2,imagenet,foreground_rescue_10,31,4.193422588841098e-05,0.966,0.966,0.25734449831644696,47,98.75393802602775,115.09544432396069,3.3521666666666667,3.3521666666666667,0.0
2,imagenet,foreground_rescue_10,32,4.1317882363190655e-05,0.9629999999999999,0.963,0.25868243583043415,47,99.51108736288734,116.36693490017205,3.2956666666666665,3.2956666666666665,0.0
2,imagenet,foreground_rescue_10,33,4.0683872279526e-05,0.9670000000000002,0.967,0.2578662281036377,47,101.56027776305564,118.48720260802656,3.3215,3.3215,0.0
2,imagenet,foreground_rescue_10,34,4.00329037458692e-05,0.9640000000000001,0.964,0.2587029263973236,47,99.55634037801065,115.92595278006047,3.397666666666667,3.397666666666667,0.0
2,imagenet,foreground_rescue_10,35,3.936570381109958e-05,0.9629999999999999,0.963,0.2579022812048594,47,100.17299883393571,116.34567249706015,3.3965,3.3965,0.0
2,imagenet,foreground_rescue_10,36,3.868301765250263e-05,0.9629999999999999,0.963,0.2573593972524007,47,99.36767080100253,115.67212971812114,3.4065,3.4065,0.0
2,imagenet,foreground_rescue_10,37,3.798560774350198e-05,0.959,0.959,0.25915750543276467,47,99.64584943116643,115.91574304690585,3.400333333333333,3.400333333333333,0.0
2,imagenet,foreground_rescue_10,38,3.7274253002073755e-05,0.97,0.97,0.25813420232137047,47,99.20817922591232,116.26351605984382,3.3855,3.3855,0.0
2,imagenet,foreground_rescue_10,39,3.6549747920794496e-05,0.968,0.968,0.2575032645066579,47,100.30142903211527,116.70712002599612,3.3775,3.3775,0.0
2,imagenet,foreground_rescue_10,40,3.581290167949421e-05,0.966,0.966,0.2589186741511027,47,99.210211844882,115.63715954194777,3.4046666666666665,3.4046666666666665,0.0
2,imagenet,foreground_rescue_10,41,3.5064537241505625e-05,0.967,0.967,0.25824987498919166,47,98.94918562821113,115.1662327570375,3.3775,3.3775,0.0
2,imagenet,foreground_rescue_10,42,3.4305490434519064e-05,0.968,0.968,0.2564411990642548,47,99.60969505109824,116.33288121409714,3.3313333333333333,3.3313333333333333,0.0
2,imagenet,foreground_rescue_10,43,3.353660901706944e-05,0.962,0.962,0.25821354643503824,47,99.5416648820974,115.97810685099103,3.421666666666667,3.421666666666667,0.0
2,imagenet,foreground_rescue_10,44,3.2758751731698036e-05,0.974,0.974,0.25875310945510865,46,100.17193289101124,116.51032013189979,3.478666666666667,3.478666666666667,0.0
2,imagenet,foreground_rescue_10,45,3.197278734584651e-05,0.975,0.975,0.2578361073335012,47,97.49874474899843,114.12133066984825,3.4566666666666666,3.4566666666666666,0.0
2,imagenet,foreground_rescue_10,46,3.1179593681554446e-05,0.968,0.968,0.25617193746566774,47,100.16226568585262,116.64853594615124,3.3296666666666668,3.3296666666666668,0.0
2,imagenet,foreground_rescue_10,47,3.0380056635043986e-05,0.9709999999999999,0.971,0.2583752734661102,47,100.58091676817276,116.8276203928981,3.363166666666667,3.363166666666667,0.0
2,imagenet,foreground_rescue_10,48,2.9575069187286692e-05,0.9780000000000001,0.978,0.25638352767626443,47,100.75955802807584,117.2787129660137,3.3395,3.3395,0.0
2,imagenet,foreground_rescue_10,49,2.876553040665759e-05,0.9710000000000001,0.971,0.25644972928365073,47,98.5032941729296,114.90383296483196,3.3745,3.3745,0.0
2,imagenet,foreground_rescue_10,50,2.7952344444790415e-05,0.9730000000000001,0.973,0.2560360519091288,47,98.22143454290926,122.03170270100236,3.3796666666666666,3.3796666666666666,0.0
2,imagenet,foreground_rescue_10,51,2.7136419526755484e-05,0.97,0.97,0.25824070223172507,47,100.20810052799061,116.44818489183672,3.392333333333333,3.392333333333333,0.0
2,imagenet,foreground_rescue_10,52,2.631866693668803e-05,0.967,0.967,0.257497918844223,47,99.64340321696363,115.9251235499978,3.4103333333333334,3.4103333333333334,0.0
2,imagenet,foreground_rescue_10,53,2.5500000000000003e-05,0.9669999999999999,0.967,0.25817418766021727,47,99.26695056515746,115.7407142771408,3.3933333333333335,3.3933333333333335,0.0
2,imagenet,foreground_rescue_10,54,2.4681333063311983e-05,0.9680000000000002,0.968,0.2565589162508647,47,97.99303055298515,114.17703179595992,3.4313333333333333,3.4313333333333333,0.0
2,imagenet,foreground_rescue_10,55,2.3863580473244526e-05,0.9649999999999999,0.965,0.2587178335984548,47,100.30906824884005,116.55845212400891,3.4483333333333333,3.4483333333333333,0.0
2,imagenet,foreground_rescue_10,56,2.3047655555209592e-05,0.9690000000000001,0.969,0.2583009456793467,47,100.1940758540295,116.27883104700595,3.379166666666667,3.379166666666667,0.0
2,imagenet,foreground_rescue_10,57,2.223446959334243e-05,0.9690000000000001,0.969,0.25504703211784363,47,97.39165091700852,114.02115886192769,3.416166666666667,3.416166666666667,0.0
2,imagenet,foreground_rescue_10,58,2.1424930812713318e-05,0.968,0.968,0.25460919372240703,47,98.90621481300332,115.31204616907053,3.3865,3.3865,0.0
2,imagenet,foreground_rescue_10,59,2.0619943364956024e-05,0.9709999999999999,0.971,0.254850399573644,47,98.00290536694229,114.49463169602677,3.4178333333333333,3.4178333333333333,0.0
2,imagenet,foreground_rescue_10,60,1.9820406318445557e-05,0.969,0.969,0.2555954287846883,47,98.29930448415689,114.48233076394536,3.390833333333333,3.390833333333333,0.0
2,imagenet,foreground_rescue_10,61,1.9027212654153495e-05,0.9719999999999999,0.972,0.2567288833459218,47,97.70510736806318,114.00159034412354,3.4305,3.4305,0.0
2,imagenet,foreground_rescue_10,62,1.824124826830197e-05,0.97,0.97,0.25570379320780434,47,96.8751771200914,113.08696791203693,3.4285,3.4285,0.0
2,imagenet,foreground_rescue_10,63,1.746339098293056e-05,0.967,0.967,0.256632439215978,47,98.65216768300161,114.8165504639037,3.426,3.426,0.0
2,imagenet,foreground_rescue_10,64,1.6694509565480943e-05,0.97,0.97,0.2559244327545166,47,97.10725300107151,113.93967581400648,3.4288333333333334,3.4288333333333334,0.0
2,imagenet,foreground_rescue_10,65,1.593546275849438e-05,0.967,0.967,0.2560333593686422,47,96.57235688297078,112.58105052588508,3.4073333333333333,3.4073333333333333,0.0
2,imagenet,foreground_rescue_10,66,1.5187098320505799e-05,0.968,0.968,0.2548403343359629,47,97.47136397706345,113.70526483701542,3.4436666666666667,3.4436666666666667,0.0
2,imagenet,foreground_rescue_10,67,1.4450252079205502e-05,0.9669999999999999,0.967,0.25543179337183636,47,98.02364576491527,114.12240114598535,3.354,3.354,0.0
2,imagenet,foreground_rescue_10,68,1.372574699792625e-05,0.9640000000000001,0.964,0.2575395204226176,47,99.4060825149063,115.4254412909504,3.385,3.385,0.0
2,imagenet,foreground_rescue_10,69,1.3014392256498022e-05,0.9640000000000001,0.964,0.25437573075294495,47,97.52623341791332,114.19607937918045,3.369666666666667,3.369666666666667,0.0
2,imagenet,foreground_rescue_10,70,1.2316982347497372e-05,0.9700000000000001,0.97,0.256036315202713,47,97.52974921115674,113.70721966400743,3.3653333333333335,3.3653333333333335,0.0
2,imagenet,foreground_rescue_10,71,1.1634296188900416e-05,0.9690000000000001,0.969,0.2550312553246816,47,98.67251551500522,115.8019831450656,3.3503333333333334,3.3503333333333334,0.0
2,imagenet,foreground_rescue_10,72,1.0967096254130799e-05,0.968,0.968,0.25494842012723284,47,94.11385011207312,110.05042678490281,3.375166666666667,3.375166666666667,0.0
2,imagenet,foreground_rescue_10,73,1.0316127720474006e-05,0.975,0.975,0.25558367188771564,47,94.44143830286339,110.07121392316185,3.4071666666666665,3.4071666666666665,0.0
2,imagenet,foreground_rescue_10,74,9.682117636809343e-06,0.9729999999999999,0.973,0.25610866467158,47,94.52032611705363,109.9542231101077,3.4,3.4,0.0
2,imagenet,foreground_rescue_10,75,9.065774111589031e-06,0.9730000000000001,0.973,0.2556828265984853,47,93.88156943698414,115.61761458893307,3.3875,3.3875,0.0
2,imagenet,foreground_rescue_10,76,8.467785521971265e-06,0.9729999999999999,0.973,0.2556581698258718,47,93.69994283700362,109.2860103501007,3.3678333333333335,3.3678333333333335,0.0
2,imagenet,foreground_rescue_10,77,7.888819744990736e-06,0.97,0.97,0.25644262568155923,47,95.27944757184014,111.0371456691064,3.369,3.369,0.0
2,imagenet,foreground_rescue_10,78,7.329523411625039e-06,0.967,0.967,0.2549825868606567,47,93.1953065150883,108.93725434993394,3.4178333333333333,3.4178333333333333,0.0
2,imagenet,foreground_rescue_10,79,6.790521184590367e-06,0.968,0.968,0.2558558146158854,47,93.21453747781925,108.99885915988125,3.421666666666667,3.421666666666667,0.0
2,imagenet,foreground_rescue_10,80,6.272415060672806e-06,0.9729999999999999,0.973,0.25510735511779786,47,93.79698418290354,109.33940275199711,3.4013333333333335,3.4013333333333335,0.0
2,imagenet,foreground_rescue_10,81,5.77578369837471e-06,0.9759999999999998,0.976,0.2550423987706502,47,94.25036725285463,109.9948449600488,3.4155,3.4155,0.0
2,imagenet,foreground_rescue_10,82,5.301181771626878e-06,0.975,0.975,0.2548791630268097,47,94.20661708293483,109.78896420402452,3.4183333333333334,3.4183333333333334,0.0
2,imagenet,foreground_rescue_10,83,4.849139350288474e-06,0.9739999999999999,0.974,0.2549825613498688,47,93.66474406095222,109.28140046680346,3.404166666666667,3.404166666666667,0.0
2,imagenet,foreground_rescue_10,84,4.420161308126591e-06,0.9719999999999999,0.972,0.25434068115552266,47,94.05885540298186,109.60503832390532,3.3946666666666667,3.3946666666666667,0.0
2,imagenet,foreground_rescue_10,85,4.014726758936549e-06,0.9710000000000001,0.971,0.25538591321309406,47,94.09314083191566,109.87392307096161,3.3981666666666666,3.3981666666666666,0.0
2,imagenet,foreground_rescue_10,86,3.6332885214329124e-06,0.974,0.974,0.255412099758784,47,93.8886679848656,109.39950709813274,3.4203333333333332,3.4203333333333332,0.0
2,imagenet,foreground_rescue_10,87,3.2762726135086534e-06,0.9719999999999999,0.972,0.25532492248217264,47,94.68679475295357,111.02496167598292,3.389666666666667,3.389666666666667,0.0
2,imagenet,foreground_rescue_10,88,2.9440777764274926e-06,0.9730000000000001,0.973,0.2552347465356191,47,93.2950000539422,108.86528444499709,3.4168333333333334,3.4168333333333334,0.0
2,imagenet,foreground_rescue_10,89,2.6370750294807374e-06,0.9719999999999999,0.972,0.25494198711713156,47,95.35109346802346,111.04875013418496,3.4046666666666665,3.4046666666666665,0.0
2,imagenet,foreground_rescue_10,90,2.3556072556059925e-06,0.9719999999999999,0.972,0.255784415324529,47,94.31492947717197,110.01598086906597,3.425666666666667,3.425666666666667,0.0
2,imagenet,foreground_rescue_10,91,2.0999888184306456e-06,0.9730000000000001,0.973,0.25442962114016215,47,93.26907810708508,108.70832144003361,3.414833333333333,3.414833333333333,0.0
2,imagenet,foreground_rescue_10,92,1.8705052111677768e-06,0.9730000000000001,0.973,0.2546516355673472,47,94.45624731294811,110.355285824975,3.3905,3.3905,0.0
2,imagenet,foreground_rescue_10,93,1.6674127377565921e-06,0.9719999999999999,0.972,0.2557807076772054,47,93.96621855394915,109.53123118798248,3.4365,3.4365,0.0
2,imagenet,foreground_rescue_10,94,1.4909382266036246e-06,0.975,0.975,0.25392583417892456,47,93.66555216885172,109.40515416511334,3.4251666666666667,3.4251666666666667,0.0
2,imagenet,foreground_rescue_10,95,1.3412787772443001e-06,0.9739999999999999,0.974,0.2557620249589284,47,94.7113868619781,110.99467207188718,3.448,3.448,0.0
2,imagenet,foreground_rescue_10,96,1.2186015402078894e-06,0.975,0.975,0.2551366913318634,47,93.83645015000366,109.26321187498979,3.4351666666666665,3.4351666666666665,0.0
2,imagenet,foreground_rescue_10,97,1.1230435303316486e-06,0.9739999999999999,0.974,0.2544662721157074,47,92.9653349951841,108.27548052486964,3.4491666666666667,3.4491666666666667,0.0
2,imagenet,foreground_rescue_10,98,1.0547114737327475e-06,0.9739999999999999,0.974,0.25446254229545595,47,91.37387084402144,106.98560837097466,3.4265,3.4265,0.0
2,imagenet,foreground_rescue_10,99,1.013681688608762e-06,0.9739999999999999,0.974,0.25399807755152387,47,94.227920379024,109.89517600415275,3.421,3.421,0.0
2,imagenet,foreground_rescue_10,100,1e-06,0.9730000000000001,0.973,0.2546395990848541,47,93.05006523686461,114.0363687761128,3.4423333333333335,3.4423333333333335,0.0
2,imagenet,full,1,1e-05,0.7670000000000001,0.767,1.714420503616333,47,96.46505404287018,112.67468814202584,0.0,0.0,0.0
2,imagenet,full,2,2e-05,0.938,0.938,0.8205633858044942,47,96.1062143619638,112.04692399315536,0.0,0.0,0.0
2,imagenet,full,3,3.0000000000000004e-05,0.9469999999999998,0.947,0.4600669124921163,47,93.93727355683222,110.13853545906022,0.0,0.0,0.0
2,imagenet,full,4,4e-05,0.9550000000000001,0.955,0.37216007232666015,47,94.56469984399155,110.52882255404256,0.0,0.0,0.0
2,imagenet,full,5,5e-05,0.9549999999999998,0.955,0.32495380981763206,47,93.84039531392045,110.11416004202329,0.0,0.0,0.0
2,imagenet,full,6,5e-05,0.96,0.96,0.30222439956665037,47,93.55265776789747,109.61292249988765,0.0,0.0,0.0
2,imagenet,full,7,4.9986318311391235e-05,0.9559999999999998,0.956,0.28810054969787596,47,93.72081555100158,109.74441795796156,0.0,0.0,0.0
2,imagenet,full,8,4.994528852626726e-05,0.961,0.961,0.280901601711909,47,93.50383199192584,109.43875596206635,0.0,0.0,0.0
2,imagenet,full,9,4.987695646966835e-05,0.9560000000000001,0.956,0.27616638843218483,47,94.33945419895463,110.48769358592108,0.0,0.0,0.0
2,imagenet,full,10,4.9781398459792115e-05,0.9629999999999999,0.963,0.27059426895777383,47,94.14241754100658,118.47867818386294,0.0,0.0,0.0
2,imagenet,full,11,4.96587212227557e-05,0.9629999999999999,0.963,0.264593160311381,47,93.80600497615524,109.68352340906858,0.0,0.0,0.0
2,imagenet,full,12,4.950906177339638e-05,0.97,0.97,0.2631190479596456,47,93.5173453669995,109.85000123013742,0.0,0.0,0.0
2,imagenet,full,13,4.9332587262243413e-05,0.9640000000000001,0.964,0.26239419881502785,47,94.31566433305852,110.18834567605518,0.0,0.0,0.0
2,imagenet,full,14,4.912949478883223e-05,0.9620000000000001,0.962,0.25834592851003013,47,94.0935557980556,110.01214237208478,0.0,0.0,0.0
2,imagenet,full,15,4.890001118156936e-05,0.9650000000000001,0.965,0.26023939601580304,47,93.51699880906381,109.64320386387408,0.0,0.0,0.0
2,imagenet,full,16,4.864439274439401e-05,0.961,0.961,0.2598600811958313,47,93.10882323700935,109.0171779890079,0.0,0.0,0.0
2,imagenet,full,17,4.836292497051926e-05,0.961,0.961,0.257049053033193,47,93.90283700893633,109.92969178990461,0.0,0.0,0.0
2,imagenet,full,18,4.8055922223572505e-05,0.958,0.958,0.2587405193646749,47,93.21527331206016,109.55230552703142,0.0,0.0,0.0
2,imagenet,full,19,4.7723727386491355e-05,0.959,0.959,0.25865953095753985,47,94.20763367088512,110.54413895099424,0.0,0.0,0.0
2,imagenet,full,20,4.7366711478567095e-05,0.9570000000000001,0.957,0.25674573850631716,47,94.64199178596027,110.74415005510673,0.0,0.0,0.0
2,imagenet,full,21,4.6985273241063454e-05,0.961,0.961,0.257234383503596,47,94.00162903405726,110.2963855471462,0.0,0.0,0.0
2,imagenet,full,22,4.657983869187342e-05,0.9659999999999999,0.966,0.2578704926172892,47,94.57429078989662,110.52014860091731,0.0,0.0,0.0
2,imagenet,full,23,4.615086064971153e-05,0.96,0.96,0.2574625723361969,47,94.52549217897467,110.51502794679254,0.0,0.0,0.0
2,imagenet,full,24,4.5698818228373126e-05,0.961,0.961,0.25561053935686745,47,94.0196888728533,110.01338221086189,0.0,0.0,0.0
2,imagenet,full,25,4.522421630162529e-05,0.966,0.966,0.25501734964052836,47,93.5932655329816,118.89683583192527,0.0,0.0,0.0
2,imagenet,full,26,4.4727584939327193e-05,0.961,0.961,0.25549779653549193,47,93.61867013084702,110.15422284114175,0.0,0.0,0.0
2,imagenet,full,27,4.420947881540964e-05,0.9630000000000001,0.963,0.2571529103120168,47,94.15874688909389,110.25644082692452,0.0,0.0,0.0
2,imagenet,full,28,4.3670476588374966e-05,0.967,0.967,0.25706964111328123,47,94.5846185667906,110.89353001699783,0.0,0.0,0.0
2,imagenet,full,29,4.311118025500927e-05,0.962,0.962,0.2553606218496958,47,94.84337198385037,110.88416308700107,0.0,0.0,0.0
2,imagenet,full,30,4.253221447802874e-05,0.9650000000000001,0.965,0.2551312664349874,47,93.36085809418,109.28337547695264,0.0,0.0,0.0
2,imagenet,full,31,4.193422588841098e-05,0.9630000000000001,0.963,0.2558304235140483,47,94.37723161303438,110.57870794506744,0.0,0.0,0.0
2,imagenet,full,32,4.1317882363190655e-05,0.9640000000000001,0.964,0.2548928359349569,47,94.25898434896953,110.20757386507466,0.0,0.0,0.0
2,imagenet,full,33,4.0683872279526e-05,0.96,0.96,0.2547801349957784,47,94.20406468794681,110.85370395891368,0.0,0.0,0.0
2,imagenet,full,34,4.00329037458692e-05,0.961,0.961,0.2538255406220754,47,94.60163429984823,110.3988340490032,0.0,0.0,0.0
2,imagenet,full,35,3.936570381109958e-05,0.9630000000000001,0.963,0.2547910481293996,47,94.12894281209446,110.24901305302046,0.0,0.0,0.0
2,imagenet,full,36,3.868301765250263e-05,0.9629999999999999,0.963,0.25436488167444865,47,94.54399671102874,110.35780120594427,0.0,0.0,0.0
2,imagenet,full,37,3.798560774350198e-05,0.958,0.958,0.25367943318684893,47,93.28819205798209,109.11338270409033,0.0,0.0,0.0
2,imagenet,full,38,3.7274253002073755e-05,0.9550000000000001,0.955,0.25311412644386294,47,93.92985266703181,110.0051432789769,0.0,0.0,0.0
2,imagenet,full,39,3.6549747920794496e-05,0.9570000000000001,0.957,0.2550546303590139,47,94.10843949206173,110.21124565089121,0.0,0.0,0.0
2,imagenet,full,40,3.581290167949421e-05,0.966,0.966,0.2551688751379649,47,93.75914563797414,109.77614597510546,0.0,0.0,0.0
2,imagenet,full,41,3.5064537241505625e-05,0.958,0.958,0.25416755231221516,47,94.21692892117426,110.23560928017832,0.0,0.0,0.0
2,imagenet,full,42,3.4305490434519064e-05,0.9600000000000002,0.96,0.2532389647960663,47,94.11738686193712,110.03333114087582,0.0,0.0,0.0
2,imagenet,full,43,3.353660901706944e-05,0.958,0.958,0.25398378030459084,47,93.11585180601105,108.89306882605888,0.0,0.0,0.0
2,imagenet,full,44,3.2758751731698036e-05,0.954,0.954,0.2534072016874949,47,93.88589982991107,109.85418829182163,0.0,0.0,0.0
2,imagenet,full,45,3.197278734584651e-05,0.962,0.962,0.2544193181991577,46,94.26479493710212,110.17741600819863,0.0,0.0,0.0
2,imagenet,full,46,3.1179593681554446e-05,0.9620000000000001,0.962,0.2533879025777181,47,93.30065456498414,109.42684307391755,0.0,0.0,0.0
2,imagenet,full,47,3.0380056635043986e-05,0.959,0.959,0.25398369805018106,47,93.4744963280391,109.66914460086264,0.0,0.0,0.0
2,imagenet,full,48,2.9575069187286692e-05,0.9639999999999999,0.964,0.2519771469434102,47,94.74952443293296,110.99990282417275,0.0,0.0,0.0
2,imagenet,full,49,2.876553040665759e-05,0.9579999999999999,0.958,0.25506803901990255,47,94.18649817700498,110.12703489791602,0.0,0.0,0.0
2,imagenet,full,50,2.7952344444790415e-05,0.9550000000000001,0.955,0.25413395754496254,47,93.2703136431519,116.96755575202405,0.0,0.0,0.0
2,imagenet,full,51,2.7136419526755484e-05,0.9559999999999998,0.956,0.2533372333844503,47,94.1781132700853,110.42162313801236,0.0,0.0,0.0
2,imagenet,full,52,2.631866693668803e-05,0.959,0.959,0.252145320336024,47,93.72749617206864,109.66731012798846,0.0,0.0,0.0
2,imagenet,full,53,2.5500000000000003e-05,0.9620000000000001,0.962,0.2528421680132548,47,92.41557604377158,108.5670235871803,0.0,0.0,0.0
2,imagenet,full,54,2.4681333063311983e-05,0.9620000000000001,0.962,0.2528326019446055,47,93.72732002311386,109.71290059899911,0.0,0.0,0.0
2,imagenet,full,55,2.3863580473244526e-05,0.9620000000000001,0.962,0.25469192576408384,47,93.66258281003684,109.75166681897826,0.0,0.0,0.0
2,imagenet,full,56,2.3047655555209592e-05,0.9610000000000001,0.961,0.251941783507665,47,93.64514952711761,109.73867536406033,0.0,0.0,0.0
2,imagenet,full,57,2.223446959334243e-05,0.958,0.958,0.25186734867095945,47,94.29971888801083,110.31044765911065,0.0,0.0,0.0
2,imagenet,full,58,2.1424930812713318e-05,0.9639999999999999,0.964,0.25278805899620055,47,94.12237023492344,110.38396664103493,0.0,0.0,0.0
2,imagenet,full,59,2.0619943364956024e-05,0.966,0.966,0.251849449634552,47,95.34212263603695,111.24623370403424,0.0,0.0,0.0
2,imagenet,full,60,1.9820406318445557e-05,0.9629999999999999,0.963,0.2521768708229065,47,93.26079698698595,109.30702334502712,0.0,0.0,0.0
2,imagenet,full,61,1.9027212654153495e-05,0.9670000000000002,0.967,0.25282228891054787,47,94.5734414390754,111.10735357180238,0.0,0.0,0.0
2,imagenet,full,62,1.824124826830197e-05,0.961,0.961,0.25159588702519736,47,94.57108521694317,110.47174978791736,0.0,0.0,0.0
2,imagenet,full,63,1.746339098293056e-05,0.9610000000000001,0.961,0.25283805187543235,47,94.82371469889767,111.35187296406366,0.0,0.0,0.0
2,imagenet,full,64,1.6694509565480943e-05,0.961,0.961,0.25291459798812865,47,94.40566890803166,110.4511313799303,0.0,0.0,0.0
2,imagenet,full,65,1.593546275849438e-05,0.961,0.961,0.2525903815428416,47,94.1209853917826,110.22872843802907,0.0,0.0,0.0
2,imagenet,full,66,1.5187098320505799e-05,0.9670000000000002,0.967,0.25138664531707766,47,94.1706082469318,110.08658105903305,0.0,0.0,0.0
2,imagenet,full,67,1.4450252079205502e-05,0.9680000000000002,0.968,0.25299672842025756,47,94.14239608403295,110.22920474479906,0.0,0.0,0.0
2,imagenet,full,68,1.372574699792625e-05,0.9630000000000001,0.963,0.2523420152664185,47,93.46215689205565,109.16816379595548,0.0,0.0,0.0
2,imagenet,full,69,1.3014392256498022e-05,0.966,0.966,0.2518290045261383,47,94.59650158090517,110.73978851386346,0.0,0.0,0.0
2,imagenet,full,70,1.2316982347497372e-05,0.9620000000000001,0.962,0.25182897567749024,47,94.12515104189515,110.39794940082356,0.0,0.0,0.0
2,imagenet,full,71,1.1634296188900416e-05,0.967,0.967,0.25125700720151267,47,94.05042676301673,110.05773889902048,0.0,0.0,0.0
2,imagenet,full,72,1.0967096254130799e-05,0.967,0.967,0.2519002742767334,47,94.84865542105399,111.03312742407434,0.0,0.0,0.0
2,imagenet,full,73,1.0316127720474006e-05,0.9700000000000001,0.97,0.25139903752009074,47,94.3274983628653,110.4574127420783,0.0,0.0,0.0
2,imagenet,full,74,9.682117636809343e-06,0.9700000000000001,0.97,0.25263617968559265,47,93.74101712810807,109.5860901819542,0.0,0.0,0.0
2,imagenet,full,75,9.065774111589031e-06,0.9659999999999999,0.966,0.2517353730201721,47,93.5099979240913,118.19375108508393,0.0,0.0,0.0
2,imagenet,full,76,8.467785521971265e-06,0.968,0.968,0.25175494607289634,47,94.13232742389664,110.1157630640082,0.0,0.0,0.0
2,imagenet,full,77,7.888819744990736e-06,0.968,0.968,0.25249728775024416,47,93.72090888605453,109.76534072193317,0.0,0.0,0.0
2,imagenet,full,78,7.329523411625039e-06,0.9700000000000001,0.97,0.2513422412872314,47,94.43947230698541,110.5792140129488,0.0,0.0,0.0
2,imagenet,full,79,6.790521184590367e-06,0.9700000000000001,0.97,0.25141010093688965,47,94.30557187786326,110.3294162270613,0.0,0.0,0.0
2,imagenet,full,80,6.272415060672806e-06,0.969,0.969,0.2517224067846934,47,93.18846479803324,109.44220919697545,0.0,0.0,0.0
2,imagenet,full,81,5.77578369837471e-06,0.9709999999999999,0.971,0.251227334578832,47,94.92816839111038,110.88427346711978,0.0,0.0,0.0
2,imagenet,full,82,5.301181771626878e-06,0.969,0.969,0.2512073134581248,47,94.40424892609008,110.11636673496105,0.0,0.0,0.0
2,imagenet,full,83,4.849139350288474e-06,0.968,0.968,0.2517371629079183,47,92.37704514991492,108.31128061097115,0.0,0.0,0.0
2,imagenet,full,84,4.420161308126591e-06,0.9700000000000001,0.97,0.25248990607261657,47,92.6862392979674,108.36636849516071,0.0,0.0,0.0
2,imagenet,full,85,4.014726758936549e-06,0.9710000000000001,0.971,0.2528583238919576,47,92.4064821000211,108.347074824851,0.0,0.0,0.0
2,imagenet,full,86,3.6332885214329124e-06,0.9700000000000001,0.97,0.2522812996705373,47,92.58479531900957,108.35802964586765,0.0,0.0,0.0
2,imagenet,full,87,3.2762726135086534e-06,0.9720000000000001,0.972,0.25144053634007774,47,92.70536787086166,108.68388822302222,0.0,0.0,0.0
2,imagenet,full,88,2.9440777764274926e-06,0.9720000000000001,0.972,0.2517676356633504,47,92.98458919092081,108.66504963091575,0.0,0.0,0.0
2,imagenet,full,89,2.6370750294807374e-06,0.9720000000000001,0.972,0.25114566310246783,47,93.62189492909238,109.60688853706233,0.0,0.0,0.0
2,imagenet,full,90,2.3556072556059925e-06,0.9710000000000001,0.971,0.2524009252389272,47,92.63036666507833,108.5078119309619,0.0,0.0,0.0
2,imagenet,full,91,2.0999888184306456e-06,0.9700000000000001,0.97,0.2519937040011088,47,93.01591535494663,108.79915438010357,0.0,0.0,0.0
2,imagenet,full,92,1.8705052111677768e-06,0.9700000000000001,0.97,0.251297321955363,47,93.39540326106362,109.14516542199999,0.0,0.0,0.0
2,imagenet,full,93,1.6674127377565921e-06,0.9700000000000001,0.97,0.2511954375902812,47,93.63731964002363,109.57200670498423,0.0,0.0,0.0
2,imagenet,full,94,1.4909382266036246e-06,0.9690000000000001,0.969,0.2513808658123016,47,93.68736852100119,109.37973926984705,0.0,0.0,0.0
2,imagenet,full,95,1.3412787772443001e-06,0.9700000000000001,0.97,0.2512249722480774,47,92.59171413304284,108.43669827189296,0.0,0.0,0.0
2,imagenet,full,96,1.2186015402078894e-06,0.9700000000000001,0.97,0.2510319588979085,47,92.32886962103657,107.9101364358794,0.0,0.0,0.0
2,imagenet,full,97,1.1230435303316486e-06,0.9700000000000001,0.97,0.25108610081672667,47,92.15915411291644,107.90822480199859,0.0,0.0,0.0
2,imagenet,full,98,1.0547114737327475e-06,0.9700000000000001,0.97,0.25164622020721433,47,92.98391822096892,108.63763167196885,0.0,0.0,0.0
2,imagenet,full,99,1.013681688608762e-06,0.9680000000000002,0.968,0.25142847148577374,47,93.60564623191021,109.53078474896029,0.0,0.0,0.0
2,imagenet,full,100,1e-06,0.967,0.967,0.250976246992747,47,92.63108112500049,120.96555900084786,0.0,0.0,0.0
2,imagenet,low_score_rescue_10,1,1e-05,0.768,0.768,1.7007925214767456,47,98.06672882591374,114.4285139751155,10.0,0.6471666666666667,1.3561666666666667
2,imagenet,low_score_rescue_10,2,2e-05,0.938,0.938,0.813798282623291,47,101.92785402806476,118.95436194189824,10.0,0.5663333333333334,1.2488333333333332
2,imagenet,low_score_rescue_10,3,3.0000000000000004e-05,0.9469999999999998,0.947,0.45802161455154417,47,98.20458802301437,115.41293305112049,10.0,0.602,1.2576666666666667
2,imagenet,low_score_rescue_10,4,4e-05,0.9579999999999999,0.958,0.3726905887921651,47,97.8040248658508,114.34232370997779,10.0,0.6233333333333333,1.271
2,imagenet,low_score_rescue_10,5,5e-05,0.9579999999999999,0.958,0.3266204433441162,47,96.4200111599639,112.60930004692636,10.0,0.6475,1.2841666666666667
2,imagenet,low_score_rescue_10,6,5e-05,0.97,0.97,0.30515171456336976,47,98.26429964601994,114.98925438104197,10.0,0.6473333333333333,1.348
2,imagenet,low_score_rescue_10,7,4.9986318311391235e-05,0.9570000000000001,0.957,0.29061874810854593,47,98.11602637683973,114.214076817967,10.0,0.696,1.334
2,imagenet,low_score_rescue_10,8,4.994528852626726e-05,0.96,0.96,0.28649792369206745,47,97.81115454388782,113.8146480829455,10.0,0.6578333333333334,1.2913333333333334
2,imagenet,low_score_rescue_10,9,4.987695646966835e-05,0.958,0.958,0.2773942869504293,47,97.69572255108505,113.98768006893806,10.0,0.6923333333333334,1.321
2,imagenet,low_score_rescue_10,10,4.9781398459792115e-05,0.9579999999999999,0.958,0.27664858182271324,47,98.00533275515772,122.76598474592902,10.0,0.704,1.3958333333333333
2,imagenet,low_score_rescue_10,11,4.96587212227557e-05,0.962,0.962,0.26921159569422404,47,99.27988691884093,115.93682384490967,10.0,0.7298333333333333,1.4368333333333334
2,imagenet,low_score_rescue_10,12,4.950906177339638e-05,0.959,0.959,0.26962867498397824,47,98.44535825401545,114.76886656181887,10.0,0.7403333333333333,1.4738333333333333
2,imagenet,low_score_rescue_10,13,4.9332587262243413e-05,0.966,0.966,0.26611229745546977,47,98.13161670486443,114.88899064599536,10.0,0.7296666666666667,1.3665
2,imagenet,low_score_rescue_10,14,4.912949478883223e-05,0.954,0.954,0.26394711939493815,47,96.97834301600233,113.40201639500447,10.0,0.7443333333333333,1.397
2,imagenet,low_score_rescue_10,15,4.890001118156936e-05,0.96,0.96,0.26705764285723366,47,98.32679813192226,114.45113962399773,10.0,0.7738333333333334,1.429
2,imagenet,low_score_rescue_10,16,4.864439274439401e-05,0.959,0.959,0.26464911572138466,47,98.16815363615751,114.33993301796727,10.0,0.7833333333333333,1.48
2,imagenet,low_score_rescue_10,17,4.836292497051926e-05,0.9630000000000001,0.963,0.26435726737976073,47,97.65847208816558,113.68566235410981,10.0,0.7901666666666667,1.4085
2,imagenet,low_score_rescue_10,18,4.8055922223572505e-05,0.953,0.953,0.2626397409439087,47,97.96304813888855,114.4939666048158,10.0,0.759,1.4273333333333333
2,imagenet,low_score_rescue_10,19,4.7723727386491355e-05,0.9569999999999999,0.957,0.26525042462348936,47,99.27453647786751,115.60637425608002,10.0,0.7598333333333334,1.4495
2,imagenet,low_score_rescue_10,20,4.7366711478567095e-05,0.9649999999999999,0.965,0.2624364406267802,47,98.13911700784229,115.09615305392072,10.0,0.7816666666666666,1.4623333333333333
2,imagenet,low_score_rescue_10,21,4.6985273241063454e-05,0.9620000000000001,0.962,0.2640716745853424,47,98.70531748794019,115.06315417285077,10.0,0.7895,1.4376666666666666
2,imagenet,low_score_rescue_10,22,4.657983869187342e-05,0.9600000000000002,0.96,0.26221703775723776,47,97.5233676538337,113.99809827795252,10.0,0.761,1.412
2,imagenet,low_score_rescue_10,23,4.615086064971153e-05,0.9620000000000001,0.962,0.2607451217969259,47,99.09245158103295,115.56208714214154,10.0,0.7428333333333333,1.453
2,imagenet,low_score_rescue_10,24,4.5698818228373126e-05,0.9590000000000002,0.959,0.25989848184585573,47,99.70807540090755,116.14524220488966,10.0,0.7753333333333333,1.4708333333333334
2,imagenet,low_score_rescue_10,25,4.522421630162529e-05,0.959,0.959,0.25878170879681905,47,99.17468302906491,122.9020466429647,10.0,0.743,1.4263333333333332
2,imagenet,low_score_rescue_10,26,4.4727584939327193e-05,0.96,0.96,0.2597392937342326,47,98.55312788696028,114.8613724890165,10.0,0.7626666666666667,1.4423333333333332
2,imagenet,low_score_rescue_10,27,4.420947881540964e-05,0.97,0.97,0.2596032772858938,47,98.23536300403066,114.43400730215944,10.0,0.7925,1.4688333333333334
2,imagenet,low_score_rescue_10,28,4.3670476588374966e-05,0.9610000000000001,0.961,0.2584012042681376,47,97.8198305061087,114.1614782831166,10.0,0.7706666666666667,1.5205
2,imagenet,low_score_rescue_10,29,4.311118025500927e-05,0.9629999999999999,0.963,0.25977739874521893,47,98.01059846812859,114.34326642099768,10.0,0.8046666666666666,1.5138333333333334
2,imagenet,low_score_rescue_10,30,4.253221447802874e-05,0.966,0.966,0.25953855689366656,47,97.98226139391772,114.38779868301935,10.0,0.7895,1.5755
2,imagenet,low_score_rescue_10,31,4.193422588841098e-05,0.96,0.96,0.26001554656028747,47,99.00751327094622,115.5777872230392,10.0,0.7698333333333334,1.5715
2,imagenet,low_score_rescue_10,32,4.1317882363190655e-05,0.959,0.959,0.25780641301472984,47,98.89804519317113,115.33057103399187,10.0,0.763,1.5155
2,imagenet,low_score_rescue_10,33,4.0683872279526e-05,0.959,0.959,0.25717473634084065,47,97.64538915199228,113.95553409704007,10.0,0.7605,1.5085
2,imagenet,low_score_rescue_10,34,4.00329037458692e-05,0.9579999999999999,0.958,0.2574050192038218,47,98.82574759004638,115.01089340494946,10.0,0.7596666666666667,1.4936666666666667
2,imagenet,low_score_rescue_10,35,3.936570381109958e-05,0.962,0.962,0.25703673617045086,47,97.9254102089908,114.07744983793236,10.0,0.7555,1.5421666666666667
2,imagenet,low_score_rescue_10,36,3.868301765250263e-05,0.958,0.958,0.2572593555450439,47,97.36878376593813,113.64187000785023,10.0,0.7773333333333333,1.4576666666666667
2,imagenet,low_score_rescue_10,37,3.798560774350198e-05,0.96,0.96,0.2604891174634298,47,96.91636800509878,113.34282210213132,10.0,0.7755,1.492
2,imagenet,low_score_rescue_10,38,3.7274253002073755e-05,0.953,0.953,0.25976759115854897,47,98.00910348398611,114.53470303607173,10.0,0.7978333333333333,1.5278333333333334
2,imagenet,low_score_rescue_10,39,3.6549747920794496e-05,0.9560000000000001,0.956,0.26137238629659015,47,98.26928468002006,114.24011802114546,10.0,0.7995,1.5098333333333334
2,imagenet,low_score_rescue_10,40,3.581290167949421e-05,0.961,0.961,0.26194560766220093,47,98.46471096901223,114.76699450798333,10.0,0.826,1.5423333333333333
2,imagenet,low_score_rescue_10,41,3.5064537241505625e-05,0.9629999999999999,0.963,0.25984353001912436,47,97.75439507490955,114.17620580410585,10.0,0.8091666666666667,1.4678333333333333
2,imagenet,low_score_rescue_10,42,3.4305490434519064e-05,0.9650000000000001,0.965,0.2623810246785482,47,98.17709671403281,114.7761687641032,10.0,0.7845,1.4586666666666666
2,imagenet,low_score_rescue_10,43,3.353660901706944e-05,0.9690000000000001,0.969,0.26067133808135984,47,98.34644429502077,115.1852478350047,10.0,0.7953333333333333,1.44
2,imagenet,low_score_rescue_10,44,3.2758751731698036e-05,0.968,0.968,0.2574949566523234,47,97.1963196429424,113.27754063811153,10.0,0.7976666666666666,1.4435
2,imagenet,low_score_rescue_10,45,3.197278734584651e-05,0.967,0.967,0.2576902821858724,47,98.24477359792218,114.9367701348383,10.0,0.8003333333333333,1.4321666666666666
2,imagenet,low_score_rescue_10,46,3.1179593681554446e-05,0.968,0.968,0.25602203408877056,47,98.19846637779847,114.66830534604378,10.0,0.782,1.4486666666666668
2,imagenet,low_score_rescue_10,47,3.0380056635043986e-05,0.966,0.966,0.256905898809433,47,99.72791242203675,116.38569575292058,10.0,0.8025,1.4456666666666667
2,imagenet,low_score_rescue_10,48,2.9575069187286692e-05,0.9720000000000001,0.972,0.25775018652280174,47,98.43605074216612,114.78679628204554,10.0,0.7726666666666666,1.4358333333333333
2,imagenet,low_score_rescue_10,49,2.876553040665759e-05,0.9649999999999999,0.965,0.2593695851167043,47,98.39361064694822,114.53430376807228,10.0,0.7716666666666666,1.4131666666666667
2,imagenet,low_score_rescue_10,50,2.7952344444790415e-05,0.97,0.97,0.2581372614701589,47,98.42037487309426,122.30741438106634,10.0,0.7825,1.4251666666666667
2,imagenet,low_score_rescue_10,51,2.7136419526755484e-05,0.9670000000000002,0.967,0.2595837658246358,47,98.44654938695021,114.7651190070901,10.0,0.7766666666666666,1.395
2,imagenet,low_score_rescue_10,52,2.631866693668803e-05,0.966,0.966,0.25564692600568134,47,98.0723670120351,114.49733042786829,10.0,0.7558333333333334,1.3911666666666667
2,imagenet,low_score_rescue_10,53,2.5500000000000003e-05,0.9690000000000001,0.969,0.2570660167535146,47,98.53288930398412,114.36938669113442,10.0,0.7593333333333333,1.4351666666666667
2,imagenet,low_score_rescue_10,54,2.4681333063311983e-05,0.966,0.966,0.2566239372094472,47,96.89977857889608,112.86549215205014,10.0,0.7595,1.4413333333333334
2,imagenet,low_score_rescue_10,55,2.3863580473244526e-05,0.9649999999999999,0.965,0.25829552857081095,47,96.22842828114517,112.2654329801444,10.0,0.7558333333333334,1.4583333333333333
2,imagenet,low_score_rescue_10,56,2.3047655555209592e-05,0.9610000000000001,0.961,0.25721845984458924,46,95.83678114786744,112.2705914399121,10.0,0.7586666666666667,1.4463333333333332
2,imagenet,low_score_rescue_10,57,2.223446959334243e-05,0.9650000000000001,0.965,0.2556076324780782,47,96.44550549704581,112.63769643893465,10.0,0.7363333333333333,1.4231666666666667
2,imagenet,low_score_rescue_10,58,2.1424930812713318e-05,0.97,0.97,0.25539009992281597,47,96.1821429040283,112.27809944888577,10.0,0.7345,1.4735
2,imagenet,low_score_rescue_10,59,2.0619943364956024e-05,0.9640000000000001,0.964,0.2558096484343211,47,97.12322933902033,113.3745977471117,10.0,0.7568333333333334,1.4828333333333332
2,imagenet,low_score_rescue_10,60,1.9820406318445557e-05,0.9640000000000001,0.964,0.25643472067515055,47,96.20685567311011,112.5319992119912,10.0,0.7558333333333334,1.4618333333333333
2,imagenet,low_score_rescue_10,61,1.9027212654153495e-05,0.968,0.968,0.2571329515775045,47,96.97037247614935,113.22163718705997,10.0,0.761,1.4913333333333334
2,imagenet,low_score_rescue_10,62,1.824124826830197e-05,0.966,0.966,0.2556722497940063,47,97.09467048500665,113.0720917028375,10.0,0.7746666666666666,1.4791666666666667
2,imagenet,low_score_rescue_10,63,1.746339098293056e-05,0.9710000000000001,0.971,0.2575083142916362,47,96.10627765697427,112.23499748995528,10.0,0.8001666666666667,1.4883333333333333
2,imagenet,low_score_rescue_10,64,1.6694509565480943e-05,0.966,0.966,0.2566367423534393,47,95.22156594297849,111.13836029008962,10.0,0.8253333333333334,1.4983333333333333
2,imagenet,low_score_rescue_10,65,1.593546275849438e-05,0.969,0.969,0.2573168302377065,47,97.11610303982161,113.37961080297828,10.0,0.8181666666666667,1.503
2,imagenet,low_score_rescue_10,66,1.5187098320505799e-05,0.9700000000000001,0.97,0.25830610871315,47,97.19192969612777,113.2460991370026,10.0,0.8108333333333333,1.529
2,imagenet,low_score_rescue_10,67,1.4450252079205502e-05,0.9680000000000002,0.968,0.2584219121138255,47,96.99276995100081,113.08194766100496,10.0,0.8145,1.5521666666666667
2,imagenet,low_score_rescue_10,68,1.372574699792625e-05,0.9710000000000001,0.971,0.25764674973487856,47,97.69105388596654,113.90366363688372,10.0,0.803,1.5295
2,imagenet,low_score_rescue_10,69,1.3014392256498022e-05,0.9719999999999999,0.972,0.2562334577242533,47,96.68989823781885,113.46396594098769,10.0,0.8138333333333333,1.4996666666666667
2,imagenet,low_score_rescue_10,70,1.2316982347497372e-05,0.966,0.966,0.25667750239372256,47,96.0777727230452,112.28859233204275,10.0,0.8031666666666667,1.4863333333333333
2,imagenet,low_score_rescue_10,71,1.1634296188900416e-05,0.967,0.967,0.2559310780366262,47,96.57857543998398,112.27699888893403,10.0,0.791,1.5043333333333333
2,imagenet,low_score_rescue_10,72,1.0967096254130799e-05,0.9640000000000001,0.964,0.25617049042383827,47,94.43719222513027,109.87738250405528,10.0,0.8016666666666666,1.4975
2,imagenet,low_score_rescue_10,73,1.0316127720474006e-05,0.9709999999999999,0.971,0.2569671109517415,47,92.01791117317043,107.52767162094824,10.0,0.7928333333333333,1.5046666666666666
2,imagenet,low_score_rescue_10,74,9.682117636809343e-06,0.9700000000000001,0.97,0.25958937176068625,47,92.61445789807476,108.14167543197982,10.0,0.8043333333333333,1.5086666666666666
2,imagenet,low_score_rescue_10,75,9.065774111589031e-06,0.975,0.975,0.2549626541137695,47,93.26006558700465,114.76967722806148,10.0,0.7888333333333334,1.5385
2,imagenet,low_score_rescue_10,76,8.467785521971265e-06,0.974,0.974,0.25552697030703225,47,92.41636278806254,108.01360240904614,10.0,0.7801666666666667,1.5031666666666668
2,imagenet,low_score_rescue_10,77,7.888819744990736e-06,0.9730000000000001,0.973,0.2574186844031016,47,92.74745620088652,108.32558141811751,10.0,0.7805,1.4803333333333333
2,imagenet,low_score_rescue_10,78,7.329523411625039e-06,0.97,0.97,0.25578327107429505,47,92.94821482500993,108.44045564113185,10.0,0.7745,1.5106666666666666
2,imagenet,low_score_rescue_10,79,6.790521184590367e-06,0.969,0.969,0.25644668952624006,47,93.29298749007285,108.9484016308561,10.0,0.7826666666666666,1.497
2,imagenet,low_score_rescue_10,80,6.272415060672806e-06,0.9729999999999999,0.973,0.25568702546755473,47,93.07641453389078,108.46899621095508,10.0,0.7876666666666666,1.5115
2,imagenet,low_score_rescue_10,81,5.77578369837471e-06,0.9719999999999999,0.972,0.2552946832180023,47,92.38506109896116,107.87619058904238,10.0,0.7795,1.5038333333333334
2,imagenet,low_score_rescue_10,82,5.301181771626878e-06,0.97,0.97,0.2563074728647868,47,91.51138189109042,107.17204119102098,10.0,0.7815,1.4996666666666667
2,imagenet,low_score_rescue_10,83,4.849139350288474e-06,0.9730000000000001,0.973,0.2562046003341675,47,91.58323806384578,107.18380227405578,10.0,0.7705,1.509
2,imagenet,low_score_rescue_10,84,4.420161308126591e-06,0.9710000000000001,0.971,0.25505472071965535,47,92.8530928909313,108.40249892114662,10.0,0.766,1.506
2,imagenet,low_score_rescue_10,85,4.014726758936549e-06,0.9710000000000001,0.971,0.2555614476998647,47,93.35405112593435,108.87988188699819,10.0,0.7873333333333333,1.5125
2,imagenet,low_score_rescue_10,86,3.6332885214329124e-06,0.9710000000000001,0.971,0.25587347292900087,47,93.42028993996792,109.34135016100481,10.0,0.7785,1.4978333333333333
2,imagenet,low_score_rescue_10,87,3.2762726135086534e-06,0.9730000000000001,0.973,0.2551991410255432,47,93.05168601009063,108.66096465312876,10.0,0.7753333333333333,1.5116666666666667
2,imagenet,low_score_rescue_10,88,2.9440777764274926e-06,0.9720000000000001,0.972,0.2552151064078013,47,92.45176841202192,108.15195548301563,10.0,0.7665,1.4933333333333334
2,imagenet,low_score_rescue_10,89,2.6370750294807374e-06,0.9720000000000001,0.972,0.2550280323028564,47,91.86816006503068,107.23926279786974,10.0,0.7845,1.5086666666666666
2,imagenet,low_score_rescue_10,90,2.3556072556059925e-06,0.9710000000000001,0.971,0.25671438670158386,47,91.89890577993356,107.62134851515293,10.0,0.7771666666666667,1.5191666666666668
2,imagenet,low_score_rescue_10,91,2.0999888184306456e-06,0.9719999999999999,0.972,0.2546599417527517,47,93.4812985509634,109.1601933920756,10.0,0.7836666666666666,1.4985
2,imagenet,low_score_rescue_10,92,1.8705052111677768e-06,0.9719999999999999,0.972,0.2559877667427063,47,93.31837296183221,109.23486158205196,10.0,0.7868333333333334,1.4916666666666667
2,imagenet,low_score_rescue_10,93,1.6674127377565921e-06,0.9719999999999999,0.972,0.25427106221516926,47,93.09954144386575,108.68259168881923,10.0,0.7641666666666667,1.4976666666666667
2,imagenet,low_score_rescue_10,94,1.4909382266036246e-06,0.9719999999999999,0.972,0.2545764361222585,47,92.93092190800235,108.84522460610606,10.0,0.7761666666666667,1.513
2,imagenet,low_score_rescue_10,95,1.3412787772443001e-06,0.9730000000000001,0.973,0.2546223712762197,47,93.67067815619521,109.40453137317672,10.0,0.794,1.5131666666666668
2,imagenet,low_score_rescue_10,96,1.2186015402078894e-06,0.9719999999999999,0.972,0.2558753396670024,47,92.31770189991221,107.74004765087739,10.0,0.782,1.5008333333333332
2,imagenet,low_score_rescue_10,97,1.1230435303316486e-06,0.9730000000000001,0.973,0.2554534142812093,47,93.8482476901263,110.15222942293622,10.0,0.776,1.5271666666666666
2,imagenet,low_score_rescue_10,98,1.0547114737327475e-06,0.9719999999999999,0.972,0.2557325441837311,47,92.20374898496084,107.56268308102153,10.0,0.7688333333333334,1.5238333333333334
2,imagenet,low_score_rescue_10,99,1.013681688608762e-06,0.9719999999999999,0.972,0.2543073716163635,47,91.93202055990696,107.25296963006258,10.0,0.767,1.4916666666666667
2,imagenet,low_score_rescue_10,100,1e-06,0.9710000000000001,0.971,0.2547610529263814,47,92.07196912798099,112.61651122709736,10.0,0.778,1.5045
2,imagenet,random,1,1e-05,0.7699999999999999,0.77,1.691580537478129,47,94.92067007604055,111.77574377018027,0.0,3.129166666666667,14.352166666666667
2,imagenet,random,2,2e-05,0.9359999999999999,0.936,0.8100489470163981,47,97.2876649540849,114.33236210909672,0.0,2.8505,14.574166666666667
2,imagenet,random,3,3.0000000000000004e-05,0.946,0.946,0.4679245320955912,47,94.33160228002816,110.69528447301127,0.0,2.964166666666667,14.475833333333334
2,imagenet,random,4,4e-05,0.9579999999999999,0.958,0.3934880614280701,47,93.94955083401874,110.353934610961,0.0,3.0643333333333334,14.3715
2,imagenet,random,5,5e-05,0.952,0.952,0.3577990085283915,47,92.81528898398392,109.31249914807267,0.0,3.2038333333333333,14.2405
2,imagenet,random,6,5e-05,0.961,0.961,0.333127729733785,47,94.17037377599627,110.41709777293727,0.0,3.162166666666667,14.2375
2,imagenet,random,7,4.9986318311391235e-05,0.9600000000000002,0.96,0.3211274129549662,47,94.02807033597492,110.1532863820903,0.0,3.34,14.12
2,imagenet,random,8,4.994528852626726e-05,0.9639999999999999,0.964,0.3180426437060038,47,92.98662728699856,109.17186070606112,0.0,3.3465,14.152666666666667
2,imagenet,random,9,4.987695646966835e-05,0.9570000000000001,0.957,0.30736316537857056,47,93.12851427821442,109.32172735594213,0.0,3.5395,13.926666666666666
2,imagenet,random,10,4.9781398459792115e-05,0.9640000000000001,0.964,0.3057535309791565,47,93.74226556182839,120.04683459503576,0.0,3.494666666666667,13.922333333333333
2,imagenet,random,11,4.96587212227557e-05,0.967,0.967,0.2994497454961141,47,93.4483055290766,109.56543072499335,0.0,3.534666666666667,13.978833333333334
2,imagenet,random,12,4.950906177339638e-05,0.9669999999999999,0.967,0.30537354866663613,47,93.46528395987116,109.50127589004114,0.0,3.5736666666666665,13.8615
2,imagenet,random,13,4.9332587262243413e-05,0.958,0.958,0.3055295592149099,47,93.72509241919033,109.86055642715655,0.0,3.5833333333333335,13.854666666666667
2,imagenet,random,14,4.912949478883223e-05,0.9640000000000001,0.964,0.303603684981664,47,93.81216927012429,109.79604305699468,0.0,3.6338333333333335,13.744
2,imagenet,random,15,4.890001118156936e-05,0.959,0.959,0.300292821486791,47,93.41446776804514,109.28286665910855,0.0,3.650166666666667,13.787666666666667
2,imagenet,random,16,4.864439274439401e-05,0.959,0.959,0.2984977067311605,47,93.34355133306235,109.53991725901142,0.0,3.800333333333333,13.6535
2,imagenet,random,17,4.836292497051926e-05,0.958,0.958,0.2983984615802765,47,93.19565556989983,109.44246816006489,0.0,3.8466666666666667,13.591666666666667
2,imagenet,random,18,4.8055922223572505e-05,0.952,0.952,0.3010169906616211,47,93.0885643758811,109.13568057003431,0.0,3.773833333333333,13.646333333333333
2,imagenet,random,19,4.7723727386491355e-05,0.961,0.961,0.29644651905695596,47,93.39587159897201,109.71324708801694,0.0,3.567,13.834666666666667
2,imagenet,random,20,4.7366711478567095e-05,0.9639999999999999,0.964,0.2968698205947876,47,94.51918481197208,110.38096539187245,0.0,3.5271666666666666,13.954166666666667
2,imagenet,random,21,4.6985273241063454e-05,0.97,0.97,0.29765293264389037,47,93.88896551798098,110.1342976919841,0.0,3.7443333333333335,13.719166666666666
2,imagenet,random,22,4.657983869187342e-05,0.9640000000000001,0.964,0.2949214567343394,47,93.66838792199269,109.85721254395321,0.0,3.812666666666667,13.719333333333333
2,imagenet,random,23,4.615086064971153e-05,0.966,0.966,0.29834056536356607,47,94.02830719901249,110.36641379492357,0.0,3.6761666666666666,13.778833333333333
2,imagenet,random,24,4.5698818228373126e-05,0.9650000000000001,0.965,0.29336781096458436,47,95.6593236180488,112.55470312898979,0.0,3.6998333333333333,13.794
2,imagenet,random,25,4.522421630162529e-05,0.959,0.959,0.29181671937306725,47,93.3944318362046,122.17591299396008,0.0,3.7006666666666668,13.787833333333333
2,imagenet,random,26,4.4727584939327193e-05,0.9670000000000002,0.967,0.29536463085810344,47,93.3557539829053,109.43502710899338,0.0,3.695333333333333,13.7805
2,imagenet,random,27,4.420947881540964e-05,0.962,0.962,0.29382185387611387,47,93.21567628812045,109.84968481515534,0.0,3.663666666666667,13.783666666666667
2,imagenet,random,28,4.3670476588374966e-05,0.968,0.968,0.2867189706961314,47,94.98778358800337,111.59431683598086,0.0,3.5493333333333332,13.872333333333334
2,imagenet,random,29,4.311118025500927e-05,0.961,0.961,0.2957967546780904,47,93.6385825399775,109.65315790101886,0.0,3.5096666666666665,13.926166666666667
2,imagenet,random,30,4.253221447802874e-05,0.966,0.966,0.293961625734965,47,92.99853590107523,108.87970900186338,0.0,3.4091666666666667,13.977
2,imagenet,random,31,4.193422588841098e-05,0.966,0.966,0.2947094291051229,47,93.34049768885598,109.53226645290852,0.0,3.4608333333333334,14.053166666666666
2,imagenet,random,32,4.1317882363190655e-05,0.96,0.96,0.2912723534901937,47,93.79577630595304,110.2038184730336,0.0,3.4766666666666666,13.978
2,imagenet,random,33,4.0683872279526e-05,0.9710000000000001,0.971,0.2904930591583252,47,92.78023682208732,108.92115867696702,0.0,3.4808333333333334,13.881833333333333
2,imagenet,random,34,4.00329037458692e-05,0.967,0.967,0.2940294249852498,47,94.0215477780439,110.16544814081863,0.0,3.5688333333333335,13.861833333333333
2,imagenet,random,35,3.936570381109958e-05,0.966,0.966,0.2914259031613668,47,93.07976252306253,109.42866998794489,0.0,3.4631666666666665,14.025833333333333
2,imagenet,random,36,3.868301765250263e-05,0.9690000000000001,0.969,0.29032505321502683,47,94.272796460893,110.43936420790851,0.0,3.4671666666666665,14.0105
2,imagenet,random,37,3.798560774350198e-05,0.9669999999999999,0.967,0.2921472998460134,47,93.36785558983684,109.37236334197223,0.0,3.382833333333333,14.0615
2,imagenet,random,38,3.7274253002073755e-05,0.9549999999999998,0.955,0.28855425874392193,47,93.59300951706246,109.93564067687839,0.0,3.425,14.045333333333334
2,imagenet,random,39,3.6549747920794496e-05,0.9579999999999999,0.958,0.29580246313412983,47,93.83870337787084,109.88805409986526,0.0,3.404166666666667,14.103666666666667
2,imagenet,random,40,3.581290167949421e-05,0.9640000000000001,0.964,0.28962374599774676,47,93.42139817797579,109.84978455095552,0.0,3.372,14.040166666666666
2,imagenet,random,41,3.5064537241505625e-05,0.96,0.96,0.29443244290351867,47,92.53246706700884,108.8663172160741,0.0,3.539833333333333,13.931333333333333
2,imagenet,random,42,3.4305490434519064e-05,0.9640000000000001,0.964,0.2892296644846598,47,94.08343038102612,110.32895175996237,0.0,3.4598333333333335,13.988333333333333
2,imagenet,random,43,3.353660901706944e-05,0.9620000000000001,0.962,0.2856661797364553,47,93.57585749193095,109.56836305605248,0.0,3.5055,13.9515
2,imagenet,random,44,3.2758751731698036e-05,0.962,0.962,0.2933914659023285,47,93.53649165807292,110.04417838901281,0.0,3.514,13.935666666666666
2,imagenet,random,45,3.197278734584651e-05,0.96,0.96,0.2899354311625163,47,94.08427179604769,110.48365266504698,0.0,3.4863333333333335,13.962
2,imagenet,random,46,3.1179593681554446e-05,0.9629999999999999,0.963,0.2909763254324595,47,94.72521362197585,110.74461094802245,0.0,3.5136666666666665,13.912666666666667
2,imagenet,random,47,3.0380056635043986e-05,0.9680000000000002,0.968,0.28839266959826154,47,93.73258547997102,110.14311517286114,0.0,3.6061666666666667,13.818
2,imagenet,random,48,2.9575069187286692e-05,0.9579999999999999,0.958,0.2849245244661967,47,92.92888184497133,109.01625706395134,0.0,3.6453333333333333,13.7775
2,imagenet,random,49,2.876553040665759e-05,0.969,0.969,0.2884124503135681,47,93.39757881499827,109.58796801581047,0.0,3.554,13.915
2,imagenet,random,50,2.7952344444790415e-05,0.969,0.969,0.2882777551015218,47,93.84168023220263,118.86336079891771,0.0,3.538666666666667,13.879333333333333
2,imagenet,random,51,2.7136419526755484e-05,0.9649999999999999,0.965,0.28778971687952676,47,93.06948305503465,109.03266463591717,0.0,3.523833333333333,13.901
2,imagenet,random,52,2.631866693668803e-05,0.9669999999999999,0.967,0.2925792140165965,47,93.40306219714694,109.30666038906202,0.0,3.4423333333333335,14.008666666666667
2,imagenet,random,53,2.5500000000000003e-05,0.966,0.966,0.2897237510681152,47,93.70220823888667,110.13002107711509,0.0,3.4796666666666667,13.9205
2,imagenet,random,54,2.4681333063311983e-05,0.9649999999999999,0.965,0.28748737088839216,47,93.53813484986313,109.68964827503078,0.0,3.4793333333333334,13.991333333333333
2,imagenet,random,55,2.3863580473244526e-05,0.968,0.968,0.28804646801948547,47,93.62356401095167,109.64278650307097,0.0,3.5003333333333333,13.9735
2,imagenet,random,56,2.3047655555209592e-05,0.9710000000000001,0.971,0.28831330959002177,47,92.63710619881749,109.08592420909554,0.0,3.497333333333333,13.9385
2,imagenet,random,57,2.223446959334243e-05,0.969,0.969,0.2874775244394938,47,93.07152705290355,109.38733486505225,0.0,3.49,13.942
2,imagenet,random,58,2.1424930812713318e-05,0.968,0.968,0.2877619501749675,47,93.33240444585681,109.30323678511195,0.0,3.532,13.984333333333334
2,imagenet,random,59,2.0619943364956024e-05,0.9649999999999999,0.965,0.28793181975682575,47,95.30916646984406,111.41833007289097,0.0,3.5696666666666665,13.917333333333334
2,imagenet,random,60,1.9820406318445557e-05,0.9669999999999999,0.967,0.28792339539527895,47,92.96548594604246,109.16109050717205,0.0,3.561,13.852666666666666
2,imagenet,random,61,1.9027212654153495e-05,0.9649999999999999,0.965,0.2907732408841451,47,93.28929377510212,109.37546894699335,0.0,3.5061666666666667,13.927666666666667
2,imagenet,random,62,1.824124826830197e-05,0.9630000000000001,0.963,0.2868315416177114,47,93.73151353397407,109.82711542095058,0.0,3.4948333333333332,13.9175
2,imagenet,random,63,1.746339098293056e-05,0.962,0.962,0.28841230511665344,47,93.18480212707072,109.43240070110187,0.0,3.501333333333333,13.910333333333334
2,imagenet,random,64,1.6694509565480943e-05,0.9610000000000001,0.961,0.2866657302379608,47,94.5778193490114,110.82743068109266,0.0,3.4688333333333334,13.943666666666667
2,imagenet,random,65,1.593546275849438e-05,0.9649999999999999,0.965,0.28787016224861145,47,94.21019525197335,110.36987992213108,0.0,3.4891666666666667,13.962
2,imagenet,random,66,1.5187098320505799e-05,0.966,0.966,0.2888138689200083,47,92.33621846488677,108.6461609879043,0.0,3.5231666666666666,13.878833333333333
2,imagenet,random,67,1.4450252079205502e-05,0.967,0.967,0.28664627146720884,47,93.27586079598404,109.67874085484073,0.0,3.4901666666666666,13.962333333333333
2,imagenet,random,68,1.372574699792625e-05,0.9629999999999999,0.963,0.28506391882896426,47,93.17149477894418,109.30355534795672,0.0,3.4861666666666666,13.978666666666667
2,imagenet,random,69,1.3014392256498022e-05,0.966,0.966,0.28916414046287536,47,93.51288180192932,109.87720403983258,0.0,3.544,13.886
2,imagenet,random,70,1.2316982347497372e-05,0.966,0.966,0.2865871753692627,47,93.65995895978995,109.86465846397914,0.0,3.4741666666666666,13.9625
2,imagenet,random,71,1.1634296188900416e-05,0.9669999999999999,0.967,0.2879949456055959,47,94.38157786987722,110.40154949086718,0.0,3.477333333333333,13.975833333333334
2,imagenet,random,72,1.0967096254130799e-05,0.9649999999999999,0.965,0.2860413847764333,47,93.67617384996265,110.42599876411259,0.0,3.4125,13.981166666666667
2,imagenet,random,73,1.0316127720474006e-05,0.961,0.961,0.2836902685165405,47,94.31939029693604,110.52893080399372,0.0,3.4421666666666666,14.090166666666667
2,imagenet,random,74,9.682117636809343e-06,0.9640000000000001,0.964,0.28764719200134276,47,93.66734048514627,109.94417198910378,0.0,3.423,14.0215
2,imagenet,random,75,9.065774111589031e-06,0.9649999999999999,0.965,0.2835994344552358,47,93.79381402092986,117.91443654894829,0.0,3.4535,13.9725
2,imagenet,random,76,8.467785521971265e-06,0.9639999999999999,0.964,0.2844996476173401,47,92.93879978684708,109.27825081697665,0.0,3.388333333333333,14.007666666666667
2,imagenet,random,77,7.888819744990736e-06,0.9649999999999999,0.965,0.2880310367743174,47,93.45531020709313,109.41603954997845,0.0,3.449666666666667,13.989333333333333
2,imagenet,random,78,7.329523411625039e-06,0.9730000000000001,0.973,0.28395514480272926,47,93.6734395630192,109.9365952659864,0.0,3.408333333333333,14.091333333333333
2,imagenet,random,79,6.790521184590367e-06,0.9710000000000001,0.971,0.28506592734654745,47,93.76445619692095,109.98221533116885,0.0,3.408,14.020333333333333
2,imagenet,random,80,6.272415060672806e-06,0.966,0.966,0.28877731529871625,47,94.0456864470616,110.22035258100368,0.0,3.4126666666666665,14.016333333333334
2,imagenet,random,81,5.77578369837471e-06,0.969,0.969,0.2840456846555074,47,93.61951757199131,109.72296875389293,0.0,3.4116666666666666,14.022666666666666
2,imagenet,random,82,5.301181771626878e-06,0.9709999999999999,0.971,0.285663214524587,47,92.65040087001398,108.68971938895993,0.0,3.4425,13.999333333333333
2,imagenet,random,83,4.849139350288474e-06,0.9709999999999999,0.971,0.28866978907585145,47,92.23656556918286,108.00672181788832,0.0,3.4351666666666665,14.0715
2,imagenet,random,84,4.420161308126591e-06,0.9659999999999999,0.966,0.28832461444536844,47,92.32832448999397,108.49161749589257,0.0,3.4215,14.015333333333333
2,imagenet,random,85,4.014726758936549e-06,0.969,0.969,0.28671695971488953,47,92.38520289910957,108.30507581192069,0.0,3.462833333333333,14.060666666666666
2,imagenet,random,86,3.6332885214329124e-06,0.97,0.97,0.28563345074653623,47,92.03887847694568,107.83723560906947,0.0,3.433666666666667,14.038666666666666
2,imagenet,random,87,3.2762726135086534e-06,0.97,0.97,0.28526356554031373,47,92.84993994305842,108.81843849108554,0.0,3.4035,13.997166666666667
2,imagenet,random,88,2.9440777764274926e-06,0.97,0.97,0.2882341961065928,47,92.432246878976,108.49328391999006,0.0,3.4498333333333333,13.947833333333334
2,imagenet,random,89,2.6370750294807374e-06,0.969,0.969,0.2863871705532074,47,92.30115107703023,108.18214943096973,0.0,3.449,14.059166666666666
2,imagenet,random,90,2.3556072556059925e-06,0.97,0.97,0.2871344766616821,47,92.88098903978243,108.73746759211645,0.0,3.4713333333333334,13.9895
2,imagenet,random,91,2.0999888184306456e-06,0.9709999999999999,0.971,0.2871788411140442,47,92.56608366407454,108.38110315590166,0.0,3.490666666666667,13.9625
2,imagenet,random,92,1.8705052111677768e-06,0.969,0.969,0.2904771036307017,47,92.07266392279416,108.01544673903845,0.0,3.4695,14.040333333333333
2,imagenet,random,93,1.6674127377565921e-06,0.9729999999999999,0.973,0.28586877115567527,47,92.66204969212413,108.51988008688204,0.0,3.4275,13.969333333333333
2,imagenet,random,94,1.4909382266036246e-06,0.9719999999999999,0.972,0.2866235319773356,47,91.94597940496169,107.9846495280508,0.0,3.4971666666666668,13.946166666666667
2,imagenet,random,95,1.3412787772443001e-06,0.9719999999999999,0.972,0.2843432482878367,47,92.87767230998725,108.79240655107424,0.0,3.505333333333333,13.939666666666668
2,imagenet,random,96,1.2186015402078894e-06,0.97,0.97,0.2863453129132589,47,92.14801833895035,108.08831973792985,0.0,3.480166666666667,13.900333333333334
2,imagenet,random,97,1.1230435303316486e-06,0.97,0.97,0.28598826201756794,47,91.39035895909183,107.070230667945,0.0,3.4726666666666666,14.013333333333334
2,imagenet,random,98,1.0547114737327475e-06,0.97,0.97,0.28527722692489627,47,93.75585107086226,109.98455563699827,0.0,3.4686666666666666,13.969166666666666
2,imagenet,random,99,1.013681688608762e-06,0.97,0.97,0.29053852915763856,47,92.91489065997303,108.75071887508966,0.0,3.4483333333333333,13.967833333333333
2,imagenet,random,100,1e-06,0.968,0.968,0.2842162884076436,47,92.690810368862,121.2216709938366,0.0,3.481333333333333,13.969666666666667
2,imagenet,random_rescue_10,1,1e-05,0.767,0.767,1.6998883253733317,47,98.92679752293043,115.22497142292559,10.0,0.6283333333333333,2.939
2,imagenet,random_rescue_10,2,2e-05,0.9389999999999998,0.939,0.8134857614835104,47,102.04501041211188,118.38977186987177,10.0,0.5733333333333334,2.9823333333333335
2,imagenet,random_rescue_10,3,3.0000000000000004e-05,0.945,0.945,0.4579317976633708,47,98.95996298990212,115.55358067480847,10.0,0.6158333333333333,2.9736666666666665
2,imagenet,random_rescue_10,4,4e-05,0.9579999999999999,0.958,0.3732508567174276,47,99.46828636014834,116.15784929413348,10.0,0.6211666666666666,2.936166666666667
2,imagenet,random_rescue_10,5,5e-05,0.952,0.952,0.32838519231478375,47,98.65088018402457,114.78960436303169,10.0,0.6446666666666667,2.9193333333333333
2,imagenet,random_rescue_10,6,5e-05,0.962,0.962,0.30665886306762696,47,98.20510127278976,114.44248737301677,10.0,0.6446666666666667,2.8786666666666667
2,imagenet,random_rescue_10,7,4.9986318311391235e-05,0.961,0.961,0.29429508916536967,47,98.72832977795042,115.03503292007372,10.0,0.7091666666666666,2.861
2,imagenet,random_rescue_10,8,4.994528852626726e-05,0.967,0.967,0.2867451690832774,47,98.34756113495678,114.67490792600438,10.0,0.686,2.88
2,imagenet,random_rescue_10,9,4.987695646966835e-05,0.9620000000000001,0.962,0.2790017478466034,47,96.89396123308688,113.25899347709492,10.0,0.7121666666666666,2.8545
2,imagenet,random_rescue_10,10,4.9781398459792115e-05,0.958,0.958,0.2747943635781606,47,97.99584671901539,122.6014628848061,10.0,0.7068333333333333,2.8661666666666665
2,imagenet,random_rescue_10,11,4.96587212227557e-05,0.961,0.961,0.2702819240093231,47,97.93101921794005,114.30342023796402,10.0,0.7201666666666666,2.8581666666666665
2,imagenet,random_rescue_10,12,4.950906177339638e-05,0.9680000000000002,0.968,0.2709067544142405,47,97.83875642996281,114.05392392305657,10.0,0.7398333333333333,2.8118333333333334
2,imagenet,random_rescue_10,13,4.9332587262243413e-05,0.97,0.97,0.27010089055697123,47,97.30648172996007,113.93409534194507,10.0,0.6965,2.8305
2,imagenet,random_rescue_10,14,4.912949478883223e-05,0.9629999999999999,0.963,0.2668786719640096,47,98.57964090793394,115.00186568801291,10.0,0.7365,2.8701666666666665
2,imagenet,random_rescue_10,15,4.890001118156936e-05,0.9639999999999999,0.964,0.2674237755934397,47,98.95201764302328,115.21919652516954,10.0,0.7643333333333333,2.8081666666666667
2,imagenet,random_rescue_10,16,4.864439274439401e-05,0.967,0.967,0.26557926201820375,47,97.81216154596768,114.21511196880601,10.0,0.756,2.7771666666666666
2,imagenet,random_rescue_10,17,4.836292497051926e-05,0.9650000000000001,0.965,0.2666473286151886,47,98.82641084492207,115.5963583108969,10.0,0.7745,2.7775
2,imagenet,random_rescue_10,18,4.8055922223572505e-05,0.959,0.959,0.2660182375907898,47,98.33363999705762,114.77776959189214,10.0,0.7515,2.781833333333333
2,imagenet,random_rescue_10,19,4.7723727386491355e-05,0.959,0.959,0.2643115680217743,47,97.28543295711279,113.6588312429376,10.0,0.7481666666666666,2.8088333333333333
2,imagenet,random_rescue_10,20,4.7366711478567095e-05,0.9640000000000001,0.964,0.26386652525266013,47,98.32250259909779,114.63190548098646,10.0,0.7556666666666667,2.808
2,imagenet,random_rescue_10,21,4.6985273241063454e-05,0.9659999999999999,0.966,0.26369310506184895,47,97.87943752203137,115.14601456583478,10.0,0.7656666666666667,2.812666666666667
2,imagenet,random_rescue_10,22,4.657983869187342e-05,0.9639999999999999,0.964,0.2634976739883423,47,96.34131643897854,112.416614290094,10.0,0.7886666666666666,2.787
2,imagenet,random_rescue_10,23,4.615086064971153e-05,0.9620000000000001,0.962,0.26445659923553466,47,97.62738754693419,113.91513679805212,10.0,0.7646666666666667,2.7948333333333335
2,imagenet,random_rescue_10,24,4.5698818228373126e-05,0.962,0.962,0.2629593730767568,47,97.93920601787977,114.26925361994654,10.0,0.7775,2.785833333333333
2,imagenet,random_rescue_10,25,4.522421630162529e-05,0.9560000000000001,0.956,0.2677173988024394,47,98.10761638102122,122.04195870808326,10.0,0.7348333333333333,2.811
2,imagenet,random_rescue_10,26,4.4727584939327193e-05,0.968,0.968,0.26309032408396404,47,97.93111133412458,114.47802424198017,10.0,0.7561666666666667,2.820666666666667
2,imagenet,random_rescue_10,27,4.420947881540964e-05,0.966,0.966,0.26393993242581687,47,97.85215985984541,114.42682415386662,10.0,0.7456666666666667,2.8035
2,imagenet,random_rescue_10,28,4.3670476588374966e-05,0.9540000000000001,0.954,0.2620578583081563,47,98.36260046297684,114.83427075389773,10.0,0.7681666666666667,2.789
2,imagenet,random_rescue_10,29,4.311118025500927e-05,0.9649999999999999,0.965,0.2626130890846252,47,99.0202354460489,115.78481232002378,10.0,0.7898333333333334,2.7511666666666668
2,imagenet,random_rescue_10,30,4.253221447802874e-05,0.9640000000000001,0.964,0.26288596574465434,47,98.21073893201537,114.63900906313211,10.0,0.7915,2.7891666666666666
2,imagenet,random_rescue_10,31,4.193422588841098e-05,0.962,0.962,0.26271327726046245,47,97.66718142782338,113.74330691294745,10.0,0.7951666666666667,2.7716666666666665
2,imagenet,random_rescue_10,32,4.1317882363190655e-05,0.9569999999999999,0.957,0.2605649786790212,47,97.70860072202049,114.2032069999259,10.0,0.7455,2.7958333333333334
2,imagenet,random_rescue_10,33,4.0683872279526e-05,0.966,0.966,0.26006894850730894,47,98.0831395429559,114.51937742414884,10.0,0.7298333333333333,2.8103333333333333
2,imagenet,random_rescue_10,34,4.00329037458692e-05,0.9530000000000001,0.953,0.25943386936187746,47,98.100832068827,114.46525001199916,10.0,0.7668333333333334,2.7935
2,imagenet,random_rescue_10,35,3.936570381109958e-05,0.9569999999999999,0.957,0.2619574706554413,47,97.87568592792377,114.42229458503425,10.0,0.7463333333333333,2.8371666666666666
2,imagenet,random_rescue_10,36,3.868301765250263e-05,0.967,0.967,0.26073452027638755,47,98.23315060185269,114.60080170305446,10.0,0.7611666666666667,2.800666666666667
2,imagenet,random_rescue_10,37,3.798560774350198e-05,0.958,0.958,0.26590097188949585,47,98.06321147689596,114.49272338906303,10.0,0.7335,2.8023333333333333
2,imagenet,random_rescue_10,38,3.7274253002073755e-05,0.968,0.968,0.2627728153069814,47,97.96718364115804,114.19449863489717,10.0,0.7293333333333333,2.856
2,imagenet,random_rescue_10,39,3.6549747920794496e-05,0.96,0.96,0.2590499254067739,47,99.51878538401797,115.94121167995036,10.0,0.7433333333333333,2.8478333333333334
2,imagenet,random_rescue_10,40,3.581290167949421e-05,0.9680000000000002,0.968,0.26059521452585854,47,98.76644886797294,115.35499826190062,10.0,0.726,2.8196666666666665
2,imagenet,random_rescue_10,41,3.5064537241505625e-05,0.961,0.961,0.2608705763022105,47,98.40541633102112,114.85851729195565,10.0,0.7295,2.8263333333333334
2,imagenet,random_rescue_10,42,3.4305490434519064e-05,0.954,0.954,0.2611031042734782,47,96.50849286210723,113.2299919379875,10.0,0.7215,2.8451666666666666
2,imagenet,random_rescue_10,43,3.353660901706944e-05,0.9580000000000002,0.958,0.2618366827170054,47,97.99047532794066,114.01547453505918,10.0,0.7061666666666667,2.847166666666667
2,imagenet,random_rescue_10,44,3.2758751731698036e-05,0.9590000000000002,0.959,0.2604174658457438,47,97.35815532808192,113.802313023014,10.0,0.7113333333333334,2.8575
2,imagenet,random_rescue_10,45,3.197278734584651e-05,0.9620000000000001,0.962,0.2598548866113027,47,97.4772875229828,113.82778138597496,10.0,0.7283333333333334,2.8233333333333333
2,imagenet,random_rescue_10,46,3.1179593681554446e-05,0.9640000000000001,0.964,0.25953403194745384,47,98.49374874588102,115.0290895041544,10.0,0.7201666666666666,2.8171666666666666
2,imagenet,random_rescue_10,47,3.0380056635043986e-05,0.9640000000000001,0.964,0.25931142473220825,47,98.90632895706221,115.17608715011738,10.0,0.7403333333333333,2.822
2,imagenet,random_rescue_10,48,2.9575069187286692e-05,0.9620000000000001,0.962,0.2588036139806112,47,98.10082637006417,114.84230273403227,10.0,0.7698333333333334,2.8228333333333335
2,imagenet,random_rescue_10,49,2.876553040665759e-05,0.961,0.961,0.2608830811977386,47,97.65100219799206,113.80848437710665,10.0,0.7445,2.8128333333333333
2,imagenet,random_rescue_10,50,2.7952344444790415e-05,0.9650000000000001,0.965,0.2603920520146688,47,99.17173171113245,123.42221117811278,10.0,0.71,2.834
2,imagenet,random_rescue_10,51,2.7136419526755484e-05,0.9670000000000002,0.967,0.2608611563046773,47,97.8683847039938,114.22353101102635,10.0,0.7285,2.8251666666666666
2,imagenet,random_rescue_10,52,2.631866693668803e-05,0.9629999999999999,0.963,0.26057377735773724,47,98.00063891196623,114.32770500797778,10.0,0.706,2.840333333333333
2,imagenet,random_rescue_10,53,2.5500000000000003e-05,0.9620000000000001,0.962,0.258936759630839,47,98.40008095488884,114.70538569008932,10.0,0.738,2.828
2,imagenet,random_rescue_10,54,2.4681333063311983e-05,0.9610000000000001,0.961,0.2572887903849284,47,98.50182175310329,114.93572725611739,10.0,0.7126666666666667,2.839
2,imagenet,random_rescue_10,55,2.3863580473244526e-05,0.9650000000000001,0.965,0.2610357218583425,47,99.69498160085641,115.91720109805465,10.0,0.7376666666666667,2.8545
2,imagenet,random_rescue_10,56,2.3047655555209592e-05,0.9570000000000001,0.957,0.2594513268470764,47,99.18910191999748,115.88761903601699,10.0,0.7285,2.8101666666666665
2,imagenet,random_rescue_10,57,2.223446959334243e-05,0.9630000000000001,0.963,0.2569515692392985,47,98.4275212220382,114.71057837712578,10.0,0.709,2.835
2,imagenet,random_rescue_10,58,2.1424930812713318e-05,0.9649999999999999,0.965,0.25690286660194395,47,97.02248891303316,113.82997466204688,10.0,0.698,2.8308333333333335
2,imagenet,random_rescue_10,59,2.0619943364956024e-05,0.961,0.961,0.2585830997625987,47,97.03508702199906,113.16169335390441,10.0,0.7461666666666666,2.812
2,imagenet,random_rescue_10,60,1.9820406318445557e-05,0.9649999999999999,0.965,0.2586324255466461,47,96.72313189599663,112.95622236002237,10.0,0.7086666666666667,2.8428333333333335
2,imagenet,random_rescue_10,61,1.9027212654153495e-05,0.9650000000000001,0.965,0.2568498460451762,47,96.84853461990133,113.37407981301658,10.0,0.7411666666666666,2.7976666666666667
2,imagenet,random_rescue_10,62,1.824124826830197e-05,0.9670000000000002,0.967,0.25744576096534727,47,96.16154516907409,112.29297956079245,10.0,0.7315,2.848
2,imagenet,random_rescue_10,63,1.746339098293056e-05,0.9650000000000001,0.965,0.2592742800712585,47,97.62633610190824,113.93123018415645,10.0,0.7538333333333334,2.8033333333333332
2,imagenet,random_rescue_10,64,1.6694509565480943e-05,0.9700000000000001,0.97,0.25761855141321816,47,96.47673592111096,112.62869627703913,10.0,0.7598333333333334,2.8001666666666667
2,imagenet,random_rescue_10,65,1.593546275849438e-05,0.9640000000000001,0.964,0.26209667579332985,47,97.38956550881267,113.76910460996442,10.0,0.7685,2.797
2,imagenet,random_rescue_10,66,1.5187098320505799e-05,0.9680000000000002,0.968,0.25941528129577635,47,96.57615252397954,112.63049637409858,10.0,0.753,2.7993333333333332
2,imagenet,random_rescue_10,67,1.4450252079205502e-05,0.9640000000000001,0.964,0.2594923756122589,47,96.48194524901919,112.90355017781258,10.0,0.7518333333333334,2.772
2,imagenet,random_rescue_10,68,1.372574699792625e-05,0.975,0.975,0.25834246214230855,47,96.63062184210867,112.76096231304109,10.0,0.7596666666666667,2.813833333333333
2,imagenet,random_rescue_10,69,1.3014392256498022e-05,0.9680000000000002,0.968,0.25897729897499083,47,97.0134658550378,113.02089234394953,10.0,0.754,2.815
2,imagenet,random_rescue_10,70,1.2316982347497372e-05,0.9690000000000001,0.969,0.2596437312761943,47,95.94558982015587,111.71183230914176,10.0,0.7393333333333333,2.822
2,imagenet,random_rescue_10,71,1.1634296188900416e-05,0.966,0.966,0.2571204467614492,47,96.17915703589097,112.4848350440152,10.0,0.753,2.793
2,imagenet,random_rescue_10,72,1.0967096254130799e-05,0.9660000000000002,0.966,0.2570730679035187,47,97.21856628614478,113.23999897809699,10.0,0.742,2.8355
2,imagenet,random_rescue_10,73,1.0316127720474006e-05,0.9640000000000001,0.964,0.25822932680447896,47,96.40653410903178,112.41901665506884,10.0,0.7451666666666666,2.8128333333333333
2,imagenet,random_rescue_10,74,9.682117636809343e-06,0.9700000000000001,0.97,0.26065271759033204,47,96.46703702793457,112.63434714777395,10.0,0.7318333333333333,2.83
2,imagenet,random_rescue_10,75,9.065774111589031e-06,0.9680000000000002,0.968,0.2583708695570628,47,96.17485383106396,125.26212262897752,10.0,0.7585,2.8321666666666667
2,imagenet,random_rescue_10,76,8.467785521971265e-06,0.9690000000000001,0.969,0.2584493047396342,47,93.8651611150708,109.55692658992484,10.0,0.7236666666666667,2.816
2,imagenet,random_rescue_10,77,7.888819744990736e-06,0.9650000000000001,0.965,0.2577276392777761,47,94.14069444104098,109.79180481401272,10.0,0.7361666666666666,2.808
2,imagenet,random_rescue_10,78,7.329523411625039e-06,0.9660000000000002,0.966,0.25751918816566466,47,93.24784762877971,108.89208113611676,10.0,0.738,2.8291666666666666
2,imagenet,random_rescue_10,79,6.790521184590367e-06,0.9700000000000001,0.97,0.2590220422744751,47,92.49271339806728,107.9234639708884,10.0,0.7346666666666667,2.7983333333333333
2,imagenet,random_rescue_10,80,6.272415060672806e-06,0.9730000000000001,0.973,0.25988849687576293,47,93.74925472191535,110.10776752885431,10.0,0.728,2.8198333333333334
2,imagenet,random_rescue_10,81,5.77578369837471e-06,0.9730000000000001,0.973,0.2571829048792521,47,94.547293596901,109.8116505520884,10.0,0.7473333333333333,2.823
2,imagenet,random_rescue_10,82,5.301181771626878e-06,0.9720000000000001,0.972,0.256774471282959,47,92.71210198500194,108.13959670905024,10.0,0.7483333333333333,2.827166666666667
2,imagenet,random_rescue_10,83,4.849139350288474e-06,0.9730000000000001,0.973,0.2569664572874705,47,92.83050222392194,108.38167715980671,10.0,0.7441666666666666,2.849
2,imagenet,random_rescue_10,84,4.420161308126591e-06,0.968,0.968,0.25679896807670594,47,93.36705090897158,108.69791364180855,10.0,0.7488333333333334,2.824333333333333
2,imagenet,random_rescue_10,85,4.014726758936549e-06,0.9660000000000002,0.966,0.2601265896161397,47,93.6599217269104,109.20759018906392,10.0,0.7416666666666667,2.802
2,imagenet,random_rescue_10,86,3.6332885214329124e-06,0.9640000000000001,0.964,0.2587910120487213,47,93.69612670107745,109.176550418837,10.0,0.7455,2.7998333333333334
2,imagenet,random_rescue_10,87,3.2762726135086534e-06,0.9650000000000001,0.965,0.25812064965566,47,92.75218899222091,108.43649153993465,10.0,0.757,2.8365
2,imagenet,random_rescue_10,88,2.9440777764274926e-06,0.9670000000000002,0.967,0.2573962834676107,47,93.21251613809727,108.73229258600622,10.0,0.7718333333333334,2.8
2,imagenet,random_rescue_10,89,2.6370750294807374e-06,0.9680000000000002,0.968,0.25915591065088905,47,93.01647424092516,108.49085210007615,10.0,0.7373333333333333,2.817
2,imagenet,random_rescue_10,90,2.3556072556059925e-06,0.9690000000000001,0.969,0.25930048354466756,47,92.94156647706404,108.48744268203154,10.0,0.7556666666666667,2.838
2,imagenet,random_rescue_10,91,2.0999888184306456e-06,0.9690000000000001,0.969,0.25741843644777934,47,91.89413808495738,107.58031044807285,10.0,0.7458333333333333,2.7843333333333335
2,imagenet,random_rescue_10,92,1.8705052111677768e-06,0.9690000000000001,0.969,0.25694685713450116,47,92.64601845596917,108.15544916503131,10.0,0.7365,2.8466666666666667
2,imagenet,random_rescue_10,93,1.6674127377565921e-06,0.968,0.968,0.25822012837727865,47,92.98922575707547,108.55389019288123,10.0,0.7593333333333333,2.7971666666666666
2,imagenet,random_rescue_10,94,1.4909382266036246e-06,0.968,0.968,0.25783649587631224,47,92.66778800706379,108.274485593196,10.0,0.7585,2.7976666666666667
2,imagenet,random_rescue_10,95,1.3412787772443001e-06,0.967,0.967,0.25703733197848,47,92.57378452294506,108.1651416181121,10.0,0.7485,2.8146666666666667
2,imagenet,random_rescue_10,96,1.2186015402078894e-06,0.9680000000000002,0.968,0.25753865273793536,46,94.34427461889572,110.01887984899804,10.0,0.7568333333333334,2.820333333333333
2,imagenet,random_rescue_10,97,1.1230435303316486e-06,0.967,0.967,0.2583571904500325,47,94.6189468218945,110.3410077879671,10.0,0.7418333333333333,2.8375
2,imagenet,random_rescue_10,98,1.0547114737327475e-06,0.9680000000000002,0.968,0.25633571720123294,47,92.17371587012894,108.03655426995829,10.0,0.7438333333333333,2.8035
2,imagenet,random_rescue_10,99,1.013681688608762e-06,0.967,0.967,0.25862634936968487,47,93.74815505393781,109.28424180601723,10.0,0.7448333333333333,2.8305
2,imagenet,random_rescue_10,100,1e-06,0.9649999999999999,0.965,0.2568464693228404,47,93.67941885604523,115.60211301012896,10.0,0.736,2.8038333333333334
2,imagenet,student,1,1e-05,0.767,0.767,1.700182103474935,47,94.08499558106996,110.3941923759412,0.0,0.0,0.0
2,imagenet,student,2,2e-05,0.938,0.938,0.8133629508018494,47,96.65313259395771,113.55516580794938,0.0,0.0,0.0
2,imagenet,student,3,3.0000000000000004e-05,0.946,0.946,0.4584098665714264,47,93.4988626409322,109.42891576886177,0.0,0.0,0.0
2,imagenet,student,4,4e-05,0.9559999999999998,0.956,0.3729598509470622,47,93.3148052841425,109.78384473989718,0.0,0.0,0.0
2,imagenet,student,5,5e-05,0.954,0.954,0.32700274260838824,47,93.419520331081,109.5450994700659,0.0,0.0,0.0
2,imagenet,student,6,5e-05,0.962,0.962,0.3042777554988861,47,93.6464480040595,109.6733814268373,0.0,0.0,0.0
2,imagenet,student,7,4.9986318311391235e-05,0.9530000000000001,0.953,0.29114590922991435,47,93.45561270299368,110.26551679405384,0.0,0.0,0.0
2,imagenet,student,8,4.994528852626726e-05,0.959,0.959,0.2865927452246348,47,93.05176003091037,109.36210097395815,0.0,0.0,0.0
2,imagenet,student,9,4.987695646966835e-05,0.962,0.962,0.27918140800793967,47,94.2166498862207,110.92546643991955,0.0,0.0,0.0
2,imagenet,student,10,4.9781398459792115e-05,0.9569999999999999,0.957,0.27526905592282613,47,93.6447782299947,119.80322874500416,0.0,0.0,0.0
2,imagenet,student,11,4.96587212227557e-05,0.9640000000000001,0.964,0.2698253014087677,47,93.32002394692972,109.37277108198032,0.0,0.0,0.0
2,imagenet,student,12,4.950906177339638e-05,0.9629999999999999,0.963,0.26752497895558675,47,93.48124095005915,109.86794691998512,0.0,0.0,0.0
2,imagenet,student,13,4.9332587262243413e-05,0.966,0.966,0.2670997339089711,47,94.54663998098113,110.59442232293077,0.0,0.0,0.0
2,imagenet,student,14,4.912949478883223e-05,0.9560000000000001,0.956,0.2629058244228363,47,93.67440780182369,109.75553023815155,0.0,0.0,0.0
2,imagenet,student,15,4.890001118156936e-05,0.9639999999999999,0.964,0.2653161409695943,47,93.51338953594677,109.47270638705231,0.0,0.0,0.0
2,imagenet,student,16,4.864439274439401e-05,0.9650000000000001,0.965,0.2641786537965139,47,93.46738177002408,109.30170084396377,0.0,0.0,0.0
2,imagenet,student,17,4.836292497051926e-05,0.9649999999999999,0.965,0.2635491844813029,47,92.88839724613354,109.02051502396353,0.0,0.0,0.0
2,imagenet,student,18,4.8055922223572505e-05,0.961,0.961,0.26609076778093976,47,93.2882511341013,109.49850150104612,0.0,0.0,0.0
2,imagenet,student,19,4.7723727386491355e-05,0.958,0.958,0.26229358275731407,47,93.09120975388214,109.21886273589917,0.0,0.0,0.0
2,imagenet,student,20,4.7366711478567095e-05,0.958,0.958,0.26256664594014484,47,93.5019751819782,109.69079954503104,0.0,0.0,0.0
2,imagenet,student,21,4.6985273241063454e-05,0.9600000000000002,0.96,0.2620334551334381,47,93.51973273791373,109.70858791097999,0.0,0.0,0.0
2,imagenet,student,22,4.657983869187342e-05,0.962,0.962,0.26209680596987406,47,93.43013129988685,109.30156771489419,0.0,0.0,0.0
2,imagenet,student,23,4.615086064971153e-05,0.9560000000000001,0.956,0.26316289631525674,47,93.44129438791424,109.75332138803788,0.0,0.0,0.0
2,imagenet,student,24,4.5698818228373126e-05,0.959,0.959,0.26233908494313557,47,94.03363503795117,110.27591855311766,0.0,0.0,0.0
2,imagenet,student,25,4.522421630162529e-05,0.952,0.952,0.26206995399792987,47,93.4215471278876,120.84299256303348,0.0,0.0,0.0
2,imagenet,student,26,4.4727584939327193e-05,0.9579999999999999,0.958,0.26207255029678345,47,93.42494084616192,109.61309339408763,0.0,0.0,0.0
2,imagenet,student,27,4.420947881540964e-05,0.951,0.951,0.26354458554585775,47,93.51893995096907,109.8155907150358,0.0,0.0,0.0
2,imagenet,student,28,4.3670476588374966e-05,0.9550000000000001,0.955,0.2630436136722565,47,92.98698131320998,109.34003349696286,0.0,0.0,0.0
2,imagenet,student,29,4.311118025500927e-05,0.9629999999999999,0.963,0.2636761956214905,47,93.26627970905975,109.51522442488931,0.0,0.0,0.0
2,imagenet,student,30,4.253221447802874e-05,0.9469999999999998,0.947,0.2603547320365906,47,93.06393781211227,109.0100761950016,0.0,0.0,0.0
2,imagenet,student,31,4.193422588841098e-05,0.9639999999999999,0.964,0.2615926727453868,47,93.52231884305365,109.74034205707721,0.0,0.0,0.0
2,imagenet,student,32,4.1317882363190655e-05,0.951,0.951,0.2621133849620819,47,93.08960112207569,109.08795308088884,0.0,0.0,0.0
2,imagenet,student,33,4.0683872279526e-05,0.9559999999999998,0.956,0.26038485232988995,47,93.3263463289477,109.56057904916815,0.0,0.0,0.0
2,imagenet,student,34,4.00329037458692e-05,0.9570000000000001,0.957,0.26116913684209186,47,93.31875442992896,109.60156986210495,0.0,0.0,0.0
2,imagenet,student,35,3.936570381109958e-05,0.9570000000000001,0.957,0.25978975582122804,47,94.30083055584691,110.65080527495593,0.0,0.0,0.0
2,imagenet,student,36,3.868301765250263e-05,0.9549999999999998,0.955,0.2608721661567688,47,93.65767185180448,109.87774391006678,0.0,0.0,0.0
2,imagenet,student,37,3.798560774350198e-05,0.9570000000000001,0.957,0.2608770256837209,47,93.4147320939228,109.510027396027,0.0,0.0,0.0
2,imagenet,student,38,3.7274253002073755e-05,0.959,0.959,0.2601807084083557,47,93.81189186801203,109.97848883317783,0.0,0.0,0.0
2,imagenet,student,39,3.6549747920794496e-05,0.9640000000000001,0.964,0.2603411153952281,47,93.4983896650374,109.63757110503502,0.0,0.0,0.0
2,imagenet,student,40,3.581290167949421e-05,0.9649999999999999,0.965,0.2592372394402822,47,93.73455150704831,109.87574317492545,0.0,0.0,0.0
2,imagenet,student,41,3.5064537241505625e-05,0.9639999999999999,0.964,0.2609673875172933,47,93.68973707198165,109.76437948388048,0.0,0.0,0.0
2,imagenet,student,42,3.4305490434519064e-05,0.962,0.962,0.26047561128934227,47,93.0741037579719,109.34389338688925,0.0,0.0,0.0
2,imagenet,student,43,3.353660901706944e-05,0.96,0.96,0.26076773500442507,47,94.0400408920832,110.30671156197786,0.0,0.0,0.0
2,imagenet,student,44,3.2758751731698036e-05,0.961,0.961,0.2596838467121124,47,93.88974453089759,110.48895529517904,0.0,0.0,0.0
2,imagenet,student,45,3.197278734584651e-05,0.9629999999999999,0.963,0.25889679129918414,47,93.38050002790987,109.6690755810123,0.0,0.0,0.0
2,imagenet,student,46,3.1179593681554446e-05,0.9560000000000001,0.956,0.25818953855832416,47,92.75483879004605,108.7560892731417,0.0,0.0,0.0
2,imagenet,student,47,3.0380056635043986e-05,0.9649999999999999,0.965,0.25878677662213645,47,93.86763363401406,110.16860515484586,0.0,0.0,0.0
2,imagenet,student,48,2.9575069187286692e-05,0.9640000000000001,0.964,0.2587051726182302,47,93.82046725507826,110.15360166318715,0.0,0.0,0.0
2,imagenet,student,49,2.876553040665759e-05,0.961,0.961,0.25972750965754193,47,93.82426286302507,110.0668767108582,0.0,0.0,0.0
2,imagenet,student,50,2.7952344444790415e-05,0.966,0.966,0.2584391218026479,47,93.78240229189396,118.19252862595022,0.0,0.0,0.0
2,imagenet,student,51,2.7136419526755484e-05,0.96,0.96,0.2588874003092448,47,93.70685962284915,109.8167773031164,0.0,0.0,0.0
2,imagenet,student,52,2.631866693668803e-05,0.9560000000000001,0.956,0.25736393920580547,47,93.3675806010142,109.66341353114694,0.0,0.0,0.0
2,imagenet,student,53,2.5500000000000003e-05,0.9650000000000001,0.965,0.2587758897145589,47,92.77853300003335,108.9027667241171,0.0,0.0,0.0
2,imagenet,student,54,2.4681333063311983e-05,0.9690000000000001,0.969,0.2585714925130208,47,93.7619835010264,110.14890019292943,0.0,0.0,0.0
2,imagenet,student,55,2.3863580473244526e-05,0.9630000000000001,0.963,0.2586188444296519,47,93.13253498706035,109.24214989715256,0.0,0.0,0.0
2,imagenet,student,56,2.3047655555209592e-05,0.96,0.96,0.2582515677611033,47,93.54197608004324,110.05512422416359,0.0,0.0,0.0
2,imagenet,student,57,2.223446959334243e-05,0.966,0.966,0.2577108775774638,47,93.62964766402729,109.89014816493727,0.0,0.0,0.0
2,imagenet,student,58,2.1424930812713318e-05,0.959,0.959,0.25916918317476906,47,93.62858593417332,109.70514383213595,0.0,0.0,0.0
2,imagenet,student,59,2.0619943364956024e-05,0.962,0.962,0.25972535395622254,47,94.64571753004566,111.396327736089,0.0,0.0,0.0
2,imagenet,student,60,1.9820406318445557e-05,0.9640000000000001,0.964,0.25841358868281045,47,93.44659856287763,109.32023058505729,0.0,0.0,0.0
2,imagenet,student,61,1.9027212654153495e-05,0.9670000000000002,0.967,0.259658585468928,47,93.86142102698795,110.00905947480351,0.0,0.0,0.0
2,imagenet,student,62,1.824124826830197e-05,0.9659999999999999,0.966,0.25972615281740824,47,93.64653016091324,109.90565667906776,0.0,0.0,0.0
2,imagenet,student,63,1.746339098293056e-05,0.9579999999999999,0.958,0.26049441734949746,47,93.42930612503551,109.47722745104693,0.0,0.0,0.0
2,imagenet,student,64,1.6694509565480943e-05,0.959,0.959,0.2603634826342265,47,92.61895709205419,108.84455731906928,0.0,0.0,0.0
2,imagenet,student,65,1.593546275849438e-05,0.9600000000000002,0.96,0.2599052273432414,47,93.71280164411291,110.04008979909122,0.0,0.0,0.0
2,imagenet,student,66,1.5187098320505799e-05,0.961,0.961,0.2591488875548045,47,93.6763424410019,110.06022014492191,0.0,0.0,0.0
2,imagenet,student,67,1.4450252079205502e-05,0.9630000000000001,0.963,0.2598522002696991,47,93.94675888097845,110.01811879803427,0.0,0.0,0.0
2,imagenet,student,68,1.372574699792625e-05,0.962,0.962,0.25817355608940123,47,93.47745847213082,109.70474640512839,0.0,0.0,0.0
2,imagenet,student,69,1.3014392256498022e-05,0.962,0.962,0.2606591710249583,47,92.97708316287026,108.99230493698269,0.0,0.0,0.0
2,imagenet,student,70,1.2316982347497372e-05,0.9690000000000001,0.969,0.25907634902000426,47,92.17384604993276,108.14939376804978,0.0,0.0,0.0
2,imagenet,student,71,1.1634296188900416e-05,0.9639999999999999,0.964,0.2580119648774465,47,94.13365797605366,110.24555093608797,0.0,0.0,0.0
2,imagenet,student,72,1.0967096254130799e-05,0.9649999999999999,0.965,0.25829002634684245,47,93.63122801110148,109.95839462801814,0.0,0.0,0.0
2,imagenet,student,73,1.0316127720474006e-05,0.961,0.961,0.2592961942354838,47,93.06723070889711,109.24344875500537,0.0,0.0,0.0
2,imagenet,student,74,9.682117636809343e-06,0.9639999999999999,0.964,0.26142079106966654,47,93.73408524598926,109.88819669489749,0.0,0.0,0.0
2,imagenet,student,75,9.065774111589031e-06,0.966,0.966,0.2580794689655304,47,92.96996508189477,117.75930656306446,0.0,0.0,0.0
2,imagenet,student,76,8.467785521971265e-06,0.966,0.966,0.25872739362716674,47,93.84597466001287,110.00245874607936,0.0,0.0,0.0
2,imagenet,student,77,7.888819744990736e-06,0.9649999999999999,0.965,0.25905188687642416,47,93.81368074100465,110.01370349922217,0.0,0.0,0.0
2,imagenet,student,78,7.329523411625039e-06,0.9629999999999999,0.963,0.25823420675595604,47,93.276829903014,109.49434114596806,0.0,0.0,0.0
2,imagenet,student,79,6.790521184590367e-06,0.9640000000000001,0.964,0.25817276048660276,47,93.27257849695161,109.53100915206596,0.0,0.0,0.0
2,imagenet,student,80,6.272415060672806e-06,0.9639999999999999,0.964,0.25939100424448647,47,92.9295127640944,109.15651481994428,0.0,0.0,0.0
2,imagenet,student,81,5.77578369837471e-06,0.9659999999999999,0.966,0.2592677065531413,47,93.03790723904967,109.42990109603852,0.0,0.0,0.0
2,imagenet,student,82,5.301181771626878e-06,0.966,0.966,0.25901438228289286,47,92.82111308909953,108.83520662784576,0.0,0.0,0.0
2,imagenet,student,83,4.849139350288474e-06,0.9640000000000001,0.964,0.2610238789717356,47,92.221981307026,108.1426944390405,0.0,0.0,0.0
2,imagenet,student,84,4.420161308126591e-06,0.961,0.961,0.2590286186536153,47,91.67932386510074,107.41619201004505,0.0,0.0,0.0
2,imagenet,student,85,4.014726758936549e-06,0.9629999999999999,0.963,0.25886986470222473,47,92.47617902397178,108.84625947498716,0.0,0.0,0.0
2,imagenet,student,86,3.6332885214329124e-06,0.962,0.962,0.2590821540355682,47,92.49130850983784,108.67181502399035,0.0,0.0,0.0
2,imagenet,student,87,3.2762726135086534e-06,0.9639999999999999,0.964,0.25827346110343935,46,92.77890334208496,108.7675878549926,0.0,0.0,0.0
2,imagenet,student,88,2.9440777764274926e-06,0.968,0.968,0.25773746267954506,47,91.75182111491449,107.56548726186156,0.0,0.0,0.0
2,imagenet,student,89,2.6370750294807374e-06,0.9690000000000001,0.969,0.25774268913269044,47,92.97637354489416,109.07673062896356,0.0,0.0,0.0
2,imagenet,student,90,2.3556072556059925e-06,0.9690000000000001,0.969,0.2589784576098124,47,92.95083908783272,108.90816221619025,0.0,0.0,0.0
2,imagenet,student,91,2.0999888184306456e-06,0.968,0.968,0.2587766109307607,47,92.75155159598216,108.59860856109299,0.0,0.0,0.0
2,imagenet,student,92,1.8705052111677768e-06,0.967,0.967,0.25851610509554546,47,94.24753340310417,110.7167992319446,0.0,0.0,0.0
2,imagenet,student,93,1.6674127377565921e-06,0.9669999999999999,0.967,0.2582216158707937,47,92.51987581001595,108.23447390180081,0.0,0.0,0.0
2,imagenet,student,94,1.4909382266036246e-06,0.967,0.967,0.2574162158171336,47,92.96847387799062,109.18149366299622,0.0,0.0,0.0
2,imagenet,student,95,1.3412787772443001e-06,0.9649999999999999,0.965,0.2582622737884521,47,92.85587501293048,108.64825316285715,0.0,0.0,0.0
2,imagenet,student,96,1.2186015402078894e-06,0.966,0.966,0.25885224056243894,47,92.10862601897679,108.06358443503268,0.0,0.0,0.0
2,imagenet,student,97,1.1230435303316486e-06,0.966,0.966,0.2578588116963704,47,91.93279115506448,107.72601886698976,0.0,0.0,0.0
2,imagenet,student,98,1.0547114737327475e-06,0.967,0.967,0.25748241019248963,47,92.91455705394037,108.87664932198822,0.0,0.0,0.0
2,imagenet,student,99,1.013681688608762e-06,0.967,0.967,0.25691290084520974,47,93.16841672197916,109.11106521985494,0.0,0.0,0.0
2,imagenet,student,100,1e-06,0.966,0.966,0.25844417548179627,47,92.60172856692225,118.13936890498735,0.0,0.0,0.0
2,scratch,ce,1,0.0001,0.301,0.301,2.114195187886556,47,94.37454661913216,110.62301974487491,0.0,0.0,0.0
2,scratch,ce,2,0.0002,0.30700000000000005,0.307,2.020912391026815,47,93.07095247111283,109.11103389598429,0.0,0.0,0.0
2,scratch,ce,3,0.00030000000000000003,0.324,0.324,2.0026678727467853,47,89.77920574997552,106.10939865210094,0.0,0.0,0.0
2,scratch,ce,4,0.0004,0.387,0.387,1.9453311506907145,47,89.91177610983141,105.8200681800954,0.0,0.0,0.0
2,scratch,ce,5,0.0005,0.35200000000000004,0.352,1.9009524685541788,47,90.64318196498789,106.54682897706516,0.0,0.0,0.0
2,scratch,ce,6,0.0005,0.40099999999999997,0.401,1.8276239137649537,47,90.01997389504686,106.24552965001203,0.0,0.0,0.0
2,scratch,ce,7,0.0004998606701506985,0.4640000000000001,0.464,1.7510880250930787,47,90.45685600093566,106.8124887580052,0.0,0.0,0.0
2,scratch,ce,8,0.0004994428362164767,0.49300000000000016,0.493,1.6619833580652872,47,90.38246061117388,106.47671162709594,0.0,0.0,0.0
2,scratch,ce,9,0.0004987469648645818,0.504,0.504,1.6217954734166464,47,91.34918985608965,108.02051907614805,0.0,0.0,0.0
2,scratch,ce,10,0.0004977738332946176,0.4789999999999999,0.479,1.5721321392059326,47,90.67861045501195,115.46902530710213,0.0,0.0,0.0
2,scratch,ce,11,0.0004965245283705121,0.49800000000000005,0.498,1.5149490095774332,47,90.15057064499706,106.27204892691225,0.0,0.0,0.0
2,scratch,ce,12,0.0004950004454066284,0.534,0.534,1.462083906173706,47,91.41549275489524,107.90061524603516,0.0,0.0,0.0
2,scratch,ce,13,0.0004932032866093767,0.545,0.545,1.4287397038141887,47,90.2142881997861,106.93575149890967,0.0,0.0,0.0
2,scratch,ce,14,0.000491135059176067,0.558,0.558,1.3976419111887615,47,90.98645859397948,107.61009402899072,0.0,0.0,0.0
2,scratch,ce,15,0.0004887980730531247,0.565,0.565,1.35730446879069,47,90.22829938586801,106.34017944498919,0.0,0.0,0.0
2,scratch,ce,16,0.00048619493835617576,0.556,0.556,1.331664752960205,47,90.10001084487885,106.0460495960433,0.0,0.0,0.0
2,scratch,ce,17,0.00048332856245487986,0.584,0.584,1.2952361062367757,47,90.62532164691947,107.19844050495885,0.0,0.0,0.0
2,scratch,ce,18,0.000480202146725769,0.561,0.561,1.2803561480840047,47,90.00359188509174,105.8936238270253,0.0,0.0,0.0
2,scratch,ce,19,0.00047681918297671805,0.583,0.583,1.2409846137364706,47,89.74234013119712,105.73084978898987,0.0,0.0,0.0
2,scratch,ce,20,0.0004731834495470404,0.558,0.558,1.2149819320042927,47,90.9193583719898,106.91946513485163,0.0,0.0,0.0
2,scratch,ce,21,0.00046929900708756454,0.59,0.59,1.1836049420038859,47,90.26556267798878,106.43000086210668,0.0,0.0,0.0
2,scratch,ce,22,0.0004651701940254048,0.592,0.592,1.1688279349009196,47,90.17169021908194,106.71557515999302,0.0,0.0,0.0
2,scratch,ce,23,0.00046080162171849087,0.5950000000000001,0.595,1.1369568748474121,47,90.42966956086457,106.42550250492059,0.0,0.0,0.0
2,scratch,ce,24,0.0004561981693052692,0.599,0.599,1.1158274494806926,47,89.50821878807619,106.07106657885015,0.0,0.0,0.0
2,scratch,ce,25,0.00045136497825532695,0.5890000000000001,0.589,1.1093553304672241,47,91.29164330102503,115.61568772397004,0.0,0.0,0.0
2,scratch,ce,26,0.00044630744662702595,0.583,0.583,1.064426880200704,47,90.7917319170665,106.87599582900293,0.0,0.0,0.0
2,scratch,ce,27,0.0004410312230385594,0.589,0.589,1.049618660291036,47,90.60112922103144,106.66422767704353,0.0,0.0,0.0
2,scratch,ce,28,0.0004355422003591655,0.5930000000000001,0.593,1.0281883653004964,47,89.80906921392307,105.88485606992617,0.0,0.0,0.0
2,scratch,ce,29,0.0004298465091275434,0.594,0.594,0.9966616452534993,47,90.02448383485898,105.99065658892505,0.0,0.0,0.0
2,scratch,ce,30,0.0004239505107048233,0.579,0.579,0.9669585762023926,47,89.86323653091677,105.82791591784917,0.0,0.0,0.0
2,scratch,ce,31,0.00041786079016973627,0.594,0.594,0.9556080954869588,47,90.50019878707826,106.31477928184904,0.0,0.0,0.0
2,scratch,ce,32,0.00041158414896392116,0.59,0.59,0.9252553764979045,47,89.94507943303324,106.36455256608315,0.0,0.0,0.0
2,scratch,ce,33,0.00040512759729558113,0.593,0.593,0.9156146105130514,47,90.11300462088548,106.12869476014748,0.0,0.0,0.0
2,scratch,ce,34,0.00039849834630997414,0.591,0.591,0.890961838722229,47,90.3328963641543,106.44027169886976,0.0,0.0,0.0
2,scratch,ce,35,0.0003917038000354835,0.594,0.594,0.8630838561058044,47,90.26845199195668,106.68250194611028,0.0,0.0,0.0
2,scratch,ce,36,0.0003847515471142615,0.584,0.584,0.8570124003092447,47,90.81773397000507,106.80726035498083,0.0,0.0,0.0
2,scratch,ce,37,0.00037764935232668343,0.5609999999999999,0.561,0.8345634495417277,47,90.37513363803737,106.38033242896199,0.0,0.0,0.0
2,scratch,ce,38,0.0003704051479190776,0.579,0.579,0.8092583732604981,47,90.86191477510147,106.97858983511105,0.0,0.0,0.0
2,scratch,ce,39,0.00036302702474441743,0.602,0.602,0.7885288143157959,47,91.55538700520992,107.44015491614118,0.0,0.0,0.0
2,scratch,ce,40,0.0003555232232258696,0.595,0.595,0.7998663153648377,47,90.86321161920205,106.93081188504584,0.0,0.0,0.0
2,scratch,ce,41,0.00034790212415329195,0.5879999999999999,0.588,0.7454774907430013,47,90.35155601310544,106.72573882108554,0.0,0.0,0.0
2,scratch,ce,42,0.0003401722393229594,0.5730000000000001,0.573,0.7563057126998901,47,91.61848278995603,107.91465355199762,0.0,0.0,0.0
2,scratch,ce,43,0.0003323422020309725,0.59,0.59,0.7349817139307658,47,90.19410889502615,106.47149492497556,0.0,0.0,0.0
2,scratch,ce,44,0.0003244207574309657,0.584,0.584,0.7316118993759155,47,90.03791616810486,106.01041425997391,0.0,0.0,0.0
2,scratch,ce,45,0.0003164167527668859,0.583,0.583,0.7057671008110047,47,90.13449570303783,106.0506338311825,0.0,0.0,0.0
2,scratch,ce,46,0.0003083391274917483,0.583,0.583,0.6938987209002176,47,90.40843557799235,106.48798579210415,0.0,0.0,0.0
2,scratch,ce,47,0.0003001969032834071,0.568,0.568,0.672058786392212,47,89.88629078818485,106.05113413091749,0.0,0.0,0.0
2,scratch,ce,48,0.00029199917396849096,0.5820000000000001,0.582,0.6766096092859903,47,90.36474723182619,106.38228754885495,0.0,0.0,0.0
2,scratch,ce,49,0.0002837550953657579,0.591,0.591,0.6510286302566528,47,90.55250537698157,106.4644330770243,0.0,0.0,0.0
2,scratch,ce,50,0.0002754738750602126,0.5990000000000001,0.599,0.6412261416117351,47,89.72219217708334,113.97739785793237,0.0,0.0,0.0
2,scratch,ce,51,0.00026716476211940786,0.592,0.592,0.6472525486946106,47,89.51016958593391,105.38648100802675,0.0,0.0,0.0
2,scratch,ce,52,0.00025883703676341484,0.5960000000000001,0.596,0.622365549882253,47,90.06099349819124,105.94108024216257,0.0,0.0,0.0
2,scratch,ce,53,0.0002505,0.587,0.587,0.6236869204839071,47,90.39136447990313,106.26345828501508,0.0,0.0,0.0
2,scratch,ce,54,0.00024216296323658525,0.5999999999999999,0.6,0.6254645826021831,47,89.76523781591095,105.86573102301918,0.0,0.0,0.0
2,scratch,ce,55,0.00023383523788059215,0.589,0.589,0.603692182858785,47,90.55224102502689,106.69264323101379,0.0,0.0,0.0
2,scratch,ce,56,0.00022552612493978745,0.5820000000000001,0.582,0.5943619133631388,47,90.44204061897472,107.13390765385702,0.0,0.0,0.0
2,scratch,ce,57,0.00021724490463424225,0.586,0.586,0.5925544025103251,47,90.44642995693721,106.65217677806504,0.0,0.0,0.0
2,scratch,ce,58,0.00020900082603150905,0.584,0.584,0.5913395051956176,47,90.85683914320543,107.06738953012973,0.0,0.0,0.0
2,scratch,ce,59,0.00020080309671659293,0.585,0.585,0.5813973185221354,47,90.48340588901192,106.55479432898574,0.0,0.0,0.0
2,scratch,ce,60,0.00019266087250825167,0.587,0.587,0.5785805384318033,47,89.78810167498887,106.30113952513784,0.0,0.0,0.0
2,scratch,ce,61,0.00018458324723311413,0.5810000000000001,0.581,0.5754114036560058,47,90.48501466005109,106.34948848281056,0.0,0.0,0.0
2,scratch,ce,62,0.00017657924256903434,0.591,0.591,0.5667625896135966,47,90.38274949789047,106.64289835491218,0.0,0.0,0.0
2,scratch,ce,63,0.00016865779796902748,0.593,0.593,0.5585470004081726,47,90.66243229317479,106.8400431680493,0.0,0.0,0.0
2,scratch,ce,64,0.00016082776067704059,0.587,0.587,0.5557686686515808,47,90.21033265581354,106.14073591004126,0.0,0.0,0.0
2,scratch,ce,65,0.00015309787584670805,0.607,0.607,0.5456567548116048,47,90.46058732410893,106.7083223501686,0.0,0.0,0.0
2,scratch,ce,66,0.00014547677677413047,0.603,0.603,0.549418581644694,47,92.0767530570738,108.5196693490725,0.0,0.0,0.0
2,scratch,ce,67,0.00013797297525558255,0.6160000000000001,0.616,0.5370103211402893,47,90.41164926602505,106.70651384396479,0.0,0.0,0.0
2,scratch,ce,68,0.00013059485208092238,0.5900000000000001,0.59,0.5381449777285258,47,90.48425487894565,106.74274372495711,0.0,0.0,0.0
2,scratch,ce,69,0.00012335064767331658,0.577,0.577,0.5411453590393066,47,89.8640540651977,106.05479124817066,0.0,0.0,0.0
2,scratch,ce,70,0.00011624845288573853,0.5860000000000001,0.586,0.5346626229286194,47,90.670923583908,106.62871397589333,0.0,0.0,0.0
2,scratch,ce,71,0.00010929619996451647,0.589,0.589,0.5327738205591838,47,90.7780931070447,106.76153310481459,0.0,0.0,0.0
2,scratch,ce,72,0.00010250165369002587,0.5910000000000001,0.591,0.5300052599906921,47,89.97934900107794,105.99124789307825,0.0,0.0,0.0
2,scratch,ce,73,9.587240270441893e-05,0.5800000000000001,0.58,0.5246880235671997,47,90.47389441099949,106.68942243396305,0.0,0.0,0.0
2,scratch,ce,74,8.941585103607879e-05,0.5880000000000001,0.588,0.5224253466924031,47,90.6596268049907,106.65608671912923,0.0,0.0,0.0
2,scratch,ce,75,8.313920983026379e-05,0.577,0.577,0.5209911212921142,47,90.72898438898847,115.69859841605648,0.0,0.0,0.0
2,scratch,ce,76,7.704948929517675e-05,0.594,0.594,0.5251276162465414,47,90.19239129195921,106.5831008090172,0.0,0.0,0.0
2,scratch,ce,77,7.115349087245667e-05,0.5840000000000001,0.584,0.5175134437878927,47,91.24852841487154,107.18268412002362,0.0,0.0,0.0
2,scratch,ce,78,6.545779964083458e-05,0.599,0.599,0.5157643947601318,47,90.81845957995392,106.83815920702182,0.0,0.0,0.0
2,scratch,ce,79,5.996877696144067e-05,0.591,0.591,0.5172799193064371,47,90.61919387802482,106.93438988900743,0.0,0.0,0.0
2,scratch,ce,80,5.4692553372974075e-05,0.593,0.593,0.5168591523170472,47,89.98028628807515,105.80626302305609,0.0,0.0,0.0
2,scratch,ce,81,4.963502174467306e-05,0.583,0.583,0.5148752347628276,47,90.24340923409909,106.3034992062021,0.0,0.0,0.0
2,scratch,ce,82,4.480183069473086e-05,0.588,0.588,0.5138774501482646,47,90.61603537295014,106.6417787859682,0.0,0.0,0.0
2,scratch,ce,83,4.019837828150914e-05,0.5940000000000001,0.594,0.5109880069096883,47,90.15442408178933,106.34308662288822,0.0,0.0,0.0
2,scratch,ce,84,3.5829805974595276e-05,0.5920000000000001,0.592,0.5121887079874674,47,90.70090299891308,106.87416911800392,0.0,0.0,0.0
2,scratch,ce,85,3.1700992912435456e-05,0.5960000000000001,0.596,0.5158022807439169,47,90.00470584398136,105.99286403111182,0.0,0.0,0.0
2,scratch,ce,86,2.781655045295966e-05,0.5940000000000001,0.594,0.5084022148450216,47,90.61699414113536,106.67211744608358,0.0,0.0,0.0
2,scratch,ce,87,2.4180817023281995e-05,0.5900000000000001,0.59,0.5116937858263652,47,90.15877295588143,106.32340377708897,0.0,0.0,0.0
2,scratch,ce,88,2.0797853274230994e-05,0.5940000000000001,0.594,0.5095870869954428,47,89.91020716913044,105.93657799600624,0.0,0.0,0.0
2,scratch,ce,89,1.7671437545120165e-05,0.591,0.591,0.5119872663815817,46,90.3713018160779,106.44388680811971,0.0,0.0,0.0
2,scratch,ce,90,1.480506164382429e-05,0.5930000000000001,0.593,0.51001353820165,47,90.66206978820264,106.64892885205336,0.0,0.0,0.0
2,scratch,ce,91,1.220192694687535e-05,0.5980000000000001,0.598,0.5115776968002319,47,89.71731622796506,105.7222453749273,0.0,0.0,0.0
2,scratch,ce,92,9.864940823933073e-06,0.597,0.597,0.5091423845291138,47,91.19024459505454,107.0196411521174,0.0,0.0,0.0
2,scratch,ce,93,7.796713390623254e-06,0.5960000000000001,0.596,0.5111945627530415,47,89.99958311603405,105.98936500004493,0.0,0.0,0.0
2,scratch,ce,94,5.999554593371605e-06,0.595,0.595,0.5093064732551574,47,89.77441932004876,105.64709162106737,0.0,0.0,0.0
2,scratch,ce,95,4.475471629487872e-06,0.593,0.593,0.5078980038960774,47,90.45156727987342,106.95951377600431,0.0,0.0,0.0
2,scratch,ce,96,3.2261667053823824e-06,0.5950000000000001,0.595,0.5095599692662557,47,90.59851972409524,106.57070352882147,0.0,0.0,0.0
2,scratch,ce,97,2.253035135418218e-06,0.596,0.596,0.5090732917785644,47,90.03739282302558,105.96410696418025,0.0,0.0,0.0
2,scratch,ce,98,1.5571637835232856e-06,0.594,0.594,0.5090582195917766,47,90.37218120484613,106.38883690303192,0.0,0.0,0.0
2,scratch,ce,99,1.1393298493014743e-06,0.5940000000000001,0.594,0.5089377387364705,47,90.46803613402881,106.77965780696832,0.0,0.0,0.0
2,scratch,ce,100,1e-06,0.5940000000000001,0.594,0.5102215588887532,47,92.60490490705706,116.74793411395513,0.0,0.0,0.0
2,scratch,foreground_rescue_10,1,0.0001,0.29900000000000004,0.299,1.853910527865092,47,106.39476779592223,123.33552474202588,6.605333333333333,6.605333333333333,0.0
2,scratch,foreground_rescue_10,2,0.0002,0.31800000000000006,0.318,1.759610143025716,47,104.54080067598261,121.85729279811494,6.347166666666666,6.347166666666666,0.0
2,scratch,foreground_rescue_10,3,0.00030000000000000003,0.33599999999999997,0.336,1.7214329986572265,47,99.91043561394326,116.29623503191397,6.280833333333334,6.280833333333334,0.0
2,scratch,foreground_rescue_10,4,0.0004,0.35700000000000004,0.357,1.6640030396779377,47,100.63888779305853,117.2812364960555,6.5985,6.5985,0.0
2,scratch,foreground_rescue_10,5,0.0005,0.396,0.396,1.608786945660909,47,100.40014123497531,117.30596946598962,6.743833333333333,6.743833333333333,0.0
2,scratch,foreground_rescue_10,6,0.0005,0.38999999999999996,0.39,1.5360893774032593,47,100.87259609205648,117.44621117389761,6.775333333333333,6.775333333333333,0.0
2,scratch,foreground_rescue_10,7,0.0004998606701506985,0.426,0.426,1.4621259530385335,47,100.16961571294814,116.56369552388787,6.4463333333333335,6.4463333333333335,0.0
2,scratch,foreground_rescue_10,8,0.0004994428362164767,0.48599999999999993,0.486,1.4025043296813964,47,101.34546992299147,117.77258765697479,6.335666666666667,6.335666666666667,0.0
2,scratch,foreground_rescue_10,9,0.0004987469648645818,0.497,0.497,1.3765650097529094,47,99.61191882286221,115.99990642489865,6.3995,6.3995,0.0
2,scratch,foreground_rescue_10,10,0.0004977738332946176,0.503,0.503,1.3092521190643311,47,101.66299055307172,128.05584558891132,6.183166666666667,6.183166666666667,0.0
2,scratch,foreground_rescue_10,11,0.0004965245283705121,0.502,0.502,1.25745658715566,47,100.95400517689995,117.2250167990569,6.2825,6.2825,0.0
2,scratch,foreground_rescue_10,12,0.0004950004454066284,0.53,0.53,1.2172734622955321,47,99.79155908990651,116.18230706895702,6.476,6.476,0.0
2,scratch,foreground_rescue_10,13,0.0004932032866093767,0.536,0.536,1.1791175616582235,47,100.74624577513896,117.08043845999055,6.272333333333333,6.272333333333333,0.0
2,scratch,foreground_rescue_10,14,0.000491135059176067,0.55,0.55,1.1518882888158162,47,100.25758091895841,116.56984901614487,6.423,6.423,0.0
2,scratch,foreground_rescue_10,15,0.0004887980730531247,0.573,0.573,1.1015820945103962,47,99.08375787804835,115.67891004891135,6.609666666666667,6.609666666666667,0.0
2,scratch,foreground_rescue_10,16,0.00048619493835617576,0.5579999999999999,0.558,1.070959301630656,47,99.19426406989805,115.87009643297642,6.430833333333333,6.430833333333333,0.0
2,scratch,foreground_rescue_10,17,0.00048332856245487986,0.554,0.554,1.063378489971161,47,100.59481263509952,117.0740721730981,6.6546666666666665,6.6546666666666665,0.0
2,scratch,foreground_rescue_10,18,0.000480202146725769,0.5650000000000002,0.565,1.0207411476771038,47,100.401160774054,116.92997099016793,6.556166666666667,6.556166666666667,0.0
2,scratch,foreground_rescue_10,19,0.00047681918297671805,0.553,0.553,0.9975743001302083,47,100.33087680512108,116.8917091069743,6.5168333333333335,6.5168333333333335,0.0
2,scratch,foreground_rescue_10,20,0.0004731834495470404,0.568,0.568,0.9679185633659363,47,101.28578977589495,117.65310698607937,6.5345,6.5345,0.0
2,scratch,foreground_rescue_10,21,0.00046929900708756454,0.565,0.565,0.953081763267517,47,99.77396698785014,116.1309782920871,6.515333333333333,6.515333333333333,0.0
2,scratch,foreground_rescue_10,22,0.0004651701940254048,0.5469999999999999,0.547,0.9426548992792765,47,100.9796212578658,117.74215036490932,6.5873333333333335,6.5873333333333335,0.0
2,scratch,foreground_rescue_10,23,0.00046080162171849087,0.5549999999999999,0.555,0.9077990306218465,47,101.359800290782,117.8190879940521,6.648,6.648,0.0
2,scratch,foreground_rescue_10,24,0.0004561981693052692,0.57,0.57,0.8861091076533,47,98.86756634898484,115.55952387279831,6.5263333333333335,6.5263333333333335,0.0
2,scratch,foreground_rescue_10,25,0.00045136497825532695,0.549,0.549,0.8517094310124715,47,102.02224107296206,127.11233194707893,6.650833333333333,6.650833333333333,0.0
2,scratch,foreground_rescue_10,26,0.00044630744662702595,0.549,0.549,0.8330387565294901,47,99.58581246295944,116.40279443422332,6.643166666666667,6.643166666666667,0.0
2,scratch,foreground_rescue_10,27,0.0004410312230385594,0.571,0.571,0.816246666431427,47,101.01595302601345,117.31480183708481,6.5601666666666665,6.5601666666666665,0.0
2,scratch,foreground_rescue_10,28,0.0004355422003591655,0.574,0.574,0.7782414929072062,47,100.70674695307389,117.89898015698418,6.493666666666667,6.493666666666667,0.0
2,scratch,foreground_rescue_10,29,0.0004298465091275434,0.5750000000000001,0.575,0.7590390588442485,47,100.4558356020134,116.90940492600203,6.586166666666666,6.586166666666666,0.0
2,scratch,foreground_rescue_10,30,0.0004239505107048233,0.557,0.557,0.732792284488678,47,99.92455316102132,116.83656509080902,6.706833333333333,6.706833333333333,0.0
2,scratch,foreground_rescue_10,31,0.00041786079016973627,0.581,0.581,0.6991934830347697,47,99.77754931617528,116.74518338497728,6.586333333333333,6.586333333333333,0.0
2,scratch,foreground_rescue_10,32,0.00041158414896392116,0.5589999999999999,0.559,0.6926462766329448,47,101.34029724099673,117.82291481597349,6.621,6.621,0.0
2,scratch,foreground_rescue_10,33,0.00040512759729558113,0.575,0.575,0.6815808320045471,47,98.58246304886416,114.95504332287237,6.592,6.592,0.0
2,scratch,foreground_rescue_10,34,0.00039849834630997414,0.58,0.58,0.6311311785380046,47,99.25587577698752,115.87500911206007,6.664833333333333,6.664833333333333,0.0
2,scratch,foreground_rescue_10,35,0.0003917038000354835,0.586,0.586,0.6382672963142395,47,100.13573897490278,116.55084102414548,6.617166666666667,6.617166666666667,0.0
2,scratch,foreground_rescue_10,36,0.0003847515471142615,0.5740000000000001,0.574,0.6169865396817525,47,99.8651415889617,116.030925628962,6.589,6.589,0.0
2,scratch,foreground_rescue_10,37,0.00037764935232668343,0.582,0.582,0.5948669379552205,47,98.73932978603989,114.8298585480079,6.609666666666667,6.609666666666667,0.0
2,scratch,foreground_rescue_10,38,0.0003704051479190776,0.5780000000000001,0.578,0.5653987973531087,47,101.7336625799071,118.10936993011273,6.618333333333333,6.618333333333333,0.0
2,scratch,foreground_rescue_10,39,0.00036302702474441743,0.581,0.581,0.5545918375651042,47,100.52518304996192,116.98155531613156,6.613666666666667,6.613666666666667,0.0
2,scratch,foreground_rescue_10,40,0.0003555232232258696,0.5690000000000002,0.569,0.526667543888092,47,99.84504757099785,116.18219466996379,6.630333333333334,6.630333333333334,0.0
2,scratch,foreground_rescue_10,41,0.00034790212415329195,0.562,0.562,0.5168687658309936,47,99.15935978083871,115.41862958902493,6.653833333333333,6.653833333333333,0.0
2,scratch,foreground_rescue_10,42,0.0003401722393229594,0.5609999999999999,0.561,0.5203555974960327,47,99.11200844007544,115.73806116101332,6.626,6.626,0.0
2,scratch,foreground_rescue_10,43,0.0003323422020309725,0.577,0.577,0.4930587813059489,47,100.60107051907107,117.15888107311912,6.561166666666667,6.561166666666667,0.0
2,scratch,foreground_rescue_10,44,0.0003244207574309657,0.575,0.575,0.47454246107737225,47,98.85114225605503,115.52255553402938,6.612,6.612,0.0
2,scratch,foreground_rescue_10,45,0.0003164167527668859,0.575,0.575,0.46055041416486103,47,99.83158009801991,116.07710187183693,6.618,6.618,0.0
2,scratch,foreground_rescue_10,46,0.0003083391274917483,0.5730000000000001,0.573,0.4382268153826396,47,99.41852204315364,115.81163893803023,6.685333333333333,6.685333333333333,0.0
2,scratch,foreground_rescue_10,47,0.0003001969032834071,0.574,0.574,0.4408067186673482,47,100.02493219799362,116.48882783809677,6.743166666666666,6.743166666666666,0.0
2,scratch,foreground_rescue_10,48,0.00029199917396849096,0.5880000000000001,0.588,0.4298332176208496,47,100.06909277616069,116.83098954684101,6.714666666666667,6.714666666666667,0.0
2,scratch,foreground_rescue_10,49,0.0002837550953657579,0.568,0.568,0.41067914485931395,47,101.61743871797808,118.05807422893122,6.704,6.704,0.0
2,scratch,foreground_rescue_10,50,0.0002754738750602126,0.552,0.552,0.4198015341758728,47,101.80459861294366,125.66180598014034,6.6225,6.6225,0.0
2,scratch,foreground_rescue_10,51,0.00026716476211940786,0.5820000000000001,0.582,0.40339397923151654,47,100.18403799203224,117.06687653483823,6.670166666666667,6.670166666666667,0.0
2,scratch,foreground_rescue_10,52,0.00025883703676341484,0.5770000000000002,0.577,0.3960804657936096,47,101.15771521418355,117.50345716415904,6.670166666666667,6.670166666666667,0.0
2,scratch,foreground_rescue_10,53,0.0002505,0.5810000000000001,0.581,0.38393777306874594,47,99.09783829702064,115.30721025401726,6.67,6.67,0.0
2,scratch,foreground_rescue_10,54,0.00024216296323658525,0.5750000000000001,0.575,0.3792033330599467,47,101.66329764178954,118.20092430803925,6.646166666666667,6.646166666666667,0.0
2,scratch,foreground_rescue_10,55,0.00023383523788059215,0.5810000000000001,0.581,0.37221680776278177,47,99.58968452108093,115.91375466808677,6.672833333333333,6.672833333333333,0.0
2,scratch,foreground_rescue_10,56,0.00022552612493978745,0.5690000000000001,0.569,0.36681876516342166,47,98.21757583809085,114.69912609900348,6.596333333333333,6.596333333333333,0.0
2,scratch,foreground_rescue_10,57,0.00021724490463424225,0.561,0.561,0.3506400279998779,47,99.16885608108714,115.47818879410625,6.542166666666667,6.542166666666667,0.0
2,scratch,foreground_rescue_10,58,0.00020900082603150905,0.575,0.575,0.3642738380432129,47,100.49176398618147,116.7810193831101,6.644833333333334,6.644833333333334,0.0
2,scratch,foreground_rescue_10,59,0.00020080309671659293,0.591,0.591,0.3524390259583791,47,101.06420430494472,117.66421020799316,6.6245,6.6245,0.0
2,scratch,foreground_rescue_10,60,0.00019266087250825167,0.584,0.584,0.346040899515152,47,102.88601421704516,119.65087896189652,6.505166666666667,6.505166666666667,0.0
2,scratch,foreground_rescue_10,61,0.00018458324723311413,0.5820000000000001,0.582,0.3363575532436371,47,101.5212323460728,118.17846525204368,6.5376666666666665,6.5376666666666665,0.0
2,scratch,foreground_rescue_10,62,0.00017657924256903434,0.584,0.584,0.3332025010585785,47,99.63846029597335,116.14682750497013,6.512,6.512,0.0
2,scratch,foreground_rescue_10,63,0.00016865779796902748,0.5750000000000001,0.575,0.32433513371149697,47,99.9071047368925,116.3935051818844,6.5681666666666665,6.5681666666666665,0.0
2,scratch,foreground_rescue_10,64,0.00016082776067704059,0.582,0.582,0.3221696303685506,47,100.04076548083685,116.67649866803549,6.515333333333333,6.515333333333333,0.0
2,scratch,foreground_rescue_10,65,0.00015309787584670805,0.577,0.577,0.320454315662384,47,100.29650485003367,116.81933903717436,6.547,6.547,0.0
2,scratch,foreground_rescue_10,66,0.00014547677677413047,0.569,0.569,0.32062739117940264,47,100.00316461198963,116.41564673394896,6.473833333333333,6.473833333333333,0.0
2,scratch,foreground_rescue_10,67,0.00013797297525558255,0.5850000000000001,0.585,0.3209862539768219,47,100.20760536100715,116.71814277698286,6.482833333333334,6.482833333333334,0.0
2,scratch,foreground_rescue_10,68,0.00013059485208092238,0.5690000000000002,0.569,0.304776175181071,47,100.20510888588615,116.55027806386352,6.562333333333333,6.562333333333333,0.0
2,scratch,foreground_rescue_10,69,0.00012335064767331658,0.591,0.591,0.3083203839461009,47,99.27881462103687,115.95888722012751,6.549833333333333,6.549833333333333,0.0
2,scratch,foreground_rescue_10,70,0.00011624845288573853,0.5920000000000001,0.592,0.30029151153564454,47,100.37289625802077,116.57884324900806,6.554833333333334,6.554833333333334,0.0
2,scratch,foreground_rescue_10,71,0.00010929619996451647,0.578,0.578,0.2957511274019877,47,101.83844345598482,118.28845249000005,6.5361666666666665,6.5361666666666665,0.0
2,scratch,foreground_rescue_10,72,0.00010250165369002587,0.565,0.565,0.29713777303695676,46,100.98262882302515,117.44000329705887,6.495333333333333,6.495333333333333,0.0
2,scratch,foreground_rescue_10,73,9.587240270441893e-05,0.5810000000000001,0.581,0.2942509150505066,47,99.82857966888696,116.85516988299787,6.514666666666667,6.514666666666667,0.0
2,scratch,foreground_rescue_10,74,8.941585103607879e-05,0.57,0.57,0.29618592039744057,47,99.73847651202232,116.12525448901579,6.588166666666667,6.588166666666667,0.0
2,scratch,foreground_rescue_10,75,8.313920983026379e-05,0.572,0.572,0.2890609693527222,47,102.77897424902767,131.2223405400291,6.660666666666667,6.660666666666667,0.0
2,scratch,foreground_rescue_10,76,7.704948929517675e-05,0.577,0.577,0.28491413227717083,47,99.53168663498946,116.15609249519184,6.6465,6.6465,0.0
2,scratch,foreground_rescue_10,77,7.115349087245667e-05,0.5820000000000001,0.582,0.2899969991048177,47,99.43994939490221,116.1313756708987,6.6433333333333335,6.6433333333333335,0.0
2,scratch,foreground_rescue_10,78,6.545779964083458e-05,0.5770000000000001,0.577,0.28533217128117877,47,99.03555317386054,115.6288159028627,6.561166666666667,6.561166666666667,0.0
2,scratch,foreground_rescue_10,79,5.996877696144067e-05,0.585,0.585,0.28512308343251547,47,99.3988390781451,116.11811102111824,6.6405,6.6405,0.0
2,scratch,foreground_rescue_10,80,5.4692553372974075e-05,0.592,0.592,0.28335698135693865,47,100.21669952687807,117.17517431196757,6.6335,6.6335,0.0
2,scratch,foreground_rescue_10,81,4.963502174467306e-05,0.585,0.585,0.2823380757967631,47,100.31906576594338,116.70949391718023,6.637166666666666,6.637166666666666,0.0
2,scratch,foreground_rescue_10,82,4.480183069473086e-05,0.579,0.579,0.2851796351273855,47,100.11625018087216,116.70875625312328,6.592666666666666,6.592666666666666,0.0
2,scratch,foreground_rescue_10,83,4.019837828150914e-05,0.5780000000000001,0.578,0.28105036505063374,47,99.29606286785565,115.96585484710522,6.555666666666666,6.555666666666666,0.0
2,scratch,foreground_rescue_10,84,3.5829805974595276e-05,0.573,0.573,0.28221554327011106,47,100.7173159129452,116.99899297603406,6.583166666666667,6.583166666666667,0.0
2,scratch,foreground_rescue_10,85,3.1700992912435456e-05,0.575,0.575,0.28192063522338867,47,101.31649049418047,117.84467762103304,6.592833333333333,6.592833333333333,0.0
2,scratch,foreground_rescue_10,86,2.781655045295966e-05,0.5770000000000001,0.577,0.27995355176925657,47,100.78776674810797,117.33297881204635,6.606833333333333,6.606833333333333,0.0
2,scratch,foreground_rescue_10,87,2.4180817023281995e-05,0.579,0.579,0.2809601221084595,47,100.6071679838933,116.98455368401483,6.5965,6.5965,0.0
2,scratch,foreground_rescue_10,88,2.0797853274230994e-05,0.5800000000000001,0.58,0.28153947154680886,47,99.52952409302816,115.96848978521302,6.561166666666667,6.561166666666667,0.0
2,scratch,foreground_rescue_10,89,1.7671437545120165e-05,0.583,0.583,0.2763398119608561,47,99.50348471011966,116.02337223105133,6.5735,6.5735,0.0
2,scratch,foreground_rescue_10,90,1.480506164382429e-05,0.581,0.581,0.27849977191289266,47,100.01353061618283,116.41432290105149,6.541166666666666,6.541166666666666,0.0
2,scratch,foreground_rescue_10,91,1.220192694687535e-05,0.581,0.581,0.28067076071103414,47,99.88557167816907,116.13118571601808,6.5465,6.5465,0.0
2,scratch,foreground_rescue_10,92,9.864940823933073e-06,0.5799999999999998,0.58,0.2774286016623179,47,98.52200759504922,115.00783564709127,6.552833333333333,6.552833333333333,0.0
2,scratch,foreground_rescue_10,93,7.796713390623254e-06,0.58,0.58,0.2807738715012868,47,99.89566078293137,116.30844188504852,6.559166666666667,6.559166666666667,0.0
2,scratch,foreground_rescue_10,94,5.999554593371605e-06,0.581,0.581,0.2809941699504852,47,100.70699432305992,117.09003186202608,6.573333333333333,6.573333333333333,0.0
2,scratch,foreground_rescue_10,95,4.475471629487872e-06,0.5820000000000001,0.582,0.2792616047859192,47,100.08640564302914,116.7593581569381,6.542666666666666,6.542666666666666,0.0
2,scratch,foreground_rescue_10,96,3.2261667053823824e-06,0.581,0.581,0.2810397825241089,47,101.23974887211807,117.68335672514513,6.554833333333334,6.554833333333334,0.0
2,scratch,foreground_rescue_10,97,2.253035135418218e-06,0.583,0.583,0.2745949462254842,47,101.01616874802858,117.82127914507873,6.534833333333333,6.534833333333333,0.0
2,scratch,foreground_rescue_10,98,1.5571637835232856e-06,0.584,0.584,0.2776331198215485,47,99.26985126314685,115.73891249508597,6.551,6.551,0.0
2,scratch,foreground_rescue_10,99,1.1393298493014743e-06,0.5820000000000001,0.582,0.2789279148578644,47,103.67613344802521,120.26687371707521,6.560833333333333,6.560833333333333,0.0
2,scratch,foreground_rescue_10,100,1e-06,0.5810000000000001,0.581,0.27721391248703003,47,101.10701942606829,126.07197366608307,6.559833333333334,6.559833333333334,0.0
2,scratch,full,1,0.0001,0.30200000000000005,0.302,1.8764687070846557,47,95.47532108682208,111.44080996117555,0.0,0.0,0.0
2,scratch,full,2,0.0002,0.30700000000000005,0.307,1.7822932252883912,47,98.29625488794409,115.59041125094518,0.0,0.0,0.0
2,scratch,full,3,0.00030000000000000003,0.32399999999999995,0.324,1.7658214902877807,47,93.79706060281023,109.85479180701077,0.0,0.0,0.0
2,scratch,full,4,0.0004,0.353,0.353,1.7071441129048666,47,94.23480722797103,110.23755317600444,0.0,0.0,0.0
2,scratch,full,5,0.0005,0.346,0.346,1.6342104428609212,47,93.44094664300792,109.32283925707452,0.0,0.0,0.0
2,scratch,full,6,0.0005,0.4149999999999999,0.415,1.5900111662546794,47,93.5012297120411,109.58688198402524,0.0,0.0,0.0
2,scratch,full,7,0.0004998606701506985,0.45500000000000007,0.455,1.48224107615153,47,94.49854261497967,110.66530359117314,0.0,0.0,0.0
2,scratch,full,8,0.0004994428362164767,0.46900000000000003,0.469,1.4361365938186645,47,94.63099787989631,110.72873660409823,0.0,0.0,0.0
2,scratch,full,9,0.0004987469648645818,0.508,0.508,1.375085202217102,47,94.14058377989568,110.3756903919857,0.0,0.0,0.0
2,scratch,full,10,0.0004977738332946176,0.46799999999999997,0.468,1.3249075520833333,47,94.04462039796636,117.84510223008692,0.0,0.0,0.0
2,scratch,full,11,0.0004965245283705121,0.521,0.521,1.2674932740529379,47,94.73019536212087,110.87472565704957,0.0,0.0,0.0
2,scratch,full,12,0.0004950004454066284,0.5399999999999998,0.54,1.2190296878814697,47,94.23077012295835,110.2856016268488,0.0,0.0,0.0
2,scratch,full,13,0.0004932032866093767,0.5030000000000001,0.503,1.1829105294545492,47,94.12241359706968,110.22602802002802,0.0,0.0,0.0
2,scratch,full,14,0.000491135059176067,0.533,0.533,1.1553317403793335,47,94.15373889403418,110.14953824109398,0.0,0.0,0.0
2,scratch,full,15,0.0004887980730531247,0.546,0.546,1.1183115863800048,47,93.88412046106532,110.19098899979144,0.0,0.0,0.0
2,scratch,full,16,0.00048619493835617576,0.5640000000000001,0.564,1.0957590026855468,47,94.11574005894363,110.21716058300808,0.0,0.0,0.0
2,scratch,full,17,0.00048332856245487986,0.5569999999999999,0.557,1.050159889539083,47,93.74922068184242,109.7809702779632,0.0,0.0,0.0
2,scratch,full,18,0.000480202146725769,0.56,0.56,1.024772100130717,47,94.38220142200589,110.24507838115096,0.0,0.0,0.0
2,scratch,full,19,0.00047681918297671805,0.5690000000000001,0.569,1.0015090147654215,47,94.0084588539321,110.12550008506514,0.0,0.0,0.0
2,scratch,full,20,0.0004731834495470404,0.553,0.553,0.9821930535634359,47,94.85283491411246,110.98980347509496,0.0,0.0,0.0
2,scratch,full,21,0.00046929900708756454,0.546,0.546,0.947082491238912,47,93.71691604098305,109.71085041598417,0.0,0.0,0.0
2,scratch,full,22,0.0004651701940254048,0.5740000000000001,0.574,0.933897028764089,47,94.54395067784935,110.6264647829812,0.0,0.0,0.0
2,scratch,full,23,0.00046080162171849087,0.5529999999999999,0.553,0.9124423227310181,47,94.49343087198213,110.58594388584606,0.0,0.0,0.0
2,scratch,full,24,0.0004561981693052692,0.5569999999999999,0.557,0.886808228969574,47,94.40070557501167,110.52350479294546,0.0,0.0,0.0
2,scratch,full,25,0.00045136497825532695,0.529,0.529,0.8482220319112141,47,95.10222910018638,118.88323909114115,0.0,0.0,0.0
2,scratch,full,26,0.00044630744662702595,0.5509999999999999,0.551,0.8214706991513571,47,93.77387771080248,109.91450559790246,0.0,0.0,0.0
2,scratch,full,27,0.0004410312230385594,0.5810000000000001,0.581,0.8018160955111185,47,93.5376758328639,109.91120353108272,0.0,0.0,0.0
2,scratch,full,28,0.0004355422003591655,0.579,0.579,0.7955934193929036,47,92.84273182880133,109.19728491897695,0.0,0.0,0.0
2,scratch,full,29,0.0004298465091275434,0.5780000000000001,0.578,0.7578174994786581,47,95.5775283491239,111.56586535088718,0.0,0.0,0.0
2,scratch,full,30,0.0004239505107048233,0.5529999999999999,0.553,0.7167763714790344,47,93.97162094316445,109.86230002506636,0.0,0.0,0.0
2,scratch,full,31,0.00041786079016973627,0.5680000000000001,0.568,0.70501500193278,47,94.57969081914052,110.90807833196595,0.0,0.0,0.0
2,scratch,full,32,0.00041158414896392116,0.56,0.56,0.6895189828872681,47,94.57192428712733,110.57294801599346,0.0,0.0,0.0
2,scratch,full,33,0.00040512759729558113,0.5660000000000001,0.566,0.6559467109044393,47,94.59755825810134,110.4704751810059,0.0,0.0,0.0
2,scratch,full,34,0.00039849834630997414,0.595,0.595,0.6555430601437886,47,93.70656385086477,109.68200924014673,0.0,0.0,0.0
2,scratch,full,35,0.0003917038000354835,0.575,0.575,0.629413537979126,47,93.96216980810277,110.22323730890639,0.0,0.0,0.0
2,scratch,full,36,0.0003847515471142615,0.576,0.576,0.5984337552388509,47,94.99551060190424,111.05570344696753,0.0,0.0,0.0
2,scratch,full,37,0.00037764935232668343,0.5700000000000001,0.57,0.5752387970288595,47,94.22156644100323,110.05591450096108,0.0,0.0,0.0
2,scratch,full,38,0.0003704051479190776,0.591,0.591,0.5520609170595805,47,94.72227985784411,111.14089966984466,0.0,0.0,0.0
2,scratch,full,39,0.00036302702474441743,0.5690000000000001,0.569,0.5415777444839478,47,93.965856510913,109.91613290505484,0.0,0.0,0.0
2,scratch,full,40,0.0003555232232258696,0.576,0.576,0.539744770526886,47,93.90283470088616,110.03459679917432,0.0,0.0,0.0
2,scratch,full,41,0.00034790212415329195,0.5820000000000001,0.582,0.5144754449526469,47,94.63656928692944,110.69740916090086,0.0,0.0,0.0
2,scratch,full,42,0.0003401722393229594,0.58,0.58,0.5090548747380574,47,93.81200125697069,109.60833456879482,0.0,0.0,0.0
2,scratch,full,43,0.0003323422020309725,0.5820000000000001,0.582,0.4810996883710225,47,94.15578145394102,109.93006885307841,0.0,0.0,0.0
2,scratch,full,44,0.0003244207574309657,0.567,0.567,0.4789565674463908,47,93.86880877800286,109.58779453206807,0.0,0.0,0.0
2,scratch,full,45,0.0003164167527668859,0.582,0.582,0.4564079670906067,47,93.64212121488526,109.6384588398505,0.0,0.0,0.0
2,scratch,full,46,0.0003083391274917483,0.5700000000000001,0.57,0.44262192424138386,47,93.40606880094856,109.36082850396633,0.0,0.0,0.0
2,scratch,full,47,0.0003001969032834071,0.5740000000000001,0.574,0.43747603003184,47,93.67014533397742,109.82943531987257,0.0,0.0,0.0
2,scratch,full,48,0.00029199917396849096,0.583,0.583,0.41495755592981975,47,93.0808258310426,108.9718556390144,0.0,0.0,0.0
2,scratch,full,49,0.0002837550953657579,0.558,0.558,0.4021127506891886,47,93.82007846003398,109.8267990089953,0.0,0.0,0.0
2,scratch,full,50,0.0002754738750602126,0.5780000000000001,0.578,0.41257147725423177,47,94.56295073102228,118.12199266906828,0.0,0.0,0.0
2,scratch,full,51,0.00026716476211940786,0.584,0.584,0.39797292224566144,47,94.35291868192144,110.32691857405007,0.0,0.0,0.0
2,scratch,full,52,0.00025883703676341484,0.5860000000000001,0.586,0.3754261744022369,47,93.96004174789414,110.28577165305614,0.0,0.0,0.0
2,scratch,full,53,0.0002505,0.591,0.591,0.371900958220164,47,93.42038252297789,109.3314269320108,0.0,0.0,0.0
2,scratch,full,54,0.00024216296323658525,0.595,0.595,0.3736717059612274,47,94.08327638101764,109.89372844598256,0.0,0.0,0.0
2,scratch,full,55,0.00023383523788059215,0.5730000000000001,0.573,0.3531887538433075,47,93.81163906096481,109.79929107404314,0.0,0.0,0.0
2,scratch,full,56,0.00022552612493978745,0.57,0.57,0.3415271396636963,47,94.75504751713015,110.9474119800143,0.0,0.0,0.0
2,scratch,full,57,0.00021724490463424225,0.595,0.595,0.3418377729256948,47,93.63135629799217,109.8196739340201,0.0,0.0,0.0
2,scratch,full,58,0.00020900082603150905,0.5650000000000001,0.565,0.34740455730756126,47,94.81487857503816,111.44111357000656,0.0,0.0,0.0
2,scratch,full,59,0.00020080309671659293,0.5850000000000001,0.585,0.3376634674866994,47,94.9204325620085,110.91283392510377,0.0,0.0,0.0
2,scratch,full,60,0.00019266087250825167,0.603,0.603,0.32403764192263285,47,94.20017031300813,110.42885413882323,0.0,0.0,0.0
2,scratch,full,61,0.00018458324723311413,0.591,0.591,0.32135941807428997,47,93.7787472079508,110.0295074521564,0.0,0.0,0.0
2,scratch,full,62,0.00017657924256903434,0.5820000000000001,0.582,0.3130582576592763,47,93.7136687010061,109.95467646303587,0.0,0.0,0.0
2,scratch,full,63,0.00016865779796902748,0.586,0.586,0.3092279100418091,47,94.69609806709923,110.84917436400428,0.0,0.0,0.0
2,scratch,full,64,0.00016082776067704059,0.5880000000000001,0.588,0.3048965630531311,46,94.38127327198163,110.51051707589068,0.0,0.0,0.0
2,scratch,full,65,0.00015309787584670805,0.599,0.599,0.29719854418436686,47,93.89917932008393,109.83531999308616,0.0,0.0,0.0
2,scratch,full,66,0.00014547677677413047,0.585,0.585,0.2917146355311076,47,94.59712233114988,110.41719471197575,0.0,0.0,0.0
2,scratch,full,67,0.00013797297525558255,0.6059999999999999,0.606,0.2839225199222565,47,93.38694647699594,109.5334488300141,0.0,0.0,0.0
2,scratch,full,68,0.00013059485208092238,0.581,0.581,0.29094454089800514,47,93.69880798901431,109.81144117796794,0.0,0.0,0.0
2,scratch,full,69,0.00012335064767331658,0.597,0.597,0.2891479593118032,47,93.89849722688086,109.84194892481901,0.0,0.0,0.0
2,scratch,full,70,0.00011624845288573853,0.587,0.587,0.28376658511161806,47,94.4106409959495,110.62204609299079,0.0,0.0,0.0
2,scratch,full,71,0.00010929619996451647,0.579,0.579,0.2869256949424744,47,94.05490362807177,110.15350958611816,0.0,0.0,0.0
2,scratch,full,72,0.00010250165369002587,0.5810000000000001,0.581,0.2782088419596354,47,93.94045474217273,109.80492733605206,0.0,0.0,0.0
2,scratch,full,73,9.587240270441893e-05,0.585,0.585,0.27625039879481,47,93.84918187907897,109.90908126090653,0.0,0.0,0.0
2,scratch,full,74,8.941585103607879e-05,0.5900000000000001,0.59,0.2718665170669556,47,94.21399337309413,110.09685250511393,0.0,0.0,0.0
2,scratch,full,75,8.313920983026379e-05,0.594,0.594,0.27110300334294635,47,94.58775673992932,122.66193095385097,0.0,0.0,0.0
2,scratch,full,76,7.704948929517675e-05,0.5840000000000001,0.584,0.27289395276705425,47,94.49258065479808,110.45864580012858,0.0,0.0,0.0
2,scratch,full,77,7.115349087245667e-05,0.5959999999999999,0.596,0.2699801559448242,47,95.37342408089899,111.48692552791908,0.0,0.0,0.0
2,scratch,full,78,6.545779964083458e-05,0.601,0.601,0.26819742425282794,47,94.44437942304648,110.41242619301192,0.0,0.0,0.0
2,scratch,full,79,5.996877696144067e-05,0.598,0.598,0.2680563046137492,47,94.54857215285301,110.62406495702453,0.0,0.0,0.0
2,scratch,full,80,5.4692553372974075e-05,0.6,0.6,0.26604832657178246,47,94.40900923497975,110.41395175200887,0.0,0.0,0.0
2,scratch,full,81,4.963502174467306e-05,0.598,0.598,0.26475886408487953,47,94.9089397659991,111.569573426852,0.0,0.0,0.0
2,scratch,full,82,4.480183069473086e-05,0.595,0.595,0.2638958830038706,47,94.10020422912203,110.10704185208306,0.0,0.0,0.0
2,scratch,full,83,4.019837828150914e-05,0.603,0.603,0.2610842574437459,47,93.34591379505582,109.40793029288761,0.0,0.0,0.0
2,scratch,full,84,3.5829805974595276e-05,0.5970000000000001,0.597,0.2659746069908142,47,95.6005725050345,113.15089214686304,0.0,0.0,0.0
2,scratch,full,85,3.1700992912435456e-05,0.6100000000000001,0.61,0.26408855374654133,47,93.99415116617456,110.31569936405867,0.0,0.0,0.0
2,scratch,full,86,2.781655045295966e-05,0.599,0.599,0.26097365220387775,47,94.51257243216969,110.69524312601425,0.0,0.0,0.0
2,scratch,full,87,2.4180817023281995e-05,0.6,0.6,0.26226873135566714,47,94.87822293699719,110.96457657916471,0.0,0.0,0.0
2,scratch,full,88,2.0797853274230994e-05,0.601,0.601,0.2599130936463674,47,94.40894185099751,110.97714545298368,0.0,0.0,0.0
2,scratch,full,89,1.7671437545120165e-05,0.609,0.609,0.26088725686073305,47,95.04112798091955,111.06665669288486,0.0,0.0,0.0
2,scratch,full,90,1.480506164382429e-05,0.6170000000000001,0.617,0.2625264543692271,47,94.96617025602609,111.06826866790652,0.0,0.0,0.0
2,scratch,full,91,1.220192694687535e-05,0.6050000000000001,0.605,0.2604596366882324,47,94.1262926121708,110.61529914895073,0.0,0.0,0.0
2,scratch,full,92,9.864940823933073e-06,0.603,0.603,0.25863674624760946,47,94.69454061496072,110.75496009807102,0.0,0.0,0.0
2,scratch,full,93,7.796713390623254e-06,0.594,0.594,0.2598446865081787,47,94.2012159100268,110.05815064790659,0.0,0.0,0.0
2,scratch,full,94,5.999554593371605e-06,0.599,0.599,0.26127182110150654,47,94.3253340839874,110.36776449112222,0.0,0.0,0.0
2,scratch,full,95,4.475471629487872e-06,0.598,0.598,0.26121469656626384,47,94.59789610398002,110.5616579358466,0.0,0.0,0.0
2,scratch,full,96,3.2261667053823824e-06,0.5940000000000001,0.594,0.25815718348821004,47,93.73164239805192,109.50159674393944,0.0,0.0,0.0
2,scratch,full,97,2.253035135418218e-06,0.595,0.595,0.2583277303377787,47,94.23353038192727,110.21671315096319,0.0,0.0,0.0
2,scratch,full,98,1.5571637835232856e-06,0.596,0.596,0.259147354443868,47,94.56407046411186,110.49120669695549,0.0,0.0,0.0
2,scratch,full,99,1.1393298493014743e-06,0.596,0.596,0.26003975224494935,47,94.07499819085933,110.08875130210072,0.0,0.0,0.0
2,scratch,full,100,1e-06,0.5970000000000001,0.597,0.2585857706069946,47,94.14225606503896,120.72392430808395,0.0,0.0,0.0
2,scratch,low_score_rescue_10,1,0.0001,0.30000000000000004,0.3,1.8372824643452963,47,99.08110482804477,115.66593714407645,10.0,1.8773333333333333,1.6555
2,scratch,low_score_rescue_10,2,0.0002,0.32900000000000007,0.329,1.7427661809921264,47,103.10005324310623,120.18232844793238,10.0,1.8206666666666667,1.7123333333333333
2,scratch,low_score_rescue_10,3,0.00030000000000000003,0.336,0.336,1.7217094783782958,47,99.05430377507582,115.49946514191106,10.0,1.792,1.606
2,scratch,low_score_rescue_10,4,0.0004,0.373,0.373,1.6768664277394614,47,98.46004720102064,114.87111081415787,10.0,1.778,1.548
2,scratch,low_score_rescue_10,5,0.0005,0.382,0.382,1.5968245210647583,47,98.59254013095051,115.02282106992789,10.0,1.7678333333333334,1.6088333333333333
2,scratch,low_score_rescue_10,6,0.0005,0.429,0.429,1.5444405981699625,47,98.93793921591714,115.60524112009443,10.0,1.7753333333333334,1.6223333333333334
2,scratch,low_score_rescue_10,7,0.0004998606701506985,0.472,0.472,1.452685799598694,47,97.81870228308253,114.01294295303524,10.0,1.6555,1.684
2,scratch,low_score_rescue_10,8,0.0004994428362164767,0.46299999999999997,0.463,1.3851871426900229,47,98.4457125379704,114.79716085991822,10.0,1.6098333333333332,1.6538333333333333
2,scratch,low_score_rescue_10,9,0.0004987469648645818,0.5079999999999999,0.508,1.360273876508077,47,98.23193451599218,114.63859572913498,10.0,1.4801666666666666,1.6278333333333332
2,scratch,low_score_rescue_10,10,0.0004977738332946176,0.518,0.518,1.3025914713541666,47,98.34438881999813,125.32178503507748,10.0,1.5063333333333333,1.6208333333333333
2,scratch,low_score_rescue_10,11,0.0004965245283705121,0.529,0.529,1.2416650791168213,47,98.03793740808032,114.31747339991853,10.0,1.4861666666666666,1.5931666666666666
2,scratch,low_score_rescue_10,12,0.0004950004454066284,0.563,0.563,1.2012098550796508,47,97.56607687892392,114.08380711893551,10.0,1.5348333333333333,1.551
2,scratch,low_score_rescue_10,13,0.0004932032866093767,0.5329999999999999,0.533,1.1752480999628703,47,97.47471486101858,114.06750235310756,10.0,1.535,1.5841666666666667
2,scratch,low_score_rescue_10,14,0.000491135059176067,0.545,0.545,1.14160826142629,47,98.23397706681862,114.63590987608768,10.0,1.4615,1.5165
2,scratch,low_score_rescue_10,15,0.0004887980730531247,0.5599999999999999,0.56,1.1087299292882284,47,98.50931145600043,114.9792106570676,10.0,1.5008333333333332,1.521
2,scratch,low_score_rescue_10,16,0.00048619493835617576,0.586,0.586,1.0779510167439779,47,97.8385336229112,113.9822115660645,10.0,1.4795,1.513
2,scratch,low_score_rescue_10,17,0.00048332856245487986,0.553,0.553,1.053852543671926,47,97.66535196918994,114.3009507600218,10.0,1.5701666666666667,1.4855
2,scratch,low_score_rescue_10,18,0.000480202146725769,0.59,0.59,1.0312482118606567,47,98.50277942605317,115.08517374284565,10.0,1.5235,1.5128333333333333
2,scratch,low_score_rescue_10,19,0.00047681918297671805,0.5660000000000001,0.566,0.9907541262308757,47,97.70935004600324,114.01335255405866,10.0,1.534,1.4991666666666668
2,scratch,low_score_rescue_10,20,0.0004731834495470404,0.56,0.56,0.9656730149586995,47,98.04434403195046,114.01011415105313,10.0,1.4763333333333333,1.5311666666666666
2,scratch,low_score_rescue_10,21,0.00046929900708756454,0.593,0.593,0.9728735806147257,47,98.50763244298287,115.07917015999556,10.0,1.4281666666666666,1.5186666666666666
2,scratch,low_score_rescue_10,22,0.0004651701940254048,0.584,0.584,0.916542157014211,47,97.30263690883294,113.75896486104466,10.0,1.4683333333333333,1.5578333333333334
2,scratch,low_score_rescue_10,23,0.00046080162171849087,0.584,0.584,0.8880132099787394,47,99.07892480306327,115.54517621803097,10.0,1.563,1.493
2,scratch,low_score_rescue_10,24,0.0004561981693052692,0.562,0.562,0.8868783000310262,47,97.62000018404797,113.82593552907929,10.0,1.4928333333333332,1.4926666666666666
2,scratch,low_score_rescue_10,25,0.00045136497825532695,0.583,0.583,0.856579649925232,47,98.89203847502358,122.86749916011468,10.0,1.5125,1.5128333333333333
2,scratch,low_score_rescue_10,26,0.00044630744662702595,0.592,0.592,0.8420379648208618,47,98.47278713295236,115.09771241503768,10.0,1.4918333333333333,1.5273333333333334
2,scratch,low_score_rescue_10,27,0.0004410312230385594,0.6000000000000001,0.6,0.8193782327969868,47,99.1345849300269,115.51215580292046,10.0,1.4426666666666668,1.541
2,scratch,low_score_rescue_10,28,0.0004355422003591655,0.563,0.563,0.7993860460917155,47,99.22079260507599,115.76343751093373,10.0,1.4403333333333332,1.5725
2,scratch,low_score_rescue_10,29,0.0004298465091275434,0.5860000000000001,0.586,0.7622285014788309,47,98.19121943600476,114.58263198682107,10.0,1.5141666666666667,1.5306666666666666
2,scratch,low_score_rescue_10,30,0.0004239505107048233,0.579,0.579,0.7334302066167195,47,97.41927830316126,114.01254794700071,10.0,1.5155,1.553
2,scratch,low_score_rescue_10,31,0.00041786079016973627,0.5740000000000001,0.574,0.6952763336499532,47,97.97595670307055,114.2710734710563,10.0,1.479,1.551
2,scratch,low_score_rescue_10,32,0.00041158414896392116,0.58,0.58,0.6904878268241882,47,97.87937256903388,114.17571333702654,10.0,1.4361666666666666,1.515
2,scratch,low_score_rescue_10,33,0.00040512759729558113,0.587,0.587,0.6857673273086548,47,98.2595018108841,114.41436295188032,10.0,1.4646666666666666,1.5405
2,scratch,low_score_rescue_10,34,0.00039849834630997414,0.5990000000000001,0.599,0.6617275451024374,47,97.66790013108402,114.5513567479793,10.0,1.4733333333333334,1.4811666666666667
2,scratch,low_score_rescue_10,35,0.0003917038000354835,0.5660000000000001,0.566,0.6388091263771057,47,99.17419369192794,115.74104111315683,10.0,1.4911666666666668,1.4963333333333333
2,scratch,low_score_rescue_10,36,0.0003847515471142615,0.5900000000000001,0.59,0.6200024568239848,47,98.16663662204519,114.56173071288504,10.0,1.4678333333333333,1.5375
2,scratch,low_score_rescue_10,37,0.00037764935232668343,0.5609999999999999,0.561,0.5907999167442322,47,98.5998374610208,115.04881110787392,10.0,1.4583333333333333,1.5401666666666667
2,scratch,low_score_rescue_10,38,0.0003704051479190776,0.587,0.587,0.5780312646230061,47,97.20547120808624,113.51945674000308,10.0,1.5075,1.518
2,scratch,low_score_rescue_10,39,0.00036302702474441743,0.581,0.581,0.5602223380406698,47,98.74785151402466,115.25853243703023,10.0,1.4806666666666666,1.538
2,scratch,low_score_rescue_10,40,0.0003555232232258696,0.586,0.586,0.5381745365460714,47,98.06771723995917,114.27384002204053,10.0,1.478,1.5031666666666668
2,scratch,low_score_rescue_10,41,0.00034790212415329195,0.5850000000000001,0.585,0.5282862346967061,47,98.32983366400003,114.89133538678288,10.0,1.499,1.5231666666666666
2,scratch,low_score_rescue_10,42,0.0003401722393229594,0.5650000000000001,0.565,0.5260572700500489,47,98.8288326379843,115.16534294304438,10.0,1.4768333333333334,1.5295
2,scratch,low_score_rescue_10,43,0.0003323422020309725,0.585,0.585,0.500898680528005,47,99.65573956700973,115.81338423513807,10.0,1.4681666666666666,1.5165
2,scratch,low_score_rescue_10,44,0.0003244207574309657,0.561,0.561,0.4890642186800639,47,98.66114359907806,115.05960870604031,10.0,1.4233333333333333,1.5125
2,scratch,low_score_rescue_10,45,0.0003164167527668859,0.5760000000000001,0.576,0.4702774194876353,47,97.8287873279769,114.3853553859517,10.0,1.4556666666666667,1.5301666666666667
2,scratch,low_score_rescue_10,46,0.0003083391274917483,0.5900000000000001,0.59,0.46662721784909567,47,98.29146542889066,114.89119002898224,10.0,1.4581666666666666,1.5416666666666667
2,scratch,low_score_rescue_10,47,0.0003001969032834071,0.581,0.581,0.4592593814531962,47,98.34103612997569,114.58550948603079,10.0,1.4903333333333333,1.5088333333333332
2,scratch,low_score_rescue_10,48,0.00029199917396849096,0.5880000000000001,0.588,0.43988349262873333,47,98.0670447119046,114.1490173120983,10.0,1.478,1.4903333333333333
2,scratch,low_score_rescue_10,49,0.0002837550953657579,0.572,0.572,0.4324860640366872,47,97.18108603800647,113.42626887792721,10.0,1.4761666666666666,1.5176666666666667
2,scratch,low_score_rescue_10,50,0.0002754738750602126,0.5780000000000001,0.578,0.41329800415039064,47,98.82425430696458,124.06645107781515,10.0,1.455,1.5091666666666668
2,scratch,low_score_rescue_10,51,0.00026716476211940786,0.5940000000000001,0.594,0.41951784706115725,47,98.4351445119828,114.92547441809438,10.0,1.4935,1.5211666666666666
2,scratch,low_score_rescue_10,52,0.00025883703676341484,0.5870000000000001,0.587,0.4157498471736908,47,98.67154971789569,115.24842306715436,10.0,1.513,1.5138333333333334
2,scratch,low_score_rescue_10,53,0.0002505,0.586,0.586,0.3943039231300354,47,97.51138239400461,114.12829805491492,10.0,1.5541666666666667,1.524
2,scratch,low_score_rescue_10,54,0.00024216296323658525,0.597,0.597,0.40900855350494386,47,98.5534602731932,115.00167814502493,10.0,1.4873333333333334,1.4978333333333333
2,scratch,low_score_rescue_10,55,0.00023383523788059215,0.5730000000000001,0.573,0.3878800133864085,47,98.40742710395716,115.26271000714041,10.0,1.4911666666666668,1.5475
2,scratch,low_score_rescue_10,56,0.00022552612493978745,0.5850000000000001,0.585,0.38184951527913413,47,98.17755323299207,114.52906607091427,10.0,1.5128333333333333,1.5316666666666667
2,scratch,low_score_rescue_10,57,0.00021724490463424225,0.591,0.591,0.375847886800766,47,99.02338478597812,115.43774206307717,10.0,1.4845,1.5383333333333333
2,scratch,low_score_rescue_10,58,0.00020900082603150905,0.595,0.595,0.3705321482817332,47,98.13295607687905,114.47208563098684,10.0,1.459,1.5283333333333333
2,scratch,low_score_rescue_10,59,0.00020080309671659293,0.5860000000000001,0.586,0.3526893099943797,46,98.69160375092179,115.19927225098945,10.0,1.4993333333333334,1.5208333333333333
2,scratch,low_score_rescue_10,60,0.00019266087250825167,0.576,0.576,0.35405026173591614,46,97.9138064198196,114.519017431885,10.0,1.4578333333333333,1.5366666666666666
2,scratch,low_score_rescue_10,61,0.00018458324723311413,0.5660000000000001,0.566,0.34261012824376424,47,100.7625512429513,117.26169382291846,10.0,1.4421666666666666,1.5113333333333334
2,scratch,low_score_rescue_10,62,0.00017657924256903434,0.5959999999999999,0.596,0.33667507735888164,47,99.29924805695191,115.54811252094805,10.0,1.4671666666666667,1.4923333333333333
2,scratch,low_score_rescue_10,63,0.00016865779796902748,0.5879999999999999,0.588,0.3336491183439891,47,97.5904753699433,114.22712497087196,10.0,1.4581666666666666,1.5146666666666666
2,scratch,low_score_rescue_10,64,0.00016082776067704059,0.5900000000000001,0.59,0.33697133016586306,47,98.18564755818807,114.69228604994714,10.0,1.4628333333333334,1.5001666666666666
2,scratch,low_score_rescue_10,65,0.00015309787584670805,0.595,0.595,0.32815016214052833,47,97.93089629197493,114.25009524496272,10.0,1.4526666666666668,1.5213333333333334
2,scratch,low_score_rescue_10,66,0.00014547677677413047,0.5960000000000001,0.596,0.3313083363374074,47,97.55509591894224,114.01711598504335,10.0,1.4653333333333334,1.4951666666666668
2,scratch,low_score_rescue_10,67,0.00013797297525558255,0.5839999999999999,0.584,0.32641061464945476,47,97.5967770779971,113.87769539211877,10.0,1.457,1.5221666666666667
2,scratch,low_score_rescue_10,68,0.00013059485208092238,0.577,0.577,0.32029828731218973,47,97.97045815410092,114.12196357687935,10.0,1.4481666666666666,1.5353333333333334
2,scratch,low_score_rescue_10,69,0.00012335064767331658,0.587,0.587,0.3158346150716146,47,98.39031835994683,114.58072669198737,10.0,1.468,1.5096666666666667
2,scratch,low_score_rescue_10,70,0.00011624845288573853,0.597,0.597,0.3142048978805542,47,98.30242341593839,114.79321143892594,10.0,1.4341666666666666,1.5376666666666667
2,scratch,low_score_rescue_10,71,0.00010929619996451647,0.6039999999999999,0.604,0.3118608900705973,47,99.65345644089393,115.93980587995611,10.0,1.4171666666666667,1.5291666666666666
2,scratch,low_score_rescue_10,72,0.00010250165369002587,0.5900000000000001,0.59,0.31151927256584167,47,98.56614816305228,114.99192032311112,10.0,1.4348333333333334,1.5175
2,scratch,low_score_rescue_10,73,9.587240270441893e-05,0.598,0.598,0.31186940558751425,47,98.21878929296508,114.62476495397277,10.0,1.4425,1.5173333333333334
2,scratch,low_score_rescue_10,74,8.941585103607879e-05,0.5940000000000001,0.594,0.306028716802597,47,98.6372263750527,114.9927677239757,10.0,1.4433333333333334,1.4936666666666667
2,scratch,low_score_rescue_10,75,8.313920983026379e-05,0.605,0.605,0.30466024255752566,47,97.4677583288867,121.67812941409647,10.0,1.4468333333333334,1.5088333333333332
2,scratch,low_score_rescue_10,76,7.704948929517675e-05,0.5890000000000001,0.589,0.30266503190994265,47,98.91149848303758,115.19434701488353,10.0,1.45,1.5255
2,scratch,low_score_rescue_10,77,7.115349087245667e-05,0.595,0.595,0.29777933955192565,47,101.99888193490915,118.7172742919065,10.0,1.442,1.5063333333333333
2,scratch,low_score_rescue_10,78,6.545779964083458e-05,0.601,0.601,0.29982440900802615,47,98.18747221608646,114.35002131084912,10.0,1.4171666666666667,1.5308333333333333
2,scratch,low_score_rescue_10,79,5.996877696144067e-05,0.603,0.603,0.29983792328834535,47,98.20828390493989,114.72639520000666,10.0,1.4205,1.5291666666666666
2,scratch,low_score_rescue_10,80,5.4692553372974075e-05,0.607,0.607,0.30168393325805665,47,98.80858658091165,115.09035352407955,10.0,1.4463333333333332,1.5093333333333334
2,scratch,low_score_rescue_10,81,4.963502174467306e-05,0.6020000000000001,0.602,0.29857511194547015,47,98.39472202211618,114.5581414969638,10.0,1.4116666666666666,1.5091666666666668
2,scratch,low_score_rescue_10,82,4.480183069473086e-05,0.6009999999999999,0.601,0.2982913790543874,47,97.8093449191656,114.15443276893348,10.0,1.4356666666666666,1.5285
2,scratch,low_score_rescue_10,83,4.019837828150914e-05,0.595,0.595,0.2915421441396078,47,98.2013845059555,114.85598311410286,10.0,1.4205,1.4978333333333333
2,scratch,low_score_rescue_10,84,3.5829805974595276e-05,0.607,0.607,0.2942790826956431,47,97.56291671283543,114.16315478296019,10.0,1.4276666666666666,1.5153333333333334
2,scratch,low_score_rescue_10,85,3.1700992912435456e-05,0.603,0.603,0.29469861682256066,47,97.55976486392319,113.85603617294692,10.0,1.4153333333333333,1.4938333333333333
2,scratch,low_score_rescue_10,86,2.781655045295966e-05,0.607,0.607,0.2932830320994059,47,99.03137641679496,115.18359082890674,10.0,1.441,1.5096666666666667
2,scratch,low_score_rescue_10,87,2.4180817023281995e-05,0.6060000000000001,0.606,0.2940998898347219,47,98.45533809997141,114.81524366489612,10.0,1.427,1.524
2,scratch,low_score_rescue_10,88,2.0797853274230994e-05,0.603,0.603,0.29400310428937276,47,98.0345938091632,114.08805737108923,10.0,1.425,1.5111666666666668
2,scratch,low_score_rescue_10,89,1.7671437545120165e-05,0.605,0.605,0.2915036193529765,47,97.79939257912338,114.06615876406431,10.0,1.4248333333333334,1.519
2,scratch,low_score_rescue_10,90,1.480506164382429e-05,0.611,0.611,0.2906083739598592,47,98.0758018179331,114.58992856391706,10.0,1.4155,1.5211666666666666
2,scratch,low_score_rescue_10,91,1.220192694687535e-05,0.6060000000000001,0.606,0.2949133620262146,47,98.96020324691199,115.20329978503287,10.0,1.4281666666666666,1.4951666666666668
2,scratch,low_score_rescue_10,92,9.864940823933073e-06,0.611,0.611,0.2921982961495717,47,98.30870329798199,114.63453891407698,10.0,1.418,1.5248333333333333
2,scratch,low_score_rescue_10,93,7.796713390623254e-06,0.611,0.611,0.29259402163823445,47,98.04309143987484,114.59320146590471,10.0,1.411,1.508
2,scratch,low_score_rescue_10,94,5.999554593371605e-06,0.612,0.612,0.29478729581832885,47,98.0224281148985,114.39645048091188,10.0,1.418,1.5208333333333333
2,scratch,low_score_rescue_10,95,4.475471629487872e-06,0.612,0.612,0.28990923810005187,47,97.39329025195912,113.67030894220807,10.0,1.4255,1.5093333333333334
2,scratch,low_score_rescue_10,96,3.2261667053823824e-06,0.613,0.613,0.2907608477274577,47,97.79085894511081,114.33908711699769,10.0,1.412,1.5206666666666666
2,scratch,low_score_rescue_10,97,2.253035135418218e-06,0.614,0.614,0.294740260998408,47,98.88452241197228,115.55376314208843,10.0,1.4235,1.5061666666666667
2,scratch,low_score_rescue_10,98,1.5571637835232856e-06,0.611,0.611,0.2921308856010437,47,99.34538970096037,115.7565948178526,10.0,1.4335,1.5075
2,scratch,low_score_rescue_10,99,1.1393298493014743e-06,0.6090000000000001,0.609,0.29020568084716797,47,99.19276208616793,115.47106351400726,10.0,1.4108333333333334,1.5288333333333333
2,scratch,low_score_rescue_10,100,1e-06,0.61,0.61,0.2881775654157003,47,98.21238468703814,123.65683711506426,10.0,1.419,1.4975
2,scratch,random,1,0.0001,0.304,0.304,1.8524764238993328,47,97.59368007606827,113.99650236684829,0.0,9.147666666666666,8.327333333333334
2,scratch,random,2,0.0002,0.312,0.312,1.7589517771402994,47,97.90967177599669,114.82861270010471,0.0,8.965666666666667,8.557666666666666
2,scratch,random,3,0.00030000000000000003,0.333,0.333,1.7149502776463827,47,93.67059940309264,109.80056592309847,0.0,8.544,8.906833333333333
2,scratch,random,4,0.0004,0.37,0.37,1.6762352244059244,47,94.1939385170117,110.19312602304853,0.0,8.162666666666667,9.358666666666666
2,scratch,random,5,0.0005,0.372,0.372,1.6392186778386435,47,93.1600661710836,109.25373151595704,0.0,7.6433333333333335,9.7895
2,scratch,random,6,0.0005,0.40099999999999997,0.401,1.5552746753692628,47,92.99967656005174,109.28243325580843,0.0,6.628,10.858833333333333
2,scratch,random,7,0.0004998606701506985,0.48200000000000004,0.482,1.4551303215026856,47,93.7880576911848,110.02813440700993,0.0,6.025666666666667,11.414
2,scratch,random,8,0.0004994428362164767,0.491,0.491,1.3876738656361898,47,94.34874326898716,110.83364316797815,0.0,6.268,11.197
2,scratch,random,9,0.0004987469648645818,0.514,0.514,1.3518530734380085,47,93.66576284193434,109.88489753310569,0.0,6.202,11.233166666666667
2,scratch,random,10,0.0004977738332946176,0.495,0.495,1.295888645807902,47,93.73686909792013,121.17744994303212,0.0,6.435666666666667,11.003833333333333
2,scratch,random,11,0.0004965245283705121,0.525,0.525,1.2432202202479044,47,94.28577891900204,110.53408216894604,0.0,6.328833333333334,11.200166666666666
2,scratch,random,12,0.0004950004454066284,0.5400000000000001,0.54,1.2027353766759237,47,92.98183736484498,109.01167891500518,0.0,6.455666666666667,11.0335
2,scratch,random,13,0.0004932032866093767,0.5349999999999999,0.535,1.180177183787028,47,93.05116901989095,109.39635996194556,0.0,6.616833333333333,10.835
2,scratch,random,14,0.000491135059176067,0.5479999999999999,0.548,1.125256384531657,47,93.42683168291114,109.47223199391738,0.0,6.9638333333333335,10.476166666666666
2,scratch,random,15,0.0004887980730531247,0.558,0.558,1.1066699164708456,47,92.92519070091657,109.0245866200421,0.0,7.238333333333333,10.219166666666666
2,scratch,random,16,0.00048619493835617576,0.546,0.546,1.0948883374532064,47,94.03376818913966,110.1130029738415,0.0,7.3445,10.100333333333333
2,scratch,random,17,0.00048332856245487986,0.557,0.557,1.061931807200114,47,93.25968997785822,109.058658529073,0.0,7.2495,10.217166666666667
2,scratch,random,18,0.000480202146725769,0.5519999999999999,0.552,1.0258450342814127,47,93.6613509610761,110.14015439315699,0.0,7.2026666666666666,10.249666666666666
2,scratch,random,19,0.00047681918297671805,0.5509999999999999,0.551,0.9953075081507365,47,93.45307490113191,109.59114563185722,0.0,7.439166666666667,10.0405
2,scratch,random,20,0.0004731834495470404,0.5569999999999999,0.557,0.9734139040311177,47,93.93703880999237,110.03029183507897,0.0,7.052333333333333,10.368
2,scratch,random,21,0.00046929900708756454,0.57,0.57,0.9393508059183756,47,93.11178043088876,109.2046888701152,0.0,7.019333333333333,10.4155
2,scratch,random,22,0.0004651701940254048,0.5800000000000001,0.58,0.9274373579025269,47,93.45675954106264,109.80710262898356,0.0,7.0465,10.3685
2,scratch,random,23,0.00046080162171849087,0.5660000000000001,0.566,0.8937799625396728,47,93.62611113209277,109.76343034487218,0.0,7.061,10.325833333333334
2,scratch,random,24,0.0004561981693052692,0.5519999999999999,0.552,0.9140496193567912,47,93.77555322390981,109.970907445997,0.0,6.970166666666667,10.487166666666667
2,scratch,random,25,0.00045136497825532695,0.581,0.581,0.8665259408950806,47,93.25293005700223,118.8220711669419,0.0,6.848,10.610166666666666
2,scratch,random,26,0.00044630744662702595,0.569,0.569,0.8423982871373494,47,93.7656228709966,110.02242508716881,0.0,6.99,10.429
2,scratch,random,27,0.0004410312230385594,0.575,0.575,0.818388444741567,47,93.33635785500519,109.71683792211115,0.0,6.855333333333333,10.573
2,scratch,random,28,0.0004355422003591655,0.5589999999999999,0.559,0.7870099679629008,47,93.10484690195881,109.1113639420364,0.0,6.746333333333333,10.634833333333333
2,scratch,random,29,0.0004298465091275434,0.593,0.593,0.7683103868166605,47,92.95628389785998,109.0392921550665,0.0,6.782333333333334,10.677
2,scratch,random,30,0.0004239505107048233,0.559,0.559,0.7389559899965922,47,93.40920431585982,109.94691490009427,0.0,6.604166666666667,10.8145
2,scratch,random,31,0.00041786079016973627,0.5760000000000001,0.576,0.7252257992426554,47,93.49818580620922,109.6316691217944,0.0,6.836333333333333,10.611333333333333
2,scratch,random,32,0.00041158414896392116,0.596,0.596,0.6788569696744283,47,93.2779437310528,110.12359926779754,0.0,6.732,10.708333333333334
2,scratch,random,33,0.00040512759729558113,0.5820000000000001,0.582,0.66599675877889,47,94.21743320906535,110.13995785615407,0.0,6.865833333333334,10.508
2,scratch,random,34,0.00039849834630997414,0.572,0.572,0.6624523878097535,47,93.99227796215564,109.9293732792139,0.0,6.678,10.795166666666667
2,scratch,random,35,0.0003917038000354835,0.599,0.599,0.6249868418375651,47,93.62694946187548,109.9748582020402,0.0,6.794833333333333,10.644
2,scratch,random,36,0.0003847515471142615,0.596,0.596,0.6169132463137309,47,93.36866383603774,109.41305632004514,0.0,6.831166666666666,10.638
2,scratch,random,37,0.00037764935232668343,0.5780000000000001,0.578,0.5877298820813497,47,94.23245420120656,110.9957623030059,0.0,6.8035,10.689333333333334
2,scratch,random,38,0.0003704051479190776,0.5970000000000001,0.597,0.597140642007192,47,93.40435040998273,109.50196085893549,0.0,6.7805,10.6755
2,scratch,random,39,0.00036302702474441743,0.571,0.571,0.5645350290934245,47,94.35784941609018,110.69287720415741,0.0,6.5888333333333335,10.896666666666667
2,scratch,random,40,0.0003555232232258696,0.5730000000000001,0.573,0.5651231536865234,47,93.41659605898894,110.2494627169799,0.0,6.688666666666666,10.754833333333334
2,scratch,random,41,0.00034790212415329195,0.564,0.564,0.5396315552393596,47,93.95185325597413,109.80028199893422,0.0,6.530666666666667,10.894166666666667
2,scratch,random,42,0.0003401722393229594,0.5599999999999999,0.56,0.5229670456250508,47,93.64670285396278,109.91119339992292,0.0,6.7396666666666665,10.729333333333333
2,scratch,random,43,0.0003323422020309725,0.5640000000000001,0.564,0.50720862865448,47,93.36573134013452,109.95734617603011,0.0,6.767333333333333,10.624833333333333
2,scratch,random,44,0.0003244207574309657,0.577,0.577,0.48494295946757,47,93.46415937296115,109.36817827401683,0.0,6.867666666666667,10.567666666666666
2,scratch,random,45,0.0003164167527668859,0.587,0.587,0.4777754634221395,47,93.32441163016483,109.44640066917054,0.0,6.738,10.690833333333334
2,scratch,random,46,0.0003083391274917483,0.5780000000000001,0.578,0.46395606287320457,47,93.23586809588596,109.16708481009118,0.0,6.7215,10.7525
2,scratch,random,47,0.0003001969032834071,0.572,0.572,0.4561852580706279,47,92.488513170043,108.43175755999982,0.0,6.706333333333333,10.7465
2,scratch,random,48,0.00029199917396849096,0.5820000000000001,0.582,0.44159104204177857,47,92.27925597713329,108.3845600800123,0.0,6.6985,10.716166666666666
2,scratch,random,49,0.0002837550953657579,0.5810000000000001,0.581,0.43927797079086306,47,93.51193790207617,109.8654624200426,0.0,6.730166666666666,10.762833333333333
2,scratch,random,50,0.0002754738750602126,0.586,0.586,0.4258892059326172,47,94.6478029859718,120.73367901612073,0.0,6.5435,10.910166666666667
2,scratch,random,51,0.00026716476211940786,0.588,0.588,0.42111629986763,47,93.45285830204375,109.78156763198785,0.0,6.527333333333333,10.9045
2,scratch,random,52,0.00025883703676341484,0.5810000000000001,0.581,0.40723103936513266,47,93.18739175796509,109.0683238459751,0.0,6.598833333333333,10.922166666666667
2,scratch,random,53,0.0002505,0.586,0.586,0.39873615876833596,47,92.99419522704557,109.43740719510242,0.0,6.537333333333334,10.874166666666667
2,scratch,random,54,0.00024216296323658525,0.5810000000000001,0.581,0.4018392344315847,47,93.77549456991255,109.94165668892674,0.0,6.578333333333333,10.945166666666667
2,scratch,random,55,0.00023383523788059215,0.585,0.585,0.39146352736155193,47,93.61696178396232,109.78779353410937,0.0,6.668833333333334,10.796666666666667
2,scratch,random,56,0.00022552612493978745,0.583,0.583,0.3727837821642558,47,93.7047169948928,109.7700932091102,0.0,6.607,10.824666666666667
2,scratch,random,57,0.00021724490463424225,0.5860000000000001,0.586,0.37313343087832135,47,92.96035227598622,108.953065847978,0.0,6.566333333333334,10.861
2,scratch,random,58,0.00020900082603150905,0.584,0.584,0.3733513898054759,47,93.08161663403735,109.24006872600876,0.0,6.478166666666667,10.958166666666667
2,scratch,random,59,0.00020080309671659293,0.599,0.599,0.3603841588497162,47,93.66879489109851,109.61473846295848,0.0,6.484166666666667,10.925666666666666
2,scratch,random,60,0.00019266087250825167,0.5660000000000001,0.566,0.3627325704097748,47,93.13188320491463,109.96623036195524,0.0,6.516,10.886666666666667
2,scratch,random,61,0.00018458324723311413,0.598,0.598,0.34920181926091515,47,94.20681576500647,110.22612652578391,0.0,6.437166666666666,10.9705
2,scratch,random,62,0.00017657924256903434,0.595,0.595,0.3488115656375885,47,93.03290631598793,109.1289807758294,0.0,6.4191666666666665,11.049333333333333
2,scratch,random,63,0.00016865779796902748,0.5930000000000001,0.593,0.34377218612035115,47,93.057973242132,108.90820922609419,0.0,6.620666666666667,10.857666666666667
2,scratch,random,64,0.00016082776067704059,0.5959999999999999,0.596,0.34331202777226766,47,93.47365923598409,109.76502095186152,0.0,6.4445,11.008666666666667
2,scratch,random,65,0.00015309787584670805,0.5879999999999999,0.588,0.33142862224578856,47,93.6021785880439,109.72460690513253,0.0,6.573666666666667,10.870166666666666
2,scratch,random,66,0.00014547677677413047,0.602,0.602,0.33814374589920043,47,93.46631845086813,109.86509641795419,0.0,6.597833333333333,10.7925
2,scratch,random,67,0.00013797297525558255,0.584,0.584,0.3251689081986745,47,93.70092525915243,109.76660600909963,0.0,6.482666666666667,10.976833333333333
2,scratch,random,68,0.00013059485208092238,0.58,0.58,0.32569958877563476,47,93.05958348582499,108.9893938191235,0.0,6.367166666666667,11.059666666666667
2,scratch,random,69,0.00012335064767331658,0.598,0.598,0.32548207592964173,47,93.12467108806595,109.39982128003612,0.0,6.49,10.976333333333333
2,scratch,random,70,0.00011624845288573853,0.6020000000000001,0.602,0.32163809045155844,47,94.08332995185629,110.99628650816157,0.0,6.500166666666667,10.992666666666667
2,scratch,random,71,0.00010929619996451647,0.5960000000000001,0.596,0.3202466491063436,47,93.07414534897543,109.69187843799591,0.0,6.5755,10.890166666666667
2,scratch,random,72,0.00010250165369002587,0.5860000000000001,0.586,0.3155016515254974,46,94.22025144007057,110.30026647518389,0.0,6.5536666666666665,10.8555
2,scratch,random,73,9.587240270441893e-05,0.591,0.591,0.31355153377850853,47,93.2051690230146,109.45994852297008,0.0,6.533,10.9065
2,scratch,random,74,8.941585103607879e-05,0.6,0.6,0.3153308710257212,47,94.35193852009252,110.98875544313341,0.0,6.516,10.912166666666666
2,scratch,random,75,8.313920983026379e-05,0.593,0.593,0.3061135898431142,47,93.81298789614812,121.01515176706016,0.0,6.645333333333333,10.787166666666666
2,scratch,random,76,7.704948929517675e-05,0.595,0.595,0.30328273272514344,47,93.63001110008918,109.85598629806191,0.0,6.490833333333334,11.010666666666667
2,scratch,random,77,7.115349087245667e-05,0.591,0.591,0.30839409891764324,47,94.75757807400078,111.0429241321981,0.0,6.528,10.897166666666667
2,scratch,random,78,6.545779964083458e-05,0.5889999999999999,0.589,0.30243042691548666,47,93.76016489393078,109.94876429880969,0.0,6.440833333333333,11.041666666666666
2,scratch,random,79,5.996877696144067e-05,0.6039999999999999,0.604,0.3024613711039225,47,93.33263792912476,109.85599284805357,0.0,6.421,11.069166666666666
2,scratch,random,80,5.4692553372974075e-05,0.603,0.603,0.305428714911143,47,93.64964539790526,109.79825649200939,0.0,6.360666666666667,11.084666666666667
2,scratch,random,81,4.963502174467306e-05,0.5990000000000001,0.599,0.3029062496026357,47,93.009888777975,108.95792647101916,0.0,6.316833333333333,11.168333333333333
2,scratch,random,82,4.480183069473086e-05,0.599,0.599,0.3009928333759308,47,93.5668558140751,110.3787901699543,0.0,6.379333333333333,11.111166666666668
2,scratch,random,83,4.019837828150914e-05,0.5920000000000001,0.592,0.305906431277593,47,94.22812058986165,110.95311562810093,0.0,6.375166666666667,11.0725
2,scratch,random,84,3.5829805974595276e-05,0.6020000000000001,0.602,0.30576851455370585,47,94.21013442496769,110.92237992607988,0.0,6.355666666666667,11.061166666666667
2,scratch,random,85,3.1700992912435456e-05,0.598,0.598,0.3002692356109619,47,92.98090351303108,109.2263605101034,0.0,6.34,11.133
2,scratch,random,86,2.781655045295966e-05,0.596,0.596,0.299384078502655,47,93.71032517100684,110.45235535991378,0.0,6.399,11.0475
2,scratch,random,87,2.4180817023281995e-05,0.6040000000000001,0.604,0.2995317866007487,47,94.6242409539409,110.95996067393571,0.0,6.406833333333333,10.992833333333333
2,scratch,random,88,2.0797853274230994e-05,0.5980000000000001,0.598,0.30599780321121217,47,93.59564950107597,109.88567943684757,0.0,6.5405,10.943333333333333
2,scratch,random,89,1.7671437545120165e-05,0.6020000000000001,0.602,0.2991321113904317,47,93.25449427985586,109.35208954615518,0.0,6.417333333333334,11.009833333333333
2,scratch,random,90,1.480506164382429e-05,0.596,0.596,0.3001051344871521,47,94.06221214705147,110.73357736202888,0.0,6.4805,11.015833333333333
2,scratch,random,91,1.220192694687535e-05,0.6010000000000002,0.601,0.30063245590527854,47,94.79193759988993,111.01065618498251,0.0,6.440333333333333,11.0165
2,scratch,random,92,9.864940823933073e-06,0.602,0.602,0.30535132122039793,47,93.63494650204666,109.83273118198849,0.0,6.424666666666667,11.058333333333334
2,scratch,random,93,7.796713390623254e-06,0.602,0.602,0.298233025709788,47,92.72099097096361,109.05690195807256,0.0,6.429333333333333,10.973166666666666
2,scratch,random,94,5.999554593371605e-06,0.602,0.602,0.3017285268306732,47,94.46086111292243,110.62058037496172,0.0,6.459333333333333,11.001666666666667
2,scratch,random,95,4.475471629487872e-06,0.599,0.599,0.2965615203380585,47,92.92709631193429,109.0638934650924,0.0,6.4,11.011833333333334
2,scratch,random,96,3.2261667053823824e-06,0.602,0.602,0.2987388971646627,47,93.49965449492447,109.49277241108939,0.0,6.3755,10.960666666666667
2,scratch,random,97,2.253035135418218e-06,0.604,0.604,0.29977906958262124,47,93.65053444192745,109.9165083009284,0.0,6.4085,11.0385
2,scratch,random,98,1.5571637835232856e-06,0.604,0.604,0.2946998178164164,47,94.93031627801247,111.0567442139145,0.0,6.431,10.985833333333334
2,scratch,random,99,1.1393298493014743e-06,0.6049999999999999,0.605,0.30339314524332683,47,93.72402480291203,109.91845225496218,0.0,6.4013333333333335,10.991166666666667
2,scratch,random,100,1e-06,0.6070000000000001,0.607,0.298297865708669,47,93.80437955493107,118.82461488991976,0.0,6.387833333333333,10.9885
2,scratch,random_rescue_10,1,0.0001,0.30400000000000005,0.304,1.8450593547821046,47,98.12773500895128,114.2862460440956,10.0,1.8656666666666666,1.7238333333333333
2,scratch,random_rescue_10,2,0.0002,0.305,0.305,1.7483646100362142,47,103.56437167502008,120.50568449194543,10.0,1.8106666666666666,1.7575
2,scratch,random_rescue_10,3,0.00030000000000000003,0.314,0.314,1.7348880386352539,47,98.6342629659921,114.89037541905418,10.0,1.7791666666666666,1.7786666666666666
2,scratch,random_rescue_10,4,0.0004,0.39,0.39,1.6737585426966348,47,98.29445221507922,114.61003587814048,10.0,1.7383333333333333,1.8243333333333334
2,scratch,random_rescue_10,5,0.0005,0.376,0.376,1.6130373655954997,47,98.72561372816563,114.99302046815865,10.0,1.8798333333333332,1.67
2,scratch,random_rescue_10,6,0.0005,0.45199999999999996,0.452,1.5171148694356282,47,98.17812106199563,114.50652872398496,10.0,1.881,1.6766666666666667
2,scratch,random_rescue_10,7,0.0004998606701506985,0.47400000000000003,0.474,1.4487402413686117,47,99.30609042500146,115.86987886903808,10.0,1.8436666666666666,1.7265
2,scratch,random_rescue_10,8,0.0004994428362164767,0.514,0.514,1.3793558537165325,47,98.99140227586031,115.42280337796547,10.0,1.7595,1.8305
2,scratch,random_rescue_10,9,0.0004987469648645818,0.511,0.511,1.3672457723617553,47,98.48727107094601,115.02804248291068,10.0,1.7725,1.793
2,scratch,random_rescue_10,10,0.0004977738332946176,0.538,0.538,1.2911738888422648,47,98.32682469510473,121.89414697210304,10.0,1.623,1.9458333333333333
2,scratch,random_rescue_10,11,0.0004965245283705121,0.521,0.521,1.250586454709371,47,99.07300188089721,115.53097306308337,10.0,1.7235,1.8406666666666667
2,scratch,random_rescue_10,12,0.0004950004454066284,0.5599999999999999,0.56,1.2039104515711467,47,98.5413246769458,114.71145790605806,10.0,1.6786666666666668,1.8606666666666667
2,scratch,random_rescue_10,13,0.0004932032866093767,0.5199999999999999,0.52,1.181068786938985,47,98.63551706308499,114.83852696698159,10.0,1.689,1.8778333333333332
2,scratch,random_rescue_10,14,0.000491135059176067,0.561,0.561,1.1610937767028808,47,98.75779792107642,115.09942628489807,10.0,1.6811666666666667,1.8643333333333334
2,scratch,random_rescue_10,15,0.0004887980730531247,0.5850000000000001,0.585,1.1093835487365722,47,98.24119686405174,114.80776070896536,10.0,1.72,1.8301666666666667
2,scratch,random_rescue_10,16,0.00048619493835617576,0.5810000000000001,0.581,1.0943479913075764,47,98.28761890903115,114.68395762005821,10.0,1.7311666666666667,1.8021666666666667
2,scratch,random_rescue_10,17,0.00048332856245487986,0.584,0.584,1.0469751078287761,47,98.18734574201517,114.48231298779137,10.0,1.7548333333333332,1.8025
2,scratch,random_rescue_10,18,0.000480202146725769,0.5720000000000001,0.572,1.0167006975809734,47,97.76439578691497,114.37832517689094,10.0,1.808,1.7363333333333333
2,scratch,random_rescue_10,19,0.00047681918297671805,0.58,0.58,1.006009210586548,47,97.96814995794557,114.47260948712938,10.0,1.807,1.7611666666666668
2,scratch,random_rescue_10,20,0.0004731834495470404,0.576,0.576,0.9721217486063639,47,98.57340390793979,114.97844159114175,10.0,1.781,1.7856666666666667
2,scratch,random_rescue_10,21,0.00046929900708756454,0.579,0.579,0.9484115209579468,47,99.54221467580646,115.72564912191592,10.0,1.7755,1.7401666666666666
2,scratch,random_rescue_10,22,0.0004651701940254048,0.589,0.589,0.9471819235483805,47,98.28572002588771,114.67594953905791,10.0,1.7195,1.851
2,scratch,random_rescue_10,23,0.00046080162171849087,0.5889999999999999,0.589,0.8920076189041137,47,98.37917958106846,114.92456792597659,10.0,1.7398333333333333,1.8063333333333333
2,scratch,random_rescue_10,24,0.0004561981693052692,0.5760000000000001,0.576,0.8785167118708292,47,99.1723544311244,116.18389825988561,10.0,1.6721666666666666,1.8685
2,scratch,random_rescue_10,25,0.00045136497825532695,0.613,0.613,0.8457574917475382,47,98.75464755599387,123.61224827799015,10.0,1.707,1.8278333333333334
2,scratch,random_rescue_10,26,0.00044630744662702595,0.596,0.596,0.8303222646713256,47,99.19810870918445,115.52833578991704,10.0,1.7465,1.8215
2,scratch,random_rescue_10,27,0.0004410312230385594,0.567,0.567,0.8280252564748128,47,98.17255366710015,114.47945200791582,10.0,1.7031666666666667,1.8538333333333334
2,scratch,random_rescue_10,28,0.0004355422003591655,0.591,0.591,0.7922171411514283,47,98.21068639517762,114.15628324192949,10.0,1.6833333333333333,1.8455
2,scratch,random_rescue_10,29,0.0004298465091275434,0.606,0.606,0.7541204938888549,47,99.25809673080221,115.65222484595142,10.0,1.7351666666666667,1.8491666666666666
2,scratch,random_rescue_10,30,0.0004239505107048233,0.597,0.597,0.7316755374272664,47,98.75770512013696,115.34810430603102,10.0,1.6606666666666667,1.9186666666666667
2,scratch,random_rescue_10,31,0.00041786079016973627,0.584,0.584,0.714464123249054,47,97.4402767228894,114.00857183802873,10.0,1.7273333333333334,1.85
2,scratch,random_rescue_10,32,0.00041158414896392116,0.616,0.616,0.6989670856793722,47,98.50698600895703,115.0419594021514,10.0,1.6698333333333333,1.871
2,scratch,random_rescue_10,33,0.00040512759729558113,0.611,0.611,0.6741775862375895,47,97.03949958900921,113.19470915291458,10.0,1.6813333333333333,1.8955
2,scratch,random_rescue_10,34,0.00039849834630997414,0.601,0.601,0.6484393620491028,47,98.75477148685604,114.9758747019805,10.0,1.7285,1.8663333333333334
2,scratch,random_rescue_10,35,0.0003917038000354835,0.606,0.606,0.6331946525573731,47,97.31788436300121,113.55177937215194,10.0,1.7188333333333334,1.8666666666666667
2,scratch,random_rescue_10,36,0.0003847515471142615,0.622,0.622,0.6186205393473307,47,98.58291731704958,115.04883384890854,10.0,1.7526666666666666,1.8131666666666666
2,scratch,random_rescue_10,37,0.00037764935232668343,0.582,0.582,0.595883172194163,47,97.74342496483587,114.18236896279268,10.0,1.6661666666666666,1.8876666666666666
2,scratch,random_rescue_10,38,0.0003704051479190776,0.585,0.585,0.5746902885437012,47,98.70069481409155,115.03435311000794,10.0,1.7473333333333334,1.8585
2,scratch,random_rescue_10,39,0.00036302702474441743,0.5800000000000001,0.58,0.5832153946558635,47,98.03667012602091,114.39616342703812,10.0,1.7531666666666668,1.8101666666666667
2,scratch,random_rescue_10,40,0.0003555232232258696,0.601,0.601,0.5461702506542205,47,98.19379933085293,114.57948965299875,10.0,1.7195,1.7966666666666666
2,scratch,random_rescue_10,41,0.00034790212415329195,0.5900000000000001,0.59,0.5420409204165141,47,97.59969779290259,113.8698121169582,10.0,1.7233333333333334,1.8256666666666668
2,scratch,random_rescue_10,42,0.0003401722393229594,0.597,0.597,0.5188856987953187,47,98.03721482097171,114.39341876190156,10.0,1.7041666666666666,1.8601666666666667
2,scratch,random_rescue_10,43,0.0003323422020309725,0.6020000000000001,0.602,0.5118898183504741,47,97.44467938086018,113.84539518295787,10.0,1.6823333333333332,1.8616666666666666
2,scratch,random_rescue_10,44,0.0003244207574309657,0.587,0.587,0.5009670176506043,47,97.97958813188598,114.47026952193119,10.0,1.71,1.8575
2,scratch,random_rescue_10,45,0.0003164167527668859,0.6020000000000001,0.602,0.4712006058692932,47,97.09990923805162,113.59395935409702,10.0,1.7208333333333334,1.8688333333333333
2,scratch,random_rescue_10,46,0.0003083391274917483,0.602,0.602,0.4761833875974019,47,98.31514245504513,114.59549836209044,10.0,1.7028333333333334,1.8681666666666668
2,scratch,random_rescue_10,47,0.0003001969032834071,0.595,0.595,0.4438664961655935,47,97.61315652891062,113.79546134802513,10.0,1.7025,1.8803333333333334
2,scratch,random_rescue_10,48,0.00029199917396849096,0.592,0.592,0.445696648756663,47,99.28690781700425,115.46330222091638,10.0,1.7098333333333333,1.8763333333333334
2,scratch,random_rescue_10,49,0.0002837550953657579,0.6140000000000001,0.614,0.4381265485286713,47,97.61303423088975,114.15547293308191,10.0,1.7063333333333333,1.8405
2,scratch,random_rescue_10,50,0.0002754738750602126,0.5950000000000001,0.595,0.4385658106803894,47,98.00968154799193,123.15483484906144,10.0,1.6998333333333333,1.8581666666666667
2,scratch,random_rescue_10,51,0.00026716476211940786,0.6119999999999999,0.612,0.4314853879610697,47,99.64794306480326,115.99429435189813,10.0,1.6996666666666667,1.9078333333333333
2,scratch,random_rescue_10,52,0.00025883703676341484,0.5810000000000001,0.581,0.40879794597625735,47,99.35424424009398,115.7128009928856,10.0,1.6703333333333332,1.8975
2,scratch,random_rescue_10,53,0.0002505,0.598,0.598,0.40382400337855023,47,98.9942674539052,116.01131580909714,10.0,1.6766666666666667,1.8748333333333334
2,scratch,random_rescue_10,54,0.00024216296323658525,0.5980000000000001,0.598,0.4155391337076823,47,98.53171837609261,114.90949422796257,10.0,1.7118333333333333,1.869
2,scratch,random_rescue_10,55,0.00023383523788059215,0.6,0.6,0.3824451525211334,47,99.13935322198085,115.5376080989372,10.0,1.6745,1.9123333333333334
2,scratch,random_rescue_10,56,0.00022552612493978745,0.5990000000000001,0.599,0.38002778855959574,47,97.89471854199655,114.52692857501097,10.0,1.636,1.8966666666666667
2,scratch,random_rescue_10,57,0.00021724490463424225,0.5959999999999999,0.596,0.370849302371343,47,99.25328344409354,115.52726026903838,10.0,1.6511666666666667,1.9051666666666667
2,scratch,random_rescue_10,58,0.00020900082603150905,0.5820000000000001,0.582,0.36724252223968507,47,98.25227747787721,114.87010004883632,10.0,1.622,1.9088333333333334
2,scratch,random_rescue_10,59,0.00020080309671659293,0.5860000000000001,0.586,0.37065202951431275,47,98.01595089584589,114.21478782501072,10.0,1.6781666666666666,1.8943333333333334
2,scratch,random_rescue_10,60,0.00019266087250825167,0.5890000000000001,0.589,0.3606037343343099,47,98.46793118887581,114.90919400309213,10.0,1.6228333333333333,1.9403333333333332
2,scratch,random_rescue_10,61,0.00018458324723311413,0.591,0.591,0.3557225635846456,47,97.30343518406153,113.63662845315412,10.0,1.6363333333333334,1.9136666666666666
2,scratch,random_rescue_10,62,0.00017657924256903434,0.595,0.595,0.35472687594095864,47,98.27312727109529,114.78499935404398,10.0,1.6863333333333332,1.8743333333333334
2,scratch,random_rescue_10,63,0.00016865779796902748,0.591,0.591,0.3468226991494497,47,98.4636543369852,114.5504067610018,10.0,1.6605,1.901
2,scratch,random_rescue_10,64,0.00016082776067704059,0.6,0.6,0.3449244830608368,47,100.46629282017238,116.97066114097834,10.0,1.654,1.9015
2,scratch,random_rescue_10,65,0.00015309787584670805,0.606,0.606,0.3398847366174062,47,98.10356800002046,114.37763395998627,10.0,1.6845,1.8928333333333334
2,scratch,random_rescue_10,66,0.00014547677677413047,0.604,0.604,0.33792677768071494,47,98.1620390531607,114.40035179490224,10.0,1.6495,1.9206666666666667
2,scratch,random_rescue_10,67,0.00013797297525558255,0.604,0.604,0.3360295890967051,47,98.97236319002695,115.35983017715625,10.0,1.6256666666666666,1.9165
2,scratch,random_rescue_10,68,0.00013059485208092238,0.5969999999999999,0.597,0.32243395686149595,47,98.46180909196846,115.35282699391246,10.0,1.6053333333333333,1.9425
2,scratch,random_rescue_10,69,0.00012335064767331658,0.5960000000000001,0.596,0.33079622268676756,47,98.5575590650551,115.01635696995072,10.0,1.6056666666666666,1.9351666666666667
2,scratch,random_rescue_10,70,0.00011624845288573853,0.5900000000000001,0.59,0.32162136721611023,47,98.31674527307041,114.68580249208026,10.0,1.6348333333333334,1.9213333333333333
2,scratch,random_rescue_10,71,0.00010929619996451647,0.6039999999999999,0.604,0.3247094886302948,47,98.08781064511277,114.72540747211315,10.0,1.6525,1.9181666666666666
2,scratch,random_rescue_10,72,0.00010250165369002587,0.591,0.591,0.3257296809355418,47,97.95314591703936,114.27244158112444,10.0,1.6721666666666666,1.9016666666666666
2,scratch,random_rescue_10,73,9.587240270441893e-05,0.6049999999999999,0.605,0.3213347067038218,47,98.32556397188455,114.91260373988189,10.0,1.6498333333333333,1.9153333333333333
2,scratch,random_rescue_10,74,8.941585103607879e-05,0.607,0.607,0.31858305939038595,47,99.41243068710901,116.05293599888682,10.0,1.6593333333333333,1.9196666666666666
2,scratch,random_rescue_10,75,8.313920983026379e-05,0.6159999999999999,0.616,0.3120503431955973,47,98.85285303997807,123.4452849701047,10.0,1.6383333333333334,1.9363333333333332
2,scratch,random_rescue_10,76,7.704948929517675e-05,0.605,0.605,0.31456211813290913,47,98.59227343997918,114.9329508410301,10.0,1.6475,1.928
2,scratch,random_rescue_10,77,7.115349087245667e-05,0.6050000000000001,0.605,0.3122632979551951,47,98.20262280316092,114.64991620206274,10.0,1.6395,1.8916666666666666
2,scratch,random_rescue_10,78,6.545779964083458e-05,0.613,0.613,0.3147515014807383,47,98.57286903215572,114.85397893306799,10.0,1.6566666666666667,1.9086666666666667
2,scratch,random_rescue_10,79,5.996877696144067e-05,0.6040000000000001,0.604,0.3056809728940328,47,98.41951623698696,114.72337087290362,10.0,1.6235,1.9138333333333333
2,scratch,random_rescue_10,80,5.4692553372974075e-05,0.601,0.601,0.3087366040547689,47,102.11870844080113,118.47425402514637,10.0,1.635,1.9221666666666666
2,scratch,random_rescue_10,81,4.963502174467306e-05,0.6060000000000001,0.606,0.3050135227839152,47,98.33821715693921,115.1823544849176,10.0,1.6241666666666668,1.941
2,scratch,random_rescue_10,82,4.480183069473086e-05,0.607,0.607,0.3069680631955465,47,98.97731613111682,115.44559461786412,10.0,1.6351666666666667,1.9265
2,scratch,random_rescue_10,83,4.019837828150914e-05,0.61,0.61,0.30605406761169435,47,97.85335147590376,114.29220981500112,10.0,1.6496666666666666,1.9071666666666667
2,scratch,random_rescue_10,84,3.5829805974595276e-05,0.5980000000000001,0.598,0.3046055628458659,47,98.96332435403019,115.35963441804051,10.0,1.6406666666666667,1.9248333333333334
2,scratch,random_rescue_10,85,3.1700992912435456e-05,0.6060000000000001,0.606,0.30319056685765583,47,98.54781828285195,114.77582297008485,10.0,1.6226666666666667,1.9391666666666667
2,scratch,random_rescue_10,86,2.781655045295966e-05,0.6059999999999999,0.606,0.30251017570495603,47,97.76219669892453,114.20810322486795,10.0,1.621,1.9521666666666666
2,scratch,random_rescue_10,87,2.4180817023281995e-05,0.602,0.602,0.30349863243103026,47,98.56784431403503,115.13413088582456,10.0,1.6008333333333333,1.9423333333333332
2,scratch,random_rescue_10,88,2.0797853274230994e-05,0.6,0.6,0.305875519434611,47,97.97532686311752,114.38864320283756,10.0,1.6276666666666666,1.9575
2,scratch,random_rescue_10,89,1.7671437545120165e-05,0.607,0.607,0.302168771982193,47,97.8309480601456,114.3264892930165,10.0,1.632,1.9416666666666667
2,scratch,random_rescue_10,90,1.480506164382429e-05,0.6060000000000001,0.606,0.2997346303462982,46,99.09193272003904,115.32962441886775,10.0,1.609,1.9315
2,scratch,random_rescue_10,91,1.220192694687535e-05,0.604,0.604,0.29960863399505616,47,97.77706554206088,113.94247169210576,10.0,1.606,1.9488333333333334
2,scratch,random_rescue_10,92,9.864940823933073e-06,0.6030000000000001,0.603,0.306538268327713,47,98.36823411798105,114.74871872505173,10.0,1.6,1.9441666666666666
2,scratch,random_rescue_10,93,7.796713390623254e-06,0.604,0.604,0.3035563812255859,47,98.3561396910809,114.5574714220129,10.0,1.6296666666666666,1.9418333333333333
2,scratch,random_rescue_10,94,5.999554593371605e-06,0.603,0.603,0.29792810821533205,47,98.7403041429352,115.03097097412683,10.0,1.6011666666666666,1.9513333333333334
2,scratch,random_rescue_10,95,4.475471629487872e-06,0.604,0.604,0.2979594523111979,47,99.99461511103436,116.3560609840788,10.0,1.5903333333333334,1.982
2,scratch,random_rescue_10,96,3.2261667053823824e-06,0.6020000000000001,0.602,0.30424813596407574,47,97.86413482483476,114.26011814502999,10.0,1.5983333333333334,1.9538333333333333
2,scratch,random_rescue_10,97,2.253035135418218e-06,0.603,0.603,0.2979124065240224,47,97.65371609805152,113.77239669999108,10.0,1.6013333333333333,1.9366666666666668
2,scratch,random_rescue_10,98,1.5571637835232856e-06,0.603,0.603,0.3017829938729604,47,98.66097989305854,114.78738812915981,10.0,1.6061666666666667,1.984
2,scratch,random_rescue_10,99,1.1393298493014743e-06,0.603,0.603,0.2966296191215515,47,97.50315223191865,114.12233945494518,10.0,1.6036666666666666,1.9381666666666666
2,scratch,random_rescue_10,100,1e-06,0.603,0.603,0.30460036532084145,47,96.78301029512659,121.12768085487187,10.0,1.6126666666666667,1.9248333333333334
2,scratch,student,1,0.0001,0.29200000000000004,0.292,1.832350835164388,47,96.12637302512303,113.04287953092717,0.0,0.0,0.0
2,scratch,student,2,0.0002,0.33399999999999996,0.334,1.7352655283610026,47,96.92417673300952,114.1209966361057,0.0,0.0,0.0
2,scratch,student,3,0.00030000000000000003,0.33199999999999996,0.332,1.6942566623687745,47,93.14739460707642,109.1969131459482,0.0,0.0,0.0
2,scratch,student,4,0.0004,0.384,0.384,1.6442762406667073,47,93.00527013000101,109.14618769194931,0.0,0.0,0.0
2,scratch,student,5,0.0005,0.35899999999999993,0.359,1.5844721988042196,47,93.9547660369426,110.08837330201641,0.0,0.0,0.0
2,scratch,student,6,0.0005,0.42699999999999994,0.427,1.5233979269663493,47,93.41395126096904,109.6759389040526,0.0,0.0,0.0
2,scratch,student,7,0.0004998606701506985,0.457,0.457,1.4480345226923625,47,93.46113452198915,109.55181532003917,0.0,0.0,0.0
2,scratch,student,8,0.0004994428362164767,0.5029999999999999,0.503,1.3689806661605834,47,93.98077080096118,110.35707763396204,0.0,0.0,0.0
2,scratch,student,9,0.0004987469648645818,0.518,0.518,1.3628368333180745,47,93.66711761499755,109.84229943319224,0.0,0.0,0.0
2,scratch,student,10,0.0004977738332946176,0.507,0.507,1.2910128326416015,47,93.27563994703814,120.20766444900073,0.0,0.0,0.0
2,scratch,student,11,0.0004965245283705121,0.5079999999999999,0.508,1.2616580543518066,47,93.31101409089752,110.00904383207671,0.0,0.0,0.0
2,scratch,student,12,0.0004950004454066284,0.5599999999999999,0.56,1.2137233498891196,47,93.35302715981379,110.29240710102022,0.0,0.0,0.0
2,scratch,student,13,0.0004932032866093767,0.519,0.519,1.1720321340560913,47,93.24921854911372,109.4577459169086,0.0,0.0,0.0
2,scratch,student,14,0.000491135059176067,0.5720000000000001,0.572,1.1336744588216146,47,94.8196935239248,111.12881711800583,0.0,0.0,0.0
2,scratch,student,15,0.0004887980730531247,0.5670000000000001,0.567,1.1145143626530964,47,93.3507666781079,109.49704334605485,0.0,0.0,0.0
2,scratch,student,16,0.00048619493835617576,0.5599999999999999,0.56,1.0873962167104085,47,93.83517705486156,110.57272541103885,0.0,0.0,0.0
2,scratch,student,17,0.00048332856245487986,0.53,0.53,1.0498550373713176,47,93.27514098212123,109.42926995409653,0.0,0.0,0.0
2,scratch,student,18,0.000480202146725769,0.5509999999999999,0.551,1.0526076396306356,47,93.11323472089134,109.1658889031969,0.0,0.0,0.0
2,scratch,student,19,0.00047681918297671805,0.5780000000000001,0.578,0.9984676620165507,47,93.22219970892183,109.36869329912588,0.0,0.0,0.0
2,scratch,student,20,0.0004731834495470404,0.575,0.575,0.9783474617004394,47,93.18632437405176,109.33858528290875,0.0,0.0,0.0
2,scratch,student,21,0.00046929900708756454,0.581,0.581,0.9606322061220804,47,93.44243420590647,109.37443203502335,0.0,0.0,0.0
2,scratch,student,22,0.0004651701940254048,0.569,0.569,0.9522688833872477,47,93.48731740983203,109.53596912696958,0.0,0.0,0.0
2,scratch,student,23,0.00046080162171849087,0.5650000000000001,0.565,0.9324538958867391,47,94.07779607805423,110.58822768484242,0.0,0.0,0.0
2,scratch,student,24,0.0004561981693052692,0.5820000000000001,0.582,0.8924607961972555,47,93.99923288309947,110.23264093301259,0.0,0.0,0.0
2,scratch,student,25,0.00045136497825532695,0.568,0.568,0.8690479838053385,47,92.88543526199646,119.29423743998632,0.0,0.0,0.0
2,scratch,student,26,0.00044630744662702595,0.6020000000000001,0.602,0.8616732597351074,47,93.03281833603978,109.50512181594968,0.0,0.0,0.0
2,scratch,student,27,0.0004410312230385594,0.5890000000000001,0.589,0.8427214773495992,47,93.56284746201709,109.71544608101249,0.0,0.0,0.0
2,scratch,student,28,0.0004355422003591655,0.5710000000000001,0.571,0.8140863930384318,47,93.69218480191194,109.66763559007086,0.0,0.0,0.0
2,scratch,student,29,0.0004298465091275434,0.577,0.577,0.7998113829294841,47,93.47970822802745,109.71820916910656,0.0,0.0,0.0
2,scratch,student,30,0.0004239505107048233,0.57,0.57,0.7566239900588989,47,94.70615916280076,110.7991559561342,0.0,0.0,0.0
2,scratch,student,31,0.00041786079016973627,0.568,0.568,0.7582972653706869,47,93.58889217395335,109.86889229505323,0.0,0.0,0.0
2,scratch,student,32,0.00041158414896392116,0.593,0.593,0.7278919466336569,47,93.2995163782034,109.50951752183028,0.0,0.0,0.0
2,scratch,student,33,0.00040512759729558113,0.5920000000000001,0.592,0.7087686128616333,47,93.75408038310707,110.42548205796629,0.0,0.0,0.0
2,scratch,student,34,0.00039849834630997414,0.5910000000000001,0.591,0.686630788008372,47,92.82164959399961,109.20876421988942,0.0,0.0,0.0
2,scratch,student,35,0.0003917038000354835,0.6050000000000001,0.605,0.6680451040267944,47,92.73150860401802,108.84757336881012,0.0,0.0,0.0
2,scratch,student,36,0.0003847515471142615,0.5700000000000001,0.57,0.6429292289415995,47,92.9444876331836,109.35971491714008,0.0,0.0,0.0
2,scratch,student,37,0.00037764935232668343,0.596,0.596,0.6121048467954,47,92.77557843085378,109.23184997797944,0.0,0.0,0.0
2,scratch,student,38,0.0003704051479190776,0.5780000000000001,0.578,0.6138148280779521,47,93.57896421500482,109.69882684992626,0.0,0.0,0.0
2,scratch,student,39,0.00036302702474441743,0.5760000000000001,0.576,0.596344911257426,47,92.99297454603948,109.14886212395504,0.0,0.0,0.0
2,scratch,student,40,0.0003555232232258696,0.5870000000000001,0.587,0.5811523399353027,47,93.47885078890249,109.66409288416617,0.0,0.0,0.0
2,scratch,student,41,0.00034790212415329195,0.583,0.583,0.5476983121236165,47,93.41171061201021,109.50430084695108,0.0,0.0,0.0
2,scratch,student,42,0.0003401722393229594,0.594,0.594,0.537300268650055,47,93.07329116202891,109.2949305518996,0.0,0.0,0.0
2,scratch,student,43,0.0003323422020309725,0.585,0.585,0.5249890898068746,47,92.93246237002313,108.98913787701167,0.0,0.0,0.0
2,scratch,student,44,0.0003244207574309657,0.565,0.565,0.5235898416837056,47,93.51350897294469,109.66909301606938,0.0,0.0,0.0
2,scratch,student,45,0.0003164167527668859,0.583,0.583,0.5107431804339091,47,93.38566875597462,109.46983927092515,0.0,0.0,0.0
2,scratch,student,46,0.0003083391274917483,0.5890000000000001,0.589,0.49098062634468076,47,93.03574450407177,109.19505559513345,0.0,0.0,0.0
2,scratch,student,47,0.0003001969032834071,0.585,0.585,0.4779240140914917,47,92.74190133600496,108.74814794980921,0.0,0.0,0.0
2,scratch,student,48,0.00029199917396849096,0.577,0.577,0.47033487256368,47,93.98103676480241,110.67321459087543,0.0,0.0,0.0
2,scratch,student,49,0.0002837550953657579,0.589,0.589,0.4544949827194214,47,93.27491001994349,109.33751635905355,0.0,0.0,0.0
2,scratch,student,50,0.0002754738750602126,0.587,0.587,0.4610700839360555,47,93.12768609821796,119.43377899099141,0.0,0.0,0.0
2,scratch,student,51,0.00026716476211940786,0.591,0.591,0.43681674226125083,47,93.92617219290696,109.96956263296306,0.0,0.0,0.0
2,scratch,student,52,0.00025883703676341484,0.6090000000000001,0.609,0.4323557943503062,47,93.43460599915124,109.65092921606265,0.0,0.0,0.0
2,scratch,student,53,0.0002505,0.5830000000000001,0.583,0.4253119407494863,47,92.96378992893733,109.19670164794661,0.0,0.0,0.0
2,scratch,student,54,0.00024216296323658525,0.6060000000000001,0.606,0.4079312721888224,47,93.78326614201069,109.88030229695141,0.0,0.0,0.0
2,scratch,student,55,0.00023383523788059215,0.5820000000000001,0.582,0.40821794255574545,47,92.42093878192827,108.54309825389646,0.0,0.0,0.0
2,scratch,student,56,0.00022552612493978745,0.592,0.592,0.4009970955848694,47,94.40817696996965,110.68448705901392,0.0,0.0,0.0
2,scratch,student,57,0.00021724490463424225,0.595,0.595,0.3865339401563009,47,92.93642220902257,109.26793775707483,0.0,0.0,0.0
2,scratch,student,58,0.00020900082603150905,0.587,0.587,0.3929087981383006,47,93.3443519230932,109.47442022105679,0.0,0.0,0.0
2,scratch,student,59,0.00020080309671659293,0.591,0.591,0.3804802455107371,47,94.22033516480587,110.32048176112585,0.0,0.0,0.0
2,scratch,student,60,0.00019266087250825167,0.582,0.582,0.37426562849680584,47,93.34964203508571,109.39789803489111,0.0,0.0,0.0
2,scratch,student,61,0.00018458324723311413,0.5890000000000001,0.589,0.3650208261013031,47,93.21722372598015,109.2485046221409,0.0,0.0,0.0
2,scratch,student,62,0.00017657924256903434,0.594,0.594,0.3593474265734355,47,93.72580834315158,109.75098588503897,0.0,0.0,0.0
2,scratch,student,63,0.00016865779796902748,0.5850000000000001,0.585,0.36046036704381307,47,92.76077489787713,108.75951036601327,0.0,0.0,0.0
2,scratch,student,64,0.00016082776067704059,0.5860000000000001,0.586,0.35276691873868304,47,93.44753647991456,109.5231104560662,0.0,0.0,0.0
2,scratch,student,65,0.00015309787584670805,0.575,0.575,0.34564087009429934,47,93.4723712860141,109.44373293407261,0.0,0.0,0.0
2,scratch,student,66,0.00014547677677413047,0.588,0.588,0.351357514222463,47,92.91294066701084,109.14812185405754,0.0,0.0,0.0
2,scratch,student,67,0.00013797297525558255,0.593,0.593,0.3382562306722005,47,92.9985675548669,109.04525196389295,0.0,0.0,0.0
2,scratch,student,68,0.00013059485208092238,0.5780000000000001,0.578,0.343962477127711,47,92.47505504218861,108.6591635348741,0.0,0.0,0.0
2,scratch,student,69,0.00012335064767331658,0.583,0.583,0.33483318161964415,47,93.67895115399733,110.0378783158958,0.0,0.0,0.0
2,scratch,student,70,0.00011624845288573853,0.5890000000000001,0.589,0.33235503164927166,47,94.580124105094,110.60187299898826,0.0,0.0,0.0
2,scratch,student,71,0.00010929619996451647,0.576,0.576,0.3279551216761271,47,93.26721713016741,109.33937784819864,0.0,0.0,0.0
2,scratch,student,72,0.00010250165369002587,0.5910000000000001,0.591,0.3247846722602844,47,93.04564761789516,109.17077994998544,0.0,0.0,0.0
2,scratch,student,73,9.587240270441893e-05,0.5790000000000001,0.579,0.3244121326605479,47,93.38561878306791,109.61767343105748,0.0,0.0,0.0
2,scratch,student,74,8.941585103607879e-05,0.583,0.583,0.3222146509488424,47,93.26246526208706,109.4384638199117,0.0,0.0,0.0
2,scratch,student,75,8.313920983026379e-05,0.5860000000000001,0.586,0.32001371908187864,47,92.98582858312875,120.91130232508294,0.0,0.0,0.0
2,scratch,student,76,7.704948929517675e-05,0.5979999999999999,0.598,0.321001380443573,47,94.20877019013278,110.41825687792152,0.0,0.0,0.0
2,scratch,student,77,7.115349087245667e-05,0.591,0.591,0.3115825123786926,47,94.79048424703069,110.80304221599363,0.0,0.0,0.0
2,scratch,student,78,6.545779964083458e-05,0.5960000000000001,0.596,0.3137873349984487,47,92.91672012582421,109.14091254002415,0.0,0.0,0.0
2,scratch,student,79,5.996877696144067e-05,0.598,0.598,0.31769467155138653,47,93.56720277806744,109.8561028719414,0.0,0.0,0.0
2,scratch,student,80,5.4692553372974075e-05,0.5809999999999998,0.581,0.3108831603527069,47,93.31771224713884,109.3446379438974,0.0,0.0,0.0
2,scratch,student,81,4.963502174467306e-05,0.59,0.59,0.3158173108100891,47,93.11935391207226,109.0721152969636,0.0,0.0,0.0
2,scratch,student,82,4.480183069473086e-05,0.6050000000000001,0.605,0.31440168952941894,47,92.84074505092576,109.0179927458521,0.0,0.0,0.0
2,scratch,student,83,4.019837828150914e-05,0.596,0.596,0.3106670544147491,47,94.02574665891007,110.33538648695685,0.0,0.0,0.0
2,scratch,student,84,3.5829805974595276e-05,0.6050000000000001,0.605,0.31187427671750384,47,93.99529664986767,110.41510039102286,0.0,0.0,0.0
2,scratch,student,85,3.1700992912435456e-05,0.601,0.601,0.31245805048942565,47,95.62857123697177,111.83762746793218,0.0,0.0,0.0
2,scratch,student,86,2.781655045295966e-05,0.599,0.599,0.3087978865305583,47,93.3358902297914,109.45250157103874,0.0,0.0,0.0
2,scratch,student,87,2.4180817023281995e-05,0.6100000000000001,0.61,0.3057073361078898,47,92.81929061398841,109.01511388411745,0.0,0.0,0.0
2,scratch,student,88,2.0797853274230994e-05,0.603,0.603,0.30960114789009097,47,93.08240960096009,109.09907434601337,0.0,0.0,0.0
2,scratch,student,89,1.7671437545120165e-05,0.6050000000000001,0.605,0.307690034310023,47,92.97101213503629,109.03470579115674,0.0,0.0,0.0
2,scratch,student,90,1.480506164382429e-05,0.6060000000000001,0.606,0.3083555957476298,47,93.21264051715843,109.4102154718712,0.0,0.0,0.0
2,scratch,student,91,1.220192694687535e-05,0.601,0.601,0.30341446423530577,47,92.8581142120529,109.006442069076,0.0,0.0,0.0
2,scratch,student,92,9.864940823933073e-06,0.601,0.601,0.30832749168078105,46,93.57414582185447,110.00506227696314,0.0,0.0,0.0
2,scratch,student,93,7.796713390623254e-06,0.604,0.604,0.30396226366360984,47,93.61526396893896,109.67954633501358,0.0,0.0,0.0
2,scratch,student,94,5.999554593371605e-06,0.608,0.608,0.305528303305308,47,94.70211149589159,110.66859548003413,0.0,0.0,0.0
2,scratch,student,95,4.475471629487872e-06,0.607,0.607,0.30682523536682127,47,92.99670364614576,109.08572360104881,0.0,0.0,0.0
2,scratch,student,96,3.2261667053823824e-06,0.6039999999999999,0.604,0.3060720252195994,47,92.99940308509395,109.12246750597842,0.0,0.0,0.0
2,scratch,student,97,2.253035135418218e-06,0.6039999999999999,0.604,0.3030248886744181,47,93.1925985540729,109.24800379900262,0.0,0.0,0.0
2,scratch,student,98,1.5571637835232856e-06,0.6059999999999999,0.606,0.30684561634063723,47,93.22276479308493,109.14206324797124,0.0,0.0,0.0
2,scratch,student,99,1.1393298493014743e-06,0.603,0.603,0.3052186052799225,47,92.94850207399577,109.4421025000047,0.0,0.0,0.0
2,scratch,student,100,1e-06,0.602,0.602,0.307158793926239,47,93.93250138894655,118.93926347885281,0.0,0.0,0.0
