epoch,seed,student_correct,teacher_full_correct,teacher_masked_correct,teacher_raw_correct,student_prediction,teacher_prediction,teacher_masked_prediction,teacher_mask_kl,teacher_raw_kl,teacher_student_kl,prediction_agreement,teacher_flip,correction_opportunity,correction_signal_preserved,swaps,raw_background_ratio,raw_foreground_missing,raw_background_excess_vs_area,raw_foreground_area_missing,raw_zero_foreground,actual_background_ratio,actual_foreground_missing,actual_background_excess_vs_area,actual_foreground_area_missing,actual_zero_foreground,added_foreground,removed_foreground,initialization,method,n_probe
0,0,0.085,0.985,0.98,0.98,5.92,4.445,4.41,0.01176072470843792,0.01176072470843792,1.8246694803237915,0.09,0.01,0.9,0.89,0.0,0.6801530612244897,0.031216542617809945,-0.14454081632653062,0.046123994755544115,0.05,0.6801530612244897,0.031216542617809945,-0.14454081632653062,0.046123994755544115,0.05,0.0,0.0,scratch,dino,200
1,0,0.26,0.985,0.98,0.98,5.005,4.445,4.41,0.01176072470843792,0.01176072470843792,1.543202519416809,0.26,0.01,0.725,0.72,0.0,0.6801530612244897,0.031216542617809945,-0.14454081632653062,0.046123994755544115,0.05,0.6801530612244897,0.031216542617809945,-0.14454081632653062,0.046123994755544115,0.05,0.0,0.0,scratch,dino,200
2,0,0.295,0.985,0.98,0.98,4.495,4.445,4.41,0.01176072470843792,0.01176072470843792,1.4259244203567505,0.3,0.01,0.69,0.68,0.0,0.6801530612244897,0.031216542617809945,-0.14454081632653062,0.046123994755544115,0.05,0.6801530612244897,0.031216542617809945,-0.14454081632653062,0.046123994755544115,0.05,0.0,0.0,scratch,dino,200
3,0,0.38,0.985,0.98,0.98,4.08,4.445,4.41,0.01176072470843792,0.01176072470843792,1.3615642786026,0.385,0.01,0.605,0.595,0.0,0.6801530612244897,0.031216542617809945,-0.14454081632653062,0.046123994755544115,0.05,0.6801530612244897,0.031216542617809945,-0.14454081632653062,0.046123994755544115,0.05,0.0,0.0,scratch,dino,200
4,0,0.39,0.985,0.98,0.98,5.425,4.445,4.41,0.01176072470843792,0.01176072470843792,1.3507152795791626,0.395,0.01,0.595,0.585,0.0,0.6801530612244897,0.031216542617809945,-0.14454081632653062,0.046123994755544115,0.05,0.6801530612244897,0.031216542617809945,-0.14454081632653062,0.046123994755544115,0.05,0.0,0.0,scratch,dino,200
5,0,0.415,0.985,0.98,0.98,4.45,4.445,4.41,0.01176072470843792,0.01176072470843792,1.3074685335159302,0.42,0.01,0.57,0.56,0.0,0.6801530612244897,0.031216542617809945,-0.14454081632653062,0.046123994755544115,0.05,0.6801530612244897,0.031216542617809945,-0.14454081632653062,0.046123994755544115,0.05,0.0,0.0,scratch,dino,200
6,0,0.415,0.985,0.98,0.98,4.69,4.445,4.41,0.01176072470843792,0.01176072470843792,1.2690982818603516,0.42,0.01,0.57,0.565,0.0,0.6801530612244897,0.031216542617809945,-0.14454081632653062,0.046123994755544115,0.05,0.6801530612244897,0.031216542617809945,-0.14454081632653062,0.046123994755544115,0.05,0.0,0.0,scratch,dino,200
7,0,0.48,0.985,0.98,0.98,4.62,4.445,4.41,0.01176072470843792,0.01176072470843792,1.1425689458847046,0.485,0.01,0.505,0.495,0.0,0.6801530612244897,0.031216542617809945,-0.14454081632653062,0.046123994755544115,0.05,0.6801530612244897,0.031216542617809945,-0.14454081632653062,0.046123994755544115,0.05,0.0,0.0,scratch,dino,200
8,0,0.48,0.985,0.98,0.98,5.065,4.445,4.41,0.01176072470843792,0.01176072470843792,1.184444785118103,0.485,0.01,0.505,0.495,0.0,0.6801530612244897,0.031216542617809945,-0.14454081632653062,0.046123994755544115,0.05,0.6801530612244897,0.031216542617809945,-0.14454081632653062,0.046123994755544115,0.05,0.0,0.0,scratch,dino,200
9,0,0.475,0.985,0.98,0.98,4.925,4.445,4.41,0.01176072470843792,0.01176072470843792,1.133510947227478,0.48,0.01,0.51,0.5,0.0,0.6801530612244897,0.031216542617809945,-0.14454081632653062,0.046123994755544115,0.05,0.6801530612244897,0.031216542617809945,-0.14454081632653062,0.046123994755544115,0.05,0.0,0.0,scratch,dino,200
10,0,0.545,0.985,0.98,0.98,4.545,4.445,4.41,0.01176072470843792,0.01176072470843792,1.003078579902649,0.555,0.01,0.44,0.435,0.0,0.6801530612244897,0.031216542617809945,-0.14454081632653062,0.046123994755544115,0.05,0.6801530612244897,0.031216542617809945,-0.14454081632653062,0.046123994755544115,0.05,0.0,0.0,scratch,dino,200
11,0,0.51,0.985,0.98,0.98,5.68,4.445,4.41,0.01176072470843792,0.01176072470843792,1.0929138660430908,0.515,0.01,0.475,0.47,0.0,0.6801530612244897,0.031216542617809945,-0.14454081632653062,0.046123994755544115,0.05,0.6801530612244897,0.031216542617809945,-0.14454081632653062,0.046123994755544115,0.05,0.0,0.0,scratch,dino,200
12,0,0.53,0.985,0.98,0.98,3.92,4.445,4.41,0.01176072470843792,0.01176072470843792,1.041780710220337,0.545,0.01,0.455,0.445,0.0,0.6801530612244897,0.031216542617809945,-0.14454081632653062,0.046123994755544115,0.05,0.6801530612244897,0.031216542617809945,-0.14454081632653062,0.046123994755544115,0.05,0.0,0.0,scratch,dino,200
13,0,0.56,0.985,0.98,0.98,4.36,4.445,4.41,0.01176072470843792,0.01176072470843792,1.0066107511520386,0.57,0.01,0.425,0.415,0.0,0.6801530612244897,0.031216542617809945,-0.14454081632653062,0.046123994755544115,0.05,0.6801530612244897,0.031216542617809945,-0.14454081632653062,0.046123994755544115,0.05,0.0,0.0,scratch,dino,200
14,0,0.545,0.985,0.98,0.98,4.21,4.445,4.41,0.01176072470843792,0.01176072470843792,0.9841349720954895,0.54,0.01,0.445,0.435,0.0,0.6801530612244897,0.031216542617809945,-0.14454081632653062,0.046123994755544115,0.05,0.6801530612244897,0.031216542617809945,-0.14454081632653062,0.046123994755544115,0.05,0.0,0.0,scratch,dino,200
15,0,0.54,0.985,0.98,0.98,4.245,4.445,4.41,0.01176072470843792,0.01176072470843792,1.0013329982757568,0.55,0.01,0.445,0.435,0.0,0.6801530612244897,0.031216542617809945,-0.14454081632653062,0.046123994755544115,0.05,0.6801530612244897,0.031216542617809945,-0.14454081632653062,0.046123994755544115,0.05,0.0,0.0,scratch,dino,200
16,0,0.57,0.985,0.98,0.98,4.7,4.445,4.41,0.01176072470843792,0.01176072470843792,0.921973466873169,0.57,0.01,0.42,0.41,0.0,0.6801530612244897,0.031216542617809945,-0.14454081632653062,0.046123994755544115,0.05,0.6801530612244897,0.031216542617809945,-0.14454081632653062,0.046123994755544115,0.05,0.0,0.0,scratch,dino,200
17,0,0.54,0.985,0.98,0.98,4.575,4.445,4.41,0.01176072470843792,0.01176072470843792,0.9797468781471252,0.54,0.01,0.45,0.44,0.0,0.6801530612244897,0.031216542617809945,-0.14454081632653062,0.046123994755544115,0.05,0.6801530612244897,0.031216542617809945,-0.14454081632653062,0.046123994755544115,0.05,0.0,0.0,scratch,dino,200
18,0,0.605,0.985,0.98,0.98,4.37,4.445,4.41,0.01176072470843792,0.01176072470843792,0.9065399169921875,0.615,0.01,0.38,0.37,0.0,0.6801530612244897,0.031216542617809945,-0.14454081632653062,0.046123994755544115,0.05,0.6801530612244897,0.031216542617809945,-0.14454081632653062,0.046123994755544115,0.05,0.0,0.0,scratch,dino,200
19,0,0.54,0.985,0.98,0.98,4.415,4.445,4.41,0.01176072470843792,0.01176072470843792,1.0294675827026367,0.54,0.01,0.45,0.44,0.0,0.6801530612244897,0.031216542617809945,-0.14454081632653062,0.046123994755544115,0.05,0.6801530612244897,0.031216542617809945,-0.14454081632653062,0.046123994755544115,0.05,0.0,0.0,scratch,dino,200
20,0,0.575,0.985,0.98,0.98,4.1,4.445,4.41,0.01176072470843792,0.01176072470843792,0.9427171349525452,0.58,0.01,0.415,0.405,0.0,0.6801530612244897,0.031216542617809945,-0.14454081632653062,0.046123994755544115,0.05,0.6801530612244897,0.031216542617809945,-0.14454081632653062,0.046123994755544115,0.05,0.0,0.0,scratch,dino,200
21,0,0.57,0.985,0.98,0.98,4.355,4.445,4.41,0.01176072470843792,0.01176072470843792,0.907560408115387,0.575,0.01,0.415,0.405,0.0,0.6801530612244897,0.031216542617809945,-0.14454081632653062,0.046123994755544115,0.05,0.6801530612244897,0.031216542617809945,-0.14454081632653062,0.046123994755544115,0.05,0.0,0.0,scratch,dino,200
22,0,0.57,0.985,0.98,0.98,4.365,4.445,4.41,0.01176072470843792,0.01176072470843792,1.0112725496292114,0.57,0.01,0.42,0.41,0.0,0.6801530612244897,0.031216542617809945,-0.14454081632653062,0.046123994755544115,0.05,0.6801530612244897,0.031216542617809945,-0.14454081632653062,0.046123994755544115,0.05,0.0,0.0,scratch,dino,200
23,0,0.615,0.985,0.98,0.98,4.515,4.445,4.41,0.01176072470843792,0.01176072470843792,0.8817503452301025,0.625,0.01,0.37,0.365,0.0,0.6801530612244897,0.031216542617809945,-0.14454081632653062,0.046123994755544115,0.05,0.6801530612244897,0.031216542617809945,-0.14454081632653062,0.046123994755544115,0.05,0.0,0.0,scratch,dino,200
24,0,0.575,0.985,0.98,0.98,4.545,4.445,4.41,0.01176072470843792,0.01176072470843792,1.0302456617355347,0.57,0.01,0.415,0.405,0.0,0.6801530612244897,0.031216542617809945,-0.14454081632653062,0.046123994755544115,0.05,0.6801530612244897,0.031216542617809945,-0.14454081632653062,0.046123994755544115,0.05,0.0,0.0,scratch,dino,200
25,0,0.54,0.985,0.98,0.98,5.25,4.445,4.41,0.01176072470843792,0.01176072470843792,1.0018310546875,0.54,0.01,0.45,0.445,0.0,0.6801530612244897,0.031216542617809945,-0.14454081632653062,0.046123994755544115,0.05,0.6801530612244897,0.031216542617809945,-0.14454081632653062,0.046123994755544115,0.05,0.0,0.0,scratch,dino,200
26,0,0.61,0.985,0.98,0.98,4.225,4.445,4.41,0.01176072470843792,0.01176072470843792,0.8917304873466492,0.615,0.01,0.38,0.375,0.0,0.6801530612244897,0.031216542617809945,-0.14454081632653062,0.046123994755544115,0.05,0.6801530612244897,0.031216542617809945,-0.14454081632653062,0.046123994755544115,0.05,0.0,0.0,scratch,dino,200
27,0,0.605,0.985,0.98,0.98,3.895,4.445,4.41,0.01176072470843792,0.01176072470843792,0.9268039464950562,0.62,0.01,0.38,0.37,0.0,0.6801530612244897,0.031216542617809945,-0.14454081632653062,0.046123994755544115,0.05,0.6801530612244897,0.031216542617809945,-0.14454081632653062,0.046123994755544115,0.05,0.0,0.0,scratch,dino,200
28,0,0.575,0.985,0.98,0.98,4.575,4.445,4.41,0.01176072470843792,0.01176072470843792,0.9563831090927124,0.58,0.01,0.415,0.41,0.0,0.6801530612244897,0.031216542617809945,-0.14454081632653062,0.046123994755544115,0.05,0.6801530612244897,0.031216542617809945,-0.14454081632653062,0.046123994755544115,0.05,0.0,0.0,scratch,dino,200
29,0,0.6,0.985,0.98,0.98,4.62,4.445,4.41,0.01176072470843792,0.01176072470843792,0.9121426343917847,0.605,0.01,0.39,0.38,0.0,0.6801530612244897,0.031216542617809945,-0.14454081632653062,0.046123994755544115,0.05,0.6801530612244897,0.031216542617809945,-0.14454081632653062,0.046123994755544115,0.05,0.0,0.0,scratch,dino,200
30,0,0.58,0.985,0.98,0.98,4.53,4.445,4.41,0.01176072470843792,0.01176072470843792,0.9364228844642639,0.585,0.01,0.41,0.4,0.0,0.6801530612244897,0.031216542617809945,-0.14454081632653062,0.046123994755544115,0.05,0.6801530612244897,0.031216542617809945,-0.14454081632653062,0.046123994755544115,0.05,0.0,0.0,scratch,dino,200
31,0,0.595,0.985,0.98,0.98,4.74,4.445,4.41,0.01176072470843792,0.01176072470843792,0.915346086025238,0.61,0.01,0.39,0.38,0.0,0.6801530612244897,0.031216542617809945,-0.14454081632653062,0.046123994755544115,0.05,0.6801530612244897,0.031216542617809945,-0.14454081632653062,0.046123994755544115,0.05,0.0,0.0,scratch,dino,200
32,0,0.555,0.985,0.98,0.98,4.455,4.445,4.41,0.01176072470843792,0.01176072470843792,1.024349331855774,0.56,0.01,0.435,0.43,0.0,0.6801530612244897,0.031216542617809945,-0.14454081632653062,0.046123994755544115,0.05,0.6801530612244897,0.031216542617809945,-0.14454081632653062,0.046123994755544115,0.05,0.0,0.0,scratch,dino,200
33,0,0.56,0.985,0.98,0.98,4.42,4.445,4.41,0.01176072470843792,0.01176072470843792,0.9810425639152527,0.565,0.01,0.43,0.425,0.0,0.6801530612244897,0.031216542617809945,-0.14454081632653062,0.046123994755544115,0.05,0.6801530612244897,0.031216542617809945,-0.14454081632653062,0.046123994755544115,0.05,0.0,0.0,scratch,dino,200
34,0,0.58,0.985,0.98,0.98,4.37,4.445,4.41,0.01176072470843792,0.01176072470843792,0.9569911360740662,0.585,0.01,0.41,0.4,0.0,0.6801530612244897,0.031216542617809945,-0.14454081632653062,0.046123994755544115,0.05,0.6801530612244897,0.031216542617809945,-0.14454081632653062,0.046123994755544115,0.05,0.0,0.0,scratch,dino,200
35,0,0.56,0.985,0.98,0.98,4.705,4.445,4.41,0.01176072470843792,0.01176072470843792,1.0271484851837158,0.575,0.01,0.425,0.415,0.0,0.6801530612244897,0.031216542617809945,-0.14454081632653062,0.046123994755544115,0.05,0.6801530612244897,0.031216542617809945,-0.14454081632653062,0.046123994755544115,0.05,0.0,0.0,scratch,dino,200
36,0,0.575,0.985,0.98,0.98,4.38,4.445,4.41,0.01176072470843792,0.01176072470843792,1.0076042413711548,0.58,0.01,0.415,0.405,0.0,0.6801530612244897,0.031216542617809945,-0.14454081632653062,0.046123994755544115,0.05,0.6801530612244897,0.031216542617809945,-0.14454081632653062,0.046123994755544115,0.05,0.0,0.0,scratch,dino,200
37,0,0.585,0.985,0.98,0.98,4.695,4.445,4.41,0.01176072470843792,0.01176072470843792,0.9624382853507996,0.6,0.01,0.4,0.39,0.0,0.6801530612244897,0.031216542617809945,-0.14454081632653062,0.046123994755544115,0.05,0.6801530612244897,0.031216542617809945,-0.14454081632653062,0.046123994755544115,0.05,0.0,0.0,scratch,dino,200
38,0,0.6,0.985,0.98,0.98,4.64,4.445,4.41,0.01176072470843792,0.01176072470843792,1.007611632347107,0.615,0.01,0.385,0.375,0.0,0.6801530612244897,0.031216542617809945,-0.14454081632653062,0.046123994755544115,0.05,0.6801530612244897,0.031216542617809945,-0.14454081632653062,0.046123994755544115,0.05,0.0,0.0,scratch,dino,200
39,0,0.605,0.985,0.98,0.98,4.365,4.445,4.41,0.01176072470843792,0.01176072470843792,0.9924306273460388,0.61,0.01,0.385,0.38,0.0,0.6801530612244897,0.031216542617809945,-0.14454081632653062,0.046123994755544115,0.05,0.6801530612244897,0.031216542617809945,-0.14454081632653062,0.046123994755544115,0.05,0.0,0.0,scratch,dino,200
40,0,0.575,0.985,0.98,0.98,4.735,4.445,4.41,0.01176072470843792,0.01176072470843792,1.1216355562210083,0.58,0.01,0.415,0.41,0.0,0.6801530612244897,0.031216542617809945,-0.14454081632653062,0.046123994755544115,0.05,0.6801530612244897,0.031216542617809945,-0.14454081632653062,0.046123994755544115,0.05,0.0,0.0,scratch,dino,200
41,0,0.555,0.985,0.98,0.98,4.825,4.445,4.41,0.01176072470843792,0.01176072470843792,1.1853135824203491,0.56,0.01,0.435,0.43,0.0,0.6801530612244897,0.031216542617809945,-0.14454081632653062,0.046123994755544115,0.05,0.6801530612244897,0.031216542617809945,-0.14454081632653062,0.046123994755544115,0.05,0.0,0.0,scratch,dino,200
42,0,0.57,0.985,0.98,0.98,4.59,4.445,4.41,0.01176072470843792,0.01176072470843792,1.03925621509552,0.57,0.01,0.42,0.415,0.0,0.6801530612244897,0.031216542617809945,-0.14454081632653062,0.046123994755544115,0.05,0.6801530612244897,0.031216542617809945,-0.14454081632653062,0.046123994755544115,0.05,0.0,0.0,scratch,dino,200
43,0,0.61,0.985,0.98,0.98,4.46,4.445,4.41,0.01176072470843792,0.01176072470843792,1.0600759983062744,0.615,0.01,0.38,0.37,0.0,0.6801530612244897,0.031216542617809945,-0.14454081632653062,0.046123994755544115,0.05,0.6801530612244897,0.031216542617809945,-0.14454081632653062,0.046123994755544115,0.05,0.0,0.0,scratch,dino,200
44,0,0.585,0.985,0.98,0.98,4.485,4.445,4.41,0.01176072470843792,0.01176072470843792,1.0688742399215698,0.58,0.01,0.405,0.4,0.0,0.6801530612244897,0.031216542617809945,-0.14454081632653062,0.046123994755544115,0.05,0.6801530612244897,0.031216542617809945,-0.14454081632653062,0.046123994755544115,0.05,0.0,0.0,scratch,dino,200
45,0,0.6,0.985,0.98,0.98,4.71,4.445,4.41,0.01176072470843792,0.01176072470843792,1.0328538417816162,0.6,0.01,0.39,0.38,0.0,0.6801530612244897,0.031216542617809945,-0.14454081632653062,0.046123994755544115,0.05,0.6801530612244897,0.031216542617809945,-0.14454081632653062,0.046123994755544115,0.05,0.0,0.0,scratch,dino,200
46,0,0.63,0.985,0.98,0.98,4.4,4.445,4.41,0.01176072470843792,0.01176072470843792,1.0057692527770996,0.635,0.01,0.36,0.355,0.0,0.6801530612244897,0.031216542617809945,-0.14454081632653062,0.046123994755544115,0.05,0.6801530612244897,0.031216542617809945,-0.14454081632653062,0.046123994755544115,0.05,0.0,0.0,scratch,dino,200
47,0,0.625,0.985,0.98,0.98,4.69,4.445,4.41,0.01176072470843792,0.01176072470843792,0.9805972576141357,0.63,0.01,0.365,0.36,0.0,0.6801530612244897,0.031216542617809945,-0.14454081632653062,0.046123994755544115,0.05,0.6801530612244897,0.031216542617809945,-0.14454081632653062,0.046123994755544115,0.05,0.0,0.0,scratch,dino,200
48,0,0.575,0.985,0.98,0.98,4.32,4.445,4.41,0.01176072470843792,0.01176072470843792,1.1289116144180298,0.58,0.01,0.415,0.405,0.0,0.6801530612244897,0.031216542617809945,-0.14454081632653062,0.046123994755544115,0.05,0.6801530612244897,0.031216542617809945,-0.14454081632653062,0.046123994755544115,0.05,0.0,0.0,scratch,dino,200
49,0,0.575,0.985,0.98,0.98,4.845,4.445,4.41,0.01176072470843792,0.01176072470843792,1.134250521659851,0.575,0.01,0.415,0.41,0.0,0.6801530612244897,0.031216542617809945,-0.14454081632653062,0.046123994755544115,0.05,0.6801530612244897,0.031216542617809945,-0.14454081632653062,0.046123994755544115,0.05,0.0,0.0,scratch,dino,200
50,0,0.61,0.985,0.98,0.98,4.325,4.445,4.41,0.01176072470843792,0.01176072470843792,1.0203404426574707,0.615,0.01,0.38,0.37,0.0,0.6801530612244897,0.031216542617809945,-0.14454081632653062,0.046123994755544115,0.05,0.6801530612244897,0.031216542617809945,-0.14454081632653062,0.046123994755544115,0.05,0.0,0.0,scratch,dino,200
51,0,0.58,0.985,0.98,0.98,4.235,4.445,4.41,0.01176072470843792,0.01176072470843792,1.1104029417037964,0.585,0.01,0.41,0.405,0.0,0.6801530612244897,0.031216542617809945,-0.14454081632653062,0.046123994755544115,0.05,0.6801530612244897,0.031216542617809945,-0.14454081632653062,0.046123994755544115,0.05,0.0,0.0,scratch,dino,200
52,0,0.6,0.985,0.98,0.98,4.305,4.445,4.41,0.01176072470843792,0.01176072470843792,1.1093815565109253,0.605,0.01,0.39,0.38,0.0,0.6801530612244897,0.031216542617809945,-0.14454081632653062,0.046123994755544115,0.05,0.6801530612244897,0.031216542617809945,-0.14454081632653062,0.046123994755544115,0.05,0.0,0.0,scratch,dino,200
53,0,0.61,0.985,0.98,0.98,3.99,4.445,4.41,0.01176072470843792,0.01176072470843792,1.096685528755188,0.615,0.01,0.38,0.37,0.0,0.6801530612244897,0.031216542617809945,-0.14454081632653062,0.046123994755544115,0.05,0.6801530612244897,0.031216542617809945,-0.14454081632653062,0.046123994755544115,0.05,0.0,0.0,scratch,dino,200
54,0,0.605,0.985,0.98,0.98,4.705,4.445,4.41,0.01176072470843792,0.01176072470843792,1.0267760753631592,0.62,0.01,0.38,0.37,0.0,0.6801530612244897,0.031216542617809945,-0.14454081632653062,0.046123994755544115,0.05,0.6801530612244897,0.031216542617809945,-0.14454081632653062,0.046123994755544115,0.05,0.0,0.0,scratch,dino,200
55,0,0.59,0.985,0.98,0.98,4.63,4.445,4.41,0.01176072470843792,0.01176072470843792,1.0881489515304565,0.6,0.01,0.395,0.385,0.0,0.6801530612244897,0.031216542617809945,-0.14454081632653062,0.046123994755544115,0.05,0.6801530612244897,0.031216542617809945,-0.14454081632653062,0.046123994755544115,0.05,0.0,0.0,scratch,dino,200
56,0,0.61,0.985,0.98,0.98,4.395,4.445,4.41,0.01176072470843792,0.01176072470843792,1.0988328456878662,0.62,0.01,0.375,0.365,0.0,0.6801530612244897,0.031216542617809945,-0.14454081632653062,0.046123994755544115,0.05,0.6801530612244897,0.031216542617809945,-0.14454081632653062,0.046123994755544115,0.05,0.0,0.0,scratch,dino,200
57,0,0.63,0.985,0.98,0.98,4.715,4.445,4.41,0.01176072470843792,0.01176072470843792,1.0458897352218628,0.635,0.01,0.36,0.35,0.0,0.6801530612244897,0.031216542617809945,-0.14454081632653062,0.046123994755544115,0.05,0.6801530612244897,0.031216542617809945,-0.14454081632653062,0.046123994755544115,0.05,0.0,0.0,scratch,dino,200
58,0,0.62,0.985,0.98,0.98,4.5,4.445,4.41,0.01176072470843792,0.01176072470843792,1.0502502918243408,0.63,0.01,0.365,0.355,0.0,0.6801530612244897,0.031216542617809945,-0.14454081632653062,0.046123994755544115,0.05,0.6801530612244897,0.031216542617809945,-0.14454081632653062,0.046123994755544115,0.05,0.0,0.0,scratch,dino,200
59,0,0.61,0.985,0.98,0.98,4.535,4.445,4.41,0.01176072470843792,0.01176072470843792,1.1016978025436401,0.625,0.01,0.375,0.365,0.0,0.6801530612244897,0.031216542617809945,-0.14454081632653062,0.046123994755544115,0.05,0.6801530612244897,0.031216542617809945,-0.14454081632653062,0.046123994755544115,0.05,0.0,0.0,scratch,dino,200
60,0,0.59,0.985,0.98,0.98,4.815,4.445,4.41,0.01176072470843792,0.01176072470843792,1.105092167854309,0.595,0.01,0.4,0.39,0.0,0.6801530612244897,0.031216542617809945,-0.14454081632653062,0.046123994755544115,0.05,0.6801530612244897,0.031216542617809945,-0.14454081632653062,0.046123994755544115,0.05,0.0,0.0,scratch,dino,200
61,0,0.6,0.985,0.98,0.98,4.63,4.445,4.41,0.01176072470843792,0.01176072470843792,1.0774611234664917,0.615,0.01,0.385,0.375,0.0,0.6801530612244897,0.031216542617809945,-0.14454081632653062,0.046123994755544115,0.05,0.6801530612244897,0.031216542617809945,-0.14454081632653062,0.046123994755544115,0.05,0.0,0.0,scratch,dino,200
62,0,0.59,0.985,0.98,0.98,4.595,4.445,4.41,0.01176072470843792,0.01176072470843792,1.1657546758651733,0.595,0.01,0.4,0.39,0.0,0.6801530612244897,0.031216542617809945,-0.14454081632653062,0.046123994755544115,0.05,0.6801530612244897,0.031216542617809945,-0.14454081632653062,0.046123994755544115,0.05,0.0,0.0,scratch,dino,200
63,0,0.6,0.985,0.98,0.98,4.625,4.445,4.41,0.01176072470843792,0.01176072470843792,1.1965216398239136,0.61,0.01,0.385,0.375,0.0,0.6801530612244897,0.031216542617809945,-0.14454081632653062,0.046123994755544115,0.05,0.6801530612244897,0.031216542617809945,-0.14454081632653062,0.046123994755544115,0.05,0.0,0.0,scratch,dino,200
64,0,0.585,0.985,0.98,0.98,4.265,4.445,4.41,0.01176072470843792,0.01176072470843792,1.151278018951416,0.6,0.01,0.4,0.39,0.0,0.6801530612244897,0.031216542617809945,-0.14454081632653062,0.046123994755544115,0.05,0.6801530612244897,0.031216542617809945,-0.14454081632653062,0.046123994755544115,0.05,0.0,0.0,scratch,dino,200
65,0,0.57,0.985,0.98,0.98,4.855,4.445,4.41,0.01176072470843792,0.01176072470843792,1.1557507514953613,0.58,0.01,0.415,0.405,0.0,0.6801530612244897,0.031216542617809945,-0.14454081632653062,0.046123994755544115,0.05,0.6801530612244897,0.031216542617809945,-0.14454081632653062,0.046123994755544115,0.05,0.0,0.0,scratch,dino,200
66,0,0.595,0.985,0.98,0.98,4.695,4.445,4.41,0.01176072470843792,0.01176072470843792,1.1387510299682617,0.61,0.01,0.39,0.38,0.0,0.6801530612244897,0.031216542617809945,-0.14454081632653062,0.046123994755544115,0.05,0.6801530612244897,0.031216542617809945,-0.14454081632653062,0.046123994755544115,0.05,0.0,0.0,scratch,dino,200
67,0,0.615,0.985,0.98,0.98,4.48,4.445,4.41,0.01176072470843792,0.01176072470843792,1.1263058185577393,0.63,0.01,0.37,0.36,0.0,0.6801530612244897,0.031216542617809945,-0.14454081632653062,0.046123994755544115,0.05,0.6801530612244897,0.031216542617809945,-0.14454081632653062,0.046123994755544115,0.05,0.0,0.0,scratch,dino,200
68,0,0.585,0.985,0.98,0.98,4.61,4.445,4.41,0.01176072470843792,0.01176072470843792,1.1246838569641113,0.6,0.01,0.4,0.39,0.0,0.6801530612244897,0.031216542617809945,-0.14454081632653062,0.046123994755544115,0.05,0.6801530612244897,0.031216542617809945,-0.14454081632653062,0.046123994755544115,0.05,0.0,0.0,scratch,dino,200
69,0,0.585,0.985,0.98,0.98,4.335,4.445,4.41,0.01176072470843792,0.01176072470843792,1.2033169269561768,0.6,0.01,0.4,0.39,0.0,0.6801530612244897,0.031216542617809945,-0.14454081632653062,0.046123994755544115,0.05,0.6801530612244897,0.031216542617809945,-0.14454081632653062,0.046123994755544115,0.05,0.0,0.0,scratch,dino,200
70,0,0.595,0.985,0.98,0.98,4.915,4.445,4.41,0.01176072470843792,0.01176072470843792,1.1796821355819702,0.61,0.01,0.39,0.385,0.0,0.6801530612244897,0.031216542617809945,-0.14454081632653062,0.046123994755544115,0.05,0.6801530612244897,0.031216542617809945,-0.14454081632653062,0.046123994755544115,0.05,0.0,0.0,scratch,dino,200
71,0,0.615,0.985,0.98,0.98,4.63,4.445,4.41,0.01176072470843792,0.01176072470843792,1.1432799100875854,0.63,0.01,0.37,0.36,0.0,0.6801530612244897,0.031216542617809945,-0.14454081632653062,0.046123994755544115,0.05,0.6801530612244897,0.031216542617809945,-0.14454081632653062,0.046123994755544115,0.05,0.0,0.0,scratch,dino,200
72,0,0.59,0.985,0.98,0.98,4.575,4.445,4.41,0.01176072470843792,0.01176072470843792,1.1799731254577637,0.605,0.01,0.395,0.385,0.0,0.6801530612244897,0.031216542617809945,-0.14454081632653062,0.046123994755544115,0.05,0.6801530612244897,0.031216542617809945,-0.14454081632653062,0.046123994755544115,0.05,0.0,0.0,scratch,dino,200
73,0,0.6,0.985,0.98,0.98,4.8,4.445,4.41,0.01176072470843792,0.01176072470843792,1.1268306970596313,0.615,0.01,0.385,0.38,0.0,0.6801530612244897,0.031216542617809945,-0.14454081632653062,0.046123994755544115,0.05,0.6801530612244897,0.031216542617809945,-0.14454081632653062,0.046123994755544115,0.05,0.0,0.0,scratch,dino,200
74,0,0.63,0.985,0.98,0.98,4.52,4.445,4.41,0.01176072470843792,0.01176072470843792,1.0993318557739258,0.645,0.01,0.355,0.345,0.0,0.6801530612244897,0.031216542617809945,-0.14454081632653062,0.046123994755544115,0.05,0.6801530612244897,0.031216542617809945,-0.14454081632653062,0.046123994755544115,0.05,0.0,0.0,scratch,dino,200
75,0,0.58,0.985,0.98,0.98,4.65,4.445,4.41,0.01176072470843792,0.01176072470843792,1.1730859279632568,0.595,0.01,0.405,0.395,0.0,0.6801530612244897,0.031216542617809945,-0.14454081632653062,0.046123994755544115,0.05,0.6801530612244897,0.031216542617809945,-0.14454081632653062,0.046123994755544115,0.05,0.0,0.0,scratch,dino,200
76,0,0.61,0.985,0.98,0.98,4.305,4.445,4.41,0.01176072470843792,0.01176072470843792,1.1414294242858887,0.625,0.01,0.375,0.365,0.0,0.6801530612244897,0.031216542617809945,-0.14454081632653062,0.046123994755544115,0.05,0.6801530612244897,0.031216542617809945,-0.14454081632653062,0.046123994755544115,0.05,0.0,0.0,scratch,dino,200
77,0,0.625,0.985,0.98,0.98,4.775,4.445,4.41,0.01176072470843792,0.01176072470843792,1.0997563600540161,0.64,0.01,0.36,0.35,0.0,0.6801530612244897,0.031216542617809945,-0.14454081632653062,0.046123994755544115,0.05,0.6801530612244897,0.031216542617809945,-0.14454081632653062,0.046123994755544115,0.05,0.0,0.0,scratch,dino,200
78,0,0.6,0.985,0.98,0.98,4.685,4.445,4.41,0.01176072470843792,0.01176072470843792,1.1633974313735962,0.615,0.01,0.385,0.375,0.0,0.6801530612244897,0.031216542617809945,-0.14454081632653062,0.046123994755544115,0.05,0.6801530612244897,0.031216542617809945,-0.14454081632653062,0.046123994755544115,0.05,0.0,0.0,scratch,dino,200
79,0,0.625,0.985,0.98,0.98,4.61,4.445,4.41,0.01176072470843792,0.01176072470843792,1.0994080305099487,0.64,0.01,0.36,0.35,0.0,0.6801530612244897,0.031216542617809945,-0.14454081632653062,0.046123994755544115,0.05,0.6801530612244897,0.031216542617809945,-0.14454081632653062,0.046123994755544115,0.05,0.0,0.0,scratch,dino,200
80,0,0.605,0.985,0.98,0.98,4.745,4.445,4.41,0.01176072470843792,0.01176072470843792,1.1392048597335815,0.62,0.01,0.38,0.375,0.0,0.6801530612244897,0.031216542617809945,-0.14454081632653062,0.046123994755544115,0.05,0.6801530612244897,0.031216542617809945,-0.14454081632653062,0.046123994755544115,0.05,0.0,0.0,scratch,dino,200
81,0,0.625,0.985,0.98,0.98,4.49,4.445,4.41,0.01176072470843792,0.01176072470843792,1.1259440183639526,0.64,0.01,0.36,0.355,0.0,0.6801530612244897,0.031216542617809945,-0.14454081632653062,0.046123994755544115,0.05,0.6801530612244897,0.031216542617809945,-0.14454081632653062,0.046123994755544115,0.05,0.0,0.0,scratch,dino,200
82,0,0.615,0.985,0.98,0.98,4.565,4.445,4.41,0.01176072470843792,0.01176072470843792,1.1023106575012207,0.63,0.01,0.37,0.365,0.0,0.6801530612244897,0.031216542617809945,-0.14454081632653062,0.046123994755544115,0.05,0.6801530612244897,0.031216542617809945,-0.14454081632653062,0.046123994755544115,0.05,0.0,0.0,scratch,dino,200
83,0,0.625,0.985,0.98,0.98,4.62,4.445,4.41,0.01176072470843792,0.01176072470843792,1.0987768173217773,0.64,0.01,0.36,0.355,0.0,0.6801530612244897,0.031216542617809945,-0.14454081632653062,0.046123994755544115,0.05,0.6801530612244897,0.031216542617809945,-0.14454081632653062,0.046123994755544115,0.05,0.0,0.0,scratch,dino,200
84,0,0.615,0.985,0.98,0.98,4.58,4.445,4.41,0.01176072470843792,0.01176072470843792,1.135685920715332,0.63,0.01,0.37,0.36,0.0,0.6801530612244897,0.031216542617809945,-0.14454081632653062,0.046123994755544115,0.05,0.6801530612244897,0.031216542617809945,-0.14454081632653062,0.046123994755544115,0.05,0.0,0.0,scratch,dino,200
85,0,0.63,0.985,0.98,0.98,4.485,4.445,4.41,0.01176072470843792,0.01176072470843792,1.0944751501083374,0.645,0.01,0.355,0.345,0.0,0.6801530612244897,0.031216542617809945,-0.14454081632653062,0.046123994755544115,0.05,0.6801530612244897,0.031216542617809945,-0.14454081632653062,0.046123994755544115,0.05,0.0,0.0,scratch,dino,200
86,0,0.615,0.985,0.98,0.98,4.57,4.445,4.41,0.01176072470843792,0.01176072470843792,1.1263128519058228,0.63,0.01,0.37,0.36,0.0,0.6801530612244897,0.031216542617809945,-0.14454081632653062,0.046123994755544115,0.05,0.6801530612244897,0.031216542617809945,-0.14454081632653062,0.046123994755544115,0.05,0.0,0.0,scratch,dino,200
87,0,0.615,0.985,0.98,0.98,4.595,4.445,4.41,0.01176072470843792,0.01176072470843792,1.1093041896820068,0.63,0.01,0.37,0.36,0.0,0.6801530612244897,0.031216542617809945,-0.14454081632653062,0.046123994755544115,0.05,0.6801530612244897,0.031216542617809945,-0.14454081632653062,0.046123994755544115,0.05,0.0,0.0,scratch,dino,200
88,0,0.635,0.985,0.98,0.98,4.565,4.445,4.41,0.01176072470843792,0.01176072470843792,1.077254056930542,0.65,0.01,0.35,0.34,0.0,0.6801530612244897,0.031216542617809945,-0.14454081632653062,0.046123994755544115,0.05,0.6801530612244897,0.031216542617809945,-0.14454081632653062,0.046123994755544115,0.05,0.0,0.0,scratch,dino,200
89,0,0.62,0.985,0.98,0.98,4.64,4.445,4.41,0.01176072470843792,0.01176072470843792,1.0819685459136963,0.635,0.01,0.365,0.355,0.0,0.6801530612244897,0.031216542617809945,-0.14454081632653062,0.046123994755544115,0.05,0.6801530612244897,0.031216542617809945,-0.14454081632653062,0.046123994755544115,0.05,0.0,0.0,scratch,dino,200
90,0,0.63,0.985,0.98,0.98,4.7,4.445,4.41,0.01176072470843792,0.01176072470843792,1.0824998617172241,0.645,0.01,0.355,0.35,0.0,0.6801530612244897,0.031216542617809945,-0.14454081632653062,0.046123994755544115,0.05,0.6801530612244897,0.031216542617809945,-0.14454081632653062,0.046123994755544115,0.05,0.0,0.0,scratch,dino,200
91,0,0.625,0.985,0.98,0.98,4.645,4.445,4.41,0.01176072470843792,0.01176072470843792,1.0866589546203613,0.64,0.01,0.36,0.35,0.0,0.6801530612244897,0.031216542617809945,-0.14454081632653062,0.046123994755544115,0.05,0.6801530612244897,0.031216542617809945,-0.14454081632653062,0.046123994755544115,0.05,0.0,0.0,scratch,dino,200
92,0,0.615,0.985,0.98,0.98,4.785,4.445,4.41,0.01176072470843792,0.01176072470843792,1.107397198677063,0.63,0.01,0.37,0.365,0.0,0.6801530612244897,0.031216542617809945,-0.14454081632653062,0.046123994755544115,0.05,0.6801530612244897,0.031216542617809945,-0.14454081632653062,0.046123994755544115,0.05,0.0,0.0,scratch,dino,200
93,0,0.62,0.985,0.98,0.98,4.68,4.445,4.41,0.01176072470843792,0.01176072470843792,1.1031185388565063,0.635,0.01,0.365,0.36,0.0,0.6801530612244897,0.031216542617809945,-0.14454081632653062,0.046123994755544115,0.05,0.6801530612244897,0.031216542617809945,-0.14454081632653062,0.046123994755544115,0.05,0.0,0.0,scratch,dino,200
94,0,0.625,0.985,0.98,0.98,4.665,4.445,4.41,0.01176072470843792,0.01176072470843792,1.0906521081924438,0.64,0.01,0.36,0.355,0.0,0.6801530612244897,0.031216542617809945,-0.14454081632653062,0.046123994755544115,0.05,0.6801530612244897,0.031216542617809945,-0.14454081632653062,0.046123994755544115,0.05,0.0,0.0,scratch,dino,200
95,0,0.625,0.985,0.98,0.98,4.645,4.445,4.41,0.01176072470843792,0.01176072470843792,1.086726188659668,0.64,0.01,0.36,0.355,0.0,0.6801530612244897,0.031216542617809945,-0.14454081632653062,0.046123994755544115,0.05,0.6801530612244897,0.031216542617809945,-0.14454081632653062,0.046123994755544115,0.05,0.0,0.0,scratch,dino,200
96,0,0.625,0.985,0.98,0.98,4.635,4.445,4.41,0.01176072470843792,0.01176072470843792,1.0966700315475464,0.64,0.01,0.36,0.35,0.0,0.6801530612244897,0.031216542617809945,-0.14454081632653062,0.046123994755544115,0.05,0.6801530612244897,0.031216542617809945,-0.14454081632653062,0.046123994755544115,0.05,0.0,0.0,scratch,dino,200
97,0,0.62,0.985,0.98,0.98,4.625,4.445,4.41,0.01176072470843792,0.01176072470843792,1.098096251487732,0.635,0.01,0.365,0.355,0.0,0.6801530612244897,0.031216542617809945,-0.14454081632653062,0.046123994755544115,0.05,0.6801530612244897,0.031216542617809945,-0.14454081632653062,0.046123994755544115,0.05,0.0,0.0,scratch,dino,200
98,0,0.625,0.985,0.98,0.98,4.635,4.445,4.41,0.01176072470843792,0.01176072470843792,1.0985816717147827,0.64,0.01,0.36,0.35,0.0,0.6801530612244897,0.031216542617809945,-0.14454081632653062,0.046123994755544115,0.05,0.6801530612244897,0.031216542617809945,-0.14454081632653062,0.046123994755544115,0.05,0.0,0.0,scratch,dino,200
99,0,0.625,0.985,0.98,0.98,4.635,4.445,4.41,0.01176072470843792,0.01176072470843792,1.1006996631622314,0.64,0.01,0.36,0.35,0.0,0.6801530612244897,0.031216542617809945,-0.14454081632653062,0.046123994755544115,0.05,0.6801530612244897,0.031216542617809945,-0.14454081632653062,0.046123994755544115,0.05,0.0,0.0,scratch,dino,200
100,0,0.62,0.985,0.98,0.98,4.655,4.445,4.41,0.01176072470843792,0.01176072470843792,1.1006170511245728,0.635,0.01,0.365,0.355,0.0,0.6801530612244897,0.031216542617809945,-0.14454081632653062,0.046123994755544115,0.05,0.6801530612244897,0.031216542617809945,-0.14454081632653062,0.046123994755544115,0.05,0.0,0.0,scratch,dino,200
0,0,0.085,0.985,0.98,0.98,5.92,4.445,4.41,0.01176072470843792,0.01176072470843792,1.8246694803237915,0.09,0.01,0.9,0.89,0.0,0.6801530612244897,0.031216542617809945,-0.14454081632653062,0.046123994755544115,0.05,0.6801530612244897,0.031216542617809945,-0.14454081632653062,0.046123994755544115,0.05,0.0,0.0,scratch,dino_paper_late,200
1,0,0.26,0.985,0.98,0.98,5.005,4.445,4.41,0.01176072470843792,0.01176072470843792,1.543202519416809,0.26,0.01,0.725,0.72,0.0,0.6801530612244897,0.031216542617809945,-0.14454081632653062,0.046123994755544115,0.05,0.6801530612244897,0.031216542617809945,-0.14454081632653062,0.046123994755544115,0.05,0.0,0.0,scratch,dino_paper_late,200
2,0,0.295,0.985,0.98,0.98,4.495,4.445,4.41,0.01176072470843792,0.01176072470843792,1.4259244203567505,0.3,0.01,0.69,0.68,0.0,0.6801530612244897,0.031216542617809945,-0.14454081632653062,0.046123994755544115,0.05,0.6801530612244897,0.031216542617809945,-0.14454081632653062,0.046123994755544115,0.05,0.0,0.0,scratch,dino_paper_late,200
3,0,0.38,0.985,0.98,0.98,4.08,4.445,4.41,0.01176072470843792,0.01176072470843792,1.3615642786026,0.385,0.01,0.605,0.595,0.0,0.6801530612244897,0.031216542617809945,-0.14454081632653062,0.046123994755544115,0.05,0.6801530612244897,0.031216542617809945,-0.14454081632653062,0.046123994755544115,0.05,0.0,0.0,scratch,dino_paper_late,200
4,0,0.39,0.985,0.98,0.98,5.425,4.445,4.41,0.01176072470843792,0.01176072470843792,1.3507152795791626,0.395,0.01,0.595,0.585,0.0,0.6801530612244897,0.031216542617809945,-0.14454081632653062,0.046123994755544115,0.05,0.6801530612244897,0.031216542617809945,-0.14454081632653062,0.046123994755544115,0.05,0.0,0.0,scratch,dino_paper_late,200
5,0,0.415,0.985,0.98,0.98,4.45,4.445,4.41,0.01176072470843792,0.01176072470843792,1.3074685335159302,0.42,0.01,0.57,0.56,0.0,0.6801530612244897,0.031216542617809945,-0.14454081632653062,0.046123994755544115,0.05,0.6801530612244897,0.031216542617809945,-0.14454081632653062,0.046123994755544115,0.05,0.0,0.0,scratch,dino_paper_late,200
6,0,0.415,0.985,0.98,0.98,4.69,4.445,4.41,0.01176072470843792,0.01176072470843792,1.2690982818603516,0.42,0.01,0.57,0.565,0.0,0.6801530612244897,0.031216542617809945,-0.14454081632653062,0.046123994755544115,0.05,0.6801530612244897,0.031216542617809945,-0.14454081632653062,0.046123994755544115,0.05,0.0,0.0,scratch,dino_paper_late,200
7,0,0.48,0.985,0.98,0.98,4.62,4.445,4.41,0.01176072470843792,0.01176072470843792,1.1425689458847046,0.485,0.01,0.505,0.495,0.0,0.6801530612244897,0.031216542617809945,-0.14454081632653062,0.046123994755544115,0.05,0.6801530612244897,0.031216542617809945,-0.14454081632653062,0.046123994755544115,0.05,0.0,0.0,scratch,dino_paper_late,200
8,0,0.48,0.985,0.98,0.98,5.065,4.445,4.41,0.01176072470843792,0.01176072470843792,1.184444785118103,0.485,0.01,0.505,0.495,0.0,0.6801530612244897,0.031216542617809945,-0.14454081632653062,0.046123994755544115,0.05,0.6801530612244897,0.031216542617809945,-0.14454081632653062,0.046123994755544115,0.05,0.0,0.0,scratch,dino_paper_late,200
9,0,0.475,0.985,0.98,0.98,4.925,4.445,4.41,0.01176072470843792,0.01176072470843792,1.133510947227478,0.48,0.01,0.51,0.5,0.0,0.6801530612244897,0.031216542617809945,-0.14454081632653062,0.046123994755544115,0.05,0.6801530612244897,0.031216542617809945,-0.14454081632653062,0.046123994755544115,0.05,0.0,0.0,scratch,dino_paper_late,200
10,0,0.545,0.985,0.98,0.98,4.545,4.445,4.41,0.01176072470843792,0.01176072470843792,1.003078579902649,0.555,0.01,0.44,0.435,0.0,0.6801530612244897,0.031216542617809945,-0.14454081632653062,0.046123994755544115,0.05,0.6801530612244897,0.031216542617809945,-0.14454081632653062,0.046123994755544115,0.05,0.0,0.0,scratch,dino_paper_late,200
11,0,0.51,0.985,0.98,0.98,5.68,4.445,4.41,0.01176072470843792,0.01176072470843792,1.0929138660430908,0.515,0.01,0.475,0.47,0.0,0.6801530612244897,0.031216542617809945,-0.14454081632653062,0.046123994755544115,0.05,0.6801530612244897,0.031216542617809945,-0.14454081632653062,0.046123994755544115,0.05,0.0,0.0,scratch,dino_paper_late,200
12,0,0.53,0.985,0.98,0.98,3.92,4.445,4.41,0.01176072470843792,0.01176072470843792,1.041780710220337,0.545,0.01,0.455,0.445,0.0,0.6801530612244897,0.031216542617809945,-0.14454081632653062,0.046123994755544115,0.05,0.6801530612244897,0.031216542617809945,-0.14454081632653062,0.046123994755544115,0.05,0.0,0.0,scratch,dino_paper_late,200
13,0,0.56,0.985,0.98,0.98,4.36,4.445,4.41,0.01176072470843792,0.01176072470843792,1.0066107511520386,0.57,0.01,0.425,0.415,0.0,0.6801530612244897,0.031216542617809945,-0.14454081632653062,0.046123994755544115,0.05,0.6801530612244897,0.031216542617809945,-0.14454081632653062,0.046123994755544115,0.05,0.0,0.0,scratch,dino_paper_late,200
14,0,0.545,0.985,0.98,0.98,4.21,4.445,4.41,0.01176072470843792,0.01176072470843792,0.9841349720954895,0.54,0.01,0.445,0.435,0.0,0.6801530612244897,0.031216542617809945,-0.14454081632653062,0.046123994755544115,0.05,0.6801530612244897,0.031216542617809945,-0.14454081632653062,0.046123994755544115,0.05,0.0,0.0,scratch,dino_paper_late,200
15,0,0.54,0.985,0.98,0.98,4.245,4.445,4.41,0.01176072470843792,0.01176072470843792,1.0013329982757568,0.55,0.01,0.445,0.435,0.0,0.6801530612244897,0.031216542617809945,-0.14454081632653062,0.046123994755544115,0.05,0.6801530612244897,0.031216542617809945,-0.14454081632653062,0.046123994755544115,0.05,0.0,0.0,scratch,dino_paper_late,200
16,0,0.57,0.985,0.98,0.98,4.7,4.445,4.41,0.01176072470843792,0.01176072470843792,0.921973466873169,0.57,0.01,0.42,0.41,0.0,0.6801530612244897,0.031216542617809945,-0.14454081632653062,0.046123994755544115,0.05,0.6801530612244897,0.031216542617809945,-0.14454081632653062,0.046123994755544115,0.05,0.0,0.0,scratch,dino_paper_late,200
17,0,0.54,0.985,0.98,0.98,4.575,4.445,4.41,0.01176072470843792,0.01176072470843792,0.9797468781471252,0.54,0.01,0.45,0.44,0.0,0.6801530612244897,0.031216542617809945,-0.14454081632653062,0.046123994755544115,0.05,0.6801530612244897,0.031216542617809945,-0.14454081632653062,0.046123994755544115,0.05,0.0,0.0,scratch,dino_paper_late,200
18,0,0.605,0.985,0.98,0.98,4.37,4.445,4.41,0.01176072470843792,0.01176072470843792,0.9065399169921875,0.615,0.01,0.38,0.37,0.0,0.6801530612244897,0.031216542617809945,-0.14454081632653062,0.046123994755544115,0.05,0.6801530612244897,0.031216542617809945,-0.14454081632653062,0.046123994755544115,0.05,0.0,0.0,scratch,dino_paper_late,200
19,0,0.54,0.985,0.98,0.98,4.415,4.445,4.41,0.01176072470843792,0.01176072470843792,1.0294675827026367,0.54,0.01,0.45,0.44,0.0,0.6801530612244897,0.031216542617809945,-0.14454081632653062,0.046123994755544115,0.05,0.6801530612244897,0.031216542617809945,-0.14454081632653062,0.046123994755544115,0.05,0.0,0.0,scratch,dino_paper_late,200
20,0,0.575,0.985,0.98,0.98,4.1,4.445,4.41,0.01176072470843792,0.01176072470843792,0.9427171349525452,0.58,0.01,0.415,0.405,0.0,0.6801530612244897,0.031216542617809945,-0.14454081632653062,0.046123994755544115,0.05,0.6801530612244897,0.031216542617809945,-0.14454081632653062,0.046123994755544115,0.05,0.0,0.0,scratch,dino_paper_late,200
21,0,0.57,0.985,0.98,0.98,4.355,4.445,4.41,0.01176072470843792,0.01176072470843792,0.907560408115387,0.575,0.01,0.415,0.405,0.0,0.6801530612244897,0.031216542617809945,-0.14454081632653062,0.046123994755544115,0.05,0.6801530612244897,0.031216542617809945,-0.14454081632653062,0.046123994755544115,0.05,0.0,0.0,scratch,dino_paper_late,200
22,0,0.57,0.985,0.98,0.98,4.365,4.445,4.41,0.01176072470843792,0.01176072470843792,1.0112725496292114,0.57,0.01,0.42,0.41,0.0,0.6801530612244897,0.031216542617809945,-0.14454081632653062,0.046123994755544115,0.05,0.6801530612244897,0.031216542617809945,-0.14454081632653062,0.046123994755544115,0.05,0.0,0.0,scratch,dino_paper_late,200
23,0,0.615,0.985,0.98,0.98,4.515,4.445,4.41,0.01176072470843792,0.01176072470843792,0.8817503452301025,0.625,0.01,0.37,0.365,0.0,0.6801530612244897,0.031216542617809945,-0.14454081632653062,0.046123994755544115,0.05,0.6801530612244897,0.031216542617809945,-0.14454081632653062,0.046123994755544115,0.05,0.0,0.0,scratch,dino_paper_late,200
24,0,0.575,0.985,0.98,0.98,4.545,4.445,4.41,0.01176072470843792,0.01176072470843792,1.0302456617355347,0.57,0.01,0.415,0.405,0.0,0.6801530612244897,0.031216542617809945,-0.14454081632653062,0.046123994755544115,0.05,0.6801530612244897,0.031216542617809945,-0.14454081632653062,0.046123994755544115,0.05,0.0,0.0,scratch,dino_paper_late,200
25,0,0.54,0.985,0.98,0.98,5.25,4.445,4.41,0.01176072470843792,0.01176072470843792,1.0018310546875,0.54,0.01,0.45,0.445,0.0,0.6801530612244897,0.031216542617809945,-0.14454081632653062,0.046123994755544115,0.05,0.6801530612244897,0.031216542617809945,-0.14454081632653062,0.046123994755544115,0.05,0.0,0.0,scratch,dino_paper_late,200
26,0,0.61,0.985,0.98,0.98,4.225,4.445,4.41,0.01176072470843792,0.01176072470843792,0.8917304873466492,0.615,0.01,0.38,0.375,0.0,0.6801530612244897,0.031216542617809945,-0.14454081632653062,0.046123994755544115,0.05,0.6801530612244897,0.031216542617809945,-0.14454081632653062,0.046123994755544115,0.05,0.0,0.0,scratch,dino_paper_late,200
27,0,0.605,0.985,0.98,0.98,3.895,4.445,4.41,0.01176072470843792,0.01176072470843792,0.9268039464950562,0.62,0.01,0.38,0.37,0.0,0.6801530612244897,0.031216542617809945,-0.14454081632653062,0.046123994755544115,0.05,0.6801530612244897,0.031216542617809945,-0.14454081632653062,0.046123994755544115,0.05,0.0,0.0,scratch,dino_paper_late,200
28,0,0.575,0.985,0.98,0.98,4.575,4.445,4.41,0.01176072470843792,0.01176072470843792,0.9563831090927124,0.58,0.01,0.415,0.41,0.0,0.6801530612244897,0.031216542617809945,-0.14454081632653062,0.046123994755544115,0.05,0.6801530612244897,0.031216542617809945,-0.14454081632653062,0.046123994755544115,0.05,0.0,0.0,scratch,dino_paper_late,200
29,0,0.6,0.985,0.98,0.98,4.62,4.445,4.41,0.01176072470843792,0.01176072470843792,0.9121426343917847,0.605,0.01,0.39,0.38,0.0,0.6801530612244897,0.031216542617809945,-0.14454081632653062,0.046123994755544115,0.05,0.6801530612244897,0.031216542617809945,-0.14454081632653062,0.046123994755544115,0.05,0.0,0.0,scratch,dino_paper_late,200
30,0,0.58,0.985,0.98,0.98,4.53,4.445,4.41,0.01176072470843792,0.01176072470843792,0.9364228844642639,0.585,0.01,0.41,0.4,0.0,0.6801530612244897,0.031216542617809945,-0.14454081632653062,0.046123994755544115,0.05,0.6801530612244897,0.031216542617809945,-0.14454081632653062,0.046123994755544115,0.05,0.0,0.0,scratch,dino_paper_late,200
31,0,0.595,0.985,0.98,0.98,4.74,4.445,4.41,0.01176072470843792,0.01176072470843792,0.915346086025238,0.61,0.01,0.39,0.38,0.0,0.6801530612244897,0.031216542617809945,-0.14454081632653062,0.046123994755544115,0.05,0.6801530612244897,0.031216542617809945,-0.14454081632653062,0.046123994755544115,0.05,0.0,0.0,scratch,dino_paper_late,200
32,0,0.555,0.985,0.98,0.98,4.455,4.445,4.41,0.01176072470843792,0.01176072470843792,1.024349331855774,0.56,0.01,0.435,0.43,0.0,0.6801530612244897,0.031216542617809945,-0.14454081632653062,0.046123994755544115,0.05,0.6801530612244897,0.031216542617809945,-0.14454081632653062,0.046123994755544115,0.05,0.0,0.0,scratch,dino_paper_late,200
33,0,0.56,0.985,0.98,0.98,4.42,4.445,4.41,0.01176072470843792,0.01176072470843792,0.9810425639152527,0.565,0.01,0.43,0.425,0.0,0.6801530612244897,0.031216542617809945,-0.14454081632653062,0.046123994755544115,0.05,0.6801530612244897,0.031216542617809945,-0.14454081632653062,0.046123994755544115,0.05,0.0,0.0,scratch,dino_paper_late,200
34,0,0.58,0.985,0.98,0.98,4.37,4.445,4.41,0.01176072470843792,0.01176072470843792,0.9569911360740662,0.585,0.01,0.41,0.4,0.0,0.6801530612244897,0.031216542617809945,-0.14454081632653062,0.046123994755544115,0.05,0.6801530612244897,0.031216542617809945,-0.14454081632653062,0.046123994755544115,0.05,0.0,0.0,scratch,dino_paper_late,200
35,0,0.56,0.985,0.98,0.98,4.705,4.445,4.41,0.01176072470843792,0.01176072470843792,1.0271484851837158,0.575,0.01,0.425,0.415,0.0,0.6801530612244897,0.031216542617809945,-0.14454081632653062,0.046123994755544115,0.05,0.6801530612244897,0.031216542617809945,-0.14454081632653062,0.046123994755544115,0.05,0.0,0.0,scratch,dino_paper_late,200
36,0,0.575,0.985,0.98,0.98,4.38,4.445,4.41,0.01176072470843792,0.01176072470843792,1.0076042413711548,0.58,0.01,0.415,0.405,0.0,0.6801530612244897,0.031216542617809945,-0.14454081632653062,0.046123994755544115,0.05,0.6801530612244897,0.031216542617809945,-0.14454081632653062,0.046123994755544115,0.05,0.0,0.0,scratch,dino_paper_late,200
37,0,0.585,0.985,0.98,0.98,4.695,4.445,4.41,0.01176072470843792,0.01176072470843792,0.9624382853507996,0.6,0.01,0.4,0.39,0.0,0.6801530612244897,0.031216542617809945,-0.14454081632653062,0.046123994755544115,0.05,0.6801530612244897,0.031216542617809945,-0.14454081632653062,0.046123994755544115,0.05,0.0,0.0,scratch,dino_paper_late,200
38,0,0.6,0.985,0.98,0.98,4.64,4.445,4.41,0.01176072470843792,0.01176072470843792,1.007611632347107,0.615,0.01,0.385,0.375,0.0,0.6801530612244897,0.031216542617809945,-0.14454081632653062,0.046123994755544115,0.05,0.6801530612244897,0.031216542617809945,-0.14454081632653062,0.046123994755544115,0.05,0.0,0.0,scratch,dino_paper_late,200
39,0,0.605,0.985,0.98,0.98,4.365,4.445,4.41,0.01176072470843792,0.01176072470843792,0.9924306273460388,0.61,0.01,0.385,0.38,0.0,0.6801530612244897,0.031216542617809945,-0.14454081632653062,0.046123994755544115,0.05,0.6801530612244897,0.031216542617809945,-0.14454081632653062,0.046123994755544115,0.05,0.0,0.0,scratch,dino_paper_late,200
40,0,0.575,0.985,0.98,0.98,4.735,4.445,4.41,0.01176072470843792,0.01176072470843792,1.1216355562210083,0.58,0.01,0.415,0.41,0.0,0.6801530612244897,0.031216542617809945,-0.14454081632653062,0.046123994755544115,0.05,0.6801530612244897,0.031216542617809945,-0.14454081632653062,0.046123994755544115,0.05,0.0,0.0,scratch,dino_paper_late,200
41,0,0.555,0.985,0.98,0.98,4.825,4.445,4.41,0.01176072470843792,0.01176072470843792,1.1853135824203491,0.56,0.01,0.435,0.43,0.0,0.6801530612244897,0.031216542617809945,-0.14454081632653062,0.046123994755544115,0.05,0.6801530612244897,0.031216542617809945,-0.14454081632653062,0.046123994755544115,0.05,0.0,0.0,scratch,dino_paper_late,200
42,0,0.57,0.985,0.98,0.98,4.59,4.445,4.41,0.01176072470843792,0.01176072470843792,1.03925621509552,0.57,0.01,0.42,0.415,0.0,0.6801530612244897,0.031216542617809945,-0.14454081632653062,0.046123994755544115,0.05,0.6801530612244897,0.031216542617809945,-0.14454081632653062,0.046123994755544115,0.05,0.0,0.0,scratch,dino_paper_late,200
43,0,0.61,0.985,0.98,0.98,4.46,4.445,4.41,0.01176072470843792,0.01176072470843792,1.0600759983062744,0.615,0.01,0.38,0.37,0.0,0.6801530612244897,0.031216542617809945,-0.14454081632653062,0.046123994755544115,0.05,0.6801530612244897,0.031216542617809945,-0.14454081632653062,0.046123994755544115,0.05,0.0,0.0,scratch,dino_paper_late,200
44,0,0.585,0.985,0.98,0.98,4.485,4.445,4.41,0.01176072470843792,0.01176072470843792,1.0688742399215698,0.58,0.01,0.405,0.4,0.0,0.6801530612244897,0.031216542617809945,-0.14454081632653062,0.046123994755544115,0.05,0.6801530612244897,0.031216542617809945,-0.14454081632653062,0.046123994755544115,0.05,0.0,0.0,scratch,dino_paper_late,200
45,0,0.6,0.985,0.98,0.98,4.71,4.445,4.41,0.01176072470843792,0.01176072470843792,1.0328538417816162,0.6,0.01,0.39,0.38,0.0,0.6801530612244897,0.031216542617809945,-0.14454081632653062,0.046123994755544115,0.05,0.6801530612244897,0.031216542617809945,-0.14454081632653062,0.046123994755544115,0.05,0.0,0.0,scratch,dino_paper_late,200
46,0,0.63,0.985,0.98,0.98,4.4,4.445,4.41,0.01176072470843792,0.01176072470843792,1.0057692527770996,0.635,0.01,0.36,0.355,0.0,0.6801530612244897,0.031216542617809945,-0.14454081632653062,0.046123994755544115,0.05,0.6801530612244897,0.031216542617809945,-0.14454081632653062,0.046123994755544115,0.05,0.0,0.0,scratch,dino_paper_late,200
47,0,0.625,0.985,0.98,0.98,4.69,4.445,4.41,0.01176072470843792,0.01176072470843792,0.9805972576141357,0.63,0.01,0.365,0.36,0.0,0.6801530612244897,0.031216542617809945,-0.14454081632653062,0.046123994755544115,0.05,0.6801530612244897,0.031216542617809945,-0.14454081632653062,0.046123994755544115,0.05,0.0,0.0,scratch,dino_paper_late,200
48,0,0.575,0.985,0.98,0.98,4.32,4.445,4.41,0.01176072470843792,0.01176072470843792,1.1289116144180298,0.58,0.01,0.415,0.405,0.0,0.6801530612244897,0.031216542617809945,-0.14454081632653062,0.046123994755544115,0.05,0.6801530612244897,0.031216542617809945,-0.14454081632653062,0.046123994755544115,0.05,0.0,0.0,scratch,dino_paper_late,200
49,0,0.575,0.985,0.98,0.98,4.845,4.445,4.41,0.01176072470843792,0.01176072470843792,1.134250521659851,0.575,0.01,0.415,0.41,0.0,0.6801530612244897,0.031216542617809945,-0.14454081632653062,0.046123994755544115,0.05,0.6801530612244897,0.031216542617809945,-0.14454081632653062,0.046123994755544115,0.05,0.0,0.0,scratch,dino_paper_late,200
50,0,0.61,0.985,0.98,0.98,4.325,4.445,4.41,0.01176072470843792,0.01176072470843792,1.0203404426574707,0.615,0.01,0.38,0.37,0.0,0.6801530612244897,0.031216542617809945,-0.14454081632653062,0.046123994755544115,0.05,0.6801530612244897,0.031216542617809945,-0.14454081632653062,0.046123994755544115,0.05,0.0,0.0,scratch,dino_paper_late,200
51,0,0.59,0.985,0.985,0.98,4.155,4.445,4.485,0.015653319656848907,0.01176072470843792,1.1131236553192139,0.595,0.005,0.4,0.4,16.705,0.6801530612244897,0.031216542617809945,-0.14454081632653062,0.046123994755544115,0.05,0.690204081632653,0.044719830943092884,-0.13448979591836735,0.06043397722794907,0.05,0.505,1.49,scratch,dino_paper_late,200
52,0,0.61,0.985,0.985,0.98,4.37,4.445,4.485,0.015653319656848907,0.01176072470843792,1.095548152923584,0.615,0.005,0.38,0.38,16.705,0.6801530612244897,0.031216542617809945,-0.14454081632653062,0.046123994755544115,0.05,0.690204081632653,0.044719830943092884,-0.13448979591836735,0.06043397722794907,0.05,0.505,1.49,scratch,dino_paper_late,200
53,0,0.605,0.985,0.985,0.98,4.095,4.445,4.485,0.015653319656848907,0.01176072470843792,1.0687233209609985,0.61,0.005,0.385,0.385,16.705,0.6801530612244897,0.031216542617809945,-0.14454081632653062,0.046123994755544115,0.05,0.690204081632653,0.044719830943092884,-0.13448979591836735,0.06043397722794907,0.05,0.505,1.49,scratch,dino_paper_late,200
54,0,0.605,0.985,0.985,0.98,4.735,4.445,4.485,0.015653319656848907,0.01176072470843792,1.0413000583648682,0.62,0.005,0.38,0.38,16.705,0.6801530612244897,0.031216542617809945,-0.14454081632653062,0.046123994755544115,0.05,0.690204081632653,0.044719830943092884,-0.13448979591836735,0.06043397722794907,0.05,0.505,1.49,scratch,dino_paper_late,200
55,0,0.565,0.985,0.985,0.98,4.61,4.445,4.485,0.015653319656848907,0.01176072470843792,1.2028052806854248,0.575,0.005,0.42,0.42,16.705,0.6801530612244897,0.031216542617809945,-0.14454081632653062,0.046123994755544115,0.05,0.690204081632653,0.044719830943092884,-0.13448979591836735,0.06043397722794907,0.05,0.505,1.49,scratch,dino_paper_late,200
56,0,0.58,0.985,0.985,0.98,4.09,4.445,4.485,0.015653319656848907,0.01176072470843792,1.1856682300567627,0.595,0.005,0.405,0.405,16.705,0.6801530612244897,0.031216542617809945,-0.14454081632653062,0.046123994755544115,0.05,0.690204081632653,0.044719830943092884,-0.13448979591836735,0.06043397722794907,0.05,0.505,1.49,scratch,dino_paper_late,200
57,0,0.575,0.985,0.985,0.98,4.675,4.445,4.485,0.015653319656848907,0.01176072470843792,1.1162382364273071,0.59,0.005,0.41,0.41,16.705,0.6801530612244897,0.031216542617809945,-0.14454081632653062,0.046123994755544115,0.05,0.690204081632653,0.044719830943092884,-0.13448979591836735,0.06043397722794907,0.05,0.505,1.49,scratch,dino_paper_late,200
58,0,0.595,0.985,0.985,0.98,4.455,4.445,4.485,0.015653319656848907,0.01176072470843792,1.1570444107055664,0.61,0.005,0.39,0.39,16.705,0.6801530612244897,0.031216542617809945,-0.14454081632653062,0.046123994755544115,0.05,0.690204081632653,0.044719830943092884,-0.13448979591836735,0.06043397722794907,0.05,0.505,1.49,scratch,dino_paper_late,200
59,0,0.56,0.985,0.985,0.98,4.35,4.445,4.485,0.015653319656848907,0.01176072470843792,1.236350417137146,0.575,0.005,0.425,0.425,16.705,0.6801530612244897,0.031216542617809945,-0.14454081632653062,0.046123994755544115,0.05,0.690204081632653,0.044719830943092884,-0.13448979591836735,0.06043397722794907,0.05,0.505,1.49,scratch,dino_paper_late,200
60,0,0.59,0.985,0.985,0.98,4.55,4.445,4.485,0.015653319656848907,0.01176072470843792,1.1666399240493774,0.59,0.005,0.4,0.4,16.705,0.6801530612244897,0.031216542617809945,-0.14454081632653062,0.046123994755544115,0.05,0.690204081632653,0.044719830943092884,-0.13448979591836735,0.06043397722794907,0.05,0.505,1.49,scratch,dino_paper_late,200
61,0,0.57,0.985,0.985,0.98,4.6,4.445,4.485,0.015653319656848907,0.01176072470843792,1.2828466892242432,0.58,0.005,0.415,0.415,16.705,0.6801530612244897,0.031216542617809945,-0.14454081632653062,0.046123994755544115,0.05,0.690204081632653,0.044719830943092884,-0.13448979591836735,0.06043397722794907,0.05,0.505,1.49,scratch,dino_paper_late,200
62,0,0.595,0.985,0.985,0.98,4.525,4.445,4.485,0.015653319656848907,0.01176072470843792,1.212170124053955,0.6,0.005,0.395,0.395,16.705,0.6801530612244897,0.031216542617809945,-0.14454081632653062,0.046123994755544115,0.05,0.690204081632653,0.044719830943092884,-0.13448979591836735,0.06043397722794907,0.05,0.505,1.49,scratch,dino_paper_late,200
63,0,0.62,0.985,0.985,0.98,4.815,4.445,4.485,0.015653319656848907,0.01176072470843792,1.1721668243408203,0.625,0.005,0.37,0.37,16.705,0.6801530612244897,0.031216542617809945,-0.14454081632653062,0.046123994755544115,0.05,0.690204081632653,0.044719830943092884,-0.13448979591836735,0.06043397722794907,0.05,0.505,1.49,scratch,dino_paper_late,200
64,0,0.595,0.985,0.985,0.98,4.51,4.445,4.485,0.015653319656848907,0.01176072470843792,1.1657211780548096,0.61,0.005,0.39,0.385,16.705,0.6801530612244897,0.031216542617809945,-0.14454081632653062,0.046123994755544115,0.05,0.690204081632653,0.044719830943092884,-0.13448979591836735,0.06043397722794907,0.05,0.505,1.49,scratch,dino_paper_late,200
65,0,0.615,0.985,0.985,0.98,4.365,4.445,4.485,0.015653319656848907,0.01176072470843792,1.1833053827285767,0.63,0.005,0.37,0.37,16.705,0.6801530612244897,0.031216542617809945,-0.14454081632653062,0.046123994755544115,0.05,0.690204081632653,0.044719830943092884,-0.13448979591836735,0.06043397722794907,0.05,0.505,1.49,scratch,dino_paper_late,200
66,0,0.605,0.985,0.985,0.98,4.62,4.445,4.485,0.015653319656848907,0.01176072470843792,1.1182332038879395,0.615,0.005,0.38,0.38,16.705,0.6801530612244897,0.031216542617809945,-0.14454081632653062,0.046123994755544115,0.05,0.690204081632653,0.044719830943092884,-0.13448979591836735,0.06043397722794907,0.05,0.505,1.49,scratch,dino_paper_late,200
67,0,0.63,0.985,0.985,0.98,4.435,4.445,4.485,0.015653319656848907,0.01176072470843792,1.1371022462844849,0.63,0.005,0.36,0.36,16.705,0.6801530612244897,0.031216542617809945,-0.14454081632653062,0.046123994755544115,0.05,0.690204081632653,0.044719830943092884,-0.13448979591836735,0.06043397722794907,0.05,0.505,1.49,scratch,dino_paper_late,200
68,0,0.61,0.985,0.985,0.98,4.66,4.445,4.485,0.015653319656848907,0.01176072470843792,1.233404278755188,0.615,0.005,0.38,0.38,16.705,0.6801530612244897,0.031216542617809945,-0.14454081632653062,0.046123994755544115,0.05,0.690204081632653,0.044719830943092884,-0.13448979591836735,0.06043397722794907,0.05,0.505,1.49,scratch,dino_paper_late,200
69,0,0.59,0.985,0.985,0.98,4.92,4.445,4.485,0.015653319656848907,0.01176072470843792,1.2146044969558716,0.6,0.005,0.395,0.395,16.705,0.6801530612244897,0.031216542617809945,-0.14454081632653062,0.046123994755544115,0.05,0.690204081632653,0.044719830943092884,-0.13448979591836735,0.06043397722794907,0.05,0.505,1.49,scratch,dino_paper_late,200
70,0,0.595,0.985,0.985,0.98,4.565,4.445,4.485,0.015653319656848907,0.01176072470843792,1.2201021909713745,0.6,0.005,0.395,0.395,16.705,0.6801530612244897,0.031216542617809945,-0.14454081632653062,0.046123994755544115,0.05,0.690204081632653,0.044719830943092884,-0.13448979591836735,0.06043397722794907,0.05,0.505,1.49,scratch,dino_paper_late,200
71,0,0.585,0.985,0.985,0.98,4.67,4.445,4.485,0.015653319656848907,0.01176072470843792,1.2776384353637695,0.59,0.005,0.405,0.405,16.705,0.6801530612244897,0.031216542617809945,-0.14454081632653062,0.046123994755544115,0.05,0.690204081632653,0.044719830943092884,-0.13448979591836735,0.06043397722794907,0.05,0.505,1.49,scratch,dino_paper_late,200
72,0,0.61,0.985,0.985,0.98,4.5,4.445,4.485,0.015653319656848907,0.01176072470843792,1.205445408821106,0.615,0.005,0.38,0.38,16.705,0.6801530612244897,0.031216542617809945,-0.14454081632653062,0.046123994755544115,0.05,0.690204081632653,0.044719830943092884,-0.13448979591836735,0.06043397722794907,0.05,0.505,1.49,scratch,dino_paper_late,200
73,0,0.625,0.985,0.985,0.98,4.495,4.445,4.485,0.015653319656848907,0.01176072470843792,1.157794713973999,0.63,0.005,0.365,0.365,16.705,0.6801530612244897,0.031216542617809945,-0.14454081632653062,0.046123994755544115,0.05,0.690204081632653,0.044719830943092884,-0.13448979591836735,0.06043397722794907,0.05,0.505,1.49,scratch,dino_paper_late,200
74,0,0.6,0.985,0.985,0.98,4.61,4.445,4.485,0.015653319656848907,0.01176072470843792,1.182576298713684,0.605,0.005,0.39,0.39,16.705,0.6801530612244897,0.031216542617809945,-0.14454081632653062,0.046123994755544115,0.05,0.690204081632653,0.044719830943092884,-0.13448979591836735,0.06043397722794907,0.05,0.505,1.49,scratch,dino_paper_late,200
75,0,0.615,0.985,0.985,0.98,4.415,4.445,4.485,0.015653319656848907,0.01176072470843792,1.186535358428955,0.62,0.005,0.375,0.375,16.705,0.6801530612244897,0.031216542617809945,-0.14454081632653062,0.046123994755544115,0.05,0.690204081632653,0.044719830943092884,-0.13448979591836735,0.06043397722794907,0.05,0.505,1.49,scratch,dino_paper_late,200
76,0,0.625,0.985,0.985,0.98,4.415,4.445,4.485,0.015653319656848907,0.01176072470843792,1.145914912223816,0.63,0.005,0.365,0.365,16.705,0.6801530612244897,0.031216542617809945,-0.14454081632653062,0.046123994755544115,0.05,0.690204081632653,0.044719830943092884,-0.13448979591836735,0.06043397722794907,0.05,0.505,1.49,scratch,dino_paper_late,200
77,0,0.64,0.985,0.985,0.98,4.555,4.445,4.485,0.015653319656848907,0.01176072470843792,1.1858553886413574,0.645,0.005,0.35,0.35,16.705,0.6801530612244897,0.031216542617809945,-0.14454081632653062,0.046123994755544115,0.05,0.690204081632653,0.044719830943092884,-0.13448979591836735,0.06043397722794907,0.05,0.505,1.49,scratch,dino_paper_late,200
78,0,0.62,0.985,0.985,0.98,4.72,4.445,4.485,0.015653319656848907,0.01176072470843792,1.1517528295516968,0.625,0.005,0.37,0.37,16.705,0.6801530612244897,0.031216542617809945,-0.14454081632653062,0.046123994755544115,0.05,0.690204081632653,0.044719830943092884,-0.13448979591836735,0.06043397722794907,0.05,0.505,1.49,scratch,dino_paper_late,200
79,0,0.62,0.985,0.985,0.98,4.63,4.445,4.485,0.015653319656848907,0.01176072470843792,1.199172854423523,0.625,0.005,0.37,0.37,16.705,0.6801530612244897,0.031216542617809945,-0.14454081632653062,0.046123994755544115,0.05,0.690204081632653,0.044719830943092884,-0.13448979591836735,0.06043397722794907,0.05,0.505,1.49,scratch,dino_paper_late,200
80,0,0.61,0.985,0.985,0.98,4.695,4.445,4.485,0.015653319656848907,0.01176072470843792,1.170953631401062,0.615,0.005,0.38,0.38,16.705,0.6801530612244897,0.031216542617809945,-0.14454081632653062,0.046123994755544115,0.05,0.690204081632653,0.044719830943092884,-0.13448979591836735,0.06043397722794907,0.05,0.505,1.49,scratch,dino_paper_late,200
81,0,0.63,0.985,0.985,0.98,4.565,4.445,4.485,0.015653319656848907,0.01176072470843792,1.119255781173706,0.635,0.005,0.36,0.36,16.705,0.6801530612244897,0.031216542617809945,-0.14454081632653062,0.046123994755544115,0.05,0.690204081632653,0.044719830943092884,-0.13448979591836735,0.06043397722794907,0.05,0.505,1.49,scratch,dino_paper_late,200
82,0,0.62,0.985,0.985,0.98,4.405,4.445,4.485,0.015653319656848907,0.01176072470843792,1.178108811378479,0.625,0.005,0.37,0.37,16.705,0.6801530612244897,0.031216542617809945,-0.14454081632653062,0.046123994755544115,0.05,0.690204081632653,0.044719830943092884,-0.13448979591836735,0.06043397722794907,0.05,0.505,1.49,scratch,dino_paper_late,200
83,0,0.6,0.985,0.985,0.98,4.615,4.445,4.485,0.015653319656848907,0.01176072470843792,1.2019439935684204,0.605,0.005,0.39,0.39,16.705,0.6801530612244897,0.031216542617809945,-0.14454081632653062,0.046123994755544115,0.05,0.690204081632653,0.044719830943092884,-0.13448979591836735,0.06043397722794907,0.05,0.505,1.49,scratch,dino_paper_late,200
84,0,0.595,0.985,0.985,0.98,4.61,4.445,4.485,0.015653319656848907,0.01176072470843792,1.2063584327697754,0.6,0.005,0.395,0.395,16.705,0.6801530612244897,0.031216542617809945,-0.14454081632653062,0.046123994755544115,0.05,0.690204081632653,0.044719830943092884,-0.13448979591836735,0.06043397722794907,0.05,0.505,1.49,scratch,dino_paper_late,200
85,0,0.575,0.985,0.985,0.98,4.385,4.445,4.485,0.015653319656848907,0.01176072470843792,1.2383084297180176,0.58,0.005,0.415,0.415,16.705,0.6801530612244897,0.031216542617809945,-0.14454081632653062,0.046123994755544115,0.05,0.690204081632653,0.044719830943092884,-0.13448979591836735,0.06043397722794907,0.05,0.505,1.49,scratch,dino_paper_late,200
86,0,0.6,0.985,0.985,0.98,4.495,4.445,4.485,0.015653319656848907,0.01176072470843792,1.1636337041854858,0.605,0.005,0.39,0.39,16.705,0.6801530612244897,0.031216542617809945,-0.14454081632653062,0.046123994755544115,0.05,0.690204081632653,0.044719830943092884,-0.13448979591836735,0.06043397722794907,0.05,0.505,1.49,scratch,dino_paper_late,200
87,0,0.6,0.985,0.985,0.98,4.365,4.445,4.485,0.015653319656848907,0.01176072470843792,1.1975173950195312,0.605,0.005,0.39,0.39,16.705,0.6801530612244897,0.031216542617809945,-0.14454081632653062,0.046123994755544115,0.05,0.690204081632653,0.044719830943092884,-0.13448979591836735,0.06043397722794907,0.05,0.505,1.49,scratch,dino_paper_late,200
88,0,0.595,0.985,0.985,0.98,4.315,4.445,4.485,0.015653319656848907,0.01176072470843792,1.165454626083374,0.6,0.005,0.395,0.395,16.705,0.6801530612244897,0.031216542617809945,-0.14454081632653062,0.046123994755544115,0.05,0.690204081632653,0.044719830943092884,-0.13448979591836735,0.06043397722794907,0.05,0.505,1.49,scratch,dino_paper_late,200
89,0,0.605,0.985,0.985,0.98,4.41,4.445,4.485,0.015653319656848907,0.01176072470843792,1.1721595525741577,0.61,0.005,0.385,0.385,16.705,0.6801530612244897,0.031216542617809945,-0.14454081632653062,0.046123994755544115,0.05,0.690204081632653,0.044719830943092884,-0.13448979591836735,0.06043397722794907,0.05,0.505,1.49,scratch,dino_paper_late,200
90,0,0.61,0.985,0.985,0.98,4.385,4.445,4.485,0.015653319656848907,0.01176072470843792,1.1823779344558716,0.615,0.005,0.38,0.38,16.705,0.6801530612244897,0.031216542617809945,-0.14454081632653062,0.046123994755544115,0.05,0.690204081632653,0.044719830943092884,-0.13448979591836735,0.06043397722794907,0.05,0.505,1.49,scratch,dino_paper_late,200
91,0,0.605,0.985,0.985,0.98,4.47,4.445,4.485,0.015653319656848907,0.01176072470843792,1.1741280555725098,0.61,0.005,0.385,0.385,16.705,0.6801530612244897,0.031216542617809945,-0.14454081632653062,0.046123994755544115,0.05,0.690204081632653,0.044719830943092884,-0.13448979591836735,0.06043397722794907,0.05,0.505,1.49,scratch,dino_paper_late,200
92,0,0.605,0.985,0.985,0.98,4.6,4.445,4.485,0.015653319656848907,0.01176072470843792,1.164772629737854,0.61,0.005,0.385,0.385,16.705,0.6801530612244897,0.031216542617809945,-0.14454081632653062,0.046123994755544115,0.05,0.690204081632653,0.044719830943092884,-0.13448979591836735,0.06043397722794907,0.05,0.505,1.49,scratch,dino_paper_late,200
93,0,0.615,0.985,0.985,0.98,4.555,4.445,4.485,0.015653319656848907,0.01176072470843792,1.1513828039169312,0.62,0.005,0.375,0.375,16.705,0.6801530612244897,0.031216542617809945,-0.14454081632653062,0.046123994755544115,0.05,0.690204081632653,0.044719830943092884,-0.13448979591836735,0.06043397722794907,0.05,0.505,1.49,scratch,dino_paper_late,200
94,0,0.62,0.985,0.985,0.98,4.62,4.445,4.485,0.015653319656848907,0.01176072470843792,1.147270917892456,0.625,0.005,0.37,0.37,16.705,0.6801530612244897,0.031216542617809945,-0.14454081632653062,0.046123994755544115,0.05,0.690204081632653,0.044719830943092884,-0.13448979591836735,0.06043397722794907,0.05,0.505,1.49,scratch,dino_paper_late,200
95,0,0.62,0.985,0.985,0.98,4.6,4.445,4.485,0.015653319656848907,0.01176072470843792,1.1575720310211182,0.625,0.005,0.37,0.37,16.705,0.6801530612244897,0.031216542617809945,-0.14454081632653062,0.046123994755544115,0.05,0.690204081632653,0.044719830943092884,-0.13448979591836735,0.06043397722794907,0.05,0.505,1.49,scratch,dino_paper_late,200
96,0,0.605,0.985,0.985,0.98,4.525,4.445,4.485,0.015653319656848907,0.01176072470843792,1.16472589969635,0.61,0.005,0.385,0.385,16.705,0.6801530612244897,0.031216542617809945,-0.14454081632653062,0.046123994755544115,0.05,0.690204081632653,0.044719830943092884,-0.13448979591836735,0.06043397722794907,0.05,0.505,1.49,scratch,dino_paper_late,200
97,0,0.61,0.985,0.985,0.98,4.51,4.445,4.485,0.015653319656848907,0.01176072470843792,1.168139934539795,0.615,0.005,0.38,0.38,16.705,0.6801530612244897,0.031216542617809945,-0.14454081632653062,0.046123994755544115,0.05,0.690204081632653,0.044719830943092884,-0.13448979591836735,0.06043397722794907,0.05,0.505,1.49,scratch,dino_paper_late,200
98,0,0.605,0.985,0.985,0.98,4.475,4.445,4.485,0.015653319656848907,0.01176072470843792,1.1692508459091187,0.61,0.005,0.385,0.385,16.705,0.6801530612244897,0.031216542617809945,-0.14454081632653062,0.046123994755544115,0.05,0.690204081632653,0.044719830943092884,-0.13448979591836735,0.06043397722794907,0.05,0.505,1.49,scratch,dino_paper_late,200
99,0,0.61,0.985,0.985,0.98,4.53,4.445,4.485,0.015653319656848907,0.01176072470843792,1.1675013303756714,0.615,0.005,0.38,0.38,16.705,0.6801530612244897,0.031216542617809945,-0.14454081632653062,0.046123994755544115,0.05,0.690204081632653,0.044719830943092884,-0.13448979591836735,0.06043397722794907,0.05,0.505,1.49,scratch,dino_paper_late,200
100,0,0.61,0.985,0.985,0.98,4.51,4.445,4.485,0.015653319656848907,0.01176072470843792,1.170888900756836,0.615,0.005,0.38,0.38,16.705,0.6801530612244897,0.031216542617809945,-0.14454081632653062,0.046123994755544115,0.05,0.690204081632653,0.044719830943092884,-0.13448979591836735,0.06043397722794907,0.05,0.505,1.49,scratch,dino_paper_late,200
0,0,0.085,0.985,0.97,0.98,5.92,4.445,4.445,0.03774792328476906,0.01176072470843792,1.8246694803237915,0.09,0.02,0.9,0.885,10.0,0.6801530612244897,0.031216542617809945,-0.14454081632653062,0.046123994755544115,0.05,0.7094897959183674,0.14498520387840916,-0.11520408163265305,0.15272720234817824,0.05,0.28,3.155,scratch,dino_random_rescue_10,200
1,0,0.26,0.985,0.97,0.98,5.035,4.445,4.445,0.03774792328476906,0.01176072470843792,1.5429115295410156,0.26,0.02,0.725,0.71,10.0,0.6801530612244897,0.031216542617809945,-0.14454081632653062,0.046123994755544115,0.05,0.7094897959183674,0.14498520387840916,-0.11520408163265305,0.15272720234817824,0.05,0.28,3.155,scratch,dino_random_rescue_10,200
2,0,0.3,0.985,0.97,0.98,4.47,4.445,4.445,0.03774792328476906,0.01176072470843792,1.4270503520965576,0.305,0.02,0.685,0.665,10.0,0.6801530612244897,0.031216542617809945,-0.14454081632653062,0.046123994755544115,0.05,0.7094897959183674,0.14498520387840916,-0.11520408163265305,0.15272720234817824,0.05,0.28,3.155,scratch,dino_random_rescue_10,200
3,0,0.38,0.985,0.97,0.98,4.11,4.445,4.445,0.03774792328476906,0.01176072470843792,1.3647141456604004,0.375,0.02,0.61,0.59,10.0,0.6801530612244897,0.031216542617809945,-0.14454081632653062,0.046123994755544115,0.05,0.7094897959183674,0.14498520387840916,-0.11520408163265305,0.15272720234817824,0.05,0.28,3.155,scratch,dino_random_rescue_10,200
4,0,0.385,0.985,0.97,0.98,4.22,4.445,4.445,0.03774792328476906,0.01176072470843792,1.4132530689239502,0.39,0.02,0.6,0.58,10.0,0.6801530612244897,0.031216542617809945,-0.14454081632653062,0.046123994755544115,0.05,0.7094897959183674,0.14498520387840916,-0.11520408163265305,0.15272720234817824,0.05,0.28,3.155,scratch,dino_random_rescue_10,200
5,0,0.38,0.985,0.97,0.98,4.48,4.445,4.445,0.03774792328476906,0.01176072470843792,1.2960702180862427,0.385,0.02,0.605,0.585,10.0,0.6801530612244897,0.031216542617809945,-0.14454081632653062,0.046123994755544115,0.05,0.7094897959183674,0.14498520387840916,-0.11520408163265305,0.15272720234817824,0.05,0.28,3.155,scratch,dino_random_rescue_10,200
6,0,0.41,0.985,0.97,0.98,4.905,4.445,4.445,0.03774792328476906,0.01176072470843792,1.2719646692276,0.415,0.02,0.575,0.56,10.0,0.6801530612244897,0.031216542617809945,-0.14454081632653062,0.046123994755544115,0.05,0.7094897959183674,0.14498520387840916,-0.11520408163265305,0.15272720234817824,0.05,0.28,3.155,scratch,dino_random_rescue_10,200
7,0,0.455,0.985,0.97,0.98,4.69,4.445,4.445,0.03774792328476906,0.01176072470843792,1.139782428741455,0.465,0.02,0.53,0.515,10.0,0.6801530612244897,0.031216542617809945,-0.14454081632653062,0.046123994755544115,0.05,0.7094897959183674,0.14498520387840916,-0.11520408163265305,0.15272720234817824,0.05,0.28,3.155,scratch,dino_random_rescue_10,200
8,0,0.46,0.985,0.97,0.98,5.2,4.445,4.445,0.03774792328476906,0.01176072470843792,1.1833643913269043,0.46,0.02,0.53,0.51,10.0,0.6801530612244897,0.031216542617809945,-0.14454081632653062,0.046123994755544115,0.05,0.7094897959183674,0.14498520387840916,-0.11520408163265305,0.15272720234817824,0.05,0.28,3.155,scratch,dino_random_rescue_10,200
9,0,0.47,0.985,0.97,0.98,4.44,4.445,4.445,0.03774792328476906,0.01176072470843792,1.1342238187789917,0.48,0.02,0.515,0.5,10.0,0.6801530612244897,0.031216542617809945,-0.14454081632653062,0.046123994755544115,0.05,0.7094897959183674,0.14498520387840916,-0.11520408163265305,0.15272720234817824,0.05,0.28,3.155,scratch,dino_random_rescue_10,200
10,0,0.48,0.985,0.97,0.98,4.385,4.445,4.445,0.03774792328476906,0.01176072470843792,1.130712866783142,0.485,0.02,0.51,0.49,10.0,0.6801530612244897,0.031216542617809945,-0.14454081632653062,0.046123994755544115,0.05,0.7094897959183674,0.14498520387840916,-0.11520408163265305,0.15272720234817824,0.05,0.28,3.155,scratch,dino_random_rescue_10,200
11,0,0.475,0.985,0.97,0.98,5.6,4.445,4.445,0.03774792328476906,0.01176072470843792,1.1226102113723755,0.48,0.02,0.51,0.495,10.0,0.6801530612244897,0.031216542617809945,-0.14454081632653062,0.046123994755544115,0.05,0.7094897959183674,0.14498520387840916,-0.11520408163265305,0.15272720234817824,0.05,0.28,3.155,scratch,dino_random_rescue_10,200
12,0,0.505,0.985,0.97,0.98,4.165,4.445,4.445,0.03774792328476906,0.01176072470843792,1.0466347932815552,0.505,0.02,0.485,0.47,10.0,0.6801530612244897,0.031216542617809945,-0.14454081632653062,0.046123994755544115,0.05,0.7094897959183674,0.14498520387840916,-0.11520408163265305,0.15272720234817824,0.05,0.28,3.155,scratch,dino_random_rescue_10,200
13,0,0.495,0.985,0.97,0.98,4.44,4.445,4.445,0.03774792328476906,0.01176072470843792,1.0367670059204102,0.5,0.02,0.49,0.47,10.0,0.6801530612244897,0.031216542617809945,-0.14454081632653062,0.046123994755544115,0.05,0.7094897959183674,0.14498520387840916,-0.11520408163265305,0.15272720234817824,0.05,0.28,3.155,scratch,dino_random_rescue_10,200
14,0,0.505,0.985,0.97,0.98,4.34,4.445,4.445,0.03774792328476906,0.01176072470843792,1.0403958559036255,0.51,0.02,0.48,0.465,10.0,0.6801530612244897,0.031216542617809945,-0.14454081632653062,0.046123994755544115,0.05,0.7094897959183674,0.14498520387840916,-0.11520408163265305,0.15272720234817824,0.05,0.28,3.155,scratch,dino_random_rescue_10,200
15,0,0.555,0.985,0.97,0.98,4.72,4.445,4.445,0.03774792328476906,0.01176072470843792,0.9769549369812012,0.565,0.02,0.43,0.41,10.0,0.6801530612244897,0.031216542617809945,-0.14454081632653062,0.046123994755544115,0.05,0.7094897959183674,0.14498520387840916,-0.11520408163265305,0.15272720234817824,0.05,0.28,3.155,scratch,dino_random_rescue_10,200
16,0,0.555,0.985,0.97,0.98,4.78,4.445,4.445,0.03774792328476906,0.01176072470843792,0.9781368970870972,0.56,0.02,0.435,0.415,10.0,0.6801530612244897,0.031216542617809945,-0.14454081632653062,0.046123994755544115,0.05,0.7094897959183674,0.14498520387840916,-0.11520408163265305,0.15272720234817824,0.05,0.28,3.155,scratch,dino_random_rescue_10,200
17,0,0.565,0.985,0.97,0.98,4.515,4.445,4.445,0.03774792328476906,0.01176072470843792,0.9395484924316406,0.565,0.02,0.425,0.405,10.0,0.6801530612244897,0.031216542617809945,-0.14454081632653062,0.046123994755544115,0.05,0.7094897959183674,0.14498520387840916,-0.11520408163265305,0.15272720234817824,0.05,0.28,3.155,scratch,dino_random_rescue_10,200
18,0,0.565,0.985,0.97,0.98,4.48,4.445,4.445,0.03774792328476906,0.01176072470843792,0.9363160729408264,0.57,0.02,0.42,0.4,10.0,0.6801530612244897,0.031216542617809945,-0.14454081632653062,0.046123994755544115,0.05,0.7094897959183674,0.14498520387840916,-0.11520408163265305,0.15272720234817824,0.05,0.28,3.155,scratch,dino_random_rescue_10,200
19,0,0.52,0.985,0.97,0.98,4.875,4.445,4.445,0.03774792328476906,0.01176072470843792,1.0144927501678467,0.53,0.02,0.465,0.445,10.0,0.6801530612244897,0.031216542617809945,-0.14454081632653062,0.046123994755544115,0.05,0.7094897959183674,0.14498520387840916,-0.11520408163265305,0.15272720234817824,0.05,0.28,3.155,scratch,dino_random_rescue_10,200
20,0,0.57,0.985,0.97,0.98,4.25,4.445,4.445,0.03774792328476906,0.01176072470843792,0.8952671885490417,0.57,0.02,0.42,0.405,10.0,0.6801530612244897,0.031216542617809945,-0.14454081632653062,0.046123994755544115,0.05,0.7094897959183674,0.14498520387840916,-0.11520408163265305,0.15272720234817824,0.05,0.28,3.155,scratch,dino_random_rescue_10,200
21,0,0.57,0.985,0.97,0.98,4.85,4.445,4.445,0.03774792328476906,0.01176072470843792,0.9472677707672119,0.58,0.02,0.415,0.4,10.0,0.6801530612244897,0.031216542617809945,-0.14454081632653062,0.046123994755544115,0.05,0.7094897959183674,0.14498520387840916,-0.11520408163265305,0.15272720234817824,0.05,0.28,3.155,scratch,dino_random_rescue_10,200
22,0,0.57,0.985,0.97,0.98,4.585,4.445,4.445,0.03774792328476906,0.01176072470843792,0.9330024719238281,0.58,0.02,0.415,0.395,10.0,0.6801530612244897,0.031216542617809945,-0.14454081632653062,0.046123994755544115,0.05,0.7094897959183674,0.14498520387840916,-0.11520408163265305,0.15272720234817824,0.05,0.28,3.155,scratch,dino_random_rescue_10,200
23,0,0.56,0.985,0.97,0.98,4.185,4.445,4.445,0.03774792328476906,0.01176072470843792,0.9760740399360657,0.56,0.02,0.43,0.41,10.0,0.6801530612244897,0.031216542617809945,-0.14454081632653062,0.046123994755544115,0.05,0.7094897959183674,0.14498520387840916,-0.11520408163265305,0.15272720234817824,0.05,0.28,3.155,scratch,dino_random_rescue_10,200
24,0,0.54,0.985,0.97,0.98,5.18,4.445,4.445,0.03774792328476906,0.01176072470843792,1.0332368612289429,0.54,0.02,0.45,0.43,10.0,0.6801530612244897,0.031216542617809945,-0.14454081632653062,0.046123994755544115,0.05,0.7094897959183674,0.14498520387840916,-0.11520408163265305,0.15272720234817824,0.05,0.28,3.155,scratch,dino_random_rescue_10,200
25,0,0.625,0.985,0.97,0.98,4.6,4.445,4.445,0.03774792328476906,0.01176072470843792,0.8760136365890503,0.63,0.02,0.365,0.35,10.0,0.6801530612244897,0.031216542617809945,-0.14454081632653062,0.046123994755544115,0.05,0.7094897959183674,0.14498520387840916,-0.11520408163265305,0.15272720234817824,0.05,0.28,3.155,scratch,dino_random_rescue_10,200
26,0,0.605,0.985,0.97,0.98,4.52,4.445,4.445,0.03774792328476906,0.01176072470843792,0.9875662326812744,0.61,0.02,0.385,0.365,10.0,0.6801530612244897,0.031216542617809945,-0.14454081632653062,0.046123994755544115,0.05,0.7094897959183674,0.14498520387840916,-0.11520408163265305,0.15272720234817824,0.05,0.28,3.155,scratch,dino_random_rescue_10,200
27,0,0.595,0.985,0.97,0.98,4.345,4.445,4.445,0.03774792328476906,0.01176072470843792,0.9732035994529724,0.61,0.02,0.39,0.37,10.0,0.6801530612244897,0.031216542617809945,-0.14454081632653062,0.046123994755544115,0.05,0.7094897959183674,0.14498520387840916,-0.11520408163265305,0.15272720234817824,0.05,0.28,3.155,scratch,dino_random_rescue_10,200
28,0,0.565,0.985,0.97,0.98,4.54,4.445,4.445,0.03774792328476906,0.01176072470843792,0.9888865947723389,0.57,0.02,0.425,0.405,10.0,0.6801530612244897,0.031216542617809945,-0.14454081632653062,0.046123994755544115,0.05,0.7094897959183674,0.14498520387840916,-0.11520408163265305,0.15272720234817824,0.05,0.28,3.155,scratch,dino_random_rescue_10,200
29,0,0.575,0.985,0.97,0.98,4.555,4.445,4.445,0.03774792328476906,0.01176072470843792,0.941475510597229,0.58,0.02,0.415,0.395,10.0,0.6801530612244897,0.031216542617809945,-0.14454081632653062,0.046123994755544115,0.05,0.7094897959183674,0.14498520387840916,-0.11520408163265305,0.15272720234817824,0.05,0.28,3.155,scratch,dino_random_rescue_10,200
30,0,0.6,0.985,0.97,0.98,4.3,4.445,4.445,0.03774792328476906,0.01176072470843792,0.9677523970603943,0.605,0.02,0.39,0.37,10.0,0.6801530612244897,0.031216542617809945,-0.14454081632653062,0.046123994755544115,0.05,0.7094897959183674,0.14498520387840916,-0.11520408163265305,0.15272720234817824,0.05,0.28,3.155,scratch,dino_random_rescue_10,200
31,0,0.6,0.985,0.97,0.98,4.49,4.445,4.445,0.03774792328476906,0.01176072470843792,0.9393298625946045,0.605,0.02,0.39,0.375,10.0,0.6801530612244897,0.031216542617809945,-0.14454081632653062,0.046123994755544115,0.05,0.7094897959183674,0.14498520387840916,-0.11520408163265305,0.15272720234817824,0.05,0.28,3.155,scratch,dino_random_rescue_10,200
32,0,0.6,0.985,0.97,0.98,4.08,4.445,4.445,0.03774792328476906,0.01176072470843792,0.9916384220123291,0.605,0.02,0.39,0.375,10.0,0.6801530612244897,0.031216542617809945,-0.14454081632653062,0.046123994755544115,0.05,0.7094897959183674,0.14498520387840916,-0.11520408163265305,0.15272720234817824,0.05,0.28,3.155,scratch,dino_random_rescue_10,200
33,0,0.585,0.985,0.97,0.98,4.575,4.445,4.445,0.03774792328476906,0.01176072470843792,1.069716215133667,0.575,0.02,0.41,0.395,10.0,0.6801530612244897,0.031216542617809945,-0.14454081632653062,0.046123994755544115,0.05,0.7094897959183674,0.14498520387840916,-0.11520408163265305,0.15272720234817824,0.05,0.28,3.155,scratch,dino_random_rescue_10,200
34,0,0.6,0.985,0.97,0.98,4.475,4.445,4.445,0.03774792328476906,0.01176072470843792,1.0494475364685059,0.6,0.02,0.39,0.37,10.0,0.6801530612244897,0.031216542617809945,-0.14454081632653062,0.046123994755544115,0.05,0.7094897959183674,0.14498520387840916,-0.11520408163265305,0.15272720234817824,0.05,0.28,3.155,scratch,dino_random_rescue_10,200
35,0,0.585,0.985,0.97,0.98,4.565,4.445,4.445,0.03774792328476906,0.01176072470843792,1.0795475244522095,0.585,0.02,0.405,0.39,10.0,0.6801530612244897,0.031216542617809945,-0.14454081632653062,0.046123994755544115,0.05,0.7094897959183674,0.14498520387840916,-0.11520408163265305,0.15272720234817824,0.05,0.28,3.155,scratch,dino_random_rescue_10,200
36,0,0.59,0.985,0.97,0.98,4.38,4.445,4.445,0.03774792328476906,0.01176072470843792,1.024789571762085,0.595,0.02,0.4,0.38,10.0,0.6801530612244897,0.031216542617809945,-0.14454081632653062,0.046123994755544115,0.05,0.7094897959183674,0.14498520387840916,-0.11520408163265305,0.15272720234817824,0.05,0.28,3.155,scratch,dino_random_rescue_10,200
37,0,0.595,0.985,0.97,0.98,4.625,4.445,4.445,0.03774792328476906,0.01176072470843792,1.0216400623321533,0.59,0.02,0.395,0.38,10.0,0.6801530612244897,0.031216542617809945,-0.14454081632653062,0.046123994755544115,0.05,0.7094897959183674,0.14498520387840916,-0.11520408163265305,0.15272720234817824,0.05,0.28,3.155,scratch,dino_random_rescue_10,200
38,0,0.595,0.985,0.97,0.98,4.54,4.445,4.445,0.03774792328476906,0.01176072470843792,1.0470303297042847,0.6,0.02,0.395,0.38,10.0,0.6801530612244897,0.031216542617809945,-0.14454081632653062,0.046123994755544115,0.05,0.7094897959183674,0.14498520387840916,-0.11520408163265305,0.15272720234817824,0.05,0.28,3.155,scratch,dino_random_rescue_10,200
39,0,0.635,0.985,0.97,0.98,4.49,4.445,4.445,0.03774792328476906,0.01176072470843792,0.9559071063995361,0.64,0.02,0.355,0.34,10.0,0.6801530612244897,0.031216542617809945,-0.14454081632653062,0.046123994755544115,0.05,0.7094897959183674,0.14498520387840916,-0.11520408163265305,0.15272720234817824,0.05,0.28,3.155,scratch,dino_random_rescue_10,200
40,0,0.585,0.985,0.97,0.98,4.475,4.445,4.445,0.03774792328476906,0.01176072470843792,1.0233888626098633,0.59,0.02,0.405,0.385,10.0,0.6801530612244897,0.031216542617809945,-0.14454081632653062,0.046123994755544115,0.05,0.7094897959183674,0.14498520387840916,-0.11520408163265305,0.15272720234817824,0.05,0.28,3.155,scratch,dino_random_rescue_10,200
41,0,0.59,0.985,0.97,0.98,4.18,4.445,4.445,0.03774792328476906,0.01176072470843792,1.10589599609375,0.595,0.02,0.4,0.38,10.0,0.6801530612244897,0.031216542617809945,-0.14454081632653062,0.046123994755544115,0.05,0.7094897959183674,0.14498520387840916,-0.11520408163265305,0.15272720234817824,0.05,0.28,3.155,scratch,dino_random_rescue_10,200
42,0,0.575,0.985,0.97,0.98,4.505,4.445,4.445,0.03774792328476906,0.01176072470843792,1.1164129972457886,0.575,0.02,0.415,0.4,10.0,0.6801530612244897,0.031216542617809945,-0.14454081632653062,0.046123994755544115,0.05,0.7094897959183674,0.14498520387840916,-0.11520408163265305,0.15272720234817824,0.05,0.28,3.155,scratch,dino_random_rescue_10,200
43,0,0.615,0.985,0.97,0.98,4.65,4.445,4.445,0.03774792328476906,0.01176072470843792,1.0594713687896729,0.615,0.02,0.375,0.36,10.0,0.6801530612244897,0.031216542617809945,-0.14454081632653062,0.046123994755544115,0.05,0.7094897959183674,0.14498520387840916,-0.11520408163265305,0.15272720234817824,0.05,0.28,3.155,scratch,dino_random_rescue_10,200
44,0,0.62,0.985,0.97,0.98,4.765,4.445,4.445,0.03774792328476906,0.01176072470843792,1.1381760835647583,0.61,0.02,0.375,0.36,10.0,0.6801530612244897,0.031216542617809945,-0.14454081632653062,0.046123994755544115,0.05,0.7094897959183674,0.14498520387840916,-0.11520408163265305,0.15272720234817824,0.05,0.28,3.155,scratch,dino_random_rescue_10,200
45,0,0.58,0.985,0.97,0.98,4.305,4.445,4.445,0.03774792328476906,0.01176072470843792,1.1305099725723267,0.575,0.02,0.415,0.395,10.0,0.6801530612244897,0.031216542617809945,-0.14454081632653062,0.046123994755544115,0.05,0.7094897959183674,0.14498520387840916,-0.11520408163265305,0.15272720234817824,0.05,0.28,3.155,scratch,dino_random_rescue_10,200
46,0,0.605,0.985,0.97,0.98,4.53,4.445,4.445,0.03774792328476906,0.01176072470843792,1.0669379234313965,0.6,0.02,0.39,0.37,10.0,0.6801530612244897,0.031216542617809945,-0.14454081632653062,0.046123994755544115,0.05,0.7094897959183674,0.14498520387840916,-0.11520408163265305,0.15272720234817824,0.05,0.28,3.155,scratch,dino_random_rescue_10,200
47,0,0.62,0.985,0.97,0.98,4.355,4.445,4.445,0.03774792328476906,0.01176072470843792,1.133705735206604,0.61,0.02,0.375,0.355,10.0,0.6801530612244897,0.031216542617809945,-0.14454081632653062,0.046123994755544115,0.05,0.7094897959183674,0.14498520387840916,-0.11520408163265305,0.15272720234817824,0.05,0.28,3.155,scratch,dino_random_rescue_10,200
48,0,0.59,0.985,0.97,0.98,4.435,4.445,4.445,0.03774792328476906,0.01176072470843792,1.1174263954162598,0.595,0.02,0.4,0.385,10.0,0.6801530612244897,0.031216542617809945,-0.14454081632653062,0.046123994755544115,0.05,0.7094897959183674,0.14498520387840916,-0.11520408163265305,0.15272720234817824,0.05,0.28,3.155,scratch,dino_random_rescue_10,200
49,0,0.605,0.985,0.97,0.98,4.41,4.445,4.445,0.03774792328476906,0.01176072470843792,1.087347388267517,0.6,0.02,0.39,0.37,10.0,0.6801530612244897,0.031216542617809945,-0.14454081632653062,0.046123994755544115,0.05,0.7094897959183674,0.14498520387840916,-0.11520408163265305,0.15272720234817824,0.05,0.28,3.155,scratch,dino_random_rescue_10,200
50,0,0.625,0.985,0.97,0.98,4.435,4.445,4.445,0.03774792328476906,0.01176072470843792,1.1308395862579346,0.62,0.02,0.37,0.36,10.0,0.6801530612244897,0.031216542617809945,-0.14454081632653062,0.046123994755544115,0.05,0.7094897959183674,0.14498520387840916,-0.11520408163265305,0.15272720234817824,0.05,0.28,3.155,scratch,dino_random_rescue_10,200
51,0,0.605,0.985,0.97,0.98,4.36,4.445,4.445,0.03774792328476906,0.01176072470843792,1.136252999305725,0.61,0.02,0.385,0.365,10.0,0.6801530612244897,0.031216542617809945,-0.14454081632653062,0.046123994755544115,0.05,0.7094897959183674,0.14498520387840916,-0.11520408163265305,0.15272720234817824,0.05,0.28,3.155,scratch,dino_random_rescue_10,200
52,0,0.61,0.985,0.97,0.98,4.405,4.445,4.445,0.03774792328476906,0.01176072470843792,1.1211611032485962,0.605,0.02,0.385,0.37,10.0,0.6801530612244897,0.031216542617809945,-0.14454081632653062,0.046123994755544115,0.05,0.7094897959183674,0.14498520387840916,-0.11520408163265305,0.15272720234817824,0.05,0.28,3.155,scratch,dino_random_rescue_10,200
53,0,0.61,0.985,0.97,0.98,4.35,4.445,4.445,0.03774792328476906,0.01176072470843792,1.2737284898757935,0.595,0.02,0.39,0.37,10.0,0.6801530612244897,0.031216542617809945,-0.14454081632653062,0.046123994755544115,0.05,0.7094897959183674,0.14498520387840916,-0.11520408163265305,0.15272720234817824,0.05,0.28,3.155,scratch,dino_random_rescue_10,200
54,0,0.585,0.985,0.97,0.98,4.38,4.445,4.445,0.03774792328476906,0.01176072470843792,1.220827341079712,0.585,0.02,0.405,0.385,10.0,0.6801530612244897,0.031216542617809945,-0.14454081632653062,0.046123994755544115,0.05,0.7094897959183674,0.14498520387840916,-0.11520408163265305,0.15272720234817824,0.05,0.28,3.155,scratch,dino_random_rescue_10,200
55,0,0.6,0.985,0.97,0.98,4.515,4.445,4.445,0.03774792328476906,0.01176072470843792,1.223321557044983,0.61,0.02,0.385,0.375,10.0,0.6801530612244897,0.031216542617809945,-0.14454081632653062,0.046123994755544115,0.05,0.7094897959183674,0.14498520387840916,-0.11520408163265305,0.15272720234817824,0.05,0.28,3.155,scratch,dino_random_rescue_10,200
56,0,0.59,0.985,0.97,0.98,4.585,4.445,4.445,0.03774792328476906,0.01176072470843792,1.3048467636108398,0.58,0.02,0.405,0.385,10.0,0.6801530612244897,0.031216542617809945,-0.14454081632653062,0.046123994755544115,0.05,0.7094897959183674,0.14498520387840916,-0.11520408163265305,0.15272720234817824,0.05,0.28,3.155,scratch,dino_random_rescue_10,200
57,0,0.63,0.985,0.97,0.98,4.275,4.445,4.445,0.03774792328476906,0.01176072470843792,1.210340976715088,0.63,0.02,0.36,0.345,10.0,0.6801530612244897,0.031216542617809945,-0.14454081632653062,0.046123994755544115,0.05,0.7094897959183674,0.14498520387840916,-0.11520408163265305,0.15272720234817824,0.05,0.28,3.155,scratch,dino_random_rescue_10,200
58,0,0.595,0.985,0.97,0.98,4.635,4.445,4.445,0.03774792328476906,0.01176072470843792,1.2199864387512207,0.59,0.02,0.4,0.385,10.0,0.6801530612244897,0.031216542617809945,-0.14454081632653062,0.046123994755544115,0.05,0.7094897959183674,0.14498520387840916,-0.11520408163265305,0.15272720234817824,0.05,0.28,3.155,scratch,dino_random_rescue_10,200
59,0,0.585,0.985,0.97,0.98,4.36,4.445,4.445,0.03774792328476906,0.01176072470843792,1.2050360441207886,0.6,0.02,0.4,0.385,10.0,0.6801530612244897,0.031216542617809945,-0.14454081632653062,0.046123994755544115,0.05,0.7094897959183674,0.14498520387840916,-0.11520408163265305,0.15272720234817824,0.05,0.28,3.155,scratch,dino_random_rescue_10,200
60,0,0.595,0.985,0.97,0.98,4.485,4.445,4.445,0.03774792328476906,0.01176072470843792,1.1684880256652832,0.6,0.02,0.395,0.375,10.0,0.6801530612244897,0.031216542617809945,-0.14454081632653062,0.046123994755544115,0.05,0.7094897959183674,0.14498520387840916,-0.11520408163265305,0.15272720234817824,0.05,0.28,3.155,scratch,dino_random_rescue_10,200
61,0,0.6,0.985,0.97,0.98,4.37,4.445,4.445,0.03774792328476906,0.01176072470843792,1.2395533323287964,0.61,0.02,0.385,0.37,10.0,0.6801530612244897,0.031216542617809945,-0.14454081632653062,0.046123994755544115,0.05,0.7094897959183674,0.14498520387840916,-0.11520408163265305,0.15272720234817824,0.05,0.28,3.155,scratch,dino_random_rescue_10,200
62,0,0.635,0.985,0.97,0.98,4.22,4.445,4.445,0.03774792328476906,0.01176072470843792,1.1738121509552002,0.64,0.02,0.355,0.34,10.0,0.6801530612244897,0.031216542617809945,-0.14454081632653062,0.046123994755544115,0.05,0.7094897959183674,0.14498520387840916,-0.11520408163265305,0.15272720234817824,0.05,0.28,3.155,scratch,dino_random_rescue_10,200
63,0,0.595,0.985,0.97,0.98,4.625,4.445,4.445,0.03774792328476906,0.01176072470843792,1.2292050123214722,0.59,0.02,0.4,0.385,10.0,0.6801530612244897,0.031216542617809945,-0.14454081632653062,0.046123994755544115,0.05,0.7094897959183674,0.14498520387840916,-0.11520408163265305,0.15272720234817824,0.05,0.28,3.155,scratch,dino_random_rescue_10,200
64,0,0.61,0.985,0.97,0.98,4.54,4.445,4.445,0.03774792328476906,0.01176072470843792,1.1918469667434692,0.615,0.02,0.38,0.365,10.0,0.6801530612244897,0.031216542617809945,-0.14454081632653062,0.046123994755544115,0.05,0.7094897959183674,0.14498520387840916,-0.11520408163265305,0.15272720234817824,0.05,0.28,3.155,scratch,dino_random_rescue_10,200
65,0,0.585,0.985,0.97,0.98,4.655,4.445,4.445,0.03774792328476906,0.01176072470843792,1.2793821096420288,0.58,0.02,0.405,0.39,10.0,0.6801530612244897,0.031216542617809945,-0.14454081632653062,0.046123994755544115,0.05,0.7094897959183674,0.14498520387840916,-0.11520408163265305,0.15272720234817824,0.05,0.28,3.155,scratch,dino_random_rescue_10,200
66,0,0.62,0.985,0.97,0.98,4.29,4.445,4.445,0.03774792328476906,0.01176072470843792,1.188315987586975,0.625,0.02,0.37,0.355,10.0,0.6801530612244897,0.031216542617809945,-0.14454081632653062,0.046123994755544115,0.05,0.7094897959183674,0.14498520387840916,-0.11520408163265305,0.15272720234817824,0.05,0.28,3.155,scratch,dino_random_rescue_10,200
67,0,0.59,0.985,0.97,0.98,4.605,4.445,4.445,0.03774792328476906,0.01176072470843792,1.2367290258407593,0.595,0.02,0.4,0.385,10.0,0.6801530612244897,0.031216542617809945,-0.14454081632653062,0.046123994755544115,0.05,0.7094897959183674,0.14498520387840916,-0.11520408163265305,0.15272720234817824,0.05,0.28,3.155,scratch,dino_random_rescue_10,200
68,0,0.575,0.985,0.97,0.98,4.295,4.445,4.445,0.03774792328476906,0.01176072470843792,1.2313390970230103,0.58,0.02,0.415,0.4,10.0,0.6801530612244897,0.031216542617809945,-0.14454081632653062,0.046123994755544115,0.05,0.7094897959183674,0.14498520387840916,-0.11520408163265305,0.15272720234817824,0.05,0.28,3.155,scratch,dino_random_rescue_10,200
69,0,0.585,0.985,0.97,0.98,4.515,4.445,4.445,0.03774792328476906,0.01176072470843792,1.2467617988586426,0.585,0.02,0.405,0.395,10.0,0.6801530612244897,0.031216542617809945,-0.14454081632653062,0.046123994755544115,0.05,0.7094897959183674,0.14498520387840916,-0.11520408163265305,0.15272720234817824,0.05,0.28,3.155,scratch,dino_random_rescue_10,200
70,0,0.605,0.985,0.97,0.98,4.425,4.445,4.445,0.03774792328476906,0.01176072470843792,1.2335922718048096,0.6,0.02,0.39,0.375,10.0,0.6801530612244897,0.031216542617809945,-0.14454081632653062,0.046123994755544115,0.05,0.7094897959183674,0.14498520387840916,-0.11520408163265305,0.15272720234817824,0.05,0.28,3.155,scratch,dino_random_rescue_10,200
71,0,0.625,0.985,0.97,0.98,4.37,4.445,4.445,0.03774792328476906,0.01176072470843792,1.1762640476226807,0.63,0.02,0.365,0.35,10.0,0.6801530612244897,0.031216542617809945,-0.14454081632653062,0.046123994755544115,0.05,0.7094897959183674,0.14498520387840916,-0.11520408163265305,0.15272720234817824,0.05,0.28,3.155,scratch,dino_random_rescue_10,200
72,0,0.62,0.985,0.97,0.98,4.675,4.445,4.445,0.03774792328476906,0.01176072470843792,1.209152102470398,0.615,0.02,0.375,0.36,10.0,0.6801530612244897,0.031216542617809945,-0.14454081632653062,0.046123994755544115,0.05,0.7094897959183674,0.14498520387840916,-0.11520408163265305,0.15272720234817824,0.05,0.28,3.155,scratch,dino_random_rescue_10,200
73,0,0.615,0.985,0.97,0.98,4.46,4.445,4.445,0.03774792328476906,0.01176072470843792,1.224005103111267,0.62,0.02,0.375,0.36,10.0,0.6801530612244897,0.031216542617809945,-0.14454081632653062,0.046123994755544115,0.05,0.7094897959183674,0.14498520387840916,-0.11520408163265305,0.15272720234817824,0.05,0.28,3.155,scratch,dino_random_rescue_10,200
74,0,0.615,0.985,0.97,0.98,4.305,4.445,4.445,0.03774792328476906,0.01176072470843792,1.226938247680664,0.61,0.02,0.38,0.365,10.0,0.6801530612244897,0.031216542617809945,-0.14454081632653062,0.046123994755544115,0.05,0.7094897959183674,0.14498520387840916,-0.11520408163265305,0.15272720234817824,0.05,0.28,3.155,scratch,dino_random_rescue_10,200
75,0,0.59,0.985,0.97,0.98,4.43,4.445,4.445,0.03774792328476906,0.01176072470843792,1.258076786994934,0.595,0.02,0.4,0.385,10.0,0.6801530612244897,0.031216542617809945,-0.14454081632653062,0.046123994755544115,0.05,0.7094897959183674,0.14498520387840916,-0.11520408163265305,0.15272720234817824,0.05,0.28,3.155,scratch,dino_random_rescue_10,200
76,0,0.6,0.985,0.97,0.98,4.64,4.445,4.445,0.03774792328476906,0.01176072470843792,1.2549442052841187,0.605,0.02,0.39,0.375,10.0,0.6801530612244897,0.031216542617809945,-0.14454081632653062,0.046123994755544115,0.05,0.7094897959183674,0.14498520387840916,-0.11520408163265305,0.15272720234817824,0.05,0.28,3.155,scratch,dino_random_rescue_10,200
77,0,0.595,0.985,0.97,0.98,4.24,4.445,4.445,0.03774792328476906,0.01176072470843792,1.2409896850585938,0.6,0.02,0.395,0.38,10.0,0.6801530612244897,0.031216542617809945,-0.14454081632653062,0.046123994755544115,0.05,0.7094897959183674,0.14498520387840916,-0.11520408163265305,0.15272720234817824,0.05,0.28,3.155,scratch,dino_random_rescue_10,200
78,0,0.595,0.985,0.97,0.98,4.385,4.445,4.445,0.03774792328476906,0.01176072470843792,1.2542774677276611,0.59,0.02,0.4,0.385,10.0,0.6801530612244897,0.031216542617809945,-0.14454081632653062,0.046123994755544115,0.05,0.7094897959183674,0.14498520387840916,-0.11520408163265305,0.15272720234817824,0.05,0.28,3.155,scratch,dino_random_rescue_10,200
79,0,0.605,0.985,0.97,0.98,4.465,4.445,4.445,0.03774792328476906,0.01176072470843792,1.2773820161819458,0.61,0.02,0.385,0.37,10.0,0.6801530612244897,0.031216542617809945,-0.14454081632653062,0.046123994755544115,0.05,0.7094897959183674,0.14498520387840916,-0.11520408163265305,0.15272720234817824,0.05,0.28,3.155,scratch,dino_random_rescue_10,200
80,0,0.6,0.985,0.97,0.98,4.72,4.445,4.445,0.03774792328476906,0.01176072470843792,1.2593330144882202,0.6,0.02,0.39,0.375,10.0,0.6801530612244897,0.031216542617809945,-0.14454081632653062,0.046123994755544115,0.05,0.7094897959183674,0.14498520387840916,-0.11520408163265305,0.15272720234817824,0.05,0.28,3.155,scratch,dino_random_rescue_10,200
81,0,0.605,0.985,0.97,0.98,4.445,4.445,4.445,0.03774792328476906,0.01176072470843792,1.2666834592819214,0.61,0.02,0.385,0.37,10.0,0.6801530612244897,0.031216542617809945,-0.14454081632653062,0.046123994755544115,0.05,0.7094897959183674,0.14498520387840916,-0.11520408163265305,0.15272720234817824,0.05,0.28,3.155,scratch,dino_random_rescue_10,200
82,0,0.6,0.985,0.97,0.98,4.585,4.445,4.445,0.03774792328476906,0.01176072470843792,1.280684232711792,0.6,0.02,0.39,0.375,10.0,0.6801530612244897,0.031216542617809945,-0.14454081632653062,0.046123994755544115,0.05,0.7094897959183674,0.14498520387840916,-0.11520408163265305,0.15272720234817824,0.05,0.28,3.155,scratch,dino_random_rescue_10,200
83,0,0.62,0.985,0.97,0.98,4.255,4.445,4.445,0.03774792328476906,0.01176072470843792,1.2315183877944946,0.62,0.02,0.37,0.355,10.0,0.6801530612244897,0.031216542617809945,-0.14454081632653062,0.046123994755544115,0.05,0.7094897959183674,0.14498520387840916,-0.11520408163265305,0.15272720234817824,0.05,0.28,3.155,scratch,dino_random_rescue_10,200
84,0,0.62,0.985,0.97,0.98,4.51,4.445,4.445,0.03774792328476906,0.01176072470843792,1.249543309211731,0.62,0.02,0.37,0.355,10.0,0.6801530612244897,0.031216542617809945,-0.14454081632653062,0.046123994755544115,0.05,0.7094897959183674,0.14498520387840916,-0.11520408163265305,0.15272720234817824,0.05,0.28,3.155,scratch,dino_random_rescue_10,200
85,0,0.625,0.985,0.97,0.98,4.365,4.445,4.445,0.03774792328476906,0.01176072470843792,1.23358952999115,0.625,0.02,0.365,0.35,10.0,0.6801530612244897,0.031216542617809945,-0.14454081632653062,0.046123994755544115,0.05,0.7094897959183674,0.14498520387840916,-0.11520408163265305,0.15272720234817824,0.05,0.28,3.155,scratch,dino_random_rescue_10,200
86,0,0.59,0.985,0.97,0.98,4.355,4.445,4.445,0.03774792328476906,0.01176072470843792,1.2445122003555298,0.595,0.02,0.4,0.385,10.0,0.6801530612244897,0.031216542617809945,-0.14454081632653062,0.046123994755544115,0.05,0.7094897959183674,0.14498520387840916,-0.11520408163265305,0.15272720234817824,0.05,0.28,3.155,scratch,dino_random_rescue_10,200
87,0,0.61,0.985,0.97,0.98,4.505,4.445,4.445,0.03774792328476906,0.01176072470843792,1.210496187210083,0.61,0.02,0.38,0.365,10.0,0.6801530612244897,0.031216542617809945,-0.14454081632653062,0.046123994755544115,0.05,0.7094897959183674,0.14498520387840916,-0.11520408163265305,0.15272720234817824,0.05,0.28,3.155,scratch,dino_random_rescue_10,200
88,0,0.615,0.985,0.97,0.98,4.375,4.445,4.445,0.03774792328476906,0.01176072470843792,1.217180609703064,0.62,0.02,0.375,0.36,10.0,0.6801530612244897,0.031216542617809945,-0.14454081632653062,0.046123994755544115,0.05,0.7094897959183674,0.14498520387840916,-0.11520408163265305,0.15272720234817824,0.05,0.28,3.155,scratch,dino_random_rescue_10,200
89,0,0.62,0.985,0.97,0.98,4.465,4.445,4.445,0.03774792328476906,0.01176072470843792,1.2214491367340088,0.62,0.02,0.37,0.355,10.0,0.6801530612244897,0.031216542617809945,-0.14454081632653062,0.046123994755544115,0.05,0.7094897959183674,0.14498520387840916,-0.11520408163265305,0.15272720234817824,0.05,0.28,3.155,scratch,dino_random_rescue_10,200
90,0,0.62,0.985,0.97,0.98,4.43,4.445,4.445,0.03774792328476906,0.01176072470843792,1.2210240364074707,0.62,0.02,0.37,0.355,10.0,0.6801530612244897,0.031216542617809945,-0.14454081632653062,0.046123994755544115,0.05,0.7094897959183674,0.14498520387840916,-0.11520408163265305,0.15272720234817824,0.05,0.28,3.155,scratch,dino_random_rescue_10,200
91,0,0.625,0.985,0.97,0.98,4.435,4.445,4.445,0.03774792328476906,0.01176072470843792,1.226393461227417,0.625,0.02,0.365,0.35,10.0,0.6801530612244897,0.031216542617809945,-0.14454081632653062,0.046123994755544115,0.05,0.7094897959183674,0.14498520387840916,-0.11520408163265305,0.15272720234817824,0.05,0.28,3.155,scratch,dino_random_rescue_10,200
92,0,0.61,0.985,0.97,0.98,4.385,4.445,4.445,0.03774792328476906,0.01176072470843792,1.2159618139266968,0.61,0.02,0.38,0.365,10.0,0.6801530612244897,0.031216542617809945,-0.14454081632653062,0.046123994755544115,0.05,0.7094897959183674,0.14498520387840916,-0.11520408163265305,0.15272720234817824,0.05,0.28,3.155,scratch,dino_random_rescue_10,200
93,0,0.62,0.985,0.97,0.98,4.325,4.445,4.445,0.03774792328476906,0.01176072470843792,1.2144136428833008,0.625,0.02,0.37,0.355,10.0,0.6801530612244897,0.031216542617809945,-0.14454081632653062,0.046123994755544115,0.05,0.7094897959183674,0.14498520387840916,-0.11520408163265305,0.15272720234817824,0.05,0.28,3.155,scratch,dino_random_rescue_10,200
94,0,0.62,0.985,0.97,0.98,4.365,4.445,4.445,0.03774792328476906,0.01176072470843792,1.2053254842758179,0.62,0.02,0.37,0.355,10.0,0.6801530612244897,0.031216542617809945,-0.14454081632653062,0.046123994755544115,0.05,0.7094897959183674,0.14498520387840916,-0.11520408163265305,0.15272720234817824,0.05,0.28,3.155,scratch,dino_random_rescue_10,200
95,0,0.625,0.985,0.97,0.98,4.38,4.445,4.445,0.03774792328476906,0.01176072470843792,1.1994584798812866,0.625,0.02,0.365,0.35,10.0,0.6801530612244897,0.031216542617809945,-0.14454081632653062,0.046123994755544115,0.05,0.7094897959183674,0.14498520387840916,-0.11520408163265305,0.15272720234817824,0.05,0.28,3.155,scratch,dino_random_rescue_10,200
96,0,0.63,0.985,0.97,0.98,4.335,4.445,4.445,0.03774792328476906,0.01176072470843792,1.2026785612106323,0.635,0.02,0.36,0.345,10.0,0.6801530612244897,0.031216542617809945,-0.14454081632653062,0.046123994755544115,0.05,0.7094897959183674,0.14498520387840916,-0.11520408163265305,0.15272720234817824,0.05,0.28,3.155,scratch,dino_random_rescue_10,200
97,0,0.62,0.985,0.97,0.98,4.375,4.445,4.445,0.03774792328476906,0.01176072470843792,1.2062853574752808,0.625,0.02,0.37,0.355,10.0,0.6801530612244897,0.031216542617809945,-0.14454081632653062,0.046123994755544115,0.05,0.7094897959183674,0.14498520387840916,-0.11520408163265305,0.15272720234817824,0.05,0.28,3.155,scratch,dino_random_rescue_10,200
98,0,0.62,0.985,0.97,0.98,4.375,4.445,4.445,0.03774792328476906,0.01176072470843792,1.2068381309509277,0.625,0.02,0.37,0.355,10.0,0.6801530612244897,0.031216542617809945,-0.14454081632653062,0.046123994755544115,0.05,0.7094897959183674,0.14498520387840916,-0.11520408163265305,0.15272720234817824,0.05,0.28,3.155,scratch,dino_random_rescue_10,200
99,0,0.62,0.985,0.97,0.98,4.375,4.445,4.445,0.03774792328476906,0.01176072470843792,1.2078346014022827,0.625,0.02,0.37,0.355,10.0,0.6801530612244897,0.031216542617809945,-0.14454081632653062,0.046123994755544115,0.05,0.7094897959183674,0.14498520387840916,-0.11520408163265305,0.15272720234817824,0.05,0.28,3.155,scratch,dino_random_rescue_10,200
100,0,0.625,0.985,0.97,0.98,4.37,4.445,4.445,0.03774792328476906,0.01176072470843792,1.2077679634094238,0.625,0.02,0.365,0.35,10.0,0.6801530612244897,0.031216542617809945,-0.14454081632653062,0.046123994755544115,0.05,0.7094897959183674,0.14498520387840916,-0.11520408163265305,0.15272720234817824,0.05,0.28,3.155,scratch,dino_random_rescue_10,200
