epoch,seed,student_correct,teacher_full_correct,teacher_masked_correct,teacher_raw_correct,student_prediction,teacher_prediction,teacher_masked_prediction,teacher_mask_kl,teacher_raw_kl,teacher_student_kl,prediction_agreement,teacher_flip,correction_opportunity,correction_signal_preserved,swaps,raw_background_ratio,raw_foreground_missing,raw_background_excess_vs_area,raw_foreground_area_missing,raw_zero_foreground,actual_background_ratio,actual_foreground_missing,actual_background_excess_vs_area,actual_foreground_area_missing,actual_zero_foreground,added_foreground,removed_foreground,initialization,method,n_probe
0,0,0.055,0.98,0.955,0.965,4.295,4.485,4.375,0.07673554122447968,0.04942389577627182,1.9759149551391602,0.055,0.03,0.925,0.895,10.0,0.7058673469387755,0.08231790489358617,-0.1188265306122449,0.11018673395505175,0.05,0.729234693877551,0.1679639018459042,-0.0954591836734694,0.1908127719233744,0.05,0.55,2.84,imagenet,adaptive_random_to_low_10,200
1,0,0.75,0.98,0.955,0.96,4.455,4.485,4.4,0.06486073136329651,0.060337889939546585,1.0578465461730957,0.75,0.025,0.235,0.225,10.0,0.7025,0.07956746080398516,-0.1221938775510204,0.10392138346331194,0.05,0.7273979591836734,0.17505997373481066,-0.09729591836734695,0.18818330444977618,0.05,0.53,2.97,imagenet,adaptive_random_to_low_10,200
2,0,0.945,0.98,0.965,0.955,4.4,4.485,4.455,0.036755405366420746,0.04234221577644348,0.24738061428070068,0.945,0.015,0.045,0.045,10.0,0.6980102040816327,0.07467830591872324,-0.12668367346938778,0.09221563921004418,0.05,0.7235204081632653,0.1665751335483588,-0.10117346938775512,0.17334048582008107,0.05,0.5,3.0,imagenet,adaptive_random_to_low_10,200
3,0,0.955,0.98,0.945,0.96,4.385,4.485,4.41,0.08786217868328094,0.024034852162003517,0.10397077351808548,0.96,0.035,0.03,0.025,10.0,0.6965816326530613,0.06575660670491737,-0.12811224489795917,0.08795723139555775,0.05,0.7237755102040816,0.159866173014558,-0.10091836734693878,0.1751110313180834,0.05,0.475,3.14,imagenet,adaptive_random_to_low_10,200
4,0,0.955,0.98,0.95,0.965,4.4,4.485,4.395,0.06651370227336884,0.03208934888243675,0.09514395892620087,0.96,0.03,0.03,0.025,10.0,0.6999489795918368,0.07247333608734305,-0.12474489795918366,0.0960707291426661,0.05,0.7265306122448979,0.16771346344654925,-0.09816326530612245,0.18078836644708646,0.05,0.49,3.095,imagenet,adaptive_random_to_low_10,200
5,0,0.95,0.98,0.955,0.965,4.345,4.485,4.475,0.060827236622571945,0.029763752594590187,0.09153907746076584,0.955,0.03,0.035,0.035,10.0,0.7013265306122449,0.0754330593303232,-0.12336734693877553,0.10066555774508743,0.05,0.7264285714285715,0.17095296964126155,-0.09826530612244898,0.18301172072533517,0.05,0.54,3.0,imagenet,adaptive_random_to_low_10,200
6,0,0.94,0.98,0.955,0.97,4.415,4.485,4.39,0.05125296488404274,0.0343976765871048,0.12179229408502579,0.945,0.025,0.045,0.04,10.0,0.7038265306122449,0.08399077673617109,-0.1208673469387755,0.10743470850211452,0.05,0.7291326530612244,0.17555727754787548,-0.09556122448979593,0.19104619672871195,0.05,0.575,3.055,imagenet,adaptive_random_to_low_10,200
7,0,0.955,0.98,0.96,0.96,4.43,4.485,4.365,0.05490095168352127,0.055581435561180115,0.1027597039937973,0.96,0.025,0.03,0.03,10.0,0.7042346938775509,0.08526515571474444,-0.12045918367346939,0.11085743007002748,0.05,0.7280102040816326,0.17517550018149036,-0.09668367346938776,0.1892014044104144,0.05,0.545,2.875,imagenet,adaptive_random_to_low_10,200
8,0,0.95,0.98,0.965,0.96,4.425,4.485,4.4,0.06156410276889801,0.04458138346672058,0.08987539261579514,0.955,0.02,0.035,0.03,10.0,0.7039285714285716,0.08373910974552472,-0.12076530612244898,0.10841011783821158,0.05,0.7285204081632654,0.17635798712250483,-0.09617346938775512,0.18441329784691335,0.05,0.505,2.915,imagenet,adaptive_random_to_low_10,200
9,0,0.965,0.98,0.94,0.965,4.36,4.485,4.4,0.10686006397008896,0.04656606540083885,0.0814460813999176,0.97,0.04,0.02,0.015,10.0,0.7046938775510203,0.08463749225791933,-0.12,0.10774936241024989,0.05,0.7284693877551021,0.16928508139801873,-0.09622448979591837,0.18694541130680592,0.05,0.52,2.85,imagenet,adaptive_random_to_low_10,200
10,0,0.95,0.98,0.945,0.95,4.36,4.485,4.335,0.08271514624357224,0.07260710000991821,0.10406725108623505,0.955,0.04,0.035,0.02,10.0,0.7064795918367346,0.08857490862035833,-0.11821428571428572,0.11290508896330721,0.05,0.7321428571428572,0.19504305028088625,-0.09255102040816326,0.2036634404445067,0.05,0.565,3.08,imagenet,adaptive_random_to_low_10,200
11,0,0.945,0.98,0.94,0.945,4.5,4.485,4.345,0.08064113557338715,0.07358268648386002,0.12342285364866257,0.95,0.04,0.04,0.025,10.0,0.7052551020408163,0.08885728782004679,-0.1194387755102041,0.11791631226529717,0.05,0.7287244897959184,0.18109066470356275,-0.09596938775510204,0.20110845751594753,0.05,0.62,2.92,imagenet,adaptive_random_to_low_10,200
12,0,0.95,0.98,0.94,0.96,4.4,4.485,4.355,0.09173710644245148,0.07494612783193588,0.09771169722080231,0.955,0.045,0.035,0.025,10.0,0.7064795918367346,0.09002906579838982,-0.11821428571428572,0.12095975947144325,0.05,0.7312244897959184,0.18560998569751883,-0.09346938775510205,0.2012695278855972,0.05,0.545,2.97,imagenet,adaptive_random_to_low_10,200
13,0,0.96,0.98,0.95,0.96,4.385,4.485,4.405,0.11351384222507477,0.08509641885757446,0.09346642345190048,0.965,0.035,0.025,0.015,10.0,0.7062755102040816,0.08883666029841084,-0.11841836734693877,0.11899588470390882,0.05,0.7306632653061225,0.18500368740836873,-0.09403061224489796,0.20144382736587432,0.05,0.58,2.97,imagenet,adaptive_random_to_low_10,200
14,0,0.96,0.98,0.94,0.945,4.39,4.485,4.375,0.0827094167470932,0.09431406855583191,0.09562818706035614,0.965,0.04,0.025,0.025,10.0,0.7065816326530612,0.09217093373863892,-0.11811224489795918,0.11862505390527076,0.05,0.7321428571428572,0.18490593999760188,-0.09255102040816325,0.19814803212648258,0.05,0.53,3.035,imagenet,adaptive_random_to_low_10,200
15,0,0.96,0.98,0.97,0.96,4.455,4.485,4.425,0.0423753447830677,0.06686266511678696,0.09873992949724197,0.955,0.015,0.03,0.03,10.0,0.7072448979591838,0.08849086639507292,-0.11744897959183674,0.11814812776457984,0.05,0.7315306122448979,0.17140969814576654,-0.09316326530612244,0.1982873139390722,0.05,0.565,2.945,imagenet,adaptive_random_to_low_10,200
16,0,0.96,0.98,0.945,0.965,4.365,4.485,4.35,0.08746717125177383,0.05422130972146988,0.09796805679798126,0.965,0.04,0.025,0.02,10.0,0.707295918367347,0.0895097426802928,-0.11739795918367346,0.1187507882907812,0.05,0.7314285714285714,0.18114951230174556,-0.09326530612244899,0.20475698935915715,0.05,0.56,2.925,imagenet,adaptive_random_to_low_10,200
17,0,0.965,0.98,0.945,0.955,4.405,4.485,4.395,0.09951233118772507,0.05153393745422363,0.07039733976125717,0.97,0.04,0.02,0.01,10.0,0.710408163265306,0.09485737247005528,-0.11428571428571428,0.12454113851345028,0.05,0.7332653061224491,0.1802149642261847,-0.09142857142857146,0.20411974017042667,0.05,0.595,2.835,imagenet,adaptive_random_to_low_10,200
18,0,0.965,0.98,0.97,0.965,4.43,4.485,4.405,0.04821714386343956,0.04612307995557785,0.09518954902887344,0.96,0.015,0.025,0.025,10.0,0.7106122448979594,0.09535991921775715,-0.11408163265306122,0.12878855124698022,0.05,0.7348469387755102,0.18675166315272482,-0.0898469387755102,0.20948968030861578,0.05,0.635,3.01,imagenet,adaptive_random_to_low_10,200
19,0,0.975,0.98,0.955,0.955,4.455,4.485,4.365,0.058403242379426956,0.055510640144348145,0.0959353893995285,0.97,0.03,0.015,0.01,10.0,0.7096938775510204,0.09638030765591053,-0.115,0.12207785256556235,0.05,0.7325510204081632,0.17734193247597124,-0.09214285714285714,0.19422303040395492,0.05,0.59,2.83,imagenet,adaptive_random_to_low_10,200
20,0,0.96,0.98,0.94,0.95,4.39,4.485,4.42,0.08124450594186783,0.06049583852291107,0.08919260650873184,0.965,0.04,0.025,0.02,10.0,0.7086224489795918,0.0902518429594311,-0.11607142857142858,0.11709635889623314,0.05,0.7330102040816326,0.18302804607454964,-0.09168367346938776,0.1990925346268341,0.05,0.61,3.0,imagenet,adaptive_random_to_low_10,200
21,0,0.965,0.98,0.945,0.95,4.41,4.485,4.41,0.08054099231958389,0.06739337742328644,0.11303611099720001,0.96,0.035,0.025,0.02,10.0,0.7075,0.09002042603950591,-0.11719387755102041,0.11917830122692977,0.05,0.7317857142857143,0.1839129033878854,-0.09290816326530611,0.2021155185997486,0.05,0.55,2.93,imagenet,adaptive_random_to_low_10,200
22,0,0.955,0.98,0.94,0.955,4.405,4.485,4.35,0.07740098237991333,0.05819737911224365,0.1332133263349533,0.95,0.04,0.035,0.025,10.0,0.7094387755102041,0.09281358147469995,-0.11525510204081632,0.12340194715943653,0.05,0.7336734693877551,0.19687269140030453,-0.09102040816326533,0.20861877323841327,0.05,0.545,2.92,imagenet,adaptive_random_to_low_10,200
23,0,0.965,0.98,0.945,0.955,4.4,4.485,4.485,0.09349224716424942,0.08164725452661514,0.086677186191082,0.97,0.04,0.02,0.02,10.0,0.7070408163265306,0.0875813060932858,-0.11765306122448979,0.11341606859772582,0.05,0.7312755102040817,0.19108641185853104,-0.09341836734693879,0.20853723182110115,0.05,0.59,2.965,imagenet,adaptive_random_to_low_10,200
24,0,0.955,0.98,0.95,0.96,4.425,4.485,4.385,0.06623289734125137,0.06168721243739128,0.11094770580530167,0.96,0.03,0.03,0.025,10.0,0.7076530612244898,0.09181422668403405,-0.11704081632653061,0.11706628495798213,0.05,0.7316836734693877,0.18959512865477923,-0.09301020408163266,0.20560470898868516,0.05,0.605,2.96,imagenet,adaptive_random_to_low_10,200
25,0,0.96,0.98,0.965,0.945,4.45,4.485,4.44,0.056263264268636703,0.0753312036395073,0.10139060765504837,0.965,0.02,0.025,0.02,10.0,0.7090306122448979,0.09528929592994058,-0.11566326530612243,0.12178536549312412,0.05,0.7324489795918367,0.1813690702469659,-0.0922448979591837,0.19996489277807997,0.05,0.65,2.945,imagenet,adaptive_random_to_low_10,200
26,0,0.955,0.98,0.945,0.955,4.425,4.485,4.43,0.09812994301319122,0.05154500901699066,0.11500832438468933,0.95,0.035,0.035,0.025,10.0,0.7081632653061224,0.09169959657010254,-0.11653061224489797,0.11936690318223554,0.05,0.7314795918367346,0.1872344819008434,-0.09321428571428574,0.2020376248145476,0.05,0.61,2.895,imagenet,adaptive_random_to_low_10,200
27,0,0.96,0.98,0.96,0.945,4.46,4.485,4.395,0.06409530341625214,0.09744071960449219,0.0819142535328865,0.96,0.025,0.03,0.03,10.0,0.712295918367347,0.10115830742071026,-0.11239795918367346,0.1319199022797693,0.05,0.735,0.18779149982159737,-0.0896938775510204,0.20262028026860207,0.05,0.63,2.855,imagenet,adaptive_random_to_low_10,200
28,0,0.96,0.98,0.945,0.95,4.475,4.485,4.385,0.10707735270261765,0.10242374241352081,0.086723692715168,0.97,0.04,0.025,0.015,10.0,0.7096428571428571,0.09402305212484292,-0.11505102040816326,0.12777257062407443,0.05,0.7337755102040816,0.17844179895612425,-0.09091836734693878,0.20991267445962877,0.05,0.61,2.975,imagenet,adaptive_random_to_low_10,200
29,0,0.965,0.98,0.94,0.955,4.435,4.485,4.36,0.08386798202991486,0.07078726589679718,0.0713173970580101,0.97,0.04,0.02,0.01,10.0,0.7096428571428572,0.0945045832988576,-0.11505102040816327,0.1218134240663494,0.05,0.7341326530612244,0.18947617127899619,-0.09056122448979594,0.2031295909360051,0.05,0.63,3.03,imagenet,adaptive_random_to_low_10,200
30,0,0.965,0.98,0.955,0.955,4.4,4.485,4.41,0.08092968910932541,0.06976420432329178,0.08717136085033417,0.97,0.03,0.02,0.01,10.0,0.7098979591836735,0.09412475498684342,-0.11479591836734696,0.1217622258127085,0.05,0.7340306122448981,0.17827156978141814,-0.09066326530612244,0.20087901570368558,0.05,0.63,2.995,imagenet,adaptive_random_to_low_10,200
31,0,0.97,0.98,0.955,0.955,4.39,4.485,4.375,0.05538279563188553,0.06010076403617859,0.07735263556241989,0.975,0.03,0.015,0.01,10.0,0.707857142857143,0.09322867220882222,-0.11683673469387756,0.12135513957269722,0.05,0.7314285714285714,0.1744819701056503,-0.09326530612244899,0.20526358116418122,0.05,0.59,2.9,imagenet,adaptive_random_to_low_10,200
32,0,0.97,0.98,0.96,0.96,4.42,4.485,4.37,0.05013042315840721,0.05403944477438927,0.08223442733287811,0.965,0.025,0.02,0.02,10.0,0.7063775510204081,0.08860151087275334,-0.11831632653061225,0.11851047507225303,0.05,0.7312755102040817,0.18663522770670063,-0.09341836734693879,0.2023176947934553,0.05,0.56,3.0,imagenet,adaptive_random_to_low_10,200
33,0,0.985,0.98,0.95,0.965,4.435,4.485,4.34,0.09365920722484589,0.04612642899155617,0.06164250895380974,0.98,0.035,0.005,0.0,10.0,0.7043367346938774,0.08243810957836777,-0.12035714285714287,0.1119065685159876,0.05,0.7283673469387756,0.16796662784331168,-0.0963265306122449,0.19198833198053764,0.05,0.58,2.935,imagenet,adaptive_random_to_low_10,200
34,0,0.975,0.98,0.95,0.955,4.44,4.485,4.305,0.09475623071193695,0.05342497676610947,0.07686176151037216,0.97,0.035,0.015,0.01,10.0,0.7071428571428571,0.09199768617437859,-0.11755102040816326,0.12045861876191338,0.05,0.7311224489795919,0.18322039936778517,-0.09357142857142858,0.19931881531490944,0.05,0.6,2.95,imagenet,adaptive_random_to_low_10,200
35,0,0.965,0.98,0.955,0.95,4.47,4.485,4.41,0.0784316137433052,0.06460480391979218,0.08114069700241089,0.96,0.03,0.025,0.015,10.0,0.7068877551020408,0.09044915060800136,-0.11780612244897959,0.11832311765057967,0.05,0.7309183673469388,0.1775427749479461,-0.09377551020408163,0.20018169117160142,0.05,0.635,2.99,imagenet,adaptive_random_to_low_10,200
36,0,0.97,0.98,0.94,0.95,4.375,4.485,4.32,0.11560990661382675,0.058695755898952484,0.07321483641862869,0.975,0.04,0.015,0.005,10.0,0.7081632653061223,0.0924054131477405,-0.11653061224489797,0.12047061609482626,0.05,0.7329081632653062,0.19016232266922337,-0.09178571428571429,0.20575857195537536,0.05,0.54,2.965,imagenet,adaptive_random_to_low_10,200
37,0,0.97,0.98,0.96,0.95,4.4,4.485,4.37,0.07755889743566513,0.07241572439670563,0.06659621745347977,0.965,0.025,0.02,0.02,10.0,0.7053061224489795,0.08774586426379438,-0.11938775510204083,0.11506577417632798,0.05,0.7296428571428573,0.17074321453185803,-0.0950510204081633,0.19421002410235816,0.05,0.58,2.965,imagenet,adaptive_random_to_low_10,200
38,0,0.97,0.98,0.935,0.955,4.39,4.485,4.385,0.08917589485645294,0.05189170688390732,0.08805914968252182,0.965,0.045,0.02,0.01,10.0,0.704234693877551,0.08351800990189667,-0.12045918367346939,0.11099027689007926,0.05,0.7288265306122449,0.1739572817972667,-0.09586734693877552,0.19376354879233987,0.05,0.53,2.94,imagenet,adaptive_random_to_low_10,200
39,0,0.965,0.98,0.955,0.955,4.405,4.485,4.42,0.0676465779542923,0.050021566450595856,0.0823102593421936,0.97,0.025,0.02,0.01,10.0,0.7044387755102041,0.0842543722423893,-0.12025510204081634,0.11038624778724625,0.05,0.7286224489795918,0.1663913679242239,-0.09607142857142857,0.18533683086279779,0.05,0.595,2.965,imagenet,adaptive_random_to_low_10,200
40,0,0.97,0.98,0.96,0.945,4.39,4.485,4.415,0.0605149082839489,0.07497844099998474,0.0664258673787117,0.965,0.025,0.02,0.015,10.0,0.7038775510204082,0.08368377496490381,-0.12081632653061225,0.11164299028023379,0.05,0.7278571428571429,0.17285559187979688,-0.09683673469387756,0.19432705243176315,0.05,0.625,2.975,imagenet,adaptive_random_to_low_10,200
41,0,0.96,0.98,0.965,0.955,4.42,4.485,4.38,0.03699508309364319,0.07418710738420486,0.09844796359539032,0.955,0.02,0.03,0.025,10.0,0.7091326530612244,0.09283672217803556,-0.11556122448979593,0.12134328285901574,0.05,0.7336224489795918,0.17610547112401756,-0.09107142857142858,0.1995064684882527,0.05,0.64,3.04,imagenet,adaptive_random_to_low_10,200
42,0,0.97,0.98,0.95,0.95,4.425,4.485,4.315,0.045630574226379395,0.05078883096575737,0.0963108241558075,0.965,0.035,0.02,0.01,10.0,0.7075,0.08971739772404272,-0.11719387755102041,0.11778295985874138,0.05,0.7294897959183675,0.16800928236621265,-0.09520408163265305,0.19012952584715095,0.05,0.66,2.815,imagenet,adaptive_random_to_low_10,200
43,0,0.96,0.98,0.94,0.955,4.39,4.485,4.355,0.07654421031475067,0.04495011642575264,0.09866300225257874,0.955,0.04,0.03,0.025,10.0,0.7086734693877551,0.09369013452946856,-0.11602040816326532,0.1257150599216402,0.05,0.7327551020408163,0.19409663804757088,-0.0919387755102041,0.21059591533557978,0.05,0.635,2.995,imagenet,adaptive_random_to_low_10,200
44,0,0.965,0.98,0.945,0.955,4.38,4.485,4.4,0.07605768740177155,0.0577244870364666,0.06688245385885239,0.97,0.035,0.02,0.02,10.0,0.7115306122448979,0.10051394321655721,-0.11316326530612246,0.13167809491467777,0.05,0.7343367346938776,0.18419021275445116,-0.09035714285714286,0.21413641133811326,0.05,0.68,2.915,imagenet,adaptive_random_to_low_10,200
45,0,0.965,0.98,0.945,0.96,4.385,4.485,4.34,0.09442877769470215,0.054561223834753036,0.11461979150772095,0.96,0.04,0.025,0.015,10.0,0.7076530612244898,0.0898227292788276,-0.11704081632653061,0.12237918687373167,0.05,0.7328061224489797,0.17847794666105166,-0.09188775510204081,0.2019743099901825,0.05,0.57,3.035,imagenet,adaptive_random_to_low_10,200
46,0,0.965,0.98,0.955,0.95,4.385,4.485,4.34,0.0697985365986824,0.05469062924385071,0.0692773088812828,0.97,0.03,0.02,0.015,10.0,0.7083673469387756,0.09002153445038585,-0.11632653061224492,0.12147447244264185,0.05,0.7331632653061226,0.18498716277852464,-0.09153061224489796,0.20674457394052298,0.05,0.605,3.035,imagenet,adaptive_random_to_low_10,200
47,0,0.975,0.98,0.955,0.945,4.405,4.485,4.34,0.06626161932945251,0.07281175255775452,0.05025594308972359,0.98,0.03,0.01,0.01,10.0,0.7077551020408163,0.08873614720792283,-0.11693877551020408,0.12133156925148797,0.05,0.7318877551020408,0.16846617611063164,-0.0928061224489796,0.19878373055078555,0.05,0.625,2.99,imagenet,adaptive_random_to_low_10,200
48,0,0.98,0.98,0.955,0.935,4.42,4.485,4.405,0.08243200927972794,0.07203556597232819,0.06631212681531906,0.975,0.03,0.01,0.01,10.0,0.7101020408163266,0.09548596832192488,-0.11459183673469388,0.1266598757196334,0.05,0.7332653061224491,0.17778057463267338,-0.09142857142857144,0.20957343130838127,0.05,0.615,2.885,imagenet,adaptive_random_to_low_10,200
49,0,0.97,0.98,0.945,0.955,4.44,4.485,4.315,0.07143551111221313,0.07528084516525269,0.058633290231227875,0.975,0.04,0.015,0.01,10.0,0.7092857142857142,0.09612911902867657,-0.11540816326530612,0.12909167402540334,0.05,0.7327551020408163,0.17543370196938288,-0.0919387755102041,0.2015126444445923,0.05,0.56,2.86,imagenet,adaptive_random_to_low_10,200
50,0,0.965,0.98,0.945,0.95,4.385,4.485,4.35,0.09206527471542358,0.06787386536598206,0.06121384724974632,0.97,0.035,0.02,0.015,10.0,0.7090816326530613,0.09314778817381146,-0.11561224489795918,0.120989373527118,0.05,0.7331122448979592,0.18570360240628758,-0.09158163265306123,0.20142781777773053,0.05,0.58,2.935,imagenet,adaptive_random_to_low_10,200
51,0,0.965,0.98,0.95,0.955,4.39,4.485,4.36,0.058432988822460175,0.04227978736162186,0.07802942395210266,0.97,0.035,0.02,0.015,10.0,0.7089795918367348,0.09197308838283243,-0.11571428571428571,0.12404934945952846,0.05,0.7158673469387756,0.10420470413373992,-0.1088265306122449,0.13665801685128826,0.05,0.56,1.235,imagenet,adaptive_random_to_low_10,200
52,0,0.97,0.98,0.945,0.955,4.44,4.485,4.335,0.051148418337106705,0.043471552431583405,0.05987079069018364,0.975,0.035,0.015,0.015,10.0,0.707295918367347,0.09002622931300155,-0.11739795918367346,0.1182390417897841,0.05,0.7145918367346938,0.10283140151938953,-0.11010204081632652,0.13140107251296285,0.05,0.595,1.31,imagenet,adaptive_random_to_low_10,200
53,0,0.965,0.98,0.955,0.96,4.46,4.485,4.385,0.06170418858528137,0.04481685161590576,0.06891001015901566,0.97,0.03,0.02,0.02,10.0,0.7083673469387756,0.08969292798292447,-0.11632653061224488,0.11869715508175432,0.05,0.7158163265306123,0.10595371199971668,-0.10887755102040816,0.13443532273828168,0.05,0.595,1.325,imagenet,adaptive_random_to_low_10,200
54,0,0.97,0.98,0.94,0.955,4.44,4.485,4.31,0.07549809664487839,0.05694885551929474,0.059683848172426224,0.975,0.04,0.015,0.015,10.0,0.7069897959183673,0.08752564414160803,-0.11770408163265306,0.11656743719577208,0.05,0.7142346938775509,0.10322078753168533,-0.1104591836734694,0.13257544442269137,0.05,0.595,1.305,imagenet,adaptive_random_to_low_10,200
55,0,0.96,0.98,0.945,0.955,4.445,4.485,4.345,0.05614854022860527,0.049464792013168335,0.07287901639938354,0.965,0.04,0.025,0.02,10.0,0.7069897959183673,0.08947809633041441,-0.11770408163265306,0.11757674838198,0.05,0.7141326530612245,0.10325441840908775,-0.11056122448979591,0.13077830773385357,0.05,0.595,1.295,imagenet,adaptive_random_to_low_10,200
56,0,0.965,0.98,0.95,0.96,4.435,4.485,4.315,0.06846921145915985,0.041458163410425186,0.07486187666654587,0.97,0.035,0.02,0.02,10.0,0.7086224489795918,0.0905434395003034,-0.11607142857142858,0.11910725975161768,0.05,0.7158163265306123,0.10427361818871474,-0.10887755102040815,0.13269702141114975,0.05,0.59,1.295,imagenet,adaptive_random_to_low_10,200
57,0,0.98,0.98,0.95,0.96,4.415,4.485,4.385,0.06803122162818909,0.04065525904297829,0.040118083357810974,0.985,0.035,0.005,0.005,10.0,0.7085714285714286,0.08974463950992245,-0.11612244897959184,0.11815349103286281,0.05,0.7158163265306123,0.10486177649439854,-0.10887755102040816,0.13402047459458116,0.05,0.535,1.245,imagenet,adaptive_random_to_low_10,200
58,0,0.97,0.98,0.95,0.95,4.455,4.485,4.35,0.06085887923836708,0.04931557551026344,0.05432286113500595,0.975,0.035,0.015,0.015,10.0,0.7080102040816325,0.08954055575869353,-0.11668367346938777,0.1219037260080222,0.05,0.7157142857142857,0.10575684697182429,-0.1089795918367347,0.13912836826813874,0.05,0.58,1.335,imagenet,adaptive_random_to_low_10,200
59,0,0.975,0.98,0.96,0.97,4.46,4.485,4.35,0.053504008799791336,0.03301839902997017,0.04585743322968483,0.98,0.025,0.01,0.01,10.0,0.7084693877551019,0.08920682860922734,-0.11622448979591837,0.12136900021811016,0.05,0.7151530612244897,0.10350819791694607,-0.10954081632653061,0.13613986041309545,0.05,0.56,1.215,imagenet,adaptive_random_to_low_10,200
60,0,0.975,0.98,0.945,0.965,4.445,4.485,4.335,0.07904773205518723,0.049440156668424606,0.042226195335388184,0.98,0.04,0.01,0.005,10.0,0.7081122448979591,0.0891780365694148,-0.11658163265306122,0.12137506235507317,0.05,0.7155102040816326,0.10279522546976227,-0.10918367346938776,0.13493732101342176,0.05,0.57,1.295,imagenet,adaptive_random_to_low_10,200
61,0,0.975,0.98,0.945,0.975,4.44,4.485,4.34,0.08278384059667587,0.033283840864896774,0.0414300411939621,0.98,0.04,0.01,0.01,10.0,0.7072448979591835,0.08754287612995058,-0.11744897959183674,0.11551440646187984,0.05,0.7147448979591837,0.10154265471883211,-0.10994897959183673,0.1305942831725406,0.05,0.57,1.305,imagenet,adaptive_random_to_low_10,200
62,0,0.97,0.98,0.95,0.965,4.4,4.485,4.365,0.06707508862018585,0.040972527116537094,0.05070311576128006,0.975,0.035,0.015,0.01,10.0,0.7068367346938774,0.08688643136079048,-0.11785714285714287,0.11368072319892235,0.05,0.7134183673469388,0.09757236380384565,-0.11127551020408162,0.12560450224584202,0.05,0.635,1.28,imagenet,adaptive_random_to_low_10,200
63,0,0.975,0.98,0.95,0.955,4.425,4.485,4.375,0.05824664235115051,0.0528569333255291,0.0534944161772728,0.98,0.03,0.01,0.005,10.0,0.7066326530612244,0.08569988640792923,-0.11806122448979593,0.1130518236089847,0.05,0.7138265306122449,0.0985133407446538,-0.11086734693877552,0.12622406576760115,0.05,0.605,1.31,imagenet,adaptive_random_to_low_10,200
64,0,0.97,0.98,0.95,0.97,4.405,4.485,4.4,0.05097023397684097,0.04235689342021942,0.07378628849983215,0.975,0.03,0.015,0.005,10.0,0.7062244897959183,0.08483355097747303,-0.11846938775510203,0.11238757305196487,0.05,0.7133673469387755,0.0978836962662589,-0.11132653061224491,0.12507496255799197,0.05,0.57,1.27,imagenet,adaptive_random_to_low_10,200
65,0,0.96,0.98,0.945,0.96,4.395,4.485,4.375,0.0707799419760704,0.03780650720000267,0.07645485550165176,0.965,0.035,0.025,0.015,10.0,0.7061734693877552,0.08473856388206746,-0.11852040816326533,0.11142035751836374,0.05,0.7133673469387756,0.09920393548945088,-0.1113265306122449,0.12535796310578007,0.05,0.57,1.275,imagenet,adaptive_random_to_low_10,200
66,0,0.97,0.98,0.95,0.96,4.42,4.485,4.405,0.07562639564275742,0.033091187477111816,0.07144929468631744,0.975,0.03,0.015,0.01,10.0,0.7059183673469387,0.08438782541788023,-0.11877551020408163,0.11105762941471767,0.05,0.7132142857142858,0.09917477227832021,-0.1114795918367347,0.12617022804741282,0.05,0.565,1.28,imagenet,adaptive_random_to_low_10,200
67,0,0.97,0.98,0.95,0.96,4.46,4.485,4.385,0.07293974608182907,0.052493005990982056,0.052351780235767365,0.975,0.03,0.015,0.015,10.0,0.7058673469387755,0.08410656484364296,-0.1188265306122449,0.11106986034370493,0.05,0.712908163265306,0.09743286678650696,-0.11178571428571431,0.1246647963358555,0.05,0.585,1.275,imagenet,adaptive_random_to_low_10,200
68,0,0.97,0.98,0.945,0.96,4.39,4.485,4.395,0.06004355102777481,0.03617281839251518,0.06245868280529976,0.975,0.035,0.015,0.01,10.0,0.7057653061224489,0.08407453357316406,-0.11892857142857143,0.1113191862765234,0.05,0.7137755102040816,0.09998649386325632,-0.11091836734693877,0.12666106524062343,0.05,0.555,1.34,imagenet,adaptive_random_to_low_10,200
69,0,0.97,0.98,0.955,0.965,4.405,4.485,4.33,0.055541638284921646,0.03905830532312393,0.0613410659134388,0.975,0.03,0.015,0.005,10.0,0.7069897959183673,0.0870592565033309,-0.11770408163265307,0.11401910244050668,0.05,0.7142857142857142,0.10131100147059452,-0.11040816326530611,0.12865483121298893,0.05,0.56,1.275,imagenet,adaptive_random_to_low_10,200
70,0,0.97,0.98,0.955,0.965,4.395,4.485,4.36,0.06441975384950638,0.044302988797426224,0.05233879014849663,0.975,0.03,0.015,0.01,10.0,0.7073979591836735,0.0877166962404616,-0.11729591836734694,0.11496940091747092,0.05,0.7146938775510204,0.10311174179588253,-0.11,0.1298185920988908,0.05,0.595,1.31,imagenet,adaptive_random_to_low_10,200
71,0,0.975,0.98,0.96,0.965,4.41,4.485,4.345,0.06268556416034698,0.059039849787950516,0.04147285595536232,0.98,0.025,0.01,0.01,10.0,0.708265306122449,0.08984208283672684,-0.11642857142857142,0.11689228316274239,0.05,0.7146428571428571,0.10482702132940001,-0.11005102040816325,0.1305795326747466,0.05,0.63,1.255,imagenet,adaptive_random_to_low_10,200
72,0,0.965,0.98,0.95,0.955,4.37,4.485,4.36,0.08425906300544739,0.04320181906223297,0.07554029673337936,0.97,0.03,0.02,0.015,10.0,0.7089285714285714,0.09275719216669333,-0.11576530612244898,0.11889381018627318,0.05,0.7160204081632654,0.10591717960657261,-0.1086734693877551,0.13163378529250622,0.05,0.62,1.315,imagenet,adaptive_random_to_low_10,200
73,0,0.96,0.98,0.95,0.96,4.39,4.485,4.335,0.07819806039333344,0.042610835283994675,0.06693626195192337,0.965,0.035,0.025,0.015,10.0,0.7090816326530611,0.09323899644824649,-0.11561224489795918,0.1200650399911683,0.05,0.7166326530612244,0.10723646389195642,-0.10806122448979594,0.13452349621933535,0.05,0.605,1.345,imagenet,adaptive_random_to_low_10,200
74,0,0.965,0.98,0.955,0.96,4.425,4.485,4.335,0.0496395081281662,0.05682430788874626,0.07626932114362717,0.97,0.03,0.02,0.02,10.0,0.7084693877551022,0.09081109197447242,-0.11622448979591836,0.11635390384239144,0.05,0.715765306122449,0.1037512554556547,-0.10892857142857143,0.12966102044680156,0.05,0.59,1.305,imagenet,adaptive_random_to_low_10,200
75,0,0.965,0.98,0.945,0.96,4.38,4.485,4.34,0.058288946747779846,0.05630052089691162,0.05737362802028656,0.97,0.04,0.02,0.01,10.0,0.7080102040816328,0.09010082486482457,-0.11668367346938774,0.11539870650623925,0.05,0.7153571428571429,0.10349381394994496,-0.10933673469387756,0.12944654034334235,0.05,0.55,1.27,imagenet,adaptive_random_to_low_10,200
76,0,0.97,0.98,0.96,0.955,4.39,4.485,4.385,0.0562320277094841,0.05833309516310692,0.06351275742053986,0.975,0.025,0.015,0.01,10.0,0.7080612244897959,0.09009694011795465,-0.11663265306122449,0.11576268298667855,0.05,0.7143367346938776,0.10139336324936765,-0.11035714285714286,0.12806223062914796,0.05,0.635,1.25,imagenet,adaptive_random_to_low_10,200
77,0,0.97,0.98,0.945,0.955,4.39,4.485,4.4,0.06581242382526398,0.06962722539901733,0.06112220883369446,0.975,0.04,0.015,0.01,10.0,0.707091836734694,0.08854666637135288,-0.11760204081632653,0.11484200833569048,0.05,0.7141326530612244,0.10108226583692559,-0.11056122448979594,0.12808678842848167,0.05,0.615,1.305,imagenet,adaptive_random_to_low_10,200
78,0,0.97,0.98,0.96,0.96,4.39,4.485,4.375,0.04843186214566231,0.04643625393509865,0.061884041875600815,0.975,0.025,0.015,0.01,10.0,0.7064285714285714,0.08788973222200239,-0.11826530612244898,0.1137913956202101,0.05,0.7131632653061224,0.09972679184182581,-0.11153061224489796,0.12669044563910575,0.05,0.58,1.24,imagenet,adaptive_random_to_low_10,200
79,0,0.975,0.98,0.95,0.96,4.415,4.485,4.375,0.06965985149145126,0.05138244107365608,0.049319688230752945,0.98,0.035,0.01,0.005,10.0,0.7059183673469388,0.08612905993351534,-0.11877551020408164,0.11249433291697641,0.05,0.7134693877551022,0.09868084908785509,-0.11122448979591837,0.12593308678027826,0.05,0.54,1.28,imagenet,adaptive_random_to_low_10,200
80,0,0.975,0.98,0.96,0.96,4.425,4.485,4.36,0.05172884836792946,0.0612262599170208,0.052058711647987366,0.98,0.025,0.01,0.005,10.0,0.7058163265306122,0.08604013491330843,-0.11887755102040817,0.112554519388068,0.05,0.7133673469387756,0.0984098204954546,-0.1113265306122449,0.1256512842293887,0.05,0.52,1.26,imagenet,adaptive_random_to_low_10,200
81,0,0.97,0.98,0.95,0.96,4.39,4.485,4.38,0.06269173324108124,0.04455740749835968,0.05266688019037247,0.975,0.035,0.015,0.01,10.0,0.7066326530612244,0.08817946421564248,-0.11806122448979593,0.11471427561336896,0.05,0.7140306122448979,0.10129953004774853,-0.11066326530612244,0.1278962781235168,0.05,0.535,1.26,imagenet,adaptive_random_to_low_10,200
82,0,0.97,0.98,0.96,0.955,4.39,4.485,4.37,0.060048170387744904,0.042403630912303925,0.0544731467962265,0.975,0.025,0.015,0.01,10.0,0.7068877551020407,0.08968820076830726,-0.11780612244897959,0.11559726480947574,0.05,0.7144387755102041,0.10139666113463311,-0.11025510204081634,0.1277460460481234,0.05,0.58,1.32,imagenet,adaptive_random_to_low_10,200
83,0,0.97,0.98,0.945,0.95,4.4,4.485,4.375,0.0790703222155571,0.057891663163900375,0.0670626163482666,0.975,0.04,0.015,0.01,10.0,0.7068367346938778,0.08965090750324164,-0.11785714285714287,0.11590557673567674,0.05,0.7144897959183675,0.10222649059566885,-0.11020408163265305,0.12764777922086068,0.05,0.585,1.335,imagenet,adaptive_random_to_low_10,200
84,0,0.97,0.98,0.965,0.955,4.4,4.485,4.385,0.055595602840185165,0.04620222747325897,0.060215502977371216,0.975,0.02,0.015,0.01,10.0,0.7063265306122449,0.08846403144265541,-0.11836734693877553,0.11374680259352317,0.05,0.7135204081632653,0.10019799618926416,-0.11117346938775512,0.1264011758241395,0.05,0.59,1.295,imagenet,adaptive_random_to_low_10,200
85,0,0.965,0.98,0.945,0.95,4.41,4.485,4.375,0.07756008952856064,0.041476909071207047,0.06537546962499619,0.97,0.04,0.02,0.015,10.0,0.7064285714285714,0.08879330085050882,-0.11826530612244898,0.11415460423304466,0.05,0.7139285714285714,0.10082121330893443,-0.11076530612244899,0.12702361721210764,0.05,0.555,1.29,imagenet,adaptive_random_to_low_10,200
86,0,0.965,0.98,0.95,0.945,4.41,4.485,4.38,0.08161748945713043,0.0662231519818306,0.06685298681259155,0.97,0.035,0.02,0.015,10.0,0.7062755102040816,0.0881724060836256,-0.11841836734693878,0.11362404140847503,0.05,0.7141326530612244,0.10168424134218809,-0.11056122448979591,0.12748616309720093,0.05,0.555,1.325,imagenet,adaptive_random_to_low_10,200
87,0,0.965,0.98,0.955,0.95,4.41,4.485,4.385,0.07683462649583817,0.06107040494680405,0.06924684345722198,0.97,0.03,0.02,0.015,10.0,0.7068877551020408,0.08967053089094894,-0.11780612244897959,0.11472234953864245,0.05,0.713265306122449,0.09989143634311932,-0.11142857142857142,0.12628466123598628,0.05,0.63,1.255,imagenet,adaptive_random_to_low_10,200
88,0,0.965,0.98,0.94,0.955,4.42,4.485,4.35,0.08677322417497635,0.049513187259435654,0.0687154084444046,0.97,0.045,0.02,0.01,10.0,0.7067857142857144,0.08920089412530625,-0.11790816326530612,0.11490336296352326,0.05,0.7133673469387755,0.09924555881442924,-0.1113265306122449,0.12637354886290267,0.05,0.62,1.265,imagenet,adaptive_random_to_low_10,200
89,0,0.965,0.98,0.95,0.955,4.42,4.485,4.38,0.07045064121484756,0.04519585147500038,0.06320984661579132,0.97,0.035,0.02,0.015,10.0,0.7071428571428572,0.09030818925252537,-0.11755102040816327,0.11590559589298209,0.05,0.7145408163265308,0.10153560787195982,-0.1101530612244898,0.12869714566855692,0.05,0.565,1.29,imagenet,adaptive_random_to_low_10,200
90,0,0.965,0.98,0.95,0.965,4.42,4.485,4.38,0.0653059333562851,0.04225676506757736,0.05841052532196045,0.97,0.035,0.02,0.015,10.0,0.706530612244898,0.08913134660549422,-0.11816326530612244,0.11455194828653475,0.05,0.714234693877551,0.10180979492713078,-0.1104591836734694,0.128429888679093,0.05,0.56,1.315,imagenet,adaptive_random_to_low_10,200
91,0,0.965,0.98,0.95,0.97,4.42,4.485,4.385,0.05444824695587158,0.03513786941766739,0.05460125580430031,0.97,0.035,0.02,0.015,10.0,0.7063265306122449,0.08837639847499922,-0.11836734693877551,0.1140815081036999,0.05,0.7143877551020408,0.10225057634678983,-0.1103061224489796,0.12878993848571554,0.05,0.54,1.33,imagenet,adaptive_random_to_low_10,200
92,0,0.965,0.98,0.95,0.95,4.42,4.485,4.355,0.07031087577342987,0.04722165688872337,0.05845967307686806,0.97,0.035,0.02,0.015,10.0,0.7065816326530613,0.08906863799316389,-0.11811224489795918,0.11466569483833154,0.05,0.7145918367346938,0.10228612708845482,-0.11010204081632652,0.12853911625454204,0.05,0.53,1.315,imagenet,adaptive_random_to_low_10,200
93,0,0.965,0.98,0.95,0.955,4.42,4.485,4.39,0.07195394486188889,0.044560495764017105,0.05778219550848007,0.97,0.035,0.02,0.015,10.0,0.706530612244898,0.0889122603854269,-0.11816326530612244,0.11452587806241354,0.05,0.7139285714285714,0.10094672458081279,-0.11076530612244899,0.12770818647943089,0.05,0.57,1.295,imagenet,adaptive_random_to_low_10,200
94,0,0.965,0.98,0.945,0.95,4.42,4.485,4.35,0.07275800406932831,0.04103507101535797,0.0567193478345871,0.97,0.04,0.02,0.015,10.0,0.7068877551020408,0.08963461039715984,-0.11780612244897959,0.11545329276559642,0.05,0.714795918367347,0.10331158519652411,-0.10989795918367345,0.13002909299117163,0.05,0.545,1.32,imagenet,adaptive_random_to_low_10,200
95,0,0.965,0.98,0.95,0.955,4.42,4.485,4.355,0.07940109819173813,0.04427976533770561,0.05752871185541153,0.97,0.035,0.02,0.015,10.0,0.707295918367347,0.09049846994023818,-0.11739795918367348,0.1162018881374388,0.05,0.7148979591836735,0.10332950749745667,-0.10979591836734695,0.1298848232801538,0.05,0.545,1.29,imagenet,adaptive_random_to_low_10,200
96,0,0.965,0.98,0.95,0.96,4.42,4.485,4.355,0.05962914973497391,0.03688974305987358,0.05743108689785004,0.97,0.035,0.02,0.015,10.0,0.7071428571428572,0.09023040230010658,-0.11755102040816326,0.11612212266860297,0.05,0.7151530612244897,0.1039002097113317,-0.10954081632653061,0.12978396930149758,0.05,0.54,1.325,imagenet,adaptive_random_to_low_10,200
97,0,0.965,0.98,0.955,0.955,4.42,4.485,4.395,0.062164295464754105,0.045988816767930984,0.057980798184871674,0.97,0.03,0.02,0.015,10.0,0.7069387755102041,0.0898777712246939,-0.11775510204081632,0.1157899904352962,0.05,0.7151530612244897,0.10372016712755523,-0.10954081632653061,0.13003756063408217,0.05,0.535,1.34,imagenet,adaptive_random_to_low_10,200
98,0,0.965,0.98,0.955,0.96,4.42,4.485,4.395,0.06588955223560333,0.04133595526218414,0.056559592485427856,0.97,0.03,0.02,0.015,10.0,0.7066326530612246,0.08947441922420903,-0.11806122448979593,0.11509262777952245,0.05,0.7151530612244897,0.10342291408393568,-0.10954081632653061,0.1297183466493152,0.05,0.515,1.35,imagenet,adaptive_random_to_low_10,200
99,0,0.965,0.98,0.955,0.965,4.42,4.485,4.395,0.06823820620775223,0.04022931680083275,0.05617551878094673,0.97,0.03,0.02,0.015,10.0,0.7067857142857144,0.0895254570803169,-0.11790816326530613,0.11519842131150654,0.05,0.7151020408163266,0.1035267739017058,-0.10959183673469389,0.12981065442203543,0.05,0.52,1.335,imagenet,adaptive_random_to_low_10,200
100,0,0.965,0.98,0.945,0.965,4.42,4.485,4.35,0.07317707687616348,0.038874365389347076,0.05515557900071144,0.97,0.04,0.02,0.015,10.0,0.7065306122448979,0.08882798140243262,-0.11816326530612244,0.1147133317598491,0.05,0.7149489795918368,0.10312154765049021,-0.10974489795918366,0.1290953216922935,0.05,0.515,1.34,imagenet,adaptive_random_to_low_10,200
0,0,0.055,0.98,0.955,0.965,4.295,4.485,4.375,0.07673554122447968,0.04942389577627182,1.9759149551391602,0.055,0.03,0.925,0.895,10.0,0.7058673469387755,0.08231790489358617,-0.1188265306122449,0.11018673395505175,0.05,0.729234693877551,0.1679639018459042,-0.0954591836734694,0.1908127719233744,0.05,0.55,2.84,imagenet,adaptive_random_to_student,200
1,0,0.75,0.98,0.955,0.96,4.455,4.485,4.4,0.06486073136329651,0.060337889939546585,1.0578465461730957,0.75,0.025,0.235,0.225,10.0,0.7025,0.07956746080398516,-0.1221938775510204,0.10392138346331194,0.05,0.7273979591836734,0.17505997373481066,-0.09729591836734695,0.18818330444977618,0.05,0.53,2.97,imagenet,adaptive_random_to_student,200
2,0,0.945,0.98,0.965,0.955,4.4,4.485,4.455,0.036755405366420746,0.04234221577644348,0.24738061428070068,0.945,0.015,0.045,0.045,10.0,0.6980102040816327,0.07467830591872324,-0.12668367346938778,0.09221563921004418,0.05,0.7235204081632653,0.1665751335483588,-0.10117346938775512,0.17334048582008107,0.05,0.5,3.0,imagenet,adaptive_random_to_student,200
3,0,0.955,0.98,0.945,0.96,4.385,4.485,4.41,0.08786217868328094,0.024034852162003517,0.10397077351808548,0.96,0.035,0.03,0.025,10.0,0.6965816326530613,0.06575660670491737,-0.12811224489795917,0.08795723139555775,0.05,0.7237755102040816,0.159866173014558,-0.10091836734693878,0.1751110313180834,0.05,0.475,3.14,imagenet,adaptive_random_to_student,200
4,0,0.955,0.98,0.95,0.965,4.4,4.485,4.395,0.06651370227336884,0.03208934888243675,0.09514395892620087,0.96,0.03,0.03,0.025,10.0,0.6999489795918368,0.07247333608734305,-0.12474489795918366,0.0960707291426661,0.05,0.7265306122448979,0.16771346344654925,-0.09816326530612245,0.18078836644708646,0.05,0.49,3.095,imagenet,adaptive_random_to_student,200
5,0,0.95,0.98,0.955,0.965,4.345,4.485,4.475,0.060827236622571945,0.029763752594590187,0.09153907746076584,0.955,0.03,0.035,0.035,10.0,0.7013265306122449,0.0754330593303232,-0.12336734693877553,0.10066555774508743,0.05,0.7264285714285715,0.17095296964126155,-0.09826530612244898,0.18301172072533517,0.05,0.54,3.0,imagenet,adaptive_random_to_student,200
6,0,0.94,0.98,0.955,0.97,4.415,4.485,4.39,0.05125296488404274,0.0343976765871048,0.12179229408502579,0.945,0.025,0.045,0.04,10.0,0.7038265306122449,0.08399077673617109,-0.1208673469387755,0.10743470850211452,0.05,0.7291326530612244,0.17555727754787548,-0.09556122448979593,0.19104619672871195,0.05,0.575,3.055,imagenet,adaptive_random_to_student,200
7,0,0.955,0.98,0.96,0.96,4.43,4.485,4.365,0.05490095168352127,0.055581435561180115,0.1027597039937973,0.96,0.025,0.03,0.03,10.0,0.7042346938775509,0.08526515571474444,-0.12045918367346939,0.11085743007002748,0.05,0.7280102040816326,0.17517550018149036,-0.09668367346938776,0.1892014044104144,0.05,0.545,2.875,imagenet,adaptive_random_to_student,200
8,0,0.95,0.98,0.965,0.96,4.425,4.485,4.4,0.06156410276889801,0.04458138346672058,0.08987539261579514,0.955,0.02,0.035,0.03,10.0,0.7039285714285716,0.08373910974552472,-0.12076530612244898,0.10841011783821158,0.05,0.7285204081632654,0.17635798712250483,-0.09617346938775512,0.18441329784691335,0.05,0.505,2.915,imagenet,adaptive_random_to_student,200
9,0,0.965,0.98,0.94,0.965,4.36,4.485,4.4,0.10686006397008896,0.04656606540083885,0.0814460813999176,0.97,0.04,0.02,0.015,10.0,0.7046938775510203,0.08463749225791933,-0.12,0.10774936241024989,0.05,0.7284693877551021,0.16928508139801873,-0.09622448979591837,0.18694541130680592,0.05,0.52,2.85,imagenet,adaptive_random_to_student,200
10,0,0.95,0.98,0.945,0.95,4.36,4.485,4.335,0.08271514624357224,0.07260710000991821,0.10406725108623505,0.955,0.04,0.035,0.02,10.0,0.7064795918367346,0.08857490862035833,-0.11821428571428572,0.11290508896330721,0.05,0.7321428571428572,0.19504305028088625,-0.09255102040816326,0.2036634404445067,0.05,0.565,3.08,imagenet,adaptive_random_to_student,200
11,0,0.945,0.98,0.94,0.945,4.5,4.485,4.345,0.08064113557338715,0.07358268648386002,0.12342285364866257,0.95,0.04,0.04,0.025,10.0,0.7052551020408163,0.08885728782004679,-0.1194387755102041,0.11791631226529717,0.05,0.7287244897959184,0.18109066470356275,-0.09596938775510204,0.20110845751594753,0.05,0.62,2.92,imagenet,adaptive_random_to_student,200
12,0,0.95,0.98,0.94,0.96,4.4,4.485,4.355,0.09173710644245148,0.07494612783193588,0.09771169722080231,0.955,0.045,0.035,0.025,10.0,0.7064795918367346,0.09002906579838982,-0.11821428571428572,0.12095975947144325,0.05,0.7312244897959184,0.18560998569751883,-0.09346938775510205,0.2012695278855972,0.05,0.545,2.97,imagenet,adaptive_random_to_student,200
13,0,0.96,0.98,0.95,0.96,4.385,4.485,4.405,0.11351384222507477,0.08509641885757446,0.09346642345190048,0.965,0.035,0.025,0.015,10.0,0.7062755102040816,0.08883666029841084,-0.11841836734693877,0.11899588470390882,0.05,0.7306632653061225,0.18500368740836873,-0.09403061224489796,0.20144382736587432,0.05,0.58,2.97,imagenet,adaptive_random_to_student,200
14,0,0.96,0.98,0.94,0.945,4.39,4.485,4.375,0.0827094167470932,0.09431406855583191,0.09562818706035614,0.965,0.04,0.025,0.025,10.0,0.7065816326530612,0.09217093373863892,-0.11811224489795918,0.11862505390527076,0.05,0.7321428571428572,0.18490593999760188,-0.09255102040816325,0.19814803212648258,0.05,0.53,3.035,imagenet,adaptive_random_to_student,200
15,0,0.96,0.98,0.97,0.96,4.455,4.485,4.425,0.0423753447830677,0.06686266511678696,0.09873992949724197,0.955,0.015,0.03,0.03,10.0,0.7072448979591838,0.08849086639507292,-0.11744897959183674,0.11814812776457984,0.05,0.7315306122448979,0.17140969814576654,-0.09316326530612244,0.1982873139390722,0.05,0.565,2.945,imagenet,adaptive_random_to_student,200
16,0,0.96,0.98,0.945,0.965,4.365,4.485,4.35,0.08746717125177383,0.05422130972146988,0.09796805679798126,0.965,0.04,0.025,0.02,10.0,0.707295918367347,0.0895097426802928,-0.11739795918367346,0.1187507882907812,0.05,0.7314285714285714,0.18114951230174556,-0.09326530612244899,0.20475698935915715,0.05,0.56,2.925,imagenet,adaptive_random_to_student,200
17,0,0.965,0.98,0.945,0.955,4.405,4.485,4.395,0.09951233118772507,0.05153393745422363,0.07039733976125717,0.97,0.04,0.02,0.01,10.0,0.710408163265306,0.09485737247005528,-0.11428571428571428,0.12454113851345028,0.05,0.7332653061224491,0.1802149642261847,-0.09142857142857146,0.20411974017042667,0.05,0.595,2.835,imagenet,adaptive_random_to_student,200
18,0,0.965,0.98,0.97,0.965,4.43,4.485,4.405,0.04821714386343956,0.04612307995557785,0.09518954902887344,0.96,0.015,0.025,0.025,10.0,0.7106122448979594,0.09535991921775715,-0.11408163265306122,0.12878855124698022,0.05,0.7348469387755102,0.18675166315272482,-0.0898469387755102,0.20948968030861578,0.05,0.635,3.01,imagenet,adaptive_random_to_student,200
19,0,0.975,0.98,0.955,0.955,4.455,4.485,4.365,0.058403242379426956,0.055510640144348145,0.0959353893995285,0.97,0.03,0.015,0.01,10.0,0.7096938775510204,0.09638030765591053,-0.115,0.12207785256556235,0.05,0.7325510204081632,0.17734193247597124,-0.09214285714285714,0.19422303040395492,0.05,0.59,2.83,imagenet,adaptive_random_to_student,200
20,0,0.96,0.98,0.94,0.95,4.39,4.485,4.42,0.08124450594186783,0.06049583852291107,0.08919260650873184,0.965,0.04,0.025,0.02,10.0,0.7086224489795918,0.0902518429594311,-0.11607142857142858,0.11709635889623314,0.05,0.7330102040816326,0.18302804607454964,-0.09168367346938776,0.1990925346268341,0.05,0.61,3.0,imagenet,adaptive_random_to_student,200
21,0,0.965,0.98,0.945,0.95,4.41,4.485,4.41,0.08054099231958389,0.06739337742328644,0.11303611099720001,0.96,0.035,0.025,0.02,10.0,0.7075,0.09002042603950591,-0.11719387755102041,0.11917830122692977,0.05,0.7317857142857143,0.1839129033878854,-0.09290816326530611,0.2021155185997486,0.05,0.55,2.93,imagenet,adaptive_random_to_student,200
22,0,0.955,0.98,0.94,0.955,4.405,4.485,4.35,0.07740098237991333,0.05819737911224365,0.1332133263349533,0.95,0.04,0.035,0.025,10.0,0.7094387755102041,0.09281358147469995,-0.11525510204081632,0.12340194715943653,0.05,0.7336734693877551,0.19687269140030453,-0.09102040816326533,0.20861877323841327,0.05,0.545,2.92,imagenet,adaptive_random_to_student,200
23,0,0.965,0.98,0.945,0.955,4.4,4.485,4.485,0.09349224716424942,0.08164725452661514,0.086677186191082,0.97,0.04,0.02,0.02,10.0,0.7070408163265306,0.0875813060932858,-0.11765306122448979,0.11341606859772582,0.05,0.7312755102040817,0.19108641185853104,-0.09341836734693879,0.20853723182110115,0.05,0.59,2.965,imagenet,adaptive_random_to_student,200
24,0,0.955,0.98,0.95,0.96,4.425,4.485,4.385,0.06623289734125137,0.06168721243739128,0.11094770580530167,0.96,0.03,0.03,0.025,10.0,0.7076530612244898,0.09181422668403405,-0.11704081632653061,0.11706628495798213,0.05,0.7316836734693877,0.18959512865477923,-0.09301020408163266,0.20560470898868516,0.05,0.605,2.96,imagenet,adaptive_random_to_student,200
25,0,0.96,0.98,0.965,0.945,4.45,4.485,4.44,0.056263264268636703,0.0753312036395073,0.10139060765504837,0.965,0.02,0.025,0.02,10.0,0.7090306122448979,0.09528929592994058,-0.11566326530612243,0.12178536549312412,0.05,0.7324489795918367,0.1813690702469659,-0.0922448979591837,0.19996489277807997,0.05,0.65,2.945,imagenet,adaptive_random_to_student,200
26,0,0.955,0.98,0.945,0.955,4.425,4.485,4.43,0.09812994301319122,0.05154500901699066,0.11500832438468933,0.95,0.035,0.035,0.025,10.0,0.7081632653061224,0.09169959657010254,-0.11653061224489797,0.11936690318223554,0.05,0.7314795918367346,0.1872344819008434,-0.09321428571428574,0.2020376248145476,0.05,0.61,2.895,imagenet,adaptive_random_to_student,200
27,0,0.96,0.98,0.96,0.945,4.46,4.485,4.395,0.06409530341625214,0.09744071960449219,0.0819142535328865,0.96,0.025,0.03,0.03,10.0,0.712295918367347,0.10115830742071026,-0.11239795918367346,0.1319199022797693,0.05,0.735,0.18779149982159737,-0.0896938775510204,0.20262028026860207,0.05,0.63,2.855,imagenet,adaptive_random_to_student,200
28,0,0.96,0.98,0.945,0.95,4.475,4.485,4.385,0.10707735270261765,0.10242374241352081,0.086723692715168,0.97,0.04,0.025,0.015,10.0,0.7096428571428571,0.09402305212484292,-0.11505102040816326,0.12777257062407443,0.05,0.7337755102040816,0.17844179895612425,-0.09091836734693878,0.20991267445962877,0.05,0.61,2.975,imagenet,adaptive_random_to_student,200
29,0,0.965,0.98,0.94,0.955,4.435,4.485,4.36,0.08386798202991486,0.07078726589679718,0.0713173970580101,0.97,0.04,0.02,0.01,10.0,0.7096428571428572,0.0945045832988576,-0.11505102040816327,0.1218134240663494,0.05,0.7341326530612244,0.18947617127899619,-0.09056122448979594,0.2031295909360051,0.05,0.63,3.03,imagenet,adaptive_random_to_student,200
30,0,0.965,0.98,0.955,0.955,4.4,4.485,4.41,0.08092968910932541,0.06976420432329178,0.08717136085033417,0.97,0.03,0.02,0.01,10.0,0.7098979591836735,0.09412475498684342,-0.11479591836734696,0.1217622258127085,0.05,0.7340306122448981,0.17827156978141814,-0.09066326530612244,0.20087901570368558,0.05,0.63,2.995,imagenet,adaptive_random_to_student,200
31,0,0.97,0.98,0.955,0.955,4.39,4.485,4.375,0.05538279563188553,0.06010076403617859,0.07735263556241989,0.975,0.03,0.015,0.01,10.0,0.707857142857143,0.09322867220882222,-0.11683673469387756,0.12135513957269722,0.05,0.7314285714285714,0.1744819701056503,-0.09326530612244899,0.20526358116418122,0.05,0.59,2.9,imagenet,adaptive_random_to_student,200
32,0,0.97,0.98,0.96,0.96,4.42,4.485,4.37,0.05013042315840721,0.05403944477438927,0.08223442733287811,0.965,0.025,0.02,0.02,10.0,0.7063775510204081,0.08860151087275334,-0.11831632653061225,0.11851047507225303,0.05,0.7312755102040817,0.18663522770670063,-0.09341836734693879,0.2023176947934553,0.05,0.56,3.0,imagenet,adaptive_random_to_student,200
33,0,0.985,0.98,0.95,0.965,4.435,4.485,4.34,0.09365920722484589,0.04612642899155617,0.06164250895380974,0.98,0.035,0.005,0.0,10.0,0.7043367346938774,0.08243810957836777,-0.12035714285714287,0.1119065685159876,0.05,0.7283673469387756,0.16796662784331168,-0.0963265306122449,0.19198833198053764,0.05,0.58,2.935,imagenet,adaptive_random_to_student,200
34,0,0.975,0.98,0.95,0.955,4.44,4.485,4.305,0.09475623071193695,0.05342497676610947,0.07686176151037216,0.97,0.035,0.015,0.01,10.0,0.7071428571428571,0.09199768617437859,-0.11755102040816326,0.12045861876191338,0.05,0.7311224489795919,0.18322039936778517,-0.09357142857142858,0.19931881531490944,0.05,0.6,2.95,imagenet,adaptive_random_to_student,200
35,0,0.965,0.98,0.955,0.95,4.47,4.485,4.41,0.0784316137433052,0.06460480391979218,0.08114069700241089,0.96,0.03,0.025,0.015,10.0,0.7068877551020408,0.09044915060800136,-0.11780612244897959,0.11832311765057967,0.05,0.7309183673469388,0.1775427749479461,-0.09377551020408163,0.20018169117160142,0.05,0.635,2.99,imagenet,adaptive_random_to_student,200
36,0,0.97,0.98,0.94,0.95,4.375,4.485,4.32,0.11560990661382675,0.058695755898952484,0.07321483641862869,0.975,0.04,0.015,0.005,10.0,0.7081632653061223,0.0924054131477405,-0.11653061224489797,0.12047061609482626,0.05,0.7329081632653062,0.19016232266922337,-0.09178571428571429,0.20575857195537536,0.05,0.54,2.965,imagenet,adaptive_random_to_student,200
37,0,0.97,0.98,0.96,0.95,4.4,4.485,4.37,0.07755889743566513,0.07241572439670563,0.06659621745347977,0.965,0.025,0.02,0.02,10.0,0.7053061224489795,0.08774586426379438,-0.11938775510204083,0.11506577417632798,0.05,0.7296428571428573,0.17074321453185803,-0.0950510204081633,0.19421002410235816,0.05,0.58,2.965,imagenet,adaptive_random_to_student,200
38,0,0.97,0.98,0.935,0.955,4.39,4.485,4.385,0.08917589485645294,0.05189170688390732,0.08805914968252182,0.965,0.045,0.02,0.01,10.0,0.704234693877551,0.08351800990189667,-0.12045918367346939,0.11099027689007926,0.05,0.7288265306122449,0.1739572817972667,-0.09586734693877552,0.19376354879233987,0.05,0.53,2.94,imagenet,adaptive_random_to_student,200
39,0,0.965,0.98,0.955,0.955,4.405,4.485,4.42,0.0676465779542923,0.050021566450595856,0.0823102593421936,0.97,0.025,0.02,0.01,10.0,0.7044387755102041,0.0842543722423893,-0.12025510204081634,0.11038624778724625,0.05,0.7286224489795918,0.1663913679242239,-0.09607142857142857,0.18533683086279779,0.05,0.595,2.965,imagenet,adaptive_random_to_student,200
40,0,0.97,0.98,0.96,0.945,4.39,4.485,4.415,0.0605149082839489,0.07497844099998474,0.0664258673787117,0.965,0.025,0.02,0.015,10.0,0.7038775510204082,0.08368377496490381,-0.12081632653061225,0.11164299028023379,0.05,0.7278571428571429,0.17285559187979688,-0.09683673469387756,0.19432705243176315,0.05,0.625,2.975,imagenet,adaptive_random_to_student,200
41,0,0.96,0.98,0.965,0.955,4.42,4.485,4.38,0.03699508309364319,0.07418710738420486,0.09844796359539032,0.955,0.02,0.03,0.025,10.0,0.7091326530612244,0.09283672217803556,-0.11556122448979593,0.12134328285901574,0.05,0.7336224489795918,0.17610547112401756,-0.09107142857142858,0.1995064684882527,0.05,0.64,3.04,imagenet,adaptive_random_to_student,200
42,0,0.97,0.98,0.95,0.95,4.425,4.485,4.315,0.045630574226379395,0.05078883096575737,0.0963108241558075,0.965,0.035,0.02,0.01,10.0,0.7075,0.08971739772404272,-0.11719387755102041,0.11778295985874138,0.05,0.7294897959183675,0.16800928236621265,-0.09520408163265305,0.19012952584715095,0.05,0.66,2.815,imagenet,adaptive_random_to_student,200
43,0,0.96,0.98,0.94,0.955,4.39,4.485,4.355,0.07654421031475067,0.04495011642575264,0.09866300225257874,0.955,0.04,0.03,0.025,10.0,0.7086734693877551,0.09369013452946856,-0.11602040816326532,0.1257150599216402,0.05,0.7327551020408163,0.19409663804757088,-0.0919387755102041,0.21059591533557978,0.05,0.635,2.995,imagenet,adaptive_random_to_student,200
44,0,0.965,0.98,0.945,0.955,4.38,4.485,4.4,0.07605768740177155,0.0577244870364666,0.06688245385885239,0.97,0.035,0.02,0.02,10.0,0.7115306122448979,0.10051394321655721,-0.11316326530612246,0.13167809491467777,0.05,0.7343367346938776,0.18419021275445116,-0.09035714285714286,0.21413641133811326,0.05,0.68,2.915,imagenet,adaptive_random_to_student,200
45,0,0.965,0.98,0.945,0.96,4.385,4.485,4.34,0.09442877769470215,0.054561223834753036,0.11461979150772095,0.96,0.04,0.025,0.015,10.0,0.7076530612244898,0.0898227292788276,-0.11704081632653061,0.12237918687373167,0.05,0.7328061224489797,0.17847794666105166,-0.09188775510204081,0.2019743099901825,0.05,0.57,3.035,imagenet,adaptive_random_to_student,200
46,0,0.965,0.98,0.955,0.95,4.385,4.485,4.34,0.0697985365986824,0.05469062924385071,0.0692773088812828,0.97,0.03,0.02,0.015,10.0,0.7083673469387756,0.09002153445038585,-0.11632653061224492,0.12147447244264185,0.05,0.7331632653061226,0.18498716277852464,-0.09153061224489796,0.20674457394052298,0.05,0.605,3.035,imagenet,adaptive_random_to_student,200
47,0,0.975,0.98,0.955,0.945,4.405,4.485,4.34,0.06626161932945251,0.07281175255775452,0.05025594308972359,0.98,0.03,0.01,0.01,10.0,0.7077551020408163,0.08873614720792283,-0.11693877551020408,0.12133156925148797,0.05,0.7318877551020408,0.16846617611063164,-0.0928061224489796,0.19878373055078555,0.05,0.625,2.99,imagenet,adaptive_random_to_student,200
48,0,0.98,0.98,0.955,0.935,4.42,4.485,4.405,0.08243200927972794,0.07203556597232819,0.06631212681531906,0.975,0.03,0.01,0.01,10.0,0.7101020408163266,0.09548596832192488,-0.11459183673469388,0.1266598757196334,0.05,0.7332653061224491,0.17778057463267338,-0.09142857142857144,0.20957343130838127,0.05,0.615,2.885,imagenet,adaptive_random_to_student,200
49,0,0.97,0.98,0.945,0.955,4.44,4.485,4.315,0.07143551111221313,0.07528084516525269,0.058633290231227875,0.975,0.04,0.015,0.01,10.0,0.7092857142857142,0.09612911902867657,-0.11540816326530612,0.12909167402540334,0.05,0.7327551020408163,0.17543370196938288,-0.0919387755102041,0.2015126444445923,0.05,0.56,2.86,imagenet,adaptive_random_to_student,200
50,0,0.965,0.98,0.945,0.95,4.385,4.485,4.35,0.09206527471542358,0.06787386536598206,0.06121384724974632,0.97,0.035,0.02,0.015,10.0,0.7090816326530613,0.09314778817381146,-0.11561224489795918,0.120989373527118,0.05,0.7331122448979592,0.18570360240628758,-0.09158163265306123,0.20142781777773053,0.05,0.58,2.935,imagenet,adaptive_random_to_student,200
51,0,0.965,0.98,0.96,0.96,4.39,4.485,4.37,0.04141043499112129,0.04141043499112129,0.0716305747628212,0.97,0.025,0.02,0.015,0.0,0.7088265306122449,0.09187013534292822,-0.11586734693877551,0.11884502313245321,0.05,0.7088265306122449,0.09187013534292822,-0.11586734693877551,0.11884502313245321,0.05,0.0,0.0,imagenet,adaptive_random_to_student,200
52,0,0.97,0.98,0.955,0.955,4.44,4.485,4.41,0.044130273163318634,0.044130273163318634,0.054336126893758774,0.975,0.03,0.015,0.015,0.0,0.7078061224489796,0.09099618458757082,-0.11688775510204082,0.11885591135069262,0.05,0.7078061224489796,0.09099618458757082,-0.11688775510204082,0.11885591135069262,0.05,0.0,0.0,imagenet,adaptive_random_to_student,200
53,0,0.97,0.98,0.955,0.955,4.465,4.485,4.365,0.0630321279168129,0.0630321279168129,0.0664421021938324,0.975,0.03,0.015,0.015,0.0,0.7099489795918366,0.09453464485520223,-0.11474489795918368,0.12381422712423955,0.05,0.7099489795918366,0.09453464485520223,-0.11474489795918368,0.12381422712423955,0.05,0.0,0.0,imagenet,adaptive_random_to_student,200
54,0,0.965,0.98,0.955,0.955,4.435,4.485,4.38,0.057591043412685394,0.057591043412685394,0.06330286711454391,0.97,0.03,0.02,0.015,0.0,0.7081122448979591,0.09049639366237783,-0.11658163265306122,0.11931558743308415,0.05,0.7081122448979591,0.09049639366237783,-0.11658163265306122,0.11931558743308415,0.05,0.0,0.0,imagenet,adaptive_random_to_student,200
55,0,0.965,0.98,0.94,0.94,4.42,4.485,4.365,0.08274739235639572,0.08274739235639572,0.06356879323720932,0.97,0.045,0.02,0.01,0.0,0.7068877551020409,0.08761306152070125,-0.11780612244897959,0.11611696905791177,0.05,0.7068877551020409,0.08761306152070125,-0.11780612244897959,0.11611696905791177,0.05,0.0,0.0,imagenet,adaptive_random_to_student,200
56,0,0.97,0.98,0.955,0.955,4.425,4.485,4.365,0.05562158674001694,0.05562158674001694,0.060760870575904846,0.975,0.03,0.015,0.01,0.0,0.7081632653061224,0.09008474280631129,-0.11653061224489797,0.11909417023518472,0.05,0.7081632653061224,0.09008474280631129,-0.11653061224489797,0.11909417023518472,0.05,0.0,0.0,imagenet,adaptive_random_to_student,200
57,0,0.98,0.98,0.955,0.955,4.43,4.485,4.365,0.05960391089320183,0.05960391089320183,0.048238322138786316,0.985,0.03,0.005,0.0,0.0,0.7088775510204082,0.09095715517924718,-0.11581632653061226,0.12140250720040058,0.05,0.7088775510204082,0.09095715517924718,-0.11581632653061226,0.12140250720040058,0.05,0.0,0.0,imagenet,adaptive_random_to_student,200
58,0,0.98,0.98,0.96,0.96,4.43,4.485,4.395,0.04132481664419174,0.04132481664419174,0.048734940588474274,0.985,0.025,0.005,0.005,0.0,0.7086734693877551,0.08988939154464981,-0.11602040816326532,0.11963004152014037,0.05,0.7086734693877551,0.08988939154464981,-0.11602040816326532,0.11963004152014037,0.05,0.0,0.0,imagenet,adaptive_random_to_student,200
59,0,0.97,0.98,0.955,0.955,4.44,4.485,4.325,0.07539515197277069,0.07539515197277069,0.05031643062829971,0.975,0.03,0.015,0.015,0.0,0.7083673469387756,0.0909588790664537,-0.1163265306122449,0.12465404043265153,0.05,0.7083673469387756,0.0909588790664537,-0.1163265306122449,0.12465404043265153,0.05,0.0,0.0,imagenet,adaptive_random_to_student,200
60,0,0.975,0.98,0.96,0.96,4.465,4.485,4.325,0.044491857290267944,0.044491857290267944,0.04443482309579849,0.98,0.025,0.01,0.01,0.0,0.7069897959183673,0.08667432111849158,-0.11770408163265307,0.11756110671631177,0.05,0.7069897959183673,0.08667432111849158,-0.11770408163265307,0.11756110671631177,0.05,0.0,0.0,imagenet,adaptive_random_to_student,200
61,0,0.975,0.98,0.955,0.955,4.405,4.485,4.305,0.05087563395500183,0.05087563395500183,0.04801351949572563,0.98,0.03,0.01,0.005,0.0,0.7073469387755102,0.08689588865644746,-0.11734693877551021,0.11830597856562236,0.05,0.7073469387755102,0.08689588865644746,-0.11734693877551021,0.11830597856562236,0.05,0.0,0.0,imagenet,adaptive_random_to_student,200
62,0,0.975,0.98,0.965,0.965,4.405,4.485,4.395,0.0353599488735199,0.0353599488735199,0.055001866072416306,0.98,0.02,0.01,0.005,0.0,0.7056632653061223,0.08369247915506359,-0.11903061224489797,0.11350066312719718,0.05,0.7056632653061223,0.08369247915506359,-0.11903061224489797,0.11350066312719718,0.05,0.0,0.0,imagenet,adaptive_random_to_student,200
63,0,0.97,0.98,0.96,0.96,4.375,4.485,4.35,0.05622534826397896,0.05622534826397896,0.04651985317468643,0.975,0.025,0.015,0.01,0.0,0.7054591836734693,0.08188866176229724,-0.11923469387755102,0.11237387129411218,0.05,0.7054591836734693,0.08188866176229724,-0.11923469387755102,0.11237387129411218,0.05,0.0,0.0,imagenet,adaptive_random_to_student,200
64,0,0.96,0.98,0.95,0.95,4.385,4.485,4.35,0.045183125883340836,0.045183125883340836,0.06558860093355179,0.965,0.035,0.025,0.015,0.0,0.7060204081632654,0.08422624671873158,-0.1186734693877551,0.11287295638001524,0.05,0.7060204081632654,0.08422624671873158,-0.1186734693877551,0.11287295638001524,0.05,0.0,0.0,imagenet,adaptive_random_to_student,200
65,0,0.96,0.98,0.955,0.955,4.385,4.485,4.395,0.058736659586429596,0.058736659586429596,0.06317099928855896,0.965,0.03,0.025,0.01,0.0,0.7043877551020408,0.08191352753290757,-0.12030612244897959,0.1102184242088697,0.05,0.7043877551020408,0.08191352753290757,-0.12030612244897959,0.1102184242088697,0.05,0.0,0.0,imagenet,adaptive_random_to_student,200
66,0,0.975,0.98,0.955,0.955,4.435,4.485,4.315,0.055684253573417664,0.055684253573417664,0.05845190957188606,0.98,0.03,0.01,0.005,0.0,0.7026530612244898,0.07802226574651307,-0.1220408163265306,0.10629644176136935,0.05,0.7026530612244898,0.07802226574651307,-0.1220408163265306,0.10629644176136935,0.05,0.0,0.0,imagenet,adaptive_random_to_student,200
67,0,0.965,0.98,0.95,0.95,4.405,4.485,4.33,0.0632382333278656,0.0632382333278656,0.05901362746953964,0.97,0.03,0.02,0.015,0.0,0.7025510204081633,0.07741800993061404,-0.12214285714285715,0.10539550087050883,0.05,0.7025510204081633,0.07741800993061404,-0.12214285714285715,0.10539550087050883,0.05,0.0,0.0,imagenet,adaptive_random_to_student,200
68,0,0.975,0.98,0.95,0.95,4.395,4.485,4.3,0.08349433541297913,0.08349433541297913,0.056258659809827805,0.98,0.035,0.01,0.005,0.0,0.7034693877551019,0.0794008408758373,-0.12122448979591838,0.10749126630384126,0.05,0.7034693877551019,0.0794008408758373,-0.12122448979591838,0.10749126630384126,0.05,0.0,0.0,imagenet,adaptive_random_to_student,200
69,0,0.96,0.98,0.96,0.96,4.435,4.485,4.345,0.04313281551003456,0.04313281551003456,0.06545299291610718,0.965,0.025,0.025,0.02,0.0,0.7032142857142857,0.07907719949367731,-0.1214795918367347,0.10678261180888513,0.05,0.7032142857142857,0.07907719949367731,-0.1214795918367347,0.10678261180888513,0.05,0.0,0.0,imagenet,adaptive_random_to_student,200
70,0,0.97,0.98,0.955,0.955,4.44,4.485,4.395,0.05353230610489845,0.05353230610489845,0.06116626411676407,0.975,0.03,0.015,0.005,0.0,0.7054591836734694,0.08441460702366796,-0.11923469387755102,0.11147865705323057,0.05,0.7054591836734694,0.08441460702366796,-0.11923469387755102,0.11147865705323057,0.05,0.0,0.0,imagenet,adaptive_random_to_student,200
71,0,0.97,0.98,0.96,0.96,4.4,4.485,4.355,0.03855049982666969,0.03855049982666969,0.054671868681907654,0.975,0.025,0.015,0.01,0.0,0.7060714285714286,0.08565342293366078,-0.11862244897959183,0.11316803290814277,0.05,0.7060714285714286,0.08565342293366078,-0.11862244897959183,0.11316803290814277,0.05,0.0,0.0,imagenet,adaptive_random_to_student,200
72,0,0.97,0.98,0.96,0.96,4.4,4.485,4.38,0.052288785576820374,0.052288785576820374,0.06496470421552658,0.975,0.025,0.015,0.01,0.0,0.707704081632653,0.08896575743197778,-0.11698979591836736,0.11566039997342159,0.05,0.707704081632653,0.08896575743197778,-0.11698979591836736,0.11566039997342159,0.05,0.0,0.0,imagenet,adaptive_random_to_student,200
73,0,0.97,0.98,0.96,0.96,4.4,4.485,4.38,0.051272619515657425,0.051272619515657425,0.06839237362146378,0.975,0.025,0.015,0.01,0.0,0.7078571428571427,0.0886021179330593,-0.11683673469387756,0.1159509468152828,0.05,0.7078571428571427,0.0886021179330593,-0.11683673469387756,0.1159509468152828,0.05,0.0,0.0,imagenet,adaptive_random_to_student,200
74,0,0.97,0.98,0.96,0.96,4.4,4.485,4.38,0.053037215024232864,0.053037215024232864,0.0725720152258873,0.975,0.025,0.015,0.01,0.0,0.7070408163265307,0.08646962949305524,-0.11765306122448979,0.11427465081957053,0.05,0.7070408163265307,0.08646962949305524,-0.11765306122448979,0.11427465081957053,0.05,0.0,0.0,imagenet,adaptive_random_to_student,200
75,0,0.965,0.98,0.96,0.96,4.42,4.485,4.38,0.051366642117500305,0.051366642117500305,0.06700100749731064,0.97,0.025,0.02,0.015,0.0,0.7063775510204081,0.08640070816167196,-0.11831632653061225,0.11365348548730253,0.05,0.7063775510204081,0.08640070816167196,-0.11831632653061225,0.11365348548730253,0.05,0.0,0.0,imagenet,adaptive_random_to_student,200
76,0,0.97,0.98,0.96,0.96,4.4,4.485,4.38,0.052573855966329575,0.052573855966329575,0.07317876070737839,0.975,0.025,0.015,0.01,0.0,0.7068367346938775,0.08745090750884427,-0.11785714285714287,0.11407454752930789,0.05,0.7068367346938775,0.08745090750884427,-0.11785714285714287,0.11407454752930789,0.05,0.0,0.0,imagenet,adaptive_random_to_student,200
77,0,0.97,0.98,0.96,0.96,4.4,4.485,4.38,0.0510924831032753,0.0510924831032753,0.07439889013767242,0.975,0.025,0.015,0.01,0.0,0.7061224489795919,0.08681854116969344,-0.11857142857142858,0.11427256932161982,0.05,0.7061224489795919,0.08681854116969344,-0.11857142857142858,0.11427256932161982,0.05,0.0,0.0,imagenet,adaptive_random_to_student,200
78,0,0.975,0.98,0.965,0.965,4.425,4.485,4.4,0.04533998668193817,0.04533998668193817,0.05952104926109314,0.98,0.02,0.01,0.01,0.0,0.7049489795918368,0.08411915489874867,-0.11974489795918367,0.11170837737721741,0.05,0.7049489795918368,0.08411915489874867,-0.11974489795918367,0.11170837737721741,0.05,0.0,0.0,imagenet,adaptive_random_to_student,200
79,0,0.975,0.98,0.96,0.96,4.425,4.485,4.38,0.05685312673449516,0.05685312673449516,0.065127894282341,0.98,0.025,0.01,0.005,0.0,0.7054591836734693,0.0860000704509812,-0.11923469387755102,0.112584206432075,0.05,0.7054591836734693,0.0860000704509812,-0.11923469387755102,0.112584206432075,0.05,0.0,0.0,imagenet,adaptive_random_to_student,200
80,0,0.97,0.98,0.955,0.955,4.4,4.485,4.365,0.048773374408483505,0.048773374408483505,0.06953117996454239,0.975,0.03,0.015,0.01,0.0,0.7056122448979592,0.08689340474453756,-0.11908163265306122,0.1134906431082345,0.05,0.7056122448979592,0.08689340474453756,-0.11908163265306122,0.1134906431082345,0.05,0.0,0.0,imagenet,adaptive_random_to_student,200
81,0,0.97,0.98,0.965,0.965,4.4,4.485,4.43,0.036777496337890625,0.036777496337890625,0.0678657591342926,0.975,0.02,0.015,0.015,0.0,0.7053061224489795,0.08579587045092378,-0.11938775510204082,0.11285427447030089,0.05,0.7053061224489795,0.08579587045092378,-0.11938775510204082,0.11285427447030089,0.05,0.0,0.0,imagenet,adaptive_random_to_student,200
82,0,0.97,0.98,0.96,0.96,4.4,4.485,4.38,0.04682406783103943,0.04682406783103943,0.06799296289682388,0.975,0.025,0.015,0.01,0.0,0.705612244897959,0.08616080540922393,-0.11908163265306122,0.11286126907536527,0.05,0.705612244897959,0.08616080540922393,-0.11908163265306122,0.11286126907536527,0.05,0.0,0.0,imagenet,adaptive_random_to_student,200
83,0,0.97,0.98,0.965,0.965,4.4,4.485,4.395,0.03586166724562645,0.03586166724562645,0.06462244689464569,0.975,0.02,0.015,0.01,0.0,0.7055102040816327,0.08558509241713218,-0.11918367346938777,0.11165699747944018,0.05,0.7055102040816327,0.08558509241713218,-0.11918367346938777,0.11165699747944018,0.05,0.0,0.0,imagenet,adaptive_random_to_student,200
84,0,0.97,0.98,0.965,0.965,4.4,4.485,4.395,0.03433102369308472,0.03433102369308472,0.06966780126094818,0.975,0.02,0.015,0.01,0.0,0.705204081632653,0.08583673906322213,-0.11948979591836735,0.11154210821347078,0.05,0.705204081632653,0.08583673906322213,-0.11948979591836735,0.11154210821347078,0.05,0.0,0.0,imagenet,adaptive_random_to_student,200
85,0,0.97,0.98,0.96,0.96,4.4,4.485,4.38,0.04167308658361435,0.04167308658361435,0.0713527649641037,0.975,0.025,0.015,0.01,0.0,0.7054591836734693,0.08640657380187808,-0.11923469387755102,0.11192678305873414,0.05,0.7054591836734693,0.08640657380187808,-0.11923469387755102,0.11192678305873414,0.05,0.0,0.0,imagenet,adaptive_random_to_student,200
86,0,0.97,0.98,0.955,0.955,4.4,4.485,4.365,0.044140804558992386,0.044140804558992386,0.07052615284919739,0.975,0.03,0.015,0.01,0.0,0.7056632653061224,0.08650171509218761,-0.11903061224489797,0.11224875575484475,0.05,0.7056632653061224,0.08650171509218761,-0.11903061224489797,0.11224875575484475,0.05,0.0,0.0,imagenet,adaptive_random_to_student,200
87,0,0.97,0.98,0.955,0.955,4.4,4.485,4.365,0.05572133883833885,0.05572133883833885,0.06964127719402313,0.975,0.03,0.015,0.01,0.0,0.7053571428571428,0.08486599764770343,-0.11933673469387757,0.11161568247363902,0.05,0.7053571428571428,0.08486599764770343,-0.11933673469387757,0.11161568247363902,0.05,0.0,0.0,imagenet,adaptive_random_to_student,200
88,0,0.97,0.98,0.95,0.95,4.4,4.485,4.38,0.06008016690611839,0.06008016690611839,0.06739632785320282,0.975,0.035,0.015,0.01,0.0,0.705612244897959,0.08575576457780353,-0.11908163265306122,0.11186072335200152,0.05,0.705612244897959,0.08575576457780353,-0.11908163265306122,0.11186072335200152,0.05,0.0,0.0,imagenet,adaptive_random_to_student,200
89,0,0.97,0.98,0.955,0.955,4.4,4.485,4.365,0.0525539256632328,0.0525539256632328,0.06810120493173599,0.975,0.03,0.015,0.01,0.0,0.7057653061224489,0.08612560762842933,-0.11892857142857144,0.1116295525841997,0.05,0.7057653061224489,0.08612560762842933,-0.11892857142857144,0.1116295525841997,0.05,0.0,0.0,imagenet,adaptive_random_to_student,200
90,0,0.97,0.98,0.955,0.955,4.4,4.485,4.365,0.043529462069272995,0.043529462069272995,0.06961767375469208,0.975,0.03,0.015,0.01,0.0,0.7053571428571428,0.08538408313096328,-0.11933673469387757,0.11181012682063737,0.05,0.7053571428571428,0.08538408313096328,-0.11933673469387757,0.11181012682063737,0.05,0.0,0.0,imagenet,adaptive_random_to_student,200
91,0,0.97,0.98,0.96,0.96,4.4,4.485,4.38,0.04841376468539238,0.04841376468539238,0.0674172192811966,0.975,0.025,0.015,0.01,0.0,0.7053061224489795,0.08502514165254367,-0.11938775510204083,0.11101121139159659,0.05,0.7053061224489795,0.08502514165254367,-0.11938775510204083,0.11101121139159659,0.05,0.0,0.0,imagenet,adaptive_random_to_student,200
92,0,0.97,0.98,0.955,0.955,4.4,4.485,4.365,0.04185996577143669,0.04185996577143669,0.06729313731193542,0.975,0.03,0.015,0.01,0.0,0.7058673469387755,0.08600535063835194,-0.1188265306122449,0.11146654044656316,0.05,0.7058673469387755,0.08600535063835194,-0.1188265306122449,0.11146654044656316,0.05,0.0,0.0,imagenet,adaptive_random_to_student,200
93,0,0.97,0.98,0.955,0.955,4.4,4.485,4.395,0.045456428080797195,0.045456428080797195,0.06737709790468216,0.975,0.03,0.015,0.01,0.0,0.7061224489795919,0.0869301004363443,-0.11857142857142858,0.11221122629387537,0.05,0.7061224489795919,0.0869301004363443,-0.11857142857142858,0.11221122629387537,0.05,0.0,0.0,imagenet,adaptive_random_to_student,200
94,0,0.97,0.98,0.96,0.96,4.4,4.485,4.41,0.0452018678188324,0.0452018678188324,0.06791169196367264,0.975,0.025,0.015,0.01,0.0,0.7061224489795919,0.08678825127320976,-0.11857142857142858,0.1129613227993832,0.05,0.7061224489795919,0.08678825127320976,-0.11857142857142858,0.1129613227993832,0.05,0.0,0.0,imagenet,adaptive_random_to_student,200
95,0,0.97,0.98,0.955,0.955,4.4,4.485,4.39,0.045161161571741104,0.045161161571741104,0.0693269744515419,0.975,0.03,0.015,0.01,0.0,0.7060204081632654,0.08661104985741198,-0.11867346938775512,0.11279054242564598,0.05,0.7060204081632654,0.08661104985741198,-0.11867346938775512,0.11279054242564598,0.05,0.0,0.0,imagenet,adaptive_random_to_student,200
96,0,0.97,0.98,0.955,0.955,4.4,4.485,4.39,0.042687445878982544,0.042687445878982544,0.06895618140697479,0.975,0.03,0.015,0.01,0.0,0.7059693877551021,0.08657752088131643,-0.11872448979591838,0.1121641846690909,0.05,0.7059693877551021,0.08657752088131643,-0.11872448979591838,0.1121641846690909,0.05,0.0,0.0,imagenet,adaptive_random_to_student,200
97,0,0.97,0.98,0.955,0.955,4.4,4.485,4.39,0.05013685300946236,0.05013685300946236,0.0696645975112915,0.975,0.03,0.015,0.01,0.0,0.7058673469387756,0.08630271194448844,-0.11882653061224492,0.11185150887264171,0.05,0.7058673469387756,0.08630271194448844,-0.11882653061224492,0.11185150887264171,0.05,0.0,0.0,imagenet,adaptive_random_to_student,200
98,0,0.97,0.98,0.95,0.95,4.4,4.485,4.38,0.04975471645593643,0.04975471645593643,0.06764630228281021,0.975,0.035,0.015,0.01,0.0,0.7061224489795919,0.08707053038560926,-0.11857142857142858,0.11245728258421878,0.05,0.7061224489795919,0.08707053038560926,-0.11857142857142858,0.11245728258421878,0.05,0.0,0.0,imagenet,adaptive_random_to_student,200
99,0,0.97,0.98,0.955,0.955,4.4,4.485,4.365,0.04730268940329552,0.04730268940329552,0.06838509440422058,0.975,0.03,0.015,0.01,0.0,0.7061734693877552,0.0871354126416782,-0.11852040816326531,0.1126736548767076,0.05,0.7061734693877552,0.0871354126416782,-0.11852040816326531,0.1126736548767076,0.05,0.0,0.0,imagenet,adaptive_random_to_student,200
100,0,0.97,0.98,0.965,0.965,4.4,4.485,4.39,0.04214123636484146,0.04214123636484146,0.06794792413711548,0.975,0.02,0.015,0.01,0.0,0.7058673469387753,0.08641696651778775,-0.11882653061224492,0.11187721824651817,0.05,0.7058673469387753,0.08641696651778775,-0.11882653061224492,0.11187721824651817,0.05,0.0,0.0,imagenet,adaptive_random_to_student,200
0,0,0.085,0.98,0.895,0.875,5.92,4.485,4.39,0.20119835436344147,0.329533189535141,1.8394066095352173,0.09,0.085,0.895,0.815,10.0,0.850561224489796,0.5981794121635886,0.025867346938775508,0.5913978515937924,0.05,0.8451530612244897,0.5638985049597482,0.020459183673469387,0.5647438720613718,0.05,1.99,1.46,scratch,adaptive_random_to_low_10,200
1,0,0.25,0.98,0.925,0.91,5.17,4.485,4.375,0.1397467404603958,0.18974658846855164,1.5559085607528687,0.255,0.055,0.73,0.69,10.0,0.8192857142857143,0.44253386484955654,-0.0054081632653061274,0.44515552612690956,0.05,0.8188775510204082,0.45289289611082933,-0.0058163265306122565,0.4535381683334708,0.05,1.8,1.76,scratch,adaptive_random_to_low_10,200
2,0,0.31,0.98,0.915,0.905,4.005,4.485,4.325,0.1600765436887741,0.17730671167373657,1.4435778856277466,0.31,0.065,0.675,0.61,10.0,0.8252551020408163,0.4614043231097839,0.0005612244897959157,0.4574831397869275,0.05,0.8248979591836735,0.4568766597825378,0.00020408163265305811,0.46061142347112766,0.05,1.745,1.71,scratch,adaptive_random_to_low_10,200
3,0,0.335,0.98,0.94,0.92,4.5,4.485,4.365,0.09729637950658798,0.1506086140871048,1.4062632322311401,0.345,0.04,0.645,0.61,10.0,0.8127040816326531,0.4230614488743799,-0.011989795918367352,0.4270067764208943,0.05,0.8147448979591837,0.44471967405524365,-0.009948979591836736,0.44636278491467235,0.05,1.78,1.98,scratch,adaptive_random_to_low_10,200
4,0,0.36,0.98,0.91,0.875,3.685,4.485,4.355,0.20263896882534027,0.28843292593955994,1.4084036350250244,0.37,0.075,0.62,0.555,10.0,0.8378061224489796,0.49907608251577934,0.013112244897959178,0.49416106564574874,0.05,0.8361224489795919,0.5016857534559459,0.011428571428571429,0.49694145674817264,0.05,1.795,1.63,scratch,adaptive_random_to_low_10,200
5,0,0.38,0.98,0.915,0.875,4.48,4.485,4.38,0.20414306223392487,0.284988671541214,1.3911062479019165,0.385,0.065,0.6,0.55,10.0,0.8339285714285714,0.4931976624221983,0.009234693877551017,0.4832992050203029,0.05,0.8300510204081633,0.4861384384682095,0.005357142857142849,0.4811534300725907,0.05,1.925,1.545,scratch,adaptive_random_to_low_10,200
6,0,0.4,0.98,0.945,0.9,4.91,4.485,4.4,0.11550528556108475,0.19640028476715088,1.328955054283142,0.41,0.04,0.58,0.555,10.0,0.8255102040816326,0.44977772687823453,0.0008163265306122403,0.4418469706561882,0.05,0.8263775510204081,0.4698629693526141,0.0016836734693877536,0.4616647955123335,0.05,1.775,1.86,scratch,adaptive_random_to_low_10,200
7,0,0.455,0.98,0.915,0.9,4.37,4.485,4.4,0.17311209440231323,0.2565496563911438,1.2099472284317017,0.47,0.065,0.525,0.48,10.0,0.8306122448979592,0.4677766735269222,0.005918367346938772,0.457377926784684,0.05,0.8288775510204082,0.4757066065426234,0.0041836734693877515,0.4666384163277689,0.05,1.88,1.71,scratch,adaptive_random_to_low_10,200
8,0,0.45,0.98,0.9,0.89,4.785,4.485,4.295,0.23322376608848572,0.23782718181610107,1.2464220523834229,0.45,0.08,0.535,0.47,10.0,0.8342346938775509,0.4749584161017114,0.009540816326530605,0.47023399312398395,0.05,0.8326530612244898,0.48957320035754054,0.00795918367346938,0.4869261832162738,0.05,1.865,1.71,scratch,adaptive_random_to_low_10,200
9,0,0.445,0.98,0.895,0.89,4.945,4.485,4.37,0.24527153372764587,0.23363345861434937,1.2105995416641235,0.45,0.09,0.535,0.455,10.0,0.8399489795918368,0.5158992702140535,0.015255102040816322,0.5039818230702076,0.05,0.8364285714285714,0.5204310263737914,0.011734693877551017,0.509947295607999,0.05,1.97,1.625,scratch,adaptive_random_to_low_10,200
10,0,0.49,0.98,0.88,0.865,4.615,4.485,4.33,0.2727859616279602,0.32339295744895935,1.1168584823608398,0.505,0.1,0.49,0.425,10.0,0.8430102040816326,0.531897849378241,0.01831632653061224,0.5237332978434278,0.05,0.8405102040816327,0.529602010454127,0.015816326530612233,0.525638856436126,0.05,1.905,1.66,scratch,adaptive_random_to_low_10,200
11,0,0.45,0.98,0.88,0.87,5.415,4.485,4.405,0.29166096448898315,0.2943294644355774,1.129172921180725,0.455,0.1,0.53,0.465,10.0,0.8354591836734694,0.4971732971977871,0.010765306122448977,0.48665747441351415,0.05,0.8326530612244898,0.5143578138629177,0.007959183673469386,0.500246001536143,0.05,1.91,1.635,scratch,adaptive_random_to_low_10,200
12,0,0.545,0.98,0.9,0.89,4.57,4.485,4.335,0.1831260621547699,0.23962274193763733,1.0465502738952637,0.545,0.08,0.44,0.385,10.0,0.8240306122448979,0.4783290102728028,-0.0006632653061224558,0.46749862221098737,0.05,0.8241836734693878,0.492043766913241,-0.0005102040816326592,0.48014081973815337,0.05,1.755,1.77,scratch,adaptive_random_to_low_10,200
13,0,0.51,0.98,0.89,0.89,5.005,4.485,4.475,0.22304603457450867,0.2557232677936554,1.0991986989974976,0.515,0.095,0.47,0.41,10.0,0.8281632653061223,0.49499276216384575,0.0034693877551020347,0.49037686225492505,0.05,0.8269387755102042,0.5009471144981129,0.00224489795918367,0.49511553303338585,0.05,1.81,1.69,scratch,adaptive_random_to_low_10,200
14,0,0.51,0.98,0.88,0.865,4.47,4.485,4.365,0.24131613969802856,0.3162876069545746,1.0432631969451904,0.51,0.1,0.475,0.415,10.0,0.8497448979591836,0.5146090790016024,0.025051020408163264,0.5059080491028726,0.05,0.842908163265306,0.508340687338116,0.01821428571428571,0.5012492524646223,0.05,2.145,1.475,scratch,adaptive_random_to_low_10,200
15,0,0.53,0.98,0.92,0.89,4.21,4.485,4.41,0.17232075333595276,0.21505378186702728,1.0429847240447998,0.54,0.06,0.45,0.415,10.0,0.8314285714285714,0.502230564243104,0.006734693877551017,0.48904320609755814,0.05,0.8288775510204082,0.49140628050479296,0.004183673469387752,0.48826135164592416,0.05,1.835,1.585,scratch,adaptive_random_to_low_10,200
16,0,0.535,0.98,0.91,0.91,4.805,4.485,4.37,0.20656470954418182,0.21343034505844116,1.0000195503234863,0.535,0.07,0.45,0.41,10.0,0.8323469387755102,0.49685398474072895,0.007653061224489793,0.48996331897797063,0.05,0.8307142857142858,0.5052434940275273,0.0060204081632652985,0.4981190187577158,0.05,1.885,1.725,scratch,adaptive_random_to_low_10,200
17,0,0.585,0.98,0.91,0.89,4.585,4.485,4.36,0.18683066964149475,0.2493186742067337,0.9854557514190674,0.59,0.07,0.395,0.34,10.0,0.825561224489796,0.48691470833681705,0.0008673469387755017,0.491098849310074,0.05,0.8223469387755102,0.47688163970973946,-0.0023469387755102084,0.486265108641237,0.05,1.985,1.67,scratch,adaptive_random_to_low_10,200
18,0,0.56,0.98,0.9,0.89,4.395,4.485,4.41,0.18263095617294312,0.25685417652130127,1.0151175260543823,0.57,0.08,0.42,0.37,10.0,0.8281122448979592,0.4846117072964296,0.0034183673469387727,0.484403335407842,0.05,0.8267857142857141,0.48513083716369915,0.0020918367346938736,0.48185420100577175,0.05,1.875,1.745,scratch,adaptive_random_to_low_10,200
19,0,0.58,0.98,0.92,0.905,4.595,4.485,4.255,0.16073521971702576,0.23639293015003204,0.9853146076202393,0.575,0.065,0.41,0.365,10.0,0.8363775510204081,0.5252170483845134,0.01168367346938775,0.5197847130149603,0.05,0.8330102040816327,0.5104391056259262,0.008316326530612244,0.5104369239881634,0.05,2.0,1.67,scratch,adaptive_random_to_low_10,200
20,0,0.56,0.98,0.9,0.9,4.615,4.485,4.4,0.21319961547851562,0.2278076410293579,0.9809061288833618,0.57,0.08,0.42,0.375,10.0,0.8240816326530611,0.5087681843912245,-0.000612244897959186,0.5072509006923065,0.05,0.8231122448979592,0.5063929820167758,-0.0015816326530612263,0.5083378664404153,0.05,1.85,1.755,scratch,adaptive_random_to_low_10,200
21,0,0.545,0.98,0.92,0.885,4.715,4.485,4.38,0.1760271042585373,0.24869021773338318,1.0421786308288574,0.55,0.06,0.44,0.395,10.0,0.8305102040816328,0.4980415121855684,0.005816326530612238,0.50687308346387,0.05,0.829234693877551,0.5036156422185184,0.004540816326530606,0.5077267554821446,0.05,1.845,1.72,scratch,adaptive_random_to_low_10,200
22,0,0.545,0.98,0.905,0.88,4.85,4.485,4.33,0.19674544036388397,0.26557567715644836,1.0350652933120728,0.55,0.075,0.435,0.38,10.0,0.8252551020408163,0.49195959906979764,0.0005612244897959173,0.4925377459079027,0.05,0.8235204081632653,0.49102645444571746,-0.0011734693877551044,0.4854727182537317,0.05,1.82,1.65,scratch,adaptive_random_to_low_10,200
23,0,0.575,0.98,0.91,0.905,4.465,4.485,4.36,0.16048651933670044,0.1952727735042572,0.9753479957580566,0.595,0.07,0.405,0.35,10.0,0.8299489795918368,0.517681941470971,0.005255102040816324,0.5092575962236151,0.05,0.8277551020408163,0.5140781328720543,0.0030612244897959147,0.5064315321482717,0.05,1.935,1.72,scratch,adaptive_random_to_low_10,200
24,0,0.535,0.98,0.895,0.905,4.84,4.485,4.31,0.26024332642555237,0.2214658111333847,1.0107088088989258,0.54,0.085,0.445,0.405,10.0,0.8311224489795919,0.5296304279779629,0.006428571428571425,0.5227066498622298,0.05,0.8310204081632654,0.5328568628558567,0.006326530612244894,0.5152193650044501,0.05,1.75,1.74,scratch,adaptive_random_to_low_10,200
25,0,0.58,0.98,0.905,0.91,4.495,4.485,4.435,0.19967029988765717,0.207972913980484,0.9791120886802673,0.6,0.075,0.4,0.355,10.0,0.8277551020408163,0.5059120100377729,0.003061224489795921,0.5004686417712947,0.05,0.8266326530612244,0.5066860124191418,0.00193877551020408,0.5020254954695702,0.05,1.795,1.685,scratch,adaptive_random_to_low_10,200
26,0,0.55,0.98,0.91,0.905,4.13,4.485,4.365,0.2109862118959427,0.20711883902549744,1.0544096231460571,0.55,0.07,0.435,0.39,10.0,0.8255102040816326,0.5150075235224764,0.0008163265306122463,0.5036977197695524,0.05,0.8254591836734693,0.5116275159322461,0.0007653061224489777,0.49734533987939356,0.05,1.745,1.74,scratch,adaptive_random_to_low_10,200
27,0,0.56,0.98,0.93,0.905,4.01,4.485,4.4,0.11684326827526093,0.18809981644153595,1.0775409936904907,0.57,0.055,0.42,0.38,10.0,0.8287755102040816,0.5055416889857854,0.004081632653061219,0.4953908862173557,0.05,0.8272448979591835,0.5029242756484118,0.0025510204081632608,0.49807164996862413,0.05,1.795,1.645,scratch,adaptive_random_to_low_10,200
28,0,0.59,0.98,0.91,0.885,4.755,4.485,4.375,0.19414296746253967,0.24427680671215057,1.0060961246490479,0.6,0.07,0.39,0.36,10.0,0.8197448979591836,0.49910318096674905,-0.004948979591836736,0.48623305941931905,0.05,0.8210714285714286,0.5056263875499897,-0.003622448979591841,0.4946588973049074,0.05,1.73,1.86,scratch,adaptive_random_to_low_10,200
29,0,0.54,0.98,0.91,0.89,4.24,4.485,4.49,0.1923639476299286,0.2783970534801483,1.1129721403121948,0.55,0.075,0.44,0.4,10.0,0.8247448979591836,0.4962407882503072,5.1020408163266474e-05,0.49020700763911007,0.05,0.8244387755102041,0.5027506048666274,-0.00025510204081633013,0.49232472728937865,0.05,1.74,1.71,scratch,adaptive_random_to_low_10,200
30,0,0.58,0.98,0.91,0.895,4.41,4.485,4.45,0.1880902498960495,0.21910586953163147,1.0274782180786133,0.58,0.07,0.405,0.355,10.0,0.835,0.5142567748566417,0.010306122448979589,0.5117372080823407,0.05,0.832857142857143,0.5110072277017463,0.008163265306122446,0.5115835045836866,0.05,1.905,1.695,scratch,adaptive_random_to_low_10,200
31,0,0.605,0.98,0.92,0.885,4.455,4.485,4.32,0.13701651990413666,0.24836541712284088,0.9495219588279724,0.615,0.065,0.375,0.335,10.0,0.8234693877551019,0.4916501277604304,-0.001224489795918372,0.49107983002439143,0.05,0.8246938775510205,0.4990995083095629,-3.885780586188048e-18,0.48918934611603615,0.05,1.69,1.81,scratch,adaptive_random_to_low_10,200
32,0,0.575,0.98,0.92,0.905,4.43,4.485,4.4,0.16284145414829254,0.20041446387767792,1.0103310346603394,0.585,0.06,0.405,0.36,10.0,0.8178571428571427,0.48160135684500616,-0.006836734693877553,0.47501011156477035,0.05,0.8209693877551021,0.49207068917354835,-0.0037244897959183686,0.4893857868388295,0.05,1.54,1.845,scratch,adaptive_random_to_low_10,200
33,0,0.57,0.98,0.91,0.91,4.18,4.485,4.405,0.20366717875003815,0.21813444793224335,0.9743824005126953,0.58,0.07,0.41,0.365,10.0,0.8230102040816327,0.5185943208201436,-0.0016836734693877592,0.5025399786606431,0.05,0.8232653061224491,0.5109692705384954,-0.001428571428571429,0.5092336950078606,0.05,1.77,1.795,scratch,adaptive_random_to_low_10,200
34,0,0.575,0.98,0.915,0.885,4.685,4.485,4.425,0.19315741956233978,0.258549302816391,1.0539737939834595,0.585,0.065,0.405,0.365,10.0,0.8280102040816327,0.5235035500282817,0.003316326530612239,0.5136751846224069,0.05,0.8276530612244898,0.5198759497711289,0.0029591836734693816,0.5148490685876459,0.05,1.79,1.755,scratch,adaptive_random_to_low_10,200
35,0,0.55,0.98,0.91,0.92,4.55,4.485,4.37,0.16516906023025513,0.15711654722690582,1.1661661863327026,0.56,0.07,0.43,0.4,10.0,0.8186734693877551,0.4819204931361718,-0.00602040816326531,0.4777607384882867,0.05,0.819438775510204,0.48422295510599217,-0.005255102040816327,0.4748920427635312,0.05,1.675,1.75,scratch,adaptive_random_to_low_10,200
36,0,0.575,0.98,0.92,0.905,3.87,4.485,4.465,0.17233385145664215,0.22881726920604706,1.0763959884643555,0.585,0.06,0.405,0.375,10.0,0.8166836734693877,0.48377834394077623,-0.008010204081632657,0.4861932850188168,0.05,0.8178061224489795,0.486505820624035,-0.006887755102040818,0.49121371515095236,0.05,1.71,1.82,scratch,adaptive_random_to_low_10,200
37,0,0.6,0.98,0.895,0.895,4.555,4.485,4.375,0.2462429255247116,0.2887269854545593,1.0762434005737305,0.59,0.085,0.39,0.335,10.0,0.8269387755102042,0.5075750312306427,0.002244897959183671,0.5044165873527526,0.05,0.8255102040816327,0.5024171277128153,0.0008163265306122447,0.5060660694167018,0.05,1.86,1.72,scratch,adaptive_random_to_low_10,200
38,0,0.595,0.98,0.915,0.89,4.38,4.485,4.415,0.17667783796787262,0.25773385167121887,1.0499680042266846,0.6,0.07,0.39,0.345,10.0,0.8253571428571428,0.501714350583428,0.0006632653061224475,0.4949392688460648,0.05,0.8248979591836735,0.49952619338316484,0.00020408163265305811,0.49187388371676205,0.05,1.745,1.7,scratch,adaptive_random_to_low_10,200
39,0,0.595,0.98,0.9,0.895,4.285,4.485,4.41,0.26600587368011475,0.24533843994140625,1.0327926874160767,0.605,0.085,0.385,0.34,10.0,0.822091836734694,0.4874545997702732,-0.0026020408163265323,0.4995438365451992,0.05,0.8228061224489795,0.49338154257708206,-0.0018877551020408184,0.5026520740613342,0.05,1.74,1.81,scratch,adaptive_random_to_low_10,200
40,0,0.615,0.98,0.92,0.895,4.505,4.485,4.475,0.17783738672733307,0.23487314581871033,1.050513505935669,0.615,0.06,0.37,0.355,10.0,0.8189285714285713,0.4733840784071996,-0.005765306122448983,0.48106659680604935,0.05,0.8192346938775511,0.4799261560153575,-0.00545918367346939,0.4790654091536999,0.05,1.725,1.755,scratch,adaptive_random_to_low_10,200
41,0,0.58,0.98,0.93,0.91,4.515,4.485,4.365,0.1601182520389557,0.199040487408638,1.0373345613479614,0.58,0.055,0.405,0.36,10.0,0.8206632653061224,0.48356579780955405,-0.004030612244897963,0.48832349697127936,0.05,0.8216836734693876,0.48467963329787417,-0.003010204081632661,0.48860653745010496,0.05,1.75,1.85,scratch,adaptive_random_to_low_10,200
42,0,0.585,0.98,0.915,0.895,4.6,4.485,4.43,0.15860652923583984,0.22771719098091125,1.0962800979614258,0.595,0.065,0.395,0.355,10.0,0.8149489795918368,0.4532607540826077,-0.009744897959183674,0.46038994421251117,0.05,0.8174489795918367,0.4640622368200973,-0.007244897959183676,0.4658437508530915,0.05,1.615,1.86,scratch,adaptive_random_to_low_10,200
43,0,0.61,0.98,0.91,0.91,4.205,4.485,4.54,0.17052453756332397,0.20865823328495026,1.1180570125579834,0.62,0.07,0.37,0.33,10.0,0.8145918367346939,0.43699692156958697,-0.010102040816326539,0.4441375132184476,0.05,0.8176530612244898,0.45948056554702493,-0.007040816326530619,0.4546924157626927,0.05,1.625,1.925,scratch,adaptive_random_to_low_10,200
44,0,0.595,0.98,0.9,0.915,4.235,4.485,4.36,0.16347430646419525,0.19410492479801178,1.083109736442566,0.605,0.08,0.385,0.34,10.0,0.8209693877551021,0.4875681398437146,-0.0037244897959183686,0.490579300604295,0.05,0.8222448979591838,0.49915785088896436,-0.002448979591836739,0.49904384234920146,0.05,1.735,1.86,scratch,adaptive_random_to_low_10,200
45,0,0.605,0.98,0.925,0.915,4.22,4.485,4.48,0.1709112524986267,0.20613951981067657,1.073063611984253,0.615,0.055,0.375,0.35,10.0,0.8120408163265306,0.4420388334536827,-0.012653061224489802,0.4478912697150372,0.05,0.8139285714285713,0.45178041317091355,-0.010765306122448984,0.4581572568183765,0.05,1.625,1.81,scratch,adaptive_random_to_low_10,200
46,0,0.58,0.98,0.925,0.91,4.535,4.485,4.36,0.15505972504615784,0.1889449954032898,1.1101768016815186,0.59,0.055,0.4,0.36,10.0,0.8228571428571427,0.4751350150023646,-0.001836734693877551,0.4732376615458634,0.05,0.8238775510204082,0.48715913134924066,-0.0008163265306122513,0.4816073324531317,0.05,1.72,1.82,scratch,adaptive_random_to_low_10,200
47,0,0.59,0.98,0.915,0.9,4.275,4.485,4.455,0.15418700873851776,0.18523061275482178,1.161260724067688,0.6,0.065,0.39,0.345,10.0,0.8230102040816327,0.4751366796036896,-0.0016836734693877582,0.47288545084185896,0.05,0.8232142857142857,0.47903063245579,-0.0014795918367346977,0.477824789211154,0.05,1.71,1.73,scratch,adaptive_random_to_low_10,200
48,0,0.595,0.98,0.9,0.875,4.425,4.485,4.4,0.1886724829673767,0.2231728732585907,1.0786261558532715,0.605,0.08,0.385,0.34,10.0,0.8205102040816326,0.4742024632351828,-0.004183673469387755,0.4723148579132976,0.05,0.8206122448979591,0.4743532369741011,-0.004081632653061229,0.47449809942394494,0.05,1.73,1.74,scratch,adaptive_random_to_low_10,200
49,0,0.58,0.98,0.915,0.9,4.32,4.485,4.495,0.18340183794498444,0.17089229822158813,1.1249229907989502,0.59,0.065,0.4,0.345,10.0,0.8198469387755103,0.4916705651218459,-0.0048469387755102076,0.47714493380393835,0.05,0.8198469387755103,0.48850316945040356,-0.004846938775510205,0.4787673538736999,0.05,1.725,1.725,scratch,adaptive_random_to_low_10,200
50,0,0.59,0.98,0.92,0.895,4.2,4.485,4.395,0.1714027225971222,0.19460567831993103,1.1555333137512207,0.6,0.065,0.39,0.34,10.0,0.822295918367347,0.4943198399052507,-0.0023979591836734726,0.4863307807315141,0.05,0.8236224489795919,0.5054899697884224,-0.0010714285714285747,0.4954611770808697,0.05,1.56,1.69,scratch,adaptive_random_to_low_10,200
51,0,0.595,0.98,0.925,0.9,4.475,4.485,4.4,0.16595706343650818,0.22426623106002808,1.16145920753479,0.595,0.055,0.39,0.355,10.0,0.8214285714285714,0.49948278088893044,-0.003265306122448986,0.48874038048088553,0.05,0.8230102040816325,0.5072204981067459,-0.0016836734693877614,0.5007603205554187,0.05,1.6,1.755,scratch,adaptive_random_to_low_10,200
52,0,0.57,0.98,0.92,0.88,4.21,4.485,4.335,0.15306062996387482,0.25438153743743896,1.1087063550949097,0.58,0.06,0.41,0.36,10.0,0.8139795918367346,0.47665593705705916,-0.010714285714285716,0.46680754915578293,0.05,0.817857142857143,0.49855958692956137,-0.006836734693877555,0.481624454036355,0.05,1.615,1.995,scratch,adaptive_random_to_low_10,200
53,0,0.585,0.98,0.92,0.905,4.305,4.485,4.34,0.14960618317127228,0.19253681600093842,1.116169810295105,0.595,0.06,0.395,0.365,10.0,0.8254591836734693,0.5130966309195141,0.0007653061224489754,0.4965804499294609,0.05,0.8254591836734694,0.5031263021855116,0.0007653061224489754,0.49419681273400784,0.05,1.68,1.68,scratch,adaptive_random_to_low_10,200
54,0,0.62,0.98,0.93,0.895,4.39,4.485,4.365,0.1827857941389084,0.22278328239917755,1.128869652748108,0.63,0.055,0.36,0.34,10.0,0.817857142857143,0.48666527460788894,-0.006836734693877553,0.48717577860690653,0.05,0.8189285714285713,0.4883464955705906,-0.005765306122448983,0.489536060616374,0.05,1.75,1.855,scratch,adaptive_random_to_low_10,200
55,0,0.585,0.98,0.925,0.91,4.245,4.485,4.41,0.15380455553531647,0.17660337686538696,1.1183067560195923,0.585,0.055,0.4,0.36,10.0,0.8248979591836735,0.5003346520883208,0.0002040816326530559,0.4905998090840876,0.05,0.8257142857142857,0.5015815333745173,0.0010204081632653084,0.4931729433685541,0.05,1.675,1.755,scratch,adaptive_random_to_low_10,200
56,0,0.605,0.98,0.925,0.905,4.595,4.485,4.38,0.14020729064941406,0.1887538582086563,1.1417622566223145,0.615,0.055,0.375,0.35,10.0,0.8138265306122449,0.45747331996084994,-0.010867346938775512,0.4608458662498742,0.05,0.815561224489796,0.46669583009815724,-0.009132653061224492,0.46751941576600076,0.05,1.67,1.84,scratch,adaptive_random_to_low_10,200
57,0,0.595,0.98,0.925,0.905,4.615,4.485,4.44,0.1283072978258133,0.205002099275589,1.1451395750045776,0.605,0.055,0.385,0.335,10.0,0.8226020408163265,0.49519960561429993,-0.0020918367346938836,0.4854100076574832,0.05,0.8228061224489795,0.4915860384149134,-0.0018877551020408212,0.4862661159038544,0.05,1.855,1.875,scratch,adaptive_random_to_low_10,200
58,0,0.615,0.98,0.93,0.91,4.415,4.485,4.47,0.1323564350605011,0.18411533534526825,1.2143443822860718,0.625,0.055,0.365,0.335,10.0,0.8254081632653061,0.4738838995990115,0.000714285714285709,0.4804742872156203,0.05,0.8261224489795919,0.4816719768779746,0.0014285714285714258,0.48217674406245353,0.05,1.66,1.73,scratch,adaptive_random_to_low_10,200
59,0,0.625,0.98,0.94,0.905,4.445,4.485,4.41,0.09490323811769485,0.17714904248714447,1.0927921533584595,0.635,0.04,0.355,0.33,10.0,0.8143367346938776,0.46597054045709585,-0.01035714285714286,0.47030107241356744,0.05,0.8154081632653062,0.4624352286853755,-0.009285714285714286,0.47120911909267305,0.05,1.68,1.785,scratch,adaptive_random_to_low_10,200
60,0,0.61,0.98,0.935,0.895,4.4,4.485,4.41,0.10733695328235626,0.20011299848556519,1.172390341758728,0.62,0.045,0.37,0.345,10.0,0.8178061224489795,0.4596204617297242,-0.00688775510204082,0.46778047788713595,0.05,0.818265306122449,0.46514701388788804,-0.006428571428571434,0.47094962099567056,0.05,1.81,1.855,scratch,adaptive_random_to_low_10,200
61,0,0.6,0.98,0.915,0.91,4.34,4.485,4.43,0.13797590136528015,0.15530021488666534,1.1358616352081299,0.605,0.065,0.38,0.34,10.0,0.8196428571428572,0.47335434744560617,-0.005051020408163267,0.46886248224414884,0.05,0.8199489795918368,0.48331446912671105,-0.004744897959183673,0.4720996388792992,0.05,1.82,1.85,scratch,adaptive_random_to_low_10,200
62,0,0.595,0.98,0.91,0.905,4.575,4.485,4.47,0.15529264509677887,0.18593822419643402,1.1901992559432983,0.595,0.07,0.39,0.34,10.0,0.8198979591836735,0.4708781745873164,-0.004795918367346943,0.47640940284822136,0.05,0.8211224489795919,0.48095364113072003,-0.0035714285714285744,0.4758261177642271,0.05,1.705,1.825,scratch,adaptive_random_to_low_10,200
63,0,0.605,0.98,0.94,0.93,4.495,4.485,4.465,0.09980902820825577,0.11116228252649307,1.0944081544876099,0.605,0.04,0.38,0.355,10.0,0.817908163265306,0.48649165329668764,-0.006785714285714291,0.4801178439782234,0.05,0.8202551020408164,0.4911362602770396,-0.00443877551020408,0.4783294146694243,0.05,1.67,1.9,scratch,adaptive_random_to_low_10,200
64,0,0.58,0.98,0.905,0.88,4.66,4.485,4.505,0.1494990736246109,0.22024917602539062,1.2029609680175781,0.59,0.075,0.4,0.35,10.0,0.8159693877551021,0.4718438504804465,-0.00872448979591837,0.46447003991110253,0.05,0.8178061224489795,0.4826423183329573,-0.006887755102040818,0.4764932836405933,0.05,1.715,1.895,scratch,adaptive_random_to_low_10,200
65,0,0.615,0.98,0.93,0.92,4.545,4.485,4.385,0.14692376554012299,0.1618894785642624,1.1567796468734741,0.615,0.05,0.37,0.345,10.0,0.8165816326530612,0.46735377616987805,-0.008112244897959187,0.4692340162984328,0.05,0.8177551020408163,0.47618820869751244,-0.006938775510204089,0.47853256842121483,0.05,1.715,1.83,scratch,adaptive_random_to_low_10,200
66,0,0.62,0.98,0.935,0.915,4.41,4.485,4.52,0.14045971632003784,0.1761384904384613,1.1121258735656738,0.63,0.045,0.36,0.345,10.0,0.8204081632653061,0.4925239348477437,-0.004285714285714288,0.489676062874496,0.05,0.819438775510204,0.4868878999036953,-0.0052551020408163306,0.4880509864911437,0.05,1.895,1.8,scratch,adaptive_random_to_low_10,200
67,0,0.61,0.98,0.915,0.92,4.49,4.485,4.45,0.1417485922574997,0.1420396864414215,1.1842925548553467,0.62,0.065,0.37,0.34,10.0,0.8152551020408163,0.4691374171184787,-0.009438775510204089,0.47402374807279557,0.05,0.8165306122448979,0.476410036095061,-0.008163265306122453,0.4769983323290944,0.05,1.795,1.92,scratch,adaptive_random_to_low_10,200
68,0,0.6,0.98,0.955,0.92,4.475,4.485,4.435,0.07542046904563904,0.1484212428331375,1.2251267433166504,0.61,0.025,0.38,0.365,10.0,0.8154591836734693,0.47761826600294066,-0.009234693877551022,0.47785834684182193,0.05,0.8153061224489795,0.47328881651694943,-0.00938775510204082,0.4746844151057303,0.05,1.76,1.745,scratch,adaptive_random_to_low_10,200
69,0,0.595,0.98,0.94,0.935,4.46,4.485,4.52,0.1200876459479332,0.13315680623054504,1.2299808263778687,0.605,0.04,0.385,0.365,10.0,0.8204081632653061,0.4879868102389359,-0.00428571428571429,0.4878843568713637,0.05,0.8226530612244898,0.4975289661091391,-0.002040816326530619,0.4988284764625132,0.05,1.715,1.935,scratch,adaptive_random_to_low_10,200
70,0,0.61,0.98,0.935,0.93,4.49,4.485,4.425,0.12092536687850952,0.15687140822410583,1.2318824529647827,0.62,0.045,0.37,0.35,10.0,0.8185714285714286,0.4830207703386064,-0.0061224489795918425,0.48694042857736347,0.05,0.8196938775510205,0.4875277695653963,-0.005000000000000002,0.49044508934020997,0.05,1.775,1.885,scratch,adaptive_random_to_low_10,200
71,0,0.615,0.98,0.935,0.915,4.565,4.485,4.4,0.1276644468307495,0.1559922695159912,1.1925628185272217,0.615,0.045,0.37,0.335,10.0,0.8212755102040816,0.4979023989121889,-0.0034183673469387766,0.48837563729146494,0.05,0.8187244897959183,0.48571263553317423,-0.005969387755102042,0.47834595874184743,0.05,1.76,1.51,scratch,adaptive_random_to_low_10,200
72,0,0.63,0.98,0.94,0.93,4.4,4.485,4.44,0.12596137821674347,0.14666052162647247,1.1284734010696411,0.63,0.04,0.355,0.335,10.0,0.8160204081632653,0.4785514379257406,-0.008673469387755109,0.4761122491728747,0.05,0.8134183673469388,0.4712621863001223,-0.011275510204081638,0.4672930207761237,0.05,1.69,1.435,scratch,adaptive_random_to_low_10,200
73,0,0.625,0.98,0.91,0.91,4.34,4.485,4.4,0.18649129569530487,0.1748562604188919,1.0838271379470825,0.635,0.07,0.355,0.31,10.0,0.8170918367346939,0.4815443509224934,-0.007602040816326536,0.4784161794628017,0.05,0.8156122448979591,0.4693245959178768,-0.009081632653061228,0.4729377293330617,0.05,1.71,1.565,scratch,adaptive_random_to_low_10,200
74,0,0.63,0.98,0.925,0.895,4.535,4.485,4.45,0.15380148589611053,0.174654021859169,1.1132786273956299,0.64,0.055,0.35,0.315,10.0,0.8160204081632654,0.4862241171278046,-0.008673469387755104,0.4783968712814385,0.05,0.8149489795918368,0.4811060812878427,-0.009744897959183678,0.47249215401010586,0.05,1.63,1.525,scratch,adaptive_random_to_low_10,200
75,0,0.605,0.98,0.915,0.91,4.525,4.485,4.33,0.17060761153697968,0.16667844355106354,1.1695740222930908,0.615,0.065,0.375,0.34,10.0,0.815,0.4695286194905806,-0.009693877551020413,0.4675023329636315,0.05,0.8131122448979592,0.46838065547172747,-0.01158163265306123,0.4670800824067555,0.05,1.755,1.57,scratch,adaptive_random_to_low_10,200
76,0,0.6,0.98,0.91,0.92,4.485,4.485,4.44,0.15988974273204803,0.14205515384674072,1.2298285961151123,0.61,0.07,0.38,0.34,10.0,0.8162244897959183,0.46931071040640315,-0.008469387755102045,0.4702303901925916,0.05,0.8141836734693877,0.4710263541249711,-0.010510204081632654,0.46645017677976286,0.05,1.665,1.465,scratch,adaptive_random_to_low_10,200
77,0,0.595,0.98,0.93,0.915,4.39,4.485,4.505,0.14081943035125732,0.15646246075630188,1.2131510972976685,0.605,0.05,0.385,0.365,10.0,0.8184183673469387,0.47940072732930494,-0.006275510204081638,0.47926688876235857,0.05,0.8151020408163265,0.4714569361553048,-0.00959183673469388,0.47438012179220096,0.05,1.74,1.415,scratch,adaptive_random_to_low_10,200
78,0,0.595,0.98,0.925,0.91,4.495,4.485,4.42,0.12626872956752777,0.13739284873008728,1.2088487148284912,0.605,0.055,0.385,0.36,10.0,0.8173469387755102,0.48284045948437315,-0.0073469387755102054,0.4797845701739425,0.05,0.8166326530612245,0.47652996569207756,-0.008061224489795921,0.4758208469650708,0.05,1.605,1.535,scratch,adaptive_random_to_low_10,200
79,0,0.595,0.98,0.915,0.915,4.385,4.485,4.395,0.16729244589805603,0.16552595794200897,1.2216973304748535,0.605,0.065,0.385,0.35,10.0,0.8185714285714285,0.48238538257654795,-0.006122448979591842,0.48716068791749423,0.05,0.8155612244897958,0.47276069096337203,-0.009132653061224495,0.47928498951368964,0.05,1.72,1.425,scratch,adaptive_random_to_low_10,200
80,0,0.6,0.98,0.92,0.925,4.565,4.485,4.415,0.13920819759368896,0.14533144235610962,1.2396085262298584,0.61,0.06,0.38,0.355,10.0,0.8176020408163265,0.4872757191874082,-0.00709183673469388,0.48586038964625916,0.05,0.8147448979591837,0.4676258668050481,-0.009948979591836736,0.4750578392460011,0.05,1.735,1.455,scratch,adaptive_random_to_low_10,200
81,0,0.61,0.98,0.935,0.915,4.32,4.485,4.485,0.09610162675380707,0.13750427961349487,1.20775306224823,0.62,0.045,0.37,0.345,10.0,0.8159693877551021,0.48523534446987115,-0.008724489795918371,0.4817161419702461,0.05,0.8132142857142857,0.4802799631080496,-0.0114795918367347,0.47388634876842844,0.05,1.755,1.485,scratch,adaptive_random_to_low_10,200
82,0,0.605,0.98,0.91,0.92,4.41,4.485,4.505,0.17701898515224457,0.1625138521194458,1.1998772621154785,0.615,0.07,0.375,0.335,10.0,0.818265306122449,0.4939407713607838,-0.006428571428571433,0.4861898794263834,0.05,0.815612244897959,0.4806055002264867,-0.009081632653061228,0.48197341289138423,0.05,1.71,1.45,scratch,adaptive_random_to_low_10,200
83,0,0.6,0.98,0.915,0.92,4.41,4.485,4.445,0.16603004932403564,0.16068050265312195,1.215874433517456,0.61,0.065,0.38,0.35,10.0,0.8171428571428572,0.4874107876376807,-0.007551020408163267,0.4863757903553778,0.05,0.8146938775510205,0.4767112776481872,-0.010000000000000004,0.475210010332521,0.05,1.695,1.455,scratch,adaptive_random_to_low_10,200
84,0,0.585,0.98,0.93,0.92,4.51,4.485,4.525,0.16523686051368713,0.14981022477149963,1.221591830253601,0.595,0.05,0.395,0.36,10.0,0.8155102040816327,0.484513622917087,-0.009183673469387756,0.48247347718977834,0.05,0.8133673469387755,0.47118224994965263,-0.0113265306122449,0.47064600989804606,0.05,1.64,1.43,scratch,adaptive_random_to_low_10,200
85,0,0.615,0.98,0.93,0.935,4.405,4.485,4.5,0.1397462785243988,0.1495884656906128,1.1882774829864502,0.625,0.05,0.365,0.33,10.0,0.8146428571428571,0.4751290190140695,-0.01005102040816327,0.47428419871197547,0.05,0.8118367346938775,0.461538706902149,-0.01285714285714286,0.4655746078782249,0.05,1.705,1.43,scratch,adaptive_random_to_low_10,200
86,0,0.62,0.98,0.92,0.915,4.505,4.485,4.415,0.1432971954345703,0.1380455642938614,1.1702052354812622,0.63,0.06,0.36,0.33,10.0,0.8140306122448979,0.46849083270175557,-0.010663265306122454,0.4712954046629602,0.05,0.8119387755102042,0.457143028154662,-0.012755102040816323,0.4650189654552378,0.05,1.635,1.43,scratch,adaptive_random_to_low_10,200
87,0,0.615,0.98,0.95,0.92,4.615,4.485,4.48,0.10101635009050369,0.1420806497335434,1.2106231451034546,0.625,0.03,0.365,0.35,10.0,0.8147448979591837,0.47107077738512215,-0.009948979591836738,0.47360504280251914,0.05,0.8123469387755102,0.46196995031258825,-0.012346938775510203,0.4659897526365239,0.05,1.685,1.45,scratch,adaptive_random_to_low_10,200
88,0,0.6,0.98,0.94,0.915,4.525,4.485,4.5,0.13834123313426971,0.14806640148162842,1.239174246788025,0.61,0.04,0.38,0.36,10.0,0.8155102040816327,0.4794674438776044,-0.00918367346938776,0.4772182026918745,0.05,0.8131632653061225,0.4618620099882846,-0.011530612244897962,0.4679825810773764,0.05,1.695,1.465,scratch,adaptive_random_to_low_10,200
89,0,0.62,0.98,0.955,0.93,4.55,4.485,4.495,0.0966232493519783,0.12488626688718796,1.2172362804412842,0.63,0.025,0.36,0.345,10.0,0.8162244897959183,0.47337367407755226,-0.008469387755102045,0.47554030930099545,0.05,0.8133163265306124,0.4664391493736606,-0.011377551020408168,0.47059531162143686,0.05,1.705,1.42,scratch,adaptive_random_to_low_10,200
90,0,0.62,0.98,0.92,0.915,4.535,4.485,4.45,0.15534310042858124,0.14244207739830017,1.2123668193817139,0.63,0.06,0.36,0.325,10.0,0.8161734693877551,0.4739149124143573,-0.008520408163265311,0.47631425664236304,0.05,0.8130612244897958,0.4732178226665863,-0.011632653061224489,0.4743634679086972,0.05,1.745,1.44,scratch,adaptive_random_to_low_10,200
91,0,0.615,0.98,0.925,0.93,4.555,4.485,4.475,0.14950630068778992,0.1211952194571495,1.2063422203063965,0.625,0.055,0.365,0.325,10.0,0.8154081632653062,0.4699390491857303,-0.00928571428571429,0.4735174592642579,0.05,0.8127040816326531,0.4598403945588426,-0.011989795918367347,0.4662424374662805,0.05,1.71,1.445,scratch,adaptive_random_to_low_10,200
92,0,0.605,0.98,0.94,0.92,4.605,4.485,4.425,0.10619960725307465,0.13864585757255554,1.213897705078125,0.615,0.04,0.375,0.355,10.0,0.8156632653061224,0.4690153993221615,-0.009030612244897963,0.4723752469161991,0.05,0.8133163265306123,0.46393104314866934,-0.011377551020408166,0.4665884113975335,0.05,1.715,1.485,scratch,adaptive_random_to_low_10,200
93,0,0.615,0.98,0.94,0.925,4.59,4.485,4.51,0.10097479820251465,0.1489648073911667,1.2057125568389893,0.625,0.04,0.365,0.345,10.0,0.8165306122448979,0.47569053202627865,-0.008163265306122451,0.47654957756050864,0.05,0.8134693877551021,0.4678503214881467,-0.011224489795918368,0.47240312795271167,0.05,1.72,1.42,scratch,adaptive_random_to_low_10,200
94,0,0.62,0.98,0.96,0.94,4.6,4.485,4.48,0.08051801472902298,0.1103166937828064,1.1903437376022339,0.63,0.02,0.36,0.345,10.0,0.8167857142857143,0.4741477806210848,-0.007908163265306127,0.4757919188181404,0.05,0.8134183673469388,0.46462465390101343,-0.011275510204081634,0.4712928094726522,0.05,1.695,1.365,scratch,adaptive_random_to_low_10,200
95,0,0.615,0.98,0.945,0.94,4.6,4.485,4.455,0.09775896370410919,0.11348060518503189,1.1929205656051636,0.625,0.035,0.365,0.34,10.0,0.8164795918367347,0.4720729793065354,-0.008214285714285719,0.47238499942817724,0.05,0.8137244897959184,0.46599822290257203,-0.010969387755102042,0.4697209771175403,0.05,1.76,1.49,scratch,adaptive_random_to_low_10,200
96,0,0.615,0.98,0.94,0.945,4.58,4.485,4.465,0.10533684492111206,0.11152690649032593,1.195575475692749,0.625,0.04,0.365,0.335,10.0,0.8163265306122449,0.4731380611320337,-0.008367346938775517,0.47398695546784436,0.05,0.8135204081632653,0.46974683225488345,-0.011173469387755106,0.47187623784993776,0.05,1.74,1.465,scratch,adaptive_random_to_low_10,200
97,0,0.62,0.98,0.94,0.945,4.595,4.485,4.465,0.1088201105594635,0.10994914919137955,1.1995640993118286,0.63,0.04,0.36,0.33,10.0,0.8161734693877551,0.4724715593036742,-0.008520408163265313,0.47326985776075164,0.05,0.8137244897959184,0.46826792211093543,-0.010969387755102042,0.4711128248006571,0.05,1.7,1.46,scratch,adaptive_random_to_low_10,200
98,0,0.62,0.98,0.94,0.945,4.595,4.485,4.465,0.11164632439613342,0.1103549376130104,1.2019695043563843,0.63,0.04,0.36,0.33,10.0,0.8161224489795919,0.47116822645819256,-0.008571428571428579,0.47225870392867364,0.05,0.8142857142857143,0.47484222667208126,-0.010408163265306122,0.474041279341327,0.05,1.685,1.505,scratch,adaptive_random_to_low_10,200
99,0,0.615,0.98,0.95,0.925,4.59,4.485,4.505,0.08719012886285782,0.1196770966053009,1.203529715538025,0.625,0.03,0.365,0.345,10.0,0.8162244897959183,0.47102658771449685,-0.008469387755102049,0.4722250280866865,0.05,0.8138775510204082,0.47487933886701916,-0.010816326530612246,0.47252981972997077,0.05,1.72,1.49,scratch,adaptive_random_to_low_10,200
100,0,0.615,0.98,0.94,0.93,4.58,4.485,4.47,0.09845183044672012,0.11557568609714508,1.2044395208358765,0.625,0.04,0.365,0.335,10.0,0.8160204081632654,0.4706439658643827,-0.00867346938775511,0.47231432180502453,0.05,0.8134693877551021,0.4687055748834192,-0.011224489795918368,0.47043740314547905,0.05,1.725,1.475,scratch,adaptive_random_to_low_10,200
0,0,0.085,0.98,0.895,0.875,5.92,4.485,4.39,0.20119835436344147,0.329533189535141,1.8394066095352173,0.09,0.085,0.895,0.815,10.0,0.850561224489796,0.5981794121635886,0.025867346938775508,0.5913978515937924,0.05,0.8451530612244897,0.5638985049597482,0.020459183673469387,0.5647438720613718,0.05,1.99,1.46,scratch,adaptive_random_to_student,200
1,0,0.25,0.98,0.925,0.91,5.17,4.485,4.375,0.1397467404603958,0.18974658846855164,1.5559085607528687,0.255,0.055,0.73,0.69,10.0,0.8192857142857143,0.44253386484955654,-0.0054081632653061274,0.44515552612690956,0.05,0.8188775510204082,0.45289289611082933,-0.0058163265306122565,0.4535381683334708,0.05,1.8,1.76,scratch,adaptive_random_to_student,200
2,0,0.31,0.98,0.915,0.905,4.005,4.485,4.325,0.1600765436887741,0.17730671167373657,1.4435778856277466,0.31,0.065,0.675,0.61,10.0,0.8252551020408163,0.4614043231097839,0.0005612244897959157,0.4574831397869275,0.05,0.8248979591836735,0.4568766597825378,0.00020408163265305811,0.46061142347112766,0.05,1.745,1.71,scratch,adaptive_random_to_student,200
3,0,0.335,0.98,0.94,0.92,4.5,4.485,4.365,0.09729637950658798,0.1506086140871048,1.4062632322311401,0.345,0.04,0.645,0.61,10.0,0.8127040816326531,0.4230614488743799,-0.011989795918367352,0.4270067764208943,0.05,0.8147448979591837,0.44471967405524365,-0.009948979591836736,0.44636278491467235,0.05,1.78,1.98,scratch,adaptive_random_to_student,200
4,0,0.36,0.98,0.91,0.875,3.685,4.485,4.355,0.20263896882534027,0.28843292593955994,1.4084036350250244,0.37,0.075,0.62,0.555,10.0,0.8378061224489796,0.49907608251577934,0.013112244897959178,0.49416106564574874,0.05,0.8361224489795919,0.5016857534559459,0.011428571428571429,0.49694145674817264,0.05,1.795,1.63,scratch,adaptive_random_to_student,200
5,0,0.38,0.98,0.915,0.875,4.48,4.485,4.38,0.20414306223392487,0.284988671541214,1.3911062479019165,0.385,0.065,0.6,0.55,10.0,0.8339285714285714,0.4931976624221983,0.009234693877551017,0.4832992050203029,0.05,0.8300510204081633,0.4861384384682095,0.005357142857142849,0.4811534300725907,0.05,1.925,1.545,scratch,adaptive_random_to_student,200
6,0,0.4,0.98,0.945,0.9,4.91,4.485,4.4,0.11550528556108475,0.19640028476715088,1.328955054283142,0.41,0.04,0.58,0.555,10.0,0.8255102040816326,0.44977772687823453,0.0008163265306122403,0.4418469706561882,0.05,0.8263775510204081,0.4698629693526141,0.0016836734693877536,0.4616647955123335,0.05,1.775,1.86,scratch,adaptive_random_to_student,200
7,0,0.455,0.98,0.915,0.9,4.37,4.485,4.4,0.17311209440231323,0.2565496563911438,1.2099472284317017,0.47,0.065,0.525,0.48,10.0,0.8306122448979592,0.4677766735269222,0.005918367346938772,0.457377926784684,0.05,0.8288775510204082,0.4757066065426234,0.0041836734693877515,0.4666384163277689,0.05,1.88,1.71,scratch,adaptive_random_to_student,200
8,0,0.45,0.98,0.9,0.89,4.785,4.485,4.295,0.23322376608848572,0.23782718181610107,1.2464220523834229,0.45,0.08,0.535,0.47,10.0,0.8342346938775509,0.4749584161017114,0.009540816326530605,0.47023399312398395,0.05,0.8326530612244898,0.48957320035754054,0.00795918367346938,0.4869261832162738,0.05,1.865,1.71,scratch,adaptive_random_to_student,200
9,0,0.445,0.98,0.895,0.89,4.945,4.485,4.37,0.24527153372764587,0.23363345861434937,1.2105995416641235,0.45,0.09,0.535,0.455,10.0,0.8399489795918368,0.5158992702140535,0.015255102040816322,0.5039818230702076,0.05,0.8364285714285714,0.5204310263737914,0.011734693877551017,0.509947295607999,0.05,1.97,1.625,scratch,adaptive_random_to_student,200
10,0,0.49,0.98,0.88,0.865,4.615,4.485,4.33,0.2727859616279602,0.32339295744895935,1.1168584823608398,0.505,0.1,0.49,0.425,10.0,0.8430102040816326,0.531897849378241,0.01831632653061224,0.5237332978434278,0.05,0.8405102040816327,0.529602010454127,0.015816326530612233,0.525638856436126,0.05,1.905,1.66,scratch,adaptive_random_to_student,200
11,0,0.45,0.98,0.88,0.87,5.415,4.485,4.405,0.29166096448898315,0.2943294644355774,1.129172921180725,0.455,0.1,0.53,0.465,10.0,0.8354591836734694,0.4971732971977871,0.010765306122448977,0.48665747441351415,0.05,0.8326530612244898,0.5143578138629177,0.007959183673469386,0.500246001536143,0.05,1.91,1.635,scratch,adaptive_random_to_student,200
12,0,0.545,0.98,0.9,0.89,4.57,4.485,4.335,0.1831260621547699,0.23962274193763733,1.0465502738952637,0.545,0.08,0.44,0.385,10.0,0.8240306122448979,0.4783290102728028,-0.0006632653061224558,0.46749862221098737,0.05,0.8241836734693878,0.492043766913241,-0.0005102040816326592,0.48014081973815337,0.05,1.755,1.77,scratch,adaptive_random_to_student,200
13,0,0.51,0.98,0.89,0.89,5.005,4.485,4.475,0.22304603457450867,0.2557232677936554,1.0991986989974976,0.515,0.095,0.47,0.41,10.0,0.8281632653061223,0.49499276216384575,0.0034693877551020347,0.49037686225492505,0.05,0.8269387755102042,0.5009471144981129,0.00224489795918367,0.49511553303338585,0.05,1.81,1.69,scratch,adaptive_random_to_student,200
14,0,0.51,0.98,0.88,0.865,4.47,4.485,4.365,0.24131613969802856,0.3162876069545746,1.0432631969451904,0.51,0.1,0.475,0.415,10.0,0.8497448979591836,0.5146090790016024,0.025051020408163264,0.5059080491028726,0.05,0.842908163265306,0.508340687338116,0.01821428571428571,0.5012492524646223,0.05,2.145,1.475,scratch,adaptive_random_to_student,200
15,0,0.53,0.98,0.92,0.89,4.21,4.485,4.41,0.17232075333595276,0.21505378186702728,1.0429847240447998,0.54,0.06,0.45,0.415,10.0,0.8314285714285714,0.502230564243104,0.006734693877551017,0.48904320609755814,0.05,0.8288775510204082,0.49140628050479296,0.004183673469387752,0.48826135164592416,0.05,1.835,1.585,scratch,adaptive_random_to_student,200
16,0,0.535,0.98,0.91,0.91,4.805,4.485,4.37,0.20656470954418182,0.21343034505844116,1.0000195503234863,0.535,0.07,0.45,0.41,10.0,0.8323469387755102,0.49685398474072895,0.007653061224489793,0.48996331897797063,0.05,0.8307142857142858,0.5052434940275273,0.0060204081632652985,0.4981190187577158,0.05,1.885,1.725,scratch,adaptive_random_to_student,200
17,0,0.585,0.98,0.91,0.89,4.585,4.485,4.36,0.18683066964149475,0.2493186742067337,0.9854557514190674,0.59,0.07,0.395,0.34,10.0,0.825561224489796,0.48691470833681705,0.0008673469387755017,0.491098849310074,0.05,0.8223469387755102,0.47688163970973946,-0.0023469387755102084,0.486265108641237,0.05,1.985,1.67,scratch,adaptive_random_to_student,200
18,0,0.56,0.98,0.9,0.89,4.395,4.485,4.41,0.18263095617294312,0.25685417652130127,1.0151175260543823,0.57,0.08,0.42,0.37,10.0,0.8281122448979592,0.4846117072964296,0.0034183673469387727,0.484403335407842,0.05,0.8267857142857141,0.48513083716369915,0.0020918367346938736,0.48185420100577175,0.05,1.875,1.745,scratch,adaptive_random_to_student,200
19,0,0.58,0.98,0.92,0.905,4.595,4.485,4.255,0.16073521971702576,0.23639293015003204,0.9853146076202393,0.575,0.065,0.41,0.365,10.0,0.8363775510204081,0.5252170483845134,0.01168367346938775,0.5197847130149603,0.05,0.8330102040816327,0.5104391056259262,0.008316326530612244,0.5104369239881634,0.05,2.0,1.67,scratch,adaptive_random_to_student,200
20,0,0.56,0.98,0.9,0.9,4.615,4.485,4.4,0.21319961547851562,0.2278076410293579,0.9809061288833618,0.57,0.08,0.42,0.375,10.0,0.8240816326530611,0.5087681843912245,-0.000612244897959186,0.5072509006923065,0.05,0.8231122448979592,0.5063929820167758,-0.0015816326530612263,0.5083378664404153,0.05,1.85,1.755,scratch,adaptive_random_to_student,200
21,0,0.545,0.98,0.92,0.885,4.715,4.485,4.38,0.1760271042585373,0.24869021773338318,1.0421786308288574,0.55,0.06,0.44,0.395,10.0,0.8305102040816328,0.4980415121855684,0.005816326530612238,0.50687308346387,0.05,0.829234693877551,0.5036156422185184,0.004540816326530606,0.5077267554821446,0.05,1.845,1.72,scratch,adaptive_random_to_student,200
22,0,0.545,0.98,0.905,0.88,4.85,4.485,4.33,0.19674544036388397,0.26557567715644836,1.0350652933120728,0.55,0.075,0.435,0.38,10.0,0.8252551020408163,0.49195959906979764,0.0005612244897959173,0.4925377459079027,0.05,0.8235204081632653,0.49102645444571746,-0.0011734693877551044,0.4854727182537317,0.05,1.82,1.65,scratch,adaptive_random_to_student,200
23,0,0.575,0.98,0.91,0.905,4.465,4.485,4.36,0.16048651933670044,0.1952727735042572,0.9753479957580566,0.595,0.07,0.405,0.35,10.0,0.8299489795918368,0.517681941470971,0.005255102040816324,0.5092575962236151,0.05,0.8277551020408163,0.5140781328720543,0.0030612244897959147,0.5064315321482717,0.05,1.935,1.72,scratch,adaptive_random_to_student,200
24,0,0.535,0.98,0.895,0.905,4.84,4.485,4.31,0.26024332642555237,0.2214658111333847,1.0107088088989258,0.54,0.085,0.445,0.405,10.0,0.8311224489795919,0.5296304279779629,0.006428571428571425,0.5227066498622298,0.05,0.8310204081632654,0.5328568628558567,0.006326530612244894,0.5152193650044501,0.05,1.75,1.74,scratch,adaptive_random_to_student,200
25,0,0.58,0.98,0.905,0.91,4.495,4.485,4.435,0.19967029988765717,0.207972913980484,0.9791120886802673,0.6,0.075,0.4,0.355,10.0,0.8277551020408163,0.5059120100377729,0.003061224489795921,0.5004686417712947,0.05,0.8266326530612244,0.5066860124191418,0.00193877551020408,0.5020254954695702,0.05,1.795,1.685,scratch,adaptive_random_to_student,200
26,0,0.55,0.98,0.91,0.905,4.13,4.485,4.365,0.2109862118959427,0.20711883902549744,1.0544096231460571,0.55,0.07,0.435,0.39,10.0,0.8255102040816326,0.5150075235224764,0.0008163265306122463,0.5036977197695524,0.05,0.8254591836734693,0.5116275159322461,0.0007653061224489777,0.49734533987939356,0.05,1.745,1.74,scratch,adaptive_random_to_student,200
27,0,0.56,0.98,0.93,0.905,4.01,4.485,4.4,0.11684326827526093,0.18809981644153595,1.0775409936904907,0.57,0.055,0.42,0.38,10.0,0.8287755102040816,0.5055416889857854,0.004081632653061219,0.4953908862173557,0.05,0.8272448979591835,0.5029242756484118,0.0025510204081632608,0.49807164996862413,0.05,1.795,1.645,scratch,adaptive_random_to_student,200
28,0,0.59,0.98,0.91,0.885,4.755,4.485,4.375,0.19414296746253967,0.24427680671215057,1.0060961246490479,0.6,0.07,0.39,0.36,10.0,0.8197448979591836,0.49910318096674905,-0.004948979591836736,0.48623305941931905,0.05,0.8210714285714286,0.5056263875499897,-0.003622448979591841,0.4946588973049074,0.05,1.73,1.86,scratch,adaptive_random_to_student,200
29,0,0.54,0.98,0.91,0.89,4.24,4.485,4.49,0.1923639476299286,0.2783970534801483,1.1129721403121948,0.55,0.075,0.44,0.4,10.0,0.8247448979591836,0.4962407882503072,5.1020408163266474e-05,0.49020700763911007,0.05,0.8244387755102041,0.5027506048666274,-0.00025510204081633013,0.49232472728937865,0.05,1.74,1.71,scratch,adaptive_random_to_student,200
30,0,0.58,0.98,0.91,0.895,4.41,4.485,4.45,0.1880902498960495,0.21910586953163147,1.0274782180786133,0.58,0.07,0.405,0.355,10.0,0.835,0.5142567748566417,0.010306122448979589,0.5117372080823407,0.05,0.832857142857143,0.5110072277017463,0.008163265306122446,0.5115835045836866,0.05,1.905,1.695,scratch,adaptive_random_to_student,200
31,0,0.605,0.98,0.92,0.885,4.455,4.485,4.32,0.13701651990413666,0.24836541712284088,0.9495219588279724,0.615,0.065,0.375,0.335,10.0,0.8234693877551019,0.4916501277604304,-0.001224489795918372,0.49107983002439143,0.05,0.8246938775510205,0.4990995083095629,-3.885780586188048e-18,0.48918934611603615,0.05,1.69,1.81,scratch,adaptive_random_to_student,200
32,0,0.575,0.98,0.92,0.905,4.43,4.485,4.4,0.16284145414829254,0.20041446387767792,1.0103310346603394,0.585,0.06,0.405,0.36,10.0,0.8178571428571427,0.48160135684500616,-0.006836734693877553,0.47501011156477035,0.05,0.8209693877551021,0.49207068917354835,-0.0037244897959183686,0.4893857868388295,0.05,1.54,1.845,scratch,adaptive_random_to_student,200
33,0,0.57,0.98,0.91,0.91,4.18,4.485,4.405,0.20366717875003815,0.21813444793224335,0.9743824005126953,0.58,0.07,0.41,0.365,10.0,0.8230102040816327,0.5185943208201436,-0.0016836734693877592,0.5025399786606431,0.05,0.8232653061224491,0.5109692705384954,-0.001428571428571429,0.5092336950078606,0.05,1.77,1.795,scratch,adaptive_random_to_student,200
34,0,0.575,0.98,0.915,0.885,4.685,4.485,4.425,0.19315741956233978,0.258549302816391,1.0539737939834595,0.585,0.065,0.405,0.365,10.0,0.8280102040816327,0.5235035500282817,0.003316326530612239,0.5136751846224069,0.05,0.8276530612244898,0.5198759497711289,0.0029591836734693816,0.5148490685876459,0.05,1.79,1.755,scratch,adaptive_random_to_student,200
35,0,0.55,0.98,0.91,0.92,4.55,4.485,4.37,0.16516906023025513,0.15711654722690582,1.1661661863327026,0.56,0.07,0.43,0.4,10.0,0.8186734693877551,0.4819204931361718,-0.00602040816326531,0.4777607384882867,0.05,0.819438775510204,0.48422295510599217,-0.005255102040816327,0.4748920427635312,0.05,1.675,1.75,scratch,adaptive_random_to_student,200
36,0,0.575,0.98,0.92,0.905,3.87,4.485,4.465,0.17233385145664215,0.22881726920604706,1.0763959884643555,0.585,0.06,0.405,0.375,10.0,0.8166836734693877,0.48377834394077623,-0.008010204081632657,0.4861932850188168,0.05,0.8178061224489795,0.486505820624035,-0.006887755102040818,0.49121371515095236,0.05,1.71,1.82,scratch,adaptive_random_to_student,200
37,0,0.6,0.98,0.895,0.895,4.555,4.485,4.375,0.2462429255247116,0.2887269854545593,1.0762434005737305,0.59,0.085,0.39,0.335,10.0,0.8269387755102042,0.5075750312306427,0.002244897959183671,0.5044165873527526,0.05,0.8255102040816327,0.5024171277128153,0.0008163265306122447,0.5060660694167018,0.05,1.86,1.72,scratch,adaptive_random_to_student,200
38,0,0.595,0.98,0.915,0.89,4.38,4.485,4.415,0.17667783796787262,0.25773385167121887,1.0499680042266846,0.6,0.07,0.39,0.345,10.0,0.8253571428571428,0.501714350583428,0.0006632653061224475,0.4949392688460648,0.05,0.8248979591836735,0.49952619338316484,0.00020408163265305811,0.49187388371676205,0.05,1.745,1.7,scratch,adaptive_random_to_student,200
39,0,0.595,0.98,0.9,0.895,4.285,4.485,4.41,0.26600587368011475,0.24533843994140625,1.0327926874160767,0.605,0.085,0.385,0.34,10.0,0.822091836734694,0.4874545997702732,-0.0026020408163265323,0.4995438365451992,0.05,0.8228061224489795,0.49338154257708206,-0.0018877551020408184,0.5026520740613342,0.05,1.74,1.81,scratch,adaptive_random_to_student,200
40,0,0.615,0.98,0.92,0.895,4.505,4.485,4.475,0.17783738672733307,0.23487314581871033,1.050513505935669,0.615,0.06,0.37,0.355,10.0,0.8189285714285713,0.4733840784071996,-0.005765306122448983,0.48106659680604935,0.05,0.8192346938775511,0.4799261560153575,-0.00545918367346939,0.4790654091536999,0.05,1.725,1.755,scratch,adaptive_random_to_student,200
41,0,0.58,0.98,0.93,0.91,4.515,4.485,4.365,0.1601182520389557,0.199040487408638,1.0373345613479614,0.58,0.055,0.405,0.36,10.0,0.8206632653061224,0.48356579780955405,-0.004030612244897963,0.48832349697127936,0.05,0.8216836734693876,0.48467963329787417,-0.003010204081632661,0.48860653745010496,0.05,1.75,1.85,scratch,adaptive_random_to_student,200
42,0,0.585,0.98,0.915,0.895,4.6,4.485,4.43,0.15860652923583984,0.22771719098091125,1.0962800979614258,0.595,0.065,0.395,0.355,10.0,0.8149489795918368,0.4532607540826077,-0.009744897959183674,0.46038994421251117,0.05,0.8174489795918367,0.4640622368200973,-0.007244897959183676,0.4658437508530915,0.05,1.615,1.86,scratch,adaptive_random_to_student,200
43,0,0.61,0.98,0.91,0.91,4.205,4.485,4.54,0.17052453756332397,0.20865823328495026,1.1180570125579834,0.62,0.07,0.37,0.33,10.0,0.8145918367346939,0.43699692156958697,-0.010102040816326539,0.4441375132184476,0.05,0.8176530612244898,0.45948056554702493,-0.007040816326530619,0.4546924157626927,0.05,1.625,1.925,scratch,adaptive_random_to_student,200
44,0,0.595,0.98,0.9,0.915,4.235,4.485,4.36,0.16347430646419525,0.19410492479801178,1.083109736442566,0.605,0.08,0.385,0.34,10.0,0.8209693877551021,0.4875681398437146,-0.0037244897959183686,0.490579300604295,0.05,0.8222448979591838,0.49915785088896436,-0.002448979591836739,0.49904384234920146,0.05,1.735,1.86,scratch,adaptive_random_to_student,200
45,0,0.605,0.98,0.925,0.915,4.22,4.485,4.48,0.1709112524986267,0.20613951981067657,1.073063611984253,0.615,0.055,0.375,0.35,10.0,0.8120408163265306,0.4420388334536827,-0.012653061224489802,0.4478912697150372,0.05,0.8139285714285713,0.45178041317091355,-0.010765306122448984,0.4581572568183765,0.05,1.625,1.81,scratch,adaptive_random_to_student,200
46,0,0.58,0.98,0.925,0.91,4.535,4.485,4.36,0.15505972504615784,0.1889449954032898,1.1101768016815186,0.59,0.055,0.4,0.36,10.0,0.8228571428571427,0.4751350150023646,-0.001836734693877551,0.4732376615458634,0.05,0.8238775510204082,0.48715913134924066,-0.0008163265306122513,0.4816073324531317,0.05,1.72,1.82,scratch,adaptive_random_to_student,200
47,0,0.59,0.98,0.915,0.9,4.275,4.485,4.455,0.15418700873851776,0.18523061275482178,1.161260724067688,0.6,0.065,0.39,0.345,10.0,0.8230102040816327,0.4751366796036896,-0.0016836734693877582,0.47288545084185896,0.05,0.8232142857142857,0.47903063245579,-0.0014795918367346977,0.477824789211154,0.05,1.71,1.73,scratch,adaptive_random_to_student,200
48,0,0.595,0.98,0.9,0.875,4.425,4.485,4.4,0.1886724829673767,0.2231728732585907,1.0786261558532715,0.605,0.08,0.385,0.34,10.0,0.8205102040816326,0.4742024632351828,-0.004183673469387755,0.4723148579132976,0.05,0.8206122448979591,0.4743532369741011,-0.004081632653061229,0.47449809942394494,0.05,1.73,1.74,scratch,adaptive_random_to_student,200
49,0,0.58,0.98,0.915,0.9,4.32,4.485,4.495,0.18340183794498444,0.17089229822158813,1.1249229907989502,0.59,0.065,0.4,0.345,10.0,0.8198469387755103,0.4916705651218459,-0.0048469387755102076,0.47714493380393835,0.05,0.8198469387755103,0.48850316945040356,-0.004846938775510205,0.4787673538736999,0.05,1.725,1.725,scratch,adaptive_random_to_student,200
50,0,0.59,0.98,0.92,0.895,4.2,4.485,4.395,0.1714027225971222,0.19460567831993103,1.1555333137512207,0.6,0.065,0.39,0.34,10.0,0.822295918367347,0.4943198399052507,-0.0023979591836734726,0.4863307807315141,0.05,0.8236224489795919,0.5054899697884224,-0.0010714285714285747,0.4954611770808697,0.05,1.56,1.69,scratch,adaptive_random_to_student,200
51,0,0.595,0.98,0.925,0.9,4.475,4.485,4.4,0.16595706343650818,0.22426623106002808,1.16145920753479,0.595,0.055,0.39,0.355,10.0,0.8214285714285714,0.49948278088893044,-0.003265306122448986,0.48874038048088553,0.05,0.8230102040816325,0.5072204981067459,-0.0016836734693877614,0.5007603205554187,0.05,1.6,1.755,scratch,adaptive_random_to_student,200
52,0,0.57,0.98,0.92,0.88,4.21,4.485,4.335,0.15306062996387482,0.25438153743743896,1.1087063550949097,0.58,0.06,0.41,0.36,10.0,0.8139795918367346,0.47665593705705916,-0.010714285714285716,0.46680754915578293,0.05,0.817857142857143,0.49855958692956137,-0.006836734693877555,0.481624454036355,0.05,1.615,1.995,scratch,adaptive_random_to_student,200
53,0,0.585,0.98,0.92,0.905,4.305,4.485,4.34,0.14960618317127228,0.19253681600093842,1.116169810295105,0.595,0.06,0.395,0.365,10.0,0.8254591836734693,0.5130966309195141,0.0007653061224489754,0.4965804499294609,0.05,0.8254591836734694,0.5031263021855116,0.0007653061224489754,0.49419681273400784,0.05,1.68,1.68,scratch,adaptive_random_to_student,200
54,0,0.62,0.98,0.93,0.895,4.39,4.485,4.365,0.1827857941389084,0.22278328239917755,1.128869652748108,0.63,0.055,0.36,0.34,10.0,0.817857142857143,0.48666527460788894,-0.006836734693877553,0.48717577860690653,0.05,0.8189285714285713,0.4883464955705906,-0.005765306122448983,0.489536060616374,0.05,1.75,1.855,scratch,adaptive_random_to_student,200
55,0,0.585,0.98,0.925,0.91,4.245,4.485,4.41,0.15380455553531647,0.17660337686538696,1.1183067560195923,0.585,0.055,0.4,0.36,10.0,0.8248979591836735,0.5003346520883208,0.0002040816326530559,0.4905998090840876,0.05,0.8257142857142857,0.5015815333745173,0.0010204081632653084,0.4931729433685541,0.05,1.675,1.755,scratch,adaptive_random_to_student,200
56,0,0.605,0.98,0.925,0.905,4.595,4.485,4.38,0.14020729064941406,0.1887538582086563,1.1417622566223145,0.615,0.055,0.375,0.35,10.0,0.8138265306122449,0.45747331996084994,-0.010867346938775512,0.4608458662498742,0.05,0.815561224489796,0.46669583009815724,-0.009132653061224492,0.46751941576600076,0.05,1.67,1.84,scratch,adaptive_random_to_student,200
57,0,0.595,0.98,0.925,0.905,4.615,4.485,4.44,0.1283072978258133,0.205002099275589,1.1451395750045776,0.605,0.055,0.385,0.335,10.0,0.8226020408163265,0.49519960561429993,-0.0020918367346938836,0.4854100076574832,0.05,0.8228061224489795,0.4915860384149134,-0.0018877551020408212,0.4862661159038544,0.05,1.855,1.875,scratch,adaptive_random_to_student,200
58,0,0.615,0.98,0.93,0.91,4.415,4.485,4.47,0.1323564350605011,0.18411533534526825,1.2143443822860718,0.625,0.055,0.365,0.335,10.0,0.8254081632653061,0.4738838995990115,0.000714285714285709,0.4804742872156203,0.05,0.8261224489795919,0.4816719768779746,0.0014285714285714258,0.48217674406245353,0.05,1.66,1.73,scratch,adaptive_random_to_student,200
59,0,0.625,0.98,0.94,0.905,4.445,4.485,4.41,0.09490323811769485,0.17714904248714447,1.0927921533584595,0.635,0.04,0.355,0.33,10.0,0.8143367346938776,0.46597054045709585,-0.01035714285714286,0.47030107241356744,0.05,0.8154081632653062,0.4624352286853755,-0.009285714285714286,0.47120911909267305,0.05,1.68,1.785,scratch,adaptive_random_to_student,200
60,0,0.61,0.98,0.935,0.895,4.4,4.485,4.41,0.10733695328235626,0.20011299848556519,1.172390341758728,0.62,0.045,0.37,0.345,10.0,0.8178061224489795,0.4596204617297242,-0.00688775510204082,0.46778047788713595,0.05,0.818265306122449,0.46514701388788804,-0.006428571428571434,0.47094962099567056,0.05,1.81,1.855,scratch,adaptive_random_to_student,200
61,0,0.6,0.98,0.915,0.91,4.34,4.485,4.43,0.13797590136528015,0.15530021488666534,1.1358616352081299,0.605,0.065,0.38,0.34,10.0,0.8196428571428572,0.47335434744560617,-0.005051020408163267,0.46886248224414884,0.05,0.8199489795918368,0.48331446912671105,-0.004744897959183673,0.4720996388792992,0.05,1.82,1.85,scratch,adaptive_random_to_student,200
62,0,0.595,0.98,0.91,0.905,4.575,4.485,4.47,0.15529264509677887,0.18593822419643402,1.1901992559432983,0.595,0.07,0.39,0.34,10.0,0.8198979591836735,0.4708781745873164,-0.004795918367346943,0.47640940284822136,0.05,0.8211224489795919,0.48095364113072003,-0.0035714285714285744,0.4758261177642271,0.05,1.705,1.825,scratch,adaptive_random_to_student,200
63,0,0.605,0.98,0.94,0.93,4.495,4.485,4.465,0.09980902820825577,0.11116228252649307,1.0944081544876099,0.605,0.04,0.38,0.355,10.0,0.817908163265306,0.48649165329668764,-0.006785714285714291,0.4801178439782234,0.05,0.8202551020408164,0.4911362602770396,-0.00443877551020408,0.4783294146694243,0.05,1.67,1.9,scratch,adaptive_random_to_student,200
64,0,0.58,0.98,0.905,0.88,4.66,4.485,4.505,0.1494990736246109,0.22024917602539062,1.2029609680175781,0.59,0.075,0.4,0.35,10.0,0.8159693877551021,0.4718438504804465,-0.00872448979591837,0.46447003991110253,0.05,0.8178061224489795,0.4826423183329573,-0.006887755102040818,0.4764932836405933,0.05,1.715,1.895,scratch,adaptive_random_to_student,200
65,0,0.615,0.98,0.93,0.92,4.545,4.485,4.385,0.14692376554012299,0.1618894785642624,1.1567796468734741,0.615,0.05,0.37,0.345,10.0,0.8165816326530612,0.46735377616987805,-0.008112244897959187,0.4692340162984328,0.05,0.8177551020408163,0.47618820869751244,-0.006938775510204089,0.47853256842121483,0.05,1.715,1.83,scratch,adaptive_random_to_student,200
66,0,0.62,0.98,0.935,0.915,4.41,4.485,4.52,0.14045971632003784,0.1761384904384613,1.1121258735656738,0.63,0.045,0.36,0.345,10.0,0.8204081632653061,0.4925239348477437,-0.004285714285714288,0.489676062874496,0.05,0.819438775510204,0.4868878999036953,-0.0052551020408163306,0.4880509864911437,0.05,1.895,1.8,scratch,adaptive_random_to_student,200
67,0,0.61,0.98,0.915,0.92,4.49,4.485,4.45,0.1417485922574997,0.1420396864414215,1.1842925548553467,0.62,0.065,0.37,0.34,10.0,0.8152551020408163,0.4691374171184787,-0.009438775510204089,0.47402374807279557,0.05,0.8165306122448979,0.476410036095061,-0.008163265306122453,0.4769983323290944,0.05,1.795,1.92,scratch,adaptive_random_to_student,200
68,0,0.6,0.98,0.955,0.92,4.475,4.485,4.435,0.07542046904563904,0.1484212428331375,1.2251267433166504,0.61,0.025,0.38,0.365,10.0,0.8154591836734693,0.47761826600294066,-0.009234693877551022,0.47785834684182193,0.05,0.8153061224489795,0.47328881651694943,-0.00938775510204082,0.4746844151057303,0.05,1.76,1.745,scratch,adaptive_random_to_student,200
69,0,0.595,0.98,0.94,0.935,4.46,4.485,4.52,0.1200876459479332,0.13315680623054504,1.2299808263778687,0.605,0.04,0.385,0.365,10.0,0.8204081632653061,0.4879868102389359,-0.00428571428571429,0.4878843568713637,0.05,0.8226530612244898,0.4975289661091391,-0.002040816326530619,0.4988284764625132,0.05,1.715,1.935,scratch,adaptive_random_to_student,200
70,0,0.61,0.98,0.935,0.93,4.49,4.485,4.425,0.12092536687850952,0.15687140822410583,1.2318824529647827,0.62,0.045,0.37,0.35,10.0,0.8185714285714286,0.4830207703386064,-0.0061224489795918425,0.48694042857736347,0.05,0.8196938775510205,0.4875277695653963,-0.005000000000000002,0.49044508934020997,0.05,1.775,1.885,scratch,adaptive_random_to_student,200
71,0,0.595,0.98,0.925,0.89,4.51,4.485,4.45,0.14184482395648956,0.20775695145130157,1.1906228065490723,0.595,0.055,0.39,0.36,10.0,0.8225,0.4948250045041194,-0.0021938775510204163,0.48525327441748234,0.05,0.8212755102040816,0.498042471228169,-0.0034183673469387805,0.47915277887135743,0.05,1.82,1.7,scratch,adaptive_random_to_student,200
72,0,0.62,0.98,0.93,0.925,4.43,4.485,4.42,0.1223040521144867,0.14877060055732727,1.1341090202331543,0.62,0.05,0.365,0.34,10.0,0.8171938775510205,0.47204349856484906,-0.007500000000000004,0.4722886792576173,0.05,0.8172959183673468,0.46937374722546693,-0.007397959183673476,0.4741565197426826,0.05,1.735,1.745,scratch,adaptive_random_to_student,200
73,0,0.63,0.98,0.93,0.925,4.46,4.485,4.47,0.13521593809127808,0.17032390832901,1.156625509262085,0.64,0.05,0.35,0.325,10.0,0.8164285714285714,0.4759678452214505,-0.008265306122448985,0.4756643057760084,0.05,0.8181122448979592,0.4820850050493538,-0.006581632653061223,0.47774427278898657,0.05,1.74,1.905,scratch,adaptive_random_to_student,200
74,0,0.62,0.98,0.91,0.905,4.615,4.485,4.375,0.15673957765102386,0.2061273157596588,1.1734216213226318,0.63,0.07,0.36,0.33,10.0,0.8201020408163265,0.4962406222785787,-0.004591836734693884,0.48560220332583415,0.05,0.8198979591836735,0.4932000888349954,-0.004795918367346942,0.4832698903977871,0.05,1.86,1.84,scratch,adaptive_random_to_student,200
75,0,0.61,0.98,0.94,0.92,4.415,4.485,4.34,0.1242251992225647,0.1551125943660736,1.185102105140686,0.62,0.045,0.37,0.35,10.0,0.8176530612244898,0.4878674724712141,-0.007040816326530617,0.4795677982014604,0.05,0.8192346938775509,0.4955916610447336,-0.005459183673469387,0.4883000957593322,0.05,1.665,1.82,scratch,adaptive_random_to_student,200
76,0,0.615,0.98,0.92,0.91,4.42,4.485,4.325,0.10816951096057892,0.1657128483057022,1.2085294723510742,0.625,0.06,0.365,0.345,10.0,0.8180102040816325,0.4865576027930412,-0.006683673469387761,0.4765599642979214,0.05,0.8180612244897958,0.4890950129104453,-0.0066326530612244895,0.48125331602816,0.05,1.765,1.77,scratch,adaptive_random_to_student,200
77,0,0.62,0.98,0.925,0.925,4.345,4.485,4.325,0.11017215996980667,0.14012925326824188,1.1735520362854004,0.63,0.055,0.36,0.33,10.0,0.8168367346938774,0.48327686275280085,-0.007857142857142863,0.4796912698780943,0.05,0.8195408163265304,0.4879027393839839,-0.005153061224489801,0.48540673471055923,0.05,1.65,1.915,scratch,adaptive_random_to_student,200
78,0,0.64,0.98,0.93,0.91,4.405,4.485,4.355,0.14207440614700317,0.1540590226650238,1.1520590782165527,0.65,0.05,0.34,0.31,10.0,0.8168367346938775,0.4839898614010953,-0.007857142857142863,0.4786446987936506,0.05,0.8179081632653061,0.493228831283908,-0.006785714285714295,0.4866456116363406,0.05,1.695,1.8,scratch,adaptive_random_to_student,200
79,0,0.62,0.98,0.925,0.915,4.295,4.485,4.445,0.16492027044296265,0.15382695198059082,1.1408418416976929,0.63,0.055,0.36,0.33,10.0,0.8184183673469388,0.4883463116526655,-0.006275510204081638,0.48857954287494065,0.05,0.8185204081632653,0.47792975091438045,-0.0061734693877551075,0.48132465734146535,0.05,1.75,1.76,scratch,adaptive_random_to_student,200
80,0,0.61,0.98,0.935,0.905,4.61,4.485,4.495,0.12692180275917053,0.16467617452144623,1.1789202690124512,0.62,0.045,0.37,0.34,10.0,0.8170408163265306,0.4844696495437188,-0.007653061224489801,0.47701157223957125,0.05,0.8185204081632653,0.4955297371863964,-0.006173469387755106,0.48690732416696847,0.05,1.745,1.89,scratch,adaptive_random_to_student,200
81,0,0.62,0.98,0.925,0.92,4.505,4.485,4.395,0.14968611299991608,0.17183353006839752,1.1964055299758911,0.63,0.055,0.36,0.335,10.0,0.8152551020408163,0.4857797358468343,-0.009438775510204086,0.48187717563065235,0.05,0.8166836734693877,0.4948130739557308,-0.008010204081632655,0.49378755198791624,0.05,1.69,1.83,scratch,adaptive_random_to_student,200
82,0,0.605,0.98,0.925,0.895,4.405,4.485,4.415,0.11967332661151886,0.20711460709571838,1.1858824491500854,0.615,0.055,0.375,0.34,10.0,0.8146428571428572,0.478891299540473,-0.010051020408163271,0.47983278638741467,0.05,0.8159183673469387,0.4839675383131557,-0.008775510204081634,0.48773088527377695,0.05,1.705,1.83,scratch,adaptive_random_to_student,200
83,0,0.615,0.98,0.905,0.915,4.36,4.485,4.385,0.1732509583234787,0.18288737535476685,1.2055338621139526,0.625,0.075,0.365,0.32,10.0,0.8155102040816327,0.4831857559882442,-0.00918367346938776,0.4864489179843804,0.05,0.8184183673469388,0.4925859923833391,-0.006275510204081635,0.49701359678059814,0.05,1.69,1.975,scratch,adaptive_random_to_student,200
84,0,0.605,0.98,0.92,0.91,4.515,4.485,4.385,0.17470891773700714,0.19290414452552795,1.2266119718551636,0.615,0.06,0.375,0.345,10.0,0.814795918367347,0.48510001303281036,-0.009897959183673474,0.4804356431786437,0.05,0.8185204081632653,0.4961828472194576,-0.006173469387755103,0.483430095538497,0.05,1.63,1.995,scratch,adaptive_random_to_student,200
85,0,0.615,0.98,0.92,0.91,4.53,4.485,4.405,0.1609305590391159,0.16956238448619843,1.1940124034881592,0.625,0.06,0.365,0.33,10.0,0.8134693877551021,0.47662246711131684,-0.011224489795918368,0.4766646998946089,0.05,0.8177551020408163,0.49125346796809327,-0.006938775510204082,0.4869131725281477,0.05,1.615,2.035,scratch,adaptive_random_to_student,200
86,0,0.625,0.98,0.945,0.915,4.465,4.485,4.445,0.09881066530942917,0.17651072144508362,1.16884183883667,0.635,0.035,0.355,0.335,10.0,0.8142857142857143,0.4680535523486801,-0.010408163265306128,0.472803814803483,0.05,0.8156632653061224,0.46735118639630935,-0.009030612244897967,0.4737859792634845,0.05,1.655,1.79,scratch,adaptive_random_to_student,200
87,0,0.625,0.98,0.935,0.915,4.54,4.485,4.505,0.11753396689891815,0.12319900840520859,1.157055377960205,0.635,0.045,0.355,0.32,10.0,0.8144897959183673,0.47491628451816215,-0.010204081632653062,0.4762324002519017,0.05,0.8155102040816327,0.4732828481872331,-0.009183673469387761,0.4816474641114473,0.05,1.76,1.86,scratch,adaptive_random_to_student,200
88,0,0.62,0.98,0.915,0.92,4.525,4.485,4.51,0.17538240551948547,0.16511349380016327,1.205803394317627,0.63,0.065,0.36,0.32,10.0,0.8136734693877551,0.4717632219812195,-0.01102040816326531,0.4774720895488281,0.05,0.8169387755102041,0.48172898090724103,-0.007755102040816333,0.48695462584495547,0.05,1.66,1.98,scratch,adaptive_random_to_student,200
89,0,0.62,0.98,0.915,0.925,4.58,4.485,4.38,0.1480569988489151,0.137562096118927,1.2045421600341797,0.63,0.065,0.36,0.325,10.0,0.814795918367347,0.4718372183427499,-0.009897959183673472,0.4757136700267438,0.05,0.817091836734694,0.4738362630204203,-0.007602040816326538,0.4790612866170704,0.05,1.71,1.935,scratch,adaptive_random_to_student,200
90,0,0.615,0.98,0.94,0.925,4.56,4.485,4.445,0.10413626581430435,0.14151297509670258,1.2043085098266602,0.625,0.04,0.365,0.345,10.0,0.8143877551020409,0.4686249310777352,-0.010306122448979594,0.47758649354917,0.05,0.8169897959183673,0.47868578496320635,-0.007704081632653062,0.4824709145538509,0.05,1.685,1.94,scratch,adaptive_random_to_student,200
91,0,0.615,0.98,0.93,0.915,4.61,4.485,4.405,0.11366859078407288,0.16011196374893188,1.2142130136489868,0.625,0.05,0.365,0.33,10.0,0.8138265306122449,0.464220141352025,-0.010867346938775512,0.4715450539079029,0.05,0.8154591836734695,0.470000459259149,-0.009234693877551025,0.47779266906902196,0.05,1.73,1.89,scratch,adaptive_random_to_student,200
92,0,0.61,0.98,0.915,0.915,4.62,4.485,4.535,0.13503476977348328,0.17668037116527557,1.2045221328735352,0.62,0.065,0.37,0.335,10.0,0.815204081632653,0.468960476031382,-0.009489795918367348,0.4730608482111711,0.05,0.8158673469387755,0.47066397059425974,-0.008826530612244905,0.4749662326462567,0.05,1.78,1.845,scratch,adaptive_random_to_student,200
93,0,0.61,0.98,0.935,0.915,4.635,4.485,4.5,0.11042648553848267,0.17626197636127472,1.1963084936141968,0.62,0.045,0.37,0.35,10.0,0.8147448979591836,0.4764745524563938,-0.00994897959183674,0.4771692715783138,0.05,0.8173979591836735,0.4885016326735342,-0.007295918367346943,0.4858150683157146,0.05,1.72,1.98,scratch,adaptive_random_to_student,200
94,0,0.61,0.98,0.93,0.91,4.595,4.485,4.455,0.1485835611820221,0.18581566214561462,1.1844154596328735,0.62,0.05,0.37,0.34,10.0,0.8145408163265305,0.46675982264861726,-0.0101530612244898,0.47168639951967634,0.05,0.8176020408163265,0.4869170816450173,-0.007091836734693884,0.48431637895293533,0.05,1.695,1.995,scratch,adaptive_random_to_student,200
95,0,0.61,0.98,0.93,0.91,4.595,4.485,4.51,0.13106484711170197,0.1878424882888794,1.1843388080596924,0.62,0.05,0.37,0.335,10.0,0.8151530612244897,0.4763120494203512,-0.009540816326530617,0.4765545059146825,0.05,0.8173979591836735,0.48574466116162135,-0.007295918367346946,0.48411450734362005,0.05,1.76,1.98,scratch,adaptive_random_to_student,200
96,0,0.61,0.98,0.93,0.92,4.595,4.485,4.44,0.1553700864315033,0.16123360395431519,1.1821686029434204,0.62,0.05,0.37,0.34,10.0,0.8148469387755103,0.47529703813616775,-0.009846938775510208,0.47620620229863564,0.05,0.8165306122448981,0.48522226593490947,-0.008163265306122455,0.482437051050365,0.05,1.71,1.875,scratch,adaptive_random_to_student,200
97,0,0.605,0.98,0.935,0.92,4.615,4.485,4.475,0.13351355493068695,0.15539386868476868,1.1867636442184448,0.615,0.045,0.375,0.35,10.0,0.8147448979591837,0.4752609962635685,-0.00994897959183674,0.4754669939132873,0.05,0.8161224489795919,0.47909610259058505,-0.008571428571428579,0.4794548650830984,0.05,1.735,1.87,scratch,adaptive_random_to_student,200
98,0,0.605,0.98,0.93,0.92,4.615,4.485,4.415,0.1361529678106308,0.15799474716186523,1.1898051500320435,0.615,0.05,0.375,0.345,10.0,0.8145918367346938,0.47739492578357057,-0.010102040816326534,0.4788452966150362,0.05,0.8165816326530613,0.4851509694038668,-0.008112244897959189,0.4868773755803704,0.05,1.75,1.945,scratch,adaptive_random_to_student,200
99,0,0.605,0.98,0.925,0.92,4.615,4.485,4.465,0.1545124650001526,0.15764500200748444,1.1890240907669067,0.615,0.055,0.375,0.345,10.0,0.8146938775510205,0.4774787709745148,-0.01,0.4798683584260289,0.05,0.8161734693877551,0.4906637731926672,-0.008520408163265308,0.49280868597328664,0.05,1.745,1.89,scratch,adaptive_random_to_student,200
100,0,0.605,0.98,0.92,0.92,4.615,4.485,4.46,0.1546981930732727,0.158900186419487,1.1915985345840454,0.615,0.06,0.375,0.34,10.0,0.8143367346938776,0.47645368066017224,-0.010357142857142858,0.47927769340691156,0.05,0.8157142857142857,0.4856233729994241,-0.0089795918367347,0.4886921084858477,0.05,1.73,1.865,scratch,adaptive_random_to_student,200
