seed,initialization,method,epoch,mask,repeat,teacher_accuracy,teacher_full_accuracy,kl,full_correct_to_wrong,background_ratio,foreground_missing,swaps
0,imagenet,ce,0,student,0,0.965,0.98,0.049423896,0.015,0.7058673469387755,0.08231790489358617,0.0
0,imagenet,ce,0,student,1,0.965,0.98,0.049423896,0.015,0.7058673469387755,0.08231790489358617,0.0
0,imagenet,ce,0,student,2,0.965,0.98,0.049423896,0.015,0.7058673469387755,0.08231790489358617,0.0
0,imagenet,ce,0,student,3,0.965,0.98,0.049423896,0.015,0.7058673469387755,0.08231790489358617,0.0
0,imagenet,ce,0,student,4,0.965,0.98,0.049423896,0.015,0.7058673469387755,0.08231790489358617,0.0
0,imagenet,ce,0,random,0,0.95,0.98,0.07085513,0.03,0.8246938775510205,0.48994748795493875,0.0
0,imagenet,ce,0,random,1,0.965,0.98,0.06002661,0.02,0.8235204081632653,0.4946262972715817,0.0
0,imagenet,ce,0,random,2,0.945,0.98,0.086035594,0.035,0.8219387755102041,0.47777470733476307,0.0
0,imagenet,ce,0,random,3,0.93,0.98,0.11281219,0.05,0.822857142857143,0.4756299304983063,0.0
0,imagenet,ce,0,random,4,0.945,0.98,0.12285635,0.04,0.8268877551020407,0.5175266882325791,0.0
0,imagenet,ce,0,random_rescue_10,0,0.955,0.98,0.07673554,0.03,0.729234693877551,0.1679639018459042,10.0
0,imagenet,ce,0,random_rescue_10,1,0.96,0.98,0.05731293,0.02,0.7321428571428572,0.17112982691976839,10.0
0,imagenet,ce,0,random_rescue_10,2,0.955,0.98,0.07880971,0.025,0.7311224489795919,0.17162426857917626,10.0
0,imagenet,ce,0,random_rescue_10,3,0.955,0.98,0.0690822,0.025,0.7294897959183675,0.17406355448185729,10.0
0,imagenet,ce,0,random_rescue_10,4,0.94,0.98,0.09882484,0.04,0.7296428571428573,0.15813417548845027,10.0
0,imagenet,ce,0,foreground_rescue_10,0,0.96,0.98,0.052042674,0.02,0.677295918367347,0.025096868132710646,2.8
0,imagenet,ce,0,foreground_rescue_10,1,0.96,0.98,0.061706647,0.02,0.677295918367347,0.025096868132710646,2.8
0,imagenet,ce,0,foreground_rescue_10,2,0.96,0.98,0.057614543,0.02,0.677295918367347,0.025096868132710646,2.8
0,imagenet,ce,0,foreground_rescue_10,3,0.96,0.98,0.062874764,0.02,0.677295918367347,0.025096868132710646,2.8
0,imagenet,ce,0,foreground_rescue_10,4,0.96,0.98,0.063759096,0.02,0.677295918367347,0.025096868132710646,2.8
0,imagenet,ce,0,low_score_rescue_10,0,0.95,0.98,0.07409613,0.03,0.7128571428571427,0.09592084560465473,10.0
0,imagenet,ce,0,low_score_rescue_10,1,0.96,0.98,0.048454687,0.02,0.7136734693877551,0.09635290260200267,10.0
0,imagenet,ce,0,low_score_rescue_10,2,0.95,0.98,0.061150827,0.03,0.7132142857142857,0.09623877203175696,10.0
0,imagenet,ce,0,low_score_rescue_10,3,0.955,0.98,0.07511786,0.025,0.7127551020408163,0.09565284000194518,10.0
0,imagenet,ce,0,low_score_rescue_10,4,0.955,0.98,0.06678594,0.025,0.7127551020408163,0.09502717675311124,10.0
0,imagenet,ce,0,random_matched,0,0.96,0.98,0.05148281,0.02,0.7163775510204081,0.09909034654213109,2.8
0,imagenet,ce,0,random_matched,1,0.965,0.98,0.051132623,0.015,0.7163775510204081,0.10026353536070877,2.8
0,imagenet,ce,0,random_matched,2,0.95,0.98,0.06500979,0.03,0.7168877551020408,0.10060035762440128,2.8
0,imagenet,ce,0,random_matched,3,0.96,0.98,0.05155242,0.02,0.7167346938775511,0.10205323439281039,2.8
0,imagenet,ce,0,random_matched,4,0.955,0.98,0.055842362,0.025,0.7166836734693877,0.09952487927668469,2.8
0,imagenet,ce,10,student,0,0.955,0.98,0.08192318,0.03,0.705408163265306,0.08468321116681247,0.0
0,imagenet,ce,10,student,1,0.955,0.98,0.08192318,0.03,0.705408163265306,0.08468321116681247,0.0
0,imagenet,ce,10,student,2,0.955,0.98,0.08192318,0.03,0.705408163265306,0.08468321116681247,0.0
0,imagenet,ce,10,student,3,0.955,0.98,0.08192318,0.03,0.705408163265306,0.08468321116681247,0.0
0,imagenet,ce,10,student,4,0.955,0.98,0.08192318,0.03,0.705408163265306,0.08468321116681247,0.0
0,imagenet,ce,10,random,0,0.95,0.98,0.07085513,0.03,0.8246938775510205,0.48994748795493875,0.0
0,imagenet,ce,10,random,1,0.965,0.98,0.06002661,0.02,0.8235204081632653,0.4946262972715817,0.0
0,imagenet,ce,10,random,2,0.945,0.98,0.086035594,0.035,0.8219387755102041,0.47777470733476307,0.0
0,imagenet,ce,10,random,3,0.93,0.98,0.11281219,0.05,0.822857142857143,0.4756299304983063,0.0
0,imagenet,ce,10,random,4,0.945,0.98,0.12285635,0.04,0.8268877551020407,0.5175266882325791,0.0
0,imagenet,ce,10,random_rescue_10,0,0.95,0.98,0.080035515,0.03,0.7301530612244899,0.17884401771669262,10.0
0,imagenet,ce,10,random_rescue_10,1,0.95,0.98,0.091343194,0.035,0.7306632653061225,0.17200635331613057,10.0
0,imagenet,ce,10,random_rescue_10,2,0.955,0.98,0.067005046,0.03,0.7298469387755102,0.16243118625368733,10.0
0,imagenet,ce,10,random_rescue_10,3,0.97,0.98,0.04513753,0.01,0.7308673469387754,0.18090810323842754,10.0
0,imagenet,ce,10,random_rescue_10,4,0.94,0.98,0.08403427,0.04,0.7306632653061226,0.16443499450058174,10.0
0,imagenet,ce,10,foreground_rescue_10,0,0.96,0.98,0.07563601,0.025,0.6773469387755102,0.025857943921759784,2.75
0,imagenet,ce,10,foreground_rescue_10,1,0.965,0.98,0.060224973,0.02,0.6773469387755102,0.025857943921759784,2.75
0,imagenet,ce,10,foreground_rescue_10,2,0.96,0.98,0.079751655,0.025,0.6773469387755102,0.025857943921759784,2.75
0,imagenet,ce,10,foreground_rescue_10,3,0.955,0.98,0.0802584,0.03,0.6773469387755102,0.025857943921759784,2.75
0,imagenet,ce,10,foreground_rescue_10,4,0.955,0.98,0.06608632,0.03,0.6773469387755102,0.025857943921759784,2.75
0,imagenet,ce,10,low_score_rescue_10,0,0.945,0.98,0.09068374,0.04,0.7117857142857141,0.0974540645249796,10.0
0,imagenet,ce,10,low_score_rescue_10,1,0.945,0.98,0.09724228,0.04,0.712295918367347,0.09831514471709431,10.0
0,imagenet,ce,10,low_score_rescue_10,2,0.95,0.98,0.091100976,0.035,0.7116326530612246,0.09825617758891132,10.0
0,imagenet,ce,10,low_score_rescue_10,3,0.945,0.98,0.09269806,0.035,0.7117857142857144,0.09827458932631793,10.0
0,imagenet,ce,10,low_score_rescue_10,4,0.95,0.98,0.09794483,0.035,0.7108163265306122,0.0968480418781382,10.0
0,imagenet,ce,10,random_matched,0,0.96,0.98,0.07005597,0.025,0.715408163265306,0.10075986092372732,2.75
0,imagenet,ce,10,random_matched,1,0.955,0.98,0.07844166,0.03,0.7155612244897958,0.10177737484600581,2.75
0,imagenet,ce,10,random_matched,2,0.96,0.98,0.065801054,0.025,0.714795918367347,0.09979579905380341,2.75
0,imagenet,ce,10,random_matched,3,0.955,0.98,0.08546059,0.03,0.7156122448979592,0.10246383892224988,2.75
0,imagenet,ce,10,random_matched,4,0.955,0.98,0.083657056,0.03,0.7146428571428572,0.09937446950486858,2.75
0,imagenet,ce,25,student,0,0.945,0.98,0.08596955,0.035,0.7075510204081632,0.0908596502513223,0.0
0,imagenet,ce,25,student,1,0.945,0.98,0.08596955,0.035,0.7075510204081632,0.0908596502513223,0.0
0,imagenet,ce,25,student,2,0.945,0.98,0.08596955,0.035,0.7075510204081632,0.0908596502513223,0.0
0,imagenet,ce,25,student,3,0.945,0.98,0.08596955,0.035,0.7075510204081632,0.0908596502513223,0.0
0,imagenet,ce,25,student,4,0.945,0.98,0.08596955,0.035,0.7075510204081632,0.0908596502513223,0.0
0,imagenet,ce,25,random,0,0.95,0.98,0.07085513,0.03,0.8246938775510205,0.48994748795493875,0.0
0,imagenet,ce,25,random,1,0.965,0.98,0.06002661,0.02,0.8235204081632653,0.4946262972715817,0.0
0,imagenet,ce,25,random,2,0.945,0.98,0.086035594,0.035,0.8219387755102041,0.47777470733476307,0.0
0,imagenet,ce,25,random,3,0.93,0.98,0.11281219,0.05,0.822857142857143,0.4756299304983063,0.0
0,imagenet,ce,25,random,4,0.945,0.98,0.12285635,0.04,0.8268877551020407,0.5175266882325791,0.0
0,imagenet,ce,25,random_rescue_10,0,0.955,0.98,0.090954244,0.025,0.7308673469387754,0.18001297884163736,10.0
0,imagenet,ce,25,random_rescue_10,1,0.945,0.98,0.09554368,0.035,0.7325510204081632,0.1698949971384164,10.0
0,imagenet,ce,25,random_rescue_10,2,0.96,0.98,0.07305028,0.025,0.7332142857142857,0.16923068529443794,10.0
0,imagenet,ce,25,random_rescue_10,3,0.955,0.98,0.068748906,0.03,0.7307653061224488,0.16511223458702884,10.0
0,imagenet,ce,25,random_rescue_10,4,0.93,0.98,0.12560782,0.05,0.7313265306122448,0.17301057175081053,10.0
0,imagenet,ce,25,foreground_rescue_10,0,0.945,0.98,0.08905892,0.035,0.6778061224489795,0.02683701320207757,2.915
0,imagenet,ce,25,foreground_rescue_10,1,0.945,0.98,0.08827307,0.035,0.6778061224489795,0.02683701320207757,2.915
0,imagenet,ce,25,foreground_rescue_10,2,0.945,0.98,0.08440569,0.035,0.6778061224489795,0.02683701320207757,2.915
0,imagenet,ce,25,foreground_rescue_10,3,0.945,0.98,0.08302827,0.035,0.6778061224489795,0.02683701320207757,2.915
0,imagenet,ce,25,foreground_rescue_10,4,0.945,0.98,0.072976544,0.035,0.6778061224489795,0.02683701320207757,2.915
0,imagenet,ce,25,low_score_rescue_10,0,0.945,0.98,0.09042313,0.035,0.715204081632653,0.10459234495558105,10.0
0,imagenet,ce,25,low_score_rescue_10,1,0.94,0.98,0.09425967,0.04,0.7151020408163266,0.10468311373087948,10.0
0,imagenet,ce,25,low_score_rescue_10,2,0.95,0.98,0.08343708,0.03,0.7147448979591837,0.10432606651751018,10.0
0,imagenet,ce,25,low_score_rescue_10,3,0.945,0.98,0.08381445,0.035,0.7142857142857143,0.103872256142854,10.0
0,imagenet,ce,25,low_score_rescue_10,4,0.95,0.98,0.088529915,0.03,0.7156122448979592,0.10550363597218021,10.0
0,imagenet,ce,25,random_matched,0,0.95,0.98,0.084371895,0.03,0.7180102040816326,0.10826040474668772,2.915
0,imagenet,ce,25,random_matched,1,0.95,0.98,0.08746748,0.03,0.717295918367347,0.10735331361846472,2.915
0,imagenet,ce,25,random_matched,2,0.945,0.98,0.08908959,0.035,0.717704081632653,0.10758096064196854,2.915
0,imagenet,ce,25,random_matched,3,0.945,0.98,0.08641607,0.035,0.7181122448979592,0.10839830865685579,2.915
0,imagenet,ce,25,random_matched,4,0.95,0.98,0.08055636,0.03,0.716734693877551,0.10723748949580111,2.915
0,imagenet,ce,50,student,0,0.94,0.98,0.09596333,0.045,0.7120408163265307,0.09597790557025924,0.0
0,imagenet,ce,50,student,1,0.94,0.98,0.09596333,0.045,0.7120408163265307,0.09597790557025924,0.0
0,imagenet,ce,50,student,2,0.94,0.98,0.09596333,0.045,0.7120408163265307,0.09597790557025924,0.0
0,imagenet,ce,50,student,3,0.94,0.98,0.09596333,0.045,0.7120408163265307,0.09597790557025924,0.0
0,imagenet,ce,50,student,4,0.94,0.98,0.09596333,0.045,0.7120408163265307,0.09597790557025924,0.0
0,imagenet,ce,50,random,0,0.95,0.98,0.07085513,0.03,0.8246938775510205,0.48994748795493875,0.0
0,imagenet,ce,50,random,1,0.965,0.98,0.06002661,0.02,0.8235204081632653,0.4946262972715817,0.0
0,imagenet,ce,50,random,2,0.945,0.98,0.086035594,0.035,0.8219387755102041,0.47777470733476307,0.0
0,imagenet,ce,50,random,3,0.93,0.98,0.11281219,0.05,0.822857142857143,0.4756299304983063,0.0
0,imagenet,ce,50,random,4,0.945,0.98,0.12285635,0.04,0.8268877551020407,0.5175266882325791,0.0
0,imagenet,ce,50,random_rescue_10,0,0.935,0.98,0.13180052,0.05,0.7346428571428573,0.17656054598552784,10.0
0,imagenet,ce,50,random_rescue_10,1,0.945,0.98,0.09746995,0.04,0.7361734693877551,0.18285807944377155,10.0
0,imagenet,ce,50,random_rescue_10,2,0.94,0.98,0.09107059,0.045,0.7346428571428573,0.16899768172312776,10.0
0,imagenet,ce,50,random_rescue_10,3,0.955,0.98,0.068747684,0.03,0.7344387755102041,0.16866423306818762,10.0
0,imagenet,ce,50,random_rescue_10,4,0.96,0.98,0.06976136,0.025,0.7346428571428573,0.17678611684951417,10.0
0,imagenet,ce,50,foreground_rescue_10,0,0.945,0.98,0.07789998,0.04,0.6812244897959183,0.03180385009051731,3.02
0,imagenet,ce,50,foreground_rescue_10,1,0.945,0.98,0.07380982,0.04,0.6812244897959183,0.03180385009051731,3.02
0,imagenet,ce,50,foreground_rescue_10,2,0.945,0.98,0.076636255,0.04,0.6812244897959183,0.03180385009051731,3.02
0,imagenet,ce,50,foreground_rescue_10,3,0.95,0.98,0.078533076,0.035,0.6812244897959183,0.03180385009051731,3.02
0,imagenet,ce,50,foreground_rescue_10,4,0.945,0.98,0.08134579,0.04,0.6812244897959183,0.03180385009051731,3.02
0,imagenet,ce,50,low_score_rescue_10,0,0.94,0.98,0.09455076,0.045,0.7202551020408162,0.11262470600811232,10.0
0,imagenet,ce,50,low_score_rescue_10,1,0.945,0.98,0.100469485,0.04,0.7198469387755102,0.11226392953027085,10.0
0,imagenet,ce,50,low_score_rescue_10,2,0.94,0.98,0.09117771,0.045,0.7199489795918368,0.11225163958377762,10.0
0,imagenet,ce,50,low_score_rescue_10,3,0.94,0.98,0.10388045,0.045,0.7201020408163266,0.11183294390985063,10.0
0,imagenet,ce,50,low_score_rescue_10,4,0.935,0.98,0.101907656,0.05,0.7201020408163266,0.11283579724990038,10.0
0,imagenet,ce,50,random_matched,0,0.945,0.98,0.08982866,0.04,0.7222448979591838,0.11297080668589742,3.02
0,imagenet,ce,50,random_matched,1,0.95,0.98,0.07329752,0.035,0.7214285714285714,0.11188649867977005,3.02
0,imagenet,ce,50,random_matched,2,0.94,0.98,0.08804477,0.045,0.7226530612244898,0.11508259575451626,3.02
0,imagenet,ce,50,random_matched,3,0.94,0.98,0.09677906,0.045,0.7220918367346938,0.11474696633367044,3.02
0,imagenet,ce,50,random_matched,4,0.95,0.98,0.07415956,0.035,0.7204591836734693,0.11038384544481364,3.02
0,imagenet,ce,75,student,0,0.955,0.98,0.081569865,0.035,0.7114795918367346,0.0949351062880036,0.0
0,imagenet,ce,75,student,1,0.955,0.98,0.081569865,0.035,0.7114795918367346,0.0949351062880036,0.0
0,imagenet,ce,75,student,2,0.955,0.98,0.081569865,0.035,0.7114795918367346,0.0949351062880036,0.0
0,imagenet,ce,75,student,3,0.955,0.98,0.081569865,0.035,0.7114795918367346,0.0949351062880036,0.0
0,imagenet,ce,75,student,4,0.955,0.98,0.081569865,0.035,0.7114795918367346,0.0949351062880036,0.0
0,imagenet,ce,75,random,0,0.95,0.98,0.07085513,0.03,0.8246938775510205,0.48994748795493875,0.0
0,imagenet,ce,75,random,1,0.965,0.98,0.06002661,0.02,0.8235204081632653,0.4946262972715817,0.0
0,imagenet,ce,75,random,2,0.945,0.98,0.086035594,0.035,0.8219387755102041,0.47777470733476307,0.0
0,imagenet,ce,75,random,3,0.93,0.98,0.11281219,0.05,0.822857142857143,0.4756299304983063,0.0
0,imagenet,ce,75,random,4,0.945,0.98,0.12285635,0.04,0.8268877551020407,0.5175266882325791,0.0
0,imagenet,ce,75,random_rescue_10,0,0.945,0.98,0.08477606,0.035,0.7338775510204081,0.18572402015569503,10.0
0,imagenet,ce,75,random_rescue_10,1,0.945,0.98,0.091369726,0.04,0.7348979591836735,0.17727589332839094,10.0
0,imagenet,ce,75,random_rescue_10,2,0.94,0.98,0.09374781,0.045,0.7342346938775509,0.17213671003691663,10.0
0,imagenet,ce,75,random_rescue_10,3,0.965,0.98,0.07060876,0.025,0.7362244897959184,0.1864691810099975,10.0
0,imagenet,ce,75,random_rescue_10,4,0.965,0.98,0.045856338,0.02,0.7330612244897959,0.1663363488934387,10.0
0,imagenet,ce,75,foreground_rescue_10,0,0.95,0.98,0.065143965,0.035,0.6804591836734692,0.030429515777909442,3.04
0,imagenet,ce,75,foreground_rescue_10,1,0.95,0.98,0.07175331,0.035,0.6804591836734692,0.030429515777909442,3.04
0,imagenet,ce,75,foreground_rescue_10,2,0.95,0.98,0.06680325,0.035,0.6804591836734692,0.030429515777909442,3.04
0,imagenet,ce,75,foreground_rescue_10,3,0.955,0.98,0.05646758,0.03,0.6804591836734692,0.030429515777909442,3.04
0,imagenet,ce,75,foreground_rescue_10,4,0.955,0.98,0.054647584,0.03,0.6804591836734692,0.030429515777909442,3.04
0,imagenet,ce,75,low_score_rescue_10,0,0.95,0.98,0.09849769,0.035,0.7198979591836735,0.1121081939902493,10.0
0,imagenet,ce,75,low_score_rescue_10,1,0.96,0.98,0.10556466,0.03,0.7197448979591837,0.11143006933340811,10.0
0,imagenet,ce,75,low_score_rescue_10,2,0.955,0.98,0.094361074,0.035,0.7195408163265307,0.11256894070720251,10.0
0,imagenet,ce,75,low_score_rescue_10,3,0.95,0.98,0.083272286,0.04,0.719030612244898,0.11065166995862276,10.0
0,imagenet,ce,75,low_score_rescue_10,4,0.945,0.98,0.10458695,0.04,0.720204081632653,0.1130425551255643,10.0
0,imagenet,ce,75,random_matched,0,0.955,0.98,0.071928754,0.035,0.7224489795918367,0.11320082321275521,3.04
0,imagenet,ce,75,random_matched,1,0.96,0.98,0.075359456,0.03,0.7219387755102042,0.11281714662927675,3.04
0,imagenet,ce,75,random_matched,2,0.955,0.98,0.08134659,0.035,0.7209693877551021,0.11074947483789475,3.04
0,imagenet,ce,75,random_matched,3,0.96,0.98,0.08676107,0.03,0.7217857142857143,0.11382727951895018,3.04
0,imagenet,ce,75,random_matched,4,0.965,0.98,0.05689777,0.025,0.7208163265306122,0.1112668030554324,3.04
0,imagenet,ce,100,student,0,0.955,0.98,0.08717087,0.03,0.7115816326530612,0.09465999335880841,0.0
0,imagenet,ce,100,student,1,0.955,0.98,0.08717087,0.03,0.7115816326530612,0.09465999335880841,0.0
0,imagenet,ce,100,student,2,0.955,0.98,0.08717087,0.03,0.7115816326530612,0.09465999335880841,0.0
0,imagenet,ce,100,student,3,0.955,0.98,0.08717087,0.03,0.7115816326530612,0.09465999335880841,0.0
0,imagenet,ce,100,student,4,0.955,0.98,0.08717087,0.03,0.7115816326530612,0.09465999335880841,0.0
0,imagenet,ce,100,random,0,0.95,0.98,0.07085513,0.03,0.8246938775510205,0.48994748795493875,0.0
0,imagenet,ce,100,random,1,0.965,0.98,0.06002661,0.02,0.8235204081632653,0.4946262972715817,0.0
0,imagenet,ce,100,random,2,0.945,0.98,0.086035594,0.035,0.8219387755102041,0.47777470733476307,0.0
0,imagenet,ce,100,random,3,0.93,0.98,0.11281219,0.05,0.822857142857143,0.4756299304983063,0.0
0,imagenet,ce,100,random,4,0.945,0.98,0.12285635,0.04,0.8268877551020407,0.5175266882325791,0.0
0,imagenet,ce,100,random_rescue_10,0,0.955,0.98,0.10446842,0.035,0.7367346938775509,0.19600134387399684,10.0
0,imagenet,ce,100,random_rescue_10,1,0.94,0.98,0.09357442,0.045,0.7348979591836735,0.17841677756805072,10.0
0,imagenet,ce,100,random_rescue_10,2,0.965,0.98,0.05664802,0.02,0.7353571428571428,0.17649988004592163,10.0
0,imagenet,ce,100,random_rescue_10,3,0.955,0.98,0.07858337,0.03,0.7354591836734693,0.17488549391361427,10.0
0,imagenet,ce,100,random_rescue_10,4,0.935,0.98,0.12069565,0.05,0.7331632653061224,0.16767921302991817,10.0
0,imagenet,ce,100,foreground_rescue_10,0,0.965,0.98,0.05548232,0.02,0.6810204081632654,0.03136577160508486,2.995
0,imagenet,ce,100,foreground_rescue_10,1,0.96,0.98,0.06284861,0.025,0.6810204081632654,0.03136577160508486,2.995
0,imagenet,ce,100,foreground_rescue_10,2,0.955,0.98,0.066241644,0.03,0.6810204081632654,0.03136577160508486,2.995
0,imagenet,ce,100,foreground_rescue_10,3,0.96,0.98,0.06892512,0.025,0.6810204081632654,0.03136577160508486,2.995
0,imagenet,ce,100,foreground_rescue_10,4,0.96,0.98,0.06845483,0.025,0.6810204081632654,0.03136577160508486,2.995
0,imagenet,ce,100,low_score_rescue_10,0,0.94,0.98,0.09598413,0.045,0.7198469387755102,0.11095961870232526,10.0
0,imagenet,ce,100,low_score_rescue_10,1,0.935,0.98,0.104780234,0.05,0.720204081632653,0.11231236271216428,10.0
0,imagenet,ce,100,low_score_rescue_10,2,0.935,0.98,0.11183889,0.055,0.7190306122448981,0.11099263822284752,10.0
0,imagenet,ce,100,low_score_rescue_10,3,0.945,0.98,0.07859301,0.04,0.7193367346938777,0.11049741855181212,10.0
0,imagenet,ce,100,low_score_rescue_10,4,0.94,0.98,0.12343029,0.045,0.7207142857142856,0.11346420827029848,10.0
0,imagenet,ce,100,random_matched,0,0.965,0.98,0.05305757,0.02,0.7235714285714286,0.11649314692178056,2.995
0,imagenet,ce,100,random_matched,1,0.96,0.98,0.07721465,0.025,0.7207653061224489,0.1096762403275406,2.995
0,imagenet,ce,100,random_matched,2,0.955,0.98,0.080648735,0.03,0.720408163265306,0.10979905815861644,2.995
0,imagenet,ce,100,random_matched,3,0.955,0.98,0.082831375,0.03,0.7224489795918367,0.11432617252021622,2.995
0,imagenet,ce,100,random_matched,4,0.955,0.98,0.083172806,0.03,0.72,0.10937333083971332,2.995
0,imagenet,foreground_rescue_10,0,student,0,0.965,0.98,0.049423896,0.015,0.7058673469387755,0.08231790489358617,0.0
0,imagenet,foreground_rescue_10,0,student,1,0.965,0.98,0.049423896,0.015,0.7058673469387755,0.08231790489358617,0.0
0,imagenet,foreground_rescue_10,0,student,2,0.965,0.98,0.049423896,0.015,0.7058673469387755,0.08231790489358617,0.0
0,imagenet,foreground_rescue_10,0,student,3,0.965,0.98,0.049423896,0.015,0.7058673469387755,0.08231790489358617,0.0
0,imagenet,foreground_rescue_10,0,student,4,0.965,0.98,0.049423896,0.015,0.7058673469387755,0.08231790489358617,0.0
0,imagenet,foreground_rescue_10,0,random,0,0.95,0.98,0.07085513,0.03,0.8246938775510205,0.48994748795493875,0.0
0,imagenet,foreground_rescue_10,0,random,1,0.965,0.98,0.06002661,0.02,0.8235204081632653,0.4946262972715817,0.0
0,imagenet,foreground_rescue_10,0,random,2,0.945,0.98,0.086035594,0.035,0.8219387755102041,0.47777470733476307,0.0
0,imagenet,foreground_rescue_10,0,random,3,0.93,0.98,0.11281219,0.05,0.822857142857143,0.4756299304983063,0.0
0,imagenet,foreground_rescue_10,0,random,4,0.945,0.98,0.12285635,0.04,0.8268877551020407,0.5175266882325791,0.0
0,imagenet,foreground_rescue_10,0,random_rescue_10,0,0.955,0.98,0.07673554,0.03,0.729234693877551,0.1679639018459042,10.0
0,imagenet,foreground_rescue_10,0,random_rescue_10,1,0.96,0.98,0.05731293,0.02,0.7321428571428572,0.17112982691976839,10.0
0,imagenet,foreground_rescue_10,0,random_rescue_10,2,0.955,0.98,0.07880971,0.025,0.7311224489795919,0.17162426857917626,10.0
0,imagenet,foreground_rescue_10,0,random_rescue_10,3,0.955,0.98,0.0690822,0.025,0.7294897959183675,0.17406355448185729,10.0
0,imagenet,foreground_rescue_10,0,random_rescue_10,4,0.94,0.98,0.09882484,0.04,0.7296428571428573,0.15813417548845027,10.0
0,imagenet,foreground_rescue_10,0,foreground_rescue_10,0,0.96,0.98,0.052042674,0.02,0.677295918367347,0.025096868132710646,2.8
0,imagenet,foreground_rescue_10,0,foreground_rescue_10,1,0.96,0.98,0.061706647,0.02,0.677295918367347,0.025096868132710646,2.8
0,imagenet,foreground_rescue_10,0,foreground_rescue_10,2,0.96,0.98,0.057614543,0.02,0.677295918367347,0.025096868132710646,2.8
0,imagenet,foreground_rescue_10,0,foreground_rescue_10,3,0.96,0.98,0.062874764,0.02,0.677295918367347,0.025096868132710646,2.8
0,imagenet,foreground_rescue_10,0,foreground_rescue_10,4,0.96,0.98,0.063759096,0.02,0.677295918367347,0.025096868132710646,2.8
0,imagenet,foreground_rescue_10,0,low_score_rescue_10,0,0.95,0.98,0.07409613,0.03,0.7128571428571427,0.09592084560465473,10.0
0,imagenet,foreground_rescue_10,0,low_score_rescue_10,1,0.96,0.98,0.048454687,0.02,0.7136734693877551,0.09635290260200267,10.0
0,imagenet,foreground_rescue_10,0,low_score_rescue_10,2,0.95,0.98,0.061150827,0.03,0.7132142857142857,0.09623877203175696,10.0
0,imagenet,foreground_rescue_10,0,low_score_rescue_10,3,0.955,0.98,0.07511786,0.025,0.7127551020408163,0.09565284000194518,10.0
0,imagenet,foreground_rescue_10,0,low_score_rescue_10,4,0.955,0.98,0.06678594,0.025,0.7127551020408163,0.09502717675311124,10.0
0,imagenet,foreground_rescue_10,0,random_matched,0,0.96,0.98,0.05148281,0.02,0.7163775510204081,0.09909034654213109,2.8
0,imagenet,foreground_rescue_10,0,random_matched,1,0.965,0.98,0.051132623,0.015,0.7163775510204081,0.10026353536070877,2.8
0,imagenet,foreground_rescue_10,0,random_matched,2,0.95,0.98,0.06500979,0.03,0.7168877551020408,0.10060035762440128,2.8
0,imagenet,foreground_rescue_10,0,random_matched,3,0.96,0.98,0.05155242,0.02,0.7167346938775511,0.10205323439281039,2.8
0,imagenet,foreground_rescue_10,0,random_matched,4,0.955,0.98,0.055842362,0.025,0.7166836734693877,0.09952487927668469,2.8
0,imagenet,foreground_rescue_10,10,student,0,0.965,0.98,0.04794262,0.02,0.7090306122448979,0.09183446103692364,0.0
0,imagenet,foreground_rescue_10,10,student,1,0.965,0.98,0.04794262,0.02,0.7090306122448979,0.09183446103692364,0.0
0,imagenet,foreground_rescue_10,10,student,2,0.965,0.98,0.04794262,0.02,0.7090306122448979,0.09183446103692364,0.0
0,imagenet,foreground_rescue_10,10,student,3,0.965,0.98,0.04794262,0.02,0.7090306122448979,0.09183446103692364,0.0
0,imagenet,foreground_rescue_10,10,student,4,0.965,0.98,0.04794262,0.02,0.7090306122448979,0.09183446103692364,0.0
0,imagenet,foreground_rescue_10,10,random,0,0.95,0.98,0.07085513,0.03,0.8246938775510205,0.48994748795493875,0.0
0,imagenet,foreground_rescue_10,10,random,1,0.965,0.98,0.06002661,0.02,0.8235204081632653,0.4946262972715817,0.0
0,imagenet,foreground_rescue_10,10,random,2,0.945,0.98,0.086035594,0.035,0.8219387755102041,0.47777470733476307,0.0
0,imagenet,foreground_rescue_10,10,random,3,0.93,0.98,0.11281219,0.05,0.822857142857143,0.4756299304983063,0.0
0,imagenet,foreground_rescue_10,10,random,4,0.945,0.98,0.12285635,0.04,0.8268877551020407,0.5175266882325791,0.0
0,imagenet,foreground_rescue_10,10,random_rescue_10,0,0.975,0.98,0.029289912,0.01,0.7334693877551021,0.17824966762523248,10.0
0,imagenet,foreground_rescue_10,10,random_rescue_10,1,0.955,0.98,0.06613955,0.03,0.7327551020408164,0.1712162285700103,10.0
0,imagenet,foreground_rescue_10,10,random_rescue_10,2,0.955,0.98,0.05044605,0.03,0.7345408163265306,0.1737513073467883,10.0
0,imagenet,foreground_rescue_10,10,random_rescue_10,3,0.96,0.98,0.04195421,0.025,0.7344387755102041,0.18474904476169118,10.0
0,imagenet,foreground_rescue_10,10,random_rescue_10,4,0.96,0.98,0.045331024,0.025,0.7325,0.17515826534876125,10.0
0,imagenet,foreground_rescue_10,10,foreground_rescue_10,0,0.96,0.98,0.05907972,0.025,0.6798469387755103,0.029722935886418084,2.86
0,imagenet,foreground_rescue_10,10,foreground_rescue_10,1,0.955,0.98,0.056627966,0.03,0.6798469387755103,0.029722935886418084,2.86
0,imagenet,foreground_rescue_10,10,foreground_rescue_10,2,0.965,0.98,0.050536476,0.02,0.6798469387755103,0.029722935886418084,2.86
0,imagenet,foreground_rescue_10,10,foreground_rescue_10,3,0.96,0.98,0.060294062,0.025,0.6798469387755103,0.029722935886418084,2.86
0,imagenet,foreground_rescue_10,10,foreground_rescue_10,4,0.96,0.98,0.04636863,0.025,0.6798469387755103,0.029722935886418084,2.86
0,imagenet,foreground_rescue_10,10,low_score_rescue_10,0,0.96,0.98,0.076694064,0.025,0.716734693877551,0.10581656359024048,10.0
0,imagenet,foreground_rescue_10,10,low_score_rescue_10,1,0.95,0.98,0.0777832,0.035,0.7162755102040816,0.10499886872891989,10.0
0,imagenet,foreground_rescue_10,10,low_score_rescue_10,2,0.95,0.98,0.083265156,0.035,0.7163775510204081,0.10555860762506601,10.0
0,imagenet,foreground_rescue_10,10,low_score_rescue_10,3,0.96,0.98,0.073325686,0.025,0.7163265306122448,0.10496346906325292,10.0
0,imagenet,foreground_rescue_10,10,low_score_rescue_10,4,0.945,0.98,0.08371416,0.04,0.7164795918367346,0.10609884839688559,10.0
0,imagenet,foreground_rescue_10,10,random_matched,0,0.965,0.98,0.0411817,0.02,0.7203061224489795,0.11173401237980585,2.86
0,imagenet,foreground_rescue_10,10,random_matched,1,0.965,0.98,0.05090082,0.02,0.7187755102040816,0.1081228865747325,2.86
0,imagenet,foreground_rescue_10,10,random_matched,2,0.965,0.98,0.048589572,0.02,0.7183673469387755,0.10686007190987769,2.86
0,imagenet,foreground_rescue_10,10,random_matched,3,0.96,0.98,0.07381081,0.025,0.719387755102041,0.11023313512396501,2.86
0,imagenet,foreground_rescue_10,10,random_matched,4,0.96,0.98,0.0540106,0.025,0.7189285714285714,0.10752386120480505,2.86
0,imagenet,foreground_rescue_10,25,student,0,0.95,0.98,0.059878163,0.035,0.7099489795918368,0.09390110888344566,0.0
0,imagenet,foreground_rescue_10,25,student,1,0.95,0.98,0.059878163,0.035,0.7099489795918368,0.09390110888344566,0.0
0,imagenet,foreground_rescue_10,25,student,2,0.95,0.98,0.059878163,0.035,0.7099489795918368,0.09390110888344566,0.0
0,imagenet,foreground_rescue_10,25,student,3,0.95,0.98,0.059878163,0.035,0.7099489795918368,0.09390110888344566,0.0
0,imagenet,foreground_rescue_10,25,student,4,0.95,0.98,0.059878163,0.035,0.7099489795918368,0.09390110888344566,0.0
0,imagenet,foreground_rescue_10,25,random,0,0.95,0.98,0.07085513,0.03,0.8246938775510205,0.48994748795493875,0.0
0,imagenet,foreground_rescue_10,25,random,1,0.965,0.98,0.06002661,0.02,0.8235204081632653,0.4946262972715817,0.0
0,imagenet,foreground_rescue_10,25,random,2,0.945,0.98,0.086035594,0.035,0.8219387755102041,0.47777470733476307,0.0
0,imagenet,foreground_rescue_10,25,random,3,0.93,0.98,0.11281219,0.05,0.822857142857143,0.4756299304983063,0.0
0,imagenet,foreground_rescue_10,25,random,4,0.945,0.98,0.12285635,0.04,0.8268877551020407,0.5175266882325791,0.0
0,imagenet,foreground_rescue_10,25,random_rescue_10,0,0.95,0.98,0.10217773,0.035,0.7341326530612245,0.18868373145579084,10.0
0,imagenet,foreground_rescue_10,25,random_rescue_10,1,0.95,0.98,0.07016298,0.035,0.7332142857142858,0.1750070089927552,10.0
0,imagenet,foreground_rescue_10,25,random_rescue_10,2,0.96,0.98,0.052200567,0.025,0.7348469387755102,0.18549377969649777,10.0
0,imagenet,foreground_rescue_10,25,random_rescue_10,3,0.945,0.98,0.0681777,0.035,0.7334183673469387,0.17881592835971538,10.0
0,imagenet,foreground_rescue_10,25,random_rescue_10,4,0.955,0.98,0.047222063,0.025,0.7342857142857143,0.16845378326125002,10.0
0,imagenet,foreground_rescue_10,25,foreground_rescue_10,0,0.96,0.98,0.0493057,0.025,0.6796938775510205,0.029372612191847173,2.965
0,imagenet,foreground_rescue_10,25,foreground_rescue_10,1,0.96,0.98,0.0549844,0.025,0.6796938775510205,0.029372612191847173,2.965
0,imagenet,foreground_rescue_10,25,foreground_rescue_10,2,0.96,0.98,0.050877742,0.025,0.6796938775510205,0.029372612191847173,2.965
0,imagenet,foreground_rescue_10,25,foreground_rescue_10,3,0.96,0.98,0.058615174,0.025,0.6796938775510205,0.029372612191847173,2.965
0,imagenet,foreground_rescue_10,25,foreground_rescue_10,4,0.96,0.98,0.058810554,0.025,0.6796938775510205,0.029372612191847173,2.965
0,imagenet,foreground_rescue_10,25,low_score_rescue_10,0,0.94,0.98,0.07004764,0.04,0.7180102040816325,0.10954916627066369,10.0
0,imagenet,foreground_rescue_10,25,low_score_rescue_10,1,0.945,0.98,0.050356768,0.035,0.7181632653061224,0.11060160521934688,10.0
0,imagenet,foreground_rescue_10,25,low_score_rescue_10,2,0.945,0.98,0.0706242,0.035,0.7173979591836734,0.11084420321340882,10.0
0,imagenet,foreground_rescue_10,25,low_score_rescue_10,3,0.95,0.98,0.07363055,0.035,0.7175,0.1093562841999495,10.0
0,imagenet,foreground_rescue_10,25,low_score_rescue_10,4,0.94,0.98,0.07982382,0.04,0.7181632653061224,0.11072408391432607,10.0
0,imagenet,foreground_rescue_10,25,random_matched,0,0.955,0.98,0.061363515,0.03,0.7199489795918368,0.11107321329755541,2.965
0,imagenet,foreground_rescue_10,25,random_matched,1,0.96,0.98,0.048109934,0.025,0.7211734693877552,0.11305878123087792,2.965
0,imagenet,foreground_rescue_10,25,random_matched,2,0.96,0.98,0.049570337,0.025,0.7206122448979592,0.1116558397997071,2.965
0,imagenet,foreground_rescue_10,25,random_matched,3,0.96,0.98,0.046493337,0.025,0.7201530612244897,0.1113613850572515,2.965
0,imagenet,foreground_rescue_10,25,random_matched,4,0.955,0.98,0.057341494,0.03,0.7197448979591837,0.10978164154588332,2.965
0,imagenet,foreground_rescue_10,50,student,0,0.94,0.98,0.09802032,0.045,0.7091836734693878,0.09623287041457369,0.0
0,imagenet,foreground_rescue_10,50,student,1,0.94,0.98,0.09802032,0.045,0.7091836734693878,0.09623287041457369,0.0
0,imagenet,foreground_rescue_10,50,student,2,0.94,0.98,0.09802032,0.045,0.7091836734693878,0.09623287041457369,0.0
0,imagenet,foreground_rescue_10,50,student,3,0.94,0.98,0.09802032,0.045,0.7091836734693878,0.09623287041457369,0.0
0,imagenet,foreground_rescue_10,50,student,4,0.94,0.98,0.09802032,0.045,0.7091836734693878,0.09623287041457369,0.0
0,imagenet,foreground_rescue_10,50,random,0,0.95,0.98,0.07085513,0.03,0.8246938775510205,0.48994748795493875,0.0
0,imagenet,foreground_rescue_10,50,random,1,0.965,0.98,0.06002661,0.02,0.8235204081632653,0.4946262972715817,0.0
0,imagenet,foreground_rescue_10,50,random,2,0.945,0.98,0.086035594,0.035,0.8219387755102041,0.47777470733476307,0.0
0,imagenet,foreground_rescue_10,50,random,3,0.93,0.98,0.11281219,0.05,0.822857142857143,0.4756299304983063,0.0
0,imagenet,foreground_rescue_10,50,random,4,0.945,0.98,0.12285635,0.04,0.8268877551020407,0.5175266882325791,0.0
0,imagenet,foreground_rescue_10,50,random_rescue_10,0,0.95,0.98,0.083019905,0.035,0.7327551020408163,0.1817032009092114,10.0
0,imagenet,foreground_rescue_10,50,random_rescue_10,1,0.95,0.98,0.07402797,0.03,0.7340816326530613,0.18186294128310684,10.0
0,imagenet,foreground_rescue_10,50,random_rescue_10,2,0.945,0.98,0.1117964,0.04,0.733265306122449,0.1747248777228782,10.0
0,imagenet,foreground_rescue_10,50,random_rescue_10,3,0.95,0.98,0.08326867,0.035,0.7344387755102041,0.17804591226605992,10.0
0,imagenet,foreground_rescue_10,50,random_rescue_10,4,0.945,0.98,0.11010374,0.045,0.7324489795918367,0.17818504853271414,10.0
0,imagenet,foreground_rescue_10,50,foreground_rescue_10,0,0.95,0.98,0.06682448,0.035,0.6789285714285714,0.02837499316824457,2.965
0,imagenet,foreground_rescue_10,50,foreground_rescue_10,1,0.945,0.98,0.07943737,0.04,0.6789285714285714,0.02837499316824457,2.965
0,imagenet,foreground_rescue_10,50,foreground_rescue_10,2,0.95,0.98,0.06771888,0.035,0.6789285714285714,0.02837499316824457,2.965
0,imagenet,foreground_rescue_10,50,foreground_rescue_10,3,0.94,0.98,0.07109313,0.045,0.6789285714285714,0.02837499316824457,2.965
0,imagenet,foreground_rescue_10,50,foreground_rescue_10,4,0.955,0.98,0.052690946,0.03,0.6789285714285714,0.02837499316824457,2.965
0,imagenet,foreground_rescue_10,50,low_score_rescue_10,0,0.95,0.98,0.08015906,0.035,0.7175,0.11234659125667307,10.0
0,imagenet,foreground_rescue_10,50,low_score_rescue_10,1,0.945,0.98,0.08785033,0.04,0.7176020408163265,0.1124809189946551,10.0
0,imagenet,foreground_rescue_10,50,low_score_rescue_10,2,0.955,0.98,0.07007423,0.03,0.717295918367347,0.11455526465520871,10.0
0,imagenet,foreground_rescue_10,50,low_score_rescue_10,3,0.95,0.98,0.068352096,0.035,0.7173979591836734,0.11434026474291278,10.0
0,imagenet,foreground_rescue_10,50,low_score_rescue_10,4,0.94,0.98,0.09857778,0.045,0.7174489795918367,0.11390024752914346,10.0
0,imagenet,foreground_rescue_10,50,random_matched,0,0.94,0.98,0.08828834,0.045,0.7198979591836735,0.11514451437310756,2.965
0,imagenet,foreground_rescue_10,50,random_matched,1,0.945,0.98,0.08899136,0.04,0.7192857142857143,0.11477385470918994,2.965
0,imagenet,foreground_rescue_10,50,random_matched,2,0.945,0.98,0.067171685,0.04,0.7190816326530611,0.11383755355810313,2.965
0,imagenet,foreground_rescue_10,50,random_matched,3,0.95,0.98,0.06106861,0.035,0.7188265306122449,0.11205478821675532,2.965
0,imagenet,foreground_rescue_10,50,random_matched,4,0.945,0.98,0.066329256,0.04,0.718112244897959,0.11116392748422199,2.965
0,imagenet,foreground_rescue_10,75,student,0,0.945,0.98,0.08841474,0.035,0.707295918367347,0.09123239309628392,0.0
0,imagenet,foreground_rescue_10,75,student,1,0.945,0.98,0.08841474,0.035,0.707295918367347,0.09123239309628392,0.0
0,imagenet,foreground_rescue_10,75,student,2,0.945,0.98,0.08841474,0.035,0.707295918367347,0.09123239309628392,0.0
0,imagenet,foreground_rescue_10,75,student,3,0.945,0.98,0.08841474,0.035,0.707295918367347,0.09123239309628392,0.0
0,imagenet,foreground_rescue_10,75,student,4,0.945,0.98,0.08841474,0.035,0.707295918367347,0.09123239309628392,0.0
0,imagenet,foreground_rescue_10,75,random,0,0.95,0.98,0.07085513,0.03,0.8246938775510205,0.48994748795493875,0.0
0,imagenet,foreground_rescue_10,75,random,1,0.965,0.98,0.06002661,0.02,0.8235204081632653,0.4946262972715817,0.0
0,imagenet,foreground_rescue_10,75,random,2,0.945,0.98,0.086035594,0.035,0.8219387755102041,0.47777470733476307,0.0
0,imagenet,foreground_rescue_10,75,random,3,0.93,0.98,0.11281219,0.05,0.822857142857143,0.4756299304983063,0.0
0,imagenet,foreground_rescue_10,75,random,4,0.945,0.98,0.12285635,0.04,0.8268877551020407,0.5175266882325791,0.0
0,imagenet,foreground_rescue_10,75,random_rescue_10,0,0.95,0.98,0.059322547,0.03,0.7291326530612245,0.16817872726707375,10.0
0,imagenet,foreground_rescue_10,75,random_rescue_10,1,0.95,0.98,0.07880188,0.035,0.7319897959183673,0.17480371947284826,10.0
0,imagenet,foreground_rescue_10,75,random_rescue_10,2,0.945,0.98,0.08981818,0.04,0.7323979591836735,0.17370772942914325,10.0
0,imagenet,foreground_rescue_10,75,random_rescue_10,3,0.955,0.98,0.07470959,0.025,0.7321428571428571,0.1756102660692183,10.0
0,imagenet,foreground_rescue_10,75,random_rescue_10,4,0.965,0.98,0.032191448,0.015,0.7306122448979591,0.1624306669066149,10.0
0,imagenet,foreground_rescue_10,75,foreground_rescue_10,0,0.945,0.98,0.07900264,0.035,0.6783673469387754,0.02744556860083684,2.835
0,imagenet,foreground_rescue_10,75,foreground_rescue_10,1,0.95,0.98,0.06238535,0.03,0.6783673469387754,0.02744556860083684,2.835
0,imagenet,foreground_rescue_10,75,foreground_rescue_10,2,0.955,0.98,0.05982048,0.025,0.6783673469387754,0.02744556860083684,2.835
0,imagenet,foreground_rescue_10,75,foreground_rescue_10,3,0.945,0.98,0.08321453,0.035,0.6783673469387754,0.02744556860083684,2.835
0,imagenet,foreground_rescue_10,75,foreground_rescue_10,4,0.945,0.98,0.08002045,0.035,0.6783673469387754,0.02744556860083684,2.835
0,imagenet,foreground_rescue_10,75,low_score_rescue_10,0,0.945,0.98,0.0675876,0.035,0.7146938775510204,0.106009776430552,10.0
0,imagenet,foreground_rescue_10,75,low_score_rescue_10,1,0.945,0.98,0.07978488,0.04,0.7154081632653062,0.10791429282901097,10.0
0,imagenet,foreground_rescue_10,75,low_score_rescue_10,2,0.95,0.98,0.07909232,0.035,0.7143877551020408,0.1067984247235417,10.0
0,imagenet,foreground_rescue_10,75,low_score_rescue_10,3,0.955,0.98,0.08803415,0.03,0.7148469387755102,0.10651781125967717,10.0
0,imagenet,foreground_rescue_10,75,low_score_rescue_10,4,0.94,0.98,0.1132243,0.045,0.7141836734693878,0.10517134980529709,10.0
0,imagenet,foreground_rescue_10,75,random_matched,0,0.94,0.98,0.09851275,0.04,0.7180102040816326,0.1101262122725506,2.835
0,imagenet,foreground_rescue_10,75,random_matched,1,0.945,0.98,0.08022296,0.035,0.7164285714285714,0.10759783650624792,2.835
0,imagenet,foreground_rescue_10,75,random_matched,2,0.945,0.98,0.082782194,0.035,0.7162755102040816,0.1064510721433535,2.835
0,imagenet,foreground_rescue_10,75,random_matched,3,0.94,0.98,0.103556894,0.04,0.717295918367347,0.10965288251554597,2.835
0,imagenet,foreground_rescue_10,75,random_matched,4,0.945,0.98,0.08215539,0.035,0.7156632653061225,0.10565876890307382,2.835
0,imagenet,foreground_rescue_10,100,student,0,0.94,0.98,0.080231644,0.04,0.707857142857143,0.09244422786717035,0.0
0,imagenet,foreground_rescue_10,100,student,1,0.94,0.98,0.080231644,0.04,0.707857142857143,0.09244422786717035,0.0
0,imagenet,foreground_rescue_10,100,student,2,0.94,0.98,0.080231644,0.04,0.707857142857143,0.09244422786717035,0.0
0,imagenet,foreground_rescue_10,100,student,3,0.94,0.98,0.080231644,0.04,0.707857142857143,0.09244422786717035,0.0
0,imagenet,foreground_rescue_10,100,student,4,0.94,0.98,0.080231644,0.04,0.707857142857143,0.09244422786717035,0.0
0,imagenet,foreground_rescue_10,100,random,0,0.95,0.98,0.07085513,0.03,0.8246938775510205,0.48994748795493875,0.0
0,imagenet,foreground_rescue_10,100,random,1,0.965,0.98,0.06002661,0.02,0.8235204081632653,0.4946262972715817,0.0
0,imagenet,foreground_rescue_10,100,random,2,0.945,0.98,0.086035594,0.035,0.8219387755102041,0.47777470733476307,0.0
0,imagenet,foreground_rescue_10,100,random,3,0.93,0.98,0.11281219,0.05,0.822857142857143,0.4756299304983063,0.0
0,imagenet,foreground_rescue_10,100,random,4,0.945,0.98,0.12285635,0.04,0.8268877551020407,0.5175266882325791,0.0
0,imagenet,foreground_rescue_10,100,random_rescue_10,0,0.95,0.98,0.058215026,0.03,0.7313265306122448,0.17362285124304203,10.0
0,imagenet,foreground_rescue_10,100,random_rescue_10,1,0.95,0.98,0.06297834,0.03,0.7324489795918367,0.17918283555760117,10.0
0,imagenet,foreground_rescue_10,100,random_rescue_10,2,0.95,0.98,0.06055536,0.03,0.732295918367347,0.17141861002424202,10.0
0,imagenet,foreground_rescue_10,100,random_rescue_10,3,0.955,0.98,0.062328376,0.025,0.7322448979591837,0.17450740234956658,10.0
0,imagenet,foreground_rescue_10,100,random_rescue_10,4,0.95,0.98,0.072636336,0.035,0.7315306122448979,0.16653194753652475,10.0
0,imagenet,foreground_rescue_10,100,foreground_rescue_10,0,0.955,0.98,0.064872056,0.025,0.6786224489795919,0.02833324959322584,2.865
0,imagenet,foreground_rescue_10,100,foreground_rescue_10,1,0.945,0.98,0.064495094,0.035,0.6786224489795919,0.02833324959322584,2.865
0,imagenet,foreground_rescue_10,100,foreground_rescue_10,2,0.945,0.98,0.08663216,0.035,0.6786224489795919,0.02833324959322584,2.865
0,imagenet,foreground_rescue_10,100,foreground_rescue_10,3,0.95,0.98,0.061420523,0.03,0.6786224489795919,0.02833324959322584,2.865
0,imagenet,foreground_rescue_10,100,foreground_rescue_10,4,0.955,0.98,0.06007218,0.025,0.6786224489795919,0.02833324959322584,2.865
0,imagenet,foreground_rescue_10,100,low_score_rescue_10,0,0.95,0.98,0.071297556,0.035,0.7144897959183674,0.1029276270873782,10.0
0,imagenet,foreground_rescue_10,100,low_score_rescue_10,1,0.945,0.98,0.06386792,0.035,0.7144897959183675,0.1023311325666573,10.0
0,imagenet,foreground_rescue_10,100,low_score_rescue_10,2,0.95,0.98,0.07458116,0.035,0.7131122448979592,0.10053541321514366,10.0
0,imagenet,foreground_rescue_10,100,low_score_rescue_10,3,0.95,0.98,0.07705745,0.035,0.7143367346938776,0.10285660813543711,10.0
0,imagenet,foreground_rescue_10,100,low_score_rescue_10,4,0.945,0.98,0.104016475,0.04,0.7139795918367347,0.10229840102101294,10.0
0,imagenet,foreground_rescue_10,100,random_matched,0,0.95,0.98,0.06255161,0.03,0.7177551020408163,0.10802752106392804,2.865
0,imagenet,foreground_rescue_10,100,random_matched,1,0.95,0.98,0.058125924,0.03,0.7180612244897958,0.10927929365779636,2.865
0,imagenet,foreground_rescue_10,100,random_matched,2,0.95,0.98,0.05845393,0.03,0.7170408163265306,0.10838875750289663,2.865
0,imagenet,foreground_rescue_10,100,random_matched,3,0.94,0.98,0.10742617,0.04,0.7176530612244898,0.10879752737481586,2.865
0,imagenet,foreground_rescue_10,100,random_matched,4,0.945,0.98,0.08292324,0.035,0.717091836734694,0.10737006779542721,2.865
0,imagenet,full,0,student,0,0.965,0.98,0.049423896,0.015,0.7058673469387755,0.08231790489358617,0.0
0,imagenet,full,0,student,1,0.965,0.98,0.049423896,0.015,0.7058673469387755,0.08231790489358617,0.0
0,imagenet,full,0,student,2,0.965,0.98,0.049423896,0.015,0.7058673469387755,0.08231790489358617,0.0
0,imagenet,full,0,student,3,0.965,0.98,0.049423896,0.015,0.7058673469387755,0.08231790489358617,0.0
0,imagenet,full,0,student,4,0.965,0.98,0.049423896,0.015,0.7058673469387755,0.08231790489358617,0.0
0,imagenet,full,0,random,0,0.95,0.98,0.07085513,0.03,0.8246938775510205,0.48994748795493875,0.0
0,imagenet,full,0,random,1,0.965,0.98,0.06002661,0.02,0.8235204081632653,0.4946262972715817,0.0
0,imagenet,full,0,random,2,0.945,0.98,0.086035594,0.035,0.8219387755102041,0.47777470733476307,0.0
0,imagenet,full,0,random,3,0.93,0.98,0.11281219,0.05,0.822857142857143,0.4756299304983063,0.0
0,imagenet,full,0,random,4,0.945,0.98,0.12285635,0.04,0.8268877551020407,0.5175266882325791,0.0
0,imagenet,full,0,random_rescue_10,0,0.955,0.98,0.07673554,0.03,0.729234693877551,0.1679639018459042,10.0
0,imagenet,full,0,random_rescue_10,1,0.96,0.98,0.05731293,0.02,0.7321428571428572,0.17112982691976839,10.0
0,imagenet,full,0,random_rescue_10,2,0.955,0.98,0.07880971,0.025,0.7311224489795919,0.17162426857917626,10.0
0,imagenet,full,0,random_rescue_10,3,0.955,0.98,0.0690822,0.025,0.7294897959183675,0.17406355448185729,10.0
0,imagenet,full,0,random_rescue_10,4,0.94,0.98,0.09882484,0.04,0.7296428571428573,0.15813417548845027,10.0
0,imagenet,full,0,foreground_rescue_10,0,0.96,0.98,0.052042674,0.02,0.677295918367347,0.025096868132710646,2.8
0,imagenet,full,0,foreground_rescue_10,1,0.96,0.98,0.061706647,0.02,0.677295918367347,0.025096868132710646,2.8
0,imagenet,full,0,foreground_rescue_10,2,0.96,0.98,0.057614543,0.02,0.677295918367347,0.025096868132710646,2.8
0,imagenet,full,0,foreground_rescue_10,3,0.96,0.98,0.062874764,0.02,0.677295918367347,0.025096868132710646,2.8
0,imagenet,full,0,foreground_rescue_10,4,0.96,0.98,0.063759096,0.02,0.677295918367347,0.025096868132710646,2.8
0,imagenet,full,0,low_score_rescue_10,0,0.95,0.98,0.07409613,0.03,0.7128571428571427,0.09592084560465473,10.0
0,imagenet,full,0,low_score_rescue_10,1,0.96,0.98,0.048454687,0.02,0.7136734693877551,0.09635290260200267,10.0
0,imagenet,full,0,low_score_rescue_10,2,0.95,0.98,0.061150827,0.03,0.7132142857142857,0.09623877203175696,10.0
0,imagenet,full,0,low_score_rescue_10,3,0.955,0.98,0.07511786,0.025,0.7127551020408163,0.09565284000194518,10.0
0,imagenet,full,0,low_score_rescue_10,4,0.955,0.98,0.06678594,0.025,0.7127551020408163,0.09502717675311124,10.0
0,imagenet,full,0,random_matched,0,0.96,0.98,0.05148281,0.02,0.7163775510204081,0.09909034654213109,2.8
0,imagenet,full,0,random_matched,1,0.965,0.98,0.051132623,0.015,0.7163775510204081,0.10026353536070877,2.8
0,imagenet,full,0,random_matched,2,0.95,0.98,0.06500979,0.03,0.7168877551020408,0.10060035762440128,2.8
0,imagenet,full,0,random_matched,3,0.96,0.98,0.05155242,0.02,0.7167346938775511,0.10205323439281039,2.8
0,imagenet,full,0,random_matched,4,0.955,0.98,0.055842362,0.025,0.7166836734693877,0.09952487927668469,2.8
0,imagenet,full,10,student,0,0.95,0.98,0.08001128,0.035,0.7087755102040816,0.09239107608465587,0.0
0,imagenet,full,10,student,1,0.95,0.98,0.08001128,0.035,0.7087755102040816,0.09239107608465587,0.0
0,imagenet,full,10,student,2,0.95,0.98,0.08001128,0.035,0.7087755102040816,0.09239107608465587,0.0
0,imagenet,full,10,student,3,0.95,0.98,0.08001128,0.035,0.7087755102040816,0.09239107608465587,0.0
0,imagenet,full,10,student,4,0.95,0.98,0.08001128,0.035,0.7087755102040816,0.09239107608465587,0.0
0,imagenet,full,10,random,0,0.95,0.98,0.07085513,0.03,0.8246938775510205,0.48994748795493875,0.0
0,imagenet,full,10,random,1,0.965,0.98,0.06002661,0.02,0.8235204081632653,0.4946262972715817,0.0
0,imagenet,full,10,random,2,0.945,0.98,0.086035594,0.035,0.8219387755102041,0.47777470733476307,0.0
0,imagenet,full,10,random,3,0.93,0.98,0.11281219,0.05,0.822857142857143,0.4756299304983063,0.0
0,imagenet,full,10,random,4,0.945,0.98,0.12285635,0.04,0.8268877551020407,0.5175266882325791,0.0
0,imagenet,full,10,random_rescue_10,0,0.955,0.98,0.08324489,0.03,0.7326530612244898,0.18087001644815628,10.0
0,imagenet,full,10,random_rescue_10,1,0.955,0.98,0.08024567,0.03,0.7340816326530611,0.17662637025688546,10.0
0,imagenet,full,10,random_rescue_10,2,0.95,0.98,0.07434491,0.035,0.7336734693877551,0.1724468075888917,10.0
0,imagenet,full,10,random_rescue_10,3,0.95,0.98,0.08235485,0.03,0.7339795918367347,0.18832859827670487,10.0
0,imagenet,full,10,random_rescue_10,4,0.945,0.98,0.090042055,0.04,0.7315816326530612,0.1653831995418433,10.0
0,imagenet,full,10,foreground_rescue_10,0,0.955,0.98,0.07820562,0.03,0.6792346938775511,0.028570251882664592,2.895
0,imagenet,full,10,foreground_rescue_10,1,0.955,0.98,0.08256508,0.03,0.6792346938775511,0.028570251882664592,2.895
0,imagenet,full,10,foreground_rescue_10,2,0.955,0.98,0.06937948,0.03,0.6792346938775511,0.028570251882664592,2.895
0,imagenet,full,10,foreground_rescue_10,3,0.95,0.98,0.06952271,0.035,0.6792346938775511,0.028570251882664592,2.895
0,imagenet,full,10,foreground_rescue_10,4,0.95,0.98,0.06929174,0.035,0.6792346938775511,0.028570251882664592,2.895
0,imagenet,full,10,low_score_rescue_10,0,0.94,0.98,0.090815544,0.04,0.7153061224489795,0.10546328266857999,10.0
0,imagenet,full,10,low_score_rescue_10,1,0.94,0.98,0.08435511,0.04,0.715,0.10434281158471023,10.0
0,imagenet,full,10,low_score_rescue_10,2,0.945,0.98,0.08424065,0.04,0.7143367346938776,0.10404052967560574,10.0
0,imagenet,full,10,low_score_rescue_10,3,0.94,0.98,0.080029055,0.045,0.7151530612244897,0.10535238088125691,10.0
0,imagenet,full,10,low_score_rescue_10,4,0.94,0.98,0.12706026,0.045,0.7160204081632652,0.10602911031822859,10.0
0,imagenet,full,10,random_matched,0,0.95,0.98,0.083565086,0.035,0.7193367346938776,0.11066267678275377,2.895
0,imagenet,full,10,random_matched,1,0.955,0.98,0.06497635,0.03,0.7175,0.10664372852447389,2.895
0,imagenet,full,10,random_matched,2,0.95,0.98,0.08022987,0.035,0.7194897959183675,0.11059572934880547,2.895
0,imagenet,full,10,random_matched,3,0.95,0.98,0.075622365,0.035,0.7189285714285714,0.10954109542959152,2.895
0,imagenet,full,10,random_matched,4,0.965,0.98,0.05094786,0.02,0.718112244897959,0.1073084077048046,2.895
0,imagenet,full,25,student,0,0.955,0.98,0.05852972,0.03,0.7098469387755102,0.10245349170958128,0.0
0,imagenet,full,25,student,1,0.955,0.98,0.05852972,0.03,0.7098469387755102,0.10245349170958128,0.0
0,imagenet,full,25,student,2,0.955,0.98,0.05852972,0.03,0.7098469387755102,0.10245349170958128,0.0
0,imagenet,full,25,student,3,0.955,0.98,0.05852972,0.03,0.7098469387755102,0.10245349170958128,0.0
0,imagenet,full,25,student,4,0.955,0.98,0.05852972,0.03,0.7098469387755102,0.10245349170958128,0.0
0,imagenet,full,25,random,0,0.95,0.98,0.07085513,0.03,0.8246938775510205,0.48994748795493875,0.0
0,imagenet,full,25,random,1,0.965,0.98,0.06002661,0.02,0.8235204081632653,0.4946262972715817,0.0
0,imagenet,full,25,random,2,0.945,0.98,0.086035594,0.035,0.8219387755102041,0.47777470733476307,0.0
0,imagenet,full,25,random,3,0.93,0.98,0.11281219,0.05,0.822857142857143,0.4756299304983063,0.0
0,imagenet,full,25,random,4,0.945,0.98,0.12285635,0.04,0.8268877551020407,0.5175266882325791,0.0
0,imagenet,full,25,random_rescue_10,0,0.96,0.98,0.05765748,0.025,0.7353061224489795,0.20537378049576455,10.0
0,imagenet,full,25,random_rescue_10,1,0.945,0.98,0.06879852,0.04,0.7334183673469389,0.18358393106991697,10.0
0,imagenet,full,25,random_rescue_10,2,0.95,0.98,0.057400826,0.035,0.7329081632653062,0.18034329316210326,10.0
0,imagenet,full,25,random_rescue_10,3,0.955,0.98,0.07337731,0.035,0.7328571428571428,0.18070018904940563,10.0
0,imagenet,full,25,random_rescue_10,4,0.965,0.98,0.031989068,0.02,0.7327551020408163,0.18048287289109508,10.0
0,imagenet,full,25,foreground_rescue_10,0,0.955,0.98,0.06317855,0.03,0.6796428571428572,0.02926470222694431,2.96
0,imagenet,full,25,foreground_rescue_10,1,0.95,0.98,0.07217168,0.035,0.6796428571428572,0.02926470222694431,2.96
0,imagenet,full,25,foreground_rescue_10,2,0.955,0.98,0.062474653,0.03,0.6796428571428572,0.02926470222694431,2.96
0,imagenet,full,25,foreground_rescue_10,3,0.95,0.98,0.07477695,0.035,0.6796428571428572,0.02926470222694431,2.96
0,imagenet,full,25,foreground_rescue_10,4,0.96,0.98,0.05500264,0.025,0.6796428571428572,0.02926470222694431,2.96
0,imagenet,full,25,low_score_rescue_10,0,0.965,0.98,0.048672322,0.02,0.7176020408163265,0.11659314199379996,10.0
0,imagenet,full,25,low_score_rescue_10,1,0.96,0.98,0.044807024,0.025,0.7176530612244898,0.11728696976529089,10.0
0,imagenet,full,25,low_score_rescue_10,2,0.96,0.98,0.052425813,0.025,0.7171428571428571,0.11499837466819826,10.0
0,imagenet,full,25,low_score_rescue_10,3,0.95,0.98,0.070232935,0.035,0.7176020408163265,0.11709667919623232,10.0
0,imagenet,full,25,low_score_rescue_10,4,0.945,0.98,0.07747044,0.035,0.7170408163265307,0.11494954790891429,10.0
0,imagenet,full,25,random_matched,0,0.95,0.98,0.06462939,0.035,0.7211224489795919,0.12208651963670411,2.96
0,imagenet,full,25,random_matched,1,0.945,0.98,0.07078146,0.04,0.7196938775510204,0.11925477351612779,2.96
0,imagenet,full,25,random_matched,2,0.95,0.98,0.06540214,0.035,0.7205102040816327,0.12096401295367581,2.96
0,imagenet,full,25,random_matched,3,0.95,0.98,0.07211087,0.035,0.719234693877551,0.11889896891762304,2.96
0,imagenet,full,25,random_matched,4,0.945,0.98,0.06418997,0.04,0.7189795918367347,0.1175757785973648,2.96
0,imagenet,full,50,student,0,0.95,0.98,0.08641522,0.035,0.7145918367346938,0.1035609123515354,0.0
0,imagenet,full,50,student,1,0.95,0.98,0.08641522,0.035,0.7145918367346938,0.1035609123515354,0.0
0,imagenet,full,50,student,2,0.95,0.98,0.08641522,0.035,0.7145918367346938,0.1035609123515354,0.0
0,imagenet,full,50,student,3,0.95,0.98,0.08641522,0.035,0.7145918367346938,0.1035609123515354,0.0
0,imagenet,full,50,student,4,0.95,0.98,0.08641522,0.035,0.7145918367346938,0.1035609123515354,0.0
0,imagenet,full,50,random,0,0.95,0.98,0.07085513,0.03,0.8246938775510205,0.48994748795493875,0.0
0,imagenet,full,50,random,1,0.965,0.98,0.06002661,0.02,0.8235204081632653,0.4946262972715817,0.0
0,imagenet,full,50,random,2,0.945,0.98,0.086035594,0.035,0.8219387755102041,0.47777470733476307,0.0
0,imagenet,full,50,random,3,0.93,0.98,0.11281219,0.05,0.822857142857143,0.4756299304983063,0.0
0,imagenet,full,50,random,4,0.945,0.98,0.12285635,0.04,0.8268877551020407,0.5175266882325791,0.0
0,imagenet,full,50,random_rescue_10,0,0.95,0.98,0.08337081,0.035,0.7377551020408163,0.1940533310944018,10.0
0,imagenet,full,50,random_rescue_10,1,0.95,0.98,0.0848888,0.035,0.7365816326530613,0.17965654091419114,10.0
0,imagenet,full,50,random_rescue_10,2,0.945,0.98,0.058048747,0.04,0.737704081632653,0.17724297406282455,10.0
0,imagenet,full,50,random_rescue_10,3,0.96,0.98,0.07224193,0.025,0.7379591836734695,0.17991169684212116,10.0
0,imagenet,full,50,random_rescue_10,4,0.955,0.98,0.09231735,0.035,0.738112244897959,0.1906878322940314,10.0
0,imagenet,full,50,foreground_rescue_10,0,0.95,0.98,0.09623523,0.035,0.6816836734693879,0.03179240277171597,3.225
0,imagenet,full,50,foreground_rescue_10,1,0.945,0.98,0.090929404,0.04,0.6816836734693879,0.03179240277171597,3.225
0,imagenet,full,50,foreground_rescue_10,2,0.955,0.98,0.08639118,0.03,0.6816836734693879,0.03179240277171597,3.225
0,imagenet,full,50,foreground_rescue_10,3,0.955,0.98,0.08324682,0.03,0.6816836734693879,0.03179240277171597,3.225
0,imagenet,full,50,foreground_rescue_10,4,0.955,0.98,0.07337808,0.03,0.6816836734693879,0.03179240277171597,3.225
0,imagenet,full,50,low_score_rescue_10,0,0.93,0.98,0.09530176,0.05,0.7237755102040816,0.12219475661156365,10.0
0,imagenet,full,50,low_score_rescue_10,1,0.935,0.98,0.09622662,0.05,0.7233673469387755,0.12266499797102406,10.0
0,imagenet,full,50,low_score_rescue_10,2,0.945,0.98,0.097696744,0.04,0.7230102040816326,0.120987805131354,10.0
0,imagenet,full,50,low_score_rescue_10,3,0.94,0.98,0.12069682,0.045,0.7233673469387756,0.12174555369864058,10.0
0,imagenet,full,50,low_score_rescue_10,4,0.945,0.98,0.10326141,0.04,0.7237244897959184,0.12132742843783756,10.0
0,imagenet,full,50,random_matched,0,0.95,0.98,0.0922385,0.035,0.7258163265306123,0.12221563866626331,3.225
0,imagenet,full,50,random_matched,1,0.95,0.98,0.0880344,0.035,0.7247448979591837,0.12232197224045266,3.225
0,imagenet,full,50,random_matched,2,0.955,0.98,0.08348515,0.03,0.7255102040816327,0.12309778280036114,3.225
0,imagenet,full,50,random_matched,3,0.945,0.98,0.081106775,0.04,0.7251530612244897,0.12390636994076303,3.225
0,imagenet,full,50,random_matched,4,0.955,0.98,0.08262383,0.03,0.7242346938775509,0.1199523078891625,3.225
0,imagenet,full,75,student,0,0.945,0.98,0.0763968,0.04,0.714795918367347,0.10501550486248504,0.0
0,imagenet,full,75,student,1,0.945,0.98,0.0763968,0.04,0.714795918367347,0.10501550486248504,0.0
0,imagenet,full,75,student,2,0.945,0.98,0.0763968,0.04,0.714795918367347,0.10501550486248504,0.0
0,imagenet,full,75,student,3,0.945,0.98,0.0763968,0.04,0.714795918367347,0.10501550486248504,0.0
0,imagenet,full,75,student,4,0.945,0.98,0.0763968,0.04,0.714795918367347,0.10501550486248504,0.0
0,imagenet,full,75,random,0,0.95,0.98,0.07085513,0.03,0.8246938775510205,0.48994748795493875,0.0
0,imagenet,full,75,random,1,0.965,0.98,0.06002661,0.02,0.8235204081632653,0.4946262972715817,0.0
0,imagenet,full,75,random,2,0.945,0.98,0.086035594,0.035,0.8219387755102041,0.47777470733476307,0.0
0,imagenet,full,75,random,3,0.93,0.98,0.11281219,0.05,0.822857142857143,0.4756299304983063,0.0
0,imagenet,full,75,random,4,0.945,0.98,0.12285635,0.04,0.8268877551020407,0.5175266882325791,0.0
0,imagenet,full,75,random_rescue_10,0,0.945,0.98,0.085075445,0.035,0.7388265306122449,0.20629882100589478,10.0
0,imagenet,full,75,random_rescue_10,1,0.95,0.98,0.073698856,0.035,0.737704081632653,0.17927989684343199,10.0
0,imagenet,full,75,random_rescue_10,2,0.94,0.98,0.101981774,0.045,0.7359183673469387,0.17644893204795292,10.0
0,imagenet,full,75,random_rescue_10,3,0.96,0.98,0.06161675,0.025,0.7376020408163265,0.1814942186747443,10.0
0,imagenet,full,75,random_rescue_10,4,0.945,0.98,0.087435335,0.04,0.7370918367346939,0.18943582799468678,10.0
0,imagenet,full,75,foreground_rescue_10,0,0.945,0.98,0.069647595,0.04,0.6816326530612246,0.031961035764594935,3.25
0,imagenet,full,75,foreground_rescue_10,1,0.93,0.98,0.08284392,0.055,0.6816326530612246,0.031961035764594935,3.25
0,imagenet,full,75,foreground_rescue_10,2,0.945,0.98,0.07317039,0.04,0.6816326530612246,0.031961035764594935,3.25
0,imagenet,full,75,foreground_rescue_10,3,0.945,0.98,0.071097575,0.04,0.6816326530612246,0.031961035764594935,3.25
0,imagenet,full,75,foreground_rescue_10,4,0.95,0.98,0.07134265,0.035,0.6816326530612246,0.031961035764594935,3.25
0,imagenet,full,75,low_score_rescue_10,0,0.94,0.98,0.10083708,0.045,0.7222448979591838,0.11876911540180689,10.0
0,imagenet,full,75,low_score_rescue_10,1,0.94,0.98,0.08709131,0.045,0.7227551020408163,0.11881357805691248,10.0
0,imagenet,full,75,low_score_rescue_10,2,0.94,0.98,0.084526606,0.045,0.7225510204081632,0.12039387275846,10.0
0,imagenet,full,75,low_score_rescue_10,3,0.945,0.98,0.100656435,0.04,0.7233673469387756,0.1215278594336368,10.0
0,imagenet,full,75,low_score_rescue_10,4,0.935,0.98,0.1009025,0.05,0.7227551020408163,0.12062933871597427,10.0
0,imagenet,full,75,random_matched,0,0.94,0.98,0.08957845,0.045,0.7254591836734693,0.12233379783221861,3.25
0,imagenet,full,75,random_matched,1,0.945,0.98,0.07537473,0.04,0.725816326530612,0.12617976215479898,3.25
0,imagenet,full,75,random_matched,2,0.94,0.98,0.07702076,0.045,0.7234183673469389,0.11936470858569194,3.25
0,imagenet,full,75,random_matched,3,0.94,0.98,0.06809494,0.045,0.7261224489795919,0.12670395368715331,3.25
0,imagenet,full,75,random_matched,4,0.945,0.98,0.076382294,0.04,0.724591836734694,0.12211695308048355,3.25
0,imagenet,full,100,student,0,0.94,0.98,0.09850869,0.045,0.7143877551020408,0.10238028370137105,0.0
0,imagenet,full,100,student,1,0.94,0.98,0.09850869,0.045,0.7143877551020408,0.10238028370137105,0.0
0,imagenet,full,100,student,2,0.94,0.98,0.09850869,0.045,0.7143877551020408,0.10238028370137105,0.0
0,imagenet,full,100,student,3,0.94,0.98,0.09850869,0.045,0.7143877551020408,0.10238028370137105,0.0
0,imagenet,full,100,student,4,0.94,0.98,0.09850869,0.045,0.7143877551020408,0.10238028370137105,0.0
0,imagenet,full,100,random,0,0.95,0.98,0.07085513,0.03,0.8246938775510205,0.48994748795493875,0.0
0,imagenet,full,100,random,1,0.965,0.98,0.06002661,0.02,0.8235204081632653,0.4946262972715817,0.0
0,imagenet,full,100,random,2,0.945,0.98,0.086035594,0.035,0.8219387755102041,0.47777470733476307,0.0
0,imagenet,full,100,random,3,0.93,0.98,0.11281219,0.05,0.822857142857143,0.4756299304983063,0.0
0,imagenet,full,100,random,4,0.945,0.98,0.12285635,0.04,0.8268877551020407,0.5175266882325791,0.0
0,imagenet,full,100,random_rescue_10,0,0.95,0.98,0.10735683,0.035,0.7380102040816326,0.20032002956688158,10.0
0,imagenet,full,100,random_rescue_10,1,0.94,0.98,0.10885004,0.045,0.736887755102041,0.18069671108518262,10.0
0,imagenet,full,100,random_rescue_10,2,0.945,0.98,0.09024957,0.045,0.7358673469387756,0.1767514682131575,10.0
0,imagenet,full,100,random_rescue_10,3,0.955,0.98,0.0717582,0.03,0.7356632653061225,0.18238461665199565,10.0
0,imagenet,full,100,random_rescue_10,4,0.935,0.98,0.11072102,0.05,0.7370918367346938,0.1839653337915956,10.0
0,imagenet,full,100,foreground_rescue_10,0,0.945,0.98,0.07844159,0.04,0.6816836734693876,0.03196794584065742,3.205
0,imagenet,full,100,foreground_rescue_10,1,0.94,0.98,0.10436624,0.045,0.6816836734693876,0.03196794584065742,3.205
0,imagenet,full,100,foreground_rescue_10,2,0.94,0.98,0.08823648,0.045,0.6816836734693876,0.03196794584065742,3.205
0,imagenet,full,100,foreground_rescue_10,3,0.94,0.98,0.091535844,0.045,0.6816836734693876,0.03196794584065742,3.205
0,imagenet,full,100,foreground_rescue_10,4,0.94,0.98,0.08689692,0.045,0.6816836734693876,0.03196794584065742,3.205
0,imagenet,full,100,low_score_rescue_10,0,0.95,0.98,0.06863579,0.035,0.7231122448979592,0.12031976875862553,10.0
0,imagenet,full,100,low_score_rescue_10,1,0.93,0.98,0.093703635,0.055,0.7231122448979592,0.12042911294585615,10.0
0,imagenet,full,100,low_score_rescue_10,2,0.935,0.98,0.09379071,0.05,0.7227551020408163,0.12046773168176832,10.0
0,imagenet,full,100,low_score_rescue_10,3,0.94,0.98,0.09313449,0.045,0.7229591836734692,0.11984505883298553,10.0
0,imagenet,full,100,low_score_rescue_10,4,0.945,0.98,0.09382259,0.04,0.7227551020408163,0.12038698578518948,10.0
0,imagenet,full,100,random_matched,0,0.935,0.98,0.09115822,0.05,0.7255102040816327,0.12203959721066941,3.205
0,imagenet,full,100,random_matched,1,0.935,0.98,0.10792507,0.05,0.7259183673469387,0.1220405631750056,3.205
0,imagenet,full,100,random_matched,2,0.94,0.98,0.09267168,0.045,0.7241326530612244,0.11904123874976758,3.205
0,imagenet,full,100,random_matched,3,0.94,0.98,0.0928322,0.045,0.7247448979591837,0.1210156631244349,3.205
0,imagenet,full,100,random_matched,4,0.94,0.98,0.09533991,0.045,0.7233163265306122,0.11861819412396521,3.205
0,imagenet,low_score_rescue_10,0,student,0,0.965,0.98,0.049423896,0.015,0.7058673469387755,0.08231790489358617,0.0
0,imagenet,low_score_rescue_10,0,student,1,0.965,0.98,0.049423896,0.015,0.7058673469387755,0.08231790489358617,0.0
0,imagenet,low_score_rescue_10,0,student,2,0.965,0.98,0.049423896,0.015,0.7058673469387755,0.08231790489358617,0.0
0,imagenet,low_score_rescue_10,0,student,3,0.965,0.98,0.049423896,0.015,0.7058673469387755,0.08231790489358617,0.0
0,imagenet,low_score_rescue_10,0,student,4,0.965,0.98,0.049423896,0.015,0.7058673469387755,0.08231790489358617,0.0
0,imagenet,low_score_rescue_10,0,random,0,0.95,0.98,0.07085513,0.03,0.8246938775510205,0.48994748795493875,0.0
0,imagenet,low_score_rescue_10,0,random,1,0.965,0.98,0.06002661,0.02,0.8235204081632653,0.4946262972715817,0.0
0,imagenet,low_score_rescue_10,0,random,2,0.945,0.98,0.086035594,0.035,0.8219387755102041,0.47777470733476307,0.0
0,imagenet,low_score_rescue_10,0,random,3,0.93,0.98,0.11281219,0.05,0.822857142857143,0.4756299304983063,0.0
0,imagenet,low_score_rescue_10,0,random,4,0.945,0.98,0.12285635,0.04,0.8268877551020407,0.5175266882325791,0.0
0,imagenet,low_score_rescue_10,0,random_rescue_10,0,0.955,0.98,0.07673554,0.03,0.729234693877551,0.1679639018459042,10.0
0,imagenet,low_score_rescue_10,0,random_rescue_10,1,0.96,0.98,0.05731293,0.02,0.7321428571428572,0.17112982691976839,10.0
0,imagenet,low_score_rescue_10,0,random_rescue_10,2,0.955,0.98,0.07880971,0.025,0.7311224489795919,0.17162426857917626,10.0
0,imagenet,low_score_rescue_10,0,random_rescue_10,3,0.955,0.98,0.0690822,0.025,0.7294897959183675,0.17406355448185729,10.0
0,imagenet,low_score_rescue_10,0,random_rescue_10,4,0.94,0.98,0.09882484,0.04,0.7296428571428573,0.15813417548845027,10.0
0,imagenet,low_score_rescue_10,0,foreground_rescue_10,0,0.96,0.98,0.052042674,0.02,0.677295918367347,0.025096868132710646,2.8
0,imagenet,low_score_rescue_10,0,foreground_rescue_10,1,0.96,0.98,0.061706647,0.02,0.677295918367347,0.025096868132710646,2.8
0,imagenet,low_score_rescue_10,0,foreground_rescue_10,2,0.96,0.98,0.057614543,0.02,0.677295918367347,0.025096868132710646,2.8
0,imagenet,low_score_rescue_10,0,foreground_rescue_10,3,0.96,0.98,0.062874764,0.02,0.677295918367347,0.025096868132710646,2.8
0,imagenet,low_score_rescue_10,0,foreground_rescue_10,4,0.96,0.98,0.063759096,0.02,0.677295918367347,0.025096868132710646,2.8
0,imagenet,low_score_rescue_10,0,low_score_rescue_10,0,0.95,0.98,0.07409613,0.03,0.7128571428571427,0.09592084560465473,10.0
0,imagenet,low_score_rescue_10,0,low_score_rescue_10,1,0.96,0.98,0.048454687,0.02,0.7136734693877551,0.09635290260200267,10.0
0,imagenet,low_score_rescue_10,0,low_score_rescue_10,2,0.95,0.98,0.061150827,0.03,0.7132142857142857,0.09623877203175696,10.0
0,imagenet,low_score_rescue_10,0,low_score_rescue_10,3,0.955,0.98,0.07511786,0.025,0.7127551020408163,0.09565284000194518,10.0
0,imagenet,low_score_rescue_10,0,low_score_rescue_10,4,0.955,0.98,0.06678594,0.025,0.7127551020408163,0.09502717675311124,10.0
0,imagenet,low_score_rescue_10,0,random_matched,0,0.96,0.98,0.05148281,0.02,0.7163775510204081,0.09909034654213109,2.8
0,imagenet,low_score_rescue_10,0,random_matched,1,0.965,0.98,0.051132623,0.015,0.7163775510204081,0.10026353536070877,2.8
0,imagenet,low_score_rescue_10,0,random_matched,2,0.95,0.98,0.06500979,0.03,0.7168877551020408,0.10060035762440128,2.8
0,imagenet,low_score_rescue_10,0,random_matched,3,0.96,0.98,0.05155242,0.02,0.7167346938775511,0.10205323439281039,2.8
0,imagenet,low_score_rescue_10,0,random_matched,4,0.955,0.98,0.055842362,0.025,0.7166836734693877,0.09952487927668469,2.8
0,imagenet,low_score_rescue_10,10,student,0,0.955,0.98,0.067555636,0.03,0.7065816326530612,0.08708846369085477,0.0
0,imagenet,low_score_rescue_10,10,student,1,0.955,0.98,0.067555636,0.03,0.7065816326530612,0.08708846369085477,0.0
0,imagenet,low_score_rescue_10,10,student,2,0.955,0.98,0.067555636,0.03,0.7065816326530612,0.08708846369085477,0.0
0,imagenet,low_score_rescue_10,10,student,3,0.955,0.98,0.067555636,0.03,0.7065816326530612,0.08708846369085477,0.0
0,imagenet,low_score_rescue_10,10,student,4,0.955,0.98,0.067555636,0.03,0.7065816326530612,0.08708846369085477,0.0
0,imagenet,low_score_rescue_10,10,random,0,0.95,0.98,0.07085513,0.03,0.8246938775510205,0.48994748795493875,0.0
0,imagenet,low_score_rescue_10,10,random,1,0.965,0.98,0.06002661,0.02,0.8235204081632653,0.4946262972715817,0.0
0,imagenet,low_score_rescue_10,10,random,2,0.945,0.98,0.086035594,0.035,0.8219387755102041,0.47777470733476307,0.0
0,imagenet,low_score_rescue_10,10,random,3,0.93,0.98,0.11281219,0.05,0.822857142857143,0.4756299304983063,0.0
0,imagenet,low_score_rescue_10,10,random,4,0.945,0.98,0.12285635,0.04,0.8268877551020407,0.5175266882325791,0.0
0,imagenet,low_score_rescue_10,10,random_rescue_10,0,0.96,0.98,0.07398785,0.025,0.7308163265306123,0.1829340854556846,10.0
0,imagenet,low_score_rescue_10,10,random_rescue_10,1,0.955,0.98,0.06649063,0.03,0.7308673469387756,0.16612577156200128,10.0
0,imagenet,low_score_rescue_10,10,random_rescue_10,2,0.96,0.98,0.049521483,0.02,0.7317346938775511,0.16347651423482787,10.0
0,imagenet,low_score_rescue_10,10,random_rescue_10,3,0.955,0.98,0.08078581,0.03,0.7313265306122448,0.17613327973263282,10.0
0,imagenet,low_score_rescue_10,10,random_rescue_10,4,0.95,0.98,0.09240548,0.03,0.7306632653061225,0.17383194510323646,10.0
0,imagenet,low_score_rescue_10,10,foreground_rescue_10,0,0.955,0.98,0.07292128,0.03,0.6777551020408165,0.026465067040996913,2.825
0,imagenet,low_score_rescue_10,10,foreground_rescue_10,1,0.955,0.98,0.06672767,0.03,0.6777551020408165,0.026465067040996913,2.825
0,imagenet,low_score_rescue_10,10,foreground_rescue_10,2,0.96,0.98,0.050339166,0.025,0.6777551020408165,0.026465067040996913,2.825
0,imagenet,low_score_rescue_10,10,foreground_rescue_10,3,0.96,0.98,0.05516709,0.025,0.6777551020408165,0.026465067040996913,2.825
0,imagenet,low_score_rescue_10,10,foreground_rescue_10,4,0.955,0.98,0.073870294,0.03,0.6777551020408165,0.026465067040996913,2.825
0,imagenet,low_score_rescue_10,10,low_score_rescue_10,0,0.94,0.98,0.10567767,0.04,0.7157653061224489,0.10508701467385266,10.0
0,imagenet,low_score_rescue_10,10,low_score_rescue_10,1,0.95,0.98,0.09247023,0.035,0.7146938775510204,0.1028695401000597,10.0
0,imagenet,low_score_rescue_10,10,low_score_rescue_10,2,0.94,0.98,0.08296663,0.04,0.714795918367347,0.10385817607494707,10.0
0,imagenet,low_score_rescue_10,10,low_score_rescue_10,3,0.95,0.98,0.07464416,0.03,0.715408163265306,0.1049166976873524,10.0
0,imagenet,low_score_rescue_10,10,low_score_rescue_10,4,0.95,0.98,0.09577529,0.035,0.7148469387755102,0.10275493666567566,10.0
0,imagenet,low_score_rescue_10,10,random_matched,0,0.965,0.98,0.053898014,0.02,0.717908163265306,0.10610625840131019,2.825
0,imagenet,low_score_rescue_10,10,random_matched,1,0.965,0.98,0.05470897,0.02,0.7168367346938774,0.10402005648013943,2.825
0,imagenet,low_score_rescue_10,10,random_matched,2,0.955,0.98,0.06466349,0.03,0.7163775510204082,0.10376166171151219,2.825
0,imagenet,low_score_rescue_10,10,random_matched,3,0.96,0.98,0.05397012,0.025,0.7161224489795918,0.10332329823685849,2.825
0,imagenet,low_score_rescue_10,10,random_matched,4,0.955,0.98,0.06701307,0.03,0.7164285714285714,0.1024786261896156,2.825
0,imagenet,low_score_rescue_10,25,student,0,0.95,0.98,0.075984955,0.035,0.7075510204081632,0.08873379549886387,0.0
0,imagenet,low_score_rescue_10,25,student,1,0.95,0.98,0.075984955,0.035,0.7075510204081632,0.08873379549886387,0.0
0,imagenet,low_score_rescue_10,25,student,2,0.95,0.98,0.075984955,0.035,0.7075510204081632,0.08873379549886387,0.0
0,imagenet,low_score_rescue_10,25,student,3,0.95,0.98,0.075984955,0.035,0.7075510204081632,0.08873379549886387,0.0
0,imagenet,low_score_rescue_10,25,student,4,0.95,0.98,0.075984955,0.035,0.7075510204081632,0.08873379549886387,0.0
0,imagenet,low_score_rescue_10,25,random,0,0.95,0.98,0.07085513,0.03,0.8246938775510205,0.48994748795493875,0.0
0,imagenet,low_score_rescue_10,25,random,1,0.965,0.98,0.06002661,0.02,0.8235204081632653,0.4946262972715817,0.0
0,imagenet,low_score_rescue_10,25,random,2,0.945,0.98,0.086035594,0.035,0.8219387755102041,0.47777470733476307,0.0
0,imagenet,low_score_rescue_10,25,random,3,0.93,0.98,0.11281219,0.05,0.822857142857143,0.4756299304983063,0.0
0,imagenet,low_score_rescue_10,25,random,4,0.945,0.98,0.12285635,0.04,0.8268877551020407,0.5175266882325791,0.0
0,imagenet,low_score_rescue_10,25,random_rescue_10,0,0.945,0.98,0.11305363,0.04,0.7316836734693877,0.1842610640124427,10.0
0,imagenet,low_score_rescue_10,25,random_rescue_10,1,0.95,0.98,0.06633281,0.03,0.7302551020408162,0.16917146271275602,10.0
0,imagenet,low_score_rescue_10,25,random_rescue_10,2,0.95,0.98,0.087645836,0.035,0.7328061224489795,0.16341261457387893,10.0
0,imagenet,low_score_rescue_10,25,random_rescue_10,3,0.955,0.98,0.05204667,0.03,0.7323469387755103,0.1851336806475179,10.0
0,imagenet,low_score_rescue_10,25,random_rescue_10,4,0.945,0.98,0.08140482,0.035,0.7308673469387754,0.16687072228486258,10.0
0,imagenet,low_score_rescue_10,25,foreground_rescue_10,0,0.945,0.98,0.072786346,0.04,0.6785714285714286,0.0282415410010903,2.84
0,imagenet,low_score_rescue_10,25,foreground_rescue_10,1,0.95,0.98,0.06596793,0.035,0.6785714285714286,0.0282415410010903,2.84
0,imagenet,low_score_rescue_10,25,foreground_rescue_10,2,0.945,0.98,0.06679289,0.04,0.6785714285714286,0.0282415410010903,2.84
0,imagenet,low_score_rescue_10,25,foreground_rescue_10,3,0.95,0.98,0.05582482,0.035,0.6785714285714286,0.0282415410010903,2.84
0,imagenet,low_score_rescue_10,25,foreground_rescue_10,4,0.95,0.98,0.06631941,0.035,0.6785714285714286,0.0282415410010903,2.84
0,imagenet,low_score_rescue_10,25,low_score_rescue_10,0,0.955,0.98,0.06480488,0.03,0.7153061224489795,0.1027271868642707,10.0
0,imagenet,low_score_rescue_10,25,low_score_rescue_10,1,0.955,0.98,0.065978795,0.03,0.7152551020408162,0.10373200048177005,10.0
0,imagenet,low_score_rescue_10,25,low_score_rescue_10,2,0.955,0.98,0.077513665,0.03,0.7155612244897958,0.10363178807746128,10.0
0,imagenet,low_score_rescue_10,25,low_score_rescue_10,3,0.96,0.98,0.06523263,0.025,0.715561224489796,0.10350131937429204,10.0
0,imagenet,low_score_rescue_10,25,low_score_rescue_10,4,0.95,0.98,0.085922584,0.035,0.7154591836734694,0.10375534819448796,10.0
0,imagenet,low_score_rescue_10,25,random_matched,0,0.945,0.98,0.1048023,0.04,0.717857142857143,0.10513709468079697,2.84
0,imagenet,low_score_rescue_10,25,random_matched,1,0.945,0.98,0.07088808,0.04,0.7181122448979592,0.10625488161937058,2.84
0,imagenet,low_score_rescue_10,25,random_matched,2,0.945,0.98,0.09200757,0.04,0.7173469387755103,0.1052962744982872,2.84
0,imagenet,low_score_rescue_10,25,random_matched,3,0.95,0.98,0.06703698,0.035,0.7169897959183673,0.1044245580382953,2.84
0,imagenet,low_score_rescue_10,25,random_matched,4,0.95,0.98,0.08471656,0.035,0.7167346938775511,0.10353653418424869,2.84
0,imagenet,low_score_rescue_10,50,student,0,0.945,0.98,0.11033008,0.04,0.7081122448979592,0.09168713212176158,0.0
0,imagenet,low_score_rescue_10,50,student,1,0.945,0.98,0.11033008,0.04,0.7081122448979592,0.09168713212176158,0.0
0,imagenet,low_score_rescue_10,50,student,2,0.945,0.98,0.11033008,0.04,0.7081122448979592,0.09168713212176158,0.0
0,imagenet,low_score_rescue_10,50,student,3,0.945,0.98,0.11033008,0.04,0.7081122448979592,0.09168713212176158,0.0
0,imagenet,low_score_rescue_10,50,student,4,0.945,0.98,0.11033008,0.04,0.7081122448979592,0.09168713212176158,0.0
0,imagenet,low_score_rescue_10,50,random,0,0.95,0.98,0.07085513,0.03,0.8246938775510205,0.48994748795493875,0.0
0,imagenet,low_score_rescue_10,50,random,1,0.965,0.98,0.06002661,0.02,0.8235204081632653,0.4946262972715817,0.0
0,imagenet,low_score_rescue_10,50,random,2,0.945,0.98,0.086035594,0.035,0.8219387755102041,0.47777470733476307,0.0
0,imagenet,low_score_rescue_10,50,random,3,0.93,0.98,0.11281219,0.05,0.822857142857143,0.4756299304983063,0.0
0,imagenet,low_score_rescue_10,50,random,4,0.945,0.98,0.12285635,0.04,0.8268877551020407,0.5175266882325791,0.0
0,imagenet,low_score_rescue_10,50,random_rescue_10,0,0.95,0.98,0.096991844,0.035,0.7321428571428571,0.1976115258557909,10.0
0,imagenet,low_score_rescue_10,50,random_rescue_10,1,0.93,0.98,0.11843069,0.055,0.7321428571428572,0.17951909009787748,10.0
0,imagenet,low_score_rescue_10,50,random_rescue_10,2,0.955,0.98,0.0670327,0.03,0.7332653061224491,0.17254971720258158,10.0
0,imagenet,low_score_rescue_10,50,random_rescue_10,3,0.95,0.98,0.1036017,0.035,0.7319897959183673,0.1754503363317065,10.0
0,imagenet,low_score_rescue_10,50,random_rescue_10,4,0.93,0.98,0.11624836,0.05,0.7321428571428571,0.1737865741536795,10.0
0,imagenet,low_score_rescue_10,50,foreground_rescue_10,0,0.945,0.98,0.10027534,0.04,0.6786224489795919,0.028748260095687563,2.89
0,imagenet,low_score_rescue_10,50,foreground_rescue_10,1,0.95,0.98,0.074737065,0.035,0.6786224489795919,0.028748260095687563,2.89
0,imagenet,low_score_rescue_10,50,foreground_rescue_10,2,0.95,0.98,0.07617548,0.035,0.6786224489795919,0.028748260095687563,2.89
0,imagenet,low_score_rescue_10,50,foreground_rescue_10,3,0.94,0.98,0.09429556,0.045,0.6786224489795919,0.028748260095687563,2.89
0,imagenet,low_score_rescue_10,50,foreground_rescue_10,4,0.945,0.98,0.09025056,0.04,0.6786224489795919,0.028748260095687563,2.89
0,imagenet,low_score_rescue_10,50,low_score_rescue_10,0,0.935,0.98,0.11189463,0.05,0.7161734693877552,0.10814477514620181,10.0
0,imagenet,low_score_rescue_10,50,low_score_rescue_10,1,0.94,0.98,0.106230356,0.045,0.7162244897959184,0.10872441914708897,10.0
0,imagenet,low_score_rescue_10,50,low_score_rescue_10,2,0.945,0.98,0.10395362,0.04,0.715561224489796,0.10756537233165489,10.0
0,imagenet,low_score_rescue_10,50,low_score_rescue_10,3,0.95,0.98,0.07576104,0.035,0.7163265306122448,0.10935761109092071,10.0
0,imagenet,low_score_rescue_10,50,low_score_rescue_10,4,0.945,0.98,0.091821775,0.04,0.7157142857142855,0.10921492857595044,10.0
0,imagenet,low_score_rescue_10,50,random_matched,0,0.945,0.98,0.09682694,0.04,0.7184183673469389,0.10854325528780434,2.89
0,imagenet,low_score_rescue_10,50,random_matched,1,0.945,0.98,0.103327125,0.04,0.7183163265306124,0.10721249736850946,2.89
0,imagenet,low_score_rescue_10,50,random_matched,2,0.945,0.98,0.0942545,0.04,0.7169897959183673,0.10575792706090846,2.89
0,imagenet,low_score_rescue_10,50,random_matched,3,0.935,0.98,0.11623249,0.05,0.7176020408163265,0.1089200151485177,2.89
0,imagenet,low_score_rescue_10,50,random_matched,4,0.94,0.98,0.111468695,0.045,0.7181122448979592,0.10815388077703937,2.89
0,imagenet,low_score_rescue_10,75,student,0,0.94,0.98,0.087835066,0.04,0.7091326530612245,0.09456043084185349,0.0
0,imagenet,low_score_rescue_10,75,student,1,0.94,0.98,0.087835066,0.04,0.7091326530612245,0.09456043084185349,0.0
0,imagenet,low_score_rescue_10,75,student,2,0.94,0.98,0.087835066,0.04,0.7091326530612245,0.09456043084185349,0.0
0,imagenet,low_score_rescue_10,75,student,3,0.94,0.98,0.087835066,0.04,0.7091326530612245,0.09456043084185349,0.0
0,imagenet,low_score_rescue_10,75,student,4,0.94,0.98,0.087835066,0.04,0.7091326530612245,0.09456043084185349,0.0
0,imagenet,low_score_rescue_10,75,random,0,0.95,0.98,0.07085513,0.03,0.8246938775510205,0.48994748795493875,0.0
0,imagenet,low_score_rescue_10,75,random,1,0.965,0.98,0.06002661,0.02,0.8235204081632653,0.4946262972715817,0.0
0,imagenet,low_score_rescue_10,75,random,2,0.945,0.98,0.086035594,0.035,0.8219387755102041,0.47777470733476307,0.0
0,imagenet,low_score_rescue_10,75,random,3,0.93,0.98,0.11281219,0.05,0.822857142857143,0.4756299304983063,0.0
0,imagenet,low_score_rescue_10,75,random,4,0.945,0.98,0.12285635,0.04,0.8268877551020407,0.5175266882325791,0.0
0,imagenet,low_score_rescue_10,75,random_rescue_10,0,0.94,0.98,0.11778885,0.045,0.7337755102040816,0.1967709254945077,10.0
0,imagenet,low_score_rescue_10,75,random_rescue_10,1,0.945,0.98,0.093675114,0.035,0.7345408163265306,0.18307693825933283,10.0
0,imagenet,low_score_rescue_10,75,random_rescue_10,2,0.95,0.98,0.05290985,0.03,0.7331632653061226,0.1769625616133705,10.0
0,imagenet,low_score_rescue_10,75,random_rescue_10,3,0.935,0.98,0.082991466,0.045,0.7328571428571429,0.1816094394207702,10.0
0,imagenet,low_score_rescue_10,75,random_rescue_10,4,0.945,0.98,0.07379257,0.035,0.7325,0.1702738909208034,10.0
0,imagenet,low_score_rescue_10,75,foreground_rescue_10,0,0.95,0.98,0.06720752,0.03,0.6793367346938775,0.02953345594101164,2.92
0,imagenet,low_score_rescue_10,75,foreground_rescue_10,1,0.955,0.98,0.051860385,0.025,0.6793367346938775,0.02953345594101164,2.92
0,imagenet,low_score_rescue_10,75,foreground_rescue_10,2,0.945,0.98,0.059726745,0.035,0.6793367346938775,0.02953345594101164,2.92
0,imagenet,low_score_rescue_10,75,foreground_rescue_10,3,0.945,0.98,0.07125309,0.035,0.6793367346938775,0.02953345594101164,2.92
0,imagenet,low_score_rescue_10,75,foreground_rescue_10,4,0.945,0.98,0.074325025,0.035,0.6793367346938775,0.02953345594101164,2.92
0,imagenet,low_score_rescue_10,75,low_score_rescue_10,0,0.94,0.98,0.088286035,0.04,0.716938775510204,0.10858543232670903,10.0
0,imagenet,low_score_rescue_10,75,low_score_rescue_10,1,0.95,0.98,0.06683784,0.035,0.718265306122449,0.1131019186198205,10.0
0,imagenet,low_score_rescue_10,75,low_score_rescue_10,2,0.94,0.98,0.08069502,0.04,0.7169897959183673,0.10954905309631414,10.0
0,imagenet,low_score_rescue_10,75,low_score_rescue_10,3,0.945,0.98,0.05790496,0.035,0.7180102040816325,0.11151909680380469,10.0
0,imagenet,low_score_rescue_10,75,low_score_rescue_10,4,0.94,0.98,0.09457329,0.04,0.7174489795918367,0.11062395759909593,10.0
0,imagenet,low_score_rescue_10,75,random_matched,0,0.94,0.98,0.07915273,0.04,0.7187755102040816,0.11059796984275441,2.92
0,imagenet,low_score_rescue_10,75,random_matched,1,0.945,0.98,0.07453337,0.035,0.7196428571428573,0.11396317971292412,2.92
0,imagenet,low_score_rescue_10,75,random_matched,2,0.945,0.98,0.058624715,0.035,0.7189285714285714,0.11136955669506515,2.92
0,imagenet,low_score_rescue_10,75,random_matched,3,0.95,0.98,0.076731205,0.03,0.7191326530612245,0.11153569419444063,2.92
0,imagenet,low_score_rescue_10,75,random_matched,4,0.945,0.98,0.07280914,0.035,0.7185204081632653,0.11140299703688275,2.92
0,imagenet,low_score_rescue_10,100,student,0,0.94,0.98,0.10274462,0.04,0.7085204081632653,0.09210292476140396,0.0
0,imagenet,low_score_rescue_10,100,student,1,0.94,0.98,0.10274462,0.04,0.7085204081632653,0.09210292476140396,0.0
0,imagenet,low_score_rescue_10,100,student,2,0.94,0.98,0.10274462,0.04,0.7085204081632653,0.09210292476140396,0.0
0,imagenet,low_score_rescue_10,100,student,3,0.94,0.98,0.10274462,0.04,0.7085204081632653,0.09210292476140396,0.0
0,imagenet,low_score_rescue_10,100,student,4,0.94,0.98,0.10274462,0.04,0.7085204081632653,0.09210292476140396,0.0
0,imagenet,low_score_rescue_10,100,random,0,0.95,0.98,0.07085513,0.03,0.8246938775510205,0.48994748795493875,0.0
0,imagenet,low_score_rescue_10,100,random,1,0.965,0.98,0.06002661,0.02,0.8235204081632653,0.4946262972715817,0.0
0,imagenet,low_score_rescue_10,100,random,2,0.945,0.98,0.086035594,0.035,0.8219387755102041,0.47777470733476307,0.0
0,imagenet,low_score_rescue_10,100,random,3,0.93,0.98,0.11281219,0.05,0.822857142857143,0.4756299304983063,0.0
0,imagenet,low_score_rescue_10,100,random,4,0.945,0.98,0.12285635,0.04,0.8268877551020407,0.5175266882325791,0.0
0,imagenet,low_score_rescue_10,100,random_rescue_10,0,0.94,0.98,0.09408777,0.045,0.7317346938775509,0.17958090761536746,10.0
0,imagenet,low_score_rescue_10,100,random_rescue_10,1,0.945,0.98,0.12521027,0.04,0.7329081632653062,0.17527158969984952,10.0
0,imagenet,low_score_rescue_10,100,random_rescue_10,2,0.945,0.98,0.08086447,0.035,0.732704081632653,0.1713531316628574,10.0
0,imagenet,low_score_rescue_10,100,random_rescue_10,3,0.95,0.98,0.107851654,0.035,0.7324489795918367,0.16946263050288643,10.0
0,imagenet,low_score_rescue_10,100,random_rescue_10,4,0.94,0.98,0.11761164,0.04,0.7325,0.16965452811114606,10.0
0,imagenet,low_score_rescue_10,100,foreground_rescue_10,0,0.95,0.98,0.08158064,0.03,0.6791836734693877,0.02942930418565418,2.875
0,imagenet,low_score_rescue_10,100,foreground_rescue_10,1,0.945,0.98,0.07496317,0.035,0.6791836734693877,0.02942930418565418,2.875
0,imagenet,low_score_rescue_10,100,foreground_rescue_10,2,0.95,0.98,0.08855888,0.03,0.6791836734693877,0.02942930418565418,2.875
0,imagenet,low_score_rescue_10,100,foreground_rescue_10,3,0.95,0.98,0.08085821,0.03,0.6791836734693877,0.02942930418565418,2.875
0,imagenet,low_score_rescue_10,100,foreground_rescue_10,4,0.945,0.98,0.09380282,0.035,0.6791836734693877,0.02942930418565418,2.875
0,imagenet,low_score_rescue_10,100,low_score_rescue_10,0,0.94,0.98,0.07160482,0.045,0.7169897959183673,0.10881459124053026,10.0
0,imagenet,low_score_rescue_10,100,low_score_rescue_10,1,0.94,0.98,0.079105414,0.045,0.717091836734694,0.10761124681990263,10.0
0,imagenet,low_score_rescue_10,100,low_score_rescue_10,2,0.935,0.98,0.08529667,0.045,0.7168877551020408,0.10780162504043676,10.0
0,imagenet,low_score_rescue_10,100,low_score_rescue_10,3,0.95,0.98,0.070692085,0.035,0.7164285714285714,0.10683278389375143,10.0
0,imagenet,low_score_rescue_10,100,low_score_rescue_10,4,0.945,0.98,0.09693071,0.04,0.7167346938775511,0.10802456814026132,10.0
0,imagenet,low_score_rescue_10,100,random_matched,0,0.94,0.98,0.10859707,0.04,0.7184183673469388,0.1092229703511609,2.875
0,imagenet,low_score_rescue_10,100,random_matched,1,0.945,0.98,0.10009901,0.035,0.7181632653061224,0.10797125867098159,2.875
0,imagenet,low_score_rescue_10,100,random_matched,2,0.94,0.98,0.08580656,0.04,0.7187244897959184,0.10932727636836126,2.875
0,imagenet,low_score_rescue_10,100,random_matched,3,0.95,0.98,0.08623232,0.03,0.7187244897959184,0.1106096592618083,2.875
0,imagenet,low_score_rescue_10,100,random_matched,4,0.945,0.98,0.097583316,0.035,0.7177551020408164,0.10793829390629922,2.875
0,imagenet,random,0,student,0,0.965,0.98,0.049423896,0.015,0.7058673469387755,0.08231790489358617,0.0
0,imagenet,random,0,student,1,0.965,0.98,0.049423896,0.015,0.7058673469387755,0.08231790489358617,0.0
0,imagenet,random,0,student,2,0.965,0.98,0.049423896,0.015,0.7058673469387755,0.08231790489358617,0.0
0,imagenet,random,0,student,3,0.965,0.98,0.049423896,0.015,0.7058673469387755,0.08231790489358617,0.0
0,imagenet,random,0,student,4,0.965,0.98,0.049423896,0.015,0.7058673469387755,0.08231790489358617,0.0
0,imagenet,random,0,random,0,0.95,0.98,0.07085513,0.03,0.8246938775510205,0.48994748795493875,0.0
0,imagenet,random,0,random,1,0.965,0.98,0.06002661,0.02,0.8235204081632653,0.4946262972715817,0.0
0,imagenet,random,0,random,2,0.945,0.98,0.086035594,0.035,0.8219387755102041,0.47777470733476307,0.0
0,imagenet,random,0,random,3,0.93,0.98,0.11281219,0.05,0.822857142857143,0.4756299304983063,0.0
0,imagenet,random,0,random,4,0.945,0.98,0.12285635,0.04,0.8268877551020407,0.5175266882325791,0.0
0,imagenet,random,0,random_rescue_10,0,0.955,0.98,0.07673554,0.03,0.729234693877551,0.1679639018459042,10.0
0,imagenet,random,0,random_rescue_10,1,0.96,0.98,0.05731293,0.02,0.7321428571428572,0.17112982691976839,10.0
0,imagenet,random,0,random_rescue_10,2,0.955,0.98,0.07880971,0.025,0.7311224489795919,0.17162426857917626,10.0
0,imagenet,random,0,random_rescue_10,3,0.955,0.98,0.0690822,0.025,0.7294897959183675,0.17406355448185729,10.0
0,imagenet,random,0,random_rescue_10,4,0.94,0.98,0.09882484,0.04,0.7296428571428573,0.15813417548845027,10.0
0,imagenet,random,0,foreground_rescue_10,0,0.96,0.98,0.052042674,0.02,0.677295918367347,0.025096868132710646,2.8
0,imagenet,random,0,foreground_rescue_10,1,0.96,0.98,0.061706647,0.02,0.677295918367347,0.025096868132710646,2.8
0,imagenet,random,0,foreground_rescue_10,2,0.96,0.98,0.057614543,0.02,0.677295918367347,0.025096868132710646,2.8
0,imagenet,random,0,foreground_rescue_10,3,0.96,0.98,0.062874764,0.02,0.677295918367347,0.025096868132710646,2.8
0,imagenet,random,0,foreground_rescue_10,4,0.96,0.98,0.063759096,0.02,0.677295918367347,0.025096868132710646,2.8
0,imagenet,random,0,low_score_rescue_10,0,0.95,0.98,0.07409613,0.03,0.7128571428571427,0.09592084560465473,10.0
0,imagenet,random,0,low_score_rescue_10,1,0.96,0.98,0.048454687,0.02,0.7136734693877551,0.09635290260200267,10.0
0,imagenet,random,0,low_score_rescue_10,2,0.95,0.98,0.061150827,0.03,0.7132142857142857,0.09623877203175696,10.0
0,imagenet,random,0,low_score_rescue_10,3,0.955,0.98,0.07511786,0.025,0.7127551020408163,0.09565284000194518,10.0
0,imagenet,random,0,low_score_rescue_10,4,0.955,0.98,0.06678594,0.025,0.7127551020408163,0.09502717675311124,10.0
0,imagenet,random,0,random_matched,0,0.96,0.98,0.05148281,0.02,0.7163775510204081,0.09909034654213109,2.8
0,imagenet,random,0,random_matched,1,0.965,0.98,0.051132623,0.015,0.7163775510204081,0.10026353536070877,2.8
0,imagenet,random,0,random_matched,2,0.95,0.98,0.06500979,0.03,0.7168877551020408,0.10060035762440128,2.8
0,imagenet,random,0,random_matched,3,0.96,0.98,0.05155242,0.02,0.7167346938775511,0.10205323439281039,2.8
0,imagenet,random,0,random_matched,4,0.955,0.98,0.055842362,0.025,0.7166836734693877,0.09952487927668469,2.8
0,imagenet,random,10,student,0,0.955,0.98,0.06007116,0.025,0.7049489795918368,0.08322334942729757,0.0
0,imagenet,random,10,student,1,0.955,0.98,0.06007116,0.025,0.7049489795918368,0.08322334942729757,0.0
0,imagenet,random,10,student,2,0.955,0.98,0.06007116,0.025,0.7049489795918368,0.08322334942729757,0.0
0,imagenet,random,10,student,3,0.955,0.98,0.06007116,0.025,0.7049489795918368,0.08322334942729757,0.0
0,imagenet,random,10,student,4,0.955,0.98,0.06007116,0.025,0.7049489795918368,0.08322334942729757,0.0
0,imagenet,random,10,random,0,0.95,0.98,0.07085513,0.03,0.8246938775510205,0.48994748795493875,0.0
0,imagenet,random,10,random,1,0.965,0.98,0.06002661,0.02,0.8235204081632653,0.4946262972715817,0.0
0,imagenet,random,10,random,2,0.945,0.98,0.086035594,0.035,0.8219387755102041,0.47777470733476307,0.0
0,imagenet,random,10,random,3,0.93,0.98,0.11281219,0.05,0.822857142857143,0.4756299304983063,0.0
0,imagenet,random,10,random,4,0.945,0.98,0.12285635,0.04,0.8268877551020407,0.5175266882325791,0.0
0,imagenet,random,10,random_rescue_10,0,0.95,0.98,0.06678291,0.03,0.7300510204081633,0.167723598000008,10.0
0,imagenet,random,10,random_rescue_10,1,0.955,0.98,0.06470373,0.025,0.7307653061224489,0.16461448333338874,10.0
0,imagenet,random,10,random_rescue_10,2,0.955,0.98,0.07092918,0.03,0.729642857142857,0.16754518979743993,10.0
0,imagenet,random,10,random_rescue_10,3,0.95,0.98,0.061081048,0.03,0.7306122448979592,0.16445609292754823,10.0
0,imagenet,random,10,random_rescue_10,4,0.945,0.98,0.100805275,0.035,0.729795918367347,0.1764096352149771,10.0
0,imagenet,random,10,foreground_rescue_10,0,0.95,0.98,0.07254322,0.03,0.6771428571428573,0.02582483150695528,2.725
0,imagenet,random,10,foreground_rescue_10,1,0.95,0.98,0.076494016,0.03,0.6771428571428573,0.02582483150695528,2.725
0,imagenet,random,10,foreground_rescue_10,2,0.955,0.98,0.05644253,0.025,0.6771428571428573,0.02582483150695528,2.725
0,imagenet,random,10,foreground_rescue_10,3,0.95,0.98,0.07192197,0.03,0.6771428571428573,0.02582483150695528,2.725
0,imagenet,random,10,foreground_rescue_10,4,0.95,0.98,0.08356356,0.03,0.6771428571428573,0.02582483150695528,2.725
0,imagenet,random,10,low_score_rescue_10,0,0.965,0.98,0.04290597,0.02,0.7120408163265306,0.09721269616495583,10.0
0,imagenet,random,10,low_score_rescue_10,1,0.955,0.98,0.053791698,0.03,0.712704081632653,0.09717323388503202,10.0
0,imagenet,random,10,low_score_rescue_10,2,0.965,0.98,0.041572344,0.02,0.7116326530612244,0.0969794616182298,10.0
0,imagenet,random,10,low_score_rescue_10,3,0.97,0.98,0.036916256,0.015,0.7121938775510205,0.09686616822345373,10.0
0,imagenet,random,10,low_score_rescue_10,4,0.96,0.98,0.049321964,0.025,0.7130102040816325,0.09925861977986077,10.0
0,imagenet,random,10,random_matched,0,0.955,0.98,0.05457909,0.025,0.715765306122449,0.10044361414844567,2.725
0,imagenet,random,10,random_matched,1,0.955,0.98,0.06193794,0.025,0.714591836734694,0.09848876287913824,2.725
0,imagenet,random,10,random_matched,2,0.95,0.98,0.065261945,0.03,0.7145408163265308,0.0980974994465466,2.725
0,imagenet,random,10,random_matched,3,0.95,0.98,0.06546906,0.03,0.714795918367347,0.09915110915669226,2.725
0,imagenet,random,10,random_matched,4,0.95,0.98,0.060205534,0.03,0.7137755102040816,0.09619806964488513,2.725
0,imagenet,random,25,student,0,0.94,0.98,0.073724054,0.04,0.7040816326530611,0.08043367897344751,0.0
0,imagenet,random,25,student,1,0.94,0.98,0.073724054,0.04,0.7040816326530611,0.08043367897344751,0.0
0,imagenet,random,25,student,2,0.94,0.98,0.073724054,0.04,0.7040816326530611,0.08043367897344751,0.0
0,imagenet,random,25,student,3,0.94,0.98,0.073724054,0.04,0.7040816326530611,0.08043367897344751,0.0
0,imagenet,random,25,student,4,0.94,0.98,0.073724054,0.04,0.7040816326530611,0.08043367897344751,0.0
0,imagenet,random,25,random,0,0.95,0.98,0.07085513,0.03,0.8246938775510205,0.48994748795493875,0.0
0,imagenet,random,25,random,1,0.965,0.98,0.06002661,0.02,0.8235204081632653,0.4946262972715817,0.0
0,imagenet,random,25,random,2,0.945,0.98,0.086035594,0.035,0.8219387755102041,0.47777470733476307,0.0
0,imagenet,random,25,random,3,0.93,0.98,0.11281219,0.05,0.822857142857143,0.4756299304983063,0.0
0,imagenet,random,25,random,4,0.945,0.98,0.12285635,0.04,0.8268877551020407,0.5175266882325791,0.0
0,imagenet,random,25,random_rescue_10,0,0.955,0.98,0.040267363,0.025,0.7307142857142856,0.18429756445294088,10.0
0,imagenet,random,25,random_rescue_10,1,0.945,0.98,0.076686956,0.035,0.7280612244897959,0.1599457539279888,10.0
0,imagenet,random,25,random_rescue_10,2,0.945,0.98,0.06139394,0.035,0.7296938775510204,0.163229737310213,10.0
0,imagenet,random,25,random_rescue_10,3,0.96,0.98,0.050502777,0.02,0.7292857142857143,0.1656983020887046,10.0
0,imagenet,random,25,random_rescue_10,4,0.935,0.98,0.08287406,0.045,0.7288265306122449,0.17349525973538574,10.0
0,imagenet,random,25,foreground_rescue_10,0,0.935,0.98,0.09383945,0.045,0.6766326530612244,0.024963763059883994,2.69
0,imagenet,random,25,foreground_rescue_10,1,0.935,0.98,0.079833955,0.045,0.6766326530612244,0.024963763059883994,2.69
0,imagenet,random,25,foreground_rescue_10,2,0.94,0.98,0.066403724,0.04,0.6766326530612244,0.024963763059883994,2.69
0,imagenet,random,25,foreground_rescue_10,3,0.94,0.98,0.07257231,0.04,0.6766326530612244,0.024963763059883994,2.69
0,imagenet,random,25,foreground_rescue_10,4,0.94,0.98,0.07573588,0.04,0.6766326530612244,0.024963763059883994,2.69
0,imagenet,random,25,low_score_rescue_10,0,0.94,0.98,0.06498491,0.045,0.7107142857142857,0.09297196956717207,10.0
0,imagenet,random,25,low_score_rescue_10,1,0.945,0.98,0.04756801,0.035,0.7107653061224489,0.09312355383894606,10.0
0,imagenet,random,25,low_score_rescue_10,2,0.95,0.98,0.05763725,0.035,0.7101530612244897,0.09234192325777293,10.0
0,imagenet,random,25,low_score_rescue_10,3,0.96,0.98,0.043683168,0.02,0.7110204081632654,0.09395698123776615,10.0
0,imagenet,random,25,low_score_rescue_10,4,0.94,0.98,0.088493064,0.04,0.7108673469387756,0.09404027921646693,10.0
0,imagenet,random,25,random_matched,0,0.94,0.98,0.07475741,0.04,0.714234693877551,0.09721904264999993,2.69
0,imagenet,random,25,random_matched,1,0.95,0.98,0.06503126,0.03,0.7150510204081633,0.09810857216402566,2.69
0,imagenet,random,25,random_matched,2,0.935,0.98,0.092210084,0.045,0.7145408163265305,0.09927174885316341,2.69
0,imagenet,random,25,random_matched,3,0.935,0.98,0.074753694,0.045,0.715,0.09902334904512372,2.69
0,imagenet,random,25,random_matched,4,0.945,0.98,0.07361255,0.035,0.7132142857142857,0.09593824183686442,2.69
0,imagenet,random,50,student,0,0.955,0.98,0.056786694,0.025,0.7085204081632653,0.09043565060964394,0.0
0,imagenet,random,50,student,1,0.955,0.98,0.056786694,0.025,0.7085204081632653,0.09043565060964394,0.0
0,imagenet,random,50,student,2,0.955,0.98,0.056786694,0.025,0.7085204081632653,0.09043565060964394,0.0
0,imagenet,random,50,student,3,0.955,0.98,0.056786694,0.025,0.7085204081632653,0.09043565060964394,0.0
0,imagenet,random,50,student,4,0.955,0.98,0.056786694,0.025,0.7085204081632653,0.09043565060964394,0.0
0,imagenet,random,50,random,0,0.95,0.98,0.07085513,0.03,0.8246938775510205,0.48994748795493875,0.0
0,imagenet,random,50,random,1,0.965,0.98,0.06002661,0.02,0.8235204081632653,0.4946262972715817,0.0
0,imagenet,random,50,random,2,0.945,0.98,0.086035594,0.035,0.8219387755102041,0.47777470733476307,0.0
0,imagenet,random,50,random,3,0.93,0.98,0.11281219,0.05,0.822857142857143,0.4756299304983063,0.0
0,imagenet,random,50,random,4,0.945,0.98,0.12285635,0.04,0.8268877551020407,0.5175266882325791,0.0
0,imagenet,random,50,random_rescue_10,0,0.955,0.98,0.061381437,0.025,0.732704081632653,0.17271622413014032,10.0
0,imagenet,random,50,random_rescue_10,1,0.955,0.98,0.07245949,0.025,0.7333163265306122,0.16416070618713638,10.0
0,imagenet,random,50,random_rescue_10,2,0.965,0.98,0.063835524,0.02,0.7326020408163265,0.17548070193732243,10.0
0,imagenet,random,50,random_rescue_10,3,0.95,0.98,0.06507551,0.03,0.7335714285714287,0.1740625652865078,10.0
0,imagenet,random,50,random_rescue_10,4,0.955,0.98,0.07422517,0.025,0.7316836734693878,0.1663588382254292,10.0
0,imagenet,random,50,foreground_rescue_10,0,0.95,0.98,0.057965353,0.03,0.6792346938775511,0.028683860504874023,2.87
0,imagenet,random,50,foreground_rescue_10,1,0.95,0.98,0.056396667,0.03,0.6792346938775511,0.028683860504874023,2.87
0,imagenet,random,50,foreground_rescue_10,2,0.95,0.98,0.05921316,0.03,0.6792346938775511,0.028683860504874023,2.87
0,imagenet,random,50,foreground_rescue_10,3,0.955,0.98,0.052275646,0.025,0.6792346938775511,0.028683860504874023,2.87
0,imagenet,random,50,foreground_rescue_10,4,0.95,0.98,0.054146506,0.03,0.6792346938775511,0.028683860504874023,2.87
0,imagenet,random,50,low_score_rescue_10,0,0.955,0.98,0.044246074,0.03,0.7163775510204081,0.1066297709167268,10.0
0,imagenet,random,50,low_score_rescue_10,1,0.975,0.98,0.025079124,0.01,0.7165306122448979,0.1058982524624475,10.0
0,imagenet,random,50,low_score_rescue_10,2,0.96,0.98,0.05073863,0.025,0.7157142857142855,0.10504296800774124,10.0
0,imagenet,random,50,low_score_rescue_10,3,0.955,0.98,0.04186954,0.025,0.7155102040816326,0.10423718049429706,10.0
0,imagenet,random,50,low_score_rescue_10,4,0.955,0.98,0.044389244,0.03,0.7163265306122448,0.10729215083504481,10.0
0,imagenet,random,50,random_matched,0,0.95,0.98,0.046083346,0.03,0.718469387755102,0.1081324320876689,2.87
0,imagenet,random,50,random_matched,1,0.95,0.98,0.050957583,0.03,0.7182142857142857,0.10710312419871677,2.87
0,imagenet,random,50,random_matched,2,0.95,0.98,0.048481684,0.03,0.7184183673469388,0.1071432924258456,2.87
0,imagenet,random,50,random_matched,3,0.945,0.98,0.06360673,0.035,0.7180612244897958,0.10558437915277176,2.87
0,imagenet,random,50,random_matched,4,0.95,0.98,0.04366268,0.03,0.7181632653061224,0.10751635504788552,2.87
0,imagenet,random,75,student,0,0.96,0.98,0.04592648,0.025,0.7075,0.08576951869956481,0.0
0,imagenet,random,75,student,1,0.96,0.98,0.04592648,0.025,0.7075,0.08576951869956481,0.0
0,imagenet,random,75,student,2,0.96,0.98,0.04592648,0.025,0.7075,0.08576951869956481,0.0
0,imagenet,random,75,student,3,0.96,0.98,0.04592648,0.025,0.7075,0.08576951869956481,0.0
0,imagenet,random,75,student,4,0.96,0.98,0.04592648,0.025,0.7075,0.08576951869956481,0.0
0,imagenet,random,75,random,0,0.95,0.98,0.07085513,0.03,0.8246938775510205,0.48994748795493875,0.0
0,imagenet,random,75,random,1,0.965,0.98,0.06002661,0.02,0.8235204081632653,0.4946262972715817,0.0
0,imagenet,random,75,random,2,0.945,0.98,0.086035594,0.035,0.8219387755102041,0.47777470733476307,0.0
0,imagenet,random,75,random,3,0.93,0.98,0.11281219,0.05,0.822857142857143,0.4756299304983063,0.0
0,imagenet,random,75,random,4,0.945,0.98,0.12285635,0.04,0.8268877551020407,0.5175266882325791,0.0
0,imagenet,random,75,random_rescue_10,0,0.955,0.98,0.051253647,0.03,0.7314795918367346,0.17517096250100223,10.0
0,imagenet,random,75,random_rescue_10,1,0.95,0.98,0.080787905,0.03,0.7317346938775509,0.16931626992285426,10.0
0,imagenet,random,75,random_rescue_10,2,0.965,0.98,0.05103503,0.02,0.7325,0.1667390961063265,10.0
0,imagenet,random,75,random_rescue_10,3,0.955,0.98,0.06599069,0.03,0.7317346938775511,0.1670327013657066,10.0
0,imagenet,random,75,random_rescue_10,4,0.945,0.98,0.082712285,0.035,0.7314285714285714,0.17653689130642916,10.0
0,imagenet,random,75,foreground_rescue_10,0,0.965,0.98,0.035646025,0.02,0.6786734693877551,0.027857395059194306,2.825
0,imagenet,random,75,foreground_rescue_10,1,0.96,0.98,0.054780256,0.025,0.6786734693877551,0.027857395059194306,2.825
0,imagenet,random,75,foreground_rescue_10,2,0.96,0.98,0.040858094,0.025,0.6786734693877551,0.027857395059194306,2.825
0,imagenet,random,75,foreground_rescue_10,3,0.96,0.98,0.055672817,0.025,0.6786734693877551,0.027857395059194306,2.825
0,imagenet,random,75,foreground_rescue_10,4,0.965,0.98,0.03684401,0.02,0.6786734693877551,0.027857395059194306,2.825
0,imagenet,random,75,low_score_rescue_10,0,0.95,0.98,0.06085628,0.035,0.7156632653061223,0.10212255140656146,10.0
0,imagenet,random,75,low_score_rescue_10,1,0.95,0.98,0.040834974,0.035,0.7163265306122448,0.10347430104852932,10.0
0,imagenet,random,75,low_score_rescue_10,2,0.955,0.98,0.050252937,0.03,0.7156632653061226,0.10172347536139943,10.0
0,imagenet,random,75,low_score_rescue_10,3,0.95,0.98,0.045045644,0.03,0.7162755102040816,0.10312410808766985,10.0
0,imagenet,random,75,low_score_rescue_10,4,0.955,0.98,0.047695894,0.03,0.7161224489795919,0.10263814049083878,10.0
0,imagenet,random,75,random_matched,0,0.96,0.98,0.06250407,0.025,0.7173979591836734,0.1029016587676465,2.825
0,imagenet,random,75,random_matched,1,0.965,0.98,0.039315462,0.02,0.7171428571428572,0.10196485543352679,2.825
0,imagenet,random,75,random_matched,2,0.96,0.98,0.05382655,0.025,0.716887755102041,0.10155243963438014,2.825
0,imagenet,random,75,random_matched,3,0.96,0.98,0.061851107,0.025,0.717091836734694,0.10159687007765046,2.825
0,imagenet,random,75,random_matched,4,0.955,0.98,0.06335042,0.03,0.7156122448979592,0.09930929270716987,2.825
0,imagenet,random,100,student,0,0.96,0.98,0.059982948,0.025,0.7068367346938775,0.08360773498370325,0.0
0,imagenet,random,100,student,1,0.96,0.98,0.059982948,0.025,0.7068367346938775,0.08360773498370325,0.0
0,imagenet,random,100,student,2,0.96,0.98,0.059982948,0.025,0.7068367346938775,0.08360773498370325,0.0
0,imagenet,random,100,student,3,0.96,0.98,0.059982948,0.025,0.7068367346938775,0.08360773498370325,0.0
0,imagenet,random,100,student,4,0.96,0.98,0.059982948,0.025,0.7068367346938775,0.08360773498370325,0.0
0,imagenet,random,100,random,0,0.95,0.98,0.07085513,0.03,0.8246938775510205,0.48994748795493875,0.0
0,imagenet,random,100,random,1,0.965,0.98,0.06002661,0.02,0.8235204081632653,0.4946262972715817,0.0
0,imagenet,random,100,random,2,0.945,0.98,0.086035594,0.035,0.8219387755102041,0.47777470733476307,0.0
0,imagenet,random,100,random,3,0.93,0.98,0.11281219,0.05,0.822857142857143,0.4756299304983063,0.0
0,imagenet,random,100,random,4,0.945,0.98,0.12285635,0.04,0.8268877551020407,0.5175266882325791,0.0
0,imagenet,random,100,random_rescue_10,0,0.97,0.98,0.055679675,0.015,0.7310714285714286,0.16965106302121424,10.0
0,imagenet,random,100,random_rescue_10,1,0.96,0.98,0.056557484,0.025,0.7326020408163265,0.17340228649288256,10.0
0,imagenet,random,100,random_rescue_10,2,0.95,0.98,0.0891455,0.035,0.7315816326530612,0.16435288701549836,10.0
0,imagenet,random,100,random_rescue_10,3,0.95,0.98,0.059185676,0.03,0.7303061224489795,0.16344294739055976,10.0
0,imagenet,random,100,random_rescue_10,4,0.955,0.98,0.054337114,0.025,0.730765306122449,0.16999980472891515,10.0
0,imagenet,random,100,foreground_rescue_10,0,0.965,0.98,0.042352274,0.02,0.6787755102040817,0.027851007637175632,2.75
0,imagenet,random,100,foreground_rescue_10,1,0.96,0.98,0.057326898,0.025,0.6787755102040817,0.027851007637175632,2.75
0,imagenet,random,100,foreground_rescue_10,2,0.96,0.98,0.065535516,0.025,0.6787755102040817,0.027851007637175632,2.75
0,imagenet,random,100,foreground_rescue_10,3,0.965,0.98,0.04211852,0.02,0.6787755102040817,0.027851007637175632,2.75
0,imagenet,random,100,foreground_rescue_10,4,0.955,0.98,0.056399755,0.03,0.6787755102040817,0.027851007637175632,2.75
0,imagenet,random,100,low_score_rescue_10,0,0.94,0.98,0.06439452,0.04,0.7148469387755102,0.09852141866520246,10.0
0,imagenet,random,100,low_score_rescue_10,1,0.96,0.98,0.037723597,0.02,0.7145408163265308,0.09852453506052526,10.0
0,imagenet,random,100,low_score_rescue_10,2,0.95,0.98,0.060469106,0.035,0.7148469387755102,0.09811809933316785,10.0
0,imagenet,random,100,low_score_rescue_10,3,0.945,0.98,0.07792995,0.04,0.7147448979591836,0.09805283323609622,10.0
0,imagenet,random,100,low_score_rescue_10,4,0.965,0.98,0.033705328,0.02,0.7151020408163266,0.09877000021388051,10.0
0,imagenet,random,100,random_matched,0,0.965,0.98,0.051470045,0.02,0.7171938775510205,0.10078669738437235,2.75
0,imagenet,random,100,random_matched,1,0.96,0.98,0.042287525,0.025,0.7170408163265306,0.1017911236703818,2.75
0,imagenet,random,100,random_matched,2,0.955,0.98,0.052204162,0.03,0.7160714285714286,0.09950820189847116,2.75
0,imagenet,random,100,random_matched,3,0.965,0.98,0.037979472,0.02,0.7175510204081632,0.10156058511123095,2.75
0,imagenet,random,100,random_matched,4,0.965,0.98,0.036582153,0.02,0.7152551020408162,0.0979086260968147,2.75
0,imagenet,random_rescue_10,0,student,0,0.965,0.98,0.049423896,0.015,0.7058673469387755,0.08231790489358617,0.0
0,imagenet,random_rescue_10,0,student,1,0.965,0.98,0.049423896,0.015,0.7058673469387755,0.08231790489358617,0.0
0,imagenet,random_rescue_10,0,student,2,0.965,0.98,0.049423896,0.015,0.7058673469387755,0.08231790489358617,0.0
0,imagenet,random_rescue_10,0,student,3,0.965,0.98,0.049423896,0.015,0.7058673469387755,0.08231790489358617,0.0
0,imagenet,random_rescue_10,0,student,4,0.965,0.98,0.049423896,0.015,0.7058673469387755,0.08231790489358617,0.0
0,imagenet,random_rescue_10,0,random,0,0.95,0.98,0.07085513,0.03,0.8246938775510205,0.48994748795493875,0.0
0,imagenet,random_rescue_10,0,random,1,0.965,0.98,0.06002661,0.02,0.8235204081632653,0.4946262972715817,0.0
0,imagenet,random_rescue_10,0,random,2,0.945,0.98,0.086035594,0.035,0.8219387755102041,0.47777470733476307,0.0
0,imagenet,random_rescue_10,0,random,3,0.93,0.98,0.11281219,0.05,0.822857142857143,0.4756299304983063,0.0
0,imagenet,random_rescue_10,0,random,4,0.945,0.98,0.12285635,0.04,0.8268877551020407,0.5175266882325791,0.0
0,imagenet,random_rescue_10,0,random_rescue_10,0,0.955,0.98,0.07673554,0.03,0.729234693877551,0.1679639018459042,10.0
0,imagenet,random_rescue_10,0,random_rescue_10,1,0.96,0.98,0.05731293,0.02,0.7321428571428572,0.17112982691976839,10.0
0,imagenet,random_rescue_10,0,random_rescue_10,2,0.955,0.98,0.07880971,0.025,0.7311224489795919,0.17162426857917626,10.0
0,imagenet,random_rescue_10,0,random_rescue_10,3,0.955,0.98,0.0690822,0.025,0.7294897959183675,0.17406355448185729,10.0
0,imagenet,random_rescue_10,0,random_rescue_10,4,0.94,0.98,0.09882484,0.04,0.7296428571428573,0.15813417548845027,10.0
0,imagenet,random_rescue_10,0,foreground_rescue_10,0,0.96,0.98,0.052042674,0.02,0.677295918367347,0.025096868132710646,2.8
0,imagenet,random_rescue_10,0,foreground_rescue_10,1,0.96,0.98,0.061706647,0.02,0.677295918367347,0.025096868132710646,2.8
0,imagenet,random_rescue_10,0,foreground_rescue_10,2,0.96,0.98,0.057614543,0.02,0.677295918367347,0.025096868132710646,2.8
0,imagenet,random_rescue_10,0,foreground_rescue_10,3,0.96,0.98,0.062874764,0.02,0.677295918367347,0.025096868132710646,2.8
0,imagenet,random_rescue_10,0,foreground_rescue_10,4,0.96,0.98,0.063759096,0.02,0.677295918367347,0.025096868132710646,2.8
0,imagenet,random_rescue_10,0,low_score_rescue_10,0,0.95,0.98,0.07409613,0.03,0.7128571428571427,0.09592084560465473,10.0
0,imagenet,random_rescue_10,0,low_score_rescue_10,1,0.96,0.98,0.048454687,0.02,0.7136734693877551,0.09635290260200267,10.0
0,imagenet,random_rescue_10,0,low_score_rescue_10,2,0.95,0.98,0.061150827,0.03,0.7132142857142857,0.09623877203175696,10.0
0,imagenet,random_rescue_10,0,low_score_rescue_10,3,0.955,0.98,0.07511786,0.025,0.7127551020408163,0.09565284000194518,10.0
0,imagenet,random_rescue_10,0,low_score_rescue_10,4,0.955,0.98,0.06678594,0.025,0.7127551020408163,0.09502717675311124,10.0
0,imagenet,random_rescue_10,0,random_matched,0,0.96,0.98,0.05148281,0.02,0.7163775510204081,0.09909034654213109,2.8
0,imagenet,random_rescue_10,0,random_matched,1,0.965,0.98,0.051132623,0.015,0.7163775510204081,0.10026353536070877,2.8
0,imagenet,random_rescue_10,0,random_matched,2,0.95,0.98,0.06500979,0.03,0.7168877551020408,0.10060035762440128,2.8
0,imagenet,random_rescue_10,0,random_matched,3,0.96,0.98,0.05155242,0.02,0.7167346938775511,0.10205323439281039,2.8
0,imagenet,random_rescue_10,0,random_matched,4,0.955,0.98,0.055842362,0.025,0.7166836734693877,0.09952487927668469,2.8
0,imagenet,random_rescue_10,10,student,0,0.95,0.98,0.0726071,0.035,0.7064795918367346,0.08857490862035833,0.0
0,imagenet,random_rescue_10,10,student,1,0.95,0.98,0.0726071,0.035,0.7064795918367346,0.08857490862035833,0.0
0,imagenet,random_rescue_10,10,student,2,0.95,0.98,0.0726071,0.035,0.7064795918367346,0.08857490862035833,0.0
0,imagenet,random_rescue_10,10,student,3,0.95,0.98,0.0726071,0.035,0.7064795918367346,0.08857490862035833,0.0
0,imagenet,random_rescue_10,10,student,4,0.95,0.98,0.0726071,0.035,0.7064795918367346,0.08857490862035833,0.0
0,imagenet,random_rescue_10,10,random,0,0.95,0.98,0.07085513,0.03,0.8246938775510205,0.48994748795493875,0.0
0,imagenet,random_rescue_10,10,random,1,0.965,0.98,0.06002661,0.02,0.8235204081632653,0.4946262972715817,0.0
0,imagenet,random_rescue_10,10,random,2,0.945,0.98,0.086035594,0.035,0.8219387755102041,0.47777470733476307,0.0
0,imagenet,random_rescue_10,10,random,3,0.93,0.98,0.11281219,0.05,0.822857142857143,0.4756299304983063,0.0
0,imagenet,random_rescue_10,10,random,4,0.945,0.98,0.12285635,0.04,0.8268877551020407,0.5175266882325791,0.0
0,imagenet,random_rescue_10,10,random_rescue_10,0,0.945,0.98,0.082715146,0.04,0.7321428571428572,0.19504305028088625,10.0
0,imagenet,random_rescue_10,10,random_rescue_10,1,0.945,0.98,0.099663965,0.04,0.7320408163265307,0.16685239036112534,10.0
0,imagenet,random_rescue_10,10,random_rescue_10,2,0.955,0.98,0.074978724,0.03,0.7307142857142856,0.16671803207749425,10.0
0,imagenet,random_rescue_10,10,random_rescue_10,3,0.955,0.98,0.073941395,0.03,0.7328061224489797,0.18273745356554566,10.0
0,imagenet,random_rescue_10,10,random_rescue_10,4,0.955,0.98,0.056790918,0.03,0.7308163265306123,0.16669469627910619,10.0
0,imagenet,random_rescue_10,10,foreground_rescue_10,0,0.955,0.98,0.07088229,0.03,0.6780102040816325,0.02687322305289618,2.79
0,imagenet,random_rescue_10,10,foreground_rescue_10,1,0.95,0.98,0.10198147,0.035,0.6780102040816325,0.02687322305289618,2.79
0,imagenet,random_rescue_10,10,foreground_rescue_10,2,0.955,0.98,0.072889455,0.03,0.6780102040816325,0.02687322305289618,2.79
0,imagenet,random_rescue_10,10,foreground_rescue_10,3,0.95,0.98,0.08966767,0.035,0.6780102040816325,0.02687322305289618,2.79
0,imagenet,random_rescue_10,10,foreground_rescue_10,4,0.95,0.98,0.08825701,0.035,0.6780102040816325,0.02687322305289618,2.79
0,imagenet,random_rescue_10,10,low_score_rescue_10,0,0.95,0.98,0.07754772,0.035,0.7148979591836735,0.10499313828793089,10.0
0,imagenet,random_rescue_10,10,low_score_rescue_10,1,0.96,0.98,0.058824945,0.03,0.7149489795918368,0.1046009423037973,10.0
0,imagenet,random_rescue_10,10,low_score_rescue_10,2,0.96,0.98,0.05479487,0.025,0.7145918367346937,0.10565940472286499,10.0
0,imagenet,random_rescue_10,10,low_score_rescue_10,3,0.955,0.98,0.06992187,0.03,0.714795918367347,0.10583824298936227,10.0
0,imagenet,random_rescue_10,10,low_score_rescue_10,4,0.965,0.98,0.060370177,0.02,0.714795918367347,0.10593616156137181,10.0
0,imagenet,random_rescue_10,10,random_matched,0,0.955,0.98,0.07284911,0.03,0.7167857142857144,0.10490944470371126,2.79
0,imagenet,random_rescue_10,10,random_matched,1,0.96,0.98,0.06699766,0.025,0.7161224489795919,0.10528644456929862,2.79
0,imagenet,random_rescue_10,10,random_matched,2,0.96,0.98,0.063927524,0.025,0.7168877551020408,0.10603604492432964,2.79
0,imagenet,random_rescue_10,10,random_matched,3,0.955,0.98,0.073522225,0.03,0.715561224489796,0.10356750528003786,2.79
0,imagenet,random_rescue_10,10,random_matched,4,0.965,0.98,0.06551552,0.02,0.7159183673469387,0.10371169878875015,2.79
0,imagenet,random_rescue_10,25,student,0,0.945,0.98,0.0753312,0.04,0.7090306122448979,0.09528929592994058,0.0
0,imagenet,random_rescue_10,25,student,1,0.945,0.98,0.0753312,0.04,0.7090306122448979,0.09528929592994058,0.0
0,imagenet,random_rescue_10,25,student,2,0.945,0.98,0.0753312,0.04,0.7090306122448979,0.09528929592994058,0.0
0,imagenet,random_rescue_10,25,student,3,0.945,0.98,0.0753312,0.04,0.7090306122448979,0.09528929592994058,0.0
0,imagenet,random_rescue_10,25,student,4,0.945,0.98,0.0753312,0.04,0.7090306122448979,0.09528929592994058,0.0
0,imagenet,random_rescue_10,25,random,0,0.95,0.98,0.07085513,0.03,0.8246938775510205,0.48994748795493875,0.0
0,imagenet,random_rescue_10,25,random,1,0.965,0.98,0.06002661,0.02,0.8235204081632653,0.4946262972715817,0.0
0,imagenet,random_rescue_10,25,random,2,0.945,0.98,0.086035594,0.035,0.8219387755102041,0.47777470733476307,0.0
0,imagenet,random_rescue_10,25,random,3,0.93,0.98,0.11281219,0.05,0.822857142857143,0.4756299304983063,0.0
0,imagenet,random_rescue_10,25,random,4,0.945,0.98,0.12285635,0.04,0.8268877551020407,0.5175266882325791,0.0
0,imagenet,random_rescue_10,25,random_rescue_10,0,0.965,0.98,0.056263264,0.02,0.7324489795918367,0.1813690702469659,10.0
0,imagenet,random_rescue_10,25,random_rescue_10,1,0.945,0.98,0.084839776,0.04,0.7328571428571431,0.1903137391098913,10.0
0,imagenet,random_rescue_10,25,random_rescue_10,2,0.95,0.98,0.062013883,0.03,0.7334183673469389,0.1832611139225244,10.0
0,imagenet,random_rescue_10,25,random_rescue_10,3,0.965,0.98,0.055901412,0.025,0.7331122448979592,0.1703499065519075,10.0
0,imagenet,random_rescue_10,25,random_rescue_10,4,0.945,0.98,0.07862591,0.035,0.7323469387755103,0.17428399208964357,10.0
0,imagenet,random_rescue_10,25,foreground_rescue_10,0,0.95,0.98,0.058499493,0.035,0.6785204081632653,0.027946590205108354,2.99
0,imagenet,random_rescue_10,25,foreground_rescue_10,1,0.96,0.98,0.05928665,0.025,0.6785204081632653,0.027946590205108354,2.99
0,imagenet,random_rescue_10,25,foreground_rescue_10,2,0.96,0.98,0.0582099,0.025,0.6785204081632653,0.027946590205108354,2.99
0,imagenet,random_rescue_10,25,foreground_rescue_10,3,0.95,0.98,0.071008295,0.035,0.6785204081632653,0.027946590205108354,2.99
0,imagenet,random_rescue_10,25,foreground_rescue_10,4,0.96,0.98,0.05866457,0.025,0.6785204081632653,0.027946590205108354,2.99
0,imagenet,random_rescue_10,25,low_score_rescue_10,0,0.935,0.98,0.09708025,0.045,0.7162755102040816,0.10963237168557775,10.0
0,imagenet,random_rescue_10,25,low_score_rescue_10,1,0.95,0.98,0.0745128,0.03,0.7157142857142859,0.10993757551439724,10.0
0,imagenet,random_rescue_10,25,low_score_rescue_10,2,0.935,0.98,0.10682287,0.05,0.715204081632653,0.10831093844766554,10.0
0,imagenet,random_rescue_10,25,low_score_rescue_10,3,0.935,0.98,0.105917715,0.045,0.7149489795918368,0.10698878580860936,10.0
0,imagenet,random_rescue_10,25,low_score_rescue_10,4,0.94,0.98,0.10995746,0.045,0.7159183673469388,0.11020314787963637,10.0
0,imagenet,random_rescue_10,25,random_matched,0,0.95,0.98,0.08053255,0.035,0.720408163265306,0.11463119076035429,2.99
0,imagenet,random_rescue_10,25,random_matched,1,0.95,0.98,0.07312407,0.035,0.7194897959183674,0.11310706438723866,2.99
0,imagenet,random_rescue_10,25,random_matched,2,0.94,0.98,0.10181261,0.045,0.7186734693877551,0.11086888584351233,2.99
0,imagenet,random_rescue_10,25,random_matched,3,0.945,0.98,0.08289916,0.04,0.7189285714285714,0.11193589656360883,2.99
0,imagenet,random_rescue_10,25,random_matched,4,0.95,0.98,0.08477436,0.035,0.7183673469387756,0.11183693699499783,2.99
0,imagenet,random_rescue_10,50,student,0,0.95,0.98,0.067873865,0.03,0.7090816326530613,0.09314778817381146,0.0
0,imagenet,random_rescue_10,50,student,1,0.95,0.98,0.067873865,0.03,0.7090816326530613,0.09314778817381146,0.0
0,imagenet,random_rescue_10,50,student,2,0.95,0.98,0.067873865,0.03,0.7090816326530613,0.09314778817381146,0.0
0,imagenet,random_rescue_10,50,student,3,0.95,0.98,0.067873865,0.03,0.7090816326530613,0.09314778817381146,0.0
0,imagenet,random_rescue_10,50,student,4,0.95,0.98,0.067873865,0.03,0.7090816326530613,0.09314778817381146,0.0
0,imagenet,random_rescue_10,50,random,0,0.95,0.98,0.07085513,0.03,0.8246938775510205,0.48994748795493875,0.0
0,imagenet,random_rescue_10,50,random,1,0.965,0.98,0.06002661,0.02,0.8235204081632653,0.4946262972715817,0.0
0,imagenet,random_rescue_10,50,random,2,0.945,0.98,0.086035594,0.035,0.8219387755102041,0.47777470733476307,0.0
0,imagenet,random_rescue_10,50,random,3,0.93,0.98,0.11281219,0.05,0.822857142857143,0.4756299304983063,0.0
0,imagenet,random_rescue_10,50,random,4,0.945,0.98,0.12285635,0.04,0.8268877551020407,0.5175266882325791,0.0
0,imagenet,random_rescue_10,50,random_rescue_10,0,0.945,0.98,0.092065275,0.035,0.7331122448979592,0.18570360240628758,10.0
0,imagenet,random_rescue_10,50,random_rescue_10,1,0.96,0.98,0.058033947,0.025,0.7328061224489795,0.16744929625920774,10.0
0,imagenet,random_rescue_10,50,random_rescue_10,2,0.965,0.98,0.05578063,0.025,0.7334183673469389,0.17949729539586426,10.0
0,imagenet,random_rescue_10,50,random_rescue_10,3,0.955,0.98,0.070702665,0.03,0.7336734693877551,0.18022879850584256,10.0
0,imagenet,random_rescue_10,50,random_rescue_10,4,0.955,0.98,0.06449047,0.03,0.7331122448979592,0.18347409287381372,10.0
0,imagenet,random_rescue_10,50,foreground_rescue_10,0,0.95,0.98,0.058070116,0.03,0.6788775510204081,0.0280102823680705,2.96
0,imagenet,random_rescue_10,50,foreground_rescue_10,1,0.945,0.98,0.07665093,0.035,0.6788775510204081,0.0280102823680705,2.96
0,imagenet,random_rescue_10,50,foreground_rescue_10,2,0.945,0.98,0.06853154,0.035,0.6788775510204081,0.0280102823680705,2.96
0,imagenet,random_rescue_10,50,foreground_rescue_10,3,0.94,0.98,0.07126091,0.04,0.6788775510204081,0.0280102823680705,2.96
0,imagenet,random_rescue_10,50,foreground_rescue_10,4,0.945,0.98,0.07766655,0.035,0.6788775510204081,0.0280102823680705,2.96
0,imagenet,random_rescue_10,50,low_score_rescue_10,0,0.95,0.98,0.069692105,0.03,0.7170408163265307,0.10884029475704474,10.0
0,imagenet,random_rescue_10,50,low_score_rescue_10,1,0.96,0.98,0.04829737,0.02,0.7171428571428572,0.10946111823594244,10.0
0,imagenet,random_rescue_10,50,low_score_rescue_10,2,0.95,0.98,0.06628799,0.03,0.7168877551020407,0.10978019109370538,10.0
0,imagenet,random_rescue_10,50,low_score_rescue_10,3,0.945,0.98,0.079332836,0.035,0.7161734693877552,0.1072898281575783,10.0
0,imagenet,random_rescue_10,50,low_score_rescue_10,4,0.955,0.98,0.054372016,0.025,0.7161224489795919,0.10760698216774786,10.0
0,imagenet,random_rescue_10,50,random_matched,0,0.945,0.98,0.07155619,0.035,0.7192857142857142,0.10963703279189478,2.96
0,imagenet,random_rescue_10,50,random_matched,1,0.955,0.98,0.059719156,0.025,0.7179591836734693,0.10695986354512521,2.96
0,imagenet,random_rescue_10,50,random_matched,2,0.955,0.98,0.06061264,0.025,0.7186224489795918,0.10981062949318465,2.96
0,imagenet,random_rescue_10,50,random_matched,3,0.945,0.98,0.07800111,0.035,0.7191836734693876,0.11081876584617703,2.96
0,imagenet,random_rescue_10,50,random_matched,4,0.96,0.98,0.05200662,0.02,0.717704081632653,0.10894552745183275,2.96
0,imagenet,random_rescue_10,75,student,0,0.955,0.98,0.055090923,0.03,0.7076530612244898,0.0886042433958524,0.0
0,imagenet,random_rescue_10,75,student,1,0.955,0.98,0.055090923,0.03,0.7076530612244898,0.0886042433958524,0.0
0,imagenet,random_rescue_10,75,student,2,0.955,0.98,0.055090923,0.03,0.7076530612244898,0.0886042433958524,0.0
0,imagenet,random_rescue_10,75,student,3,0.955,0.98,0.055090923,0.03,0.7076530612244898,0.0886042433958524,0.0
0,imagenet,random_rescue_10,75,student,4,0.955,0.98,0.055090923,0.03,0.7076530612244898,0.0886042433958524,0.0
0,imagenet,random_rescue_10,75,random,0,0.95,0.98,0.07085513,0.03,0.8246938775510205,0.48994748795493875,0.0
0,imagenet,random_rescue_10,75,random,1,0.965,0.98,0.06002661,0.02,0.8235204081632653,0.4946262972715817,0.0
0,imagenet,random_rescue_10,75,random,2,0.945,0.98,0.086035594,0.035,0.8219387755102041,0.47777470733476307,0.0
0,imagenet,random_rescue_10,75,random,3,0.93,0.98,0.11281219,0.05,0.822857142857143,0.4756299304983063,0.0
0,imagenet,random_rescue_10,75,random,4,0.945,0.98,0.12285635,0.04,0.8268877551020407,0.5175266882325791,0.0
0,imagenet,random_rescue_10,75,random_rescue_10,0,0.955,0.98,0.04447603,0.025,0.7304591836734694,0.17433144817199162,10.0
0,imagenet,random_rescue_10,75,random_rescue_10,1,0.97,0.98,0.033907298,0.015,0.7315816326530613,0.16943248115908224,10.0
0,imagenet,random_rescue_10,75,random_rescue_10,2,0.97,0.98,0.03353117,0.015,0.7330102040816326,0.17036633820388014,10.0
0,imagenet,random_rescue_10,75,random_rescue_10,3,0.94,0.98,0.09132579,0.04,0.7310204081632654,0.16868807884939577,10.0
0,imagenet,random_rescue_10,75,random_rescue_10,4,0.965,0.98,0.06759946,0.025,0.7296938775510203,0.166730999406234,10.0
0,imagenet,random_rescue_10,75,foreground_rescue_10,0,0.955,0.98,0.057549983,0.03,0.6777551020408162,0.026868168126210866,2.93
0,imagenet,random_rescue_10,75,foreground_rescue_10,1,0.95,0.98,0.07472032,0.035,0.6777551020408162,0.026868168126210866,2.93
0,imagenet,random_rescue_10,75,foreground_rescue_10,2,0.96,0.98,0.044460535,0.025,0.6777551020408162,0.026868168126210866,2.93
0,imagenet,random_rescue_10,75,foreground_rescue_10,3,0.95,0.98,0.075230844,0.035,0.6777551020408162,0.026868168126210866,2.93
0,imagenet,random_rescue_10,75,foreground_rescue_10,4,0.95,0.98,0.06406437,0.035,0.6777551020408162,0.026868168126210866,2.93
0,imagenet,random_rescue_10,75,low_score_rescue_10,0,0.945,0.98,0.06872888,0.035,0.7163775510204081,0.10704763687167505,10.0
0,imagenet,random_rescue_10,75,low_score_rescue_10,1,0.945,0.98,0.06289675,0.035,0.7162244897959184,0.10645769683855708,10.0
0,imagenet,random_rescue_10,75,low_score_rescue_10,2,0.95,0.98,0.08708749,0.035,0.7157142857142859,0.10546459219528609,10.0
0,imagenet,random_rescue_10,75,low_score_rescue_10,3,0.955,0.98,0.06010766,0.03,0.7164795918367346,0.10748705650327649,10.0
0,imagenet,random_rescue_10,75,low_score_rescue_10,4,0.945,0.98,0.08253748,0.035,0.7167857142857145,0.10679017172305608,10.0
0,imagenet,random_rescue_10,75,random_matched,0,0.96,0.98,0.047336403,0.025,0.7192346938775509,0.10645427004406471,2.93
0,imagenet,random_rescue_10,75,random_matched,1,0.955,0.98,0.049121905,0.03,0.717704081632653,0.10489443382383432,2.93
0,imagenet,random_rescue_10,75,random_matched,2,0.955,0.98,0.04777257,0.03,0.7181632653061224,0.1060129464576974,2.93
0,imagenet,random_rescue_10,75,random_matched,3,0.955,0.98,0.053589888,0.03,0.7180612244897958,0.10693125884027134,2.93
0,imagenet,random_rescue_10,75,random_matched,4,0.955,0.98,0.0610987,0.03,0.7168877551020408,0.10501545243900341,2.93
0,imagenet,random_rescue_10,100,student,0,0.955,0.98,0.043400727,0.03,0.7054591836734693,0.08306310197667795,0.0
0,imagenet,random_rescue_10,100,student,1,0.955,0.98,0.043400727,0.03,0.7054591836734693,0.08306310197667795,0.0
0,imagenet,random_rescue_10,100,student,2,0.955,0.98,0.043400727,0.03,0.7054591836734693,0.08306310197667795,0.0
0,imagenet,random_rescue_10,100,student,3,0.955,0.98,0.043400727,0.03,0.7054591836734693,0.08306310197667795,0.0
0,imagenet,random_rescue_10,100,student,4,0.955,0.98,0.043400727,0.03,0.7054591836734693,0.08306310197667795,0.0
0,imagenet,random_rescue_10,100,random,0,0.95,0.98,0.07085513,0.03,0.8246938775510205,0.48994748795493875,0.0
0,imagenet,random_rescue_10,100,random,1,0.965,0.98,0.06002661,0.02,0.8235204081632653,0.4946262972715817,0.0
0,imagenet,random_rescue_10,100,random,2,0.945,0.98,0.086035594,0.035,0.8219387755102041,0.47777470733476307,0.0
0,imagenet,random_rescue_10,100,random,3,0.93,0.98,0.11281219,0.05,0.822857142857143,0.4756299304983063,0.0
0,imagenet,random_rescue_10,100,random,4,0.945,0.98,0.12285635,0.04,0.8268877551020407,0.5175266882325791,0.0
0,imagenet,random_rescue_10,100,random_rescue_10,0,0.96,0.98,0.042542733,0.025,0.7293367346938774,0.16019224025141504,10.0
0,imagenet,random_rescue_10,100,random_rescue_10,1,0.955,0.98,0.07438634,0.03,0.7297448979591837,0.1632204303124369,10.0
0,imagenet,random_rescue_10,100,random_rescue_10,2,0.965,0.98,0.0474854,0.02,0.729234693877551,0.161492165098582,10.0
0,imagenet,random_rescue_10,100,random_rescue_10,3,0.95,0.98,0.05064785,0.03,0.7313265306122448,0.17032422594991053,10.0
0,imagenet,random_rescue_10,100,random_rescue_10,4,0.96,0.98,0.069906294,0.02,0.7293877551020408,0.16124550070608853,10.0
0,imagenet,random_rescue_10,100,foreground_rescue_10,0,0.955,0.98,0.059473988,0.03,0.6768877551020408,0.02549415187237077,2.8
0,imagenet,random_rescue_10,100,foreground_rescue_10,1,0.955,0.98,0.04654883,0.03,0.6768877551020408,0.02549415187237077,2.8
0,imagenet,random_rescue_10,100,foreground_rescue_10,2,0.955,0.98,0.05064825,0.03,0.6768877551020408,0.02549415187237077,2.8
0,imagenet,random_rescue_10,100,foreground_rescue_10,3,0.96,0.98,0.046901718,0.025,0.6768877551020408,0.02549415187237077,2.8
0,imagenet,random_rescue_10,100,foreground_rescue_10,4,0.96,0.98,0.049080644,0.025,0.6768877551020408,0.02549415187237077,2.8
0,imagenet,random_rescue_10,100,low_score_rescue_10,0,0.95,0.98,0.06803212,0.035,0.712908163265306,0.09778145504326242,10.0
0,imagenet,random_rescue_10,100,low_score_rescue_10,1,0.955,0.98,0.031001711,0.025,0.7137244897959184,0.09927672531882434,10.0
0,imagenet,random_rescue_10,100,low_score_rescue_10,2,0.955,0.98,0.048881512,0.03,0.7137244897959184,0.10024703791206523,10.0
0,imagenet,random_rescue_10,100,low_score_rescue_10,3,0.965,0.98,0.034224592,0.02,0.7135714285714286,0.09911258033180345,10.0
0,imagenet,random_rescue_10,100,low_score_rescue_10,4,0.96,0.98,0.05120195,0.025,0.7133673469387756,0.09779342826919969,10.0
0,imagenet,random_rescue_10,100,random_matched,0,0.955,0.98,0.04265149,0.03,0.7159183673469388,0.09973985607811929,2.8
0,imagenet,random_rescue_10,100,random_matched,1,0.965,0.98,0.047287714,0.02,0.7161734693877552,0.10110839726053653,2.8
0,imagenet,random_rescue_10,100,random_matched,2,0.955,0.98,0.048581,0.03,0.7151530612244897,0.09904517063248502,2.8
0,imagenet,random_rescue_10,100,random_matched,3,0.965,0.98,0.03969544,0.02,0.7159693877551021,0.10144761679827997,2.8
0,imagenet,random_rescue_10,100,random_matched,4,0.955,0.98,0.055808358,0.03,0.714795918367347,0.09763002984988516,2.8
0,imagenet,student,0,student,0,0.965,0.98,0.049423896,0.015,0.7058673469387755,0.08231790489358617,0.0
0,imagenet,student,0,student,1,0.965,0.98,0.049423896,0.015,0.7058673469387755,0.08231790489358617,0.0
0,imagenet,student,0,student,2,0.965,0.98,0.049423896,0.015,0.7058673469387755,0.08231790489358617,0.0
0,imagenet,student,0,student,3,0.965,0.98,0.049423896,0.015,0.7058673469387755,0.08231790489358617,0.0
0,imagenet,student,0,student,4,0.965,0.98,0.049423896,0.015,0.7058673469387755,0.08231790489358617,0.0
0,imagenet,student,0,random,0,0.95,0.98,0.07085513,0.03,0.8246938775510205,0.48994748795493875,0.0
0,imagenet,student,0,random,1,0.965,0.98,0.06002661,0.02,0.8235204081632653,0.4946262972715817,0.0
0,imagenet,student,0,random,2,0.945,0.98,0.086035594,0.035,0.8219387755102041,0.47777470733476307,0.0
0,imagenet,student,0,random,3,0.93,0.98,0.11281219,0.05,0.822857142857143,0.4756299304983063,0.0
0,imagenet,student,0,random,4,0.945,0.98,0.12285635,0.04,0.8268877551020407,0.5175266882325791,0.0
0,imagenet,student,0,random_rescue_10,0,0.955,0.98,0.07673554,0.03,0.729234693877551,0.1679639018459042,10.0
0,imagenet,student,0,random_rescue_10,1,0.96,0.98,0.05731293,0.02,0.7321428571428572,0.17112982691976839,10.0
0,imagenet,student,0,random_rescue_10,2,0.955,0.98,0.07880971,0.025,0.7311224489795919,0.17162426857917626,10.0
0,imagenet,student,0,random_rescue_10,3,0.955,0.98,0.0690822,0.025,0.7294897959183675,0.17406355448185729,10.0
0,imagenet,student,0,random_rescue_10,4,0.94,0.98,0.09882484,0.04,0.7296428571428573,0.15813417548845027,10.0
0,imagenet,student,0,foreground_rescue_10,0,0.96,0.98,0.052042674,0.02,0.677295918367347,0.025096868132710646,2.8
0,imagenet,student,0,foreground_rescue_10,1,0.96,0.98,0.061706647,0.02,0.677295918367347,0.025096868132710646,2.8
0,imagenet,student,0,foreground_rescue_10,2,0.96,0.98,0.057614543,0.02,0.677295918367347,0.025096868132710646,2.8
0,imagenet,student,0,foreground_rescue_10,3,0.96,0.98,0.062874764,0.02,0.677295918367347,0.025096868132710646,2.8
0,imagenet,student,0,foreground_rescue_10,4,0.96,0.98,0.063759096,0.02,0.677295918367347,0.025096868132710646,2.8
0,imagenet,student,0,low_score_rescue_10,0,0.95,0.98,0.07409613,0.03,0.7128571428571427,0.09592084560465473,10.0
0,imagenet,student,0,low_score_rescue_10,1,0.96,0.98,0.048454687,0.02,0.7136734693877551,0.09635290260200267,10.0
0,imagenet,student,0,low_score_rescue_10,2,0.95,0.98,0.061150827,0.03,0.7132142857142857,0.09623877203175696,10.0
0,imagenet,student,0,low_score_rescue_10,3,0.955,0.98,0.07511786,0.025,0.7127551020408163,0.09565284000194518,10.0
0,imagenet,student,0,low_score_rescue_10,4,0.955,0.98,0.06678594,0.025,0.7127551020408163,0.09502717675311124,10.0
0,imagenet,student,0,random_matched,0,0.96,0.98,0.05148281,0.02,0.7163775510204081,0.09909034654213109,2.8
0,imagenet,student,0,random_matched,1,0.965,0.98,0.051132623,0.015,0.7163775510204081,0.10026353536070877,2.8
0,imagenet,student,0,random_matched,2,0.95,0.98,0.06500979,0.03,0.7168877551020408,0.10060035762440128,2.8
0,imagenet,student,0,random_matched,3,0.96,0.98,0.05155242,0.02,0.7167346938775511,0.10205323439281039,2.8
0,imagenet,student,0,random_matched,4,0.955,0.98,0.055842362,0.025,0.7166836734693877,0.09952487927668469,2.8
0,imagenet,student,10,student,0,0.95,0.98,0.07462903,0.035,0.7043367346938776,0.08459679941586704,0.0
0,imagenet,student,10,student,1,0.95,0.98,0.07462903,0.035,0.7043367346938776,0.08459679941586704,0.0
0,imagenet,student,10,student,2,0.95,0.98,0.07462903,0.035,0.7043367346938776,0.08459679941586704,0.0
0,imagenet,student,10,student,3,0.95,0.98,0.07462903,0.035,0.7043367346938776,0.08459679941586704,0.0
0,imagenet,student,10,student,4,0.95,0.98,0.07462903,0.035,0.7043367346938776,0.08459679941586704,0.0
0,imagenet,student,10,random,0,0.95,0.98,0.07085513,0.03,0.8246938775510205,0.48994748795493875,0.0
0,imagenet,student,10,random,1,0.965,0.98,0.06002661,0.02,0.8235204081632653,0.4946262972715817,0.0
0,imagenet,student,10,random,2,0.945,0.98,0.086035594,0.035,0.8219387755102041,0.47777470733476307,0.0
0,imagenet,student,10,random,3,0.93,0.98,0.11281219,0.05,0.822857142857143,0.4756299304983063,0.0
0,imagenet,student,10,random,4,0.945,0.98,0.12285635,0.04,0.8268877551020407,0.5175266882325791,0.0
0,imagenet,student,10,random_rescue_10,0,0.95,0.98,0.068251245,0.03,0.7294897959183673,0.17784356488856984,10.0
0,imagenet,student,10,random_rescue_10,1,0.945,0.98,0.07426259,0.035,0.730204081632653,0.16277866135301636,10.0
0,imagenet,student,10,random_rescue_10,2,0.945,0.98,0.07552113,0.04,0.7296938775510204,0.16499227029115762,10.0
0,imagenet,student,10,random_rescue_10,3,0.955,0.98,0.073471144,0.03,0.7299489795918368,0.18239938804816241,10.0
0,imagenet,student,10,random_rescue_10,4,0.94,0.98,0.07383552,0.04,0.7274489795918367,0.16228637577636554,10.0
0,imagenet,student,10,foreground_rescue_10,0,0.955,0.98,0.08046829,0.03,0.6764285714285715,0.024868135209452826,2.735
0,imagenet,student,10,foreground_rescue_10,1,0.955,0.98,0.07023456,0.03,0.6764285714285715,0.024868135209452826,2.735
0,imagenet,student,10,foreground_rescue_10,2,0.955,0.98,0.07060592,0.03,0.6764285714285715,0.024868135209452826,2.735
0,imagenet,student,10,foreground_rescue_10,3,0.955,0.98,0.072020315,0.03,0.6764285714285715,0.024868135209452826,2.735
0,imagenet,student,10,foreground_rescue_10,4,0.95,0.98,0.08638971,0.035,0.6764285714285715,0.024868135209452826,2.735
0,imagenet,student,10,low_score_rescue_10,0,0.94,0.98,0.09628811,0.04,0.710765306122449,0.09691179322100486,10.0
0,imagenet,student,10,low_score_rescue_10,1,0.95,0.98,0.050692085,0.03,0.7113265306122449,0.09875855365244494,10.0
0,imagenet,student,10,low_score_rescue_10,2,0.935,0.98,0.079536565,0.045,0.710969387755102,0.09721164254686,10.0
0,imagenet,student,10,low_score_rescue_10,3,0.945,0.98,0.07893399,0.035,0.710612244897959,0.09620616802177129,10.0
0,imagenet,student,10,low_score_rescue_10,4,0.945,0.98,0.08276722,0.04,0.7110204081632654,0.09720995468056201,10.0
0,imagenet,student,10,random_matched,0,0.95,0.98,0.08346426,0.035,0.7144387755102041,0.10101487015646961,2.735
0,imagenet,student,10,random_matched,1,0.955,0.98,0.06786136,0.03,0.7149489795918368,0.10253174004780087,2.735
0,imagenet,student,10,random_matched,2,0.955,0.98,0.064013764,0.03,0.7151020408163266,0.10273438419819143,2.735
0,imagenet,student,10,random_matched,3,0.955,0.98,0.06846103,0.03,0.7144387755102041,0.10112063917621109,2.735
0,imagenet,student,10,random_matched,4,0.955,0.98,0.07441875,0.03,0.7126530612244898,0.09788385226213371,2.735
0,imagenet,student,25,student,0,0.95,0.98,0.091676615,0.035,0.7098979591836735,0.09193122984484028,0.0
0,imagenet,student,25,student,1,0.95,0.98,0.091676615,0.035,0.7098979591836735,0.09193122984484028,0.0
0,imagenet,student,25,student,2,0.95,0.98,0.091676615,0.035,0.7098979591836735,0.09193122984484028,0.0
0,imagenet,student,25,student,3,0.95,0.98,0.091676615,0.035,0.7098979591836735,0.09193122984484028,0.0
0,imagenet,student,25,student,4,0.95,0.98,0.091676615,0.035,0.7098979591836735,0.09193122984484028,0.0
0,imagenet,student,25,random,0,0.95,0.98,0.07085513,0.03,0.8246938775510205,0.48994748795493875,0.0
0,imagenet,student,25,random,1,0.965,0.98,0.06002661,0.02,0.8235204081632653,0.4946262972715817,0.0
0,imagenet,student,25,random,2,0.945,0.98,0.086035594,0.035,0.8219387755102041,0.47777470733476307,0.0
0,imagenet,student,25,random,3,0.93,0.98,0.11281219,0.05,0.822857142857143,0.4756299304983063,0.0
0,imagenet,student,25,random,4,0.945,0.98,0.12285635,0.04,0.8268877551020407,0.5175266882325791,0.0
0,imagenet,student,25,random_rescue_10,0,0.94,0.98,0.10644577,0.045,0.735765306122449,0.19780257891005737,10.0
0,imagenet,student,25,random_rescue_10,1,0.955,0.98,0.07013989,0.03,0.7359183673469388,0.17784820786162583,10.0
0,imagenet,student,25,random_rescue_10,2,0.96,0.98,0.07974999,0.025,0.7351530612244898,0.18618987076530966,10.0
0,imagenet,student,25,random_rescue_10,3,0.95,0.98,0.07067586,0.035,0.7330612244897959,0.1690897564071433,10.0
0,imagenet,student,25,random_rescue_10,4,0.94,0.98,0.13278764,0.045,0.7338265306122449,0.17046974437328724,10.0
0,imagenet,student,25,foreground_rescue_10,0,0.96,0.98,0.05396829,0.025,0.6802551020408164,0.02967194426843009,2.905
0,imagenet,student,25,foreground_rescue_10,1,0.955,0.98,0.063046835,0.03,0.6802551020408164,0.02967194426843009,2.905
0,imagenet,student,25,foreground_rescue_10,2,0.955,0.98,0.07221364,0.03,0.6802551020408164,0.02967194426843009,2.905
0,imagenet,student,25,foreground_rescue_10,3,0.955,0.98,0.077537045,0.03,0.6802551020408164,0.02967194426843009,2.905
0,imagenet,student,25,foreground_rescue_10,4,0.955,0.98,0.073157065,0.03,0.6802551020408164,0.02967194426843009,2.905
0,imagenet,student,25,low_score_rescue_10,0,0.935,0.98,0.07796397,0.05,0.7159693877551021,0.10598161643502788,10.0
0,imagenet,student,25,low_score_rescue_10,1,0.95,0.98,0.056744557,0.035,0.7165306122448979,0.10564941980268158,10.0
0,imagenet,student,25,low_score_rescue_10,2,0.945,0.98,0.07701168,0.04,0.7157653061224488,0.10582198500380838,10.0
0,imagenet,student,25,low_score_rescue_10,3,0.945,0.98,0.0806707,0.04,0.7165816326530612,0.10675529356906172,10.0
0,imagenet,student,25,low_score_rescue_10,4,0.955,0.98,0.08136374,0.03,0.716734693877551,0.10754325986501603,10.0
0,imagenet,student,25,random_matched,0,0.945,0.98,0.0889227,0.04,0.7195408163265306,0.10822557066865536,2.905
0,imagenet,student,25,random_matched,1,0.95,0.98,0.09026568,0.035,0.7186224489795918,0.10656444199051229,2.905
0,imagenet,student,25,random_matched,2,0.96,0.98,0.06256402,0.025,0.7210204081632652,0.11009034392107066,2.905
0,imagenet,student,25,random_matched,3,0.95,0.98,0.08721625,0.035,0.7205612244897958,0.10907968029798659,2.905
0,imagenet,student,25,random_matched,4,0.955,0.98,0.056321744,0.03,0.719795918367347,0.10858664980127561,2.905
0,imagenet,student,50,student,0,0.96,0.98,0.065658696,0.025,0.7081122448979592,0.09062741933543317,0.0
0,imagenet,student,50,student,1,0.96,0.98,0.065658696,0.025,0.7081122448979592,0.09062741933543317,0.0
0,imagenet,student,50,student,2,0.96,0.98,0.065658696,0.025,0.7081122448979592,0.09062741933543317,0.0
0,imagenet,student,50,student,3,0.96,0.98,0.065658696,0.025,0.7081122448979592,0.09062741933543317,0.0
0,imagenet,student,50,student,4,0.96,0.98,0.065658696,0.025,0.7081122448979592,0.09062741933543317,0.0
0,imagenet,student,50,random,0,0.95,0.98,0.07085513,0.03,0.8246938775510205,0.48994748795493875,0.0
0,imagenet,student,50,random,1,0.965,0.98,0.06002661,0.02,0.8235204081632653,0.4946262972715817,0.0
0,imagenet,student,50,random,2,0.945,0.98,0.086035594,0.035,0.8219387755102041,0.47777470733476307,0.0
0,imagenet,student,50,random,3,0.93,0.98,0.11281219,0.05,0.822857142857143,0.4756299304983063,0.0
0,imagenet,student,50,random,4,0.945,0.98,0.12285635,0.04,0.8268877551020407,0.5175266882325791,0.0
0,imagenet,student,50,random_rescue_10,0,0.955,0.98,0.07204784,0.03,0.7321428571428572,0.17673743974662964,10.0
0,imagenet,student,50,random_rescue_10,1,0.96,0.98,0.045272354,0.02,0.7334693877551021,0.18208700622500912,10.0
0,imagenet,student,50,random_rescue_10,2,0.955,0.98,0.07148567,0.03,0.7326530612244898,0.1733256459781993,10.0
0,imagenet,student,50,random_rescue_10,3,0.945,0.98,0.07468117,0.035,0.7328061224489795,0.16929017979163002,10.0
0,imagenet,student,50,random_rescue_10,4,0.96,0.98,0.05970733,0.025,0.7321428571428571,0.18037813259967225,10.0
0,imagenet,student,50,foreground_rescue_10,0,0.95,0.98,0.06298157,0.03,0.6785714285714286,0.027808335239701026,2.895
0,imagenet,student,50,foreground_rescue_10,1,0.955,0.98,0.078321286,0.03,0.6785714285714286,0.027808335239701026,2.895
0,imagenet,student,50,foreground_rescue_10,2,0.96,0.98,0.059972826,0.025,0.6785714285714286,0.027808335239701026,2.895
0,imagenet,student,50,foreground_rescue_10,3,0.96,0.98,0.06369137,0.025,0.6785714285714286,0.027808335239701026,2.895
0,imagenet,student,50,foreground_rescue_10,4,0.96,0.98,0.06291382,0.025,0.6785714285714286,0.027808335239701026,2.895
0,imagenet,student,50,low_score_rescue_10,0,0.95,0.98,0.06138027,0.03,0.7158673469387754,0.10552923383732392,10.0
0,imagenet,student,50,low_score_rescue_10,1,0.94,0.98,0.08894546,0.04,0.715561224489796,0.10454777824184823,10.0
0,imagenet,student,50,low_score_rescue_10,2,0.95,0.98,0.055001955,0.035,0.7158163265306123,0.10684853290032502,10.0
0,imagenet,student,50,low_score_rescue_10,3,0.955,0.98,0.054705676,0.025,0.7150510204081633,0.10637184435001215,10.0
0,imagenet,student,50,low_score_rescue_10,4,0.955,0.98,0.0672724,0.025,0.7155102040816327,0.10734647191732138,10.0
0,imagenet,student,50,random_matched,0,0.96,0.98,0.063764326,0.025,0.7198979591836735,0.11037992519399448,2.895
0,imagenet,student,50,random_matched,1,0.96,0.98,0.059674926,0.02,0.718265306122449,0.1074829256015943,2.895
0,imagenet,student,50,random_matched,2,0.965,0.98,0.04745083,0.02,0.7188775510204082,0.10840062349373905,2.895
0,imagenet,student,50,random_matched,3,0.96,0.98,0.07044109,0.025,0.7181632653061224,0.10819432041037584,2.895
0,imagenet,student,50,random_matched,4,0.955,0.98,0.07194188,0.03,0.7178571428571427,0.10603569033569367,2.895
0,imagenet,student,75,student,0,0.945,0.98,0.10118447,0.04,0.7088265306122449,0.09145279177084367,0.0
0,imagenet,student,75,student,1,0.945,0.98,0.10118447,0.04,0.7088265306122449,0.09145279177084367,0.0
0,imagenet,student,75,student,2,0.945,0.98,0.10118447,0.04,0.7088265306122449,0.09145279177084367,0.0
0,imagenet,student,75,student,3,0.945,0.98,0.10118447,0.04,0.7088265306122449,0.09145279177084367,0.0
0,imagenet,student,75,student,4,0.945,0.98,0.10118447,0.04,0.7088265306122449,0.09145279177084367,0.0
0,imagenet,student,75,random,0,0.95,0.98,0.07085513,0.03,0.8246938775510205,0.48994748795493875,0.0
0,imagenet,student,75,random,1,0.965,0.98,0.06002661,0.02,0.8235204081632653,0.4946262972715817,0.0
0,imagenet,student,75,random,2,0.945,0.98,0.086035594,0.035,0.8219387755102041,0.47777470733476307,0.0
0,imagenet,student,75,random,3,0.93,0.98,0.11281219,0.05,0.822857142857143,0.4756299304983063,0.0
0,imagenet,student,75,random,4,0.945,0.98,0.12285635,0.04,0.8268877551020407,0.5175266882325791,0.0
0,imagenet,student,75,random_rescue_10,0,0.94,0.98,0.13272941,0.045,0.7326530612244898,0.19649807843467723,10.0
0,imagenet,student,75,random_rescue_10,1,0.95,0.98,0.08402764,0.035,0.7326530612244898,0.1749422632940241,10.0
0,imagenet,student,75,random_rescue_10,2,0.965,0.98,0.057090186,0.02,0.7341326530612245,0.17899321316050673,10.0
0,imagenet,student,75,random_rescue_10,3,0.935,0.98,0.06855039,0.045,0.7329591836734692,0.17226543552589368,10.0
0,imagenet,student,75,random_rescue_10,4,0.95,0.98,0.059031487,0.035,0.7318367346938776,0.1851472048060872,10.0
0,imagenet,student,75,foreground_rescue_10,0,0.955,0.98,0.08581685,0.03,0.6792857142857142,0.028615049809076424,2.895
0,imagenet,student,75,foreground_rescue_10,1,0.955,0.98,0.07933037,0.03,0.6792857142857142,0.028615049809076424,2.895
0,imagenet,student,75,foreground_rescue_10,2,0.95,0.98,0.075903185,0.035,0.6792857142857142,0.028615049809076424,2.895
0,imagenet,student,75,foreground_rescue_10,3,0.955,0.98,0.07646788,0.03,0.6792857142857142,0.028615049809076424,2.895
0,imagenet,student,75,foreground_rescue_10,4,0.95,0.98,0.07557173,0.035,0.6792857142857142,0.028615049809076424,2.895
0,imagenet,student,75,low_score_rescue_10,0,0.93,0.98,0.098760344,0.05,0.7161734693877552,0.10359805034586185,10.0
0,imagenet,student,75,low_score_rescue_10,1,0.945,0.98,0.07652393,0.04,0.7161734693877552,0.1040634415335814,10.0
0,imagenet,student,75,low_score_rescue_10,2,0.935,0.98,0.098273546,0.045,0.7164795918367346,0.10463522453576164,10.0
0,imagenet,student,75,low_score_rescue_10,3,0.955,0.98,0.06409998,0.03,0.7161224489795919,0.10420109406967486,10.0
0,imagenet,student,75,low_score_rescue_10,4,0.945,0.98,0.0911059,0.04,0.7163265306122448,0.1048526689034361,10.0
0,imagenet,student,75,random_matched,0,0.945,0.98,0.10317705,0.04,0.7207142857142856,0.11223886128731903,2.895
0,imagenet,student,75,random_matched,1,0.955,0.98,0.08683967,0.03,0.7176020408163265,0.10588773833053657,2.895
0,imagenet,student,75,random_matched,2,0.955,0.98,0.08756434,0.03,0.7174489795918367,0.10615457734249756,2.895
0,imagenet,student,75,random_matched,3,0.95,0.98,0.09037168,0.035,0.7185204081632652,0.10790415041758744,2.895
0,imagenet,student,75,random_matched,4,0.955,0.98,0.0871483,0.03,0.7180102040816326,0.10614076102947029,2.895
0,imagenet,student,100,student,0,0.96,0.98,0.06483963,0.025,0.7080612244897959,0.08914376325284389,0.0
0,imagenet,student,100,student,1,0.96,0.98,0.06483963,0.025,0.7080612244897959,0.08914376325284389,0.0
0,imagenet,student,100,student,2,0.96,0.98,0.06483963,0.025,0.7080612244897959,0.08914376325284389,0.0
0,imagenet,student,100,student,3,0.96,0.98,0.06483963,0.025,0.7080612244897959,0.08914376325284389,0.0
0,imagenet,student,100,student,4,0.96,0.98,0.06483963,0.025,0.7080612244897959,0.08914376325284389,0.0
0,imagenet,student,100,random,0,0.95,0.98,0.07085513,0.03,0.8246938775510205,0.48994748795493875,0.0
0,imagenet,student,100,random,1,0.965,0.98,0.06002661,0.02,0.8235204081632653,0.4946262972715817,0.0
0,imagenet,student,100,random,2,0.945,0.98,0.086035594,0.035,0.8219387755102041,0.47777470733476307,0.0
0,imagenet,student,100,random,3,0.93,0.98,0.11281219,0.05,0.822857142857143,0.4756299304983063,0.0
0,imagenet,student,100,random,4,0.945,0.98,0.12285635,0.04,0.8268877551020407,0.5175266882325791,0.0
0,imagenet,student,100,random_rescue_10,0,0.965,0.98,0.048408117,0.02,0.7311734693877551,0.1666484119109423,10.0
0,imagenet,student,100,random_rescue_10,1,0.955,0.98,0.089068964,0.03,0.7330102040816326,0.17708234272152915,10.0
0,imagenet,student,100,random_rescue_10,2,0.96,0.98,0.053988673,0.025,0.7326530612244899,0.16973131342127332,10.0
0,imagenet,student,100,random_rescue_10,3,0.95,0.98,0.067949064,0.035,0.7322448979591836,0.1648512767773482,10.0
0,imagenet,student,100,random_rescue_10,4,0.95,0.98,0.07650742,0.035,0.7313265306122448,0.16606038702179368,10.0
0,imagenet,student,100,foreground_rescue_10,0,0.96,0.98,0.06344936,0.025,0.6786224489795919,0.02788394141400983,2.885
0,imagenet,student,100,foreground_rescue_10,1,0.965,0.98,0.055432253,0.02,0.6786224489795919,0.02788394141400983,2.885
0,imagenet,student,100,foreground_rescue_10,2,0.96,0.98,0.062111493,0.025,0.6786224489795919,0.02788394141400983,2.885
0,imagenet,student,100,foreground_rescue_10,3,0.96,0.98,0.07498359,0.025,0.6786224489795919,0.02788394141400983,2.885
0,imagenet,student,100,foreground_rescue_10,4,0.965,0.98,0.061785888,0.02,0.6786224489795919,0.02788394141400983,2.885
0,imagenet,student,100,low_score_rescue_10,0,0.955,0.98,0.086231135,0.035,0.7168367346938775,0.10419261002039056,10.0
0,imagenet,student,100,low_score_rescue_10,1,0.945,0.98,0.085164264,0.04,0.7165306122448979,0.10311636125160878,10.0
0,imagenet,student,100,low_score_rescue_10,2,0.945,0.98,0.08629745,0.035,0.7167857142857144,0.10456685288190251,10.0
0,imagenet,student,100,low_score_rescue_10,3,0.965,0.98,0.08261627,0.025,0.7164795918367346,0.10466870963748978,10.0
0,imagenet,student,100,low_score_rescue_10,4,0.95,0.98,0.11175928,0.035,0.7171938775510204,0.10510272505091406,10.0
0,imagenet,student,100,random_matched,0,0.96,0.98,0.08108412,0.025,0.7193877551020408,0.10826825042342803,2.885
0,imagenet,student,100,random_matched,1,0.95,0.98,0.07869035,0.035,0.7173469387755103,0.1047450870192404,2.885
0,imagenet,student,100,random_matched,2,0.965,0.98,0.060493898,0.02,0.7181122448979592,0.10646743193937612,2.885
0,imagenet,student,100,random_matched,3,0.965,0.98,0.058765084,0.02,0.7180612244897958,0.10671031334386749,2.885
0,imagenet,student,100,random_matched,4,0.955,0.98,0.068260446,0.03,0.7174489795918367,0.10376140599752882,2.885
0,scratch,ce,0,student,0,0.875,0.98,0.3295332,0.105,0.850561224489796,0.5981794121635886,0.0
0,scratch,ce,0,student,1,0.875,0.98,0.3295332,0.105,0.850561224489796,0.5981794121635886,0.0
0,scratch,ce,0,student,2,0.875,0.98,0.3295332,0.105,0.850561224489796,0.5981794121635886,0.0
0,scratch,ce,0,student,3,0.875,0.98,0.3295332,0.105,0.850561224489796,0.5981794121635886,0.0
0,scratch,ce,0,student,4,0.875,0.98,0.3295332,0.105,0.850561224489796,0.5981794121635886,0.0
0,scratch,ce,0,random,0,0.95,0.98,0.07085513,0.03,0.8246938775510205,0.48994748795493875,0.0
0,scratch,ce,0,random,1,0.965,0.98,0.06002661,0.02,0.8235204081632653,0.4946262972715817,0.0
0,scratch,ce,0,random,2,0.945,0.98,0.086035594,0.035,0.8219387755102041,0.47777470733476307,0.0
0,scratch,ce,0,random,3,0.93,0.98,0.11281219,0.05,0.822857142857143,0.4756299304983063,0.0
0,scratch,ce,0,random,4,0.945,0.98,0.12285635,0.04,0.8268877551020407,0.5175266882325791,0.0
0,scratch,ce,0,random_rescue_10,0,0.895,0.98,0.20119835,0.085,0.8451530612244897,0.5638985049597482,10.0
0,scratch,ce,0,random_rescue_10,1,0.87,0.98,0.2869938,0.11,0.8446428571428573,0.5759229810069456,10.0
0,scratch,ce,0,random_rescue_10,2,0.905,0.98,0.23440336,0.075,0.846887755102041,0.5871443738245714,10.0
0,scratch,ce,0,random_rescue_10,3,0.88,0.98,0.26195306,0.1,0.845,0.5784158401279986,10.0
0,scratch,ce,0,random_rescue_10,4,0.88,0.98,0.28184977,0.1,0.8460204081632652,0.5803594066019169,10.0
0,scratch,ce,0,foreground_rescue_10,0,0.925,0.98,0.12588541,0.055,0.775,0.23701169783036988,7.405
0,scratch,ce,0,foreground_rescue_10,1,0.94,0.98,0.08395754,0.04,0.775,0.23701169783036988,7.405
0,scratch,ce,0,foreground_rescue_10,2,0.96,0.98,0.06074478,0.02,0.775,0.23701169783036988,7.405
0,scratch,ce,0,foreground_rescue_10,3,0.94,0.98,0.0930003,0.04,0.775,0.23701169783036988,7.405
0,scratch,ce,0,foreground_rescue_10,4,0.965,0.98,0.049069263,0.015,0.775,0.23701169783036988,7.405
0,scratch,ce,0,low_score_rescue_10,0,0.88,0.98,0.27229047,0.1,0.844795918367347,0.5859170772430334,10.0
0,scratch,ce,0,low_score_rescue_10,1,0.865,0.98,0.30525488,0.115,0.8471428571428572,0.5853980915056881,10.0
0,scratch,ce,0,low_score_rescue_10,2,0.865,0.98,0.30834445,0.115,0.8455102040816327,0.5882467356657168,10.0
0,scratch,ce,0,low_score_rescue_10,3,0.885,0.98,0.2842727,0.095,0.844795918367347,0.5901691631743473,10.0
0,scratch,ce,0,low_score_rescue_10,4,0.885,0.98,0.2839457,0.095,0.8456122448979592,0.585626088587124,10.0
0,scratch,ce,0,random_matched,0,0.9,0.98,0.24033962,0.08,0.8449489795918368,0.5758685372196981,7.405
0,scratch,ce,0,random_matched,1,0.885,0.98,0.2601635,0.095,0.8442346938775509,0.5774126876148028,7.405
0,scratch,ce,0,random_matched,2,0.89,0.98,0.24671143,0.09,0.8443877551020408,0.5767761202652227,7.405
0,scratch,ce,0,random_matched,3,0.91,0.98,0.23422426,0.07,0.8472448979591838,0.5843409831688942,7.405
0,scratch,ce,0,random_matched,4,0.895,0.98,0.23182735,0.085,0.8461224489795919,0.5820094300469554,7.405
0,scratch,ce,10,student,0,0.875,0.98,0.24593277,0.105,0.827908163265306,0.5174438637557487,0.0
0,scratch,ce,10,student,1,0.875,0.98,0.24593277,0.105,0.827908163265306,0.5174438637557487,0.0
0,scratch,ce,10,student,2,0.875,0.98,0.24593277,0.105,0.827908163265306,0.5174438637557487,0.0
0,scratch,ce,10,student,3,0.875,0.98,0.24593277,0.105,0.827908163265306,0.5174438637557487,0.0
0,scratch,ce,10,student,4,0.875,0.98,0.24593277,0.105,0.827908163265306,0.5174438637557487,0.0
0,scratch,ce,10,random,0,0.95,0.98,0.07085513,0.03,0.8246938775510205,0.48994748795493875,0.0
0,scratch,ce,10,random,1,0.965,0.98,0.06002661,0.02,0.8235204081632653,0.4946262972715817,0.0
0,scratch,ce,10,random,2,0.945,0.98,0.086035594,0.035,0.8219387755102041,0.47777470733476307,0.0
0,scratch,ce,10,random,3,0.93,0.98,0.11281219,0.05,0.822857142857143,0.4756299304983063,0.0
0,scratch,ce,10,random,4,0.945,0.98,0.12285635,0.04,0.8268877551020407,0.5175266882325791,0.0
0,scratch,ce,10,random_rescue_10,0,0.935,0.98,0.13068855,0.045,0.8280102040816327,0.5200830319148615,10.0
0,scratch,ce,10,random_rescue_10,1,0.925,0.98,0.14272213,0.055,0.8279591836734693,0.5281887055034289,10.0
0,scratch,ce,10,random_rescue_10,2,0.92,0.98,0.16527012,0.06,0.8283673469387755,0.5237408937643561,10.0
0,scratch,ce,10,random_rescue_10,3,0.925,0.98,0.14782429,0.055,0.8271428571428572,0.5276003984863036,10.0
0,scratch,ce,10,random_rescue_10,4,0.91,0.98,0.13979574,0.07,0.827295918367347,0.513450539292475,10.0
0,scratch,ce,10,foreground_rescue_10,0,0.955,0.98,0.05761833,0.025,0.7546428571428572,0.189642274419204,7.18
0,scratch,ce,10,foreground_rescue_10,1,0.955,0.98,0.06892867,0.025,0.7546428571428572,0.189642274419204,7.18
0,scratch,ce,10,foreground_rescue_10,2,0.95,0.98,0.060375277,0.03,0.7546428571428572,0.189642274419204,7.18
0,scratch,ce,10,foreground_rescue_10,3,0.96,0.98,0.054155126,0.02,0.7546428571428572,0.189642274419204,7.18
0,scratch,ce,10,foreground_rescue_10,4,0.96,0.98,0.050134018,0.02,0.7546428571428572,0.189642274419204,7.18
0,scratch,ce,10,low_score_rescue_10,0,0.895,0.98,0.19958076,0.085,0.8246938775510203,0.49629966664019065,10.0
0,scratch,ce,10,low_score_rescue_10,1,0.925,0.98,0.16072872,0.055,0.8228061224489795,0.4952801252039929,10.0
0,scratch,ce,10,low_score_rescue_10,2,0.92,0.98,0.14362463,0.06,0.8253061224489795,0.4966722312232527,10.0
0,scratch,ce,10,low_score_rescue_10,3,0.91,0.98,0.1423194,0.07,0.8239795918367346,0.4992632994636807,10.0
0,scratch,ce,10,low_score_rescue_10,4,0.925,0.98,0.14411093,0.055,0.8230612244897959,0.4977217441070562,10.0
0,scratch,ce,10,random_matched,0,0.91,0.98,0.16140075,0.07,0.8260204081632652,0.5080000063558858,7.18
0,scratch,ce,10,random_matched,1,0.91,0.98,0.16302899,0.07,0.826530612244898,0.5066973269132913,7.18
0,scratch,ce,10,random_matched,2,0.925,0.98,0.12408093,0.055,0.8263265306122449,0.5106599683856731,7.18
0,scratch,ce,10,random_matched,3,0.905,0.98,0.1689164,0.075,0.8270408163265307,0.5098751715589532,7.18
0,scratch,ce,10,random_matched,4,0.91,0.98,0.14818871,0.07,0.8265816326530612,0.5053041109018772,7.18
0,scratch,ce,25,student,0,0.9,0.98,0.21896835,0.08,0.8334183673469387,0.4979023024441508,0.0
0,scratch,ce,25,student,1,0.9,0.98,0.21896835,0.08,0.8334183673469387,0.4979023024441508,0.0
0,scratch,ce,25,student,2,0.9,0.98,0.21896835,0.08,0.8334183673469387,0.4979023024441508,0.0
0,scratch,ce,25,student,3,0.9,0.98,0.21896835,0.08,0.8334183673469387,0.4979023024441508,0.0
0,scratch,ce,25,student,4,0.9,0.98,0.21896835,0.08,0.8334183673469387,0.4979023024441508,0.0
0,scratch,ce,25,random,0,0.95,0.98,0.07085513,0.03,0.8246938775510205,0.48994748795493875,0.0
0,scratch,ce,25,random,1,0.965,0.98,0.06002661,0.02,0.8235204081632653,0.4946262972715817,0.0
0,scratch,ce,25,random,2,0.945,0.98,0.086035594,0.035,0.8219387755102041,0.47777470733476307,0.0
0,scratch,ce,25,random,3,0.93,0.98,0.11281219,0.05,0.822857142857143,0.4756299304983063,0.0
0,scratch,ce,25,random,4,0.945,0.98,0.12285635,0.04,0.8268877551020407,0.5175266882325791,0.0
0,scratch,ce,25,random_rescue_10,0,0.92,0.98,0.17658283,0.06,0.832908163265306,0.5062330384746931,10.0
0,scratch,ce,25,random_rescue_10,1,0.91,0.98,0.17606506,0.07,0.8309183673469388,0.49403767824772593,10.0
0,scratch,ce,25,random_rescue_10,2,0.91,0.98,0.2098388,0.07,0.8318877551020408,0.5006310640078016,10.0
0,scratch,ce,25,random_rescue_10,3,0.91,0.98,0.19297951,0.07,0.8313775510204081,0.5078287766072461,10.0
0,scratch,ce,25,random_rescue_10,4,0.92,0.98,0.17406285,0.06,0.832295918367347,0.5027619415146003,10.0
0,scratch,ce,25,foreground_rescue_10,0,0.93,0.98,0.118082084,0.055,0.7623469387755102,0.18905075816675335,6.965
0,scratch,ce,25,foreground_rescue_10,1,0.935,0.98,0.13777867,0.05,0.7623469387755102,0.18905075816675335,6.965
0,scratch,ce,25,foreground_rescue_10,2,0.935,0.98,0.10495236,0.05,0.7623469387755102,0.18905075816675335,6.965
0,scratch,ce,25,foreground_rescue_10,3,0.93,0.98,0.14801812,0.055,0.7623469387755102,0.18905075816675335,6.965
0,scratch,ce,25,foreground_rescue_10,4,0.94,0.98,0.13547896,0.045,0.7623469387755102,0.18905075816675335,6.965
0,scratch,ce,25,low_score_rescue_10,0,0.915,0.98,0.1783666,0.065,0.829030612244898,0.49132515708720775,10.0
0,scratch,ce,25,low_score_rescue_10,1,0.91,0.98,0.18688844,0.07,0.8289285714285713,0.48741345559563665,10.0
0,scratch,ce,25,low_score_rescue_10,2,0.91,0.98,0.20468898,0.07,0.8288265306122449,0.4851472167730269,10.0
0,scratch,ce,25,low_score_rescue_10,3,0.92,0.98,0.19048494,0.06,0.8294897959183674,0.49340609706884403,10.0
0,scratch,ce,25,low_score_rescue_10,4,0.92,0.98,0.21500596,0.06,0.8293877551020408,0.49234491492022536,10.0
0,scratch,ce,25,random_matched,0,0.915,0.98,0.18533447,0.065,0.829234693877551,0.4859609032484551,6.965
0,scratch,ce,25,random_matched,1,0.895,0.98,0.22371174,0.085,0.8298469387755102,0.4904022792426549,6.965
0,scratch,ce,25,random_matched,2,0.905,0.98,0.18423666,0.075,0.8306632653061224,0.4977081607194075,6.965
0,scratch,ce,25,random_matched,3,0.905,0.98,0.16612405,0.075,0.8303061224489795,0.4871445028077687,6.965
0,scratch,ce,25,random_matched,4,0.9,0.98,0.21023221,0.08,0.8307142857142857,0.493409265585203,6.965
0,scratch,ce,50,student,0,0.885,0.98,0.2724045,0.095,0.8308163265306123,0.5063141190678238,0.0
0,scratch,ce,50,student,1,0.885,0.98,0.2724045,0.095,0.8308163265306123,0.5063141190678238,0.0
0,scratch,ce,50,student,2,0.885,0.98,0.2724045,0.095,0.8308163265306123,0.5063141190678238,0.0
0,scratch,ce,50,student,3,0.885,0.98,0.2724045,0.095,0.8308163265306123,0.5063141190678238,0.0
0,scratch,ce,50,student,4,0.885,0.98,0.2724045,0.095,0.8308163265306123,0.5063141190678238,0.0
0,scratch,ce,50,random,0,0.95,0.98,0.07085513,0.03,0.8246938775510205,0.48994748795493875,0.0
0,scratch,ce,50,random,1,0.965,0.98,0.06002661,0.02,0.8235204081632653,0.4946262972715817,0.0
0,scratch,ce,50,random,2,0.945,0.98,0.086035594,0.035,0.8219387755102041,0.47777470733476307,0.0
0,scratch,ce,50,random,3,0.93,0.98,0.11281219,0.05,0.822857142857143,0.4756299304983063,0.0
0,scratch,ce,50,random,4,0.945,0.98,0.12285635,0.04,0.8268877551020407,0.5175266882325791,0.0
0,scratch,ce,50,random_rescue_10,0,0.915,0.98,0.21103443,0.065,0.8280102040816325,0.49782952762779176,10.0
0,scratch,ce,50,random_rescue_10,1,0.89,0.98,0.25094792,0.09,0.8293877551020408,0.5042940996680302,10.0
0,scratch,ce,50,random_rescue_10,2,0.925,0.98,0.14362317,0.055,0.8301020408163265,0.5002585833503528,10.0
0,scratch,ce,50,random_rescue_10,3,0.89,0.98,0.2815959,0.09,0.8291326530612244,0.5109707064539816,10.0
0,scratch,ce,50,random_rescue_10,4,0.9,0.98,0.24242787,0.08,0.8295918367346939,0.507427858994638,10.0
0,scratch,ce,50,foreground_rescue_10,0,0.945,0.98,0.11075722,0.04,0.7588265306122449,0.187257269019718,7.055
0,scratch,ce,50,foreground_rescue_10,1,0.945,0.98,0.11552908,0.04,0.7588265306122449,0.187257269019718,7.055
0,scratch,ce,50,foreground_rescue_10,2,0.945,0.98,0.10206296,0.04,0.7588265306122449,0.187257269019718,7.055
0,scratch,ce,50,foreground_rescue_10,3,0.94,0.98,0.117179066,0.045,0.7588265306122449,0.187257269019718,7.055
0,scratch,ce,50,foreground_rescue_10,4,0.95,0.98,0.07750542,0.035,0.7588265306122449,0.187257269019718,7.055
0,scratch,ce,50,low_score_rescue_10,0,0.885,0.98,0.23316444,0.095,0.8265306122448979,0.4938045476960577,10.0
0,scratch,ce,50,low_score_rescue_10,1,0.885,0.98,0.20880856,0.095,0.8284183673469387,0.49849762027646743,10.0
0,scratch,ce,50,low_score_rescue_10,2,0.895,0.98,0.2378604,0.085,0.8271938775510205,0.49003764171580805,10.0
0,scratch,ce,50,low_score_rescue_10,3,0.9,0.98,0.17445672,0.08,0.8269897959183674,0.492683754309561,10.0
0,scratch,ce,50,low_score_rescue_10,4,0.91,0.98,0.18054377,0.07,0.8273979591836735,0.4958775915357885,10.0
0,scratch,ce,50,random_matched,0,0.915,0.98,0.20615871,0.065,0.827295918367347,0.4946887955790104,7.055
0,scratch,ce,50,random_matched,1,0.9,0.98,0.22838145,0.08,0.8269897959183672,0.4960582988705646,7.055
0,scratch,ce,50,random_matched,2,0.92,0.98,0.19308762,0.06,0.8297448979591837,0.49966365330534906,7.055
0,scratch,ce,50,random_matched,3,0.895,0.98,0.23582627,0.085,0.8286734693877551,0.4979065903852299,7.055
0,scratch,ce,50,random_matched,4,0.885,0.98,0.25263637,0.095,0.8289285714285713,0.5001578757495221,7.055
0,scratch,ce,75,student,0,0.9,0.98,0.23821987,0.08,0.8246938775510203,0.4836624810067719,0.0
0,scratch,ce,75,student,1,0.9,0.98,0.23821987,0.08,0.8246938775510203,0.4836624810067719,0.0
0,scratch,ce,75,student,2,0.9,0.98,0.23821987,0.08,0.8246938775510203,0.4836624810067719,0.0
0,scratch,ce,75,student,3,0.9,0.98,0.23821987,0.08,0.8246938775510203,0.4836624810067719,0.0
0,scratch,ce,75,student,4,0.9,0.98,0.23821987,0.08,0.8246938775510203,0.4836624810067719,0.0
0,scratch,ce,75,random,0,0.95,0.98,0.07085513,0.03,0.8246938775510205,0.48994748795493875,0.0
0,scratch,ce,75,random,1,0.965,0.98,0.06002661,0.02,0.8235204081632653,0.4946262972715817,0.0
0,scratch,ce,75,random,2,0.945,0.98,0.086035594,0.035,0.8219387755102041,0.47777470733476307,0.0
0,scratch,ce,75,random,3,0.93,0.98,0.11281219,0.05,0.822857142857143,0.4756299304983063,0.0
0,scratch,ce,75,random,4,0.945,0.98,0.12285635,0.04,0.8268877551020407,0.5175266882325791,0.0
0,scratch,ce,75,random_rescue_10,0,0.915,0.98,0.19146381,0.065,0.8236734693877551,0.4883289329643994,10.0
0,scratch,ce,75,random_rescue_10,1,0.9,0.98,0.18806675,0.08,0.8253061224489797,0.4932299833957363,10.0
0,scratch,ce,75,random_rescue_10,2,0.93,0.98,0.1495202,0.05,0.825,0.48706314844744064,10.0
0,scratch,ce,75,random_rescue_10,3,0.91,0.98,0.1887991,0.07,0.8233163265306124,0.48778293140076656,10.0
0,scratch,ce,75,random_rescue_10,4,0.92,0.98,0.14787863,0.06,0.8249489795918368,0.47906317127456793,10.0
0,scratch,ce,75,foreground_rescue_10,0,0.925,0.98,0.1623642,0.055,0.7517857142857142,0.1690209669860973,7.145
0,scratch,ce,75,foreground_rescue_10,1,0.925,0.98,0.1682734,0.06,0.7517857142857142,0.1690209669860973,7.145
0,scratch,ce,75,foreground_rescue_10,2,0.92,0.98,0.17284766,0.065,0.7517857142857142,0.1690209669860973,7.145
0,scratch,ce,75,foreground_rescue_10,3,0.93,0.98,0.14832379,0.055,0.7517857142857142,0.1690209669860973,7.145
0,scratch,ce,75,foreground_rescue_10,4,0.925,0.98,0.17219102,0.06,0.7517857142857142,0.1690209669860973,7.145
0,scratch,ce,75,low_score_rescue_10,0,0.925,0.98,0.14429194,0.055,0.8225,0.4801166121652738,10.0
0,scratch,ce,75,low_score_rescue_10,1,0.935,0.98,0.10519726,0.045,0.8225510204081633,0.4762944005673819,10.0
0,scratch,ce,75,low_score_rescue_10,2,0.925,0.98,0.14246936,0.055,0.8235204081632653,0.4869498562771775,10.0
0,scratch,ce,75,low_score_rescue_10,3,0.92,0.98,0.16673617,0.065,0.8214285714285714,0.4773902918978696,10.0
0,scratch,ce,75,low_score_rescue_10,4,0.925,0.98,0.15710121,0.06,0.8229081632653061,0.47332975771895686,10.0
0,scratch,ce,75,random_matched,0,0.92,0.98,0.18017262,0.06,0.825204081632653,0.48481616937814503,7.145
0,scratch,ce,75,random_matched,1,0.91,0.98,0.21233946,0.07,0.822295918367347,0.4762270233781318,7.145
0,scratch,ce,75,random_matched,2,0.92,0.98,0.18199493,0.06,0.8231122448979592,0.47708333472513015,7.145
0,scratch,ce,75,random_matched,3,0.91,0.98,0.20422532,0.07,0.8242346938775509,0.4783074723434321,7.145
0,scratch,ce,75,random_matched,4,0.905,0.98,0.21755014,0.075,0.8239795918367346,0.4817966362812155,7.145
0,scratch,ce,100,student,0,0.88,0.98,0.26567462,0.1,0.8270408163265306,0.4913718901661193,0.0
0,scratch,ce,100,student,1,0.88,0.98,0.26567462,0.1,0.8270408163265306,0.4913718901661193,0.0
0,scratch,ce,100,student,2,0.88,0.98,0.26567462,0.1,0.8270408163265306,0.4913718901661193,0.0
0,scratch,ce,100,student,3,0.88,0.98,0.26567462,0.1,0.8270408163265306,0.4913718901661193,0.0
0,scratch,ce,100,student,4,0.88,0.98,0.26567462,0.1,0.8270408163265306,0.4913718901661193,0.0
0,scratch,ce,100,random,0,0.95,0.98,0.07085513,0.03,0.8246938775510205,0.48994748795493875,0.0
0,scratch,ce,100,random,1,0.965,0.98,0.06002661,0.02,0.8235204081632653,0.4946262972715817,0.0
0,scratch,ce,100,random,2,0.945,0.98,0.086035594,0.035,0.8219387755102041,0.47777470733476307,0.0
0,scratch,ce,100,random,3,0.93,0.98,0.11281219,0.05,0.822857142857143,0.4756299304983063,0.0
0,scratch,ce,100,random,4,0.945,0.98,0.12285635,0.04,0.8268877551020407,0.5175266882325791,0.0
0,scratch,ce,100,random_rescue_10,0,0.9,0.98,0.1944025,0.08,0.8281122448979592,0.501945687886158,10.0
0,scratch,ce,100,random_rescue_10,1,0.9,0.98,0.22038704,0.08,0.8255102040816327,0.48056062459209603,10.0
0,scratch,ce,100,random_rescue_10,2,0.895,0.98,0.22493917,0.085,0.8257142857142857,0.4936243319302355,10.0
0,scratch,ce,100,random_rescue_10,3,0.92,0.98,0.16672473,0.06,0.8254591836734694,0.4900816544070683,10.0
0,scratch,ce,100,random_rescue_10,4,0.925,0.98,0.15343599,0.06,0.8271938775510205,0.4911019326086792,10.0
0,scratch,ce,100,foreground_rescue_10,0,0.925,0.98,0.16444913,0.06,0.7541326530612245,0.17742837756816437,7.145
0,scratch,ce,100,foreground_rescue_10,1,0.935,0.98,0.14380021,0.05,0.7541326530612245,0.17742837756816437,7.145
0,scratch,ce,100,foreground_rescue_10,2,0.94,0.98,0.13866292,0.045,0.7541326530612245,0.17742837756816437,7.145
0,scratch,ce,100,foreground_rescue_10,3,0.925,0.98,0.14761958,0.06,0.7541326530612245,0.17742837756816437,7.145
0,scratch,ce,100,foreground_rescue_10,4,0.935,0.98,0.14609471,0.05,0.7541326530612245,0.17742837756816437,7.145
0,scratch,ce,100,low_score_rescue_10,0,0.905,0.98,0.19296226,0.075,0.8229591836734694,0.4725285984738168,10.0
0,scratch,ce,100,low_score_rescue_10,1,0.91,0.98,0.16031387,0.07,0.8224489795918367,0.46756796527968103,10.0
0,scratch,ce,100,low_score_rescue_10,2,0.915,0.98,0.16289282,0.065,0.8240306122448979,0.4809348703019958,10.0
0,scratch,ce,100,low_score_rescue_10,3,0.915,0.98,0.17224178,0.07,0.8240306122448979,0.4779183651426284,10.0
0,scratch,ce,100,low_score_rescue_10,4,0.91,0.98,0.1950914,0.07,0.8239795918367346,0.47346261172097004,10.0
0,scratch,ce,100,random_matched,0,0.88,0.98,0.25919688,0.1,0.8273979591836735,0.48868110955266664,7.145
0,scratch,ce,100,random_matched,1,0.905,0.98,0.22310562,0.075,0.8238265306122449,0.48237374902104035,7.145
0,scratch,ce,100,random_matched,2,0.895,0.98,0.20075396,0.085,0.8242857142857143,0.48232007104398317,7.145
0,scratch,ce,100,random_matched,3,0.895,0.98,0.21386577,0.085,0.8269387755102041,0.4879634376115786,7.145
0,scratch,ce,100,random_matched,4,0.905,0.98,0.23114532,0.075,0.8268367346938774,0.487275380853859,7.145
0,scratch,foreground_rescue_10,0,student,0,0.875,0.98,0.3295332,0.105,0.850561224489796,0.5981794121635886,0.0
0,scratch,foreground_rescue_10,0,student,1,0.875,0.98,0.3295332,0.105,0.850561224489796,0.5981794121635886,0.0
0,scratch,foreground_rescue_10,0,student,2,0.875,0.98,0.3295332,0.105,0.850561224489796,0.5981794121635886,0.0
0,scratch,foreground_rescue_10,0,student,3,0.875,0.98,0.3295332,0.105,0.850561224489796,0.5981794121635886,0.0
0,scratch,foreground_rescue_10,0,student,4,0.875,0.98,0.3295332,0.105,0.850561224489796,0.5981794121635886,0.0
0,scratch,foreground_rescue_10,0,random,0,0.95,0.98,0.07085513,0.03,0.8246938775510205,0.48994748795493875,0.0
0,scratch,foreground_rescue_10,0,random,1,0.965,0.98,0.06002661,0.02,0.8235204081632653,0.4946262972715817,0.0
0,scratch,foreground_rescue_10,0,random,2,0.945,0.98,0.086035594,0.035,0.8219387755102041,0.47777470733476307,0.0
0,scratch,foreground_rescue_10,0,random,3,0.93,0.98,0.11281219,0.05,0.822857142857143,0.4756299304983063,0.0
0,scratch,foreground_rescue_10,0,random,4,0.945,0.98,0.12285635,0.04,0.8268877551020407,0.5175266882325791,0.0
0,scratch,foreground_rescue_10,0,random_rescue_10,0,0.895,0.98,0.20119835,0.085,0.8451530612244897,0.5638985049597482,10.0
0,scratch,foreground_rescue_10,0,random_rescue_10,1,0.87,0.98,0.2869938,0.11,0.8446428571428573,0.5759229810069456,10.0
0,scratch,foreground_rescue_10,0,random_rescue_10,2,0.905,0.98,0.23440336,0.075,0.846887755102041,0.5871443738245714,10.0
0,scratch,foreground_rescue_10,0,random_rescue_10,3,0.88,0.98,0.26195306,0.1,0.845,0.5784158401279986,10.0
0,scratch,foreground_rescue_10,0,random_rescue_10,4,0.88,0.98,0.28184977,0.1,0.8460204081632652,0.5803594066019169,10.0
0,scratch,foreground_rescue_10,0,foreground_rescue_10,0,0.925,0.98,0.12588541,0.055,0.775,0.23701169783036988,7.405
0,scratch,foreground_rescue_10,0,foreground_rescue_10,1,0.94,0.98,0.08395754,0.04,0.775,0.23701169783036988,7.405
0,scratch,foreground_rescue_10,0,foreground_rescue_10,2,0.96,0.98,0.06074478,0.02,0.775,0.23701169783036988,7.405
0,scratch,foreground_rescue_10,0,foreground_rescue_10,3,0.94,0.98,0.0930003,0.04,0.775,0.23701169783036988,7.405
0,scratch,foreground_rescue_10,0,foreground_rescue_10,4,0.965,0.98,0.049069263,0.015,0.775,0.23701169783036988,7.405
0,scratch,foreground_rescue_10,0,low_score_rescue_10,0,0.88,0.98,0.27229047,0.1,0.844795918367347,0.5859170772430334,10.0
0,scratch,foreground_rescue_10,0,low_score_rescue_10,1,0.865,0.98,0.30525488,0.115,0.8471428571428572,0.5853980915056881,10.0
0,scratch,foreground_rescue_10,0,low_score_rescue_10,2,0.865,0.98,0.30834445,0.115,0.8455102040816327,0.5882467356657168,10.0
0,scratch,foreground_rescue_10,0,low_score_rescue_10,3,0.885,0.98,0.2842727,0.095,0.844795918367347,0.5901691631743473,10.0
0,scratch,foreground_rescue_10,0,low_score_rescue_10,4,0.885,0.98,0.2839457,0.095,0.8456122448979592,0.585626088587124,10.0
0,scratch,foreground_rescue_10,0,random_matched,0,0.9,0.98,0.24033962,0.08,0.8449489795918368,0.5758685372196981,7.405
0,scratch,foreground_rescue_10,0,random_matched,1,0.885,0.98,0.2601635,0.095,0.8442346938775509,0.5774126876148028,7.405
0,scratch,foreground_rescue_10,0,random_matched,2,0.89,0.98,0.24671143,0.09,0.8443877551020408,0.5767761202652227,7.405
0,scratch,foreground_rescue_10,0,random_matched,3,0.91,0.98,0.23422426,0.07,0.8472448979591838,0.5843409831688942,7.405
0,scratch,foreground_rescue_10,0,random_matched,4,0.895,0.98,0.23182735,0.085,0.8461224489795919,0.5820094300469554,7.405
0,scratch,foreground_rescue_10,10,student,0,0.89,0.98,0.24494252,0.09,0.838265306122449,0.5527044618959767,0.0
0,scratch,foreground_rescue_10,10,student,1,0.89,0.98,0.24494252,0.09,0.838265306122449,0.5527044618959767,0.0
0,scratch,foreground_rescue_10,10,student,2,0.89,0.98,0.24494252,0.09,0.838265306122449,0.5527044618959767,0.0
0,scratch,foreground_rescue_10,10,student,3,0.89,0.98,0.24494252,0.09,0.838265306122449,0.5527044618959767,0.0
0,scratch,foreground_rescue_10,10,student,4,0.89,0.98,0.24494252,0.09,0.838265306122449,0.5527044618959767,0.0
0,scratch,foreground_rescue_10,10,random,0,0.95,0.98,0.07085513,0.03,0.8246938775510205,0.48994748795493875,0.0
0,scratch,foreground_rescue_10,10,random,1,0.965,0.98,0.06002661,0.02,0.8235204081632653,0.4946262972715817,0.0
0,scratch,foreground_rescue_10,10,random,2,0.945,0.98,0.086035594,0.035,0.8219387755102041,0.47777470733476307,0.0
0,scratch,foreground_rescue_10,10,random,3,0.93,0.98,0.11281219,0.05,0.822857142857143,0.4756299304983063,0.0
0,scratch,foreground_rescue_10,10,random,4,0.945,0.98,0.12285635,0.04,0.8268877551020407,0.5175266882325791,0.0
0,scratch,foreground_rescue_10,10,random_rescue_10,0,0.89,0.98,0.18574923,0.09,0.8354591836734694,0.545010387993644,10.0
0,scratch,foreground_rescue_10,10,random_rescue_10,1,0.925,0.98,0.17570195,0.055,0.835204081632653,0.5357502017914028,10.0
0,scratch,foreground_rescue_10,10,random_rescue_10,2,0.925,0.98,0.14898878,0.055,0.835408163265306,0.5394628112074564,10.0
0,scratch,foreground_rescue_10,10,random_rescue_10,3,0.91,0.98,0.17680633,0.07,0.8359183673469388,0.5427590900117291,10.0
0,scratch,foreground_rescue_10,10,random_rescue_10,4,0.905,0.98,0.21112676,0.075,0.8380102040816325,0.5460018856282505,10.0
0,scratch,foreground_rescue_10,10,foreground_rescue_10,0,0.925,0.98,0.13286766,0.055,0.7661734693877551,0.20617981972995503,7.065
0,scratch,foreground_rescue_10,10,foreground_rescue_10,1,0.935,0.98,0.11056611,0.045,0.7661734693877551,0.20617981972995503,7.065
0,scratch,foreground_rescue_10,10,foreground_rescue_10,2,0.94,0.98,0.10193069,0.04,0.7661734693877551,0.20617981972995503,7.065
0,scratch,foreground_rescue_10,10,foreground_rescue_10,3,0.94,0.98,0.1256802,0.04,0.7661734693877551,0.20617981972995503,7.065
0,scratch,foreground_rescue_10,10,foreground_rescue_10,4,0.935,0.98,0.13131176,0.045,0.7661734693877551,0.20617981972995503,7.065
0,scratch,foreground_rescue_10,10,low_score_rescue_10,0,0.905,0.98,0.22282296,0.075,0.8325,0.5307643934271208,10.0
0,scratch,foreground_rescue_10,10,low_score_rescue_10,1,0.91,0.98,0.183446,0.07,0.8334183673469387,0.5347076751277499,10.0
0,scratch,foreground_rescue_10,10,low_score_rescue_10,2,0.89,0.98,0.24453168,0.09,0.8334693877551022,0.5366212734458993,10.0
0,scratch,foreground_rescue_10,10,low_score_rescue_10,3,0.885,0.98,0.22821783,0.095,0.8320408163265306,0.5278843312604113,10.0
0,scratch,foreground_rescue_10,10,low_score_rescue_10,4,0.915,0.98,0.16791725,0.065,0.8325,0.5241242700340911,10.0
0,scratch,foreground_rescue_10,10,random_matched,0,0.895,0.98,0.20295033,0.085,0.8357653061224488,0.5383297338315086,7.065
0,scratch,foreground_rescue_10,10,random_matched,1,0.905,0.98,0.17886415,0.075,0.8334183673469387,0.5354164743742024,7.065
0,scratch,foreground_rescue_10,10,random_matched,2,0.905,0.98,0.19532326,0.075,0.8354591836734693,0.5432217721992655,7.065
0,scratch,foreground_rescue_10,10,random_matched,3,0.9,0.98,0.20780867,0.08,0.834795918367347,0.5422562389389203,7.065
0,scratch,foreground_rescue_10,10,random_matched,4,0.9,0.98,0.23092942,0.08,0.8351530612244897,0.537324640430668,7.065
0,scratch,foreground_rescue_10,25,student,0,0.895,0.98,0.24922237,0.085,0.8312244897959183,0.5254346881448604,0.0
0,scratch,foreground_rescue_10,25,student,1,0.895,0.98,0.24922237,0.085,0.8312244897959183,0.5254346881448604,0.0
0,scratch,foreground_rescue_10,25,student,2,0.895,0.98,0.24922237,0.085,0.8312244897959183,0.5254346881448604,0.0
0,scratch,foreground_rescue_10,25,student,3,0.895,0.98,0.24922237,0.085,0.8312244897959183,0.5254346881448604,0.0
0,scratch,foreground_rescue_10,25,student,4,0.895,0.98,0.24922237,0.085,0.8312244897959183,0.5254346881448604,0.0
0,scratch,foreground_rescue_10,25,random,0,0.95,0.98,0.07085513,0.03,0.8246938775510205,0.48994748795493875,0.0
0,scratch,foreground_rescue_10,25,random,1,0.965,0.98,0.06002661,0.02,0.8235204081632653,0.4946262972715817,0.0
0,scratch,foreground_rescue_10,25,random,2,0.945,0.98,0.086035594,0.035,0.8219387755102041,0.47777470733476307,0.0
0,scratch,foreground_rescue_10,25,random,3,0.93,0.98,0.11281219,0.05,0.822857142857143,0.4756299304983063,0.0
0,scratch,foreground_rescue_10,25,random,4,0.945,0.98,0.12285635,0.04,0.8268877551020407,0.5175266882325791,0.0
0,scratch,foreground_rescue_10,25,random_rescue_10,0,0.885,0.98,0.26713908,0.095,0.8303061224489795,0.527675573983043,10.0
0,scratch,foreground_rescue_10,25,random_rescue_10,1,0.925,0.98,0.15391274,0.055,0.8304591836734693,0.5274196392852163,10.0
0,scratch,foreground_rescue_10,25,random_rescue_10,2,0.895,0.98,0.22056873,0.085,0.8300510204081633,0.5177678071806174,10.0
0,scratch,foreground_rescue_10,25,random_rescue_10,3,0.89,0.98,0.24497814,0.09,0.828265306122449,0.5150534127542832,10.0
0,scratch,foreground_rescue_10,25,random_rescue_10,4,0.91,0.98,0.21226734,0.07,0.8316836734693877,0.5193911119984074,10.0
0,scratch,foreground_rescue_10,25,foreground_rescue_10,0,0.935,0.98,0.12537184,0.045,0.7593877551020408,0.19273683937360608,7.04
0,scratch,foreground_rescue_10,25,foreground_rescue_10,1,0.925,0.98,0.14360176,0.055,0.7593877551020408,0.19273683937360608,7.04
0,scratch,foreground_rescue_10,25,foreground_rescue_10,2,0.925,0.98,0.14616907,0.055,0.7593877551020408,0.19273683937360608,7.04
0,scratch,foreground_rescue_10,25,foreground_rescue_10,3,0.93,0.98,0.14159262,0.05,0.7593877551020408,0.19273683937360608,7.04
0,scratch,foreground_rescue_10,25,foreground_rescue_10,4,0.935,0.98,0.122878686,0.045,0.7593877551020408,0.19273683937360608,7.04
0,scratch,foreground_rescue_10,25,low_score_rescue_10,0,0.91,0.98,0.19773257,0.07,0.8269897959183673,0.5035681204897954,10.0
0,scratch,foreground_rescue_10,25,low_score_rescue_10,1,0.915,0.98,0.1873867,0.065,0.8271428571428572,0.5059884824120876,10.0
0,scratch,foreground_rescue_10,25,low_score_rescue_10,2,0.915,0.98,0.22056973,0.065,0.8276020408163265,0.5159508887555042,10.0
0,scratch,foreground_rescue_10,25,low_score_rescue_10,3,0.91,0.98,0.21172386,0.07,0.8273469387755102,0.5079557386916559,10.0
0,scratch,foreground_rescue_10,25,low_score_rescue_10,4,0.91,0.98,0.22282831,0.07,0.8276020408163265,0.5097573127565291,10.0
0,scratch,foreground_rescue_10,25,random_matched,0,0.89,0.98,0.2637093,0.09,0.8297448979591836,0.5117127978220453,7.04
0,scratch,foreground_rescue_10,25,random_matched,1,0.91,0.98,0.20257618,0.07,0.8278571428571427,0.5158238819087401,7.04
0,scratch,foreground_rescue_10,25,random_matched,2,0.905,0.98,0.1945029,0.075,0.8274489795918367,0.5128046891966217,7.04
0,scratch,foreground_rescue_10,25,random_matched,3,0.905,0.98,0.21587092,0.075,0.8308673469387756,0.5232533371357416,7.04
0,scratch,foreground_rescue_10,25,random_matched,4,0.905,0.98,0.21250671,0.075,0.8281632653061224,0.512816241207889,7.04
0,scratch,foreground_rescue_10,50,student,0,0.875,0.98,0.33432168,0.105,0.8482653061224491,0.580911490512787,0.0
0,scratch,foreground_rescue_10,50,student,1,0.875,0.98,0.33432168,0.105,0.8482653061224491,0.580911490512787,0.0
0,scratch,foreground_rescue_10,50,student,2,0.875,0.98,0.33432168,0.105,0.8482653061224491,0.580911490512787,0.0
0,scratch,foreground_rescue_10,50,student,3,0.875,0.98,0.33432168,0.105,0.8482653061224491,0.580911490512787,0.0
0,scratch,foreground_rescue_10,50,student,4,0.875,0.98,0.33432168,0.105,0.8482653061224491,0.580911490512787,0.0
0,scratch,foreground_rescue_10,50,random,0,0.95,0.98,0.07085513,0.03,0.8246938775510205,0.48994748795493875,0.0
0,scratch,foreground_rescue_10,50,random,1,0.965,0.98,0.06002661,0.02,0.8235204081632653,0.4946262972715817,0.0
0,scratch,foreground_rescue_10,50,random,2,0.945,0.98,0.086035594,0.035,0.8219387755102041,0.47777470733476307,0.0
0,scratch,foreground_rescue_10,50,random,3,0.93,0.98,0.11281219,0.05,0.822857142857143,0.4756299304983063,0.0
0,scratch,foreground_rescue_10,50,random,4,0.945,0.98,0.12285635,0.04,0.8268877551020407,0.5175266882325791,0.0
0,scratch,foreground_rescue_10,50,random_rescue_10,0,0.895,0.98,0.24314724,0.085,0.8426530612244898,0.5677268325430418,10.0
0,scratch,foreground_rescue_10,50,random_rescue_10,1,0.895,0.98,0.22857723,0.085,0.8439285714285714,0.567601984946868,10.0
0,scratch,foreground_rescue_10,50,random_rescue_10,2,0.895,0.98,0.26414576,0.085,0.8444897959183674,0.5660282718036191,10.0
0,scratch,foreground_rescue_10,50,random_rescue_10,3,0.89,0.98,0.25422683,0.09,0.840765306122449,0.5508145977378419,10.0
0,scratch,foreground_rescue_10,50,random_rescue_10,4,0.89,0.98,0.26430434,0.09,0.844030612244898,0.5725154881137434,10.0
0,scratch,foreground_rescue_10,50,foreground_rescue_10,0,0.93,0.98,0.14444664,0.05,0.7749489795918367,0.22742997752133595,7.185
0,scratch,foreground_rescue_10,50,foreground_rescue_10,1,0.915,0.98,0.1757824,0.065,0.7749489795918367,0.22742997752133595,7.185
0,scratch,foreground_rescue_10,50,foreground_rescue_10,2,0.91,0.98,0.173622,0.07,0.7749489795918367,0.22742997752133595,7.185
0,scratch,foreground_rescue_10,50,foreground_rescue_10,3,0.93,0.98,0.14041606,0.05,0.7749489795918367,0.22742997752133595,7.185
0,scratch,foreground_rescue_10,50,foreground_rescue_10,4,0.93,0.98,0.15471724,0.05,0.7749489795918367,0.22742997752133595,7.185
0,scratch,foreground_rescue_10,50,low_score_rescue_10,0,0.9,0.98,0.1867039,0.08,0.8430612244897959,0.5614502972981174,10.0
0,scratch,foreground_rescue_10,50,low_score_rescue_10,1,0.905,0.98,0.25239968,0.075,0.842704081632653,0.5515047145945332,10.0
0,scratch,foreground_rescue_10,50,low_score_rescue_10,2,0.92,0.98,0.20389241,0.06,0.8433673469387755,0.5610649882307446,10.0
0,scratch,foreground_rescue_10,50,low_score_rescue_10,3,0.9,0.98,0.22378545,0.08,0.842295918367347,0.5566375836321341,10.0
0,scratch,foreground_rescue_10,50,low_score_rescue_10,4,0.905,0.98,0.27935576,0.075,0.8418877551020407,0.5567321181439054,10.0
0,scratch,foreground_rescue_10,50,random_matched,0,0.875,0.98,0.32246572,0.105,0.8422448979591838,0.5601224286796949,7.185
0,scratch,foreground_rescue_10,50,random_matched,1,0.89,0.98,0.2943126,0.09,0.8407142857142857,0.5574242507187068,7.185
0,scratch,foreground_rescue_10,50,random_matched,2,0.89,0.98,0.27960622,0.09,0.8403571428571429,0.5541747578405404,7.185
0,scratch,foreground_rescue_10,50,random_matched,3,0.895,0.98,0.25463256,0.085,0.8430102040816326,0.5671108128846435,7.185
0,scratch,foreground_rescue_10,50,random_matched,4,0.905,0.98,0.23620762,0.075,0.8416326530612246,0.5628023379692364,7.185
0,scratch,foreground_rescue_10,75,student,0,0.865,0.98,0.3478727,0.115,0.8547448979591837,0.5985683810216883,0.0
0,scratch,foreground_rescue_10,75,student,1,0.865,0.98,0.3478727,0.115,0.8547448979591837,0.5985683810216883,0.0
0,scratch,foreground_rescue_10,75,student,2,0.865,0.98,0.3478727,0.115,0.8547448979591837,0.5985683810216883,0.0
0,scratch,foreground_rescue_10,75,student,3,0.865,0.98,0.3478727,0.115,0.8547448979591837,0.5985683810216883,0.0
0,scratch,foreground_rescue_10,75,student,4,0.865,0.98,0.3478727,0.115,0.8547448979591837,0.5985683810216883,0.0
0,scratch,foreground_rescue_10,75,random,0,0.95,0.98,0.07085513,0.03,0.8246938775510205,0.48994748795493875,0.0
0,scratch,foreground_rescue_10,75,random,1,0.965,0.98,0.06002661,0.02,0.8235204081632653,0.4946262972715817,0.0
0,scratch,foreground_rescue_10,75,random,2,0.945,0.98,0.086035594,0.035,0.8219387755102041,0.47777470733476307,0.0
0,scratch,foreground_rescue_10,75,random,3,0.93,0.98,0.11281219,0.05,0.822857142857143,0.4756299304983063,0.0
0,scratch,foreground_rescue_10,75,random,4,0.945,0.98,0.12285635,0.04,0.8268877551020407,0.5175266882325791,0.0
0,scratch,foreground_rescue_10,75,random_rescue_10,0,0.905,0.98,0.23682079,0.075,0.8496938775510204,0.5790707174489182,10.0
0,scratch,foreground_rescue_10,75,random_rescue_10,1,0.905,0.98,0.21978936,0.075,0.8489795918367347,0.5712816751606797,10.0
0,scratch,foreground_rescue_10,75,random_rescue_10,2,0.905,0.98,0.18851723,0.075,0.8494897959183674,0.5795354067471212,10.0
0,scratch,foreground_rescue_10,75,random_rescue_10,3,0.905,0.98,0.25273055,0.075,0.8478571428571428,0.5817747002274529,10.0
0,scratch,foreground_rescue_10,75,random_rescue_10,4,0.89,0.98,0.23110789,0.09,0.8479591836734695,0.5731407066920368,10.0
0,scratch,foreground_rescue_10,75,foreground_rescue_10,0,0.94,0.98,0.09045213,0.04,0.7794897959183674,0.23346483568367862,7.375
0,scratch,foreground_rescue_10,75,foreground_rescue_10,1,0.94,0.98,0.09441621,0.04,0.7794897959183674,0.23346483568367862,7.375
0,scratch,foreground_rescue_10,75,foreground_rescue_10,2,0.94,0.98,0.09311509,0.04,0.7794897959183674,0.23346483568367862,7.375
0,scratch,foreground_rescue_10,75,foreground_rescue_10,3,0.94,0.98,0.10261351,0.04,0.7794897959183674,0.23346483568367862,7.375
0,scratch,foreground_rescue_10,75,foreground_rescue_10,4,0.945,0.98,0.09198897,0.035,0.7794897959183674,0.23346483568367862,7.375
0,scratch,foreground_rescue_10,75,low_score_rescue_10,0,0.89,0.98,0.26177442,0.09,0.8465816326530613,0.5707060812109812,10.0
0,scratch,foreground_rescue_10,75,low_score_rescue_10,1,0.895,0.98,0.24057919,0.085,0.8473979591836734,0.5636855037698739,10.0
0,scratch,foreground_rescue_10,75,low_score_rescue_10,2,0.885,0.98,0.24514975,0.095,0.8467857142857141,0.5727622959761131,10.0
0,scratch,foreground_rescue_10,75,low_score_rescue_10,3,0.905,0.98,0.22343059,0.075,0.8484693877551021,0.5781172980989325,10.0
0,scratch,foreground_rescue_10,75,low_score_rescue_10,4,0.895,0.98,0.24606873,0.085,0.8448979591836735,0.5724859224477512,10.0
0,scratch,foreground_rescue_10,75,random_matched,0,0.895,0.98,0.25738427,0.085,0.8485714285714286,0.5829528354507498,7.375
0,scratch,foreground_rescue_10,75,random_matched,1,0.9,0.98,0.24198219,0.08,0.8486734693877551,0.5789663647365376,7.375
0,scratch,foreground_rescue_10,75,random_matched,2,0.9,0.98,0.24306837,0.08,0.8477551020408163,0.5737071122904587,7.375
0,scratch,foreground_rescue_10,75,random_matched,3,0.9,0.98,0.22065419,0.08,0.8482142857142858,0.5828975997983635,7.375
0,scratch,foreground_rescue_10,75,random_matched,4,0.91,0.98,0.17740792,0.07,0.8505612244897958,0.5890316846811212,7.375
0,scratch,foreground_rescue_10,100,student,0,0.88,0.98,0.27277625,0.1,0.8506122448979592,0.5829516566739343,0.0
0,scratch,foreground_rescue_10,100,student,1,0.88,0.98,0.27277625,0.1,0.8506122448979592,0.5829516566739343,0.0
0,scratch,foreground_rescue_10,100,student,2,0.88,0.98,0.27277625,0.1,0.8506122448979592,0.5829516566739343,0.0
0,scratch,foreground_rescue_10,100,student,3,0.88,0.98,0.27277625,0.1,0.8506122448979592,0.5829516566739343,0.0
0,scratch,foreground_rescue_10,100,student,4,0.88,0.98,0.27277625,0.1,0.8506122448979592,0.5829516566739343,0.0
0,scratch,foreground_rescue_10,100,random,0,0.95,0.98,0.07085513,0.03,0.8246938775510205,0.48994748795493875,0.0
0,scratch,foreground_rescue_10,100,random,1,0.965,0.98,0.06002661,0.02,0.8235204081632653,0.4946262972715817,0.0
0,scratch,foreground_rescue_10,100,random,2,0.945,0.98,0.086035594,0.035,0.8219387755102041,0.47777470733476307,0.0
0,scratch,foreground_rescue_10,100,random,3,0.93,0.98,0.11281219,0.05,0.822857142857143,0.4756299304983063,0.0
0,scratch,foreground_rescue_10,100,random,4,0.945,0.98,0.12285635,0.04,0.8268877551020407,0.5175266882325791,0.0
0,scratch,foreground_rescue_10,100,random_rescue_10,0,0.885,0.98,0.23127674,0.095,0.8452551020408162,0.5717843761415702,10.0
0,scratch,foreground_rescue_10,100,random_rescue_10,1,0.89,0.98,0.25526392,0.09,0.8456632653061225,0.5662930416223424,10.0
0,scratch,foreground_rescue_10,100,random_rescue_10,2,0.9,0.98,0.1998674,0.08,0.8457142857142856,0.5615831119591612,10.0
0,scratch,foreground_rescue_10,100,random_rescue_10,3,0.895,0.98,0.2572192,0.085,0.8470408163265306,0.5770826525563982,10.0
0,scratch,foreground_rescue_10,100,random_rescue_10,4,0.91,0.98,0.22168903,0.07,0.8435204081632653,0.5650943706807776,10.0
0,scratch,foreground_rescue_10,100,foreground_rescue_10,0,0.94,0.98,0.109046705,0.04,0.7764795918367348,0.2266746457092871,7.265
0,scratch,foreground_rescue_10,100,foreground_rescue_10,1,0.94,0.98,0.10968756,0.04,0.7764795918367348,0.2266746457092871,7.265
0,scratch,foreground_rescue_10,100,foreground_rescue_10,2,0.94,0.98,0.10847769,0.04,0.7764795918367348,0.2266746457092871,7.265
0,scratch,foreground_rescue_10,100,foreground_rescue_10,3,0.945,0.98,0.1014357,0.035,0.7764795918367348,0.2266746457092871,7.265
0,scratch,foreground_rescue_10,100,foreground_rescue_10,4,0.94,0.98,0.12040023,0.04,0.7764795918367348,0.2266746457092871,7.265
0,scratch,foreground_rescue_10,100,low_score_rescue_10,0,0.905,0.98,0.1939455,0.075,0.843112244897959,0.5450987890293217,10.0
0,scratch,foreground_rescue_10,100,low_score_rescue_10,1,0.885,0.98,0.27454233,0.095,0.8438265306122449,0.5390301096735802,10.0
0,scratch,foreground_rescue_10,100,low_score_rescue_10,2,0.885,0.98,0.2780465,0.095,0.844795918367347,0.56586532472857,10.0
0,scratch,foreground_rescue_10,100,low_score_rescue_10,3,0.9,0.98,0.23985223,0.08,0.8442857142857143,0.565902396298766,10.0
0,scratch,foreground_rescue_10,100,low_score_rescue_10,4,0.9,0.98,0.20024629,0.08,0.8436734693877551,0.560972937152959,10.0
0,scratch,foreground_rescue_10,100,random_matched,0,0.89,0.98,0.24665505,0.09,0.8459183673469388,0.5694641253131459,7.265
0,scratch,foreground_rescue_10,100,random_matched,1,0.92,0.98,0.17044467,0.06,0.8440306122448981,0.5638444574664477,7.265
0,scratch,foreground_rescue_10,100,random_matched,2,0.9,0.98,0.2111239,0.08,0.8438265306122449,0.5653849765688609,7.265
0,scratch,foreground_rescue_10,100,random_matched,3,0.905,0.98,0.19653243,0.075,0.8458163265306123,0.5687922900755104,7.265
0,scratch,foreground_rescue_10,100,random_matched,4,0.9,0.98,0.2672716,0.08,0.8460204081632654,0.5681253240324634,7.265
0,scratch,full,0,student,0,0.875,0.98,0.3295332,0.105,0.850561224489796,0.5981794121635886,0.0
0,scratch,full,0,student,1,0.875,0.98,0.3295332,0.105,0.850561224489796,0.5981794121635886,0.0
0,scratch,full,0,student,2,0.875,0.98,0.3295332,0.105,0.850561224489796,0.5981794121635886,0.0
0,scratch,full,0,student,3,0.875,0.98,0.3295332,0.105,0.850561224489796,0.5981794121635886,0.0
0,scratch,full,0,student,4,0.875,0.98,0.3295332,0.105,0.850561224489796,0.5981794121635886,0.0
0,scratch,full,0,random,0,0.95,0.98,0.07085513,0.03,0.8246938775510205,0.48994748795493875,0.0
0,scratch,full,0,random,1,0.965,0.98,0.06002661,0.02,0.8235204081632653,0.4946262972715817,0.0
0,scratch,full,0,random,2,0.945,0.98,0.086035594,0.035,0.8219387755102041,0.47777470733476307,0.0
0,scratch,full,0,random,3,0.93,0.98,0.11281219,0.05,0.822857142857143,0.4756299304983063,0.0
0,scratch,full,0,random,4,0.945,0.98,0.12285635,0.04,0.8268877551020407,0.5175266882325791,0.0
0,scratch,full,0,random_rescue_10,0,0.895,0.98,0.20119835,0.085,0.8451530612244897,0.5638985049597482,10.0
0,scratch,full,0,random_rescue_10,1,0.87,0.98,0.2869938,0.11,0.8446428571428573,0.5759229810069456,10.0
0,scratch,full,0,random_rescue_10,2,0.905,0.98,0.23440336,0.075,0.846887755102041,0.5871443738245714,10.0
0,scratch,full,0,random_rescue_10,3,0.88,0.98,0.26195306,0.1,0.845,0.5784158401279986,10.0
0,scratch,full,0,random_rescue_10,4,0.88,0.98,0.28184977,0.1,0.8460204081632652,0.5803594066019169,10.0
0,scratch,full,0,foreground_rescue_10,0,0.925,0.98,0.12588541,0.055,0.775,0.23701169783036988,7.405
0,scratch,full,0,foreground_rescue_10,1,0.94,0.98,0.08395754,0.04,0.775,0.23701169783036988,7.405
0,scratch,full,0,foreground_rescue_10,2,0.96,0.98,0.06074478,0.02,0.775,0.23701169783036988,7.405
0,scratch,full,0,foreground_rescue_10,3,0.94,0.98,0.0930003,0.04,0.775,0.23701169783036988,7.405
0,scratch,full,0,foreground_rescue_10,4,0.965,0.98,0.049069263,0.015,0.775,0.23701169783036988,7.405
0,scratch,full,0,low_score_rescue_10,0,0.88,0.98,0.27229047,0.1,0.844795918367347,0.5859170772430334,10.0
0,scratch,full,0,low_score_rescue_10,1,0.865,0.98,0.30525488,0.115,0.8471428571428572,0.5853980915056881,10.0
0,scratch,full,0,low_score_rescue_10,2,0.865,0.98,0.30834445,0.115,0.8455102040816327,0.5882467356657168,10.0
0,scratch,full,0,low_score_rescue_10,3,0.885,0.98,0.2842727,0.095,0.844795918367347,0.5901691631743473,10.0
0,scratch,full,0,low_score_rescue_10,4,0.885,0.98,0.2839457,0.095,0.8456122448979592,0.585626088587124,10.0
0,scratch,full,0,random_matched,0,0.9,0.98,0.24033962,0.08,0.8449489795918368,0.5758685372196981,7.405
0,scratch,full,0,random_matched,1,0.885,0.98,0.2601635,0.095,0.8442346938775509,0.5774126876148028,7.405
0,scratch,full,0,random_matched,2,0.89,0.98,0.24671143,0.09,0.8443877551020408,0.5767761202652227,7.405
0,scratch,full,0,random_matched,3,0.91,0.98,0.23422426,0.07,0.8472448979591838,0.5843409831688942,7.405
0,scratch,full,0,random_matched,4,0.895,0.98,0.23182735,0.085,0.8461224489795919,0.5820094300469554,7.405
0,scratch,full,10,student,0,0.925,0.98,0.16065313,0.055,0.8091326530612245,0.46159969929296096,0.0
0,scratch,full,10,student,1,0.925,0.98,0.16065313,0.055,0.8091326530612245,0.46159969929296096,0.0
0,scratch,full,10,student,2,0.925,0.98,0.16065313,0.055,0.8091326530612245,0.46159969929296096,0.0
0,scratch,full,10,student,3,0.925,0.98,0.16065313,0.055,0.8091326530612245,0.46159969929296096,0.0
0,scratch,full,10,student,4,0.925,0.98,0.16065313,0.055,0.8091326530612245,0.46159969929296096,0.0
0,scratch,full,10,random,0,0.95,0.98,0.07085513,0.03,0.8246938775510205,0.48994748795493875,0.0
0,scratch,full,10,random,1,0.965,0.98,0.06002661,0.02,0.8235204081632653,0.4946262972715817,0.0
0,scratch,full,10,random,2,0.945,0.98,0.086035594,0.035,0.8219387755102041,0.47777470733476307,0.0
0,scratch,full,10,random,3,0.93,0.98,0.11281219,0.05,0.822857142857143,0.4756299304983063,0.0
0,scratch,full,10,random,4,0.945,0.98,0.12285635,0.04,0.8268877551020407,0.5175266882325791,0.0
0,scratch,full,10,random_rescue_10,0,0.925,0.98,0.12689102,0.055,0.8123469387755102,0.4781665263740448,10.0
0,scratch,full,10,random_rescue_10,1,0.925,0.98,0.1463086,0.06,0.8136224489795919,0.4809029484093269,10.0
0,scratch,full,10,random_rescue_10,2,0.915,0.98,0.14951059,0.065,0.8131122448979592,0.47288949813629294,10.0
0,scratch,full,10,random_rescue_10,3,0.925,0.98,0.16262573,0.055,0.8121428571428573,0.47106501153667735,10.0
0,scratch,full,10,random_rescue_10,4,0.92,0.98,0.16226107,0.06,0.8126530612244898,0.47564575604722487,10.0
0,scratch,full,10,foreground_rescue_10,0,0.95,0.98,0.08028429,0.035,0.7418367346938775,0.16300458793693381,6.595
0,scratch,full,10,foreground_rescue_10,1,0.95,0.98,0.08947815,0.035,0.7418367346938775,0.16300458793693381,6.595
0,scratch,full,10,foreground_rescue_10,2,0.945,0.98,0.11410185,0.04,0.7418367346938775,0.16300458793693381,6.595
0,scratch,full,10,foreground_rescue_10,3,0.96,0.98,0.07490336,0.025,0.7418367346938775,0.16300458793693381,6.595
0,scratch,full,10,foreground_rescue_10,4,0.955,0.98,0.10614103,0.03,0.7418367346938775,0.16300458793693381,6.595
0,scratch,full,10,low_score_rescue_10,0,0.935,0.98,0.12448982,0.045,0.8064285714285714,0.4412547831058958,10.0
0,scratch,full,10,low_score_rescue_10,1,0.93,0.98,0.1293715,0.05,0.8084693877551021,0.4531634953388359,10.0
0,scratch,full,10,low_score_rescue_10,2,0.93,0.98,0.096895024,0.05,0.8076530612244898,0.4493160886369799,10.0
0,scratch,full,10,low_score_rescue_10,3,0.93,0.98,0.12703323,0.05,0.8072448979591837,0.449306607974536,10.0
0,scratch,full,10,low_score_rescue_10,4,0.93,0.98,0.11929106,0.05,0.8064795918367348,0.447939822797011,10.0
0,scratch,full,10,random_matched,0,0.925,0.98,0.14724123,0.055,0.8105102040816327,0.46502078408828934,6.595
0,scratch,full,10,random_matched,1,0.925,0.98,0.1563291,0.055,0.8101530612244897,0.4585578749830057,6.595
0,scratch,full,10,random_matched,2,0.92,0.98,0.18263318,0.06,0.8084693877551021,0.4487587861484935,6.595
0,scratch,full,10,random_matched,3,0.925,0.98,0.1429151,0.055,0.812091836734694,0.4636680942927675,6.595
0,scratch,full,10,random_matched,4,0.93,0.98,0.13559625,0.05,0.810612244897959,0.46392405314094637,6.595
0,scratch,full,25,student,0,0.905,0.98,0.15090883,0.075,0.8135714285714286,0.4514104535196256,0.0
0,scratch,full,25,student,1,0.905,0.98,0.15090883,0.075,0.8135714285714286,0.4514104535196256,0.0
0,scratch,full,25,student,2,0.905,0.98,0.15090883,0.075,0.8135714285714286,0.4514104535196256,0.0
0,scratch,full,25,student,3,0.905,0.98,0.15090883,0.075,0.8135714285714286,0.4514104535196256,0.0
0,scratch,full,25,student,4,0.905,0.98,0.15090883,0.075,0.8135714285714286,0.4514104535196256,0.0
0,scratch,full,25,random,0,0.95,0.98,0.07085513,0.03,0.8246938775510205,0.48994748795493875,0.0
0,scratch,full,25,random,1,0.965,0.98,0.06002661,0.02,0.8235204081632653,0.4946262972715817,0.0
0,scratch,full,25,random,2,0.945,0.98,0.086035594,0.035,0.8219387755102041,0.47777470733476307,0.0
0,scratch,full,25,random,3,0.93,0.98,0.11281219,0.05,0.822857142857143,0.4756299304983063,0.0
0,scratch,full,25,random,4,0.945,0.98,0.12285635,0.04,0.8268877551020407,0.5175266882325791,0.0
0,scratch,full,25,random_rescue_10,0,0.935,0.98,0.107044026,0.045,0.8156632653061224,0.4672012537433283,10.0
0,scratch,full,25,random_rescue_10,1,0.92,0.98,0.13563229,0.06,0.8168367346938775,0.4714750733926602,10.0
0,scratch,full,25,random_rescue_10,2,0.915,0.98,0.15866989,0.07,0.8153571428571429,0.4587881808996751,10.0
0,scratch,full,25,random_rescue_10,3,0.925,0.98,0.15202883,0.055,0.8165816326530613,0.4680993738941305,10.0
0,scratch,full,25,random_rescue_10,4,0.935,0.98,0.12474711,0.045,0.8146938775510205,0.45566080975363377,10.0
0,scratch,full,25,foreground_rescue_10,0,0.96,0.98,0.05918517,0.025,0.7456122448979592,0.16054392270573975,6.66
0,scratch,full,25,foreground_rescue_10,1,0.96,0.98,0.062829636,0.025,0.7456122448979592,0.16054392270573975,6.66
0,scratch,full,25,foreground_rescue_10,2,0.955,0.98,0.06100789,0.03,0.7456122448979592,0.16054392270573975,6.66
0,scratch,full,25,foreground_rescue_10,3,0.95,0.98,0.06447194,0.035,0.7456122448979592,0.16054392270573975,6.66
0,scratch,full,25,foreground_rescue_10,4,0.955,0.98,0.061447676,0.03,0.7456122448979592,0.16054392270573975,6.66
0,scratch,full,25,low_score_rescue_10,0,0.925,0.98,0.15732843,0.065,0.8122448979591836,0.44953767701827424,10.0
0,scratch,full,25,low_score_rescue_10,1,0.93,0.98,0.137842,0.05,0.813265306122449,0.4530685715384179,10.0
0,scratch,full,25,low_score_rescue_10,2,0.925,0.98,0.13175938,0.055,0.8130102040816328,0.4504372100419416,10.0
0,scratch,full,25,low_score_rescue_10,3,0.94,0.98,0.11127312,0.04,0.812091836734694,0.4428647656634396,10.0
0,scratch,full,25,low_score_rescue_10,4,0.93,0.98,0.12354886,0.05,0.8125,0.45042294822794643,10.0
0,scratch,full,25,random_matched,0,0.92,0.98,0.12553637,0.06,0.8157142857142858,0.45627950059238953,6.66
0,scratch,full,25,random_matched,1,0.915,0.98,0.14050137,0.065,0.813265306122449,0.44752309719128147,6.66
0,scratch,full,25,random_matched,2,0.92,0.98,0.1226575,0.06,0.8143877551020409,0.4486861084574755,6.66
0,scratch,full,25,random_matched,3,0.92,0.98,0.15223825,0.065,0.8139795918367346,0.4509117864682576,6.66
0,scratch,full,25,random_matched,4,0.92,0.98,0.12163556,0.06,0.8139285714285716,0.45018155042344693,6.66
0,scratch,full,50,student,0,0.94,0.98,0.15190578,0.045,0.8270408163265307,0.5033538166576992,0.0
0,scratch,full,50,student,1,0.94,0.98,0.15190578,0.045,0.8270408163265307,0.5033538166576992,0.0
0,scratch,full,50,student,2,0.94,0.98,0.15190578,0.045,0.8270408163265307,0.5033538166576992,0.0
0,scratch,full,50,student,3,0.94,0.98,0.15190578,0.045,0.8270408163265307,0.5033538166576992,0.0
0,scratch,full,50,student,4,0.94,0.98,0.15190578,0.045,0.8270408163265307,0.5033538166576992,0.0
0,scratch,full,50,random,0,0.95,0.98,0.07085513,0.03,0.8246938775510205,0.48994748795493875,0.0
0,scratch,full,50,random,1,0.965,0.98,0.06002661,0.02,0.8235204081632653,0.4946262972715817,0.0
0,scratch,full,50,random,2,0.945,0.98,0.086035594,0.035,0.8219387755102041,0.47777470733476307,0.0
0,scratch,full,50,random,3,0.93,0.98,0.11281219,0.05,0.822857142857143,0.4756299304983063,0.0
0,scratch,full,50,random,4,0.945,0.98,0.12285635,0.04,0.8268877551020407,0.5175266882325791,0.0
0,scratch,full,50,random_rescue_10,0,0.915,0.98,0.20418489,0.07,0.8267346938775509,0.5066434770122195,10.0
0,scratch,full,50,random_rescue_10,1,0.92,0.98,0.1588871,0.06,0.8279591836734693,0.5101473590678473,10.0
0,scratch,full,50,random_rescue_10,2,0.935,0.98,0.10757313,0.045,0.8274489795918367,0.5081515869962385,10.0
0,scratch,full,50,random_rescue_10,3,0.945,0.98,0.103393175,0.035,0.827091836734694,0.5017578345718967,10.0
0,scratch,full,50,random_rescue_10,4,0.935,0.98,0.13096018,0.045,0.8259183673469388,0.4966797423534,10.0
0,scratch,full,50,foreground_rescue_10,0,0.975,0.98,0.02637648,0.01,0.7555612244897959,0.1834185971919438,7.005
0,scratch,full,50,foreground_rescue_10,1,0.965,0.98,0.0505614,0.02,0.7555612244897959,0.1834185971919438,7.005
0,scratch,full,50,foreground_rescue_10,2,0.97,0.98,0.03227386,0.015,0.7555612244897959,0.1834185971919438,7.005
0,scratch,full,50,foreground_rescue_10,3,0.97,0.98,0.05534406,0.015,0.7555612244897959,0.1834185971919438,7.005
0,scratch,full,50,foreground_rescue_10,4,0.965,0.98,0.03988175,0.02,0.7555612244897959,0.1834185971919438,7.005
0,scratch,full,50,low_score_rescue_10,0,0.945,0.98,0.13589486,0.04,0.8217857142857143,0.47636768775434774,10.0
0,scratch,full,50,low_score_rescue_10,1,0.94,0.98,0.1564856,0.045,0.8223469387755101,0.47456594978290123,10.0
0,scratch,full,50,low_score_rescue_10,2,0.935,0.98,0.11238842,0.05,0.8236224489795919,0.4876887598673925,10.0
0,scratch,full,50,low_score_rescue_10,3,0.935,0.98,0.15220922,0.05,0.8215306122448979,0.4794719445933975,10.0
0,scratch,full,50,low_score_rescue_10,4,0.945,0.98,0.11015305,0.035,0.8220408163265306,0.4877186614053223,10.0
0,scratch,full,50,random_matched,0,0.955,0.98,0.085004784,0.03,0.8244387755102041,0.4953423760443543,7.005
0,scratch,full,50,random_matched,1,0.955,0.98,0.082985066,0.03,0.8243877551020407,0.4939149221755849,7.005
0,scratch,full,50,random_matched,2,0.94,0.98,0.11462965,0.045,0.8254591836734694,0.4915571753438494,7.005
0,scratch,full,50,random_matched,3,0.95,0.98,0.14758329,0.035,0.8253571428571429,0.49768944077720895,7.005
0,scratch,full,50,random_matched,4,0.945,0.98,0.10137846,0.04,0.8252551020408163,0.4944582057904357,7.005
0,scratch,full,75,student,0,0.925,0.98,0.14337215,0.055,0.822295918367347,0.4665544253004719,0.0
0,scratch,full,75,student,1,0.925,0.98,0.14337215,0.055,0.822295918367347,0.4665544253004719,0.0
0,scratch,full,75,student,2,0.925,0.98,0.14337215,0.055,0.822295918367347,0.4665544253004719,0.0
0,scratch,full,75,student,3,0.925,0.98,0.14337215,0.055,0.822295918367347,0.4665544253004719,0.0
0,scratch,full,75,student,4,0.925,0.98,0.14337215,0.055,0.822295918367347,0.4665544253004719,0.0
0,scratch,full,75,random,0,0.95,0.98,0.07085513,0.03,0.8246938775510205,0.48994748795493875,0.0
0,scratch,full,75,random,1,0.965,0.98,0.06002661,0.02,0.8235204081632653,0.4946262972715817,0.0
0,scratch,full,75,random,2,0.945,0.98,0.086035594,0.035,0.8219387755102041,0.47777470733476307,0.0
0,scratch,full,75,random,3,0.93,0.98,0.11281219,0.05,0.822857142857143,0.4756299304983063,0.0
0,scratch,full,75,random,4,0.945,0.98,0.12285635,0.04,0.8268877551020407,0.5175266882325791,0.0
0,scratch,full,75,random_rescue_10,0,0.915,0.98,0.14832209,0.065,0.8225510204081633,0.4736831893167395,10.0
0,scratch,full,75,random_rescue_10,1,0.915,0.98,0.1528034,0.065,0.8206632653061224,0.45975707439677405,10.0
0,scratch,full,75,random_rescue_10,2,0.94,0.98,0.12656364,0.04,0.8249489795918368,0.4804261102007078,10.0
0,scratch,full,75,random_rescue_10,3,0.925,0.98,0.14938754,0.055,0.8209183673469389,0.4717999635199271,10.0
0,scratch,full,75,random_rescue_10,4,0.93,0.98,0.13011526,0.05,0.8241836734693877,0.4870749294681782,10.0
0,scratch,full,75,foreground_rescue_10,0,0.955,0.98,0.076690435,0.025,0.753061224489796,0.17322594955317686,6.785
0,scratch,full,75,foreground_rescue_10,1,0.94,0.98,0.105478376,0.04,0.753061224489796,0.17322594955317686,6.785
0,scratch,full,75,foreground_rescue_10,2,0.945,0.98,0.084626436,0.035,0.753061224489796,0.17322594955317686,6.785
0,scratch,full,75,foreground_rescue_10,3,0.95,0.98,0.07715269,0.03,0.753061224489796,0.17322594955317686,6.785
0,scratch,full,75,foreground_rescue_10,4,0.94,0.98,0.10563414,0.04,0.753061224489796,0.17322594955317686,6.785
0,scratch,full,75,low_score_rescue_10,0,0.93,0.98,0.1325635,0.05,0.8191836734693878,0.45190888045883637,10.0
0,scratch,full,75,low_score_rescue_10,1,0.92,0.98,0.14247619,0.06,0.8181632653061225,0.45703823974427543,10.0
0,scratch,full,75,low_score_rescue_10,2,0.91,0.98,0.19290528,0.07,0.8188265306122449,0.45899141414681605,10.0
0,scratch,full,75,low_score_rescue_10,3,0.915,0.98,0.18063879,0.065,0.8193877551020408,0.46309930168706137,10.0
0,scratch,full,75,low_score_rescue_10,4,0.925,0.98,0.1782556,0.06,0.8196428571428571,0.46325703316637856,10.0
0,scratch,full,75,random_matched,0,0.925,0.98,0.1546069,0.055,0.8201530612244897,0.4573236706997936,6.785
0,scratch,full,75,random_matched,1,0.925,0.98,0.15865298,0.055,0.8213775510204081,0.46358884700346376,6.785
0,scratch,full,75,random_matched,2,0.925,0.98,0.15315044,0.055,0.8206122448979591,0.46127699013272455,6.785
0,scratch,full,75,random_matched,3,0.935,0.98,0.10489748,0.045,0.8223469387755102,0.46600451065709925,6.785
0,scratch,full,75,random_matched,4,0.925,0.98,0.13008168,0.055,0.8213265306122449,0.4602023417193737,6.785
0,scratch,full,100,student,0,0.895,0.98,0.23709276,0.085,0.8217857142857143,0.48363542057082587,0.0
0,scratch,full,100,student,1,0.895,0.98,0.23709276,0.085,0.8217857142857143,0.48363542057082587,0.0
0,scratch,full,100,student,2,0.895,0.98,0.23709276,0.085,0.8217857142857143,0.48363542057082587,0.0
0,scratch,full,100,student,3,0.895,0.98,0.23709276,0.085,0.8217857142857143,0.48363542057082587,0.0
0,scratch,full,100,student,4,0.895,0.98,0.23709276,0.085,0.8217857142857143,0.48363542057082587,0.0
0,scratch,full,100,random,0,0.95,0.98,0.07085513,0.03,0.8246938775510205,0.48994748795493875,0.0
0,scratch,full,100,random,1,0.965,0.98,0.06002661,0.02,0.8235204081632653,0.4946262972715817,0.0
0,scratch,full,100,random,2,0.945,0.98,0.086035594,0.035,0.8219387755102041,0.47777470733476307,0.0
0,scratch,full,100,random,3,0.93,0.98,0.11281219,0.05,0.822857142857143,0.4756299304983063,0.0
0,scratch,full,100,random,4,0.945,0.98,0.12285635,0.04,0.8268877551020407,0.5175266882325791,0.0
0,scratch,full,100,random_rescue_10,0,0.925,0.98,0.1482209,0.06,0.8226530612244898,0.4850351448013401,10.0
0,scratch,full,100,random_rescue_10,1,0.92,0.98,0.17721951,0.065,0.8228571428571427,0.4893463012492173,10.0
0,scratch,full,100,random_rescue_10,2,0.905,0.98,0.19266121,0.075,0.8223979591836735,0.4861165170549882,10.0
0,scratch,full,100,random_rescue_10,3,0.925,0.98,0.16675445,0.055,0.8208673469387756,0.4836568645095082,10.0
0,scratch,full,100,random_rescue_10,4,0.91,0.98,0.16259423,0.07,0.8231122448979592,0.48962390782386717,10.0
0,scratch,full,100,foreground_rescue_10,0,0.945,0.98,0.10104082,0.04,0.7506122448979592,0.1710051288041095,6.975
0,scratch,full,100,foreground_rescue_10,1,0.945,0.98,0.124256164,0.04,0.7506122448979592,0.1710051288041095,6.975
0,scratch,full,100,foreground_rescue_10,2,0.945,0.98,0.109414175,0.04,0.7506122448979592,0.1710051288041095,6.975
0,scratch,full,100,foreground_rescue_10,3,0.945,0.98,0.10082163,0.04,0.7506122448979592,0.1710051288041095,6.975
0,scratch,full,100,foreground_rescue_10,4,0.945,0.98,0.11147786,0.04,0.7506122448979592,0.1710051288041095,6.975
0,scratch,full,100,low_score_rescue_10,0,0.92,0.98,0.16807619,0.06,0.8210714285714286,0.4802864039099626,10.0
0,scratch,full,100,low_score_rescue_10,1,0.925,0.98,0.17275083,0.055,0.8192857142857143,0.48227432689528427,10.0
0,scratch,full,100,low_score_rescue_10,2,0.925,0.98,0.18748175,0.055,0.8204591836734694,0.4827097583349687,10.0
0,scratch,full,100,low_score_rescue_10,3,0.915,0.98,0.21914648,0.065,0.8198469387755103,0.48692791307780803,10.0
0,scratch,full,100,low_score_rescue_10,4,0.91,0.98,0.19554454,0.07,0.8214795918367347,0.48580315226968324,10.0
0,scratch,full,100,random_matched,0,0.925,0.98,0.15207285,0.055,0.8208673469387756,0.4774114515579984,6.975
0,scratch,full,100,random_matched,1,0.915,0.98,0.17045112,0.065,0.8211734693877552,0.48200422035954593,6.975
0,scratch,full,100,random_matched,2,0.92,0.98,0.18764395,0.06,0.8203571428571428,0.47593535502462764,6.975
0,scratch,full,100,random_matched,3,0.915,0.98,0.17693104,0.065,0.8210204081632654,0.48282785581427,6.975
0,scratch,full,100,random_matched,4,0.91,0.98,0.18230513,0.07,0.8201530612244897,0.48241866198251543,6.975
0,scratch,low_score_rescue_10,0,student,0,0.875,0.98,0.3295332,0.105,0.850561224489796,0.5981794121635886,0.0
0,scratch,low_score_rescue_10,0,student,1,0.875,0.98,0.3295332,0.105,0.850561224489796,0.5981794121635886,0.0
0,scratch,low_score_rescue_10,0,student,2,0.875,0.98,0.3295332,0.105,0.850561224489796,0.5981794121635886,0.0
0,scratch,low_score_rescue_10,0,student,3,0.875,0.98,0.3295332,0.105,0.850561224489796,0.5981794121635886,0.0
0,scratch,low_score_rescue_10,0,student,4,0.875,0.98,0.3295332,0.105,0.850561224489796,0.5981794121635886,0.0
0,scratch,low_score_rescue_10,0,random,0,0.95,0.98,0.07085513,0.03,0.8246938775510205,0.48994748795493875,0.0
0,scratch,low_score_rescue_10,0,random,1,0.965,0.98,0.06002661,0.02,0.8235204081632653,0.4946262972715817,0.0
0,scratch,low_score_rescue_10,0,random,2,0.945,0.98,0.086035594,0.035,0.8219387755102041,0.47777470733476307,0.0
0,scratch,low_score_rescue_10,0,random,3,0.93,0.98,0.11281219,0.05,0.822857142857143,0.4756299304983063,0.0
0,scratch,low_score_rescue_10,0,random,4,0.945,0.98,0.12285635,0.04,0.8268877551020407,0.5175266882325791,0.0
0,scratch,low_score_rescue_10,0,random_rescue_10,0,0.895,0.98,0.20119835,0.085,0.8451530612244897,0.5638985049597482,10.0
0,scratch,low_score_rescue_10,0,random_rescue_10,1,0.87,0.98,0.2869938,0.11,0.8446428571428573,0.5759229810069456,10.0
0,scratch,low_score_rescue_10,0,random_rescue_10,2,0.905,0.98,0.23440336,0.075,0.846887755102041,0.5871443738245714,10.0
0,scratch,low_score_rescue_10,0,random_rescue_10,3,0.88,0.98,0.26195306,0.1,0.845,0.5784158401279986,10.0
0,scratch,low_score_rescue_10,0,random_rescue_10,4,0.88,0.98,0.28184977,0.1,0.8460204081632652,0.5803594066019169,10.0
0,scratch,low_score_rescue_10,0,foreground_rescue_10,0,0.925,0.98,0.12588541,0.055,0.775,0.23701169783036988,7.405
0,scratch,low_score_rescue_10,0,foreground_rescue_10,1,0.94,0.98,0.08395754,0.04,0.775,0.23701169783036988,7.405
0,scratch,low_score_rescue_10,0,foreground_rescue_10,2,0.96,0.98,0.06074478,0.02,0.775,0.23701169783036988,7.405
0,scratch,low_score_rescue_10,0,foreground_rescue_10,3,0.94,0.98,0.0930003,0.04,0.775,0.23701169783036988,7.405
0,scratch,low_score_rescue_10,0,foreground_rescue_10,4,0.965,0.98,0.049069263,0.015,0.775,0.23701169783036988,7.405
0,scratch,low_score_rescue_10,0,low_score_rescue_10,0,0.88,0.98,0.27229047,0.1,0.844795918367347,0.5859170772430334,10.0
0,scratch,low_score_rescue_10,0,low_score_rescue_10,1,0.865,0.98,0.30525488,0.115,0.8471428571428572,0.5853980915056881,10.0
0,scratch,low_score_rescue_10,0,low_score_rescue_10,2,0.865,0.98,0.30834445,0.115,0.8455102040816327,0.5882467356657168,10.0
0,scratch,low_score_rescue_10,0,low_score_rescue_10,3,0.885,0.98,0.2842727,0.095,0.844795918367347,0.5901691631743473,10.0
0,scratch,low_score_rescue_10,0,low_score_rescue_10,4,0.885,0.98,0.2839457,0.095,0.8456122448979592,0.585626088587124,10.0
0,scratch,low_score_rescue_10,0,random_matched,0,0.9,0.98,0.24033962,0.08,0.8449489795918368,0.5758685372196981,7.405
0,scratch,low_score_rescue_10,0,random_matched,1,0.885,0.98,0.2601635,0.095,0.8442346938775509,0.5774126876148028,7.405
0,scratch,low_score_rescue_10,0,random_matched,2,0.89,0.98,0.24671143,0.09,0.8443877551020408,0.5767761202652227,7.405
0,scratch,low_score_rescue_10,0,random_matched,3,0.91,0.98,0.23422426,0.07,0.8472448979591838,0.5843409831688942,7.405
0,scratch,low_score_rescue_10,0,random_matched,4,0.895,0.98,0.23182735,0.085,0.8461224489795919,0.5820094300469554,7.405
0,scratch,low_score_rescue_10,10,student,0,0.89,0.98,0.19939458,0.09,0.830204081632653,0.4858358057728264,0.0
0,scratch,low_score_rescue_10,10,student,1,0.89,0.98,0.19939458,0.09,0.830204081632653,0.4858358057728264,0.0
0,scratch,low_score_rescue_10,10,student,2,0.89,0.98,0.19939458,0.09,0.830204081632653,0.4858358057728264,0.0
0,scratch,low_score_rescue_10,10,student,3,0.89,0.98,0.19939458,0.09,0.830204081632653,0.4858358057728264,0.0
0,scratch,low_score_rescue_10,10,student,4,0.89,0.98,0.19939458,0.09,0.830204081632653,0.4858358057728264,0.0
0,scratch,low_score_rescue_10,10,random,0,0.95,0.98,0.07085513,0.03,0.8246938775510205,0.48994748795493875,0.0
0,scratch,low_score_rescue_10,10,random,1,0.965,0.98,0.06002661,0.02,0.8235204081632653,0.4946262972715817,0.0
0,scratch,low_score_rescue_10,10,random,2,0.945,0.98,0.086035594,0.035,0.8219387755102041,0.47777470733476307,0.0
0,scratch,low_score_rescue_10,10,random,3,0.93,0.98,0.11281219,0.05,0.822857142857143,0.4756299304983063,0.0
0,scratch,low_score_rescue_10,10,random,4,0.945,0.98,0.12285635,0.04,0.8268877551020407,0.5175266882325791,0.0
0,scratch,low_score_rescue_10,10,random_rescue_10,0,0.92,0.98,0.14018384,0.06,0.8274489795918367,0.48941814432290015,10.0
0,scratch,low_score_rescue_10,10,random_rescue_10,1,0.9,0.98,0.1849394,0.08,0.829795918367347,0.48748059215613965,10.0
0,scratch,low_score_rescue_10,10,random_rescue_10,2,0.935,0.98,0.11894131,0.045,0.8285714285714286,0.4872171707482544,10.0
0,scratch,low_score_rescue_10,10,random_rescue_10,3,0.905,0.98,0.16025434,0.075,0.8297959183673469,0.5039061391849012,10.0
0,scratch,low_score_rescue_10,10,random_rescue_10,4,0.925,0.98,0.14788166,0.055,0.8280612244897959,0.494038822329961,10.0
0,scratch,low_score_rescue_10,10,foreground_rescue_10,0,0.935,0.98,0.11858897,0.045,0.7621428571428572,0.18694700638239908,6.67
0,scratch,low_score_rescue_10,10,foreground_rescue_10,1,0.935,0.98,0.09046272,0.045,0.7621428571428572,0.18694700638239908,6.67
0,scratch,low_score_rescue_10,10,foreground_rescue_10,2,0.935,0.98,0.13100609,0.045,0.7621428571428572,0.18694700638239908,6.67
0,scratch,low_score_rescue_10,10,foreground_rescue_10,3,0.94,0.98,0.0927026,0.04,0.7621428571428572,0.18694700638239908,6.67
0,scratch,low_score_rescue_10,10,foreground_rescue_10,4,0.93,0.98,0.10813551,0.05,0.7621428571428572,0.18694700638239908,6.67
0,scratch,low_score_rescue_10,10,low_score_rescue_10,0,0.92,0.98,0.17473492,0.06,0.8295408163265305,0.48237292540681775,10.0
0,scratch,low_score_rescue_10,10,low_score_rescue_10,1,0.915,0.98,0.1792268,0.065,0.8286734693877551,0.47592843274732727,10.0
0,scratch,low_score_rescue_10,10,low_score_rescue_10,2,0.92,0.98,0.17048697,0.06,0.829795918367347,0.4839655053250044,10.0
0,scratch,low_score_rescue_10,10,low_score_rescue_10,3,0.915,0.98,0.17131132,0.065,0.8264795918367347,0.47331101479829263,10.0
0,scratch,low_score_rescue_10,10,low_score_rescue_10,4,0.915,0.98,0.15398014,0.065,0.8288265306122449,0.48571713968453645,10.0
0,scratch,low_score_rescue_10,10,random_matched,0,0.92,0.98,0.17474121,0.06,0.8270918367346937,0.4757455999754214,6.67
0,scratch,low_score_rescue_10,10,random_matched,1,0.895,0.98,0.1752742,0.085,0.8272448979591838,0.47904171298743325,6.67
0,scratch,low_score_rescue_10,10,random_matched,2,0.89,0.98,0.20797509,0.09,0.8245918367346939,0.4703261072076432,6.67
0,scratch,low_score_rescue_10,10,random_matched,3,0.895,0.98,0.17068636,0.085,0.8268877551020408,0.47434496415746735,6.67
0,scratch,low_score_rescue_10,10,random_matched,4,0.905,0.98,0.18053444,0.075,0.8287244897959184,0.48105445220307214,6.67
0,scratch,low_score_rescue_10,25,student,0,0.915,0.98,0.20329988,0.065,0.8347448979591837,0.5266113993325093,0.0
0,scratch,low_score_rescue_10,25,student,1,0.915,0.98,0.20329988,0.065,0.8347448979591837,0.5266113993325093,0.0
0,scratch,low_score_rescue_10,25,student,2,0.915,0.98,0.20329988,0.065,0.8347448979591837,0.5266113993325093,0.0
0,scratch,low_score_rescue_10,25,student,3,0.915,0.98,0.20329988,0.065,0.8347448979591837,0.5266113993325093,0.0
0,scratch,low_score_rescue_10,25,student,4,0.915,0.98,0.20329988,0.065,0.8347448979591837,0.5266113993325093,0.0
0,scratch,low_score_rescue_10,25,random,0,0.95,0.98,0.07085513,0.03,0.8246938775510205,0.48994748795493875,0.0
0,scratch,low_score_rescue_10,25,random,1,0.965,0.98,0.06002661,0.02,0.8235204081632653,0.4946262972715817,0.0
0,scratch,low_score_rescue_10,25,random,2,0.945,0.98,0.086035594,0.035,0.8219387755102041,0.47777470733476307,0.0
0,scratch,low_score_rescue_10,25,random,3,0.93,0.98,0.11281219,0.05,0.822857142857143,0.4756299304983063,0.0
0,scratch,low_score_rescue_10,25,random,4,0.945,0.98,0.12285635,0.04,0.8268877551020407,0.5175266882325791,0.0
0,scratch,low_score_rescue_10,25,random_rescue_10,0,0.92,0.98,0.1404933,0.06,0.8315306122448979,0.5216504002609252,10.0
0,scratch,low_score_rescue_10,25,random_rescue_10,1,0.91,0.98,0.17147692,0.07,0.8333163265306124,0.516365798014176,10.0
0,scratch,low_score_rescue_10,25,random_rescue_10,2,0.915,0.98,0.15537094,0.07,0.832091836734694,0.5163960926272841,10.0
0,scratch,low_score_rescue_10,25,random_rescue_10,3,0.94,0.98,0.1444953,0.04,0.8308163265306123,0.5154333836527041,10.0
0,scratch,low_score_rescue_10,25,random_rescue_10,4,0.935,0.98,0.12276081,0.045,0.8329081632653061,0.5044944330688278,10.0
0,scratch,low_score_rescue_10,25,foreground_rescue_10,0,0.935,0.98,0.13329096,0.045,0.7620408163265308,0.1956671886675761,7.125
0,scratch,low_score_rescue_10,25,foreground_rescue_10,1,0.945,0.98,0.102254756,0.035,0.7620408163265308,0.1956671886675761,7.125
0,scratch,low_score_rescue_10,25,foreground_rescue_10,2,0.935,0.98,0.09968254,0.045,0.7620408163265308,0.1956671886675761,7.125
0,scratch,low_score_rescue_10,25,foreground_rescue_10,3,0.945,0.98,0.101015,0.035,0.7620408163265308,0.1956671886675761,7.125
0,scratch,low_score_rescue_10,25,foreground_rescue_10,4,0.94,0.98,0.10510811,0.04,0.7620408163265308,0.1956671886675761,7.125
0,scratch,low_score_rescue_10,25,low_score_rescue_10,0,0.92,0.98,0.13559979,0.06,0.832295918367347,0.5217371371435151,10.0
0,scratch,low_score_rescue_10,25,low_score_rescue_10,1,0.895,0.98,0.19307852,0.085,0.830969387755102,0.5028558151385746,10.0
0,scratch,low_score_rescue_10,25,low_score_rescue_10,2,0.9,0.98,0.18074913,0.08,0.8315816326530613,0.5095336110888269,10.0
0,scratch,low_score_rescue_10,25,low_score_rescue_10,3,0.94,0.98,0.12745371,0.04,0.8323469387755102,0.5166485975530786,10.0
0,scratch,low_score_rescue_10,25,low_score_rescue_10,4,0.9,0.98,0.20533398,0.08,0.8309693877551021,0.5074638082194424,10.0
0,scratch,low_score_rescue_10,25,random_matched,0,0.925,0.98,0.17948227,0.055,0.8317857142857141,0.5188322896122395,7.125
0,scratch,low_score_rescue_10,25,random_matched,1,0.92,0.98,0.1700237,0.06,0.832704081632653,0.5237955333289652,7.125
0,scratch,low_score_rescue_10,25,random_matched,2,0.92,0.98,0.15370136,0.06,0.8313775510204081,0.5144137283644419,7.125
0,scratch,low_score_rescue_10,25,random_matched,3,0.9,0.98,0.17552796,0.08,0.8332653061224491,0.5196544848567191,7.125
0,scratch,low_score_rescue_10,25,random_matched,4,0.925,0.98,0.16050804,0.055,0.8313265306122449,0.514015408301718,7.125
0,scratch,low_score_rescue_10,50,student,0,0.87,0.98,0.2554009,0.11,0.8288775510204082,0.5054749142291304,0.0
0,scratch,low_score_rescue_10,50,student,1,0.87,0.98,0.2554009,0.11,0.8288775510204082,0.5054749142291304,0.0
0,scratch,low_score_rescue_10,50,student,2,0.87,0.98,0.2554009,0.11,0.8288775510204082,0.5054749142291304,0.0
0,scratch,low_score_rescue_10,50,student,3,0.87,0.98,0.2554009,0.11,0.8288775510204082,0.5054749142291304,0.0
0,scratch,low_score_rescue_10,50,student,4,0.87,0.98,0.2554009,0.11,0.8288775510204082,0.5054749142291304,0.0
0,scratch,low_score_rescue_10,50,random,0,0.95,0.98,0.07085513,0.03,0.8246938775510205,0.48994748795493875,0.0
0,scratch,low_score_rescue_10,50,random,1,0.965,0.98,0.06002661,0.02,0.8235204081632653,0.4946262972715817,0.0
0,scratch,low_score_rescue_10,50,random,2,0.945,0.98,0.086035594,0.035,0.8219387755102041,0.47777470733476307,0.0
0,scratch,low_score_rescue_10,50,random,3,0.93,0.98,0.11281219,0.05,0.822857142857143,0.4756299304983063,0.0
0,scratch,low_score_rescue_10,50,random,4,0.945,0.98,0.12285635,0.04,0.8268877551020407,0.5175266882325791,0.0
0,scratch,low_score_rescue_10,50,random_rescue_10,0,0.905,0.98,0.21186577,0.075,0.8262755102040816,0.508061922608277,10.0
0,scratch,low_score_rescue_10,50,random_rescue_10,1,0.875,0.98,0.28337994,0.105,0.8284183673469389,0.5072755269772298,10.0
0,scratch,low_score_rescue_10,50,random_rescue_10,2,0.9,0.98,0.19718625,0.08,0.8286224489795919,0.5001143813969554,10.0
0,scratch,low_score_rescue_10,50,random_rescue_10,3,0.9,0.98,0.18358423,0.08,0.8306632653061224,0.5174704519595678,10.0
0,scratch,low_score_rescue_10,50,random_rescue_10,4,0.89,0.98,0.19772997,0.09,0.8279081632653061,0.5078794677003257,10.0
0,scratch,low_score_rescue_10,50,foreground_rescue_10,0,0.92,0.98,0.116479225,0.06,0.7568367346938776,0.18665933268115745,7.06
0,scratch,low_score_rescue_10,50,foreground_rescue_10,1,0.925,0.98,0.110048965,0.055,0.7568367346938776,0.18665933268115745,7.06
0,scratch,low_score_rescue_10,50,foreground_rescue_10,2,0.92,0.98,0.12644364,0.06,0.7568367346938776,0.18665933268115745,7.06
0,scratch,low_score_rescue_10,50,foreground_rescue_10,3,0.935,0.98,0.11150256,0.045,0.7568367346938776,0.18665933268115745,7.06
0,scratch,low_score_rescue_10,50,foreground_rescue_10,4,0.92,0.98,0.11794861,0.06,0.7568367346938776,0.18665933268115745,7.06
0,scratch,low_score_rescue_10,50,low_score_rescue_10,0,0.9,0.98,0.19973388,0.08,0.8256122448979591,0.49096980287400693,10.0
0,scratch,low_score_rescue_10,50,low_score_rescue_10,1,0.87,0.98,0.2822813,0.11,0.8255102040816327,0.47955848001891904,10.0
0,scratch,low_score_rescue_10,50,low_score_rescue_10,2,0.905,0.98,0.2030698,0.075,0.8259693877551021,0.481235275020507,10.0
0,scratch,low_score_rescue_10,50,low_score_rescue_10,3,0.905,0.98,0.18384747,0.075,0.8261224489795918,0.48840194419882765,10.0
0,scratch,low_score_rescue_10,50,low_score_rescue_10,4,0.915,0.98,0.18366009,0.065,0.8245918367346938,0.4808814578777422,10.0
0,scratch,low_score_rescue_10,50,random_matched,0,0.905,0.98,0.20200591,0.075,0.8267857142857143,0.4957583605339256,7.06
0,scratch,low_score_rescue_10,50,random_matched,1,0.9,0.98,0.17446224,0.08,0.8264285714285714,0.49555634538573634,7.06
0,scratch,low_score_rescue_10,50,random_matched,2,0.875,0.98,0.2432531,0.105,0.8272448979591835,0.49798213691818816,7.06
0,scratch,low_score_rescue_10,50,random_matched,3,0.895,0.98,0.18980171,0.085,0.8288775510204082,0.5025622329889945,7.06
0,scratch,low_score_rescue_10,50,random_matched,4,0.875,0.98,0.2510914,0.105,0.8284183673469389,0.5035701738686553,7.06
0,scratch,low_score_rescue_10,75,student,0,0.88,0.98,0.2753346,0.1,0.8255102040816327,0.5150634228329377,0.0
0,scratch,low_score_rescue_10,75,student,1,0.88,0.98,0.2753346,0.1,0.8255102040816327,0.5150634228329377,0.0
0,scratch,low_score_rescue_10,75,student,2,0.88,0.98,0.2753346,0.1,0.8255102040816327,0.5150634228329377,0.0
0,scratch,low_score_rescue_10,75,student,3,0.88,0.98,0.2753346,0.1,0.8255102040816327,0.5150634228329377,0.0
0,scratch,low_score_rescue_10,75,student,4,0.88,0.98,0.2753346,0.1,0.8255102040816327,0.5150634228329377,0.0
0,scratch,low_score_rescue_10,75,random,0,0.95,0.98,0.07085513,0.03,0.8246938775510205,0.48994748795493875,0.0
0,scratch,low_score_rescue_10,75,random,1,0.965,0.98,0.06002661,0.02,0.8235204081632653,0.4946262972715817,0.0
0,scratch,low_score_rescue_10,75,random,2,0.945,0.98,0.086035594,0.035,0.8219387755102041,0.47777470733476307,0.0
0,scratch,low_score_rescue_10,75,random,3,0.93,0.98,0.11281219,0.05,0.822857142857143,0.4756299304983063,0.0
0,scratch,low_score_rescue_10,75,random,4,0.945,0.98,0.12285635,0.04,0.8268877551020407,0.5175266882325791,0.0
0,scratch,low_score_rescue_10,75,random_rescue_10,0,0.915,0.98,0.17998594,0.065,0.8257653061224489,0.4986813406335998,10.0
0,scratch,low_score_rescue_10,75,random_rescue_10,1,0.9,0.98,0.20499168,0.08,0.825204081632653,0.5091180227909666,10.0
0,scratch,low_score_rescue_10,75,random_rescue_10,2,0.91,0.98,0.19890504,0.07,0.8265816326530612,0.5086118171447818,10.0
0,scratch,low_score_rescue_10,75,random_rescue_10,3,0.895,0.98,0.1861661,0.085,0.8248469387755102,0.5076300236095441,10.0
0,scratch,low_score_rescue_10,75,random_rescue_10,4,0.92,0.98,0.14853619,0.06,0.8263265306122449,0.5168262260257849,10.0
0,scratch,low_score_rescue_10,75,foreground_rescue_10,0,0.945,0.98,0.10382037,0.04,0.751938775510204,0.1858043942056306,7.21
0,scratch,low_score_rescue_10,75,foreground_rescue_10,1,0.95,0.98,0.10526024,0.035,0.751938775510204,0.1858043942056306,7.21
0,scratch,low_score_rescue_10,75,foreground_rescue_10,2,0.94,0.98,0.12273442,0.045,0.751938775510204,0.1858043942056306,7.21
0,scratch,low_score_rescue_10,75,foreground_rescue_10,3,0.94,0.98,0.116585515,0.045,0.751938775510204,0.1858043942056306,7.21
0,scratch,low_score_rescue_10,75,foreground_rescue_10,4,0.945,0.98,0.11845745,0.04,0.751938775510204,0.1858043942056306,7.21
0,scratch,low_score_rescue_10,75,low_score_rescue_10,0,0.91,0.98,0.19325483,0.07,0.8219387755102041,0.4955175248185775,10.0
0,scratch,low_score_rescue_10,75,low_score_rescue_10,1,0.92,0.98,0.16413364,0.06,0.8225,0.4962067853676622,10.0
0,scratch,low_score_rescue_10,75,low_score_rescue_10,2,0.905,0.98,0.16204752,0.075,0.8218877551020407,0.4982676289239032,10.0
0,scratch,low_score_rescue_10,75,low_score_rescue_10,3,0.92,0.98,0.14028594,0.06,0.8215816326530612,0.4966758488698489,10.0
0,scratch,low_score_rescue_10,75,low_score_rescue_10,4,0.905,0.98,0.17735773,0.075,0.8209183673469389,0.4934843338893803,10.0
0,scratch,low_score_rescue_10,75,random_matched,0,0.9,0.98,0.2300034,0.08,0.8240816326530611,0.5006339678288069,7.21
0,scratch,low_score_rescue_10,75,random_matched,1,0.91,0.98,0.21716288,0.07,0.8234183673469389,0.5045912974577061,7.21
0,scratch,low_score_rescue_10,75,random_matched,2,0.895,0.98,0.22906925,0.085,0.8259183673469388,0.5073025882873733,7.21
0,scratch,low_score_rescue_10,75,random_matched,3,0.9,0.98,0.19926263,0.08,0.8270408163265306,0.5095733023162454,7.21
0,scratch,low_score_rescue_10,75,random_matched,4,0.91,0.98,0.21594195,0.075,0.8251530612244897,0.505143322169699,7.21
0,scratch,low_score_rescue_10,100,student,0,0.87,0.98,0.30094913,0.11,0.8233163265306124,0.5033100168712011,0.0
0,scratch,low_score_rescue_10,100,student,1,0.87,0.98,0.30094913,0.11,0.8233163265306124,0.5033100168712011,0.0
0,scratch,low_score_rescue_10,100,student,2,0.87,0.98,0.30094913,0.11,0.8233163265306124,0.5033100168712011,0.0
0,scratch,low_score_rescue_10,100,student,3,0.87,0.98,0.30094913,0.11,0.8233163265306124,0.5033100168712011,0.0
0,scratch,low_score_rescue_10,100,student,4,0.87,0.98,0.30094913,0.11,0.8233163265306124,0.5033100168712011,0.0
0,scratch,low_score_rescue_10,100,random,0,0.95,0.98,0.07085513,0.03,0.8246938775510205,0.48994748795493875,0.0
0,scratch,low_score_rescue_10,100,random,1,0.965,0.98,0.06002661,0.02,0.8235204081632653,0.4946262972715817,0.0
0,scratch,low_score_rescue_10,100,random,2,0.945,0.98,0.086035594,0.035,0.8219387755102041,0.47777470733476307,0.0
0,scratch,low_score_rescue_10,100,random,3,0.93,0.98,0.11281219,0.05,0.822857142857143,0.4756299304983063,0.0
0,scratch,low_score_rescue_10,100,random,4,0.945,0.98,0.12285635,0.04,0.8268877551020407,0.5175266882325791,0.0
0,scratch,low_score_rescue_10,100,random_rescue_10,0,0.89,0.98,0.2060519,0.09,0.8246938775510205,0.5034480595673331,10.0
0,scratch,low_score_rescue_10,100,random_rescue_10,1,0.88,0.98,0.24729598,0.1,0.8241836734693877,0.4993874192310742,10.0
0,scratch,low_score_rescue_10,100,random_rescue_10,2,0.905,0.98,0.22940221,0.075,0.8224489795918367,0.4983973034159714,10.0
0,scratch,low_score_rescue_10,100,random_rescue_10,3,0.88,0.98,0.27432317,0.1,0.8238775510204082,0.5003963462552806,10.0
0,scratch,low_score_rescue_10,100,random_rescue_10,4,0.915,0.98,0.1963686,0.065,0.8241326530612245,0.49941125929806895,10.0
0,scratch,low_score_rescue_10,100,foreground_rescue_10,0,0.915,0.98,0.15785089,0.065,0.7504081632653061,0.18118948028816345,7.145
0,scratch,low_score_rescue_10,100,foreground_rescue_10,1,0.925,0.98,0.14383712,0.055,0.7504081632653061,0.18118948028816345,7.145
0,scratch,low_score_rescue_10,100,foreground_rescue_10,2,0.925,0.98,0.14166677,0.055,0.7504081632653061,0.18118948028816345,7.145
0,scratch,low_score_rescue_10,100,foreground_rescue_10,3,0.93,0.98,0.12990478,0.05,0.7504081632653061,0.18118948028816345,7.145
0,scratch,low_score_rescue_10,100,foreground_rescue_10,4,0.925,0.98,0.1344691,0.055,0.7504081632653061,0.18118948028816345,7.145
0,scratch,low_score_rescue_10,100,low_score_rescue_10,0,0.9,0.98,0.2334414,0.08,0.8193877551020406,0.4817973337975161,10.0
0,scratch,low_score_rescue_10,100,low_score_rescue_10,1,0.87,0.98,0.31842774,0.11,0.821530612244898,0.48270280574896757,10.0
0,scratch,low_score_rescue_10,100,low_score_rescue_10,2,0.9,0.98,0.24118412,0.08,0.8208163265306122,0.48222745319103233,10.0
0,scratch,low_score_rescue_10,100,low_score_rescue_10,3,0.915,0.98,0.18678732,0.065,0.8212244897959183,0.48802268624216744,10.0
0,scratch,low_score_rescue_10,100,low_score_rescue_10,4,0.89,0.98,0.23516683,0.09,0.8210714285714286,0.48412114530037126,10.0
0,scratch,low_score_rescue_10,100,random_matched,0,0.88,0.98,0.29252505,0.1,0.8229591836734693,0.49860559525541953,7.145
0,scratch,low_score_rescue_10,100,random_matched,1,0.905,0.98,0.23114122,0.075,0.8196938775510205,0.4917219997381033,7.145
0,scratch,low_score_rescue_10,100,random_matched,2,0.87,0.98,0.27292323,0.11,0.8225,0.49812906125209416,7.145
0,scratch,low_score_rescue_10,100,random_matched,3,0.89,0.98,0.21200863,0.09,0.8235204081632653,0.4948854783715797,7.145
0,scratch,low_score_rescue_10,100,random_matched,4,0.9,0.98,0.24745733,0.08,0.8231632653061225,0.49429269090803235,7.145
0,scratch,random,0,student,0,0.875,0.98,0.3295332,0.105,0.850561224489796,0.5981794121635886,0.0
0,scratch,random,0,student,1,0.875,0.98,0.3295332,0.105,0.850561224489796,0.5981794121635886,0.0
0,scratch,random,0,student,2,0.875,0.98,0.3295332,0.105,0.850561224489796,0.5981794121635886,0.0
0,scratch,random,0,student,3,0.875,0.98,0.3295332,0.105,0.850561224489796,0.5981794121635886,0.0
0,scratch,random,0,student,4,0.875,0.98,0.3295332,0.105,0.850561224489796,0.5981794121635886,0.0
0,scratch,random,0,random,0,0.95,0.98,0.07085513,0.03,0.8246938775510205,0.48994748795493875,0.0
0,scratch,random,0,random,1,0.965,0.98,0.06002661,0.02,0.8235204081632653,0.4946262972715817,0.0
0,scratch,random,0,random,2,0.945,0.98,0.086035594,0.035,0.8219387755102041,0.47777470733476307,0.0
0,scratch,random,0,random,3,0.93,0.98,0.11281219,0.05,0.822857142857143,0.4756299304983063,0.0
0,scratch,random,0,random,4,0.945,0.98,0.12285635,0.04,0.8268877551020407,0.5175266882325791,0.0
0,scratch,random,0,random_rescue_10,0,0.895,0.98,0.20119835,0.085,0.8451530612244897,0.5638985049597482,10.0
0,scratch,random,0,random_rescue_10,1,0.87,0.98,0.2869938,0.11,0.8446428571428573,0.5759229810069456,10.0
0,scratch,random,0,random_rescue_10,2,0.905,0.98,0.23440336,0.075,0.846887755102041,0.5871443738245714,10.0
0,scratch,random,0,random_rescue_10,3,0.88,0.98,0.26195306,0.1,0.845,0.5784158401279986,10.0
0,scratch,random,0,random_rescue_10,4,0.88,0.98,0.28184977,0.1,0.8460204081632652,0.5803594066019169,10.0
0,scratch,random,0,foreground_rescue_10,0,0.925,0.98,0.12588541,0.055,0.775,0.23701169783036988,7.405
0,scratch,random,0,foreground_rescue_10,1,0.94,0.98,0.08395754,0.04,0.775,0.23701169783036988,7.405
0,scratch,random,0,foreground_rescue_10,2,0.96,0.98,0.06074478,0.02,0.775,0.23701169783036988,7.405
0,scratch,random,0,foreground_rescue_10,3,0.94,0.98,0.0930003,0.04,0.775,0.23701169783036988,7.405
0,scratch,random,0,foreground_rescue_10,4,0.965,0.98,0.049069263,0.015,0.775,0.23701169783036988,7.405
0,scratch,random,0,low_score_rescue_10,0,0.88,0.98,0.27229047,0.1,0.844795918367347,0.5859170772430334,10.0
0,scratch,random,0,low_score_rescue_10,1,0.865,0.98,0.30525488,0.115,0.8471428571428572,0.5853980915056881,10.0
0,scratch,random,0,low_score_rescue_10,2,0.865,0.98,0.30834445,0.115,0.8455102040816327,0.5882467356657168,10.0
0,scratch,random,0,low_score_rescue_10,3,0.885,0.98,0.2842727,0.095,0.844795918367347,0.5901691631743473,10.0
0,scratch,random,0,low_score_rescue_10,4,0.885,0.98,0.2839457,0.095,0.8456122448979592,0.585626088587124,10.0
0,scratch,random,0,random_matched,0,0.9,0.98,0.24033962,0.08,0.8449489795918368,0.5758685372196981,7.405
0,scratch,random,0,random_matched,1,0.885,0.98,0.2601635,0.095,0.8442346938775509,0.5774126876148028,7.405
0,scratch,random,0,random_matched,2,0.89,0.98,0.24671143,0.09,0.8443877551020408,0.5767761202652227,7.405
0,scratch,random,0,random_matched,3,0.91,0.98,0.23422426,0.07,0.8472448979591838,0.5843409831688942,7.405
0,scratch,random,0,random_matched,4,0.895,0.98,0.23182735,0.085,0.8461224489795919,0.5820094300469554,7.405
0,scratch,random,10,student,0,0.875,0.98,0.29558605,0.105,0.8276020408163265,0.49885192057833816,0.0
0,scratch,random,10,student,1,0.875,0.98,0.29558605,0.105,0.8276020408163265,0.49885192057833816,0.0
0,scratch,random,10,student,2,0.875,0.98,0.29558605,0.105,0.8276020408163265,0.49885192057833816,0.0
0,scratch,random,10,student,3,0.875,0.98,0.29558605,0.105,0.8276020408163265,0.49885192057833816,0.0
0,scratch,random,10,student,4,0.875,0.98,0.29558605,0.105,0.8276020408163265,0.49885192057833816,0.0
0,scratch,random,10,random,0,0.95,0.98,0.07085513,0.03,0.8246938775510205,0.48994748795493875,0.0
0,scratch,random,10,random,1,0.965,0.98,0.06002661,0.02,0.8235204081632653,0.4946262972715817,0.0
0,scratch,random,10,random,2,0.945,0.98,0.086035594,0.035,0.8219387755102041,0.47777470733476307,0.0
0,scratch,random,10,random,3,0.93,0.98,0.11281219,0.05,0.822857142857143,0.4756299304983063,0.0
0,scratch,random,10,random,4,0.945,0.98,0.12285635,0.04,0.8268877551020407,0.5175266882325791,0.0
0,scratch,random,10,random_rescue_10,0,0.925,0.98,0.18665479,0.055,0.8256632653061224,0.4978218378652452,10.0
0,scratch,random,10,random_rescue_10,1,0.895,0.98,0.22168036,0.085,0.8276020408163265,0.5039314916272584,10.0
0,scratch,random,10,random_rescue_10,2,0.91,0.98,0.17249243,0.07,0.8265306122448979,0.49909838327696776,10.0
0,scratch,random,10,random_rescue_10,3,0.89,0.98,0.23586494,0.09,0.8276020408163265,0.504408314145909,10.0
0,scratch,random,10,random_rescue_10,4,0.9,0.98,0.19487374,0.08,0.8279591836734693,0.4992665168210363,10.0
0,scratch,random,10,foreground_rescue_10,0,0.92,0.98,0.162485,0.06,0.7565306122448979,0.18259781044725087,6.965
0,scratch,random,10,foreground_rescue_10,1,0.93,0.98,0.13471507,0.05,0.7565306122448979,0.18259781044725087,6.965
0,scratch,random,10,foreground_rescue_10,2,0.92,0.98,0.14573087,0.06,0.7565306122448979,0.18259781044725087,6.965
0,scratch,random,10,foreground_rescue_10,3,0.915,0.98,0.16876148,0.065,0.7565306122448979,0.18259781044725087,6.965
0,scratch,random,10,foreground_rescue_10,4,0.925,0.98,0.1529095,0.055,0.7565306122448979,0.18259781044725087,6.965
0,scratch,random,10,low_score_rescue_10,0,0.91,0.98,0.20288983,0.07,0.8236224489795919,0.48198699250511373,10.0
0,scratch,random,10,low_score_rescue_10,1,0.895,0.98,0.24690826,0.085,0.8248979591836735,0.48990553541391213,10.0
0,scratch,random,10,low_score_rescue_10,2,0.885,0.98,0.28765598,0.095,0.8254081632653061,0.4861922047672061,10.0
0,scratch,random,10,low_score_rescue_10,3,0.9,0.98,0.25260943,0.08,0.8245918367346938,0.48744726535163224,10.0
0,scratch,random,10,low_score_rescue_10,4,0.915,0.98,0.20483384,0.065,0.824795918367347,0.4881056833542559,10.0
0,scratch,random,10,random_matched,0,0.88,0.98,0.2824558,0.1,0.8270408163265306,0.4951606687177454,6.965
0,scratch,random,10,random_matched,1,0.89,0.98,0.25118285,0.09,0.8264285714285714,0.49556622303334324,6.965
0,scratch,random,10,random_matched,2,0.88,0.98,0.27869874,0.1,0.8259183673469388,0.488421876664339,6.965
0,scratch,random,10,random_matched,3,0.875,0.98,0.32312104,0.105,0.8273979591836735,0.4987089605752752,6.965
0,scratch,random,10,random_matched,4,0.91,0.98,0.19499739,0.07,0.8260204081632654,0.49079052030858517,6.965
0,scratch,random,25,student,0,0.9,0.98,0.24870667,0.08,0.8366836734693877,0.5234706018808408,0.0
0,scratch,random,25,student,1,0.9,0.98,0.24870667,0.08,0.8366836734693877,0.5234706018808408,0.0
0,scratch,random,25,student,2,0.9,0.98,0.24870667,0.08,0.8366836734693877,0.5234706018808408,0.0
0,scratch,random,25,student,3,0.9,0.98,0.24870667,0.08,0.8366836734693877,0.5234706018808408,0.0
0,scratch,random,25,student,4,0.9,0.98,0.24870667,0.08,0.8366836734693877,0.5234706018808408,0.0
0,scratch,random,25,random,0,0.95,0.98,0.07085513,0.03,0.8246938775510205,0.48994748795493875,0.0
0,scratch,random,25,random,1,0.965,0.98,0.06002661,0.02,0.8235204081632653,0.4946262972715817,0.0
0,scratch,random,25,random,2,0.945,0.98,0.086035594,0.035,0.8219387755102041,0.47777470733476307,0.0
0,scratch,random,25,random,3,0.93,0.98,0.11281219,0.05,0.822857142857143,0.4756299304983063,0.0
0,scratch,random,25,random,4,0.945,0.98,0.12285635,0.04,0.8268877551020407,0.5175266882325791,0.0
0,scratch,random,25,random_rescue_10,0,0.915,0.98,0.22143991,0.065,0.8346428571428572,0.5273653301379333,10.0
0,scratch,random,25,random_rescue_10,1,0.895,0.98,0.24477157,0.085,0.835204081632653,0.5257905460107064,10.0
0,scratch,random,25,random_rescue_10,2,0.91,0.98,0.2301022,0.075,0.8338775510204082,0.5081944525024378,10.0
0,scratch,random,25,random_rescue_10,3,0.9,0.98,0.2332019,0.08,0.8340816326530611,0.5146424048975838,10.0
0,scratch,random,25,random_rescue_10,4,0.92,0.98,0.17889902,0.06,0.8328061224489796,0.5125606904832741,10.0
0,scratch,random,25,foreground_rescue_10,0,0.94,0.98,0.105739355,0.045,0.7628571428571429,0.2020054258297294,7.235
0,scratch,random,25,foreground_rescue_10,1,0.93,0.98,0.12225733,0.055,0.7628571428571429,0.2020054258297294,7.235
0,scratch,random,25,foreground_rescue_10,2,0.94,0.98,0.1182173,0.045,0.7628571428571429,0.2020054258297294,7.235
0,scratch,random,25,foreground_rescue_10,3,0.955,0.98,0.08041646,0.03,0.7628571428571429,0.2020054258297294,7.235
0,scratch,random,25,foreground_rescue_10,4,0.95,0.98,0.09085379,0.035,0.7628571428571429,0.2020054258297294,7.235
0,scratch,random,25,low_score_rescue_10,0,0.895,0.98,0.24450725,0.085,0.8303061224489795,0.5003485591009427,10.0
0,scratch,random,25,low_score_rescue_10,1,0.91,0.98,0.17687765,0.07,0.8307142857142857,0.5017091347846413,10.0
0,scratch,random,25,low_score_rescue_10,2,0.91,0.98,0.20200749,0.07,0.8315306122448979,0.5104300767081775,10.0
0,scratch,random,25,low_score_rescue_10,3,0.9,0.98,0.23199883,0.08,0.8305102040816326,0.5070775596624538,10.0
0,scratch,random,25,low_score_rescue_10,4,0.89,0.98,0.24169594,0.09,0.8296428571428572,0.5038171249602332,10.0
0,scratch,random,25,random_matched,0,0.89,0.98,0.24892941,0.09,0.8333673469387756,0.5135518816907237,7.235
0,scratch,random,25,random_matched,1,0.895,0.98,0.24312481,0.085,0.8329591836734693,0.5121111466185541,7.235
0,scratch,random,25,random_matched,2,0.9,0.98,0.24646729,0.08,0.8328061224489796,0.507295403204518,7.235
0,scratch,random,25,random_matched,3,0.89,0.98,0.25461555,0.09,0.8324489795918367,0.5068178850378359,7.235
0,scratch,random,25,random_matched,4,0.895,0.98,0.23823506,0.085,0.8328061224489797,0.5110144032225802,7.235
0,scratch,random,50,student,0,0.91,0.98,0.19557981,0.07,0.8262244897959183,0.47175435572488134,0.0
0,scratch,random,50,student,1,0.91,0.98,0.19557981,0.07,0.8262244897959183,0.47175435572488134,0.0
0,scratch,random,50,student,2,0.91,0.98,0.19557981,0.07,0.8262244897959183,0.47175435572488134,0.0
0,scratch,random,50,student,3,0.91,0.98,0.19557981,0.07,0.8262244897959183,0.47175435572488134,0.0
0,scratch,random,50,student,4,0.91,0.98,0.19557981,0.07,0.8262244897959183,0.47175435572488134,0.0
0,scratch,random,50,random,0,0.95,0.98,0.07085513,0.03,0.8246938775510205,0.48994748795493875,0.0
0,scratch,random,50,random,1,0.965,0.98,0.06002661,0.02,0.8235204081632653,0.4946262972715817,0.0
0,scratch,random,50,random,2,0.945,0.98,0.086035594,0.035,0.8219387755102041,0.47777470733476307,0.0
0,scratch,random,50,random,3,0.93,0.98,0.11281219,0.05,0.822857142857143,0.4756299304983063,0.0
0,scratch,random,50,random,4,0.945,0.98,0.12285635,0.04,0.8268877551020407,0.5175266882325791,0.0
0,scratch,random,50,random_rescue_10,0,0.935,0.98,0.13589334,0.045,0.8258163265306122,0.48452690068020393,10.0
0,scratch,random,50,random_rescue_10,1,0.915,0.98,0.15684827,0.065,0.8249489795918368,0.4776510256592528,10.0
0,scratch,random,50,random_rescue_10,2,0.92,0.98,0.16466576,0.06,0.8253571428571428,0.4644146479979252,10.0
0,scratch,random,50,random_rescue_10,3,0.92,0.98,0.16002403,0.06,0.8259183673469387,0.4792446261417162,10.0
0,scratch,random,50,random_rescue_10,4,0.93,0.98,0.15196002,0.05,0.8231122448979593,0.4642643776115787,10.0
0,scratch,random,50,foreground_rescue_10,0,0.94,0.98,0.08049103,0.04,0.7539795918367347,0.17188039839899813,7.08
0,scratch,random,50,foreground_rescue_10,1,0.94,0.98,0.10622044,0.04,0.7539795918367347,0.17188039839899813,7.08
0,scratch,random,50,foreground_rescue_10,2,0.945,0.98,0.08169916,0.035,0.7539795918367347,0.17188039839899813,7.08
0,scratch,random,50,foreground_rescue_10,3,0.94,0.98,0.09229806,0.04,0.7539795918367347,0.17188039839899813,7.08
0,scratch,random,50,foreground_rescue_10,4,0.935,0.98,0.096388586,0.045,0.7539795918367347,0.17188039839899813,7.08
0,scratch,random,50,low_score_rescue_10,0,0.925,0.98,0.14617056,0.055,0.8223979591836733,0.4591608126123674,10.0
0,scratch,random,50,low_score_rescue_10,1,0.93,0.98,0.1484332,0.055,0.822091836734694,0.45652823964451933,10.0
0,scratch,random,50,low_score_rescue_10,2,0.91,0.98,0.18243447,0.075,0.8244387755102041,0.4675344338996669,10.0
0,scratch,random,50,low_score_rescue_10,3,0.905,0.98,0.15632677,0.08,0.8236734693877551,0.46429457962051746,10.0
0,scratch,random,50,low_score_rescue_10,4,0.92,0.98,0.14797565,0.065,0.8231632653061225,0.4687002551200165,10.0
0,scratch,random,50,random_matched,0,0.92,0.98,0.15483773,0.06,0.8261224489795919,0.46966903548198996,7.08
0,scratch,random,50,random_matched,1,0.91,0.98,0.17463379,0.07,0.8267346938775509,0.4719444189633546,7.08
0,scratch,random,50,random_matched,2,0.9,0.98,0.18312816,0.08,0.8247448979591837,0.4673827571239246,7.08
0,scratch,random,50,random_matched,3,0.92,0.98,0.13265908,0.06,0.8246428571428571,0.46288961161859277,7.08
0,scratch,random,50,random_matched,4,0.9,0.98,0.18159886,0.08,0.8254591836734694,0.4684981958877184,7.08
0,scratch,random,75,student,0,0.9,0.98,0.22587962,0.085,0.8270408163265306,0.48392892695197576,0.0
0,scratch,random,75,student,1,0.9,0.98,0.22587962,0.085,0.8270408163265306,0.48392892695197576,0.0
0,scratch,random,75,student,2,0.9,0.98,0.22587962,0.085,0.8270408163265306,0.48392892695197576,0.0
0,scratch,random,75,student,3,0.9,0.98,0.22587962,0.085,0.8270408163265306,0.48392892695197576,0.0
0,scratch,random,75,student,4,0.9,0.98,0.22587962,0.085,0.8270408163265306,0.48392892695197576,0.0
0,scratch,random,75,random,0,0.95,0.98,0.07085513,0.03,0.8246938775510205,0.48994748795493875,0.0
0,scratch,random,75,random,1,0.965,0.98,0.06002661,0.02,0.8235204081632653,0.4946262972715817,0.0
0,scratch,random,75,random,2,0.945,0.98,0.086035594,0.035,0.8219387755102041,0.47777470733476307,0.0
0,scratch,random,75,random,3,0.93,0.98,0.11281219,0.05,0.822857142857143,0.4756299304983063,0.0
0,scratch,random,75,random,4,0.945,0.98,0.12285635,0.04,0.8268877551020407,0.5175266882325791,0.0
0,scratch,random,75,random_rescue_10,0,0.91,0.98,0.21948849,0.075,0.8259693877551021,0.48165986129184757,10.0
0,scratch,random,75,random_rescue_10,1,0.895,0.98,0.23574443,0.085,0.8256122448979591,0.4817664882963062,10.0
0,scratch,random,75,random_rescue_10,2,0.93,0.98,0.17075111,0.055,0.8281632653061224,0.4890220302909298,10.0
0,scratch,random,75,random_rescue_10,3,0.9,0.98,0.208988,0.08,0.8249489795918368,0.4812447732098115,10.0
0,scratch,random,75,random_rescue_10,4,0.93,0.98,0.16168249,0.05,0.8280102040816327,0.49772040473954415,10.0
0,scratch,random,75,foreground_rescue_10,0,0.955,0.98,0.05165735,0.03,0.7547448979591838,0.17523668388952524,7.085
0,scratch,random,75,foreground_rescue_10,1,0.935,0.98,0.07972747,0.05,0.7547448979591838,0.17523668388952524,7.085
0,scratch,random,75,foreground_rescue_10,2,0.955,0.98,0.061880555,0.03,0.7547448979591838,0.17523668388952524,7.085
0,scratch,random,75,foreground_rescue_10,3,0.95,0.98,0.073020324,0.035,0.7547448979591838,0.17523668388952524,7.085
0,scratch,random,75,foreground_rescue_10,4,0.955,0.98,0.069145225,0.03,0.7547448979591838,0.17523668388952524,7.085
0,scratch,random,75,low_score_rescue_10,0,0.905,0.98,0.20408142,0.075,0.8235714285714286,0.47232279633946406,10.0
0,scratch,random,75,low_score_rescue_10,1,0.91,0.98,0.18567291,0.07,0.8231632653061223,0.4664522469379794,10.0
0,scratch,random,75,low_score_rescue_10,2,0.9,0.98,0.21954326,0.08,0.8219387755102041,0.46222621785194035,10.0
0,scratch,random,75,low_score_rescue_10,3,0.89,0.98,0.23061465,0.095,0.8215816326530612,0.4605596234489528,10.0
0,scratch,random,75,low_score_rescue_10,4,0.92,0.98,0.19691128,0.06,0.8221938775510205,0.4698867081132529,10.0
0,scratch,random,75,random_matched,0,0.915,0.98,0.16525029,0.07,0.8238775510204082,0.4728042744934295,7.085
0,scratch,random,75,random_matched,1,0.93,0.98,0.14059791,0.055,0.8241326530612245,0.4749154804747301,7.085
0,scratch,random,75,random_matched,2,0.905,0.98,0.19821754,0.08,0.8256632653061224,0.4783357583499998,7.085
0,scratch,random,75,random_matched,3,0.9,0.98,0.19492327,0.085,0.8254591836734694,0.4754277944458929,7.085
0,scratch,random,75,random_matched,4,0.91,0.98,0.19403885,0.075,0.8278061224489797,0.4805612698529046,7.085
0,scratch,random,100,student,0,0.91,0.98,0.17288145,0.07,0.8233673469387756,0.4743851351401639,0.0
0,scratch,random,100,student,1,0.91,0.98,0.17288145,0.07,0.8233673469387756,0.4743851351401639,0.0
0,scratch,random,100,student,2,0.91,0.98,0.17288145,0.07,0.8233673469387756,0.4743851351401639,0.0
0,scratch,random,100,student,3,0.91,0.98,0.17288145,0.07,0.8233673469387756,0.4743851351401639,0.0
0,scratch,random,100,student,4,0.91,0.98,0.17288145,0.07,0.8233673469387756,0.4743851351401639,0.0
0,scratch,random,100,random,0,0.95,0.98,0.07085513,0.03,0.8246938775510205,0.48994748795493875,0.0
0,scratch,random,100,random,1,0.965,0.98,0.06002661,0.02,0.8235204081632653,0.4946262972715817,0.0
0,scratch,random,100,random,2,0.945,0.98,0.086035594,0.035,0.8219387755102041,0.47777470733476307,0.0
0,scratch,random,100,random,3,0.93,0.98,0.11281219,0.05,0.822857142857143,0.4756299304983063,0.0
0,scratch,random,100,random,4,0.945,0.98,0.12285635,0.04,0.8268877551020407,0.5175266882325791,0.0
0,scratch,random,100,random_rescue_10,0,0.925,0.98,0.14632012,0.055,0.8228061224489797,0.4744468814702796,10.0
0,scratch,random,100,random_rescue_10,1,0.935,0.98,0.11016041,0.045,0.8233673469387756,0.489834452465238,10.0
0,scratch,random,100,random_rescue_10,2,0.94,0.98,0.10330524,0.045,0.8242857142857142,0.4723325036675566,10.0
0,scratch,random,100,random_rescue_10,3,0.9,0.98,0.17648922,0.08,0.8211224489795919,0.4715122171261371,10.0
0,scratch,random,100,random_rescue_10,4,0.915,0.98,0.16086763,0.065,0.8228061224489795,0.48467949275191896,10.0
0,scratch,random,100,foreground_rescue_10,0,0.95,0.98,0.064125754,0.03,0.7527551020408163,0.1719055642460731,6.92
0,scratch,random,100,foreground_rescue_10,1,0.955,0.98,0.05281583,0.025,0.7527551020408163,0.1719055642460731,6.92
0,scratch,random,100,foreground_rescue_10,2,0.95,0.98,0.053975534,0.03,0.7527551020408163,0.1719055642460731,6.92
0,scratch,random,100,foreground_rescue_10,3,0.95,0.98,0.06245067,0.03,0.7527551020408163,0.1719055642460731,6.92
0,scratch,random,100,foreground_rescue_10,4,0.965,0.98,0.04013322,0.015,0.7527551020408163,0.1719055642460731,6.92
0,scratch,random,100,low_score_rescue_10,0,0.92,0.98,0.14311373,0.06,0.8226020408163265,0.46737855561557307,10.0
0,scratch,random,100,low_score_rescue_10,1,0.93,0.98,0.13062294,0.05,0.8215306122448979,0.4554106134803992,10.0
0,scratch,random,100,low_score_rescue_10,2,0.925,0.98,0.14052348,0.055,0.8207142857142857,0.45666301356913264,10.0
0,scratch,random,100,low_score_rescue_10,3,0.925,0.98,0.12445671,0.055,0.8208673469387756,0.46188432440109467,10.0
0,scratch,random,100,low_score_rescue_10,4,0.935,0.98,0.115790345,0.045,0.8222448979591838,0.46565107075488693,10.0
0,scratch,random,100,random_matched,0,0.93,0.98,0.095618136,0.05,0.822295918367347,0.46856292420415124,6.92
0,scratch,random,100,random_matched,1,0.935,0.98,0.11915669,0.045,0.8204081632653061,0.46596073585542397,6.92
0,scratch,random,100,random_matched,2,0.92,0.98,0.114773065,0.06,0.8230612244897958,0.47268985625435816,6.92
0,scratch,random,100,random_matched,3,0.915,0.98,0.11999848,0.065,0.8223979591836735,0.4683122573359661,6.92
0,scratch,random,100,random_matched,4,0.925,0.98,0.10947275,0.055,0.8220408163265306,0.47002570217788536,6.92
0,scratch,random_rescue_10,0,student,0,0.875,0.98,0.3295332,0.105,0.850561224489796,0.5981794121635886,0.0
0,scratch,random_rescue_10,0,student,1,0.875,0.98,0.3295332,0.105,0.850561224489796,0.5981794121635886,0.0
0,scratch,random_rescue_10,0,student,2,0.875,0.98,0.3295332,0.105,0.850561224489796,0.5981794121635886,0.0
0,scratch,random_rescue_10,0,student,3,0.875,0.98,0.3295332,0.105,0.850561224489796,0.5981794121635886,0.0
0,scratch,random_rescue_10,0,student,4,0.875,0.98,0.3295332,0.105,0.850561224489796,0.5981794121635886,0.0
0,scratch,random_rescue_10,0,random,0,0.95,0.98,0.07085513,0.03,0.8246938775510205,0.48994748795493875,0.0
0,scratch,random_rescue_10,0,random,1,0.965,0.98,0.06002661,0.02,0.8235204081632653,0.4946262972715817,0.0
0,scratch,random_rescue_10,0,random,2,0.945,0.98,0.086035594,0.035,0.8219387755102041,0.47777470733476307,0.0
0,scratch,random_rescue_10,0,random,3,0.93,0.98,0.11281219,0.05,0.822857142857143,0.4756299304983063,0.0
0,scratch,random_rescue_10,0,random,4,0.945,0.98,0.12285635,0.04,0.8268877551020407,0.5175266882325791,0.0
0,scratch,random_rescue_10,0,random_rescue_10,0,0.895,0.98,0.20119835,0.085,0.8451530612244897,0.5638985049597482,10.0
0,scratch,random_rescue_10,0,random_rescue_10,1,0.87,0.98,0.2869938,0.11,0.8446428571428573,0.5759229810069456,10.0
0,scratch,random_rescue_10,0,random_rescue_10,2,0.905,0.98,0.23440336,0.075,0.846887755102041,0.5871443738245714,10.0
0,scratch,random_rescue_10,0,random_rescue_10,3,0.88,0.98,0.26195306,0.1,0.845,0.5784158401279986,10.0
0,scratch,random_rescue_10,0,random_rescue_10,4,0.88,0.98,0.28184977,0.1,0.8460204081632652,0.5803594066019169,10.0
0,scratch,random_rescue_10,0,foreground_rescue_10,0,0.925,0.98,0.12588541,0.055,0.775,0.23701169783036988,7.405
0,scratch,random_rescue_10,0,foreground_rescue_10,1,0.94,0.98,0.08395754,0.04,0.775,0.23701169783036988,7.405
0,scratch,random_rescue_10,0,foreground_rescue_10,2,0.96,0.98,0.06074478,0.02,0.775,0.23701169783036988,7.405
0,scratch,random_rescue_10,0,foreground_rescue_10,3,0.94,0.98,0.0930003,0.04,0.775,0.23701169783036988,7.405
0,scratch,random_rescue_10,0,foreground_rescue_10,4,0.965,0.98,0.049069263,0.015,0.775,0.23701169783036988,7.405
0,scratch,random_rescue_10,0,low_score_rescue_10,0,0.88,0.98,0.27229047,0.1,0.844795918367347,0.5859170772430334,10.0
0,scratch,random_rescue_10,0,low_score_rescue_10,1,0.865,0.98,0.30525488,0.115,0.8471428571428572,0.5853980915056881,10.0
0,scratch,random_rescue_10,0,low_score_rescue_10,2,0.865,0.98,0.30834445,0.115,0.8455102040816327,0.5882467356657168,10.0
0,scratch,random_rescue_10,0,low_score_rescue_10,3,0.885,0.98,0.2842727,0.095,0.844795918367347,0.5901691631743473,10.0
0,scratch,random_rescue_10,0,low_score_rescue_10,4,0.885,0.98,0.2839457,0.095,0.8456122448979592,0.585626088587124,10.0
0,scratch,random_rescue_10,0,random_matched,0,0.9,0.98,0.24033962,0.08,0.8449489795918368,0.5758685372196981,7.405
0,scratch,random_rescue_10,0,random_matched,1,0.885,0.98,0.2601635,0.095,0.8442346938775509,0.5774126876148028,7.405
0,scratch,random_rescue_10,0,random_matched,2,0.89,0.98,0.24671143,0.09,0.8443877551020408,0.5767761202652227,7.405
0,scratch,random_rescue_10,0,random_matched,3,0.91,0.98,0.23422426,0.07,0.8472448979591838,0.5843409831688942,7.405
0,scratch,random_rescue_10,0,random_matched,4,0.895,0.98,0.23182735,0.085,0.8461224489795919,0.5820094300469554,7.405
0,scratch,random_rescue_10,10,student,0,0.865,0.98,0.32339296,0.115,0.8430102040816326,0.531897849378241,0.0
0,scratch,random_rescue_10,10,student,1,0.865,0.98,0.32339296,0.115,0.8430102040816326,0.531897849378241,0.0
0,scratch,random_rescue_10,10,student,2,0.865,0.98,0.32339296,0.115,0.8430102040816326,0.531897849378241,0.0
0,scratch,random_rescue_10,10,student,3,0.865,0.98,0.32339296,0.115,0.8430102040816326,0.531897849378241,0.0
0,scratch,random_rescue_10,10,student,4,0.865,0.98,0.32339296,0.115,0.8430102040816326,0.531897849378241,0.0
0,scratch,random_rescue_10,10,random,0,0.95,0.98,0.07085513,0.03,0.8246938775510205,0.48994748795493875,0.0
0,scratch,random_rescue_10,10,random,1,0.965,0.98,0.06002661,0.02,0.8235204081632653,0.4946262972715817,0.0
0,scratch,random_rescue_10,10,random,2,0.945,0.98,0.086035594,0.035,0.8219387755102041,0.47777470733476307,0.0
0,scratch,random_rescue_10,10,random,3,0.93,0.98,0.11281219,0.05,0.822857142857143,0.4756299304983063,0.0
0,scratch,random_rescue_10,10,random,4,0.945,0.98,0.12285635,0.04,0.8268877551020407,0.5175266882325791,0.0
0,scratch,random_rescue_10,10,random_rescue_10,0,0.88,0.98,0.27278596,0.1,0.8405102040816327,0.529602010454127,10.0
0,scratch,random_rescue_10,10,random_rescue_10,1,0.875,0.98,0.2754162,0.105,0.84,0.5262441527856765,10.0
0,scratch,random_rescue_10,10,random_rescue_10,2,0.92,0.98,0.16422898,0.065,0.8387755102040816,0.5210099791162165,10.0
0,scratch,random_rescue_10,10,random_rescue_10,3,0.885,0.98,0.2396572,0.095,0.8394897959183674,0.527768283219884,10.0
0,scratch,random_rescue_10,10,random_rescue_10,4,0.85,0.98,0.28734607,0.13,0.8396938775510204,0.5231782200681581,10.0
0,scratch,random_rescue_10,10,foreground_rescue_10,0,0.92,0.98,0.16490623,0.06,0.7726530612244897,0.21677475200749796,6.895
0,scratch,random_rescue_10,10,foreground_rescue_10,1,0.92,0.98,0.14733274,0.06,0.7726530612244897,0.21677475200749796,6.895
0,scratch,random_rescue_10,10,foreground_rescue_10,2,0.925,0.98,0.12452249,0.055,0.7726530612244897,0.21677475200749796,6.895
0,scratch,random_rescue_10,10,foreground_rescue_10,3,0.925,0.98,0.14101888,0.055,0.7726530612244897,0.21677475200749796,6.895
0,scratch,random_rescue_10,10,foreground_rescue_10,4,0.925,0.98,0.13823515,0.055,0.7726530612244897,0.21677475200749796,6.895
0,scratch,random_rescue_10,10,low_score_rescue_10,0,0.905,0.98,0.19122933,0.075,0.8389795918367348,0.5275642717598386,10.0
0,scratch,random_rescue_10,10,low_score_rescue_10,1,0.87,0.98,0.2540207,0.11,0.838265306122449,0.5227876089176271,10.0
0,scratch,random_rescue_10,10,low_score_rescue_10,2,0.89,0.98,0.2503745,0.09,0.8391836734693876,0.5222400081614289,10.0
0,scratch,random_rescue_10,10,low_score_rescue_10,3,0.89,0.98,0.22912018,0.09,0.8390306122448979,0.5235943558014963,10.0
0,scratch,random_rescue_10,10,low_score_rescue_10,4,0.9,0.98,0.21391821,0.08,0.8391836734693876,0.5235311983594202,10.0
0,scratch,random_rescue_10,10,random_matched,0,0.905,0.98,0.2035438,0.075,0.8384693877551022,0.5202353030310395,6.895
0,scratch,random_rescue_10,10,random_matched,1,0.885,0.98,0.24832411,0.095,0.836938775510204,0.5185813417500204,6.895
0,scratch,random_rescue_10,10,random_matched,2,0.905,0.98,0.20666635,0.075,0.837908163265306,0.5161849803378467,6.895
0,scratch,random_rescue_10,10,random_matched,3,0.895,0.98,0.25903383,0.085,0.8386734693877551,0.5167217738889868,6.895
0,scratch,random_rescue_10,10,random_matched,4,0.9,0.98,0.19890249,0.08,0.840204081632653,0.5255348360702808,6.895
0,scratch,random_rescue_10,25,student,0,0.91,0.98,0.20797291,0.07,0.8277551020408163,0.5059120100377729,0.0
0,scratch,random_rescue_10,25,student,1,0.91,0.98,0.20797291,0.07,0.8277551020408163,0.5059120100377729,0.0
0,scratch,random_rescue_10,25,student,2,0.91,0.98,0.20797291,0.07,0.8277551020408163,0.5059120100377729,0.0
0,scratch,random_rescue_10,25,student,3,0.91,0.98,0.20797291,0.07,0.8277551020408163,0.5059120100377729,0.0
0,scratch,random_rescue_10,25,student,4,0.91,0.98,0.20797291,0.07,0.8277551020408163,0.5059120100377729,0.0
0,scratch,random_rescue_10,25,random,0,0.95,0.98,0.07085513,0.03,0.8246938775510205,0.48994748795493875,0.0
0,scratch,random_rescue_10,25,random,1,0.965,0.98,0.06002661,0.02,0.8235204081632653,0.4946262972715817,0.0
0,scratch,random_rescue_10,25,random,2,0.945,0.98,0.086035594,0.035,0.8219387755102041,0.47777470733476307,0.0
0,scratch,random_rescue_10,25,random,3,0.93,0.98,0.11281219,0.05,0.822857142857143,0.4756299304983063,0.0
0,scratch,random_rescue_10,25,random,4,0.945,0.98,0.12285635,0.04,0.8268877551020407,0.5175266882325791,0.0
0,scratch,random_rescue_10,25,random_rescue_10,0,0.905,0.98,0.1996703,0.075,0.8266326530612244,0.5066860124191418,10.0
0,scratch,random_rescue_10,25,random_rescue_10,1,0.92,0.98,0.1379391,0.065,0.8264285714285714,0.5011044178286487,10.0
0,scratch,random_rescue_10,25,random_rescue_10,2,0.93,0.98,0.121569194,0.05,0.8266326530612244,0.5045595173094066,10.0
0,scratch,random_rescue_10,25,random_rescue_10,3,0.93,0.98,0.16447634,0.05,0.8266326530612244,0.5084437591851618,10.0
0,scratch,random_rescue_10,25,random_rescue_10,4,0.93,0.98,0.12636922,0.055,0.8267857142857141,0.49799722256114226,10.0
0,scratch,random_rescue_10,25,foreground_rescue_10,0,0.94,0.98,0.11783771,0.045,0.7578571428571428,0.1870472772678386,6.85
0,scratch,random_rescue_10,25,foreground_rescue_10,1,0.94,0.98,0.12274614,0.045,0.7578571428571428,0.1870472772678386,6.85
0,scratch,random_rescue_10,25,foreground_rescue_10,2,0.95,0.98,0.11447859,0.035,0.7578571428571428,0.1870472772678386,6.85
0,scratch,random_rescue_10,25,foreground_rescue_10,3,0.945,0.98,0.12338808,0.04,0.7578571428571428,0.1870472772678386,6.85
0,scratch,random_rescue_10,25,foreground_rescue_10,4,0.945,0.98,0.11837831,0.04,0.7578571428571428,0.1870472772678386,6.85
0,scratch,random_rescue_10,25,low_score_rescue_10,0,0.92,0.98,0.17389458,0.065,0.8228571428571427,0.48891896873415763,10.0
0,scratch,random_rescue_10,25,low_score_rescue_10,1,0.935,0.98,0.14263971,0.05,0.8241326530612245,0.48917354405465246,10.0
0,scratch,random_rescue_10,25,low_score_rescue_10,2,0.93,0.98,0.16583195,0.055,0.8246938775510203,0.49076543137447987,10.0
0,scratch,random_rescue_10,25,low_score_rescue_10,3,0.93,0.98,0.16663356,0.055,0.825204081632653,0.4891203114754386,10.0
0,scratch,random_rescue_10,25,low_score_rescue_10,4,0.93,0.98,0.15943165,0.05,0.8223979591836735,0.48540090544560655,10.0
0,scratch,random_rescue_10,25,random_matched,0,0.925,0.98,0.1680108,0.06,0.8251020408163265,0.491685875093366,6.85
0,scratch,random_rescue_10,25,random_matched,1,0.925,0.98,0.15236884,0.055,0.8245918367346939,0.49469703877683974,6.85
0,scratch,random_rescue_10,25,random_matched,2,0.925,0.98,0.1542622,0.055,0.824795918367347,0.4962693458672347,6.85
0,scratch,random_rescue_10,25,random_matched,3,0.92,0.98,0.15650779,0.06,0.8259183673469388,0.49682426027822485,6.85
0,scratch,random_rescue_10,25,random_matched,4,0.935,0.98,0.13938753,0.045,0.8254081632653062,0.49903401617972665,6.85
0,scratch,random_rescue_10,50,student,0,0.895,0.98,0.19460568,0.085,0.822295918367347,0.4943198399052507,0.0
0,scratch,random_rescue_10,50,student,1,0.895,0.98,0.19460568,0.085,0.822295918367347,0.4943198399052507,0.0
0,scratch,random_rescue_10,50,student,2,0.895,0.98,0.19460568,0.085,0.822295918367347,0.4943198399052507,0.0
0,scratch,random_rescue_10,50,student,3,0.895,0.98,0.19460568,0.085,0.822295918367347,0.4943198399052507,0.0
0,scratch,random_rescue_10,50,student,4,0.895,0.98,0.19460568,0.085,0.822295918367347,0.4943198399052507,0.0
0,scratch,random_rescue_10,50,random,0,0.95,0.98,0.07085513,0.03,0.8246938775510205,0.48994748795493875,0.0
0,scratch,random_rescue_10,50,random,1,0.965,0.98,0.06002661,0.02,0.8235204081632653,0.4946262972715817,0.0
0,scratch,random_rescue_10,50,random,2,0.945,0.98,0.086035594,0.035,0.8219387755102041,0.47777470733476307,0.0
0,scratch,random_rescue_10,50,random,3,0.93,0.98,0.11281219,0.05,0.822857142857143,0.4756299304983063,0.0
0,scratch,random_rescue_10,50,random,4,0.945,0.98,0.12285635,0.04,0.8268877551020407,0.5175266882325791,0.0
0,scratch,random_rescue_10,50,random_rescue_10,0,0.92,0.98,0.17140272,0.065,0.8236224489795919,0.5054899697884224,10.0
0,scratch,random_rescue_10,50,random_rescue_10,1,0.895,0.98,0.23295628,0.085,0.8244897959183674,0.503865192664176,10.0
0,scratch,random_rescue_10,50,random_rescue_10,2,0.93,0.98,0.14202961,0.05,0.8223469387755102,0.4933395225628995,10.0
0,scratch,random_rescue_10,50,random_rescue_10,3,0.915,0.98,0.19220018,0.065,0.8225510204081633,0.4925369151610654,10.0
0,scratch,random_rescue_10,50,random_rescue_10,4,0.925,0.98,0.14117168,0.055,0.8228061224489795,0.49508971614755487,10.0
0,scratch,random_rescue_10,50,foreground_rescue_10,0,0.93,0.98,0.13602433,0.05,0.7507142857142859,0.16838456411898964,7.015
0,scratch,random_rescue_10,50,foreground_rescue_10,1,0.935,0.98,0.124344446,0.045,0.7507142857142859,0.16838456411898964,7.015
0,scratch,random_rescue_10,50,foreground_rescue_10,2,0.94,0.98,0.11606422,0.04,0.7507142857142859,0.16838456411898964,7.015
0,scratch,random_rescue_10,50,foreground_rescue_10,3,0.94,0.98,0.117603995,0.04,0.7507142857142859,0.16838456411898964,7.015
0,scratch,random_rescue_10,50,foreground_rescue_10,4,0.94,0.98,0.11957784,0.04,0.7507142857142859,0.16838456411898964,7.015
0,scratch,random_rescue_10,50,low_score_rescue_10,0,0.915,0.98,0.18815304,0.065,0.8188775510204083,0.4812599723826239,10.0
0,scratch,random_rescue_10,50,low_score_rescue_10,1,0.91,0.98,0.16052285,0.07,0.8188265306122449,0.4765180524072249,10.0
0,scratch,random_rescue_10,50,low_score_rescue_10,2,0.9,0.98,0.20413475,0.08,0.8186734693877551,0.4772087821685776,10.0
0,scratch,random_rescue_10,50,low_score_rescue_10,3,0.935,0.98,0.14777955,0.045,0.817908163265306,0.48063301107734097,10.0
0,scratch,random_rescue_10,50,low_score_rescue_10,4,0.93,0.98,0.13324331,0.055,0.8185204081632653,0.47237259988645286,10.0
0,scratch,random_rescue_10,50,random_matched,0,0.91,0.98,0.18494073,0.07,0.8198979591836735,0.48734373262216724,7.015
0,scratch,random_rescue_10,50,random_matched,1,0.91,0.98,0.1891491,0.07,0.8238775510204082,0.49116013384628265,7.015
0,scratch,random_rescue_10,50,random_matched,2,0.905,0.98,0.18700871,0.075,0.8216836734693876,0.4864852204622129,7.015
0,scratch,random_rescue_10,50,random_matched,3,0.915,0.98,0.1715855,0.065,0.8203061224489795,0.48483954004531776,7.015
0,scratch,random_rescue_10,50,random_matched,4,0.91,0.98,0.20080411,0.07,0.8228061224489795,0.4947823970968063,7.015
0,scratch,random_rescue_10,75,student,0,0.92,0.98,0.1551126,0.06,0.8176530612244898,0.4878674724712141,0.0
0,scratch,random_rescue_10,75,student,1,0.92,0.98,0.1551126,0.06,0.8176530612244898,0.4878674724712141,0.0
0,scratch,random_rescue_10,75,student,2,0.92,0.98,0.1551126,0.06,0.8176530612244898,0.4878674724712141,0.0
0,scratch,random_rescue_10,75,student,3,0.92,0.98,0.1551126,0.06,0.8176530612244898,0.4878674724712141,0.0
0,scratch,random_rescue_10,75,student,4,0.92,0.98,0.1551126,0.06,0.8176530612244898,0.4878674724712141,0.0
0,scratch,random_rescue_10,75,random,0,0.95,0.98,0.07085513,0.03,0.8246938775510205,0.48994748795493875,0.0
0,scratch,random_rescue_10,75,random,1,0.965,0.98,0.06002661,0.02,0.8235204081632653,0.4946262972715817,0.0
0,scratch,random_rescue_10,75,random,2,0.945,0.98,0.086035594,0.035,0.8219387755102041,0.47777470733476307,0.0
0,scratch,random_rescue_10,75,random,3,0.93,0.98,0.11281219,0.05,0.822857142857143,0.4756299304983063,0.0
0,scratch,random_rescue_10,75,random,4,0.945,0.98,0.12285635,0.04,0.8268877551020407,0.5175266882325791,0.0
0,scratch,random_rescue_10,75,random_rescue_10,0,0.94,0.98,0.1242252,0.045,0.8192346938775509,0.4955916610447336,10.0
0,scratch,random_rescue_10,75,random_rescue_10,1,0.915,0.98,0.15245251,0.065,0.8199489795918368,0.4932255091220255,10.0
0,scratch,random_rescue_10,75,random_rescue_10,2,0.93,0.98,0.12244694,0.05,0.8188265306122449,0.4980397277911019,10.0
0,scratch,random_rescue_10,75,random_rescue_10,3,0.935,0.98,0.12015747,0.045,0.8184183673469387,0.4901829525614248,10.0
0,scratch,random_rescue_10,75,random_rescue_10,4,0.95,0.98,0.122607745,0.03,0.8177040816326531,0.4776998023097316,10.0
0,scratch,random_rescue_10,75,foreground_rescue_10,0,0.95,0.98,0.10809077,0.03,0.747295918367347,0.16247790628354147,6.895
0,scratch,random_rescue_10,75,foreground_rescue_10,1,0.95,0.98,0.09131881,0.03,0.747295918367347,0.16247790628354147,6.895
0,scratch,random_rescue_10,75,foreground_rescue_10,2,0.95,0.98,0.08530171,0.03,0.747295918367347,0.16247790628354147,6.895
0,scratch,random_rescue_10,75,foreground_rescue_10,3,0.955,0.98,0.10023205,0.025,0.747295918367347,0.16247790628354147,6.895
0,scratch,random_rescue_10,75,foreground_rescue_10,4,0.95,0.98,0.110618286,0.03,0.747295918367347,0.16247790628354147,6.895
0,scratch,random_rescue_10,75,low_score_rescue_10,0,0.935,0.98,0.14350127,0.045,0.8140816326530611,0.4812739530302888,10.0
0,scratch,random_rescue_10,75,low_score_rescue_10,1,0.9,0.98,0.176867,0.08,0.8136224489795919,0.4615069791462643,10.0
0,scratch,random_rescue_10,75,low_score_rescue_10,2,0.94,0.98,0.11765917,0.04,0.8154591836734695,0.47781150239836606,10.0
0,scratch,random_rescue_10,75,low_score_rescue_10,3,0.94,0.98,0.12787375,0.04,0.8139285714285713,0.4741020135123699,10.0
0,scratch,random_rescue_10,75,low_score_rescue_10,4,0.93,0.98,0.16293919,0.05,0.8142346938775511,0.4786589946334948,10.0
0,scratch,random_rescue_10,75,random_matched,0,0.92,0.98,0.15812188,0.06,0.8179591836734694,0.488960221341293,6.895
0,scratch,random_rescue_10,75,random_matched,1,0.915,0.98,0.18676457,0.065,0.8194897959183675,0.4887841074346456,6.895
0,scratch,random_rescue_10,75,random_matched,2,0.92,0.98,0.14446524,0.06,0.8175,0.48194372778055267,6.895
0,scratch,random_rescue_10,75,random_matched,3,0.94,0.98,0.12042673,0.04,0.8162244897959183,0.48282273031966766,6.895
0,scratch,random_rescue_10,75,random_matched,4,0.935,0.98,0.13145223,0.045,0.8171938775510205,0.48676365372153724,6.895
0,scratch,random_rescue_10,100,student,0,0.92,0.98,0.15890019,0.06,0.8143367346938776,0.47645368066017224,0.0
0,scratch,random_rescue_10,100,student,1,0.92,0.98,0.15890019,0.06,0.8143367346938776,0.47645368066017224,0.0
0,scratch,random_rescue_10,100,student,2,0.92,0.98,0.15890019,0.06,0.8143367346938776,0.47645368066017224,0.0
0,scratch,random_rescue_10,100,student,3,0.92,0.98,0.15890019,0.06,0.8143367346938776,0.47645368066017224,0.0
0,scratch,random_rescue_10,100,student,4,0.92,0.98,0.15890019,0.06,0.8143367346938776,0.47645368066017224,0.0
0,scratch,random_rescue_10,100,random,0,0.95,0.98,0.07085513,0.03,0.8246938775510205,0.48994748795493875,0.0
0,scratch,random_rescue_10,100,random,1,0.965,0.98,0.06002661,0.02,0.8235204081632653,0.4946262972715817,0.0
0,scratch,random_rescue_10,100,random,2,0.945,0.98,0.086035594,0.035,0.8219387755102041,0.47777470733476307,0.0
0,scratch,random_rescue_10,100,random,3,0.93,0.98,0.11281219,0.05,0.822857142857143,0.4756299304983063,0.0
0,scratch,random_rescue_10,100,random,4,0.945,0.98,0.12285635,0.04,0.8268877551020407,0.5175266882325791,0.0
0,scratch,random_rescue_10,100,random_rescue_10,0,0.92,0.98,0.1546982,0.06,0.8157142857142857,0.4856233729994241,10.0
0,scratch,random_rescue_10,100,random_rescue_10,1,0.935,0.98,0.10889822,0.045,0.8170408163265306,0.4829471851672607,10.0
0,scratch,random_rescue_10,100,random_rescue_10,2,0.92,0.98,0.11896232,0.06,0.8170918367346939,0.48982683187619097,10.0
0,scratch,random_rescue_10,100,random_rescue_10,3,0.93,0.98,0.14541122,0.05,0.8165816326530613,0.4788769202009723,10.0
0,scratch,random_rescue_10,100,random_rescue_10,4,0.925,0.98,0.17001018,0.055,0.8145918367346939,0.474957209844844,10.0
0,scratch,random_rescue_10,100,foreground_rescue_10,0,0.94,0.98,0.11278091,0.04,0.7453571428571428,0.15946684647426207,6.76
0,scratch,random_rescue_10,100,foreground_rescue_10,1,0.945,0.98,0.121660195,0.035,0.7453571428571428,0.15946684647426207,6.76
0,scratch,random_rescue_10,100,foreground_rescue_10,2,0.935,0.98,0.11490073,0.045,0.7453571428571428,0.15946684647426207,6.76
0,scratch,random_rescue_10,100,foreground_rescue_10,3,0.945,0.98,0.11143342,0.035,0.7453571428571428,0.15946684647426207,6.76
0,scratch,random_rescue_10,100,foreground_rescue_10,4,0.945,0.98,0.10875142,0.035,0.7453571428571428,0.15946684647426207,6.76
0,scratch,random_rescue_10,100,low_score_rescue_10,0,0.925,0.98,0.12389211,0.055,0.8122959183673468,0.46291897790140824,10.0
0,scratch,random_rescue_10,100,low_score_rescue_10,1,0.93,0.98,0.09786716,0.05,0.8126020408163265,0.46102498310079093,10.0
0,scratch,random_rescue_10,100,low_score_rescue_10,2,0.94,0.98,0.0926418,0.04,0.8133163265306124,0.4572096050084959,10.0
0,scratch,random_rescue_10,100,low_score_rescue_10,3,0.935,0.98,0.115238324,0.045,0.8116326530612245,0.46580485641764585,10.0
0,scratch,random_rescue_10,100,low_score_rescue_10,4,0.925,0.98,0.11562899,0.055,0.8119387755102041,0.45863967886436646,10.0
0,scratch,random_rescue_10,100,random_matched,0,0.935,0.98,0.13632163,0.045,0.8145918367346938,0.47168839587395456,6.76
0,scratch,random_rescue_10,100,random_matched,1,0.93,0.98,0.16115075,0.05,0.815612244897959,0.4794276271865498,6.76
0,scratch,random_rescue_10,100,random_matched,2,0.915,0.98,0.15857017,0.065,0.8140306122448979,0.468671979606741,6.76
0,scratch,random_rescue_10,100,random_matched,3,0.92,0.98,0.16710061,0.06,0.8136734693877551,0.4723771974435182,6.76
0,scratch,random_rescue_10,100,random_matched,4,0.93,0.98,0.14769068,0.05,0.8158673469387756,0.4743625394741288,6.76
0,scratch,student,0,student,0,0.875,0.98,0.3295332,0.105,0.850561224489796,0.5981794121635886,0.0
0,scratch,student,0,student,1,0.875,0.98,0.3295332,0.105,0.850561224489796,0.5981794121635886,0.0
0,scratch,student,0,student,2,0.875,0.98,0.3295332,0.105,0.850561224489796,0.5981794121635886,0.0
0,scratch,student,0,student,3,0.875,0.98,0.3295332,0.105,0.850561224489796,0.5981794121635886,0.0
0,scratch,student,0,student,4,0.875,0.98,0.3295332,0.105,0.850561224489796,0.5981794121635886,0.0
0,scratch,student,0,random,0,0.95,0.98,0.07085513,0.03,0.8246938775510205,0.48994748795493875,0.0
0,scratch,student,0,random,1,0.965,0.98,0.06002661,0.02,0.8235204081632653,0.4946262972715817,0.0
0,scratch,student,0,random,2,0.945,0.98,0.086035594,0.035,0.8219387755102041,0.47777470733476307,0.0
0,scratch,student,0,random,3,0.93,0.98,0.11281219,0.05,0.822857142857143,0.4756299304983063,0.0
0,scratch,student,0,random,4,0.945,0.98,0.12285635,0.04,0.8268877551020407,0.5175266882325791,0.0
0,scratch,student,0,random_rescue_10,0,0.895,0.98,0.20119835,0.085,0.8451530612244897,0.5638985049597482,10.0
0,scratch,student,0,random_rescue_10,1,0.87,0.98,0.2869938,0.11,0.8446428571428573,0.5759229810069456,10.0
0,scratch,student,0,random_rescue_10,2,0.905,0.98,0.23440336,0.075,0.846887755102041,0.5871443738245714,10.0
0,scratch,student,0,random_rescue_10,3,0.88,0.98,0.26195306,0.1,0.845,0.5784158401279986,10.0
0,scratch,student,0,random_rescue_10,4,0.88,0.98,0.28184977,0.1,0.8460204081632652,0.5803594066019169,10.0
0,scratch,student,0,foreground_rescue_10,0,0.925,0.98,0.12588541,0.055,0.775,0.23701169783036988,7.405
0,scratch,student,0,foreground_rescue_10,1,0.94,0.98,0.08395754,0.04,0.775,0.23701169783036988,7.405
0,scratch,student,0,foreground_rescue_10,2,0.96,0.98,0.06074478,0.02,0.775,0.23701169783036988,7.405
0,scratch,student,0,foreground_rescue_10,3,0.94,0.98,0.0930003,0.04,0.775,0.23701169783036988,7.405
0,scratch,student,0,foreground_rescue_10,4,0.965,0.98,0.049069263,0.015,0.775,0.23701169783036988,7.405
0,scratch,student,0,low_score_rescue_10,0,0.88,0.98,0.27229047,0.1,0.844795918367347,0.5859170772430334,10.0
0,scratch,student,0,low_score_rescue_10,1,0.865,0.98,0.30525488,0.115,0.8471428571428572,0.5853980915056881,10.0
0,scratch,student,0,low_score_rescue_10,2,0.865,0.98,0.30834445,0.115,0.8455102040816327,0.5882467356657168,10.0
0,scratch,student,0,low_score_rescue_10,3,0.885,0.98,0.2842727,0.095,0.844795918367347,0.5901691631743473,10.0
0,scratch,student,0,low_score_rescue_10,4,0.885,0.98,0.2839457,0.095,0.8456122448979592,0.585626088587124,10.0
0,scratch,student,0,random_matched,0,0.9,0.98,0.24033962,0.08,0.8449489795918368,0.5758685372196981,7.405
0,scratch,student,0,random_matched,1,0.885,0.98,0.2601635,0.095,0.8442346938775509,0.5774126876148028,7.405
0,scratch,student,0,random_matched,2,0.89,0.98,0.24671143,0.09,0.8443877551020408,0.5767761202652227,7.405
0,scratch,student,0,random_matched,3,0.91,0.98,0.23422426,0.07,0.8472448979591838,0.5843409831688942,7.405
0,scratch,student,0,random_matched,4,0.895,0.98,0.23182735,0.085,0.8461224489795919,0.5820094300469554,7.405
0,scratch,student,10,student,0,0.875,0.98,0.24826713,0.105,0.8229081632653061,0.49104232563855293,0.0
0,scratch,student,10,student,1,0.875,0.98,0.24826713,0.105,0.8229081632653061,0.49104232563855293,0.0
0,scratch,student,10,student,2,0.875,0.98,0.24826713,0.105,0.8229081632653061,0.49104232563855293,0.0
0,scratch,student,10,student,3,0.875,0.98,0.24826713,0.105,0.8229081632653061,0.49104232563855293,0.0
0,scratch,student,10,student,4,0.875,0.98,0.24826713,0.105,0.8229081632653061,0.49104232563855293,0.0
0,scratch,student,10,random,0,0.95,0.98,0.07085513,0.03,0.8246938775510205,0.48994748795493875,0.0
0,scratch,student,10,random,1,0.965,0.98,0.06002661,0.02,0.8235204081632653,0.4946262972715817,0.0
0,scratch,student,10,random,2,0.945,0.98,0.086035594,0.035,0.8219387755102041,0.47777470733476307,0.0
0,scratch,student,10,random,3,0.93,0.98,0.11281219,0.05,0.822857142857143,0.4756299304983063,0.0
0,scratch,student,10,random,4,0.945,0.98,0.12285635,0.04,0.8268877551020407,0.5175266882325791,0.0
0,scratch,student,10,random_rescue_10,0,0.885,0.98,0.24593566,0.095,0.8229591836734693,0.5001284003613222,10.0
0,scratch,student,10,random_rescue_10,1,0.89,0.98,0.25305602,0.095,0.8225510204081633,0.48968822727650246,10.0
0,scratch,student,10,random_rescue_10,2,0.9,0.98,0.23063448,0.08,0.8229081632653061,0.48610156233251556,10.0
0,scratch,student,10,random_rescue_10,3,0.905,0.98,0.24510321,0.075,0.8236734693877551,0.48574322995612546,10.0
0,scratch,student,10,random_rescue_10,4,0.905,0.98,0.19223855,0.075,0.8227551020408163,0.49062246847121227,10.0
0,scratch,student,10,foreground_rescue_10,0,0.945,0.98,0.073882915,0.035,0.7540816326530612,0.18327390068846178,6.745
0,scratch,student,10,foreground_rescue_10,1,0.93,0.98,0.119889505,0.05,0.7540816326530612,0.18327390068846178,6.745
0,scratch,student,10,foreground_rescue_10,2,0.94,0.98,0.09207004,0.04,0.7540816326530612,0.18327390068846178,6.745
0,scratch,student,10,foreground_rescue_10,3,0.945,0.98,0.0776161,0.035,0.7540816326530612,0.18327390068846178,6.745
0,scratch,student,10,foreground_rescue_10,4,0.935,0.98,0.09259775,0.045,0.7540816326530612,0.18327390068846178,6.745
0,scratch,student,10,low_score_rescue_10,0,0.91,0.98,0.18025444,0.07,0.8178571428571427,0.4718107847347807,10.0
0,scratch,student,10,low_score_rescue_10,1,0.89,0.98,0.21985523,0.09,0.8187244897959184,0.4789228134420938,10.0
0,scratch,student,10,low_score_rescue_10,2,0.9,0.98,0.216019,0.08,0.8187755102040817,0.4767761339245737,10.0
0,scratch,student,10,low_score_rescue_10,3,0.885,0.98,0.21796533,0.095,0.8194387755102042,0.47354980644643113,10.0
0,scratch,student,10,low_score_rescue_10,4,0.91,0.98,0.20253755,0.07,0.8195408163265305,0.47831721220320084,10.0
0,scratch,student,10,random_matched,0,0.89,0.98,0.21302582,0.09,0.8206122448979591,0.4759646250796186,6.745
0,scratch,student,10,random_matched,1,0.9,0.98,0.1980455,0.08,0.8208673469387756,0.4810073635828574,6.745
0,scratch,student,10,random_matched,2,0.89,0.98,0.21416023,0.09,0.8203061224489795,0.48294951256340785,6.745
0,scratch,student,10,random_matched,3,0.88,0.98,0.23284607,0.1,0.8221428571428571,0.48599972223082644,6.745
0,scratch,student,10,random_matched,4,0.885,0.98,0.20809944,0.095,0.8207653061224489,0.4793817028251293,6.745
0,scratch,student,25,student,0,0.855,0.98,0.32686675,0.125,0.8257653061224491,0.5185421298498762,0.0
0,scratch,student,25,student,1,0.855,0.98,0.32686675,0.125,0.8257653061224491,0.5185421298498762,0.0
0,scratch,student,25,student,2,0.855,0.98,0.32686675,0.125,0.8257653061224491,0.5185421298498762,0.0
0,scratch,student,25,student,3,0.855,0.98,0.32686675,0.125,0.8257653061224491,0.5185421298498762,0.0
0,scratch,student,25,student,4,0.855,0.98,0.32686675,0.125,0.8257653061224491,0.5185421298498762,0.0
0,scratch,student,25,random,0,0.95,0.98,0.07085513,0.03,0.8246938775510205,0.48994748795493875,0.0
0,scratch,student,25,random,1,0.965,0.98,0.06002661,0.02,0.8235204081632653,0.4946262972715817,0.0
0,scratch,student,25,random,2,0.945,0.98,0.086035594,0.035,0.8219387755102041,0.47777470733476307,0.0
0,scratch,student,25,random,3,0.93,0.98,0.11281219,0.05,0.822857142857143,0.4756299304983063,0.0
0,scratch,student,25,random,4,0.945,0.98,0.12285635,0.04,0.8268877551020407,0.5175266882325791,0.0
0,scratch,student,25,random_rescue_10,0,0.89,0.98,0.27892122,0.09,0.8258673469387756,0.5183483043496842,10.0
0,scratch,student,25,random_rescue_10,1,0.895,0.98,0.25828466,0.085,0.8243367346938776,0.5136318282397941,10.0
0,scratch,student,25,random_rescue_10,2,0.89,0.98,0.2324789,0.09,0.8258163265306123,0.5173139058317868,10.0
0,scratch,student,25,random_rescue_10,3,0.9,0.98,0.23931183,0.08,0.8260204081632654,0.5104478745211098,10.0
0,scratch,student,25,random_rescue_10,4,0.885,0.98,0.26931804,0.095,0.8261734693877549,0.5231632848805576,10.0
0,scratch,student,25,foreground_rescue_10,0,0.93,0.98,0.13693787,0.055,0.7552551020408164,0.1896135044853898,6.91
0,scratch,student,25,foreground_rescue_10,1,0.92,0.98,0.13678753,0.065,0.7552551020408164,0.1896135044853898,6.91
0,scratch,student,25,foreground_rescue_10,2,0.915,0.98,0.15924469,0.07,0.7552551020408164,0.1896135044853898,6.91
0,scratch,student,25,foreground_rescue_10,3,0.925,0.98,0.13595198,0.06,0.7552551020408164,0.1896135044853898,6.91
0,scratch,student,25,foreground_rescue_10,4,0.935,0.98,0.14315575,0.05,0.7552551020408164,0.1896135044853898,6.91
0,scratch,student,25,low_score_rescue_10,0,0.89,0.98,0.24734505,0.09,0.8233673469387756,0.5126916925816775,10.0
0,scratch,student,25,low_score_rescue_10,1,0.9,0.98,0.21532665,0.08,0.8239795918367346,0.507528907265929,10.0
0,scratch,student,25,low_score_rescue_10,2,0.91,0.98,0.16431,0.07,0.824795918367347,0.5066639639348574,10.0
0,scratch,student,25,low_score_rescue_10,3,0.89,0.98,0.23735923,0.09,0.8237755102040816,0.5119815345220646,10.0
0,scratch,student,25,low_score_rescue_10,4,0.895,0.98,0.18548523,0.085,0.8245408163265308,0.5145700267864617,10.0
0,scratch,student,25,random_matched,0,0.88,0.98,0.2527245,0.1,0.8235714285714286,0.5059003382418061,6.91
0,scratch,student,25,random_matched,1,0.88,0.98,0.29524696,0.1,0.8233163265306122,0.5054283361452667,6.91
0,scratch,student,25,random_matched,2,0.9,0.98,0.21003033,0.08,0.8231632653061226,0.5061133370694927,6.91
0,scratch,student,25,random_matched,3,0.89,0.98,0.24205871,0.09,0.8229591836734693,0.5091674938574225,6.91
0,scratch,student,25,random_matched,4,0.89,0.98,0.25819433,0.09,0.8246428571428572,0.5087212285267001,6.91
0,scratch,student,50,student,0,0.91,0.98,0.18574047,0.07,0.8140306122448979,0.4569634258315652,0.0
0,scratch,student,50,student,1,0.91,0.98,0.18574047,0.07,0.8140306122448979,0.4569634258315652,0.0
0,scratch,student,50,student,2,0.91,0.98,0.18574047,0.07,0.8140306122448979,0.4569634258315652,0.0
0,scratch,student,50,student,3,0.91,0.98,0.18574047,0.07,0.8140306122448979,0.4569634258315652,0.0
0,scratch,student,50,student,4,0.91,0.98,0.18574047,0.07,0.8140306122448979,0.4569634258315652,0.0
0,scratch,student,50,random,0,0.95,0.98,0.07085513,0.03,0.8246938775510205,0.48994748795493875,0.0
0,scratch,student,50,random,1,0.965,0.98,0.06002661,0.02,0.8235204081632653,0.4946262972715817,0.0
0,scratch,student,50,random,2,0.945,0.98,0.086035594,0.035,0.8219387755102041,0.47777470733476307,0.0
0,scratch,student,50,random,3,0.93,0.98,0.11281219,0.05,0.822857142857143,0.4756299304983063,0.0
0,scratch,student,50,random,4,0.945,0.98,0.12285635,0.04,0.8268877551020407,0.5175266882325791,0.0
0,scratch,student,50,random_rescue_10,0,0.905,0.98,0.1830405,0.075,0.8146938775510205,0.46010366737212544,10.0
0,scratch,student,50,random_rescue_10,1,0.91,0.98,0.1507297,0.07,0.8164285714285714,0.4618028583692761,10.0
0,scratch,student,50,random_rescue_10,2,0.905,0.98,0.20589997,0.075,0.8165306122448979,0.47050690473053364,10.0
0,scratch,student,50,random_rescue_10,3,0.92,0.98,0.13175108,0.06,0.8168877551020409,0.47400559560517014,10.0
0,scratch,student,50,random_rescue_10,4,0.945,0.98,0.098012656,0.035,0.8169387755102041,0.4612526162568574,10.0
0,scratch,student,50,foreground_rescue_10,0,0.935,0.98,0.11235006,0.045,0.7443877551020409,0.15547003367274514,6.825
0,scratch,student,50,foreground_rescue_10,1,0.93,0.98,0.11546276,0.05,0.7443877551020409,0.15547003367274514,6.825
0,scratch,student,50,foreground_rescue_10,2,0.93,0.98,0.12246147,0.05,0.7443877551020409,0.15547003367274514,6.825
0,scratch,student,50,foreground_rescue_10,3,0.93,0.98,0.11468026,0.05,0.7443877551020409,0.15547003367274514,6.825
0,scratch,student,50,foreground_rescue_10,4,0.935,0.98,0.11150711,0.045,0.7443877551020409,0.15547003367274514,6.825
0,scratch,student,50,low_score_rescue_10,0,0.935,0.98,0.12840953,0.045,0.8120408163265306,0.44311370853410315,10.0
0,scratch,student,50,low_score_rescue_10,1,0.94,0.98,0.11091461,0.04,0.8125,0.448337680966918,10.0
0,scratch,student,50,low_score_rescue_10,2,0.93,0.98,0.12736034,0.05,0.8125510204081633,0.44182860622116316,10.0
0,scratch,student,50,low_score_rescue_10,3,0.925,0.98,0.17706054,0.055,0.8116836734693876,0.4446721329102403,10.0
0,scratch,student,50,low_score_rescue_10,4,0.92,0.98,0.16610914,0.06,0.8125510204081633,0.4512174443071475,10.0
0,scratch,student,50,random_matched,0,0.91,0.98,0.18067394,0.07,0.8151020408163265,0.45730638207169483,6.825
0,scratch,student,50,random_matched,1,0.905,0.98,0.18536954,0.075,0.815204081632653,0.46056970802425584,6.825
0,scratch,student,50,random_matched,2,0.915,0.98,0.15476705,0.065,0.815204081632653,0.4579935909180968,6.825
0,scratch,student,50,random_matched,3,0.9,0.98,0.18134831,0.08,0.8150510204081632,0.4562089560439707,6.825
0,scratch,student,50,random_matched,4,0.92,0.98,0.13099913,0.06,0.8156122448979591,0.45884359142188996,6.825
0,scratch,student,75,student,0,0.9,0.98,0.2542893,0.08,0.8230612244897959,0.4975806249296574,0.0
0,scratch,student,75,student,1,0.9,0.98,0.2542893,0.08,0.8230612244897959,0.4975806249296574,0.0
0,scratch,student,75,student,2,0.9,0.98,0.2542893,0.08,0.8230612244897959,0.4975806249296574,0.0
0,scratch,student,75,student,3,0.9,0.98,0.2542893,0.08,0.8230612244897959,0.4975806249296574,0.0
0,scratch,student,75,student,4,0.9,0.98,0.2542893,0.08,0.8230612244897959,0.4975806249296574,0.0
0,scratch,student,75,random,0,0.95,0.98,0.07085513,0.03,0.8246938775510205,0.48994748795493875,0.0
0,scratch,student,75,random,1,0.965,0.98,0.06002661,0.02,0.8235204081632653,0.4946262972715817,0.0
0,scratch,student,75,random,2,0.945,0.98,0.086035594,0.035,0.8219387755102041,0.47777470733476307,0.0
0,scratch,student,75,random,3,0.93,0.98,0.11281219,0.05,0.822857142857143,0.4756299304983063,0.0
0,scratch,student,75,random,4,0.945,0.98,0.12285635,0.04,0.8268877551020407,0.5175266882325791,0.0
0,scratch,student,75,random_rescue_10,0,0.91,0.98,0.21526508,0.07,0.825,0.5051859077224002,10.0
0,scratch,student,75,random_rescue_10,1,0.92,0.98,0.18207997,0.06,0.8230612244897958,0.49602852207215636,10.0
0,scratch,student,75,random_rescue_10,2,0.91,0.98,0.20400542,0.07,0.8228061224489795,0.4968400098271018,10.0
0,scratch,student,75,random_rescue_10,3,0.91,0.98,0.23435885,0.07,0.8219897959183675,0.493021150568343,10.0
0,scratch,student,75,random_rescue_10,4,0.915,0.98,0.22154576,0.065,0.8242857142857143,0.5009510528332395,10.0
0,scratch,student,75,foreground_rescue_10,0,0.92,0.98,0.13679925,0.06,0.7513265306122449,0.17439036578872574,7.03
0,scratch,student,75,foreground_rescue_10,1,0.935,0.98,0.12340586,0.045,0.7513265306122449,0.17439036578872574,7.03
0,scratch,student,75,foreground_rescue_10,2,0.935,0.98,0.1324948,0.045,0.7513265306122449,0.17439036578872574,7.03
0,scratch,student,75,foreground_rescue_10,3,0.94,0.98,0.1231399,0.04,0.7513265306122449,0.17439036578872574,7.03
0,scratch,student,75,foreground_rescue_10,4,0.935,0.98,0.12465169,0.045,0.7513265306122449,0.17439036578872574,7.03
0,scratch,student,75,low_score_rescue_10,0,0.905,0.98,0.19611727,0.075,0.8198979591836735,0.49035806610754246,10.0
0,scratch,student,75,low_score_rescue_10,1,0.93,0.98,0.14870499,0.05,0.8204591836734694,0.46990343509424465,10.0
0,scratch,student,75,low_score_rescue_10,2,0.925,0.98,0.14497419,0.055,0.8206632653061225,0.4833676013430854,10.0
0,scratch,student,75,low_score_rescue_10,3,0.92,0.98,0.1602938,0.06,0.8212755102040816,0.49421614342167675,10.0
0,scratch,student,75,low_score_rescue_10,4,0.91,0.98,0.21390724,0.07,0.82,0.4870843443168462,10.0
0,scratch,student,75,random_matched,0,0.89,0.98,0.24739288,0.09,0.8220408163265307,0.48982013090346643,7.03
0,scratch,student,75,random_matched,1,0.915,0.98,0.2190212,0.065,0.8217346938775509,0.4913929233136206,7.03
0,scratch,student,75,random_matched,2,0.925,0.98,0.18836834,0.055,0.8230612244897959,0.48953283392356034,7.03
0,scratch,student,75,random_matched,3,0.92,0.98,0.18544933,0.065,0.8206122448979591,0.48013973814460453,7.03
0,scratch,student,75,random_matched,4,0.915,0.98,0.18822765,0.065,0.8221938775510205,0.4926802249042687,7.03
0,scratch,student,100,student,0,0.905,0.98,0.21298122,0.075,0.8190816326530611,0.4831366734879809,0.0
0,scratch,student,100,student,1,0.905,0.98,0.21298122,0.075,0.8190816326530611,0.4831366734879809,0.0
0,scratch,student,100,student,2,0.905,0.98,0.21298122,0.075,0.8190816326530611,0.4831366734879809,0.0
0,scratch,student,100,student,3,0.905,0.98,0.21298122,0.075,0.8190816326530611,0.4831366734879809,0.0
0,scratch,student,100,student,4,0.905,0.98,0.21298122,0.075,0.8190816326530611,0.4831366734879809,0.0
0,scratch,student,100,random,0,0.95,0.98,0.07085513,0.03,0.8246938775510205,0.48994748795493875,0.0
0,scratch,student,100,random,1,0.965,0.98,0.06002661,0.02,0.8235204081632653,0.4946262972715817,0.0
0,scratch,student,100,random,2,0.945,0.98,0.086035594,0.035,0.8219387755102041,0.47777470733476307,0.0
0,scratch,student,100,random,3,0.93,0.98,0.11281219,0.05,0.822857142857143,0.4756299304983063,0.0
0,scratch,student,100,random,4,0.945,0.98,0.12285635,0.04,0.8268877551020407,0.5175266882325791,0.0
0,scratch,student,100,random_rescue_10,0,0.93,0.98,0.1330321,0.05,0.8208673469387756,0.4955564253959521,10.0
0,scratch,student,100,random_rescue_10,1,0.925,0.98,0.16975456,0.055,0.8204591836734694,0.501480338235336,10.0
0,scratch,student,100,random_rescue_10,2,0.905,0.98,0.20807211,0.075,0.8190816326530613,0.4770886826509963,10.0
0,scratch,student,100,random_rescue_10,3,0.92,0.98,0.17841038,0.06,0.8195918367346939,0.4805199315480769,10.0
0,scratch,student,100,random_rescue_10,4,0.89,0.98,0.23484966,0.095,0.8204081632653062,0.48416723750397445,10.0
0,scratch,student,100,foreground_rescue_10,0,0.92,0.98,0.14025775,0.06,0.7481122448979591,0.16701909056225514,6.955
0,scratch,student,100,foreground_rescue_10,1,0.93,0.98,0.14145842,0.05,0.7481122448979591,0.16701909056225514,6.955
0,scratch,student,100,foreground_rescue_10,2,0.93,0.98,0.13573314,0.05,0.7481122448979591,0.16701909056225514,6.955
0,scratch,student,100,foreground_rescue_10,3,0.925,0.98,0.13993706,0.055,0.7481122448979591,0.16701909056225514,6.955
0,scratch,student,100,foreground_rescue_10,4,0.93,0.98,0.1567832,0.05,0.7481122448979591,0.16701909056225514,6.955
0,scratch,student,100,low_score_rescue_10,0,0.91,0.98,0.2063592,0.07,0.8183673469387756,0.4804113343198209,10.0
0,scratch,student,100,low_score_rescue_10,1,0.925,0.98,0.17916061,0.055,0.8188265306122449,0.46115858853260633,10.0
0,scratch,student,100,low_score_rescue_10,2,0.925,0.98,0.1857368,0.055,0.8186224489795919,0.47353503474926467,10.0
0,scratch,student,100,low_score_rescue_10,3,0.915,0.98,0.17897059,0.065,0.8189285714285716,0.47846676385780773,10.0
0,scratch,student,100,low_score_rescue_10,4,0.915,0.98,0.18204841,0.065,0.8183673469387756,0.479766568938106,10.0
0,scratch,student,100,random_matched,0,0.9,0.98,0.23024659,0.08,0.8171938775510205,0.4733371604910492,6.955
0,scratch,student,100,random_matched,1,0.91,0.98,0.19742692,0.07,0.8171938775510205,0.47763270388102685,6.955
0,scratch,student,100,random_matched,2,0.92,0.98,0.20756195,0.065,0.8197448979591837,0.47882045573521587,6.955
0,scratch,student,100,random_matched,3,0.905,0.98,0.21425436,0.075,0.8181122448979591,0.47295997290719904,6.955
0,scratch,student,100,random_matched,4,0.915,0.98,0.18705277,0.065,0.8194387755102039,0.48199017918124637,6.955
