seed,initialization,method,epoch,lr,val_macro_accuracy,val_accuracy,train_loss,optimizer_updates,train_seconds,epoch_seconds_with_probe,swaps,added_foreground,removed_foreground
0,imagenet,ce,1,1e-05,0.753,0.753,2.042247392654419,47,92.00338201993145,108.03849465190433,0.0,0.0,0.0
0,imagenet,ce,2,2e-05,0.9359999999999999,0.936,1.1310674095153808,47,95.32828910392709,112.46860272088088,0.0,0.0,0.0
0,imagenet,ce,3,3.0000000000000004e-05,0.96,0.96,0.7156375131607056,47,90.39027494192123,106.24553293385543,0.0,0.0,0.0
0,imagenet,ce,4,4e-05,0.9570000000000001,0.957,0.6195590190887451,47,91.21655429690145,107.37308736587875,0.0,0.0,0.0
0,imagenet,ce,5,5e-05,0.961,0.961,0.5745373490651449,47,89.83567629684694,106.06343968282454,0.0,0.0,0.0
0,imagenet,ce,6,5e-05,0.9650000000000001,0.965,0.5490258388519287,47,90.0601007391233,106.23958728415892,0.0,0.0,0.0
0,imagenet,ce,7,4.9986318311391235e-05,0.9640000000000001,0.964,0.5369788829485576,47,90.65062491921708,106.6157052339986,0.0,0.0,0.0
0,imagenet,ce,8,4.994528852626726e-05,0.97,0.97,0.5298858499526977,47,90.29375576693565,106.26716293394566,0.0,0.0,0.0
0,imagenet,ce,9,4.987695646966835e-05,0.9640000000000001,0.964,0.5249748759269715,47,90.65787559607998,106.29828620213084,0.0,0.0,0.0
0,imagenet,ce,10,4.9781398459792115e-05,0.9650000000000001,0.965,0.5193460033734639,47,89.56406525708735,113.59769484400749,0.0,0.0,0.0
0,imagenet,ce,11,4.96587212227557e-05,0.966,0.966,0.5191604064305624,47,91.27493345295079,107.09283246193081,0.0,0.0,0.0
0,imagenet,ce,12,4.950906177339638e-05,0.9650000000000001,0.965,0.5145378630956013,47,90.06273349700496,106.2273096498102,0.0,0.0,0.0
0,imagenet,ce,13,4.9332587262243413e-05,0.9649999999999999,0.965,0.512791288057963,47,90.04034656309523,106.04638621490449,0.0,0.0,0.0
0,imagenet,ce,14,4.912949478883223e-05,0.9620000000000001,0.962,0.5102904485066732,47,90.24240911589004,106.29065717593767,0.0,0.0,0.0
0,imagenet,ce,15,4.890001118156936e-05,0.9559999999999998,0.956,0.5103759797414144,47,89.4514190419577,105.29248838615604,0.0,0.0,0.0
0,imagenet,ce,16,4.864439274439401e-05,0.9629999999999999,0.963,0.5098389156659444,47,90.52049061004072,106.3569656019099,0.0,0.0,0.0
0,imagenet,ce,17,4.836292497051926e-05,0.9630000000000001,0.963,0.5087971590360005,47,90.01595762604848,105.92016095202416,0.0,0.0,0.0
0,imagenet,ce,18,4.8055922223572505e-05,0.9690000000000001,0.969,0.5065416520436605,47,90.53095687692985,106.7280857078731,0.0,0.0,0.0
0,imagenet,ce,19,4.7723727386491355e-05,0.966,0.966,0.5061840618451436,47,90.15909401094541,106.0378948438447,0.0,0.0,0.0
0,imagenet,ce,20,4.7366711478567095e-05,0.958,0.958,0.5077065229415894,47,90.85215095803142,107.06848006998189,0.0,0.0,0.0
0,imagenet,ce,21,4.6985273241063454e-05,0.962,0.962,0.5072059721946717,47,90.56497057201341,107.20844690315425,0.0,0.0,0.0
0,imagenet,ce,22,4.657983869187342e-05,0.9570000000000001,0.957,0.5073035233815512,47,91.3158515249379,107.44642720906995,0.0,0.0,0.0
0,imagenet,ce,23,4.615086064971153e-05,0.9639999999999999,0.964,0.5054368581771851,47,90.71958387293853,107.03193063591607,0.0,0.0,0.0
0,imagenet,ce,24,4.5698818228373126e-05,0.9639999999999999,0.964,0.5063393298784892,47,91.05825849203393,107.14705883408897,0.0,0.0,0.0
0,imagenet,ce,25,4.522421630162529e-05,0.9640000000000001,0.964,0.5062805835405986,47,90.54372119996697,114.93460049293935,0.0,0.0,0.0
0,imagenet,ce,26,4.4727584939327193e-05,0.9620000000000001,0.962,0.5060518817901611,47,90.13018720201217,106.30575255397707,0.0,0.0,0.0
0,imagenet,ce,27,4.420947881540964e-05,0.9640000000000001,0.964,0.5080667471885681,47,90.66461022291332,106.9699496589601,0.0,0.0,0.0
0,imagenet,ce,28,4.3670476588374966e-05,0.9589999999999999,0.959,0.5082519068717957,47,90.2599653210491,106.26617759210058,0.0,0.0,0.0
0,imagenet,ce,29,4.311118025500927e-05,0.959,0.959,0.508343665599823,47,90.44821799802594,106.34936647396535,0.0,0.0,0.0
0,imagenet,ce,30,4.253221447802874e-05,0.9649999999999999,0.965,0.5054010135332744,47,90.9237415860407,106.99210337293334,0.0,0.0,0.0
0,imagenet,ce,31,4.193422588841098e-05,0.9559999999999998,0.956,0.5053928937911988,47,90.68710779584944,106.81618747697212,0.0,0.0,0.0
0,imagenet,ce,32,4.1317882363190655e-05,0.9569999999999999,0.957,0.5067447535196941,47,90.68572206608951,106.98499511298724,0.0,0.0,0.0
0,imagenet,ce,33,4.0683872279526e-05,0.9630000000000001,0.963,0.5050374720891316,47,91.38177835894749,107.56144642899744,0.0,0.0,0.0
0,imagenet,ce,34,4.00329037458692e-05,0.9560000000000001,0.956,0.5092906913757325,47,90.06784542603418,106.29827957111411,0.0,0.0,0.0
0,imagenet,ce,35,3.936570381109958e-05,0.9620000000000001,0.962,0.5044870642026266,47,90.66970285982825,106.39207331486978,0.0,0.0,0.0
0,imagenet,ce,36,3.868301765250263e-05,0.9639999999999999,0.964,0.5041072072982788,47,90.40460908203386,107.03212997107767,0.0,0.0,0.0
0,imagenet,ce,37,3.798560774350198e-05,0.96,0.96,0.5060713397661845,47,91.44407149916515,107.47480765497312,0.0,0.0,0.0
0,imagenet,ce,38,3.7274253002073755e-05,0.967,0.967,0.503834844271342,47,90.72566761192866,106.98950627609156,0.0,0.0,0.0
0,imagenet,ce,39,3.6549747920794496e-05,0.967,0.967,0.5049364733695983,47,90.79304011492059,107.13003339595161,0.0,0.0,0.0
0,imagenet,ce,40,3.581290167949421e-05,0.967,0.967,0.5041094228426616,47,90.27984414598905,106.35959972208366,0.0,0.0,0.0
0,imagenet,ce,41,3.5064537241505625e-05,0.9640000000000001,0.964,0.5032689552307129,47,90.4440926599782,106.69289094000123,0.0,0.0,0.0
0,imagenet,ce,42,3.4305490434519064e-05,0.9649999999999999,0.965,0.5038554039001465,47,90.64237387990579,106.89297213312238,0.0,0.0,0.0
0,imagenet,ce,43,3.353660901706944e-05,0.9649999999999999,0.965,0.5025221473375956,47,90.43721118499525,106.73093624296598,0.0,0.0,0.0
0,imagenet,ce,44,3.2758751731698036e-05,0.969,0.969,0.5025541979471843,47,90.73626588610932,106.96445199591108,0.0,0.0,0.0
0,imagenet,ce,45,3.197278734584651e-05,0.9650000000000001,0.965,0.5038236818313598,47,89.72765174484812,105.81745221791789,0.0,0.0,0.0
0,imagenet,ce,46,3.1179593681554446e-05,0.96,0.96,0.5034229992230733,47,90.35404003388248,106.49848083988763,0.0,0.0,0.0
0,imagenet,ce,47,3.0380056635043986e-05,0.961,0.961,0.5054584320386251,47,92.16450754413381,108.48301948909648,0.0,0.0,0.0
0,imagenet,ce,48,2.9575069187286692e-05,0.968,0.968,0.50325390736262,46,91.11648710211739,107.47519970010035,0.0,0.0,0.0
0,imagenet,ce,49,2.876553040665759e-05,0.961,0.961,0.5034436548550923,47,91.56666125799529,107.61558480001986,0.0,0.0,0.0
0,imagenet,ce,50,2.7952344444790415e-05,0.9620000000000001,0.962,0.5031673719088237,47,90.49498688499443,115.59891873109154,0.0,0.0,0.0
0,imagenet,ce,51,2.7136419526755484e-05,0.966,0.966,0.5033074014981588,47,91.74909015512094,108.2009738679044,0.0,0.0,0.0
0,imagenet,ce,52,2.631866693668803e-05,0.9650000000000001,0.965,0.5023494567871094,47,91.27765807090327,107.28814639197662,0.0,0.0,0.0
0,imagenet,ce,53,2.5500000000000003e-05,0.9630000000000001,0.963,0.5021525591214497,47,90.22478197095916,106.48573421710171,0.0,0.0,0.0
0,imagenet,ce,54,2.4681333063311983e-05,0.967,0.967,0.5020880637168884,47,91.34121117601171,107.37930468213744,0.0,0.0,0.0
0,imagenet,ce,55,2.3863580473244526e-05,0.9649999999999999,0.965,0.5029122077624003,47,90.6622594348155,106.6597080968786,0.0,0.0,0.0
0,imagenet,ce,56,2.3047655555209592e-05,0.9649999999999999,0.965,0.5020146849950154,47,90.80556879704818,107.00750772794709,0.0,0.0,0.0
0,imagenet,ce,57,2.223446959334243e-05,0.969,0.969,0.5013686892191569,47,91.1937085869722,107.4743194130715,0.0,0.0,0.0
0,imagenet,ce,58,2.1424930812713318e-05,0.9659999999999999,0.966,0.5030197847684225,47,91.18369606207125,107.42455526115373,0.0,0.0,0.0
0,imagenet,ce,59,2.0619943364956024e-05,0.9649999999999999,0.965,0.5033479770024617,47,91.48343756096438,107.61047087796032,0.0,0.0,0.0
0,imagenet,ce,60,1.9820406318445557e-05,0.9730000000000001,0.973,0.5011561301549275,47,91.10664057382382,107.53262039320543,0.0,0.0,0.0
0,imagenet,ce,61,1.9027212654153495e-05,0.9709999999999999,0.971,0.5015475920041402,47,91.06962729198858,107.35889852815308,0.0,0.0,0.0
0,imagenet,ce,62,1.824124826830197e-05,0.9719999999999999,0.972,0.5013638458251953,47,90.92767586605623,107.10042374883778,0.0,0.0,0.0
0,imagenet,ce,63,1.746339098293056e-05,0.969,0.969,0.5018918132781982,47,90.32380149001256,106.54869579500519,0.0,0.0,0.0
0,imagenet,ce,64,1.6694509565480943e-05,0.9649999999999999,0.965,0.501778557618459,47,91.3206140929833,107.600087123923,0.0,0.0,0.0
0,imagenet,ce,65,1.593546275849438e-05,0.9709999999999999,0.971,0.5016084240277608,47,91.354123163037,107.2626369970385,0.0,0.0,0.0
0,imagenet,ce,66,1.5187098320505799e-05,0.9720000000000001,0.972,0.5019302298227946,47,91.40000351984054,107.36594498204067,0.0,0.0,0.0
0,imagenet,ce,67,1.4450252079205502e-05,0.9710000000000001,0.971,0.5011386470794678,47,90.85898361401632,106.8509295519907,0.0,0.0,0.0
0,imagenet,ce,68,1.372574699792625e-05,0.969,0.969,0.5017405203183491,47,91.61373277404346,107.84741109004244,0.0,0.0,0.0
0,imagenet,ce,69,1.3014392256498022e-05,0.968,0.968,0.5018892269134522,47,92.3137252968736,108.6362862191163,0.0,0.0,0.0
0,imagenet,ce,70,1.2316982347497372e-05,0.9669999999999999,0.967,0.5021803186734517,47,91.52614938095212,107.61472919699736,0.0,0.0,0.0
0,imagenet,ce,71,1.1634296188900416e-05,0.9690000000000001,0.969,0.5010099288622538,47,92.61887153307907,109.07969773793593,0.0,0.0,0.0
0,imagenet,ce,72,1.0967096254130799e-05,0.966,0.966,0.5020387818018596,47,92.35796241601929,108.76457018405199,0.0,0.0,0.0
0,imagenet,ce,73,1.0316127720474006e-05,0.968,0.968,0.5014353496233622,47,93.34165172395296,109.69067703094333,0.0,0.0,0.0
0,imagenet,ce,74,9.682117636809343e-06,0.9710000000000001,0.971,0.5011818652153015,47,92.04128586105071,108.16949857096188,0.0,0.0,0.0
0,imagenet,ce,75,9.065774111589031e-06,0.97,0.97,0.5013399564425151,47,91.70814616093412,117.52728642290458,0.0,0.0,0.0
0,imagenet,ce,76,8.467785521971265e-06,0.9719999999999999,0.972,0.5014681901931762,47,92.6051115039736,108.98744196002372,0.0,0.0,0.0
0,imagenet,ce,77,7.888819744990736e-06,0.9690000000000001,0.969,0.5014080519676208,47,92.50167384394445,108.87475915788673,0.0,0.0,0.0
0,imagenet,ce,78,7.329523411625039e-06,0.9680000000000002,0.968,0.5010431127548218,47,91.93316314299591,108.46618501003832,0.0,0.0,0.0
0,imagenet,ce,79,6.790521184590367e-06,0.9700000000000001,0.97,0.501401518980662,47,91.3479951529298,107.80999244004488,0.0,0.0,0.0
0,imagenet,ce,80,6.272415060672806e-06,0.9730000000000001,0.973,0.5014480786323547,47,95.22203976102173,111.64478733716533,0.0,0.0,0.0
0,imagenet,ce,81,5.77578369837471e-06,0.9720000000000001,0.972,0.501576453367869,47,91.71464930893853,107.85926453000866,0.0,0.0,0.0
0,imagenet,ce,82,5.301181771626878e-06,0.9700000000000001,0.97,0.5013332478205363,47,91.21420201007277,107.72264326410368,0.0,0.0,0.0
0,imagenet,ce,83,4.849139350288474e-06,0.967,0.967,0.5020199577013652,47,91.69680154090747,108.11922065820545,0.0,0.0,0.0
0,imagenet,ce,84,4.420161308126591e-06,0.9700000000000001,0.97,0.5013605941136678,47,91.73833817010745,108.17278432520106,0.0,0.0,0.0
0,imagenet,ce,85,4.014726758936549e-06,0.9720000000000001,0.972,0.5009577271143595,47,92.39722891314887,109.01425619795918,0.0,0.0,0.0
0,imagenet,ce,86,3.6332885214329124e-06,0.9700000000000001,0.97,0.5017336419423422,47,92.32444333005697,109.17707840399817,0.0,0.0,0.0
0,imagenet,ce,87,3.2762726135086534e-06,0.968,0.968,0.5020457215309143,47,90.61862643505447,106.80355038004927,0.0,0.0,0.0
0,imagenet,ce,88,2.9440777764274926e-06,0.9690000000000001,0.969,0.501599270661672,47,89.96979722892866,106.00095325312577,0.0,0.0,0.0
0,imagenet,ce,89,2.6370750294807374e-06,0.9690000000000001,0.969,0.5009595538775126,47,90.11448354599997,106.40681395400316,0.0,0.0,0.0
0,imagenet,ce,90,2.3556072556059925e-06,0.9690000000000001,0.969,0.5014789363543193,47,90.7796290088445,106.93057558010332,0.0,0.0,0.0
0,imagenet,ce,91,2.0999888184306456e-06,0.9680000000000002,0.968,0.5010359732309977,47,90.24677541898564,106.21443821303546,0.0,0.0,0.0
0,imagenet,ce,92,1.8705052111677768e-06,0.9690000000000001,0.969,0.5010287299156189,47,90.36069004819728,106.58382633398287,0.0,0.0,0.0
0,imagenet,ce,93,1.6674127377565921e-06,0.9690000000000001,0.969,0.5009788479804993,47,90.51274754595943,106.48548877402209,0.0,0.0,0.0
0,imagenet,ce,94,1.4909382266036246e-06,0.9690000000000001,0.969,0.5014456343650818,47,90.59024757100269,106.73273974098265,0.0,0.0,0.0
0,imagenet,ce,95,1.3412787772443001e-06,0.9680000000000002,0.968,0.5026805402437846,47,91.68021645885892,107.90816601598635,0.0,0.0,0.0
0,imagenet,ce,96,1.2186015402078894e-06,0.9680000000000002,0.968,0.501165503501892,47,90.93306232593022,107.10000878595747,0.0,0.0,0.0
0,imagenet,ce,97,1.1230435303316486e-06,0.9680000000000002,0.968,0.5013674764633179,47,90.9383515031077,106.89543640194461,0.0,0.0,0.0
0,imagenet,ce,98,1.0547114737327475e-06,0.9680000000000002,0.968,0.5013969634373983,47,90.46459705987945,106.53530800715089,0.0,0.0,0.0
0,imagenet,ce,99,1.013681688608762e-06,0.9690000000000001,0.969,0.5012170799573262,47,90.41901153395884,106.71075955405831,0.0,0.0,0.0
0,imagenet,ce,100,1e-06,0.9700000000000001,0.97,0.5013630417188009,47,91.26044450700283,115.78592646191828,0.0,0.0,0.0
0,imagenet,foreground_rescue_10,1,1e-05,0.7570000000000001,0.757,1.7914234816233316,47,104.55060049286112,121.6551793818362,2.9325,2.9325,0.0
0,imagenet,foreground_rescue_10,2,2e-05,0.9350000000000002,0.935,0.881053717136383,47,105.18079391005449,122.06228816183284,2.736,2.736,0.0
0,imagenet,foreground_rescue_10,3,3.0000000000000004e-05,0.959,0.959,0.4658303334712982,47,99.9953658960294,116.60240792296827,2.5913333333333335,2.5913333333333335,0.0
0,imagenet,foreground_rescue_10,4,4e-05,0.958,0.958,0.3697852694193522,47,99.95066818897612,117.11697906814516,2.672,2.672,0.0
0,imagenet,foreground_rescue_10,5,5e-05,0.961,0.961,0.327658473889033,47,99.00636493810453,115.71705075795762,2.8558333333333334,2.8558333333333334,0.0
0,imagenet,foreground_rescue_10,6,5e-05,0.9620000000000001,0.962,0.30257683340708413,47,99.48506980319507,115.98537716502324,2.862833333333333,2.862833333333333,0.0
0,imagenet,foreground_rescue_10,7,4.9986318311391235e-05,0.961,0.961,0.28756873138745626,47,98.94692832208239,115.02612968697213,2.8733333333333335,2.8733333333333335,0.0
0,imagenet,foreground_rescue_10,8,4.994528852626726e-05,0.9649999999999999,0.965,0.28262721665700274,47,98.2065370650962,114.4709645838011,2.9011666666666667,2.9011666666666667,0.0
0,imagenet,foreground_rescue_10,9,4.987695646966835e-05,0.958,0.958,0.27946527481079103,47,97.61689753294922,114.00974051095545,2.9556666666666667,2.9556666666666667,0.0
0,imagenet,foreground_rescue_10,10,4.9781398459792115e-05,0.96,0.96,0.27261545864741005,47,99.54795914096758,123.64525029389188,3.013333333333333,3.013333333333333,0.0
0,imagenet,foreground_rescue_10,11,4.96587212227557e-05,0.958,0.958,0.2711462076505025,47,100.14769444102421,116.70537774590775,3.0995,3.0995,0.0
0,imagenet,foreground_rescue_10,12,4.950906177339638e-05,0.9630000000000001,0.963,0.2673228357632955,47,99.02194027299993,115.55719871306792,3.057166666666667,3.057166666666667,0.0
0,imagenet,foreground_rescue_10,13,4.9332587262243413e-05,0.9639999999999999,0.964,0.26609772284825645,47,100.24141401308589,116.76887997286394,3.1746666666666665,3.1746666666666665,0.0
0,imagenet,foreground_rescue_10,14,4.912949478883223e-05,0.9639999999999999,0.964,0.2680610741774241,47,98.76317992596887,115.42219719104469,3.1151666666666666,3.1151666666666666,0.0
0,imagenet,foreground_rescue_10,15,4.890001118156936e-05,0.9570000000000001,0.957,0.2636453213691711,47,100.0391424309928,116.49201772594824,3.0323333333333333,3.0323333333333333,0.0
0,imagenet,foreground_rescue_10,16,4.864439274439401e-05,0.9639999999999999,0.964,0.2634371836185455,47,99.32094071689062,116.0825942598749,2.9288333333333334,2.9288333333333334,0.0
0,imagenet,foreground_rescue_10,17,4.836292497051926e-05,0.9599999999999997,0.96,0.2617352066040039,47,100.3855441911146,116.74847275903448,3.0023333333333335,3.0023333333333335,0.0
0,imagenet,foreground_rescue_10,18,4.8055922223572505e-05,0.9640000000000001,0.964,0.2598480755488078,47,99.85423862095922,116.43177940300666,3.0508333333333333,3.0508333333333333,0.0
0,imagenet,foreground_rescue_10,19,4.7723727386491355e-05,0.9620000000000001,0.962,0.26129148228963217,47,99.1522710788995,115.62536611710675,3.050666666666667,3.050666666666667,0.0
0,imagenet,foreground_rescue_10,20,4.7366711478567095e-05,0.9629999999999999,0.963,0.26274852617581684,47,101.03465545200743,117.61538802878931,3.025,3.025,0.0
0,imagenet,foreground_rescue_10,21,4.6985273241063454e-05,0.9600000000000002,0.96,0.2608570653597514,47,99.88457670505159,116.3689566499088,3.0248333333333335,3.0248333333333335,0.0
0,imagenet,foreground_rescue_10,22,4.657983869187342e-05,0.9629999999999999,0.963,0.2614160617987315,47,99.15363498800434,115.440112716984,3.0378333333333334,3.0378333333333334,0.0
0,imagenet,foreground_rescue_10,23,4.615086064971153e-05,0.9579999999999999,0.958,0.2586564013957977,47,99.67944055097178,116.07770371902734,3.0241666666666664,3.0241666666666664,0.0
0,imagenet,foreground_rescue_10,24,4.5698818228373126e-05,0.961,0.961,0.2608561698595683,47,99.40128993499093,115.80333729577251,3.0921666666666665,3.0921666666666665,0.0
0,imagenet,foreground_rescue_10,25,4.522421630162529e-05,0.9569999999999999,0.957,0.2587365081310272,47,102.54041950008832,126.34318175911903,3.1765,3.1765,0.0
0,imagenet,foreground_rescue_10,26,4.4727584939327193e-05,0.961,0.961,0.2589666549364726,47,100.82302785292268,116.98662027693354,3.1668333333333334,3.1668333333333334,0.0
0,imagenet,foreground_rescue_10,27,4.420947881540964e-05,0.953,0.953,0.2604528680642446,47,99.87040803488344,116.21041399613023,3.1301666666666668,3.1301666666666668,0.0
0,imagenet,foreground_rescue_10,28,4.3670476588374966e-05,0.9560000000000001,0.956,0.2590827225844065,47,99.05740861804225,115.63847928191535,3.1943333333333332,3.1943333333333332,0.0
0,imagenet,foreground_rescue_10,29,4.311118025500927e-05,0.959,0.959,0.2602282067934672,47,99.71741231693886,116.04852537903935,3.182166666666667,3.182166666666667,0.0
0,imagenet,foreground_rescue_10,30,4.253221447802874e-05,0.9600000000000002,0.96,0.26034975759188334,47,100.9836981180124,117.95192016707733,3.1161666666666665,3.1161666666666665,0.0
0,imagenet,foreground_rescue_10,31,4.193422588841098e-05,0.9610000000000001,0.961,0.2595992740790049,47,99.31093723210506,115.76245290297084,3.043,3.043,0.0
0,imagenet,foreground_rescue_10,32,4.1317882363190655e-05,0.96,0.96,0.25954662330945333,47,99.765591716161,116.15395090100355,3.119,3.119,0.0
0,imagenet,foreground_rescue_10,33,4.0683872279526e-05,0.9540000000000001,0.954,0.2614978999296824,47,99.14430201100186,115.61379471095279,3.0658333333333334,3.0658333333333334,0.0
0,imagenet,foreground_rescue_10,34,4.00329037458692e-05,0.9600000000000002,0.96,0.2612582280635834,47,100.0551549999509,116.9104170508217,2.959,2.959,0.0
0,imagenet,foreground_rescue_10,35,3.936570381109958e-05,0.9640000000000001,0.964,0.2587396190166473,47,100.4900235380046,116.93919887091033,2.961,2.961,0.0
0,imagenet,foreground_rescue_10,36,3.868301765250263e-05,0.958,0.958,0.25779791474342345,47,100.02119395695627,116.55027551902458,3.0521666666666665,3.0521666666666665,0.0
0,imagenet,foreground_rescue_10,37,3.798560774350198e-05,0.9549999999999998,0.955,0.2599380999406179,47,100.45667496090755,117.32048197998665,3.11,3.11,0.0
0,imagenet,foreground_rescue_10,38,3.7274253002073755e-05,0.9640000000000001,0.964,0.25938460501035054,47,100.98066484788433,117.83334838086739,3.082666666666667,3.082666666666667,0.0
0,imagenet,foreground_rescue_10,39,3.6549747920794496e-05,0.962,0.962,0.2579848567644755,47,101.29069609404542,118.16169252386317,3.0986666666666665,3.0986666666666665,0.0
0,imagenet,foreground_rescue_10,40,3.581290167949421e-05,0.9650000000000001,0.965,0.2589306960105896,47,101.34484012401663,118.3059846109245,3.101,3.101,0.0
0,imagenet,foreground_rescue_10,41,3.5064537241505625e-05,0.961,0.961,0.2563032258351644,47,100.29594653914683,116.9431987691205,3.1536666666666666,3.1536666666666666,0.0
0,imagenet,foreground_rescue_10,42,3.4305490434519064e-05,0.9579999999999999,0.958,0.2583659770488739,47,100.73769114306197,117.37312203203328,3.2176666666666667,3.2176666666666667,0.0
0,imagenet,foreground_rescue_10,43,3.353660901706944e-05,0.9590000000000002,0.959,0.257450759490331,47,100.18560637906194,116.56891061295755,3.211,3.211,0.0
0,imagenet,foreground_rescue_10,44,3.2758751731698036e-05,0.9579999999999999,0.958,0.2578496286869049,47,100.61316720000468,117.1812036880292,3.1963333333333335,3.1963333333333335,0.0
0,imagenet,foreground_rescue_10,45,3.197278734584651e-05,0.954,0.954,0.2584507614771525,46,100.36119403503835,116.64014831813984,3.2303333333333333,3.2303333333333333,0.0
0,imagenet,foreground_rescue_10,46,3.1179593681554446e-05,0.9679999999999997,0.968,0.2567720840771993,47,100.4341768338345,116.71958229597658,3.1903333333333332,3.1903333333333332,0.0
0,imagenet,foreground_rescue_10,47,3.0380056635043986e-05,0.961,0.961,0.2582884283065796,47,100.85122397402301,117.62299258401617,3.2563333333333335,3.2563333333333335,0.0
0,imagenet,foreground_rescue_10,48,2.9575069187286692e-05,0.9659999999999999,0.966,0.25907067227363584,47,99.85731682297774,116.37975509697571,3.2191666666666667,3.2191666666666667,0.0
0,imagenet,foreground_rescue_10,49,2.876553040665759e-05,0.9629999999999999,0.963,0.2598730216026306,47,100.03379082912579,117.17785539990291,3.194,3.194,0.0
0,imagenet,foreground_rescue_10,50,2.7952344444790415e-05,0.9570000000000001,0.957,0.2601662967205048,47,100.56559445010498,125.34097947296686,3.2476666666666665,3.2476666666666665,0.0
0,imagenet,foreground_rescue_10,51,2.7136419526755484e-05,0.968,0.968,0.25868647249539695,47,100.34833948896267,117.02648083888926,3.1508333333333334,3.1508333333333334,0.0
0,imagenet,foreground_rescue_10,52,2.631866693668803e-05,0.9640000000000001,0.964,0.2563500792980194,47,99.95830416609533,116.97747002914548,3.1546666666666665,3.1546666666666665,0.0
0,imagenet,foreground_rescue_10,53,2.5500000000000003e-05,0.9650000000000001,0.965,0.25721520551045735,47,100.1050654980354,116.483544557821,3.106,3.106,0.0
0,imagenet,foreground_rescue_10,54,2.4681333063311983e-05,0.951,0.951,0.25740524554252625,47,99.95188131695613,116.28847514698282,2.9925,2.9925,0.0
0,imagenet,foreground_rescue_10,55,2.3863580473244526e-05,0.967,0.967,0.2561053598721822,47,99.9246607280802,116.40133289294317,2.9863333333333335,2.9863333333333335,0.0
0,imagenet,foreground_rescue_10,56,2.3047655555209592e-05,0.9629999999999999,0.963,0.25484713530540465,47,102.05714202905074,118.73381882696413,2.9755,2.9755,0.0
0,imagenet,foreground_rescue_10,57,2.223446959334243e-05,0.9659999999999999,0.966,0.25737755195299783,47,100.71906542917714,117.69653149088845,2.973333333333333,2.973333333333333,0.0
0,imagenet,foreground_rescue_10,58,2.1424930812713318e-05,0.966,0.966,0.2570131954352061,47,102.08939286880195,118.69989091390744,2.9683333333333333,2.9683333333333333,0.0
0,imagenet,foreground_rescue_10,59,2.0619943364956024e-05,0.9650000000000001,0.965,0.2561737140019735,47,101.35548888705671,117.85429597087204,2.9515,2.9515,0.0
0,imagenet,foreground_rescue_10,60,1.9820406318445557e-05,0.9649999999999999,0.965,0.2557866631348928,47,102.78947924613021,119.86945880111307,2.992166666666667,2.992166666666667,0.0
0,imagenet,foreground_rescue_10,61,1.9027212654153495e-05,0.9650000000000001,0.965,0.2559953967730204,47,101.46987268002704,118.31206056894735,3.021166666666667,3.021166666666667,0.0
0,imagenet,foreground_rescue_10,62,1.824124826830197e-05,0.9640000000000001,0.964,0.2573268419106801,47,102.40331511595286,119.13132093916647,3.046333333333333,3.046333333333333,0.0
0,imagenet,foreground_rescue_10,63,1.746339098293056e-05,0.9640000000000001,0.964,0.25573427375157676,47,102.12241620221175,118.74395680008456,3.0441666666666665,3.0441666666666665,0.0
0,imagenet,foreground_rescue_10,64,1.6694509565480943e-05,0.9679999999999997,0.968,0.2554091800848643,47,102.0702896558214,118.65456710988656,3.0951666666666666,3.0951666666666666,0.0
0,imagenet,foreground_rescue_10,65,1.593546275849438e-05,0.967,0.967,0.2559469881852468,47,101.09646732988767,117.95268846699037,3.1188333333333333,3.1188333333333333,0.0
0,imagenet,foreground_rescue_10,66,1.5187098320505799e-05,0.9710000000000001,0.971,0.25609694941838584,47,100.87603757786565,117.49226432899013,3.0561666666666665,3.0561666666666665,0.0
0,imagenet,foreground_rescue_10,67,1.4450252079205502e-05,0.967,0.967,0.2554130132993062,47,102.7108376249671,119.1801914840471,3.0628333333333333,3.0628333333333333,0.0
0,imagenet,foreground_rescue_10,68,1.372574699792625e-05,0.968,0.968,0.2561643080711365,47,100.28951934003271,116.8134932150133,3.019,3.019,0.0
0,imagenet,foreground_rescue_10,69,1.3014392256498022e-05,0.968,0.968,0.25475630728403725,47,100.24479364603758,117.08185319579206,3.0016666666666665,3.0016666666666665,0.0
0,imagenet,foreground_rescue_10,70,1.2316982347497372e-05,0.9639999999999999,0.964,0.257031635204951,47,100.14402958704159,116.94375189603306,3.0528333333333335,3.0528333333333335,0.0
0,imagenet,foreground_rescue_10,71,1.1634296188900416e-05,0.9629999999999999,0.963,0.25722299647331237,47,101.30069417995401,117.91432405705564,3.1118333333333332,3.1118333333333332,0.0
0,imagenet,foreground_rescue_10,72,1.0967096254130799e-05,0.9670000000000002,0.967,0.25543038932482404,47,100.33126341900788,116.9996448608581,3.151666666666667,3.151666666666667,0.0
0,imagenet,foreground_rescue_10,73,1.0316127720474006e-05,0.967,0.967,0.2554459091027578,47,100.8888750220649,117.35847438802011,3.1736666666666666,3.1736666666666666,0.0
0,imagenet,foreground_rescue_10,74,9.682117636809343e-06,0.9690000000000001,0.969,0.25662858231862384,47,101.89532750588842,118.36696197115816,3.1226666666666665,3.1226666666666665,0.0
0,imagenet,foreground_rescue_10,75,9.065774111589031e-06,0.97,0.97,0.25684978024164834,47,100.19253514520824,124.0259660310112,3.124,3.124,0.0
0,imagenet,foreground_rescue_10,76,8.467785521971265e-06,0.9669999999999999,0.967,0.2563301448027293,47,100.23061324004084,116.70454521896318,3.0636666666666668,3.0636666666666668,0.0
0,imagenet,foreground_rescue_10,77,7.888819744990736e-06,0.968,0.968,0.2557128984133403,47,100.37556451186538,116.76375470496714,3.099833333333333,3.099833333333333,0.0
0,imagenet,foreground_rescue_10,78,7.329523411625039e-06,0.9669999999999999,0.967,0.2556177179813385,47,100.55775527097285,117.2437046521809,3.0378333333333334,3.0378333333333334,0.0
0,imagenet,foreground_rescue_10,79,6.790521184590367e-06,0.9680000000000002,0.968,0.2563876858552297,47,100.12339322408661,116.8210035499651,3.057166666666667,3.057166666666667,0.0
0,imagenet,foreground_rescue_10,80,6.272415060672806e-06,0.968,0.968,0.25681692639986675,47,100.40457907295786,116.76928043807857,3.061166666666667,3.061166666666667,0.0
0,imagenet,foreground_rescue_10,81,5.77578369837471e-06,0.968,0.968,0.25613838958740237,47,101.88109844294377,118.48301538615488,3.014666666666667,3.014666666666667,0.0
0,imagenet,foreground_rescue_10,82,5.301181771626878e-06,0.968,0.968,0.25490838980674746,47,99.54481722903438,115.73159525799565,3.0428333333333333,3.0428333333333333,0.0
0,imagenet,foreground_rescue_10,83,4.849139350288474e-06,0.968,0.968,0.25704453682899475,47,99.44464538199827,116.36584173911251,3.0563333333333333,3.0563333333333333,0.0
0,imagenet,foreground_rescue_10,84,4.420161308126591e-06,0.967,0.967,0.25502177166938783,47,101.40432715881616,117.76462128199637,3.0733333333333333,3.0733333333333333,0.0
0,imagenet,foreground_rescue_10,85,4.014726758936549e-06,0.969,0.969,0.2544410162766774,47,102.7190688860137,119.06252654711716,3.0508333333333333,3.0508333333333333,0.0
0,imagenet,foreground_rescue_10,86,3.6332885214329124e-06,0.968,0.968,0.25491069571177166,47,99.48174595693126,116.01447517913766,3.0235,3.0235,0.0
0,imagenet,foreground_rescue_10,87,3.2762726135086534e-06,0.968,0.968,0.2549722609519959,47,100.14498674008064,116.40556646697223,3.036,3.036,0.0
0,imagenet,foreground_rescue_10,88,2.9440777764274926e-06,0.968,0.968,0.25521538861592613,47,101.20441097090952,117.7772922727745,3.0445,3.0445,0.0
0,imagenet,foreground_rescue_10,89,2.6370750294807374e-06,0.97,0.97,0.2560630156993866,47,99.49424511590041,116.15503263100982,3.059833333333333,3.059833333333333,0.0
0,imagenet,foreground_rescue_10,90,2.3556072556059925e-06,0.968,0.968,0.25502555799484256,47,100.18972021411173,116.87399060185999,3.036,3.036,0.0
0,imagenet,foreground_rescue_10,91,2.0999888184306456e-06,0.9690000000000001,0.969,0.2555168684323629,47,103.60452127503231,119.86626753606834,3.036,3.036,0.0
0,imagenet,foreground_rescue_10,92,1.8705052111677768e-06,0.9669999999999999,0.967,0.2551525908311208,47,99.41648488398641,115.75114422803745,3.0216666666666665,3.0216666666666665,0.0
0,imagenet,foreground_rescue_10,93,1.6674127377565921e-06,0.9669999999999999,0.967,0.2548692664305369,47,99.53607769100927,115.90680056903511,3.045,3.045,0.0
0,imagenet,foreground_rescue_10,94,1.4909382266036246e-06,0.9669999999999999,0.967,0.2541507325172424,47,100.44473869702779,116.8411069707945,3.039833333333333,3.039833333333333,0.0
0,imagenet,foreground_rescue_10,95,1.3412787772443001e-06,0.9690000000000001,0.969,0.25468216983477276,47,98.87397764716297,115.10480823391117,3.046,3.046,0.0
0,imagenet,foreground_rescue_10,96,1.2186015402078894e-06,0.968,0.968,0.2556750963528951,47,99.62721070391126,116.03864425583743,3.0528333333333335,3.0528333333333335,0.0
0,imagenet,foreground_rescue_10,97,1.1230435303316486e-06,0.9669999999999999,0.967,0.25511577423413595,47,99.58405324490741,115.8657100899145,3.0596666666666668,3.0596666666666668,0.0
0,imagenet,foreground_rescue_10,98,1.0547114737327475e-06,0.9669999999999999,0.967,0.25553780484199523,47,100.52430624002591,117.3509400698822,3.0801666666666665,3.0801666666666665,0.0
0,imagenet,foreground_rescue_10,99,1.013681688608762e-06,0.966,0.966,0.25493571734428405,47,100.61838323902339,117.3617431819439,3.0665,3.0665,0.0
0,imagenet,foreground_rescue_10,100,1e-06,0.9649999999999999,0.965,0.25545477112134296,47,100.4198035870213,124.4500316879712,3.0681666666666665,3.0681666666666665,0.0
0,imagenet,full,1,1e-05,0.7540000000000001,0.754,1.802652593612671,47,97.24222515919246,113.38753098691814,0.0,0.0,0.0
0,imagenet,full,2,2e-05,0.9349999999999998,0.935,0.8873835217157999,47,98.34881145809777,115.09614047617652,0.0,0.0,0.0
0,imagenet,full,3,3.0000000000000004e-05,0.9560000000000001,0.956,0.4675723627408346,47,94.5861493148841,110.8424083259888,0.0,0.0,0.0
0,imagenet,full,4,4e-05,0.958,0.958,0.3699533507823944,47,94.44835441396572,110.91758682904765,0.0,0.0,0.0
0,imagenet,full,5,5e-05,0.959,0.959,0.32541964999834694,47,94.10961310681887,110.49103989615105,0.0,0.0,0.0
0,imagenet,full,6,5e-05,0.9580000000000002,0.958,0.2997431780497233,47,94.87956126197241,111.48759731696919,0.0,0.0,0.0
0,imagenet,full,7,4.9986318311391235e-05,0.966,0.966,0.2863736609617869,47,93.9634354969021,110.05979750212282,0.0,0.0,0.0
0,imagenet,full,8,4.994528852626726e-05,0.9650000000000001,0.965,0.2801672743956248,47,93.89440065203235,109.85619497206062,0.0,0.0,0.0
0,imagenet,full,9,4.987695646966835e-05,0.9560000000000001,0.956,0.27449112097422285,47,94.14530318183824,110.21601521107368,0.0,0.0,0.0
0,imagenet,full,10,4.9781398459792115e-05,0.97,0.97,0.27080032181739805,47,94.14048596518114,118.11599416192621,0.0,0.0,0.0
0,imagenet,full,11,4.96587212227557e-05,0.9680000000000002,0.968,0.2657147368590037,47,95.07826392282732,111.04822844499722,0.0,0.0,0.0
0,imagenet,full,12,4.950906177339638e-05,0.967,0.967,0.26201469349861145,47,95.18169066403061,111.14428335614502,0.0,0.0,0.0
0,imagenet,full,13,4.9332587262243413e-05,0.96,0.96,0.26054175051053363,47,94.1371460990049,110.08705266518518,0.0,0.0,0.0
0,imagenet,full,14,4.912949478883223e-05,0.9649999999999999,0.965,0.2594708689848582,47,94.21698944689706,110.12439318699762,0.0,0.0,0.0
0,imagenet,full,15,4.890001118156936e-05,0.9630000000000001,0.963,0.26045218936602277,47,94.66139241517521,110.70613543898799,0.0,0.0,0.0
0,imagenet,full,16,4.864439274439401e-05,0.9630000000000001,0.963,0.2585647687911987,47,94.91875308589078,111.17076131911017,0.0,0.0,0.0
0,imagenet,full,17,4.836292497051926e-05,0.9650000000000001,0.965,0.2610482489267985,47,95.37918040994555,111.48736359504983,0.0,0.0,0.0
0,imagenet,full,18,4.8055922223572505e-05,0.9659999999999999,0.966,0.2572655787467957,47,94.70274916803464,111.09712946298532,0.0,0.0,0.0
0,imagenet,full,19,4.7723727386491355e-05,0.966,0.966,0.2566021734078725,47,95.42466550902463,112.25792921008542,0.0,0.0,0.0
0,imagenet,full,20,4.7366711478567095e-05,0.966,0.966,0.25687909746170046,47,95.00356040196493,111.1697515801061,0.0,0.0,0.0
0,imagenet,full,21,4.6985273241063454e-05,0.959,0.959,0.25748215746879577,47,94.93254361581057,111.00662679784,0.0,0.0,0.0
0,imagenet,full,22,4.657983869187342e-05,0.96,0.96,0.25722068786621094,47,93.3780728338752,109.55031561013311,0.0,0.0,0.0
0,imagenet,full,23,4.615086064971153e-05,0.959,0.959,0.25552634263038637,47,95.04583707801066,111.23377310507931,0.0,0.0,0.0
0,imagenet,full,24,4.5698818228373126e-05,0.961,0.961,0.25611420194307966,47,94.19405121495947,110.25221487600356,0.0,0.0,0.0
0,imagenet,full,25,4.522421630162529e-05,0.9570000000000001,0.957,0.2565465176105499,47,94.49166681896895,119.54094933811575,0.0,0.0,0.0
0,imagenet,full,26,4.4727584939327193e-05,0.962,0.962,0.25518892327944437,47,93.63434851216152,109.66114593786187,0.0,0.0,0.0
0,imagenet,full,27,4.420947881540964e-05,0.9550000000000001,0.955,0.25707813501358034,47,94.77342601213604,110.91212781402282,0.0,0.0,0.0
0,imagenet,full,28,4.3670476588374966e-05,0.954,0.954,0.2602493285338084,47,94.25193460402079,110.55409608781338,0.0,0.0,0.0
0,imagenet,full,29,4.311118025500927e-05,0.961,0.961,0.2579748589992523,47,95.22533723991364,111.52318673301488,0.0,0.0,0.0
0,imagenet,full,30,4.253221447802874e-05,0.951,0.951,0.2550412806669871,47,94.8238656881731,110.9661679470446,0.0,0.0,0.0
0,imagenet,full,31,4.193422588841098e-05,0.954,0.954,0.25516823593775434,47,93.91056113410741,109.9442589271348,0.0,0.0,0.0
0,imagenet,full,32,4.1317882363190655e-05,0.9509999999999998,0.951,0.2557538438638051,47,94.20659309090115,110.26247991505079,0.0,0.0,0.0
0,imagenet,full,33,4.0683872279526e-05,0.954,0.954,0.2573706990877787,47,94.30634838785045,110.3780650338158,0.0,0.0,0.0
0,imagenet,full,34,4.00329037458692e-05,0.958,0.958,0.25562599309285483,47,95.01459079212509,111.23241438693367,0.0,0.0,0.0
0,imagenet,full,35,3.936570381109958e-05,0.966,0.966,0.2555379281838735,47,94.54654232296161,110.81485995883122,0.0,0.0,0.0
0,imagenet,full,36,3.868301765250263e-05,0.9639999999999999,0.964,0.2550911605358124,47,94.65737939812243,110.90700117195956,0.0,0.0,0.0
0,imagenet,full,37,3.798560774350198e-05,0.96,0.96,0.25479303661982217,47,94.0786388060078,110.28942655492574,0.0,0.0,0.0
0,imagenet,full,38,3.7274253002073755e-05,0.9650000000000001,0.965,0.2546360359986623,47,95.05173461907543,110.86675261682831,0.0,0.0,0.0
0,imagenet,full,39,3.6549747920794496e-05,0.9669999999999999,0.967,0.25451177620887755,47,92.80644413596019,108.95212979102507,0.0,0.0,0.0
0,imagenet,full,40,3.581290167949421e-05,0.9570000000000001,0.957,0.2532279493808746,47,94.06518368399702,109.90631071804091,0.0,0.0,0.0
0,imagenet,full,41,3.5064537241505625e-05,0.959,0.959,0.2543616337776184,47,94.69892639084719,110.90462123299949,0.0,0.0,0.0
0,imagenet,full,42,3.4305490434519064e-05,0.96,0.96,0.25363863865534464,47,95.09996023098938,111.25682457606308,0.0,0.0,0.0
0,imagenet,full,43,3.353660901706944e-05,0.959,0.959,0.2522650366624196,47,95.56611959985457,111.64486800902523,0.0,0.0,0.0
0,imagenet,full,44,3.2758751731698036e-05,0.9600000000000002,0.96,0.2526592485109965,47,94.95340864500031,111.21429812419228,0.0,0.0,0.0
0,imagenet,full,45,3.197278734584651e-05,0.966,0.966,0.253471031109492,47,94.43995833699591,110.92255606595427,0.0,0.0,0.0
0,imagenet,full,46,3.1179593681554446e-05,0.969,0.969,0.25312795464197796,47,95.6736596180126,111.92257386888377,0.0,0.0,0.0
0,imagenet,full,47,3.0380056635043986e-05,0.9649999999999999,0.965,0.2523575174808502,47,95.40086566493846,111.61869315383956,0.0,0.0,0.0
0,imagenet,full,48,2.9575069187286692e-05,0.961,0.961,0.251933004061381,47,94.60274428781122,111.06976250000298,0.0,0.0,0.0
0,imagenet,full,49,2.876553040665759e-05,0.959,0.959,0.2532932002544403,47,94.39373272820376,110.4447180700954,0.0,0.0,0.0
0,imagenet,full,50,2.7952344444790415e-05,0.9640000000000001,0.964,0.2524166804154714,47,95.04946746001951,121.6408306080848,0.0,0.0,0.0
0,imagenet,full,51,2.7136419526755484e-05,0.9640000000000001,0.964,0.25368020208676656,47,94.72476347908378,110.95312718604691,0.0,0.0,0.0
0,imagenet,full,52,2.631866693668803e-05,0.9649999999999999,0.965,0.2520283749103546,47,95.43487301189452,111.64909098786302,0.0,0.0,0.0
0,imagenet,full,53,2.5500000000000003e-05,0.9630000000000001,0.963,0.2524597040017446,47,95.29317117203027,111.6453749819193,0.0,0.0,0.0
0,imagenet,full,54,2.4681333063311983e-05,0.9559999999999998,0.956,0.2522952562967936,47,95.34240951086394,111.4903794489801,0.0,0.0,0.0
0,imagenet,full,55,2.3863580473244526e-05,0.962,0.962,0.2526339033444723,47,94.44963487586938,110.67298317397945,0.0,0.0,0.0
0,imagenet,full,56,2.3047655555209592e-05,0.9560000000000001,0.956,0.2521160352230072,47,94.41706980206072,110.7563053749036,0.0,0.0,0.0
0,imagenet,full,57,2.223446959334243e-05,0.9560000000000001,0.956,0.2522393366495768,47,94.9074757869821,110.87884776899591,0.0,0.0,0.0
0,imagenet,full,58,2.1424930812713318e-05,0.962,0.962,0.2525688292980194,47,94.96660499786958,111.3364707059227,0.0,0.0,0.0
0,imagenet,full,59,2.0619943364956024e-05,0.959,0.959,0.2528426842689514,47,94.95945171196945,111.26869740104303,0.0,0.0,0.0
0,imagenet,full,60,1.9820406318445557e-05,0.9620000000000001,0.962,0.25141760063171387,47,94.76537281088531,110.93486944492906,0.0,0.0,0.0
0,imagenet,full,61,1.9027212654153495e-05,0.9630000000000001,0.963,0.2522827130953471,47,94.67394832894206,110.74373115994968,0.0,0.0,0.0
0,imagenet,full,62,1.824124826830197e-05,0.961,0.961,0.25231278912226357,46,95.33807576494291,111.43703923909925,0.0,0.0,0.0
0,imagenet,full,63,1.746339098293056e-05,0.9609999999999997,0.961,0.25255492417017616,47,95.26398070412688,111.69357019499876,0.0,0.0,0.0
0,imagenet,full,64,1.6694509565480943e-05,0.9639999999999999,0.964,0.2527959849834442,47,96.01038098987192,112.45746710314415,0.0,0.0,0.0
0,imagenet,full,65,1.593546275849438e-05,0.967,0.967,0.2519202957948049,47,96.23217438999563,112.5598393639084,0.0,0.0,0.0
0,imagenet,full,66,1.5187098320505799e-05,0.9640000000000001,0.964,0.2517147871653239,47,97.09168707206845,113.56743335700594,0.0,0.0,0.0
0,imagenet,full,67,1.4450252079205502e-05,0.967,0.967,0.25126919134457903,47,96.82128465501592,113.13295198301785,0.0,0.0,0.0
0,imagenet,full,68,1.372574699792625e-05,0.969,0.969,0.25177258435885114,47,96.1731304989662,112.79742966080084,0.0,0.0,0.0
0,imagenet,full,69,1.3014392256498022e-05,0.9650000000000001,0.965,0.2514974888165792,47,96.82577453111298,113.19137897808105,0.0,0.0,0.0
0,imagenet,full,70,1.2316982347497372e-05,0.967,0.967,0.2516224863529205,47,96.97527637402527,113.53417408792302,0.0,0.0,0.0
0,imagenet,full,71,1.1634296188900416e-05,0.9690000000000001,0.969,0.2511608924070994,47,96.7297783580143,113.15092755085789,0.0,0.0,0.0
0,imagenet,full,72,1.0967096254130799e-05,0.966,0.966,0.2515162436962128,47,95.77355505502783,112.39264530315995,0.0,0.0,0.0
0,imagenet,full,73,1.0316127720474006e-05,0.966,0.966,0.25190437388420106,47,95.5066222960595,111.89710721909069,0.0,0.0,0.0
0,imagenet,full,74,9.682117636809343e-06,0.9629999999999999,0.963,0.2526488978068034,46,96.09068273101002,112.65437185601331,0.0,0.0,0.0
0,imagenet,full,75,9.065774111589031e-06,0.966,0.966,0.25108256316184996,47,96.17831536312588,119.92814977001399,0.0,0.0,0.0
0,imagenet,full,76,8.467785521971265e-06,0.966,0.966,0.25130637017885843,47,95.63041529408656,111.95258757588454,0.0,0.0,0.0
0,imagenet,full,77,7.888819744990736e-06,0.966,0.966,0.25196156978607176,47,96.02043563406914,112.63161766598932,0.0,0.0,0.0
0,imagenet,full,78,7.329523411625039e-06,0.968,0.968,0.2515528933207194,47,96.24133953102864,112.64967766194604,0.0,0.0,0.0
0,imagenet,full,79,6.790521184590367e-06,0.9650000000000001,0.965,0.25113620138168335,47,95.000099808909,111.302765697008,0.0,0.0,0.0
0,imagenet,full,80,6.272415060672806e-06,0.9650000000000001,0.965,0.2513501416047414,47,95.04621866205707,111.04206533986144,0.0,0.0,0.0
0,imagenet,full,81,5.77578369837471e-06,0.967,0.967,0.25280766598383586,47,94.63269898993894,110.75511612510309,0.0,0.0,0.0
0,imagenet,full,82,5.301181771626878e-06,0.966,0.966,0.2510680255889893,47,94.22933945292607,110.66248332802206,0.0,0.0,0.0
0,imagenet,full,83,4.849139350288474e-06,0.968,0.968,0.2518326618671417,47,95.47519211098552,111.68354593100958,0.0,0.0,0.0
0,imagenet,full,84,4.420161308126591e-06,0.969,0.969,0.2511316352685293,47,95.0487462519668,111.33454885217361,0.0,0.0,0.0
0,imagenet,full,85,4.014726758936549e-06,0.968,0.968,0.25111791292826335,47,94.86708069685847,111.13694393006153,0.0,0.0,0.0
0,imagenet,full,86,3.6332885214329124e-06,0.968,0.968,0.25149762058258057,47,94.35038234805688,110.59655368304811,0.0,0.0,0.0
0,imagenet,full,87,3.2762726135086534e-06,0.968,0.968,0.25253954871495565,47,94.67923339712434,110.66196294501424,0.0,0.0,0.0
0,imagenet,full,88,2.9440777764274926e-06,0.968,0.968,0.2511783018906911,47,94.20777959702536,110.34004838205874,0.0,0.0,0.0
0,imagenet,full,89,2.6370750294807374e-06,0.966,0.966,0.25153405777613325,47,94.15348783414811,110.34871389600448,0.0,0.0,0.0
0,imagenet,full,90,2.3556072556059925e-06,0.966,0.966,0.2510741901397705,47,94.79975307104178,110.64519904693589,0.0,0.0,0.0
0,imagenet,full,91,2.0999888184306456e-06,0.967,0.967,0.25159658964474996,47,95.16729090199806,111.4347722500097,0.0,0.0,0.0
0,imagenet,full,92,1.8705052111677768e-06,0.967,0.967,0.2514771597385406,47,95.98894341802225,112.06738053192385,0.0,0.0,0.0
0,imagenet,full,93,1.6674127377565921e-06,0.967,0.967,0.2509696711699168,47,94.86936412588693,111.13405410200357,0.0,0.0,0.0
0,imagenet,full,94,1.4909382266036246e-06,0.967,0.967,0.2514360515276591,47,95.15882792603225,111.39633024088107,0.0,0.0,0.0
0,imagenet,full,95,1.3412787772443001e-06,0.966,0.966,0.25264720678329466,47,94.8716024060268,111.29959544702433,0.0,0.0,0.0
0,imagenet,full,96,1.2186015402078894e-06,0.966,0.966,0.2513704284032186,47,94.66115603712387,110.66694491286762,0.0,0.0,0.0
0,imagenet,full,97,1.1230435303316486e-06,0.967,0.967,0.25159139545758563,47,95.36742311995476,111.49666651990265,0.0,0.0,0.0
0,imagenet,full,98,1.0547114737327475e-06,0.967,0.967,0.2513481650352478,47,94.81075771688484,111.14938764111139,0.0,0.0,0.0
0,imagenet,full,99,1.013681688608762e-06,0.967,0.967,0.2513208161195119,47,93.87895933398977,109.81409515603445,0.0,0.0,0.0
0,imagenet,full,100,1e-06,0.967,0.967,0.25099481002489726,47,94.35703344387002,118.73150010895915,0.0,0.0,0.0
0,imagenet,low_score_rescue_10,1,1e-05,0.756,0.756,1.790518077214559,47,99.06594434613362,115.59322112821974,10.0,0.6526666666666666,1.417
0,imagenet,low_score_rescue_10,2,2e-05,0.9369999999999997,0.937,0.8798482688268026,47,102.73126734001562,119.7791557868477,10.0,0.617,1.3451666666666666
0,imagenet,low_score_rescue_10,3,3.0000000000000004e-05,0.9570000000000001,0.957,0.4650938667456309,47,97.60381074808538,114.22543908189982,10.0,0.584,1.3308333333333333
0,imagenet,low_score_rescue_10,4,4e-05,0.9610000000000001,0.961,0.3699427275657654,47,97.90680399117991,114.25928314193152,10.0,0.602,1.3308333333333333
0,imagenet,low_score_rescue_10,5,5e-05,0.9620000000000001,0.962,0.32705506976445514,47,98.38576466287486,114.90901626320556,10.0,0.6326666666666667,1.3378333333333334
0,imagenet,low_score_rescue_10,6,5e-05,0.9640000000000001,0.964,0.30238326581319175,47,97.00289808795787,113.46936507779174,10.0,0.644,1.3221666666666667
0,imagenet,low_score_rescue_10,7,4.9986318311391235e-05,0.9620000000000001,0.962,0.2877267111937205,47,97.67766611510888,114.05092712608166,10.0,0.6528333333333334,1.3181666666666667
0,imagenet,low_score_rescue_10,8,4.994528852626726e-05,0.9670000000000002,0.967,0.2820096275011698,47,97.57689179806039,114.1781564168632,10.0,0.6535,1.3373333333333333
0,imagenet,low_score_rescue_10,9,4.987695646966835e-05,0.9599999999999997,0.96,0.27400801865259805,47,97.44344603293575,113.7694325640332,10.0,0.6793333333333333,1.3428333333333333
0,imagenet,low_score_rescue_10,10,4.9781398459792115e-05,0.9629999999999999,0.963,0.2736886154015859,47,99.09528766013682,123.76945516793057,10.0,0.6696666666666666,1.3436666666666666
0,imagenet,low_score_rescue_10,11,4.96587212227557e-05,0.9669999999999999,0.967,0.2685468898614248,47,98.39246214414015,114.70793563802727,10.0,0.6736666666666666,1.4076666666666666
0,imagenet,low_score_rescue_10,12,4.950906177339638e-05,0.961,0.961,0.2678246778647105,47,99.11648677312769,115.73633031593636,10.0,0.6551666666666667,1.3595
0,imagenet,low_score_rescue_10,13,4.9332587262243413e-05,0.969,0.969,0.26500086895624797,47,99.77212604298256,116.40885759005323,10.0,0.714,1.4228333333333334
0,imagenet,low_score_rescue_10,14,4.912949478883223e-05,0.966,0.966,0.26638497471809386,47,98.58830010611564,115.0205563660711,10.0,0.712,1.3941666666666668
0,imagenet,low_score_rescue_10,15,4.890001118156936e-05,0.9640000000000001,0.964,0.2652595869700114,47,98.20303256181069,114.72718895506114,10.0,0.706,1.3395
0,imagenet,low_score_rescue_10,16,4.864439274439401e-05,0.967,0.967,0.263036328236262,47,99.46536738192663,116.21956538688391,10.0,0.6643333333333333,1.3593333333333333
0,imagenet,low_score_rescue_10,17,4.836292497051926e-05,0.9649999999999999,0.965,0.26296206084887186,47,98.49671972496435,114.81085861008614,10.0,0.6776666666666666,1.4465
0,imagenet,low_score_rescue_10,18,4.8055922223572505e-05,0.966,0.966,0.2614775653680166,47,98.51492591877468,114.97175479307771,10.0,0.7026666666666667,1.4406666666666668
0,imagenet,low_score_rescue_10,19,4.7723727386491355e-05,0.9659999999999999,0.966,0.260570321559906,47,99.28863740619272,115.48904460901394,10.0,0.665,1.3803333333333334
0,imagenet,low_score_rescue_10,20,4.7366711478567095e-05,0.967,0.967,0.2607307296593984,47,98.51346529298462,114.8870143678505,10.0,0.6388333333333334,1.3478333333333334
0,imagenet,low_score_rescue_10,21,4.6985273241063454e-05,0.9650000000000001,0.965,0.25939498019218443,47,97.38640855508856,113.92592530604452,10.0,0.6633333333333333,1.3391666666666666
0,imagenet,low_score_rescue_10,22,4.657983869187342e-05,0.967,0.967,0.259891547759374,47,98.01157120708376,114.90241163107567,10.0,0.6888333333333333,1.3645
0,imagenet,low_score_rescue_10,23,4.615086064971153e-05,0.9639999999999999,0.964,0.2596541539033254,47,98.1682366959285,114.48644504207186,10.0,0.6576666666666666,1.4025
0,imagenet,low_score_rescue_10,24,4.5698818228373126e-05,0.959,0.959,0.26240270129839577,47,99.3690068111755,115.7414897591807,10.0,0.6933333333333334,1.3938333333333333
0,imagenet,low_score_rescue_10,25,4.522421630162529e-05,0.9570000000000001,0.957,0.2600052865346273,47,98.67298980802298,123.10764015791938,10.0,0.6926666666666667,1.395
0,imagenet,low_score_rescue_10,26,4.4727584939327193e-05,0.9649999999999999,0.965,0.2599576528867086,47,98.47494725184515,115.0368203020189,10.0,0.6991666666666667,1.3825
0,imagenet,low_score_rescue_10,27,4.420947881540964e-05,0.961,0.961,0.26236769843101504,47,98.29467169218697,114.71143303695135,10.0,0.7276666666666667,1.4186666666666667
0,imagenet,low_score_rescue_10,28,4.3670476588374966e-05,0.9540000000000001,0.954,0.25977378884951274,47,98.36739657190628,114.89172525005415,10.0,0.697,1.3815
0,imagenet,low_score_rescue_10,29,4.311118025500927e-05,0.9549999999999998,0.955,0.2605658085346222,47,98.67277039494365,115.11912125302479,10.0,0.6815,1.3173333333333332
0,imagenet,low_score_rescue_10,30,4.253221447802874e-05,0.961,0.961,0.2619157324632009,47,98.80958991101943,115.21625263104215,10.0,0.716,1.3833333333333333
0,imagenet,low_score_rescue_10,31,4.193422588841098e-05,0.962,0.962,0.26121943060557046,47,99.11984918708913,116.04995570983738,10.0,0.7105,1.3905
0,imagenet,low_score_rescue_10,32,4.1317882363190655e-05,0.962,0.962,0.25879769881566367,47,99.02442308911122,116.11132109491155,10.0,0.6965,1.3898333333333333
0,imagenet,low_score_rescue_10,33,4.0683872279526e-05,0.9639999999999999,0.964,0.25991152548789975,47,100.1801142420154,116.77701186598279,10.0,0.6908333333333333,1.3696666666666666
0,imagenet,low_score_rescue_10,34,4.00329037458692e-05,0.9559999999999998,0.956,0.258132030804952,47,99.02541757700965,115.4669239888899,10.0,0.6918333333333333,1.3665
0,imagenet,low_score_rescue_10,35,3.936570381109958e-05,0.9640000000000001,0.964,0.25848607818285624,47,99.80615702294745,116.85110672097653,10.0,0.6996666666666667,1.3571666666666666
0,imagenet,low_score_rescue_10,36,3.868301765250263e-05,0.966,0.966,0.2554263023535411,47,99.40032373415306,116.15497637586668,10.0,0.6973333333333334,1.3968333333333334
0,imagenet,low_score_rescue_10,37,3.798560774350198e-05,0.9640000000000001,0.964,0.2576337529818217,47,99.51823270902969,116.36292726104148,10.0,0.6863333333333334,1.3431666666666666
0,imagenet,low_score_rescue_10,38,3.7274253002073755e-05,0.958,0.958,0.25948578548431395,47,100.51971878786571,117.33006454794668,10.0,0.6973333333333334,1.3625
0,imagenet,low_score_rescue_10,39,3.6549747920794496e-05,0.958,0.958,0.25807065471013385,47,99.69509019795805,116.73995680594817,10.0,0.6761666666666667,1.3378333333333334
0,imagenet,low_score_rescue_10,40,3.581290167949421e-05,0.9629999999999999,0.963,0.25591250085830686,47,98.56919797207229,115.05544578889385,10.0,0.6768333333333333,1.3233333333333333
0,imagenet,low_score_rescue_10,41,3.5064537241505625e-05,0.9640000000000001,0.964,0.2566835757096608,47,98.43735413486138,114.91038457094692,10.0,0.6751666666666667,1.3428333333333333
0,imagenet,low_score_rescue_10,42,3.4305490434519064e-05,0.9649999999999999,0.965,0.25773167943954467,47,99.17528743110597,115.30538235488348,10.0,0.6945,1.3831666666666667
0,imagenet,low_score_rescue_10,43,3.353660901706944e-05,0.962,0.962,0.258669975121816,47,99.17545229499228,115.8788123598788,10.0,0.7223333333333334,1.3671666666666666
0,imagenet,low_score_rescue_10,44,3.2758751731698036e-05,0.9629999999999999,0.963,0.2552056586742401,47,98.56082790787332,114.8452929079067,10.0,0.7086666666666667,1.3725
0,imagenet,low_score_rescue_10,45,3.197278734584651e-05,0.9620000000000001,0.962,0.25706430069605507,47,98.31827664002776,114.87850777781568,10.0,0.7141666666666666,1.3658333333333332
0,imagenet,low_score_rescue_10,46,3.1179593681554446e-05,0.9639999999999999,0.964,0.2570321159362793,47,99.69619090901688,116.09202665300108,10.0,0.7101666666666666,1.3988333333333334
0,imagenet,low_score_rescue_10,47,3.0380056635043986e-05,0.96,0.96,0.257225834608078,47,98.89867138699628,115.25807289686054,10.0,0.713,1.3735
0,imagenet,low_score_rescue_10,48,2.9575069187286692e-05,0.9629999999999999,0.963,0.2569699257214864,47,98.9877068339847,115.21939001814462,10.0,0.7106666666666667,1.4033333333333333
0,imagenet,low_score_rescue_10,49,2.876553040665759e-05,0.9650000000000001,0.965,0.2576922945181529,47,99.890393007081,116.46428766101599,10.0,0.6975,1.3938333333333333
0,imagenet,low_score_rescue_10,50,2.7952344444790415e-05,0.9629999999999999,0.963,0.2584553599357605,47,100.57285140408203,125.66369541198947,10.0,0.6913333333333334,1.407
0,imagenet,low_score_rescue_10,51,2.7136419526755484e-05,0.962,0.962,0.25628615013758343,47,99.04537829104811,115.65745057491586,10.0,0.6973333333333334,1.3955
0,imagenet,low_score_rescue_10,52,2.631866693668803e-05,0.9620000000000001,0.962,0.2585182245572408,47,99.09413019008934,115.96496967691928,10.0,0.6953333333333334,1.3626666666666667
0,imagenet,low_score_rescue_10,53,2.5500000000000003e-05,0.968,0.968,0.2558434003194173,47,98.9196665151976,115.62034933501855,10.0,0.6785,1.3583333333333334
0,imagenet,low_score_rescue_10,54,2.4681333063311983e-05,0.969,0.969,0.2570976915359497,47,99.7487735170871,116.48574324697256,10.0,0.676,1.393
0,imagenet,low_score_rescue_10,55,2.3863580473244526e-05,0.967,0.967,0.25756755797068276,47,100.58724952512421,117.3260304541327,10.0,0.6878333333333333,1.3476666666666666
0,imagenet,low_score_rescue_10,56,2.3047655555209592e-05,0.9639999999999999,0.964,0.25632203817367555,47,101.2468589709606,117.82779150083661,10.0,0.6853333333333333,1.3563333333333334
0,imagenet,low_score_rescue_10,57,2.223446959334243e-05,0.967,0.967,0.2568444607257843,47,101.85119737894274,118.23241640208289,10.0,0.673,1.3481666666666667
0,imagenet,low_score_rescue_10,58,2.1424930812713318e-05,0.967,0.967,0.2556689948240916,47,99.75064298394136,116.67417758097872,10.0,0.6751666666666667,1.355
0,imagenet,low_score_rescue_10,59,2.0619943364956024e-05,0.9659999999999999,0.966,0.256795286655426,47,99.5627935489174,116.18301412393339,10.0,0.6816666666666666,1.3813333333333333
0,imagenet,low_score_rescue_10,60,1.9820406318445557e-05,0.9669999999999999,0.967,0.25510448892911275,47,100.92939950106665,117.65316017414443,10.0,0.6933333333333334,1.4013333333333333
0,imagenet,low_score_rescue_10,61,1.9027212654153495e-05,0.968,0.968,0.2554421540896098,47,100.55393754295073,117.08030419005081,10.0,0.702,1.3853333333333333
0,imagenet,low_score_rescue_10,62,1.824124826830197e-05,0.967,0.967,0.2565389597415924,47,100.07048685592599,116.90818868507631,10.0,0.7096666666666667,1.4015
0,imagenet,low_score_rescue_10,63,1.746339098293056e-05,0.9680000000000002,0.968,0.2561180500984192,47,100.6459450609982,117.42350849509239,10.0,0.6996666666666667,1.409
0,imagenet,low_score_rescue_10,64,1.6694509565480943e-05,0.9640000000000001,0.964,0.25544627475738524,47,100.5757178789936,117.1040427738335,10.0,0.7086666666666667,1.3645
0,imagenet,low_score_rescue_10,65,1.593546275849438e-05,0.9659999999999999,0.966,0.2565513107776642,47,99.51117013394833,116.22059142100625,10.0,0.6993333333333334,1.373
0,imagenet,low_score_rescue_10,66,1.5187098320505799e-05,0.9670000000000002,0.967,0.25638360039393104,47,102.32725053094327,119.2297571550589,10.0,0.6943333333333334,1.3741666666666668
0,imagenet,low_score_rescue_10,67,1.4450252079205502e-05,0.9640000000000001,0.964,0.25548225522041323,47,100.3999297649134,117.02841628296301,10.0,0.6926666666666667,1.4038333333333333
0,imagenet,low_score_rescue_10,68,1.372574699792625e-05,0.968,0.968,0.2571238739490509,47,99.96476112189703,116.56992184184492,10.0,0.7145,1.387
0,imagenet,low_score_rescue_10,69,1.3014392256498022e-05,0.9640000000000001,0.964,0.25620396820704144,47,99.59244354302064,116.3972904579714,10.0,0.715,1.4215
0,imagenet,low_score_rescue_10,70,1.2316982347497372e-05,0.9669999999999999,0.967,0.25695267009735107,47,99.84581509791315,116.45787309599109,10.0,0.7201666666666666,1.4246666666666667
0,imagenet,low_score_rescue_10,71,1.1634296188900416e-05,0.9640000000000001,0.964,0.2560541491508484,47,98.7769688658882,114.97189162392169,10.0,0.715,1.4363333333333332
0,imagenet,low_score_rescue_10,72,1.0967096254130799e-05,0.97,0.97,0.25587236539522806,47,98.9715968540404,115.58096519508399,10.0,0.7278333333333333,1.4258333333333333
0,imagenet,low_score_rescue_10,73,1.0316127720474006e-05,0.967,0.967,0.2582153407732646,47,98.81374656013213,115.27513033803552,10.0,0.7266666666666667,1.41
0,imagenet,low_score_rescue_10,74,9.682117636809343e-06,0.9670000000000002,0.967,0.2579555717309316,47,100.11903008609079,116.50668059196323,10.0,0.709,1.419
0,imagenet,low_score_rescue_10,75,9.065774111589031e-06,0.9670000000000002,0.967,0.25594102303187055,47,98.11806280585006,122.96972558205016,10.0,0.7138333333333333,1.4136666666666666
0,imagenet,low_score_rescue_10,76,8.467785521971265e-06,0.9690000000000001,0.969,0.2560220405260722,47,98.38302248599939,114.9927677710075,10.0,0.7118333333333333,1.3981666666666666
0,imagenet,low_score_rescue_10,77,7.888819744990736e-06,0.9690000000000001,0.969,0.25520770756403605,47,100.78554335795343,117.30453962902538,10.0,0.715,1.3746666666666667
0,imagenet,low_score_rescue_10,78,7.329523411625039e-06,0.967,0.967,0.25633891956011456,47,99.00904998905025,115.38372196489945,10.0,0.706,1.3793333333333333
0,imagenet,low_score_rescue_10,79,6.790521184590367e-06,0.968,0.968,0.2567429047425588,47,98.34698737505823,115.06031980598345,10.0,0.7011666666666667,1.3811666666666667
0,imagenet,low_score_rescue_10,80,6.272415060672806e-06,0.967,0.967,0.25759382899602257,47,99.3341348588001,115.65223280293867,10.0,0.7031666666666667,1.3888333333333334
0,imagenet,low_score_rescue_10,81,5.77578369837471e-06,0.9710000000000001,0.971,0.2568759004275004,47,99.1322056169156,115.43661353900097,10.0,0.7211666666666666,1.4105
0,imagenet,low_score_rescue_10,82,5.301181771626878e-06,0.9710000000000001,0.971,0.25610076904296875,47,99.15426127007231,115.51341576105915,10.0,0.7068333333333333,1.423
0,imagenet,low_score_rescue_10,83,4.849139350288474e-06,0.9710000000000001,0.971,0.25562670596440634,47,99.15383759513497,115.67650310392492,10.0,0.7066666666666667,1.4096666666666666
0,imagenet,low_score_rescue_10,84,4.420161308126591e-06,0.9670000000000002,0.967,0.25606373230616253,47,99.9939170689322,116.2565931759309,10.0,0.695,1.4143333333333334
0,imagenet,low_score_rescue_10,85,4.014726758936549e-06,0.968,0.968,0.2556925400892893,47,99.77027097786777,116.65108799515292,10.0,0.7085,1.3885
0,imagenet,low_score_rescue_10,86,3.6332885214329124e-06,0.9690000000000001,0.969,0.2556425693829854,47,99.37732799816877,115.74616083898582,10.0,0.7013333333333334,1.3916666666666666
0,imagenet,low_score_rescue_10,87,3.2762726135086534e-06,0.9690000000000001,0.969,0.25528942195574444,47,98.72979899705388,115.18534695915878,10.0,0.6996666666666667,1.392
0,imagenet,low_score_rescue_10,88,2.9440777764274926e-06,0.9690000000000001,0.969,0.25573915855089824,47,100.16449505393393,117.16796848806553,10.0,0.7066666666666667,1.3751666666666666
0,imagenet,low_score_rescue_10,89,2.6370750294807374e-06,0.967,0.967,0.25592937048276265,47,99.47088976111263,116.65081418002956,10.0,0.7113333333333334,1.376
0,imagenet,low_score_rescue_10,90,2.3556072556059925e-06,0.9700000000000001,0.97,0.2567990282376607,47,101.28203607304022,118.28956065094098,10.0,0.715,1.3753333333333333
0,imagenet,low_score_rescue_10,91,2.0999888184306456e-06,0.969,0.969,0.2561776297887166,47,99.76723669818603,115.85634537995793,10.0,0.7155,1.3991666666666667
0,imagenet,low_score_rescue_10,92,1.8705052111677768e-06,0.9700000000000001,0.97,0.2553799460728963,47,98.83949616993777,115.15182036510669,10.0,0.7078333333333333,1.3791666666666667
0,imagenet,low_score_rescue_10,93,1.6674127377565921e-06,0.9700000000000001,0.97,0.25535955794652304,47,99.10862642899156,115.53353540692478,10.0,0.7053333333333334,1.384
0,imagenet,low_score_rescue_10,94,1.4909382266036246e-06,0.9680000000000002,0.968,0.25466833798090616,47,99.14103517588228,115.75123973796144,10.0,0.7196666666666667,1.377
0,imagenet,low_score_rescue_10,95,1.3412787772443001e-06,0.9680000000000002,0.968,0.2567763020992279,47,98.25249769398943,114.94907784298994,10.0,0.704,1.3738333333333332
0,imagenet,low_score_rescue_10,96,1.2186015402078894e-06,0.9690000000000001,0.969,0.2545223237673442,47,97.79405580693856,114.04614361003041,10.0,0.71,1.3905
0,imagenet,low_score_rescue_10,97,1.1230435303316486e-06,0.9690000000000001,0.969,0.25504833777745567,47,98.02392340893857,114.33313486794941,10.0,0.6986666666666667,1.3741666666666668
0,imagenet,low_score_rescue_10,98,1.0547114737327475e-06,0.9690000000000001,0.969,0.2558508545557658,47,97.31956986989826,114.01288157794625,10.0,0.7101666666666666,1.3845
0,imagenet,low_score_rescue_10,99,1.013681688608762e-06,0.9690000000000001,0.969,0.2548716266155243,47,100.01232069195248,116.29094040603377,10.0,0.7055,1.387
0,imagenet,low_score_rescue_10,100,1e-06,0.9700000000000001,0.97,0.25568724219004313,47,99.42605552193709,123.38401198503561,10.0,0.7035,1.3606666666666667
0,imagenet,random,1,1e-05,0.7550000000000001,0.755,1.7793272097905477,47,95.79070981102996,111.85718732490204,0.0,3.1595,14.250333333333334
0,imagenet,random,2,2e-05,0.9359999999999999,0.936,0.8761033984820048,47,97.3638485991396,114.28692860598676,0.0,2.9941666666666666,14.4615
0,imagenet,random,3,3.0000000000000004e-05,0.958,0.958,0.4692558571497599,47,93.23628029017709,109.54659136105329,0.0,2.8726666666666665,14.589666666666666
0,imagenet,random,4,4e-05,0.959,0.959,0.3867130546569824,47,92.83295940188691,109.17356412112713,0.0,2.9608333333333334,14.487833333333333
0,imagenet,random,5,5e-05,0.969,0.969,0.3480371598402659,47,93.12270309496671,109.29076672112569,0.0,3.1,14.330666666666668
0,imagenet,random,6,5e-05,0.967,0.967,0.32792144362131753,47,93.81283986195922,109.93493702588603,0.0,3.14,14.2815
0,imagenet,random,7,4.9986318311391235e-05,0.9649999999999999,0.965,0.31821113848686217,47,93.61141245393082,109.55951756495051,0.0,3.2013333333333334,14.1925
0,imagenet,random,8,4.994528852626726e-05,0.968,0.968,0.3143399245738983,47,93.47801164491102,109.46426172484644,0.0,3.0881666666666665,14.398666666666667
0,imagenet,random,9,4.987695646966835e-05,0.9639999999999999,0.964,0.3071931931177775,47,93.40826543001458,109.70109409699216,0.0,3.2065,14.268333333333333
0,imagenet,random,10,4.9781398459792115e-05,0.967,0.967,0.3035777951876322,47,93.5402967990376,118.39018671098165,0.0,3.2516666666666665,14.264
0,imagenet,random,11,4.96587212227557e-05,0.96,0.96,0.3021240550676982,47,93.04989034379832,109.83774143108167,0.0,3.1936666666666667,14.252166666666668
0,imagenet,random,12,4.950906177339638e-05,0.9629999999999999,0.963,0.30134573523203534,47,93.57889320096001,109.83918314892799,0.0,3.1706666666666665,14.287166666666666
0,imagenet,random,13,4.9332587262243413e-05,0.9640000000000001,0.964,0.29820791800816854,47,93.254470217973,109.19175986107439,0.0,3.2001666666666666,14.1915
0,imagenet,random,14,4.912949478883223e-05,0.962,0.962,0.29267288422584536,47,93.53745041787624,109.8358178588096,0.0,3.2736666666666667,14.155666666666667
0,imagenet,random,15,4.890001118156936e-05,0.9620000000000001,0.962,0.29516313354174295,47,92.97106957994401,108.98318178090267,0.0,3.3101666666666665,14.1415
0,imagenet,random,16,4.864439274439401e-05,0.9550000000000001,0.955,0.2942890352408091,47,94.46489577693865,110.50799074699171,0.0,3.2603333333333335,14.1345
0,imagenet,random,17,4.836292497051926e-05,0.9620000000000001,0.962,0.29210095445315043,47,92.90468268399127,109.59734756289981,0.0,3.1616666666666666,14.3395
0,imagenet,random,18,4.8055922223572505e-05,0.9640000000000001,0.964,0.2933827283382416,47,93.78788043395616,109.97655054787174,0.0,3.2056666666666667,14.192833333333333
0,imagenet,random,19,4.7723727386491355e-05,0.9570000000000001,0.957,0.29162380695343015,47,92.6370081990026,108.9926794199273,0.0,3.2478333333333333,14.168333333333333
0,imagenet,random,20,4.7366711478567095e-05,0.966,0.966,0.2870470250447591,47,94.01649388787337,110.22070308285765,0.0,3.148,14.262
0,imagenet,random,21,4.6985273241063454e-05,0.9629999999999999,0.963,0.2963483335971832,47,94.0320876580663,110.5137349141296,0.0,3.1853333333333333,14.326666666666666
0,imagenet,random,22,4.657983869187342e-05,0.97,0.97,0.28916825143496194,47,93.5166224220302,109.75194084597751,0.0,3.1226666666666665,14.334
0,imagenet,random,23,4.615086064971153e-05,0.9559999999999998,0.956,0.2891514546871185,47,94.2038294179365,110.23970121401362,0.0,3.108833333333333,14.388333333333334
0,imagenet,random,24,4.5698818228373126e-05,0.958,0.958,0.2882357056935628,47,93.92822931404226,110.29378068493679,0.0,3.203,14.2795
0,imagenet,random,25,4.522421630162529e-05,0.9650000000000001,0.965,0.285110444466273,47,93.3738858490251,118.3244235899765,0.0,3.3515,14.101
0,imagenet,random,26,4.4727584939327193e-05,0.9630000000000001,0.963,0.2858048540751139,47,93.31356355594471,109.41349033988081,0.0,3.332666666666667,14.076666666666666
0,imagenet,random,27,4.420947881540964e-05,0.9690000000000001,0.969,0.29056646283467613,47,93.82467233599164,110.06704743788578,0.0,3.2878333333333334,14.148333333333333
0,imagenet,random,28,4.3670476588374966e-05,0.9580000000000002,0.958,0.2888787981669108,47,93.46411748905666,109.62691476102918,0.0,3.3933333333333335,14.094333333333333
0,imagenet,random,29,4.311118025500927e-05,0.958,0.958,0.2928819597562154,47,93.37898568902165,109.85824419697747,0.0,3.378833333333333,14.031833333333333
0,imagenet,random,30,4.253221447802874e-05,0.9629999999999999,0.963,0.28915029017130534,47,93.38817609706894,109.51639737491496,0.0,3.4466666666666668,14.012666666666666
0,imagenet,random,31,4.193422588841098e-05,0.9579999999999999,0.958,0.2849883207480113,47,93.02976357401349,109.25139781087637,0.0,3.3525,14.055166666666667
0,imagenet,random,32,4.1317882363190655e-05,0.9640000000000001,0.964,0.2887526539961497,47,93.6043911089655,109.86157364211977,0.0,3.4285,14.051166666666667
0,imagenet,random,33,4.0683872279526e-05,0.97,0.97,0.29211605779329936,47,94.1682595629245,110.37565349810757,0.0,3.4971666666666668,13.937166666666666
0,imagenet,random,34,4.00329037458692e-05,0.966,0.966,0.2883863404591878,47,93.95235016499646,110.29613320389763,0.0,3.4996666666666667,14.0045
0,imagenet,random,35,3.936570381109958e-05,0.969,0.969,0.2876827716032664,47,93.93591924896464,110.23827452491969,0.0,3.5356666666666667,13.89
0,imagenet,random,36,3.868301765250263e-05,0.966,0.966,0.28445562839508054,47,93.1963210129179,109.55812748009339,0.0,3.444,14.0045
0,imagenet,random,37,3.798560774350198e-05,0.968,0.968,0.28749215602874756,47,94.16732899984345,110.24439833289944,0.0,3.4048333333333334,14.033833333333334
0,imagenet,random,38,3.7274253002073755e-05,0.9629999999999999,0.963,0.287024471839269,47,93.86363884806633,110.2394539071247,0.0,3.453,13.976666666666667
0,imagenet,random,39,3.6549747920794496e-05,0.959,0.959,0.2865269820690155,47,93.24149392498657,109.49357433407567,0.0,3.5443333333333333,13.970166666666668
0,imagenet,random,40,3.581290167949421e-05,0.9649999999999999,0.965,0.2843287278016408,47,93.54453532607295,109.76742391218431,0.0,3.465333333333333,13.956333333333333
0,imagenet,random,41,3.5064537241505625e-05,0.962,0.962,0.2860724530220032,47,93.68537051812746,109.97696037706919,0.0,3.4976666666666665,13.939166666666667
0,imagenet,random,42,3.4305490434519064e-05,0.9570000000000001,0.957,0.2847482624053955,47,93.31100725685246,109.63197120698169,0.0,3.531833333333333,13.917
0,imagenet,random,43,3.353660901706944e-05,0.9569999999999999,0.957,0.2868643753528595,47,94.51405809097923,110.71236807503738,0.0,3.4526666666666666,13.9725
0,imagenet,random,44,3.2758751731698036e-05,0.968,0.968,0.2835374185244242,47,94.58164151315577,110.89759612083435,0.0,3.460166666666667,13.968333333333334
0,imagenet,random,45,3.197278734584651e-05,0.9710000000000001,0.971,0.28380272682507834,47,94.68854798190296,110.9160836848896,0.0,3.4541666666666666,13.990333333333334
0,imagenet,random,46,3.1179593681554446e-05,0.959,0.959,0.2832417476177216,47,94.5567506919615,111.04735604696907,0.0,3.416,14.053666666666667
0,imagenet,random,47,3.0380056635043986e-05,0.9629999999999999,0.963,0.2782514279683431,47,94.44847050006501,110.86577889393084,0.0,3.4815,13.968833333333333
0,imagenet,random,48,2.9575069187286692e-05,0.969,0.969,0.2856906196276347,47,93.67327343393117,109.69749907706864,0.0,3.4093333333333335,14.067666666666666
0,imagenet,random,49,2.876553040665759e-05,0.97,0.97,0.28684115489323936,47,93.46703677903861,109.89627158595249,0.0,3.4738333333333333,14.012166666666667
0,imagenet,random,50,2.7952344444790415e-05,0.9630000000000001,0.963,0.28379073762893675,47,95.03410365898162,119.19843932194635,0.0,3.457,14.014666666666667
0,imagenet,random,51,2.7136419526755484e-05,0.961,0.961,0.2841170476277669,47,95.04488394688815,111.22337066708133,0.0,3.4955,13.956
0,imagenet,random,52,2.631866693668803e-05,0.96,0.96,0.2859759112199148,47,94.13471882720478,110.30174508783966,0.0,3.4795,13.910166666666667
0,imagenet,random,53,2.5500000000000003e-05,0.9620000000000001,0.962,0.2817530565261841,47,93.75575976911932,110.1818606320303,0.0,3.393,13.999833333333333
0,imagenet,random,54,2.4681333063311983e-05,0.9690000000000001,0.969,0.2864213644663493,47,94.47512229904532,110.82797258882783,0.0,3.391,14.0505
0,imagenet,random,55,2.3863580473244526e-05,0.9630000000000001,0.963,0.28880870016415916,47,93.92567206989042,110.16362703894265,0.0,3.374833333333333,14.045
0,imagenet,random,56,2.3047655555209592e-05,0.962,0.962,0.28181863522529604,47,94.83315194584429,110.86593365995213,0.0,3.4151666666666665,14.033333333333333
0,imagenet,random,57,2.223446959334243e-05,0.967,0.967,0.2852306982676188,47,94.50961828394793,111.14638821501285,0.0,3.3806666666666665,14.1
0,imagenet,random,58,2.1424930812713318e-05,0.9649999999999999,0.965,0.28492567960421245,47,93.85039027011953,110.31121290288866,0.0,3.4015,14.071
0,imagenet,random,59,2.0619943364956024e-05,0.969,0.969,0.284613379240036,47,93.5574744741898,110.23357884096913,0.0,3.4218333333333333,14.027333333333333
0,imagenet,random,60,1.9820406318445557e-05,0.9709999999999999,0.971,0.2813316315015157,47,93.86069944989868,110.24736080598086,0.0,3.4233333333333333,14.008333333333333
0,imagenet,random,61,1.9027212654153495e-05,0.968,0.968,0.2818256130218506,47,94.0209462591447,110.75613848003559,0.0,3.4473333333333334,13.979
0,imagenet,random,62,1.824124826830197e-05,0.968,0.968,0.2842563892205556,47,94.15076890494674,110.5867092628032,0.0,3.3508333333333336,14.090333333333334
0,imagenet,random,63,1.746339098293056e-05,0.9690000000000001,0.969,0.28141798615455627,47,95.08000518311746,112.10663267294876,0.0,3.3943333333333334,14.089
0,imagenet,random,64,1.6694509565480943e-05,0.97,0.97,0.27809356355667114,47,95.12049958785065,111.53925472288392,0.0,3.3411666666666666,14.084
0,imagenet,random,65,1.593546275849438e-05,0.9710000000000001,0.971,0.2771129736105601,47,95.28081182413734,112.10925691691227,0.0,3.3701666666666665,14.067
0,imagenet,random,66,1.5187098320505799e-05,0.967,0.967,0.28345681953430174,47,95.66293137194589,112.24512006808072,0.0,3.3945,14.070833333333333
0,imagenet,random,67,1.4450252079205502e-05,0.967,0.967,0.28270704261461893,47,94.94738565408625,111.52859895909205,0.0,3.3968333333333334,14.107833333333334
0,imagenet,random,68,1.372574699792625e-05,0.968,0.968,0.28308808692296344,47,94.90182578586973,111.5373161539901,0.0,3.405666666666667,14.097166666666666
0,imagenet,random,69,1.3014392256498022e-05,0.968,0.968,0.2786432201067607,47,95.49796615703963,112.19443062599748,0.0,3.3905,14.093666666666667
0,imagenet,random,70,1.2316982347497372e-05,0.966,0.966,0.28366559704144795,47,95.26893571205437,111.70953476591967,0.0,3.4316666666666666,14.114833333333333
0,imagenet,random,71,1.1634296188900416e-05,0.966,0.966,0.2829662264188131,47,95.03549111192115,111.75715486402623,0.0,3.402,14.031
0,imagenet,random,72,1.0967096254130799e-05,0.9629999999999999,0.963,0.2862273774147034,47,95.33543987409212,111.7925645809155,0.0,3.4425,14.007333333333333
0,imagenet,random,73,1.0316127720474006e-05,0.9709999999999999,0.971,0.283234525124232,47,94.59735801699571,111.11626935401,0.0,3.4485,13.959
0,imagenet,random,74,9.682117636809343e-06,0.9669999999999999,0.967,0.28460208264986675,47,95.14974910696037,111.56685081403702,0.0,3.414,14.034333333333333
0,imagenet,random,75,9.065774111589031e-06,0.9690000000000001,0.969,0.27915674026807147,47,97.76171082700603,123.22408692911267,0.0,3.4516666666666667,13.997
0,imagenet,random,76,8.467785521971265e-06,0.968,0.968,0.28212693881988526,47,94.9147353109438,111.36791028804146,0.0,3.4478333333333335,13.9825
0,imagenet,random,77,7.888819744990736e-06,0.9690000000000001,0.969,0.28155659635861713,47,95.5101378459949,112.15180876594968,0.0,3.4471666666666665,13.987666666666666
0,imagenet,random,78,7.329523411625039e-06,0.9710000000000001,0.971,0.2799059626261393,47,95.95165355992503,112.22639039205387,0.0,3.4398333333333335,14.051833333333333
0,imagenet,random,79,6.790521184590367e-06,0.967,0.967,0.2828930415312449,47,95.50887468387373,112.1233560978435,0.0,3.464166666666667,13.9455
0,imagenet,random,80,6.272415060672806e-06,0.9690000000000001,0.969,0.2809896814028422,47,94.28286236198619,110.715987786185,0.0,3.4796666666666667,13.9685
0,imagenet,random,81,5.77578369837471e-06,0.968,0.968,0.2803803908030192,47,93.89635966112837,110.36900427006185,0.0,3.4316666666666666,14.026666666666667
0,imagenet,random,82,5.301181771626878e-06,0.969,0.969,0.28310998090108236,47,93.74864486302249,110.12856905697845,0.0,3.4286666666666665,14.046666666666667
0,imagenet,random,83,4.849139350288474e-06,0.97,0.97,0.2815064381758372,47,93.78577067004517,109.71106611192226,0.0,3.4365,13.9765
0,imagenet,random,84,4.420161308126591e-06,0.968,0.968,0.28134542822837827,47,93.00586721394211,109.43761408003047,0.0,3.4215,14.0185
0,imagenet,random,85,4.014726758936549e-06,0.9700000000000001,0.97,0.28143906633059185,47,92.81188503094018,109.13260908494703,0.0,3.4273333333333333,14.013166666666667
0,imagenet,random,86,3.6332885214329124e-06,0.966,0.966,0.28167324328422544,47,94.08543206308968,110.2869291678071,0.0,3.3901666666666666,14.032333333333334
0,imagenet,random,87,3.2762726135086534e-06,0.968,0.968,0.28415306711196897,47,93.26926665799692,109.54185015009716,0.0,3.426,14.0465
0,imagenet,random,88,2.9440777764274926e-06,0.97,0.97,0.28366853419939675,47,94.77451531705447,111.1968934899196,0.0,3.4498333333333333,14.048333333333334
0,imagenet,random,89,2.6370750294807374e-06,0.9669999999999999,0.967,0.27981345303853355,47,94.21696184598841,110.49736224487424,0.0,3.442,13.956166666666666
0,imagenet,random,90,2.3556072556059925e-06,0.967,0.967,0.2822186216513316,47,94.34177285502665,110.56529081310146,0.0,3.398,14.011666666666667
0,imagenet,random,91,2.0999888184306456e-06,0.9700000000000001,0.97,0.28436953139305116,47,93.05107677401975,109.18034107796848,0.0,3.4585,14.023833333333334
0,imagenet,random,92,1.8705052111677768e-06,0.967,0.967,0.28379438281059266,47,93.88068652595393,110.32299516792409,0.0,3.4383333333333335,14.010333333333334
0,imagenet,random,93,1.6674127377565921e-06,0.967,0.967,0.28468485569953916,47,94.35314049408771,110.5100037700031,0.0,3.4156666666666666,14.016833333333333
0,imagenet,random,94,1.4909382266036246e-06,0.9680000000000002,0.968,0.27881333176294965,47,93.3420115869958,109.36116422899067,0.0,3.47,13.945833333333333
0,imagenet,random,95,1.3412787772443001e-06,0.9690000000000001,0.969,0.2841007555325826,47,94.37916575698182,110.61494025681168,0.0,3.442833333333333,14.004
0,imagenet,random,96,1.2186015402078894e-06,0.9680000000000002,0.968,0.2821883603731791,47,93.76392960781232,110.05779063003138,0.0,3.4011666666666667,14.0555
0,imagenet,random,97,1.1230435303316486e-06,0.9700000000000001,0.97,0.2814366884231567,47,93.69288666197099,109.9065651788842,0.0,3.4298333333333333,13.970166666666668
0,imagenet,random,98,1.0547114737327475e-06,0.9710000000000001,0.971,0.2783207998275757,47,93.50914259604178,109.72038370999508,0.0,3.429,14.007666666666667
0,imagenet,random,99,1.013681688608762e-06,0.9700000000000001,0.97,0.28070441889762876,47,93.53965592407621,109.67629142920487,0.0,3.4505,14.006333333333334
0,imagenet,random,100,1e-06,0.968,0.968,0.28503625734647114,47,93.93022502399981,118.58936801785603,0.0,3.4323333333333332,14.003166666666667
0,imagenet,random_rescue_10,1,1e-05,0.7550000000000001,0.755,1.790064133644104,47,99.59476919192821,116.07384541095234,10.0,0.6515,2.9323333333333332
0,imagenet,random_rescue_10,2,2e-05,0.9359999999999999,0.936,0.8792411963144938,47,103.06080255098641,120.09888219996355,10.0,0.6108333333333333,2.942833333333333
0,imagenet,random_rescue_10,3,3.0000000000000004e-05,0.959,0.959,0.46588998881975807,47,97.12542572291568,114.0055992519483,10.0,0.5775,2.9795
0,imagenet,random_rescue_10,4,4e-05,0.9610000000000001,0.961,0.37122184912363687,47,98.5189858621452,115.11352009419352,10.0,0.6005,2.9671666666666665
0,imagenet,random_rescue_10,5,5e-05,0.9649999999999999,0.965,0.3289196996688843,47,97.18601709208451,113.46722450410016,10.0,0.614,2.938
0,imagenet,random_rescue_10,6,5e-05,0.9630000000000001,0.963,0.30133851210276286,47,98.4526819079183,114.95572770317085,10.0,0.6316666666666667,2.9313333333333333
0,imagenet,random_rescue_10,7,4.9986318311391235e-05,0.967,0.967,0.29088522505760195,47,97.49886211100966,113.85241009201854,10.0,0.6461666666666667,2.908333333333333
0,imagenet,random_rescue_10,8,4.994528852626726e-05,0.968,0.968,0.28172113505999247,47,98.29833348887041,114.65329728717916,10.0,0.6216666666666667,2.9323333333333332
0,imagenet,random_rescue_10,9,4.987695646966835e-05,0.9639999999999999,0.964,0.2769751416047414,47,97.6300898490008,114.22263315296732,10.0,0.6563333333333333,2.8998333333333335
0,imagenet,random_rescue_10,10,4.9781398459792115e-05,0.958,0.958,0.27553432234128317,47,98.37365963100456,122.77866499102674,10.0,0.6401666666666667,2.9086666666666665
0,imagenet,random_rescue_10,11,4.96587212227557e-05,0.9639999999999999,0.964,0.2724580944379171,47,99.55190216517076,115.9053222918883,10.0,0.6741666666666667,2.912166666666667
0,imagenet,random_rescue_10,12,4.950906177339638e-05,0.961,0.961,0.2680817329088847,47,98.66684007295407,115.0219973179046,10.0,0.6795,2.8678333333333335
0,imagenet,random_rescue_10,13,4.9332587262243413e-05,0.959,0.959,0.2679071356455485,47,98.53684549801983,115.27770776092075,10.0,0.6815,2.881
0,imagenet,random_rescue_10,14,4.912949478883223e-05,0.97,0.97,0.26597284944852195,47,98.17190807498991,114.97653003106825,10.0,0.686,2.8665
0,imagenet,random_rescue_10,15,4.890001118156936e-05,0.9629999999999999,0.963,0.2687770954767863,47,99.80172047181986,116.67480798787437,10.0,0.6983333333333334,2.8615
0,imagenet,random_rescue_10,16,4.864439274439401e-05,0.968,0.968,0.2640989838441213,47,99.00099280290306,115.21814671414904,10.0,0.7036666666666667,2.8393333333333333
0,imagenet,random_rescue_10,17,4.836292497051926e-05,0.966,0.966,0.26541492581367493,47,98.8964620588813,115.50108604505658,10.0,0.7328333333333333,2.8596666666666666
0,imagenet,random_rescue_10,18,4.8055922223572505e-05,0.968,0.968,0.2619601838588715,47,97.91863663611002,114.33883878402412,10.0,0.7468333333333333,2.8335
0,imagenet,random_rescue_10,19,4.7723727386491355e-05,0.962,0.962,0.2643007419904073,47,98.42504088301212,115.05562882497907,10.0,0.7515,2.828
0,imagenet,random_rescue_10,20,4.7366711478567095e-05,0.966,0.966,0.26228808697064715,47,99.71143647190183,116.27298783301376,10.0,0.7148333333333333,2.8308333333333335
0,imagenet,random_rescue_10,21,4.6985273241063454e-05,0.9629999999999999,0.963,0.26446600540479026,47,98.58449442894198,115.1112646041438,10.0,0.7236666666666667,2.8701666666666665
0,imagenet,random_rescue_10,22,4.657983869187342e-05,0.9569999999999999,0.957,0.2608629191716512,47,98.497997879982,114.80864062905312,10.0,0.717,2.8621666666666665
0,imagenet,random_rescue_10,23,4.615086064971153e-05,0.961,0.961,0.2578061596552531,47,98.46653073001653,114.9661385868676,10.0,0.7108333333333333,2.8466666666666667
0,imagenet,random_rescue_10,24,4.5698818228373126e-05,0.959,0.959,0.263378528992335,47,97.86155286082067,114.22892759693787,10.0,0.6955,2.856
0,imagenet,random_rescue_10,25,4.522421630162529e-05,0.96,0.96,0.25989465665817263,47,98.9863338090945,123.9405791182071,10.0,0.7213333333333334,2.8566666666666665
0,imagenet,random_rescue_10,26,4.4727584939327193e-05,0.9559999999999998,0.956,0.25901278122266136,47,98.79437701101415,115.29895468684845,10.0,0.7128333333333333,2.866833333333333
0,imagenet,random_rescue_10,27,4.420947881540964e-05,0.9550000000000001,0.955,0.2618448155721029,47,98.52240544604138,114.77041872800328,10.0,0.7191666666666666,2.83
0,imagenet,random_rescue_10,28,4.3670476588374966e-05,0.9610000000000001,0.961,0.26218481540679933,47,98.2590872689616,114.54870152892545,10.0,0.7186666666666667,2.8621666666666665
0,imagenet,random_rescue_10,29,4.311118025500927e-05,0.961,0.961,0.2614150081475576,47,97.96123382891528,114.9275411029812,10.0,0.7093333333333334,2.8451666666666666
0,imagenet,random_rescue_10,30,4.253221447802874e-05,0.9570000000000001,0.957,0.25993650102615357,47,98.66122234310023,115.25487723597325,10.0,0.7321666666666666,2.8208333333333333
0,imagenet,random_rescue_10,31,4.193422588841098e-05,0.9639999999999999,0.964,0.26245171602567036,47,98.91536967386492,115.8231450531166,10.0,0.7313333333333333,2.825
0,imagenet,random_rescue_10,32,4.1317882363190655e-05,0.958,0.958,0.2596465613047282,47,98.42121246899478,114.62656739796512,10.0,0.7155,2.8513333333333333
0,imagenet,random_rescue_10,33,4.0683872279526e-05,0.9640000000000001,0.964,0.2611742341518402,47,97.97528779297136,114.91485383710824,10.0,0.6728333333333333,2.851166666666667
0,imagenet,random_rescue_10,34,4.00329037458692e-05,0.9650000000000001,0.965,0.2603142351309458,47,99.3552115848288,115.82080665393732,10.0,0.694,2.835166666666667
0,imagenet,random_rescue_10,35,3.936570381109958e-05,0.959,0.959,0.25964422782262164,47,99.67448959709145,116.12534924200736,10.0,0.6985,2.8741666666666665
0,imagenet,random_rescue_10,36,3.868301765250263e-05,0.9549999999999998,0.955,0.25957395283381146,47,98.31617603288032,114.71401997515932,10.0,0.7085,2.8545
0,imagenet,random_rescue_10,37,3.798560774350198e-05,0.959,0.959,0.25920396876335144,47,98.92338574700989,115.34778404398821,10.0,0.7113333333333334,2.8495
0,imagenet,random_rescue_10,38,3.7274253002073755e-05,0.9659999999999999,0.966,0.25931104000409444,47,99.53309916285798,116.71494005993009,10.0,0.6805,2.913
0,imagenet,random_rescue_10,39,3.6549747920794496e-05,0.968,0.968,0.25758228079477946,47,99.50020056590438,115.93955454113893,10.0,0.6778333333333333,2.908
0,imagenet,random_rescue_10,40,3.581290167949421e-05,0.966,0.966,0.25752767904599505,47,98.99931643507443,115.7359219789505,10.0,0.6868333333333333,2.879
0,imagenet,random_rescue_10,41,3.5064537241505625e-05,0.9570000000000001,0.957,0.2588231479326884,47,98.7558332500048,115.12844350398518,10.0,0.6963333333333334,2.8565
0,imagenet,random_rescue_10,42,3.4305490434519064e-05,0.96,0.96,0.25962935797373454,47,98.46607182896696,115.08946755807847,10.0,0.7153333333333334,2.8386666666666667
0,imagenet,random_rescue_10,43,3.353660901706944e-05,0.9549999999999998,0.955,0.2584046676158905,47,99.08745629293844,115.90758852893487,10.0,0.73,2.8438333333333334
0,imagenet,random_rescue_10,44,3.2758751731698036e-05,0.9570000000000001,0.957,0.26062394229571023,47,99.81118495482951,116.56326990993693,10.0,0.7456666666666667,2.8173333333333335
0,imagenet,random_rescue_10,45,3.197278734584651e-05,0.958,0.958,0.2584600180784861,47,100.21760706300847,116.81514411303215,10.0,0.717,2.83
0,imagenet,random_rescue_10,46,3.1179593681554446e-05,0.961,0.961,0.25868942332267764,47,98.28489627898671,114.4813150272239,10.0,0.7301666666666666,2.8285
0,imagenet,random_rescue_10,47,3.0380056635043986e-05,0.9620000000000001,0.962,0.2565162917772929,47,99.16045151790604,115.66021939902566,10.0,0.7173333333333334,2.8285
0,imagenet,random_rescue_10,48,2.9575069187286692e-05,0.9650000000000001,0.965,0.25730489087104796,47,98.32995130703785,115.06433377182111,10.0,0.7016666666666667,2.864333333333333
0,imagenet,random_rescue_10,49,2.876553040665759e-05,0.9640000000000001,0.964,0.25828674658139544,47,98.37071492499672,115.03523213020526,10.0,0.727,2.8436666666666666
0,imagenet,random_rescue_10,50,2.7952344444790415e-05,0.959,0.959,0.26022495404879253,47,99.02776885800995,123.70753194601275,10.0,0.734,2.8295
0,imagenet,random_rescue_10,51,2.7136419526755484e-05,0.9599999999999997,0.96,0.2594812696774801,47,99.38955853600055,115.87362899095751,10.0,0.7225,2.8453333333333335
0,imagenet,random_rescue_10,52,2.631866693668803e-05,0.9600000000000002,0.96,0.26028412222862246,47,99.43442157888785,115.78432753193192,10.0,0.7301666666666666,2.831
0,imagenet,random_rescue_10,53,2.5500000000000003e-05,0.9669999999999999,0.967,0.2569026354153951,47,99.07616005302407,115.75497884699143,10.0,0.7161666666666666,2.855166666666667
0,imagenet,random_rescue_10,54,2.4681333063311983e-05,0.9650000000000001,0.965,0.25566126561164854,47,99.98632602789439,116.72921381681226,10.0,0.7215,2.8355
0,imagenet,random_rescue_10,55,2.3863580473244526e-05,0.962,0.962,0.256511177778244,47,99.65852965111844,116.20550585002638,10.0,0.7555,2.8375
0,imagenet,random_rescue_10,56,2.3047655555209592e-05,0.96,0.96,0.2569608198006948,47,99.78937539807521,116.52906814683229,10.0,0.7243333333333334,2.840333333333333
0,imagenet,random_rescue_10,57,2.223446959334243e-05,0.9640000000000001,0.964,0.2560967962741852,47,99.58213276602328,115.84680995508097,10.0,0.7221666666666666,2.8411666666666666
0,imagenet,random_rescue_10,58,2.1424930812713318e-05,0.9629999999999999,0.963,0.25724624705314636,47,100.18408657703549,116.99172413093038,10.0,0.7141666666666666,2.8433333333333333
0,imagenet,random_rescue_10,59,2.0619943364956024e-05,0.96,0.96,0.2583049488067627,47,101.61308931116946,118.33366051781923,10.0,0.7166666666666667,2.870833333333333
0,imagenet,random_rescue_10,60,1.9820406318445557e-05,0.9650000000000001,0.965,0.2569254734516144,47,100.69594095880166,117.06191855017096,10.0,0.7123333333333334,2.867166666666667
0,imagenet,random_rescue_10,61,1.9027212654153495e-05,0.9650000000000001,0.965,0.2579876912434896,47,100.11913159186952,117.13841794990003,10.0,0.7406666666666667,2.8255
0,imagenet,random_rescue_10,62,1.824124826830197e-05,0.96,0.96,0.25758133244514464,47,99.96765701309778,116.6265303620603,10.0,0.7213333333333334,2.8426666666666667
0,imagenet,random_rescue_10,63,1.746339098293056e-05,0.9590000000000002,0.959,0.256093435605367,47,100.81438781693578,117.70563986501656,10.0,0.7288333333333333,2.8381666666666665
0,imagenet,random_rescue_10,64,1.6694509565480943e-05,0.967,0.967,0.2561359453201294,47,99.73905188404024,116.50838072807528,10.0,0.7303333333333333,2.823
0,imagenet,random_rescue_10,65,1.593546275849438e-05,0.9639999999999999,0.964,0.25844228982925416,47,99.50717916688882,116.24502908997238,10.0,0.7248333333333333,2.843
0,imagenet,random_rescue_10,66,1.5187098320505799e-05,0.968,0.968,0.2553838744163513,47,99.51890131901018,116.06046987790614,10.0,0.7015,2.861666666666667
0,imagenet,random_rescue_10,67,1.4450252079205502e-05,0.966,0.966,0.2558518685499827,47,102.8341944210697,119.3154557980597,10.0,0.7296666666666667,2.860333333333333
0,imagenet,random_rescue_10,68,1.372574699792625e-05,0.9649999999999999,0.965,0.2574594945112864,47,100.46945623401552,117.04771170695312,10.0,0.7101666666666666,2.8773333333333335
0,imagenet,random_rescue_10,69,1.3014392256498022e-05,0.9650000000000001,0.965,0.25616326379776,47,100.45031834114343,117.21411967417225,10.0,0.6978333333333333,2.8245
0,imagenet,random_rescue_10,70,1.2316982347497372e-05,0.962,0.962,0.25720571653048196,47,99.57113197795115,116.14309566607699,10.0,0.6895,2.868
0,imagenet,random_rescue_10,71,1.1634296188900416e-05,0.961,0.961,0.25553130062421164,47,98.70529816206545,115.29860611492768,10.0,0.7083333333333334,2.839166666666667
0,imagenet,random_rescue_10,72,1.0967096254130799e-05,0.962,0.962,0.2565322542190552,47,99.51614824100398,116.13268210203387,10.0,0.7251666666666666,2.838
0,imagenet,random_rescue_10,73,1.0316127720474006e-05,0.961,0.961,0.25792347248395286,47,98.72717750491574,115.11303189303726,10.0,0.7163333333333334,2.8491666666666666
0,imagenet,random_rescue_10,74,9.682117636809343e-06,0.966,0.966,0.25786326464017234,47,98.72437909198925,115.45842703804374,10.0,0.7221666666666666,2.831166666666667
0,imagenet,random_rescue_10,75,9.065774111589031e-06,0.9649999999999999,0.965,0.2563316360314687,47,99.10775098693557,124.01917257392779,10.0,0.73,2.845666666666667
0,imagenet,random_rescue_10,76,8.467785521971265e-06,0.966,0.966,0.2565507437388102,47,98.51816861494444,114.70998437097296,10.0,0.719,2.8433333333333333
0,imagenet,random_rescue_10,77,7.888819744990736e-06,0.966,0.966,0.2568129641215007,47,99.04464777302928,115.88476256397553,10.0,0.717,2.8333333333333335
0,imagenet,random_rescue_10,78,7.329523411625039e-06,0.9640000000000001,0.964,0.2554392103354136,47,100.59701116592623,116.92422639997676,10.0,0.7155,2.8505
0,imagenet,random_rescue_10,79,6.790521184590367e-06,0.9650000000000001,0.965,0.2559155660470327,47,97.92458244599402,114.12872289586812,10.0,0.7008333333333333,2.8463333333333334
0,imagenet,random_rescue_10,80,6.272415060672806e-06,0.9650000000000001,0.965,0.2574072580337524,47,98.84066804894246,115.36057582101785,10.0,0.7173333333333334,2.859166666666667
0,imagenet,random_rescue_10,81,5.77578369837471e-06,0.9650000000000001,0.965,0.25660331225395205,47,98.69943665806204,115.21252941596322,10.0,0.7098333333333333,2.823
0,imagenet,random_rescue_10,82,5.301181771626878e-06,0.9650000000000001,0.965,0.2555676318804423,47,99.19010416907258,115.6243587071076,10.0,0.7181666666666666,2.8493333333333335
0,imagenet,random_rescue_10,83,4.849139350288474e-06,0.9650000000000001,0.965,0.25624041819572446,47,97.92678151116706,114.70601211907342,10.0,0.714,2.869
0,imagenet,random_rescue_10,84,4.420161308126591e-06,0.967,0.967,0.2569998913606008,47,98.59797577699646,115.1336499240715,10.0,0.7091666666666666,2.8648333333333333
0,imagenet,random_rescue_10,85,4.014726758936549e-06,0.9680000000000002,0.968,0.2555779319604238,47,99.16455354285426,115.61267239996232,10.0,0.7113333333333334,2.8308333333333335
0,imagenet,random_rescue_10,86,3.6332885214329124e-06,0.967,0.967,0.2563278040885925,47,100.18021255801432,116.47098755999468,10.0,0.6995,2.8813333333333335
0,imagenet,random_rescue_10,87,3.2762726135086534e-06,0.9650000000000001,0.965,0.25624706625938415,47,98.74635792709887,115.21272259601392,10.0,0.6976666666666667,2.847
0,imagenet,random_rescue_10,88,2.9440777764274926e-06,0.9650000000000001,0.965,0.25507248695691426,47,98.11500156112015,114.68098931806162,10.0,0.694,2.8635
0,imagenet,random_rescue_10,89,2.6370750294807374e-06,0.966,0.966,0.25585916892687477,47,99.00230011413805,115.3803626531735,10.0,0.7083333333333334,2.865
0,imagenet,random_rescue_10,90,2.3556072556059925e-06,0.966,0.966,0.25784434644381204,47,98.29808340477757,114.93552817194723,10.0,0.6895,2.8485
0,imagenet,random_rescue_10,91,2.0999888184306456e-06,0.967,0.967,0.2552715851465861,47,98.80295333592221,115.24680737406015,10.0,0.7135,2.8681666666666668
0,imagenet,random_rescue_10,92,1.8705052111677768e-06,0.967,0.967,0.254830447435379,47,99.8864659469109,116.35107153397985,10.0,0.704,2.8546666666666667
0,imagenet,random_rescue_10,93,1.6674127377565921e-06,0.967,0.967,0.25588936916987104,47,98.18007031688467,114.66424958198331,10.0,0.7055,2.858833333333333
0,imagenet,random_rescue_10,94,1.4909382266036246e-06,0.966,0.966,0.25612314001719155,47,98.62966565298848,115.12519617797807,10.0,0.6985,2.8621666666666665
0,imagenet,random_rescue_10,95,1.3412787772443001e-06,0.9650000000000001,0.965,0.25596083386739094,47,98.11963881598786,114.47497228183784,10.0,0.7141666666666666,2.852333333333333
0,imagenet,random_rescue_10,96,1.2186015402078894e-06,0.966,0.966,0.254797355890274,47,97.4618344111368,113.91536893509328,10.0,0.694,2.8605
0,imagenet,random_rescue_10,97,1.1230435303316486e-06,0.9650000000000001,0.965,0.2550321398576101,47,97.57731799199246,113.97081549395807,10.0,0.7151666666666666,2.8581666666666665
0,imagenet,random_rescue_10,98,1.0547114737327475e-06,0.966,0.966,0.2557361348470052,47,98.22489353804849,114.42614445998333,10.0,0.697,2.848333333333333
0,imagenet,random_rescue_10,99,1.013681688608762e-06,0.966,0.966,0.25588143650690715,47,98.58541926904581,115.16130243195221,10.0,0.6903333333333334,2.879
0,imagenet,random_rescue_10,100,1e-06,0.966,0.966,0.25522143236796063,47,98.0259561939165,122.69086027494632,10.0,0.7145,2.8398333333333334
0,imagenet,student,1,1e-05,0.7570000000000001,0.757,1.7906740341186524,47,96.32863551191986,112.6919137109071,0.0,0.0,0.0
0,imagenet,student,2,2e-05,0.9390000000000001,0.939,0.8811203053792318,47,92.4666882569436,109.4546316950582,0.0,0.0,0.0
0,imagenet,student,3,3.0000000000000004e-05,0.959,0.959,0.4644261004130046,47,92.51412930106744,108.64871053397655,0.0,0.0,0.0
0,imagenet,student,4,4e-05,0.961,0.961,0.36986637036005654,47,93.19189696898684,109.45362744294107,0.0,0.0,0.0
0,imagenet,student,5,5e-05,0.9620000000000001,0.962,0.3271873099009196,47,93.2205152020324,109.81364378496073,0.0,0.0,0.0
0,imagenet,student,6,5e-05,0.9640000000000001,0.964,0.3010758204460144,47,92.9598492749501,109.01073912903666,0.0,0.0,0.0
0,imagenet,student,7,4.9986318311391235e-05,0.966,0.966,0.28987825751304624,47,93.51093048602343,109.95548188406974,0.0,0.0,0.0
0,imagenet,student,8,4.994528852626726e-05,0.966,0.966,0.28375090344746906,47,93.44514153292403,109.65535763301887,0.0,0.0,0.0
0,imagenet,student,9,4.987695646966835e-05,0.9560000000000001,0.956,0.27612352641423543,47,92.48203489510342,108.69087783712894,0.0,0.0,0.0
0,imagenet,student,10,4.9781398459792115e-05,0.969,0.969,0.2743271338144938,47,93.26486563892104,117.25739271007478,0.0,0.0,0.0
0,imagenet,student,11,4.96587212227557e-05,0.962,0.962,0.27406669410069784,47,93.77457507885993,109.82322635198943,0.0,0.0,0.0
0,imagenet,student,12,4.950906177339638e-05,0.966,0.966,0.2685295294920603,47,94.592950591119,110.86327363015153,0.0,0.0,0.0
0,imagenet,student,13,4.9332587262243413e-05,0.959,0.959,0.26419551825523374,47,93.20696577290073,109.79691319703124,0.0,0.0,0.0
0,imagenet,student,14,4.912949478883223e-05,0.962,0.962,0.2651379315853119,47,93.31621987791732,109.4371572858654,0.0,0.0,0.0
0,imagenet,student,15,4.890001118156936e-05,0.9629999999999999,0.963,0.26423758308092754,47,94.15585004701279,110.62012654286809,0.0,0.0,0.0
0,imagenet,student,16,4.864439274439401e-05,0.9629999999999999,0.963,0.26468292220433554,47,94.6352538659703,110.7830501277931,0.0,0.0,0.0
0,imagenet,student,17,4.836292497051926e-05,0.9639999999999999,0.964,0.26372846190134686,47,93.5118146080058,109.82864063302986,0.0,0.0,0.0
0,imagenet,student,18,4.8055922223572505e-05,0.96,0.96,0.2598469069004059,47,94.13387634791434,110.29944177204743,0.0,0.0,0.0
0,imagenet,student,19,4.7723727386491355e-05,0.9550000000000001,0.955,0.2598824796676636,47,94.24280299805105,110.54401975986548,0.0,0.0,0.0
0,imagenet,student,20,4.7366711478567095e-05,0.967,0.967,0.2619848573207855,47,94.31707108789124,110.49793844786473,0.0,0.0,0.0
0,imagenet,student,21,4.6985273241063454e-05,0.959,0.959,0.2619080112775167,47,93.18603398906998,109.23712180601433,0.0,0.0,0.0
0,imagenet,student,22,4.657983869187342e-05,0.958,0.958,0.26236070783933,47,93.74685216206126,109.99982142285444,0.0,0.0,0.0
0,imagenet,student,23,4.615086064971153e-05,0.961,0.961,0.25939980204900104,47,94.0309579919558,110.22188804019243,0.0,0.0,0.0
0,imagenet,student,24,4.5698818228373126e-05,0.9560000000000001,0.956,0.263558101495107,47,92.98784451698884,109.22240542294458,0.0,0.0,0.0
0,imagenet,student,25,4.522421630162529e-05,0.9620000000000001,0.962,0.2604680670897166,47,93.40499431104399,118.27794821793213,0.0,0.0,0.0
0,imagenet,student,26,4.4727584939327193e-05,0.96,0.96,0.25977779340744017,47,93.53243036591448,110.02565354015678,0.0,0.0,0.0
0,imagenet,student,27,4.420947881540964e-05,0.954,0.954,0.26027701592445374,47,93.46884390804917,109.60386932315305,0.0,0.0,0.0
0,imagenet,student,28,4.3670476588374966e-05,0.9510000000000002,0.951,0.2624642579555512,47,93.04993194108829,109.27676812093705,0.0,0.0,0.0
0,imagenet,student,29,4.311118025500927e-05,0.9570000000000001,0.957,0.262690109093984,47,93.80274022603408,109.9735035689082,0.0,0.0,0.0
0,imagenet,student,30,4.253221447802874e-05,0.9600000000000002,0.96,0.25845330611864725,47,92.70123760704882,109.35100212693214,0.0,0.0,0.0
0,imagenet,student,31,4.193422588841098e-05,0.958,0.958,0.26033370049794513,47,92.89630838204175,109.11035339999944,0.0,0.0,0.0
0,imagenet,student,32,4.1317882363190655e-05,0.9620000000000001,0.962,0.2612112871011098,47,93.2320690669585,109.5809222329408,0.0,0.0,0.0
0,imagenet,student,33,4.0683872279526e-05,0.966,0.966,0.25901443195343016,47,93.22433853009716,109.37088877591304,0.0,0.0,0.0
0,imagenet,student,34,4.00329037458692e-05,0.9579999999999999,0.958,0.26142513092358904,47,93.87503215298057,109.96483298204839,0.0,0.0,0.0
0,imagenet,student,35,3.936570381109958e-05,0.962,0.962,0.26092257229487104,47,93.69795564794913,110.10558558208868,0.0,0.0,0.0
0,imagenet,student,36,3.868301765250263e-05,0.966,0.966,0.2575995931625366,47,93.52269200282171,109.52328099915758,0.0,0.0,0.0
0,imagenet,student,37,3.798560774350198e-05,0.959,0.959,0.26000907548268637,47,94.30545629607514,110.4592049580533,0.0,0.0,0.0
0,imagenet,student,38,3.7274253002073755e-05,0.966,0.966,0.26039062293370563,47,94.14172978396527,110.40028922911733,0.0,0.0,0.0
0,imagenet,student,39,3.6549747920794496e-05,0.962,0.962,0.259877242008845,47,92.93491977197118,109.050767183071,0.0,0.0,0.0
0,imagenet,student,40,3.581290167949421e-05,0.96,0.96,0.258750324567159,47,93.8636699509807,109.84684655605815,0.0,0.0,0.0
0,imagenet,student,41,3.5064537241505625e-05,0.9630000000000001,0.963,0.25803027176856996,47,93.8691492988728,110.15115988999605,0.0,0.0,0.0
0,imagenet,student,42,3.4305490434519064e-05,0.9559999999999998,0.956,0.25843058212598163,47,93.26357329101302,109.38674644799903,0.0,0.0,0.0
0,imagenet,student,43,3.353660901706944e-05,0.9570000000000001,0.957,0.2563570333321889,47,94.23303747200407,110.43856365093961,0.0,0.0,0.0
0,imagenet,student,44,3.2758751731698036e-05,0.958,0.958,0.2571645575364431,47,94.81980961188674,110.91845247498713,0.0,0.0,0.0
0,imagenet,student,45,3.197278734584651e-05,0.96,0.96,0.25591964451471966,47,94.10374316410162,110.41264734300785,0.0,0.0,0.0
0,imagenet,student,46,3.1179593681554446e-05,0.9599999999999997,0.96,0.2548189031283061,47,94.48936167685315,111.20789938606322,0.0,0.0,0.0
0,imagenet,student,47,3.0380056635043986e-05,0.9579999999999999,0.958,0.25786277492841087,47,94.6773815068882,110.96848226501606,0.0,0.0,0.0
0,imagenet,student,48,2.9575069187286692e-05,0.953,0.953,0.25678139662742616,47,93.59085366385989,109.64664106210694,0.0,0.0,0.0
0,imagenet,student,49,2.876553040665759e-05,0.959,0.959,0.2566297595500946,47,93.90214991592802,109.91621219017543,0.0,0.0,0.0
0,imagenet,student,50,2.7952344444790415e-05,0.9549999999999998,0.955,0.25628615339597066,47,93.80730847804807,120.17424727487378,0.0,0.0,0.0
0,imagenet,student,51,2.7136419526755484e-05,0.959,0.959,0.25627589042981463,47,94.08302500890568,110.69028854602948,0.0,0.0,0.0
0,imagenet,student,52,2.631866693668803e-05,0.9559999999999998,0.956,0.25579682930310566,47,94.16135225398466,110.37699272390455,0.0,0.0,0.0
0,imagenet,student,53,2.5500000000000003e-05,0.959,0.959,0.25499952443440754,47,93.19646905898117,109.46988754509948,0.0,0.0,0.0
0,imagenet,student,54,2.4681333063311983e-05,0.96,0.96,0.256649333079656,47,94.42789310915396,110.48621415300295,0.0,0.0,0.0
0,imagenet,student,55,2.3863580473244526e-05,0.9629999999999999,0.963,0.25576320417722065,47,94.56984209292568,110.97044002288021,0.0,0.0,0.0
0,imagenet,student,56,2.3047655555209592e-05,0.9639999999999999,0.964,0.25594160755475365,47,94.22192417201586,110.67519467882812,0.0,0.0,0.0
0,imagenet,student,57,2.223446959334243e-05,0.9629999999999999,0.963,0.2556729027430216,47,93.29886776697822,109.580900372006,0.0,0.0,0.0
0,imagenet,student,58,2.1424930812713318e-05,0.9649999999999999,0.965,0.255475204149882,47,94.55140150804073,110.57478989707306,0.0,0.0,0.0
0,imagenet,student,59,2.0619943364956024e-05,0.9649999999999999,0.965,0.25521048784255984,47,94.31368318991736,111.12495709583163,0.0,0.0,0.0
0,imagenet,student,60,1.9820406318445557e-05,0.966,0.966,0.25448816156387327,47,93.89472516090609,109.96645032498054,0.0,0.0,0.0
0,imagenet,student,61,1.9027212654153495e-05,0.9649999999999999,0.965,0.2545447708765666,47,95.28185581695288,111.41682169400156,0.0,0.0,0.0
0,imagenet,student,62,1.824124826830197e-05,0.9629999999999999,0.963,0.25503561115264894,47,94.52315399190411,110.64516130182892,0.0,0.0,0.0
0,imagenet,student,63,1.746339098293056e-05,0.9570000000000001,0.957,0.2545198133786519,47,94.29131966806017,110.78380735381506,0.0,0.0,0.0
0,imagenet,student,64,1.6694509565480943e-05,0.9570000000000001,0.957,0.2554699211915334,47,96.44458108395338,112.84275778499432,0.0,0.0,0.0
0,imagenet,student,65,1.593546275849438e-05,0.966,0.966,0.2553666869004568,47,95.33021750696935,111.91580413887277,0.0,0.0,0.0
0,imagenet,student,66,1.5187098320505799e-05,0.9590000000000002,0.959,0.25520184469223023,47,96.38090847386047,113.13574516796507,0.0,0.0,0.0
0,imagenet,student,67,1.4450252079205502e-05,0.9649999999999999,0.965,0.2550854381720225,47,95.3788885739632,111.7897283071652,0.0,0.0,0.0
0,imagenet,student,68,1.372574699792625e-05,0.961,0.961,0.2549340249697367,47,94.78090786188841,111.3183251330629,0.0,0.0,0.0
0,imagenet,student,69,1.3014392256498022e-05,0.961,0.961,0.2562155532836914,47,95.80117084900849,112.23371348599903,0.0,0.0,0.0
0,imagenet,student,70,1.2316982347497372e-05,0.966,0.966,0.25606499512990316,47,95.27071092510596,111.93119618506171,0.0,0.0,0.0
0,imagenet,student,71,1.1634296188900416e-05,0.962,0.962,0.2555480850537618,47,95.1060045179911,111.76395778893493,0.0,0.0,0.0
0,imagenet,student,72,1.0967096254130799e-05,0.9649999999999999,0.965,0.25493349456787107,47,95.16522712795995,111.77472527814098,0.0,0.0,0.0
0,imagenet,student,73,1.0316127720474006e-05,0.959,0.959,0.25485213971138,47,95.25109728006646,111.75948299188167,0.0,0.0,0.0
0,imagenet,student,74,9.682117636809343e-06,0.958,0.958,0.2553360775311788,47,95.05605625896715,111.61282881093211,0.0,0.0,0.0
0,imagenet,student,75,9.065774111589031e-06,0.96,0.96,0.25694706265131634,47,97.86735966196284,122.95638323388994,0.0,0.0,0.0
0,imagenet,student,76,8.467785521971265e-06,0.9629999999999999,0.963,0.25716248448689777,47,94.59380780300125,110.90480107814074,0.0,0.0,0.0
0,imagenet,student,77,7.888819744990736e-06,0.966,0.966,0.2538818658987681,47,94.66502939816564,110.94681313307956,0.0,0.0,0.0
0,imagenet,student,78,7.329523411625039e-06,0.9649999999999999,0.965,0.25426835370063783,47,95.00468987808563,111.57732223300263,0.0,0.0,0.0
0,imagenet,student,79,6.790521184590367e-06,0.9629999999999999,0.963,0.2550365617275238,47,95.58327264105901,111.79336666385643,0.0,0.0,0.0
0,imagenet,student,80,6.272415060672806e-06,0.9649999999999999,0.965,0.2551809364159902,47,94.45953005203046,110.7750646120403,0.0,0.0,0.0
0,imagenet,student,81,5.77578369837471e-06,0.9629999999999999,0.963,0.2557976626555125,47,94.15554078994319,110.35354148503393,0.0,0.0,0.0
0,imagenet,student,82,5.301181771626878e-06,0.962,0.962,0.25430440409978233,47,93.37866362603381,109.72832611692138,0.0,0.0,0.0
0,imagenet,student,83,4.849139350288474e-06,0.9629999999999999,0.963,0.2543984646002452,47,94.01714296010323,110.11827364494093,0.0,0.0,0.0
0,imagenet,student,84,4.420161308126591e-06,0.9659999999999999,0.966,0.25493572386105856,47,94.07812339998782,110.32055359194055,0.0,0.0,0.0
0,imagenet,student,85,4.014726758936549e-06,0.962,0.962,0.2534815278848012,47,93.53377654706128,109.72370592900552,0.0,0.0,0.0
0,imagenet,student,86,3.6332885214329124e-06,0.9629999999999999,0.963,0.25375484267870585,47,93.85728811379522,110.07641751901247,0.0,0.0,0.0
0,imagenet,student,87,3.2762726135086534e-06,0.9659999999999999,0.966,0.2539731779098511,47,93.51203610585071,109.81849180604331,0.0,0.0,0.0
0,imagenet,student,88,2.9440777764274926e-06,0.9629999999999999,0.963,0.2539509636561076,47,93.1238578108605,109.5389098089654,0.0,0.0,0.0
0,imagenet,student,89,2.6370750294807374e-06,0.961,0.961,0.25465602898597717,47,93.33379348111339,109.54175631795079,0.0,0.0,0.0
0,imagenet,student,90,2.3556072556059925e-06,0.961,0.961,0.25360427180926004,47,94.1912329129409,110.41220130212605,0.0,0.0,0.0
0,imagenet,student,91,2.0999888184306456e-06,0.96,0.96,0.255424462000529,47,94.45762130687945,110.92944838292897,0.0,0.0,0.0
0,imagenet,student,92,1.8705052111677768e-06,0.96,0.96,0.2538004530270894,47,93.46061270404607,109.61489940294996,0.0,0.0,0.0
0,imagenet,student,93,1.6674127377565921e-06,0.961,0.961,0.25451166701316835,47,94.09139236598276,110.18834342504852,0.0,0.0,0.0
0,imagenet,student,94,1.4909382266036246e-06,0.9639999999999999,0.964,0.2541640181541443,47,94.12391168205068,110.42182212602347,0.0,0.0,0.0
0,imagenet,student,95,1.3412787772443001e-06,0.9650000000000001,0.965,0.2549454979101817,47,93.8576323830057,110.03387446398847,0.0,0.0,0.0
0,imagenet,student,96,1.2186015402078894e-06,0.9629999999999999,0.963,0.2539738806883494,47,93.71658672206104,110.30548502807505,0.0,0.0,0.0
0,imagenet,student,97,1.1230435303316486e-06,0.9629999999999999,0.963,0.2536631816228231,47,93.82736441679299,110.11906895111315,0.0,0.0,0.0
0,imagenet,student,98,1.0547114737327475e-06,0.9629999999999999,0.963,0.2546725444793701,47,94.1506905509159,110.3515722900629,0.0,0.0,0.0
0,imagenet,student,99,1.013681688608762e-06,0.9639999999999999,0.964,0.25434399271011354,47,93.54507663892582,109.797185348114,0.0,0.0,0.0
0,imagenet,student,100,1e-06,0.9639999999999999,0.964,0.253952206214269,47,93.994915117044,119.46275324909948,0.0,0.0,0.0
0,scratch,ce,1,0.0001,0.258,0.258,2.12846452331543,47,92.334189546993,108.29165707388893,0.0,0.0,0.0
0,scratch,ce,2,0.0002,0.325,0.325,2.022504214922587,47,94.14757451089099,111.17639776295982,0.0,0.0,0.0
0,scratch,ce,3,0.00030000000000000003,0.35700000000000004,0.357,1.982415116628011,47,89.50207855599001,105.62773774587549,0.0,0.0,0.0
0,scratch,ce,4,0.0004,0.36700000000000005,0.367,1.9316213270823162,47,90.32896142615937,106.5163629448507,0.0,0.0,0.0
0,scratch,ce,5,0.0005,0.422,0.422,1.899153964360555,47,90.2563009839505,106.36313988105394,0.0,0.0,0.0
0,scratch,ce,6,0.0005,0.42799999999999994,0.428,1.8077357117335002,47,89.91129497578368,105.99566075904295,0.0,0.0,0.0
0,scratch,ce,7,0.0004998606701506985,0.488,0.488,1.7434292793273927,47,90.48369560600258,106.91790365800261,0.0,0.0,0.0
0,scratch,ce,8,0.0004994428362164767,0.421,0.421,1.694442666053772,47,90.41064136498608,106.65084209898487,0.0,0.0,0.0
0,scratch,ce,9,0.0004987469648645818,0.491,0.491,1.631385118484497,47,90.19907848187722,106.13026580400765,0.0,0.0,0.0
0,scratch,ce,10,0.0004977738332946176,0.5170000000000001,0.517,1.5573474502563476,47,90.02964880387299,115.23245952394791,0.0,0.0,0.0
0,scratch,ce,11,0.0004965245283705121,0.521,0.521,1.5090958992640178,47,90.20346319791861,106.15953906299546,0.0,0.0,0.0
0,scratch,ce,12,0.0004950004454066284,0.5519999999999999,0.552,1.4964450187683105,47,89.8441291700583,106.00631079892628,0.0,0.0,0.0
0,scratch,ce,13,0.0004932032866093767,0.546,0.546,1.451716442743937,47,89.96834171609953,105.78845867002383,0.0,0.0,0.0
0,scratch,ce,14,0.000491135059176067,0.535,0.535,1.420186448097229,47,90.6228472981602,106.77024280908518,0.0,0.0,0.0
0,scratch,ce,15,0.0004887980730531247,0.54,0.54,1.3864397888183593,47,89.8016317228321,105.80419543781318,0.0,0.0,0.0
0,scratch,ce,16,0.00048619493835617576,0.549,0.549,1.3466339082717895,47,89.48340883478522,105.6054327681195,0.0,0.0,0.0
0,scratch,ce,17,0.00048332856245487986,0.561,0.561,1.3172737690607708,47,90.23204852407798,106.94053724897094,0.0,0.0,0.0
0,scratch,ce,18,0.000480202146725769,0.587,0.587,1.2931621748606363,47,90.69546534400433,106.75784888118505,0.0,0.0,0.0
0,scratch,ce,19,0.00047681918297671805,0.5730000000000001,0.573,1.266376830736796,47,90.07401477894746,105.86718387296423,0.0,0.0,0.0
0,scratch,ce,20,0.0004731834495470404,0.5599999999999999,0.56,1.2474436734517416,47,89.88242606306449,106.12982271402143,0.0,0.0,0.0
0,scratch,ce,21,0.00046929900708756454,0.582,0.582,1.2081224915186564,47,89.97098728897981,106.11192002310418,0.0,0.0,0.0
0,scratch,ce,22,0.0004651701940254048,0.58,0.58,1.1823853228886922,47,90.17713704612106,106.57098208507523,0.0,0.0,0.0
0,scratch,ce,23,0.00046080162171849087,0.58,0.58,1.1497291870117188,47,91.26059327716939,107.20888378703967,0.0,0.0,0.0
0,scratch,ce,24,0.0004561981693052692,0.5370000000000001,0.537,1.123040802637736,47,90.53636178281158,106.44309144001454,0.0,0.0,0.0
0,scratch,ce,25,0.00045136497825532695,0.558,0.558,1.1134061581293742,47,90.06295962096192,114.40507524390705,0.0,0.0,0.0
0,scratch,ce,26,0.00044630744662702595,0.5880000000000001,0.588,1.0766405426661174,47,89.7234288637992,105.6910422258079,0.0,0.0,0.0
0,scratch,ce,27,0.0004410312230385594,0.575,0.575,1.05173899269104,47,90.08647345588543,105.89608005294576,0.0,0.0,0.0
0,scratch,ce,28,0.0004355422003591655,0.583,0.583,1.0209605722427368,47,90.73753913585097,107.03530358616263,0.0,0.0,0.0
0,scratch,ce,29,0.0004298465091275434,0.575,0.575,1.0093454443613687,47,89.57235028594732,105.65341677912511,0.0,0.0,0.0
0,scratch,ce,30,0.0004239505107048233,0.5799999999999998,0.58,1.0086932096481322,47,89.79879609099589,106.07551587489434,0.0,0.0,0.0
0,scratch,ce,31,0.00041786079016973627,0.6,0.6,0.9710425634384156,47,90.06427282397635,106.38540813699365,0.0,0.0,0.0
0,scratch,ce,32,0.00041158414896392116,0.589,0.589,0.9497381922403971,47,90.15827085799538,106.30398119380698,0.0,0.0,0.0
0,scratch,ce,33,0.00040512759729558113,0.5810000000000001,0.581,0.9142526105244955,47,89.77228180598468,105.88240436092019,0.0,0.0,0.0
0,scratch,ce,34,0.00039849834630997414,0.5890000000000001,0.589,0.8999873399734497,47,89.90153379412368,106.07090727798641,0.0,0.0,0.0
0,scratch,ce,35,0.0003917038000354835,0.5860000000000001,0.586,0.8637321831385295,47,90.13788855192252,105.99040503497235,0.0,0.0,0.0
0,scratch,ce,36,0.0003847515471142615,0.594,0.594,0.8523730214436849,47,90.01867316709831,105.89235597383231,0.0,0.0,0.0
0,scratch,ce,37,0.00037764935232668343,0.593,0.593,0.8318454437255859,47,90.80636238306761,106.9207190501038,0.0,0.0,0.0
0,scratch,ce,38,0.0003704051479190776,0.593,0.593,0.8028852160771688,47,90.15243000793271,105.96283528208733,0.0,0.0,0.0
0,scratch,ce,39,0.00036302702474441743,0.6119999999999999,0.612,0.7977132743199666,47,90.72317814989947,106.90394822508097,0.0,0.0,0.0
0,scratch,ce,40,0.0003555232232258696,0.593,0.593,0.7733153835932414,47,90.38090907107107,106.4852303059306,0.0,0.0,0.0
0,scratch,ce,41,0.00034790212415329195,0.584,0.584,0.7541829042434692,47,90.76015442889184,106.97450037789531,0.0,0.0,0.0
0,scratch,ce,42,0.0003401722393229594,0.611,0.611,0.7612874959309895,47,89.69383441493846,105.59444827283733,0.0,0.0,0.0
0,scratch,ce,43,0.0003323422020309725,0.602,0.602,0.7511044626235962,47,90.53078866493888,106.45261181308888,0.0,0.0,0.0
0,scratch,ce,44,0.0003244207574309657,0.592,0.592,0.7181363115310669,47,89.98143952689134,105.82812809199095,0.0,0.0,0.0
0,scratch,ce,45,0.0003164167527668859,0.583,0.583,0.7065243496894836,47,90.28254489297979,106.2865667140577,0.0,0.0,0.0
0,scratch,ce,46,0.0003083391274917483,0.588,0.588,0.6809579071998596,47,89.24829106312245,105.24496342707425,0.0,0.0,0.0
0,scratch,ce,47,0.0003001969032834071,0.591,0.591,0.6960227449735006,47,89.71841803495772,105.80815717298537,0.0,0.0,0.0
0,scratch,ce,48,0.00029199917396849096,0.584,0.584,0.6692003504435221,47,89.52685894211754,105.73150870203972,0.0,0.0,0.0
0,scratch,ce,49,0.0002837550953657579,0.595,0.595,0.6516972220738729,47,90.17751254490577,106.1764633981511,0.0,0.0,0.0
0,scratch,ce,50,0.0002754738750602126,0.59,0.59,0.652051487604777,47,90.10490845702589,115.18985793692991,0.0,0.0,0.0
0,scratch,ce,51,0.00026716476211940786,0.576,0.576,0.6463932781219482,47,90.10663235699758,106.06783132697456,0.0,0.0,0.0
0,scratch,ce,52,0.00025883703676341484,0.614,0.614,0.6352648820877075,47,90.44992029410787,106.80381966405548,0.0,0.0,0.0
0,scratch,ce,53,0.0002505,0.6,0.6,0.6166863555908203,47,90.57310503395274,107.00901184114628,0.0,0.0,0.0
0,scratch,ce,54,0.00024216296323658525,0.595,0.595,0.6146128079096477,47,90.37957908282988,106.29955874802545,0.0,0.0,0.0
0,scratch,ce,55,0.00023383523788059215,0.6009999999999999,0.601,0.6053974566459656,46,91.3819495360367,107.5191482999362,0.0,0.0,0.0
0,scratch,ce,56,0.00022552612493978745,0.576,0.576,0.5918121078809102,47,92.03432891378179,108.95975752617233,0.0,0.0,0.0
0,scratch,ce,57,0.00021724490463424225,0.602,0.602,0.5861877816518147,47,91.29376062587835,107.79030917980708,0.0,0.0,0.0
0,scratch,ce,58,0.00020900082603150905,0.5970000000000001,0.597,0.594191731929779,47,91.83800866105594,107.9970603659749,0.0,0.0,0.0
0,scratch,ce,59,0.00020080309671659293,0.5890000000000001,0.589,0.5769278709093729,47,90.47105725598522,106.43521423498169,0.0,0.0,0.0
0,scratch,ce,60,0.00019266087250825167,0.5959999999999999,0.596,0.5788142913182577,47,90.6976689028088,106.98530272697099,0.0,0.0,0.0
0,scratch,ce,61,0.00018458324723311413,0.59,0.59,0.5746530160903931,47,90.85660944296978,107.01942518213764,0.0,0.0,0.0
0,scratch,ce,62,0.00017657924256903434,0.599,0.599,0.5674475027720134,47,90.79319527000189,106.9691767108161,0.0,0.0,0.0
0,scratch,ce,63,0.00016865779796902748,0.591,0.591,0.5577000670433044,47,90.730341946939,106.69635669188574,0.0,0.0,0.0
0,scratch,ce,64,0.00016082776067704059,0.615,0.615,0.5531703281402588,47,90.67954704188742,107.00120129203424,0.0,0.0,0.0
0,scratch,ce,65,0.00015309787584670805,0.592,0.592,0.5547424502372742,47,90.4751092849765,106.35157990502194,0.0,0.0,0.0
0,scratch,ce,66,0.00014547677677413047,0.6,0.6,0.5415555645624797,47,91.35429144720547,107.90718285180628,0.0,0.0,0.0
0,scratch,ce,67,0.00013797297525558255,0.584,0.584,0.5484556711514791,47,90.99873438011855,107.23781019705348,0.0,0.0,0.0
0,scratch,ce,68,0.00013059485208092238,0.601,0.601,0.5362699200312296,47,90.78438397194259,106.73865951993503,0.0,0.0,0.0
0,scratch,ce,69,0.00012335064767331658,0.596,0.596,0.5383856595357259,47,91.56048163282685,107.80830130097456,0.0,0.0,0.0
0,scratch,ce,70,0.00011624845288573853,0.605,0.605,0.537245600382487,47,90.73924449412152,106.94534676289186,0.0,0.0,0.0
0,scratch,ce,71,0.00010929619996451647,0.6010000000000001,0.601,0.525922713915507,47,90.46535805007443,106.67156634805724,0.0,0.0,0.0
0,scratch,ce,72,0.00010250165369002587,0.592,0.592,0.5266152509053548,47,90.37977338791825,106.24780902289785,0.0,0.0,0.0
0,scratch,ce,73,9.587240270441893e-05,0.583,0.583,0.5240155345598857,47,90.28104451182298,106.67159523093142,0.0,0.0,0.0
0,scratch,ce,74,8.941585103607879e-05,0.585,0.585,0.5245907406806946,47,90.5513980879914,106.45513069699518,0.0,0.0,0.0
0,scratch,ce,75,8.313920983026379e-05,0.5900000000000001,0.59,0.5243502496083577,47,90.1051437840797,115.41278097685426,0.0,0.0,0.0
0,scratch,ce,76,7.704948929517675e-05,0.6020000000000001,0.602,0.5214262606302897,47,89.86556621780619,105.93488699290901,0.0,0.0,0.0
0,scratch,ce,77,7.115349087245667e-05,0.5920000000000001,0.592,0.5182486422856649,47,90.73296794202179,106.72526579606347,0.0,0.0,0.0
0,scratch,ce,78,6.545779964083458e-05,0.597,0.597,0.5180128073692322,47,90.33793922606856,106.40720948018134,0.0,0.0,0.0
0,scratch,ce,79,5.996877696144067e-05,0.6030000000000001,0.603,0.5130870409011841,47,90.89067297196016,107.20738468691707,0.0,0.0,0.0
0,scratch,ce,80,5.4692553372974075e-05,0.601,0.601,0.5122888032595316,47,90.99036360508762,107.16379344509915,0.0,0.0,0.0
0,scratch,ce,81,4.963502174467306e-05,0.5940000000000001,0.594,0.512836283047994,47,90.32477460289374,106.4326773728244,0.0,0.0,0.0
0,scratch,ce,82,4.480183069473086e-05,0.5969999999999999,0.597,0.5139895081520081,47,90.3383814431727,106.4077046988532,0.0,0.0,0.0
0,scratch,ce,83,4.019837828150914e-05,0.6,0.6,0.5150224610964457,47,91.15954414498992,107.43144482700154,0.0,0.0,0.0
0,scratch,ce,84,3.5829805974595276e-05,0.599,0.599,0.5127720788319906,47,90.06272448902018,106.2668872338254,0.0,0.0,0.0
0,scratch,ce,85,3.1700992912435456e-05,0.604,0.604,0.5124723000526428,47,91.0439798370935,106.93194537912495,0.0,0.0,0.0
0,scratch,ce,86,2.781655045295966e-05,0.6,0.6,0.5113818510373433,47,90.26310500386171,106.22493949905038,0.0,0.0,0.0
0,scratch,ce,87,2.4180817023281995e-05,0.597,0.597,0.5109039780298869,47,90.19489582907408,106.38665780518204,0.0,0.0,0.0
0,scratch,ce,88,2.0797853274230994e-05,0.6050000000000001,0.605,0.5117506783803304,47,91.40679329703562,107.38393517094664,0.0,0.0,0.0
0,scratch,ce,89,1.7671437545120165e-05,0.608,0.608,0.5092873317400615,47,90.69030897505581,106.6682782289572,0.0,0.0,0.0
0,scratch,ce,90,1.480506164382429e-05,0.605,0.605,0.5072532215118408,47,90.73712414805777,106.80542793101631,0.0,0.0,0.0
0,scratch,ce,91,1.220192694687535e-05,0.612,0.612,0.5088298695882162,47,90.2240878790617,106.19015147793107,0.0,0.0,0.0
0,scratch,ce,92,9.864940823933073e-06,0.6070000000000001,0.607,0.51027827390035,47,90.41902456292883,106.37138564395718,0.0,0.0,0.0
0,scratch,ce,93,7.796713390623254e-06,0.607,0.607,0.5086526209513347,47,90.66085468395613,106.87946474691853,0.0,0.0,0.0
0,scratch,ce,94,5.999554593371605e-06,0.607,0.607,0.5096014623641968,47,91.13528299005702,107.44705585599877,0.0,0.0,0.0
0,scratch,ce,95,4.475471629487872e-06,0.6060000000000001,0.606,0.5088793595631917,47,90.76371284504421,106.73264399101026,0.0,0.0,0.0
0,scratch,ce,96,3.2261667053823824e-06,0.609,0.609,0.5090926807721455,47,91.0624836909119,107.476997054182,0.0,0.0,0.0
0,scratch,ce,97,2.253035135418218e-06,0.6060000000000001,0.606,0.5093936864535014,47,90.36239433614537,106.69545595999807,0.0,0.0,0.0
0,scratch,ce,98,1.5571637835232856e-06,0.608,0.608,0.5092185756365458,47,90.60174481198192,106.6611021249555,0.0,0.0,0.0
0,scratch,ce,99,1.1393298493014743e-06,0.608,0.608,0.5106411515871684,47,90.49245797516778,106.55834587407298,0.0,0.0,0.0
0,scratch,ce,100,1e-06,0.608,0.608,0.5107521015803019,47,90.41278750100173,115.23171225003898,0.0,0.0,0.0
0,scratch,foreground_rescue_10,1,0.0001,0.252,0.252,1.8680183283487957,47,99.65938556101173,115.98509187507443,6.0728333333333335,6.0728333333333335,0.0
0,scratch,foreground_rescue_10,2,0.0002,0.318,0.318,1.7649846016565958,47,103.31994189484976,120.42030898900703,6.237833333333334,6.237833333333334,0.0
0,scratch,foreground_rescue_10,3,0.00030000000000000003,0.36100000000000004,0.361,1.7093039668401082,47,99.94838535110466,116.35878026206046,6.118666666666667,6.118666666666667,0.0
0,scratch,foreground_rescue_10,4,0.0004,0.35300000000000004,0.353,1.6776448996861775,47,99.59488592203707,115.9310914829839,6.371666666666667,6.371666666666667,0.0
0,scratch,foreground_rescue_10,5,0.0005,0.40800000000000003,0.408,1.637361649831136,47,99.74476406304166,116.15493997279555,6.592833333333333,6.592833333333333,0.0
0,scratch,foreground_rescue_10,6,0.0005,0.45,0.45,1.5530701189041138,47,98.60593612398952,115.11356928711757,6.568333333333333,6.568333333333333,0.0
0,scratch,foreground_rescue_10,7,0.0004998606701506985,0.4910000000000001,0.491,1.4517337112426758,47,99.71568684699014,116.3055566130206,6.433833333333333,6.433833333333333,0.0
0,scratch,foreground_rescue_10,8,0.0004994428362164767,0.4589999999999999,0.459,1.4021056299209596,47,100.29502600990236,117.04114787909202,6.551166666666667,6.551166666666667,0.0
0,scratch,foreground_rescue_10,9,0.0004987469648645818,0.493,0.493,1.3370507494608561,47,99.90676846494898,116.35220718709752,6.592833333333333,6.592833333333333,0.0
0,scratch,foreground_rescue_10,10,0.0004977738332946176,0.5090000000000001,0.509,1.2898570187886556,47,102.3987432338763,126.7472056930419,6.866,6.866,0.0
0,scratch,foreground_rescue_10,11,0.0004965245283705121,0.52,0.52,1.2657787961959839,47,99.9710338988807,116.32529026200064,7.0825,7.0825,0.0
0,scratch,foreground_rescue_10,12,0.0004950004454066284,0.5589999999999999,0.559,1.2186929168701173,47,99.78315154998563,115.9644688370172,7.129,7.129,0.0
0,scratch,foreground_rescue_10,13,0.0004932032866093767,0.557,0.557,1.1849269151687623,47,100.22594788810238,116.70497219497338,7.041666666666667,7.041666666666667,0.0
0,scratch,foreground_rescue_10,14,0.000491135059176067,0.566,0.566,1.1500898199081422,47,99.68604194791988,116.26360334106721,7.000166666666667,7.000166666666667,0.0
0,scratch,foreground_rescue_10,15,0.0004887980730531247,0.5450000000000002,0.545,1.132745697339376,47,99.19606002792716,115.55744474800304,7.0905,7.0905,0.0
0,scratch,foreground_rescue_10,16,0.00048619493835617576,0.555,0.555,1.0753349056243897,47,100.1124527901411,116.59422707580961,7.203,7.203,0.0
0,scratch,foreground_rescue_10,17,0.00048332856245487986,0.5780000000000001,0.578,1.0564326394399006,47,100.18833902897313,116.75749280513264,7.329166666666667,7.329166666666667,0.0
0,scratch,foreground_rescue_10,18,0.000480202146725769,0.5879999999999999,0.588,1.0268796078364055,47,101.0627063869033,117.91376119386405,7.2605,7.2605,0.0
0,scratch,foreground_rescue_10,19,0.00047681918297671805,0.5700000000000001,0.57,1.0181931365331014,47,100.69482294097543,117.28069506096654,7.251833333333333,7.251833333333333,0.0
0,scratch,foreground_rescue_10,20,0.0004731834495470404,0.571,0.571,0.9788229894638062,47,100.6858747638762,117.07065619295463,7.293,7.293,0.0
0,scratch,foreground_rescue_10,21,0.00046929900708756454,0.58,0.58,0.9510260996818543,47,99.43299731099978,115.78184320614673,7.156,7.156,0.0
0,scratch,foreground_rescue_10,22,0.0004651701940254048,0.608,0.608,0.9391779244740804,47,100.3758287159726,117.08551079710014,7.222166666666666,7.222166666666666,0.0
0,scratch,foreground_rescue_10,23,0.00046080162171849087,0.587,0.587,0.9056645746231079,47,98.84696197602898,115.13142490503378,7.2035,7.2035,0.0
0,scratch,foreground_rescue_10,24,0.0004561981693052692,0.5599999999999999,0.56,0.9172956085205078,47,101.28456371789798,118.03437709715217,7.318,7.318,0.0
0,scratch,foreground_rescue_10,25,0.00045136497825532695,0.582,0.582,0.8583334404627482,47,101.38538896199316,126.25315422401763,7.267333333333333,7.267333333333333,0.0
0,scratch,foreground_rescue_10,26,0.00044630744662702595,0.592,0.592,0.8320898501078288,47,102.00859114783816,118.42444036784582,7.224833333333334,7.224833333333334,0.0
0,scratch,foreground_rescue_10,27,0.0004410312230385594,0.6020000000000001,0.602,0.8060181020100912,47,99.49668663693592,115.90431654895656,7.2645,7.2645,0.0
0,scratch,foreground_rescue_10,28,0.0004355422003591655,0.594,0.594,0.7884747103055318,47,99.1554690131452,115.55116365104914,7.3468333333333335,7.3468333333333335,0.0
0,scratch,foreground_rescue_10,29,0.0004298465091275434,0.5770000000000001,0.577,0.7737826061248779,47,99.9709337851964,116.60793342394754,7.267666666666667,7.267666666666667,0.0
0,scratch,foreground_rescue_10,30,0.0004239505107048233,0.581,0.581,0.7662695539792379,47,99.35984497703612,115.91306888917461,7.349333333333333,7.349333333333333,0.0
0,scratch,foreground_rescue_10,31,0.00041786079016973627,0.616,0.616,0.7216457402706147,47,99.2678769370541,115.63875204487704,7.320666666666667,7.320666666666667,0.0
0,scratch,foreground_rescue_10,32,0.00041158414896392116,0.5930000000000001,0.593,0.6995662248929342,47,99.70201016101055,115.97058417508379,7.273833333333333,7.273833333333333,0.0
0,scratch,foreground_rescue_10,33,0.00040512759729558113,0.5919999999999999,0.592,0.688595027923584,47,100.60087184491567,116.72698878403753,7.249333333333333,7.249333333333333,0.0
0,scratch,foreground_rescue_10,34,0.00039849834630997414,0.6039999999999999,0.604,0.6743836091359456,47,100.25419752905145,116.70330977602862,7.164666666666666,7.164666666666666,0.0
0,scratch,foreground_rescue_10,35,0.0003917038000354835,0.5900000000000001,0.59,0.6442189989089966,47,100.14101853384636,116.78566940501332,7.25,7.25,0.0
0,scratch,foreground_rescue_10,36,0.0003847515471142615,0.5920000000000001,0.592,0.6329771579106649,47,100.75238040601835,117.1202356449794,7.194,7.194,0.0
0,scratch,foreground_rescue_10,37,0.00037764935232668343,0.599,0.599,0.602707763671875,47,99.00737099093385,115.55080940201879,7.241666666666666,7.241666666666666,0.0
0,scratch,foreground_rescue_10,38,0.0003704051479190776,0.5920000000000001,0.592,0.5735909922917684,47,99.43923624698073,115.68698055390269,7.273833333333333,7.273833333333333,0.0
0,scratch,foreground_rescue_10,39,0.00036302702474441743,0.5920000000000001,0.592,0.5521645151774088,47,99.35156589816324,116.12121487408876,7.2668333333333335,7.2668333333333335,0.0
0,scratch,foreground_rescue_10,40,0.0003555232232258696,0.573,0.573,0.5712061785062155,47,101.22176723997109,117.47116807615384,7.299333333333333,7.299333333333333,0.0
0,scratch,foreground_rescue_10,41,0.00034790212415329195,0.5890000000000001,0.589,0.5425280628204345,47,100.02727828011848,116.37890045507811,7.296,7.296,0.0
0,scratch,foreground_rescue_10,42,0.0003401722393229594,0.5980000000000001,0.598,0.5132840569814047,47,100.4993429009337,116.87973853107542,7.297,7.297,0.0
0,scratch,foreground_rescue_10,43,0.0003323422020309725,0.5860000000000001,0.586,0.4999210792382558,47,99.48988885595463,116.13305201311596,7.335666666666667,7.335666666666667,0.0
0,scratch,foreground_rescue_10,44,0.0003244207574309657,0.605,0.605,0.49397036695480345,47,99.79486734699458,116.79503945517354,7.292,7.292,0.0
0,scratch,foreground_rescue_10,45,0.0003164167527668859,0.612,0.612,0.4866818770567576,47,100.13204022101127,116.17423116113059,7.285833333333334,7.285833333333334,0.0
0,scratch,foreground_rescue_10,46,0.0003083391274917483,0.6010000000000001,0.601,0.46575199921925864,47,99.9273455098737,115.99269287800416,7.254166666666666,7.254166666666666,0.0
0,scratch,foreground_rescue_10,47,0.0003001969032834071,0.5890000000000001,0.589,0.4591366008122762,47,102.15919481497258,119.11559334304184,7.275833333333333,7.275833333333333,0.0
0,scratch,foreground_rescue_10,48,0.00029199917396849096,0.592,0.592,0.4443801382382711,47,102.72966129286215,119.39254331099801,7.319333333333334,7.319333333333334,0.0
0,scratch,foreground_rescue_10,49,0.0002837550953657579,0.591,0.591,0.4254787819385529,47,100.84713579295203,117.91370680206455,7.318,7.318,0.0
0,scratch,foreground_rescue_10,50,0.0002754738750602126,0.61,0.61,0.42647567749023435,47,102.04625723999925,126.73853242979385,7.282,7.282,0.0
0,scratch,foreground_rescue_10,51,0.00026716476211940786,0.6020000000000001,0.602,0.4087527171770732,47,101.17736214399338,117.72949548694305,7.317166666666667,7.317166666666667,0.0
0,scratch,foreground_rescue_10,52,0.00025883703676341484,0.5960000000000001,0.596,0.41119654703140257,47,102.04116554791108,118.97971807909198,7.2995,7.2995,0.0
0,scratch,foreground_rescue_10,53,0.0002505,0.603,0.603,0.3926949575742086,47,101.93390240916051,118.37916945898905,7.3575,7.3575,0.0
0,scratch,foreground_rescue_10,54,0.00024216296323658525,0.605,0.605,0.3855295236905416,47,100.37085646716878,116.64401186513714,7.4126666666666665,7.4126666666666665,0.0
0,scratch,foreground_rescue_10,55,0.00023383523788059215,0.5919999999999999,0.592,0.3807738658587138,47,100.30176158086397,116.7707447160501,7.41,7.41,0.0
0,scratch,foreground_rescue_10,56,0.00022552612493978745,0.588,0.588,0.3763487524986267,47,100.13389254780486,116.26629269612022,7.362666666666667,7.362666666666667,0.0
0,scratch,foreground_rescue_10,57,0.00021724490463424225,0.592,0.592,0.3629996894200643,47,99.26712409616448,115.87174071092159,7.388333333333334,7.388333333333334,0.0
0,scratch,foreground_rescue_10,58,0.00020900082603150905,0.603,0.603,0.3648300862312317,47,101.15674061211757,117.70906563079916,7.435666666666667,7.435666666666667,0.0
0,scratch,foreground_rescue_10,59,0.00020080309671659293,0.6130000000000001,0.613,0.35708405113220215,47,100.14191143587232,116.6162198339589,7.4455,7.4455,0.0
0,scratch,foreground_rescue_10,60,0.00019266087250825167,0.595,0.595,0.3568597884178162,46,100.24191580316983,116.6365976810921,7.3515,7.3515,0.0
0,scratch,foreground_rescue_10,61,0.00018458324723311413,0.6,0.6,0.3416298619111379,47,100.42037833295763,117.15510401199572,7.328833333333334,7.328833333333334,0.0
0,scratch,foreground_rescue_10,62,0.00017657924256903434,0.602,0.602,0.3405773597558339,47,99.55859015905298,116.23015902214684,7.389666666666667,7.389666666666667,0.0
0,scratch,foreground_rescue_10,63,0.00016865779796902748,0.6,0.6,0.33912737758954364,47,99.97621711296961,116.52890322217718,7.3725,7.3725,0.0
0,scratch,foreground_rescue_10,64,0.00016082776067704059,0.6070000000000001,0.607,0.3281574436823527,47,101.66196067584679,118.62345220893621,7.385,7.385,0.0
0,scratch,foreground_rescue_10,65,0.00015309787584670805,0.601,0.601,0.3286177942752838,47,99.95824910397641,116.30755295185372,7.3595,7.3595,0.0
0,scratch,foreground_rescue_10,66,0.00014547677677413047,0.6,0.6,0.317269704580307,47,100.3486987259239,116.72210201621056,7.365666666666667,7.365666666666667,0.0
0,scratch,foreground_rescue_10,67,0.00013797297525558255,0.609,0.609,0.3227371780872345,47,99.95401514996774,116.2781712829601,7.3975,7.3975,0.0
0,scratch,foreground_rescue_10,68,0.00013059485208092238,0.6040000000000001,0.604,0.3156441378593445,47,100.350875423057,117.21170744788833,7.382333333333333,7.382333333333333,0.0
0,scratch,foreground_rescue_10,69,0.00012335064767331658,0.62,0.62,0.3134140822092692,47,100.98052595416084,117.34326794417575,7.389166666666667,7.389166666666667,0.0
0,scratch,foreground_rescue_10,70,0.00011624845288573853,0.615,0.615,0.3116355355580648,47,100.97978157084435,117.74338132794946,7.3655,7.3655,0.0
0,scratch,foreground_rescue_10,71,0.00010929619996451647,0.607,0.607,0.30441763337453204,47,104.28089394397102,120.51159322704189,7.371333333333333,7.371333333333333,0.0
0,scratch,foreground_rescue_10,72,0.00010250165369002587,0.604,0.604,0.3080803977648417,47,101.07197425793856,117.6513058389537,7.392333333333333,7.392333333333333,0.0
0,scratch,foreground_rescue_10,73,9.587240270441893e-05,0.5959999999999999,0.596,0.30292602586746215,47,101.40060357702896,118.18835487100296,7.368,7.368,0.0
0,scratch,foreground_rescue_10,74,8.941585103607879e-05,0.602,0.602,0.30550498874982196,47,100.17581995995715,116.71551725198515,7.376333333333333,7.376333333333333,0.0
0,scratch,foreground_rescue_10,75,8.313920983026379e-05,0.6020000000000001,0.602,0.3038630010286967,47,99.7670297480654,125.24449783703312,7.378166666666667,7.378166666666667,0.0
0,scratch,foreground_rescue_10,76,7.704948929517675e-05,0.616,0.616,0.29678845405578613,47,99.76353726396337,116.49473136011511,7.409833333333333,7.409833333333333,0.0
0,scratch,foreground_rescue_10,77,7.115349087245667e-05,0.621,0.621,0.2981116182804108,47,99.74946914310567,116.19976585288532,7.392666666666667,7.392666666666667,0.0
0,scratch,foreground_rescue_10,78,6.545779964083458e-05,0.615,0.615,0.29453128878275553,47,100.89161842805333,117.38843707088381,7.375666666666667,7.375666666666667,0.0
0,scratch,foreground_rescue_10,79,5.996877696144067e-05,0.611,0.611,0.2932478281656901,47,99.6711814259179,115.8387746270746,7.3575,7.3575,0.0
0,scratch,foreground_rescue_10,80,5.4692553372974075e-05,0.605,0.605,0.2948308260440826,47,100.69765116390772,117.11332410387695,7.382333333333333,7.382333333333333,0.0
0,scratch,foreground_rescue_10,81,4.963502174467306e-05,0.6120000000000001,0.612,0.2917265102068583,47,100.47347178705968,116.78885526000522,7.394333333333333,7.394333333333333,0.0
0,scratch,foreground_rescue_10,82,4.480183069473086e-05,0.6039999999999999,0.604,0.2890527755419413,47,100.90870810602792,117.71321784099564,7.386666666666667,7.386666666666667,0.0
0,scratch,foreground_rescue_10,83,4.019837828150914e-05,0.616,0.616,0.2909289880593618,47,100.25792525219731,116.55614441912621,7.393,7.393,0.0
0,scratch,foreground_rescue_10,84,3.5829805974595276e-05,0.613,0.613,0.29249604694048564,47,99.87304761703126,116.70643518399447,7.410166666666667,7.410166666666667,0.0
0,scratch,foreground_rescue_10,85,3.1700992912435456e-05,0.6119999999999999,0.612,0.28876497848828636,47,101.01306089386344,117.69075616309419,7.411666666666667,7.411666666666667,0.0
0,scratch,foreground_rescue_10,86,2.781655045295966e-05,0.6140000000000001,0.614,0.28659171199798583,47,99.62064906395972,116.14411008893512,7.3755,7.3755,0.0
0,scratch,foreground_rescue_10,87,2.4180817023281995e-05,0.609,0.609,0.2877612093289693,47,99.956299274927,116.38736206293106,7.4,7.4,0.0
0,scratch,foreground_rescue_10,88,2.0797853274230994e-05,0.6150000000000001,0.615,0.28875906229019166,47,100.34337809798308,116.8955875269603,7.409666666666666,7.409666666666666,0.0
0,scratch,foreground_rescue_10,89,1.7671437545120165e-05,0.6090000000000001,0.609,0.28534185560544334,47,101.40090318699367,117.96412847586907,7.399166666666667,7.399166666666667,0.0
0,scratch,foreground_rescue_10,90,1.480506164382429e-05,0.6120000000000001,0.612,0.2861975591182709,47,100.54394833487459,116.9420823850669,7.411333333333333,7.411333333333333,0.0
0,scratch,foreground_rescue_10,91,1.220192694687535e-05,0.6110000000000001,0.611,0.28345155318578086,47,99.80384036200121,116.25446608196944,7.398333333333333,7.398333333333333,0.0
0,scratch,foreground_rescue_10,92,9.864940823933073e-06,0.6140000000000001,0.614,0.28523299789428713,47,101.63921447098255,118.2213570678141,7.426333333333333,7.426333333333333,0.0
0,scratch,foreground_rescue_10,93,7.796713390623254e-06,0.6130000000000001,0.613,0.2878715407848358,47,98.65325603401288,115.02094909409061,7.407333333333334,7.407333333333334,0.0
0,scratch,foreground_rescue_10,94,5.999554593371605e-06,0.612,0.612,0.28365656892458596,47,99.79337816312909,116.55167802795768,7.4158333333333335,7.4158333333333335,0.0
0,scratch,foreground_rescue_10,95,4.475471629487872e-06,0.6160000000000001,0.616,0.28446089299519856,47,103.77681524120271,119.95287854014896,7.4145,7.4145,0.0
0,scratch,foreground_rescue_10,96,3.2261667053823824e-06,0.615,0.615,0.283292107741038,47,99.62322937999852,116.1123585398309,7.407,7.407,0.0
0,scratch,foreground_rescue_10,97,2.253035135418218e-06,0.616,0.616,0.2855065659681956,47,100.23075841087848,116.84027464012615,7.3998333333333335,7.3998333333333335,0.0
0,scratch,foreground_rescue_10,98,1.5571637835232856e-06,0.615,0.615,0.28792581367492676,47,101.34358271793462,117.72657527192496,7.428333333333334,7.428333333333334,0.0
0,scratch,foreground_rescue_10,99,1.1393298493014743e-06,0.615,0.615,0.2800191175142924,47,102.38497436209582,118.83346578897908,7.402166666666667,7.402166666666667,0.0
0,scratch,foreground_rescue_10,100,1e-06,0.6170000000000001,0.617,0.28543498436609904,47,99.46086258091964,124.29912703903392,7.414333333333333,7.414333333333333,0.0
0,scratch,full,1,0.0001,0.258,0.258,1.8888600533803304,47,94.40642804000527,110.40021323389374,0.0,0.0,0.0
0,scratch,full,2,0.0002,0.32399999999999995,0.324,1.7821619466145833,47,94.04567322088405,110.12006575893611,0.0,0.0,0.0
0,scratch,full,3,0.00030000000000000003,0.356,0.356,1.7419211025238037,47,94.31971801491454,110.43751888698898,0.0,0.0,0.0
0,scratch,full,4,0.0004,0.363,0.363,1.6913265371322632,47,93.31470690388232,109.24842521897517,0.0,0.0,0.0
0,scratch,full,5,0.0005,0.402,0.402,1.6536124598185222,47,94.19874735595658,110.31660662288778,0.0,0.0,0.0
0,scratch,full,6,0.0005,0.421,0.421,1.5846129194895426,47,94.7580000818707,111.33184851310216,0.0,0.0,0.0
0,scratch,full,7,0.0004998606701506985,0.46499999999999997,0.465,1.5203158639272054,47,93.47432324895635,109.37654610699974,0.0,0.0,0.0
0,scratch,full,8,0.0004994428362164767,0.475,0.475,1.4560468737284342,47,94.28557274793275,110.15233475901186,0.0,0.0,0.0
0,scratch,full,9,0.0004987469648645818,0.47400000000000003,0.474,1.3873207836151122,47,94.01312378700823,110.19137441995554,0.0,0.0,0.0
0,scratch,full,10,0.0004977738332946176,0.507,0.507,1.3185987939834596,47,94.8608169760555,122.65031357109547,0.0,0.0,0.0
0,scratch,full,11,0.0004965245283705121,0.5409999999999999,0.541,1.284577197710673,47,93.23301029694267,109.18206861405633,0.0,0.0,0.0
0,scratch,full,12,0.0004950004454066284,0.558,0.558,1.2389271510442097,47,93.7289462769404,109.83689876808785,0.0,0.0,0.0
0,scratch,full,13,0.0004932032866093767,0.549,0.549,1.1910021155675252,47,94.7070552459918,110.70489573804662,0.0,0.0,0.0
0,scratch,full,14,0.000491135059176067,0.541,0.541,1.1783665412267048,47,94.38276877906173,110.33421870903112,0.0,0.0,0.0
0,scratch,full,15,0.0004887980730531247,0.563,0.563,1.1406072629292805,47,93.9639423401095,109.92141893599182,0.0,0.0,0.0
0,scratch,full,16,0.00048619493835617576,0.5660000000000001,0.566,1.0973039178848267,47,94.04088551318273,109.95726307597943,0.0,0.0,0.0
0,scratch,full,17,0.00048332856245487986,0.557,0.557,1.0670425583521526,47,94.2071647781413,109.99093359801918,0.0,0.0,0.0
0,scratch,full,18,0.000480202146725769,0.564,0.564,1.0354640148480734,47,94.69351677200757,110.6580735319294,0.0,0.0,0.0
0,scratch,full,19,0.00047681918297671805,0.572,0.572,1.029375714302063,47,93.4845125770662,109.55134802591056,0.0,0.0,0.0
0,scratch,full,20,0.0004731834495470404,0.5670000000000001,0.567,0.9821171199480693,47,93.58732508309186,109.39941865298897,0.0,0.0,0.0
0,scratch,full,21,0.00046929900708756454,0.582,0.582,0.9689058128992717,47,94.24582385807298,110.41975539107807,0.0,0.0,0.0
0,scratch,full,22,0.0004651701940254048,0.578,0.578,0.9423192742665609,47,94.32454982306808,110.37944727693684,0.0,0.0,0.0
0,scratch,full,23,0.00046080162171849087,0.563,0.563,0.9315367755889893,47,93.90675208391622,109.93134770495817,0.0,0.0,0.0
0,scratch,full,24,0.0004561981693052692,0.5609999999999999,0.561,0.8933225161234538,47,94.4848815719597,110.69185009016655,0.0,0.0,0.0
0,scratch,full,25,0.00045136497825532695,0.5609999999999999,0.561,0.8799064098993937,47,93.0503862767946,119.85049800784327,0.0,0.0,0.0
0,scratch,full,26,0.00044630744662702595,0.5920000000000001,0.592,0.8347668080329895,47,93.86123155313544,109.94762358278967,0.0,0.0,0.0
0,scratch,full,27,0.0004410312230385594,0.5750000000000001,0.575,0.8206548749605814,47,94.66564918495715,110.77127528889105,0.0,0.0,0.0
0,scratch,full,28,0.0004355422003591655,0.5880000000000001,0.588,0.7895607864061991,47,93.89082868397236,109.9447552380152,0.0,0.0,0.0
0,scratch,full,29,0.0004298465091275434,0.593,0.593,0.7700822914441426,47,95.18426263611764,111.79509426117875,0.0,0.0,0.0
0,scratch,full,30,0.0004239505107048233,0.566,0.566,0.7528880290985107,47,93.96810591802932,109.86669877287932,0.0,0.0,0.0
0,scratch,full,31,0.00041786079016973627,0.5740000000000001,0.574,0.7193919496536255,47,93.78462921897881,109.67506435397081,0.0,0.0,0.0
0,scratch,full,32,0.00041158414896392116,0.5690000000000001,0.569,0.6988057106335958,47,93.92780074011534,110.16576556302607,0.0,0.0,0.0
0,scratch,full,33,0.00040512759729558113,0.595,0.595,0.6763262898127238,47,93.48289212002419,109.65101942420006,0.0,0.0,0.0
0,scratch,full,34,0.00039849834630997414,0.5640000000000001,0.564,0.652194491704305,47,94.1397424149327,110.19018805515952,0.0,0.0,0.0
0,scratch,full,35,0.0003917038000354835,0.5489999999999999,0.549,0.6286951785087586,47,92.89711478282697,108.63537838682532,0.0,0.0,0.0
0,scratch,full,36,0.0003847515471142615,0.578,0.578,0.6247579243977864,47,93.45961531996727,109.29846738488413,0.0,0.0,0.0
0,scratch,full,37,0.00037764935232668343,0.583,0.583,0.5914044518470765,47,94.0229970139917,110.09410443296656,0.0,0.0,0.0
0,scratch,full,38,0.0003704051479190776,0.578,0.578,0.5688316807746887,47,95.3770491159521,111.23837723117322,0.0,0.0,0.0
0,scratch,full,39,0.00036302702474441743,0.579,0.579,0.5536887703736623,47,94.0079127161298,110.44837477011606,0.0,0.0,0.0
0,scratch,full,40,0.0003555232232258696,0.5820000000000001,0.582,0.5331402374903361,47,94.63622010196559,110.6977588259615,0.0,0.0,0.0
0,scratch,full,41,0.00034790212415329195,0.6,0.6,0.5112722452481587,47,93.97772065293975,110.73778404388577,0.0,0.0,0.0
0,scratch,full,42,0.0003401722393229594,0.5780000000000001,0.578,0.5021241466204326,47,95.0572638779413,111.06840961799026,0.0,0.0,0.0
0,scratch,full,43,0.0003323422020309725,0.583,0.583,0.49553886365890504,47,93.22032278589904,109.38893562508747,0.0,0.0,0.0
0,scratch,full,44,0.0003244207574309657,0.5780000000000001,0.578,0.47314959692955016,47,94.3515724958852,110.59475748706609,0.0,0.0,0.0
0,scratch,full,45,0.0003164167527668859,0.576,0.576,0.4618276937802633,47,94.44374405196868,110.34777219197713,0.0,0.0,0.0
0,scratch,full,46,0.0003083391274917483,0.579,0.579,0.4404298955599467,47,94.82810540497303,111.41703173797578,0.0,0.0,0.0
0,scratch,full,47,0.0003001969032834071,0.578,0.578,0.43709555371602377,47,93.49037382006645,109.67669883696362,0.0,0.0,0.0
0,scratch,full,48,0.00029199917396849096,0.5850000000000001,0.585,0.4234658889770508,47,93.61661718110554,109.94214178016409,0.0,0.0,0.0
0,scratch,full,49,0.0002837550953657579,0.5800000000000001,0.58,0.41241544087727866,47,93.871142096119,110.16543283802457,0.0,0.0,0.0
0,scratch,full,50,0.0002754738750602126,0.587,0.587,0.39658397912979126,47,93.32541228202172,117.28437963384204,0.0,0.0,0.0
0,scratch,full,51,0.00026716476211940786,0.6040000000000001,0.604,0.409206368525823,47,95.14020832697861,111.49679056997411,0.0,0.0,0.0
0,scratch,full,52,0.00025883703676341484,0.572,0.572,0.3689515287081401,47,94.67592913703993,110.93872380419634,0.0,0.0,0.0
0,scratch,full,53,0.0002505,0.5820000000000001,0.582,0.3814617949326833,47,94.98107034689747,111.30384279205464,0.0,0.0,0.0
0,scratch,full,54,0.00024216296323658525,0.5820000000000001,0.582,0.3550957666238149,47,95.44675984419882,111.63561745081097,0.0,0.0,0.0
0,scratch,full,55,0.00023383523788059215,0.575,0.575,0.3615680505434672,47,95.46910331584513,111.8695950768888,0.0,0.0,0.0
0,scratch,full,56,0.00022552612493978745,0.585,0.585,0.34403382110595704,47,95.27049341797829,111.41847710800357,0.0,0.0,0.0
0,scratch,full,57,0.00021724490463424225,0.5830000000000001,0.583,0.3443210272789001,47,94.25332334102131,110.96750377491117,0.0,0.0,0.0
0,scratch,full,58,0.00020900082603150905,0.588,0.588,0.34850768113136293,47,93.7309259348549,109.74215800594538,0.0,0.0,0.0
0,scratch,full,59,0.00020080309671659293,0.58,0.58,0.3208057073752085,47,94.11870869086124,110.1839044620283,0.0,0.0,0.0
0,scratch,full,60,0.00019266087250825167,0.5820000000000001,0.582,0.3175485084851583,47,94.34236824000254,110.35640755086206,0.0,0.0,0.0
0,scratch,full,61,0.00018458324723311413,0.5920000000000001,0.592,0.3166438289483388,47,93.71697595901787,109.60670820297673,0.0,0.0,0.0
0,scratch,full,62,0.00017657924256903434,0.5860000000000001,0.586,0.31616124176979066,47,93.60577831906267,109.67922530719079,0.0,0.0,0.0
0,scratch,full,63,0.00016865779796902748,0.582,0.582,0.3088403258323669,47,94.40251012402587,110.3464000930544,0.0,0.0,0.0
0,scratch,full,64,0.00016082776067704059,0.5920000000000001,0.592,0.3053993178208669,47,94.7814557228703,110.95701038697734,0.0,0.0,0.0
0,scratch,full,65,0.00015309787584670805,0.5760000000000001,0.576,0.30265070565541585,47,94.04311228590086,110.92746887495741,0.0,0.0,0.0
0,scratch,full,66,0.00014547677677413047,0.5810000000000001,0.581,0.29509488328297934,47,94.60681940498762,111.27949247602373,0.0,0.0,0.0
0,scratch,full,67,0.00013797297525558255,0.5780000000000001,0.578,0.30230755837758383,47,95.07041206420399,111.17077534389682,0.0,0.0,0.0
0,scratch,full,68,0.00013059485208092238,0.5980000000000001,0.598,0.2957804826895396,47,94.07113685901277,110.20381070603617,0.0,0.0,0.0
0,scratch,full,69,0.00012335064767331658,0.5880000000000001,0.588,0.288445609331131,47,94.70533433090895,110.66659958194941,0.0,0.0,0.0
0,scratch,full,70,0.00011624845288573853,0.583,0.583,0.29019544355074567,47,94.69151346711442,110.77577253989875,0.0,0.0,0.0
0,scratch,full,71,0.00010929619996451647,0.5860000000000001,0.586,0.27895560455322266,47,95.07646196801215,111.46614837204106,0.0,0.0,0.0
0,scratch,full,72,0.00010250165369002587,0.574,0.574,0.2778572940826416,47,94.85540240909904,110.8379847810138,0.0,0.0,0.0
0,scratch,full,73,9.587240270441893e-05,0.58,0.58,0.27897843742370604,47,95.24176664603874,111.4483855178114,0.0,0.0,0.0
0,scratch,full,74,8.941585103607879e-05,0.579,0.579,0.2744279001553853,47,94.66815722803585,110.92227098578587,0.0,0.0,0.0
0,scratch,full,75,8.313920983026379e-05,0.588,0.588,0.27456305782000223,47,96.24090229091235,119.70122359506786,0.0,0.0,0.0
0,scratch,full,76,7.704948929517675e-05,0.5970000000000001,0.597,0.2707566998799642,47,94.15117882099003,110.09257726790383,0.0,0.0,0.0
0,scratch,full,77,7.115349087245667e-05,0.6020000000000001,0.602,0.27244151147206624,47,94.85301921702921,111.43253383785486,0.0,0.0,0.0
0,scratch,full,78,6.545779964083458e-05,0.591,0.591,0.2697139458656311,47,95.22838428406976,111.36637549800798,0.0,0.0,0.0
0,scratch,full,79,5.996877696144067e-05,0.586,0.586,0.26822130982081094,47,95.08585981000215,111.77077671210282,0.0,0.0,0.0
0,scratch,full,80,5.4692553372974075e-05,0.5940000000000001,0.594,0.26466419084866843,47,94.95659772004001,111.28690584003925,0.0,0.0,0.0
0,scratch,full,81,4.963502174467306e-05,0.583,0.583,0.26398381606737775,47,93.93605117686093,110.18026696005836,0.0,0.0,0.0
0,scratch,full,82,4.480183069473086e-05,0.585,0.585,0.2649483879407247,47,94.73841673089191,110.73897937103175,0.0,0.0,0.0
0,scratch,full,83,4.019837828150914e-05,0.5919999999999999,0.592,0.2599707562128703,47,93.79676268296316,109.87647477304563,0.0,0.0,0.0
0,scratch,full,84,3.5829805974595276e-05,0.579,0.579,0.26331351526578267,47,94.76715970993973,110.8529144229833,0.0,0.0,0.0
0,scratch,full,85,3.1700992912435456e-05,0.5790000000000001,0.579,0.26272438009579974,47,94.04357131407596,109.98613487603143,0.0,0.0,0.0
0,scratch,full,86,2.781655045295966e-05,0.584,0.584,0.26131809655825294,47,93.35241135000251,109.44219676312059,0.0,0.0,0.0
0,scratch,full,87,2.4180817023281995e-05,0.595,0.595,0.2620164957841237,47,94.81033122888766,111.37299657496624,0.0,0.0,0.0
0,scratch,full,88,2.0797853274230994e-05,0.597,0.597,0.2607390429973602,46,94.4950158179272,110.93308038590476,0.0,0.0,0.0
0,scratch,full,89,1.7671437545120165e-05,0.5790000000000001,0.579,0.25986051885286965,47,94.40820966102183,110.31557332281955,0.0,0.0,0.0
0,scratch,full,90,1.480506164382429e-05,0.586,0.586,0.2603765195210775,47,94.3382600999903,110.25521084899083,0.0,0.0,0.0
0,scratch,full,91,1.220192694687535e-05,0.595,0.595,0.26296024640401205,47,94.3381733710412,110.38911503716372,0.0,0.0,0.0
0,scratch,full,92,9.864940823933073e-06,0.587,0.587,0.26190593353907266,47,94.67770331702195,111.12488250504248,0.0,0.0,0.0
0,scratch,full,93,7.796713390623254e-06,0.585,0.585,0.26432742905616763,47,94.37264108005911,110.65952163795009,0.0,0.0,0.0
0,scratch,full,94,5.999554593371605e-06,0.5890000000000001,0.589,0.26004906113942466,47,94.86806326312944,111.01716711185873,0.0,0.0,0.0
0,scratch,full,95,4.475471629487872e-06,0.5879999999999999,0.588,0.25987053592999776,47,94.22752169310115,109.96193352807313,0.0,0.0,0.0
0,scratch,full,96,3.2261667053823824e-06,0.5890000000000001,0.589,0.26058438618977864,47,93.9226079210639,109.87954730121419,0.0,0.0,0.0
0,scratch,full,97,2.253035135418218e-06,0.591,0.591,0.25873189918200173,47,94.61525886505842,110.992102191085,0.0,0.0,0.0
0,scratch,full,98,1.5571637835232856e-06,0.5890000000000001,0.589,0.26106741253534954,47,94.65885329502635,110.64015753590502,0.0,0.0,0.0
0,scratch,full,99,1.1393298493014743e-06,0.5890000000000001,0.589,0.2610583265622457,47,94.08604818000458,110.26407808903605,0.0,0.0,0.0
0,scratch,full,100,1e-06,0.5890000000000001,0.589,0.2587793687184652,47,94.49802313605323,120.06463222485036,0.0,0.0,0.0
0,scratch,low_score_rescue_10,1,0.0001,0.257,0.257,1.8578108097712198,47,103.38312638201751,120.78594089997932,10.0,1.6675,1.7215
0,scratch,low_score_rescue_10,2,0.0002,0.327,0.327,1.7547773367563884,47,98.28361110202968,114.91371312085539,10.0,1.7411666666666668,1.7245
0,scratch,low_score_rescue_10,3,0.00030000000000000003,0.394,0.394,1.7094464848836264,47,97.75209410279058,114.07020957884379,10.0,1.6631666666666667,1.7571666666666668
0,scratch,low_score_rescue_10,4,0.0004,0.381,0.381,1.654236853281657,47,99.82123410794884,116.24128420604393,10.0,1.8635,1.777
0,scratch,low_score_rescue_10,5,0.0005,0.373,0.373,1.6047703844706218,47,98.2839889570605,114.40434849704616,10.0,1.9638333333333333,1.7291666666666667
0,scratch,low_score_rescue_10,6,0.0005,0.442,0.442,1.5359212811787923,47,97.88811913388781,114.19332535006106,10.0,1.9761666666666666,1.6326666666666667
0,scratch,low_score_rescue_10,7,0.0004998606701506985,0.46799999999999997,0.468,1.4538578872680663,47,97.74562754901126,114.0912349219434,10.0,1.9535,1.6198333333333332
0,scratch,low_score_rescue_10,8,0.0004994428362164767,0.483,0.483,1.4137945868174235,47,98.51788152288646,115.01865571504459,10.0,1.9906666666666666,1.5268333333333333
0,scratch,low_score_rescue_10,9,0.0004987469648645818,0.532,0.532,1.3301100800832113,47,98.353046777891,114.92118540103547,10.0,1.8785,1.6248333333333334
0,scratch,low_score_rescue_10,10,0.0004977738332946176,0.484,0.484,1.2752807032267253,47,99.30991829792038,125.03567224508151,10.0,1.8535,1.662
0,scratch,low_score_rescue_10,11,0.0004965245283705121,0.49799999999999994,0.498,1.2519340686798095,47,99.06724321097136,116.14253325690515,10.0,1.8173333333333332,1.6365
0,scratch,low_score_rescue_10,12,0.0004950004454066284,0.545,0.545,1.2240485684076945,47,97.62900726101361,113.88330902601592,10.0,1.7506666666666666,1.664
0,scratch,low_score_rescue_10,13,0.0004932032866093767,0.5449999999999999,0.545,1.1645787340799967,47,98.27700892207213,114.48724860115908,10.0,1.9181666666666666,1.5865
0,scratch,low_score_rescue_10,14,0.000491135059176067,0.529,0.529,1.145454408009847,47,97.88927835412323,114.35075201187283,10.0,1.7896666666666667,1.5516666666666667
0,scratch,low_score_rescue_10,15,0.0004887980730531247,0.5549999999999999,0.555,1.1036722869873048,47,98.10189007921144,114.38623409694992,10.0,1.7911666666666666,1.5961666666666667
0,scratch,low_score_rescue_10,16,0.00048619493835617576,0.531,0.531,1.0917092390060426,47,97.98086564010009,114.65573461493477,10.0,1.8878333333333333,1.5768333333333333
0,scratch,low_score_rescue_10,17,0.00048332856245487986,0.5690000000000001,0.569,1.050152542114258,47,97.54003170900978,113.88244370697066,10.0,1.846,1.5533333333333332
0,scratch,low_score_rescue_10,18,0.000480202146725769,0.575,0.575,1.0292881828943887,47,98.3457295501139,114.87867251993157,10.0,1.9058333333333333,1.5501666666666667
0,scratch,low_score_rescue_10,19,0.00047681918297671805,0.553,0.553,1.0104662348429363,47,98.50352860591374,114.84406490717083,10.0,1.9505,1.496
0,scratch,low_score_rescue_10,20,0.0004731834495470404,0.5579999999999999,0.558,0.9930831336975098,47,96.35253101098351,112.3237862130627,10.0,1.9525,1.4873333333333334
0,scratch,low_score_rescue_10,21,0.00046929900708756454,0.578,0.578,0.9577717523574829,47,97.76557248784229,114.03865140210837,10.0,1.8755,1.5111666666666668
0,scratch,low_score_rescue_10,22,0.0004651701940254048,0.565,0.565,0.9505430202484131,47,99.19102518307045,115.50656325905584,10.0,1.9305,1.5111666666666668
0,scratch,low_score_rescue_10,23,0.00046080162171849087,0.562,0.562,0.9340377499262492,47,97.9706431501545,114.14067064598203,10.0,1.9418333333333333,1.5221666666666667
0,scratch,low_score_rescue_10,24,0.0004561981693052692,0.5750000000000001,0.575,0.8992986005147298,47,98.61626989510842,114.94954108307138,10.0,1.9268333333333334,1.524
0,scratch,low_score_rescue_10,25,0.00045136497825532695,0.5650000000000001,0.565,0.8658700138727824,47,99.31322409491986,123.78425892209634,10.0,1.927,1.5521666666666667
0,scratch,low_score_rescue_10,26,0.00044630744662702595,0.603,0.603,0.8648443714777628,47,98.07065768889152,114.38412356190383,10.0,1.8708333333333333,1.562
0,scratch,low_score_rescue_10,27,0.0004410312230385594,0.593,0.593,0.8341478686332703,47,98.33837049710564,114.39397637499496,10.0,1.8405,1.5483333333333333
0,scratch,low_score_rescue_10,28,0.0004355422003591655,0.5900000000000001,0.59,0.8067929897308349,47,97.56799370399676,113.87034248909913,10.0,1.902,1.5421666666666667
0,scratch,low_score_rescue_10,29,0.0004298465091275434,0.584,0.584,0.7935939388275146,47,97.85553271812387,114.13050131709315,10.0,1.9513333333333334,1.53
0,scratch,low_score_rescue_10,30,0.0004239505107048233,0.5770000000000001,0.577,0.7642949973742167,47,98.7245695029851,115.42480025300756,10.0,1.8866666666666667,1.5385
0,scratch,low_score_rescue_10,31,0.00041786079016973627,0.593,0.593,0.7556461165746053,47,99.84653084399179,116.6026755310595,10.0,1.8761666666666668,1.5438333333333334
0,scratch,low_score_rescue_10,32,0.00041158414896392116,0.5810000000000001,0.581,0.7315741082827251,47,97.36678086803295,114.15956204105169,10.0,1.9018333333333333,1.5123333333333333
0,scratch,low_score_rescue_10,33,0.00040512759729558113,0.5840000000000001,0.584,0.7138404479026794,47,99.14220037381165,115.3979874998331,10.0,1.8268333333333333,1.4876666666666667
0,scratch,low_score_rescue_10,34,0.00039849834630997414,0.58,0.58,0.6913193645477295,47,98.11509500397369,114.25403157901019,10.0,1.828,1.527
0,scratch,low_score_rescue_10,35,0.0003917038000354835,0.5820000000000001,0.582,0.6828608527183533,47,98.90902160201222,115.66260800207965,10.0,1.8758333333333332,1.5431666666666666
0,scratch,low_score_rescue_10,36,0.0003847515471142615,0.594,0.594,0.6544978195826212,47,98.03683619410731,114.44333324301988,10.0,1.8836666666666666,1.5266666666666666
0,scratch,low_score_rescue_10,37,0.00037764935232668343,0.595,0.595,0.6239277518590292,47,99.17219423409551,115.49894509511068,10.0,1.8801666666666668,1.5611666666666666
0,scratch,low_score_rescue_10,38,0.0003704051479190776,0.5860000000000001,0.586,0.6100487200419108,47,97.45524137699977,114.19464259501547,10.0,1.8593333333333333,1.5565
0,scratch,low_score_rescue_10,39,0.00036302702474441743,0.59,0.59,0.5995915137926737,47,99.73823972698301,116.56652289512567,10.0,1.8005,1.5401666666666667
0,scratch,low_score_rescue_10,40,0.0003555232232258696,0.5980000000000001,0.598,0.5859490025043488,47,98.52886847406626,114.93373527796939,10.0,1.8406666666666667,1.5156666666666667
0,scratch,low_score_rescue_10,41,0.00034790212415329195,0.5970000000000001,0.597,0.5676000334421794,47,98.17186022084206,114.4517474360764,10.0,1.8328333333333333,1.5443333333333333
0,scratch,low_score_rescue_10,42,0.0003401722393229594,0.615,0.615,0.5450018583933512,47,97.74721774598584,114.71874159411527,10.0,1.8786666666666667,1.5385
0,scratch,low_score_rescue_10,43,0.0003323422020309725,0.607,0.607,0.5360911332766215,47,98.34520528907888,114.83114098384976,10.0,1.859,1.5121666666666667
0,scratch,low_score_rescue_10,44,0.0003244207574309657,0.583,0.583,0.5304220552444459,47,97.75258172489703,114.0601716809906,10.0,1.8413333333333333,1.5208333333333333
0,scratch,low_score_rescue_10,45,0.0003164167527668859,0.5820000000000001,0.582,0.5312618263562521,47,98.74564171093516,115.05154752894305,10.0,1.8285,1.532
0,scratch,low_score_rescue_10,46,0.0003083391274917483,0.591,0.591,0.5008516240914662,47,98.01030715578236,114.20455536595546,10.0,1.841,1.5106666666666666
0,scratch,low_score_rescue_10,47,0.0003001969032834071,0.6020000000000001,0.602,0.490373310248057,47,97.69573797704652,113.80452628689818,10.0,1.8811666666666667,1.5173333333333334
0,scratch,low_score_rescue_10,48,0.00029199917396849096,0.592,0.592,0.47199821440378825,47,98.60894309799187,115.12643400905654,10.0,1.83,1.5213333333333334
0,scratch,low_score_rescue_10,49,0.0002837550953657579,0.5880000000000001,0.588,0.4661266246636709,47,98.66380060696974,115.07687236997299,10.0,1.8431666666666666,1.5298333333333334
0,scratch,low_score_rescue_10,50,0.0002754738750602126,0.5890000000000001,0.589,0.45475438245137534,47,99.28340171603486,123.256452947855,10.0,1.8355,1.5286666666666666
0,scratch,low_score_rescue_10,51,0.00026716476211940786,0.591,0.591,0.4408412677447001,47,100.16512842802331,116.94709030305967,10.0,1.8583333333333334,1.5378333333333334
0,scratch,low_score_rescue_10,52,0.00025883703676341484,0.596,0.596,0.43442623607317604,47,99.30243424000219,116.09313032194041,10.0,1.8141666666666667,1.5291666666666666
0,scratch,low_score_rescue_10,53,0.0002505,0.5940000000000001,0.594,0.43895284509658816,47,99.98793608509004,116.8547814229969,10.0,1.8441666666666667,1.524
0,scratch,low_score_rescue_10,54,0.00024216296323658525,0.592,0.592,0.42736456950505575,47,99.16459698812105,115.68853649287485,10.0,1.8478333333333334,1.5136666666666667
0,scratch,low_score_rescue_10,55,0.00023383523788059215,0.6000000000000001,0.6,0.42100936381022136,47,98.71490467805415,115.16822618502192,10.0,1.8461666666666667,1.509
0,scratch,low_score_rescue_10,56,0.00022552612493978745,0.591,0.591,0.41005052216847737,47,97.59512480790727,114.43020113813691,10.0,1.8241666666666667,1.5295
0,scratch,low_score_rescue_10,57,0.00021724490463424225,0.598,0.598,0.40442608467737834,47,98.37855235184543,114.96397775015794,10.0,1.8245,1.5486666666666666
0,scratch,low_score_rescue_10,58,0.00020900082603150905,0.589,0.589,0.397584578593572,47,98.73061947990209,115.56904820306227,10.0,1.7971666666666666,1.5253333333333334
0,scratch,low_score_rescue_10,59,0.00020080309671659293,0.599,0.599,0.38889511092503865,47,99.67414787388407,116.05978748388588,10.0,1.8166666666666667,1.5316666666666667
0,scratch,low_score_rescue_10,60,0.00019266087250825167,0.587,0.587,0.3844377698898315,47,98.93075604899786,115.20810823515058,10.0,1.8161666666666667,1.5456666666666667
0,scratch,low_score_rescue_10,61,0.00018458324723311413,0.6010000000000001,0.601,0.3866074262460073,47,99.2658791190479,115.98967078397982,10.0,1.8536666666666666,1.5408333333333333
0,scratch,low_score_rescue_10,62,0.00017657924256903434,0.5880000000000001,0.588,0.38057248369852703,47,98.41574402106926,114.77974865189753,10.0,1.823,1.5318333333333334
0,scratch,low_score_rescue_10,63,0.00016865779796902748,0.6039999999999999,0.604,0.3710047217210134,47,99.96811440493912,116.21429310180247,10.0,1.8285,1.5038333333333334
0,scratch,low_score_rescue_10,64,0.00016082776067704059,0.5960000000000001,0.596,0.36743982299168904,47,98.35712413210422,115.13229108811356,10.0,1.8455,1.5308333333333333
0,scratch,low_score_rescue_10,65,0.00015309787584670805,0.5970000000000001,0.597,0.3597267251809438,47,98.38686537183821,114.95590810198337,10.0,1.8396666666666666,1.5316666666666667
0,scratch,low_score_rescue_10,66,0.00014547677677413047,0.5980000000000001,0.598,0.35477037652333576,47,98.2747296099551,114.69470996083692,10.0,1.8571666666666666,1.5568333333333333
0,scratch,low_score_rescue_10,67,0.00013797297525558255,0.591,0.591,0.35901312947273256,46,99.44652493298054,115.89552419399843,10.0,1.8863333333333334,1.5455
0,scratch,low_score_rescue_10,68,0.00013059485208092238,0.602,0.602,0.34895180265108744,47,98.6275174699258,114.98109607305378,10.0,1.8116666666666668,1.546
0,scratch,low_score_rescue_10,69,0.00012335064767331658,0.5900000000000001,0.59,0.3437743128140767,47,99.07534898119047,115.74571930593811,10.0,1.8251666666666666,1.5556666666666668
0,scratch,low_score_rescue_10,70,0.00011624845288573853,0.6140000000000001,0.614,0.3480341022809347,47,99.9653337940108,116.56532412301749,10.0,1.8443333333333334,1.5421666666666667
0,scratch,low_score_rescue_10,71,0.00010929619996451647,0.604,0.604,0.34741053851445514,47,99.04820270091295,115.39848638093099,10.0,1.8253333333333333,1.5451666666666666
0,scratch,low_score_rescue_10,72,0.00010250165369002587,0.6039999999999999,0.604,0.3443787745634715,47,102.26493110787123,118.54497497389093,10.0,1.8188333333333333,1.5468333333333333
0,scratch,low_score_rescue_10,73,9.587240270441893e-05,0.587,0.587,0.3363274242083232,47,98.64086252194829,114.97213226882741,10.0,1.8356666666666666,1.5445
0,scratch,low_score_rescue_10,74,8.941585103607879e-05,0.6060000000000001,0.606,0.33659674660364786,47,99.04946300503798,115.46213014586829,10.0,1.8085,1.5193333333333334
0,scratch,low_score_rescue_10,75,8.313920983026379e-05,0.607,0.607,0.33344142071406047,47,98.7681194820907,122.93943809112534,10.0,1.8176666666666668,1.5266666666666666
0,scratch,low_score_rescue_10,76,7.704948929517675e-05,0.6050000000000001,0.605,0.32856270694732664,47,98.31992815202102,114.57510774210095,10.0,1.8523333333333334,1.5413333333333334
0,scratch,low_score_rescue_10,77,7.115349087245667e-05,0.6090000000000001,0.609,0.32937826959292094,47,98.44478313880973,114.77337745693512,10.0,1.8283333333333334,1.5206666666666666
0,scratch,low_score_rescue_10,78,6.545779964083458e-05,0.6040000000000001,0.604,0.32464645584424334,47,99.76888352795504,116.53676777915098,10.0,1.8338333333333334,1.5573333333333332
0,scratch,low_score_rescue_10,79,5.996877696144067e-05,0.595,0.595,0.32543489535649617,47,98.6915636069607,115.1733594769612,10.0,1.8543333333333334,1.5431666666666666
0,scratch,low_score_rescue_10,80,5.4692553372974075e-05,0.6069999999999999,0.607,0.322185031970342,47,98.42683106288314,115.30531076807529,10.0,1.8555,1.5271666666666666
0,scratch,low_score_rescue_10,81,4.963502174467306e-05,0.611,0.611,0.3309265012741089,47,98.2994154850021,114.58778092986904,10.0,1.8833333333333333,1.5328333333333333
0,scratch,low_score_rescue_10,82,4.480183069473086e-05,0.6050000000000001,0.605,0.3235057010650635,47,98.74699791893363,115.3694661790505,10.0,1.8516666666666666,1.5345
0,scratch,low_score_rescue_10,83,4.019837828150914e-05,0.6120000000000001,0.612,0.3254653862317403,47,99.01520414883271,115.4522592658177,10.0,1.882,1.5305
0,scratch,low_score_rescue_10,84,3.5829805974595276e-05,0.612,0.612,0.32163925011952715,47,99.02894160989672,115.53739685798064,10.0,1.8781666666666668,1.5226666666666666
0,scratch,low_score_rescue_10,85,3.1700992912435456e-05,0.604,0.604,0.32447150349617004,47,99.32583676907234,115.89798595709726,10.0,1.8823333333333334,1.5325
0,scratch,low_score_rescue_10,86,2.781655045295966e-05,0.612,0.612,0.32718510778745014,47,99.27111092302948,115.65097761317156,10.0,1.8591666666666666,1.5325
0,scratch,low_score_rescue_10,87,2.4180817023281995e-05,0.6170000000000001,0.617,0.3218252564271291,47,98.26273941993713,114.64162193494849,10.0,1.8648333333333333,1.5016666666666667
0,scratch,low_score_rescue_10,88,2.0797853274230994e-05,0.6199999999999999,0.62,0.3211577846209208,47,98.28966786782257,114.55092737008817,10.0,1.8558333333333332,1.5146666666666666
0,scratch,low_score_rescue_10,89,1.7671437545120165e-05,0.619,0.619,0.31991604129473367,47,98.82518563093618,115.15182662615553,10.0,1.8505,1.5185
0,scratch,low_score_rescue_10,90,1.480506164382429e-05,0.622,0.622,0.320420546690623,47,99.41172926104628,116.0491890728008,10.0,1.8698333333333332,1.5155
0,scratch,low_score_rescue_10,91,1.220192694687535e-05,0.628,0.628,0.321264976978302,47,98.67702586390078,115.19386889901944,10.0,1.864,1.4951666666666668
0,scratch,low_score_rescue_10,92,9.864940823933073e-06,0.623,0.623,0.3128774388631185,47,98.27945252507925,114.91802175994962,10.0,1.8628333333333333,1.525
0,scratch,low_score_rescue_10,93,7.796713390623254e-06,0.615,0.615,0.31703807663917544,47,98.96783139603212,115.36741523584351,10.0,1.8563333333333334,1.5165
0,scratch,low_score_rescue_10,94,5.999554593371605e-06,0.6200000000000001,0.62,0.31676407567660014,47,98.57478202297352,115.13390986109152,10.0,1.8658333333333332,1.5286666666666666
0,scratch,low_score_rescue_10,95,4.475471629487872e-06,0.6180000000000001,0.618,0.32018046855926513,47,99.1790730881039,115.49074371997267,10.0,1.8501666666666667,1.5115
0,scratch,low_score_rescue_10,96,3.2261667053823824e-06,0.617,0.617,0.3182074383099874,47,99.98603804199956,116.50212778104469,10.0,1.8465,1.5233333333333334
0,scratch,low_score_rescue_10,97,2.253035135418218e-06,0.615,0.615,0.3165750022729238,47,99.72010677587241,115.82791278790683,10.0,1.8645,1.5371666666666666
0,scratch,low_score_rescue_10,98,1.5571637835232856e-06,0.618,0.618,0.3178527506192525,47,98.43974083894864,114.93559292703867,10.0,1.8641666666666667,1.503
0,scratch,low_score_rescue_10,99,1.1393298493014743e-06,0.618,0.618,0.3221300052801768,47,98.54769276897423,114.95960090612061,10.0,1.8743333333333334,1.523
0,scratch,low_score_rescue_10,100,1e-06,0.6170000000000001,0.617,0.32190517552693687,47,98.61540685221553,123.15302646486089,10.0,1.8631666666666666,1.5196666666666667
0,scratch,random,1,0.0001,0.262,0.262,1.8658661212921142,47,95.07642954890616,111.24900974682532,0.0,8.044,9.296666666666667
0,scratch,random,2,0.0002,0.32100000000000006,0.321,1.7631582647959392,47,98.20611826493405,115.12563727679662,0.0,8.729,8.774666666666667
0,scratch,random,3,0.00030000000000000003,0.32099999999999995,0.321,1.7263371473948161,47,93.12935388716869,109.43611201597378,0.0,8.788166666666667,8.701166666666667
0,scratch,random,4,0.0004,0.33899999999999997,0.339,1.6842653239568075,47,93.85527693293989,110.03088538302109,0.0,9.528333333333334,7.955166666666667
0,scratch,random,5,0.0005,0.374,0.374,1.63529017384847,47,93.97464776597917,110.23839737195522,0.0,9.833666666666666,7.553333333333334
0,scratch,random,6,0.0005,0.345,0.345,1.5689375737508138,47,92.93641769699752,109.13788668904454,0.0,8.863666666666667,8.609666666666667
0,scratch,random,7,0.0004998606701506985,0.4450000000000001,0.445,1.5091250960032145,47,93.3310585890431,109.66058830590919,0.0,8.940333333333333,8.528666666666666
0,scratch,random,8,0.0004994428362164767,0.434,0.434,1.4525916283925375,47,94.54423751099966,110.60374883399345,0.0,8.7585,8.7785
0,scratch,random,9,0.0004987469648645818,0.47800000000000004,0.478,1.384730684598287,47,93.21931780991144,109.39919706084765,0.0,8.250833333333333,9.1755
0,scratch,random,10,0.0004977738332946176,0.53,0.53,1.3143998641967773,47,94.51601794501767,122.80486960010603,0.0,8.7225,8.704666666666666
0,scratch,random,11,0.0004965245283705121,0.497,0.497,1.2715853366851806,47,94.21825362998061,110.18099947203882,0.0,9.179666666666666,8.295
0,scratch,random,12,0.0004950004454066284,0.541,0.541,1.2370466391245525,47,93.53307676385157,110.12137945415452,0.0,9.017666666666667,8.411333333333333
0,scratch,random,13,0.0004932032866093767,0.541,0.541,1.2077395839691163,47,93.628000237979,109.53016682318412,0.0,8.519666666666666,8.890166666666667
0,scratch,random,14,0.000491135059176067,0.5349999999999999,0.535,1.1621054519017537,47,92.97971490491182,109.22174376319163,0.0,8.754333333333333,8.641
0,scratch,random,15,0.0004887980730531247,0.5509999999999999,0.551,1.1236467197736104,47,93.4769923761487,110.0685408199206,0.0,8.758166666666666,8.715333333333334
0,scratch,random,16,0.00048619493835617576,0.582,0.582,1.1021965322494507,47,94.61606619181111,110.93356992816553,0.0,9.1135,8.339166666666667
0,scratch,random,17,0.00048332856245487986,0.562,0.562,1.062421095530192,47,93.52990229194984,109.65129072917625,0.0,9.188,8.225666666666667
0,scratch,random,18,0.000480202146725769,0.5619999999999999,0.562,1.0366625398000082,47,93.40664192009717,109.60452794702724,0.0,9.355166666666667,8.021833333333333
0,scratch,random,19,0.00047681918297671805,0.5630000000000001,0.563,1.025705619017283,47,93.19219559500925,109.31034464598633,0.0,9.3235,8.110666666666667
0,scratch,random,20,0.0004731834495470404,0.576,0.576,0.9831045440038045,47,92.69173023989424,108.98854159400798,0.0,9.402166666666666,8.065833333333334
0,scratch,random,21,0.00046929900708756454,0.5660000000000001,0.566,0.9843337341944377,47,93.70067671104334,109.94729375792667,0.0,9.407166666666667,8.0095
0,scratch,random,22,0.0004651701940254048,0.568,0.568,0.9319070665041606,47,93.95835050800815,110.1190247440245,0.0,9.342833333333333,8.122333333333334
0,scratch,random,23,0.00046080162171849087,0.592,0.592,0.9269625012079875,47,93.15724871400744,109.42240809486248,0.0,9.425333333333333,8.0495
0,scratch,random,24,0.0004561981693052692,0.5940000000000001,0.594,0.8983577966690064,47,92.91307267313823,109.02965086512268,0.0,9.269833333333333,8.176833333333333
0,scratch,random,25,0.00045136497825532695,0.583,0.583,0.8624593745867412,47,93.56359505094588,120.63070694007911,0.0,9.0815,8.3695
0,scratch,random,26,0.00044630744662702595,0.579,0.579,0.8432712586720784,47,93.28447495703585,109.39223929611035,0.0,8.909,8.492666666666667
0,scratch,random,27,0.0004410312230385594,0.571,0.571,0.8200887484550476,47,94.0044452950824,109.97661746502854,0.0,9.105666666666666,8.359833333333333
0,scratch,random,28,0.0004355422003591655,0.5819999999999999,0.582,0.8049539388020833,47,93.29290510411374,109.2343761799857,0.0,9.354166666666666,8.1035
0,scratch,random,29,0.0004298465091275434,0.59,0.59,0.7765394692420959,47,92.86830663098954,109.02973077399656,0.0,9.034833333333333,8.449833333333334
0,scratch,random,30,0.0004239505107048233,0.5839999999999999,0.584,0.7440460472106933,47,93.64145116694272,110.09776746993884,0.0,9.293,8.160666666666666
0,scratch,random,31,0.00041786079016973627,0.5910000000000001,0.591,0.7339182111422221,47,93.76711533404887,110.0254506811034,0.0,9.086833333333333,8.303666666666667
0,scratch,random,32,0.00041158414896392116,0.5730000000000001,0.573,0.7035657226244608,47,93.2652415370103,109.41870611184277,0.0,9.187833333333334,8.268833333333333
0,scratch,random,33,0.00040512759729558113,0.5879999999999999,0.588,0.6925942125320435,47,93.32997658592649,109.33476109616458,0.0,8.954833333333333,8.47
0,scratch,random,34,0.00039849834630997414,0.6,0.6,0.6760223388671875,47,93.95056135812774,110.212004421046,0.0,9.042333333333334,8.366
0,scratch,random,35,0.0003917038000354835,0.591,0.591,0.6492563710212708,47,93.13908523507416,109.32618460198864,0.0,9.356166666666667,8.025166666666667
0,scratch,random,36,0.0003847515471142615,0.587,0.587,0.6437352561950683,47,92.76851901202463,108.81111671309918,0.0,9.274,8.156333333333333
0,scratch,random,37,0.00037764935232668343,0.568,0.568,0.6357026969591777,47,94.46678284811787,110.75362491304986,0.0,9.196833333333334,8.176833333333333
0,scratch,random,38,0.0003704051479190776,0.566,0.566,0.5783290378252666,47,94.24679671600461,110.09533151984215,0.0,9.074166666666667,8.334333333333333
0,scratch,random,39,0.00036302702474441743,0.5800000000000001,0.58,0.5758413912455241,47,93.46562983305193,109.71979006100446,0.0,9.2185,8.232833333333334
0,scratch,random,40,0.0003555232232258696,0.603,0.603,0.5579193304379781,47,93.70443888194859,109.90563577995636,0.0,9.3975,8.040666666666667
0,scratch,random,41,0.00034790212415329195,0.595,0.595,0.5405954365730286,47,93.57975080702454,109.74783131387085,0.0,9.1535,8.262166666666667
0,scratch,random,42,0.0003401722393229594,0.5760000000000001,0.576,0.5290583462715149,47,93.36766901798546,109.520209251903,0.0,9.214166666666667,8.224166666666667
0,scratch,random,43,0.0003323422020309725,0.584,0.584,0.5022191146214803,47,93.08388226106763,109.36259074509144,0.0,9.455166666666667,7.983333333333333
0,scratch,random,44,0.0003244207574309657,0.594,0.594,0.5057521216074625,47,94.37553219497204,110.59443343104795,0.0,9.368,8.0465
0,scratch,random,45,0.0003164167527668859,0.5820000000000001,0.582,0.4813783399264018,47,93.0775644290261,109.121172596002,0.0,9.449166666666667,7.9835
0,scratch,random,46,0.0003083391274917483,0.576,0.576,0.48384005173047384,47,93.89673653501086,110.2996118250303,0.0,9.416333333333334,7.984
0,scratch,random,47,0.0003001969032834071,0.587,0.587,0.4547840339342753,47,93.20691468799487,109.55784429702908,0.0,9.467166666666667,7.986
0,scratch,random,48,0.00029199917396849096,0.566,0.566,0.46192298555374145,47,94.17559901019558,110.54493940807879,0.0,9.354333333333333,8.0805
0,scratch,random,49,0.0002837550953657579,0.5800000000000001,0.58,0.4341652225653331,47,93.52141083194874,109.6948127108626,0.0,9.298166666666667,8.1235
0,scratch,random,50,0.0002754738750602126,0.585,0.585,0.4268064947128296,47,92.42729394510388,117.72538001602516,0.0,9.333333333333334,8.055
0,scratch,random,51,0.00026716476211940786,0.556,0.556,0.42205965948104857,47,94.0910202418454,110.4986812940333,0.0,9.351166666666666,8.102166666666667
0,scratch,random,52,0.00025883703676341484,0.568,0.568,0.4096615439256032,47,94.54827010212466,110.89929297706112,0.0,9.513333333333334,7.952166666666667
0,scratch,random,53,0.0002505,0.585,0.585,0.4136356693903605,47,94.41441154014319,111.09706087689847,0.0,9.404666666666667,8.061166666666667
0,scratch,random,54,0.00024216296323658525,0.5820000000000001,0.582,0.388464736143748,47,95.5346561439801,111.69881700491533,0.0,9.348166666666666,8.1105
0,scratch,random,55,0.00023383523788059215,0.5690000000000002,0.569,0.3956585949261983,47,94.37505057500675,110.88327607815154,0.0,9.492833333333333,7.935
0,scratch,random,56,0.00022552612493978745,0.579,0.579,0.380458546479543,47,95.00347578711808,111.42672638618387,0.0,9.5835,7.931333333333333
0,scratch,random,57,0.00021724490463424225,0.573,0.573,0.3778936539491018,47,94.41174042783678,110.81248228484765,0.0,9.400333333333334,8.064333333333334
0,scratch,random,58,0.00020900082603150905,0.587,0.587,0.37685797627766926,47,93.26418556110002,109.2034167391248,0.0,9.521333333333333,7.879166666666666
0,scratch,random,59,0.00020080309671659293,0.594,0.594,0.36604064790407814,47,94.39065783284605,110.42681129509583,0.0,9.490166666666667,8.037833333333333
0,scratch,random,60,0.00019266087250825167,0.599,0.599,0.35811994393666585,47,95.48796657286584,111.78576903720386,0.0,9.476333333333333,7.950833333333334
0,scratch,random,61,0.00018458324723311413,0.5780000000000001,0.578,0.34999314745267235,47,93.41316569689661,109.61160332197323,0.0,9.367,8.0865
0,scratch,random,62,0.00017657924256903434,0.587,0.587,0.34762138485908506,47,93.46979179303162,109.45858445810154,0.0,9.474,7.998333333333333
0,scratch,random,63,0.00016865779796902748,0.5999999999999999,0.6,0.3456142418384552,47,94.81525870598853,110.98832819401287,0.0,9.483333333333333,7.9783333333333335
0,scratch,random,64,0.00016082776067704059,0.5919999999999999,0.592,0.33034832406044007,47,93.56034742901102,109.97274115192704,0.0,9.264666666666667,8.1585
0,scratch,random,65,0.00015309787584670805,0.584,0.584,0.331750527938207,47,93.72562035592273,110.05593541986309,0.0,9.288166666666667,8.191333333333333
0,scratch,random,66,0.00014547677677413047,0.583,0.583,0.32660355099042254,47,93.35395450983196,109.65057442104444,0.0,9.442333333333334,8.0675
0,scratch,random,67,0.00013797297525558255,0.591,0.591,0.33275318280855815,47,93.39674751809798,109.71723075886257,0.0,9.498666666666667,7.974166666666667
0,scratch,random,68,0.00013059485208092238,0.5920000000000001,0.592,0.3287129405339559,47,94.0580863780342,110.27758105401881,0.0,9.384833333333333,8.066333333333333
0,scratch,random,69,0.00012335064767331658,0.5690000000000002,0.569,0.31485328793525696,47,94.05892457510345,110.36142660002224,0.0,9.343666666666667,8.121333333333334
0,scratch,random,70,0.00011624845288573853,0.579,0.579,0.31563957516352337,47,94.24986339407042,110.46258331206627,0.0,9.220333333333333,8.238333333333333
0,scratch,random,71,0.00010929619996451647,0.587,0.587,0.32263238430023194,47,94.06893233000301,110.48498805705458,0.0,9.308166666666667,8.135
0,scratch,random,72,0.00010250165369002587,0.587,0.587,0.3190129455725352,47,93.5495992100332,109.79036099999212,0.0,9.300666666666666,8.186166666666667
0,scratch,random,73,9.587240270441893e-05,0.603,0.603,0.31392043765385946,47,94.21785083087161,110.55446963803843,0.0,9.269166666666667,8.197666666666667
0,scratch,random,74,8.941585103607879e-05,0.6060000000000001,0.606,0.315598340511322,47,93.90675632189959,110.73219075403176,0.0,9.295833333333333,8.214
0,scratch,random,75,8.313920983026379e-05,0.5810000000000001,0.581,0.30677836879094444,47,96.98195884097368,121.60337624512613,0.0,9.289166666666667,8.127333333333333
0,scratch,random,76,7.704948929517675e-05,0.5890000000000001,0.589,0.30610322268803913,47,94.2764695158694,110.70506660686806,0.0,9.3295,8.127833333333333
0,scratch,random,77,7.115349087245667e-05,0.5880000000000001,0.588,0.30574428566296896,47,93.58736490597948,109.68961271992885,0.0,9.268833333333333,8.189333333333334
0,scratch,random,78,6.545779964083458e-05,0.5810000000000001,0.581,0.3029530285199483,47,94.244826417882,110.42405739193782,0.0,9.179333333333334,8.2835
0,scratch,random,79,5.996877696144067e-05,0.591,0.591,0.30575582846005755,47,93.6790203419514,110.06576761999168,0.0,9.192833333333333,8.204833333333333
0,scratch,random,80,5.4692553372974075e-05,0.5880000000000001,0.588,0.2973249882062276,47,93.72354428214021,109.7747287331149,0.0,9.218,8.190166666666666
0,scratch,random,81,4.963502174467306e-05,0.5950000000000001,0.595,0.29528871695200604,47,92.48061212711036,108.86295442096889,0.0,9.269833333333333,8.178833333333333
0,scratch,random,82,4.480183069473086e-05,0.592,0.592,0.30077141666412355,47,94.04029838298447,110.29208735493012,0.0,9.253166666666667,8.159666666666666
0,scratch,random,83,4.019837828150914e-05,0.597,0.597,0.2990467596848806,47,93.26164811011404,109.66256903600879,0.0,9.2975,8.276
0,scratch,random,84,3.5829805974595276e-05,0.591,0.591,0.2957867120901744,47,93.9069355931133,110.20391122880392,0.0,9.265833333333333,8.203833333333334
0,scratch,random,85,3.1700992912435456e-05,0.587,0.587,0.2941009521484375,47,93.69706692104228,109.90407085209154,0.0,9.226666666666667,8.263666666666667
0,scratch,random,86,2.781655045295966e-05,0.587,0.587,0.2951095187664032,47,93.04033662914298,109.32613088004291,0.0,9.135333333333334,8.2865
0,scratch,random,87,2.4180817023281995e-05,0.594,0.594,0.2998662746747335,47,94.27490809001029,110.7338717081584,0.0,9.195333333333334,8.203333333333333
0,scratch,random,88,2.0797853274230994e-05,0.599,0.599,0.29909492206573485,46,94.18105372809805,110.44019859703258,0.0,9.203333333333333,8.2105
0,scratch,random,89,1.7671437545120165e-05,0.597,0.597,0.2929891718228658,47,93.48997596208937,110.20866629900411,0.0,9.258833333333333,8.192
0,scratch,random,90,1.480506164382429e-05,0.5969999999999999,0.597,0.29289411155382794,47,94.62460974603891,110.98955062613823,0.0,9.189833333333333,8.224666666666666
0,scratch,random,91,1.220192694687535e-05,0.588,0.588,0.2977828199068705,47,92.8616614928469,109.01434740307741,0.0,9.205166666666667,8.224833333333333
0,scratch,random,92,9.864940823933073e-06,0.5940000000000001,0.594,0.2963245113690694,47,93.8469290859066,110.30986423091963,0.0,9.242833333333333,8.184833333333334
0,scratch,random,93,7.796713390623254e-06,0.595,0.595,0.29981697034835814,47,93.90357117308304,109.92384815285914,0.0,9.209333333333333,8.239333333333333
0,scratch,random,94,5.999554593371605e-06,0.599,0.599,0.29036655322710675,47,93.65216271486133,109.94748337101191,0.0,9.242166666666666,8.207333333333333
0,scratch,random,95,4.475471629487872e-06,0.599,0.599,0.29727577352523804,47,94.47822484187782,110.57434682291932,0.0,9.204666666666666,8.223333333333333
0,scratch,random,96,3.2261667053823824e-06,0.5959999999999999,0.596,0.2959414424101512,47,93.69130717590451,109.94308912591077,0.0,9.165,8.206666666666667
0,scratch,random,97,2.253035135418218e-06,0.592,0.592,0.2923109742005666,47,93.89349282789044,110.2274387080688,0.0,9.262833333333333,8.163833333333333
0,scratch,random,98,1.5571637835232856e-06,0.593,0.593,0.29112267621358234,47,94.01602327707224,110.450823741965,0.0,9.245,8.204166666666667
0,scratch,random,99,1.1393298493014743e-06,0.5960000000000001,0.596,0.29195829860369366,47,93.77750570885837,109.62373426090926,0.0,9.264,8.191
0,scratch,random,100,1e-06,0.5940000000000001,0.594,0.29624742348988853,47,94.76427520508878,120.99926798185334,0.0,9.265166666666667,8.211833333333333
0,scratch,random_rescue_10,1,0.0001,0.253,0.253,1.8610550514856974,47,100.81901644193567,117.79834052408114,10.0,1.658,1.9123333333333334
0,scratch,random_rescue_10,2,0.0002,0.31999999999999995,0.32,1.7545775219599407,47,103.5558340169955,120.62453066697344,10.0,1.791,1.763
0,scratch,random_rescue_10,3,0.00030000000000000003,0.34199999999999997,0.342,1.7160633929570517,47,98.06275983992964,114.65757242799737,10.0,1.8101666666666667,1.7925
0,scratch,random_rescue_10,4,0.0004,0.358,0.358,1.6748681383132935,47,97.9774688789621,114.48292292910628,10.0,1.9716666666666667,1.6021666666666667
0,scratch,random_rescue_10,5,0.0005,0.378,0.378,1.6256536744435628,47,98.0864527861122,114.56238210899755,10.0,1.9781666666666666,1.5885
0,scratch,random_rescue_10,6,0.0005,0.41600000000000004,0.416,1.578037269592285,47,98.06187179801054,114.27418771595694,10.0,1.9616666666666667,1.6558333333333333
0,scratch,random_rescue_10,7,0.0004998606701506985,0.473,0.473,1.466464111963908,47,98.05721561284736,114.40705417399295,10.0,1.9626666666666666,1.6348333333333334
0,scratch,random_rescue_10,8,0.0004994428362164767,0.45099999999999996,0.451,1.4115108118057251,47,98.75181256397627,115.02876982511953,10.0,1.9588333333333334,1.603
0,scratch,random_rescue_10,9,0.0004987469648645818,0.489,0.489,1.3529824771881103,47,98.8308436430525,115.27653386001475,10.0,1.969,1.609
0,scratch,random_rescue_10,10,0.0004977738332946176,0.496,0.496,1.3006234019597371,47,99.32762886001728,125.30677698296495,10.0,1.9948333333333332,1.5701666666666667
0,scratch,random_rescue_10,11,0.0004965245283705121,0.507,0.507,1.2627864958445232,47,98.37214409699664,114.95616724318825,10.0,2.0056666666666665,1.5608333333333333
0,scratch,random_rescue_10,12,0.0004950004454066284,0.56,0.56,1.2044098399480183,47,98.61242906795815,114.87949888198636,10.0,1.9528333333333334,1.6253333333333333
0,scratch,random_rescue_10,13,0.0004932032866093767,0.5349999999999999,0.535,1.1813148635228474,47,98.58534410689026,115.45367714879103,10.0,1.9736666666666667,1.5671666666666666
0,scratch,random_rescue_10,14,0.000491135059176067,0.532,0.532,1.162507635116577,47,98.64411205495708,115.37449197401293,10.0,2.04,1.5286666666666666
0,scratch,random_rescue_10,15,0.0004887980730531247,0.553,0.553,1.124974588394165,47,98.17331494903192,114.49521735310555,10.0,1.9626666666666666,1.5923333333333334
0,scratch,random_rescue_10,16,0.00048619493835617576,0.551,0.551,1.0820773477554322,47,98.82214225898497,115.29284231713973,10.0,2.0095,1.5495
0,scratch,random_rescue_10,17,0.00048332856245487986,0.592,0.592,1.0693875150680543,47,97.38765188492835,113.72639043582603,10.0,1.9793333333333334,1.5823333333333334
0,scratch,random_rescue_10,18,0.000480202146725769,0.568,0.568,1.0268362429936726,47,97.80957305501215,113.97631678008474,10.0,1.904,1.6433333333333333
0,scratch,random_rescue_10,19,0.00047681918297671805,0.5660000000000001,0.566,1.0096513544718424,47,98.58996989298612,114.72313633700833,10.0,1.9135,1.6663333333333334
0,scratch,random_rescue_10,20,0.0004731834495470404,0.5740000000000001,0.574,0.9910418488184611,47,99.12412220495753,115.33372393203899,10.0,1.9185,1.6311666666666667
0,scratch,random_rescue_10,21,0.00046929900708756454,0.583,0.583,0.9690223852793376,47,97.59084600419737,113.83403355092742,10.0,1.9115,1.6446666666666667
0,scratch,random_rescue_10,22,0.0004651701940254048,0.5700000000000001,0.57,0.9541120398839315,47,98.8102246269118,115.71067800582387,10.0,1.9195,1.5868333333333333
0,scratch,random_rescue_10,23,0.00046080162171849087,0.5760000000000001,0.576,0.9360165618260702,47,98.08644443098456,114.16853067907505,10.0,1.9368333333333334,1.5763333333333334
0,scratch,random_rescue_10,24,0.0004561981693052692,0.545,0.545,0.9081459372838339,47,98.11605771188624,114.6352379580494,10.0,1.895,1.6595
0,scratch,random_rescue_10,25,0.00045136497825532695,0.602,0.602,0.8765329491297404,47,99.36153960600495,124.41574023803696,10.0,1.9095,1.659
0,scratch,random_rescue_10,26,0.00044630744662702595,0.585,0.585,0.8547952273686726,47,98.62749802879989,114.8915808510501,10.0,1.885,1.6751666666666667
0,scratch,random_rescue_10,27,0.0004410312230385594,0.588,0.588,0.8536228612263997,47,98.56409617094323,115.25553735997528,10.0,1.8575,1.7068333333333334
0,scratch,random_rescue_10,28,0.0004355422003591655,0.5880000000000001,0.588,0.8171440318425497,47,97.99445793102495,114.44014532398432,10.0,1.8725,1.7203333333333333
0,scratch,random_rescue_10,29,0.0004298465091275434,0.579,0.579,0.7929313398996989,47,99.24647431005724,115.70171038713306,10.0,1.8841666666666668,1.7278333333333333
0,scratch,random_rescue_10,30,0.0004239505107048233,0.5940000000000001,0.594,0.775393814722697,47,98.13398794084787,114.46233992092311,10.0,1.9053333333333333,1.666
0,scratch,random_rescue_10,31,0.00041786079016973627,0.5959999999999999,0.596,0.7330572559038798,47,99.03889785404317,115.68826051591896,10.0,1.8501666666666667,1.7238333333333333
0,scratch,random_rescue_10,32,0.00041158414896392116,0.602,0.602,0.735550430615743,47,97.63629227201454,113.82571649109013,10.0,1.8586666666666667,1.7118333333333333
0,scratch,random_rescue_10,33,0.00040512759729558113,0.592,0.592,0.7185054465929667,47,98.20736096100882,114.45474777184427,10.0,1.8095,1.757
0,scratch,random_rescue_10,34,0.00039849834630997414,0.5830000000000001,0.583,0.7077671434084575,47,98.49709587800317,115.00878581078723,10.0,1.846,1.7228333333333334
0,scratch,random_rescue_10,35,0.0003917038000354835,0.5890000000000001,0.589,0.6812361947695414,47,98.00662580714561,114.3433700921014,10.0,1.8656666666666666,1.6895
0,scratch,random_rescue_10,36,0.0003847515471142615,0.5900000000000001,0.59,0.6418739506403606,47,98.000154244015,114.24976388108917,10.0,1.8376666666666666,1.7106666666666666
0,scratch,random_rescue_10,37,0.00037764935232668343,0.592,0.592,0.6445008719762166,47,98.43637857795693,114.93377861496992,10.0,1.836,1.741
0,scratch,random_rescue_10,38,0.0003704051479190776,0.5850000000000001,0.585,0.6236358580589294,47,98.14015881693922,114.71221860102378,10.0,1.8663333333333334,1.6795
0,scratch,random_rescue_10,39,0.00036302702474441743,0.583,0.583,0.6003837758700052,47,98.39432910713367,114.93720860593021,10.0,1.916,1.6635
0,scratch,random_rescue_10,40,0.0003555232232258696,0.595,0.595,0.5837325582504272,47,97.80943571706302,114.26755827805027,10.0,1.8058333333333334,1.75
0,scratch,random_rescue_10,41,0.00034790212415329195,0.59,0.59,0.5683411313692729,47,98.61679266905412,114.80679232999682,10.0,1.8226666666666667,1.743
0,scratch,random_rescue_10,42,0.0003401722393229594,0.5770000000000001,0.577,0.5516993176937103,47,98.14373719412833,114.62614737288095,10.0,1.8186666666666667,1.7285
0,scratch,random_rescue_10,43,0.0003323422020309725,0.5860000000000001,0.586,0.5429615807533265,47,98.50872241496108,114.74699450982735,10.0,1.8581666666666667,1.7006666666666668
0,scratch,random_rescue_10,44,0.0003244207574309657,0.6050000000000001,0.605,0.5452513736089071,47,98.83678221004084,115.40427061985247,10.0,1.8033333333333332,1.7466666666666666
0,scratch,random_rescue_10,45,0.0003164167527668859,0.596,0.596,0.5148239461580912,47,97.8039839679841,114.14638657215983,10.0,1.8615,1.6831666666666667
0,scratch,random_rescue_10,46,0.0003083391274917483,0.59,0.59,0.5156585144996643,47,99.0623356080614,115.55848202388734,10.0,1.8761666666666668,1.6938333333333333
0,scratch,random_rescue_10,47,0.0003001969032834071,0.5860000000000001,0.586,0.4984208958943685,47,98.29411061992869,114.73442657408305,10.0,1.882,1.7005
0,scratch,random_rescue_10,48,0.00029199917396849096,0.5880000000000001,0.588,0.48817969504992165,47,99.21832480002195,116.23317430308089,10.0,1.8101666666666667,1.7433333333333334
0,scratch,random_rescue_10,49,0.0002837550953657579,0.584,0.584,0.4672929399808248,47,98.67890706891194,115.38615434709936,10.0,1.859,1.71
0,scratch,random_rescue_10,50,0.0002754738750602126,0.581,0.581,0.46555447165171304,47,99.18929123296402,125.40440584602766,10.0,1.854,1.7546666666666666
0,scratch,random_rescue_10,51,0.00026716476211940786,0.584,0.584,0.4513598169485728,47,99.1847732278984,115.62002928298898,10.0,1.8555,1.6753333333333333
0,scratch,random_rescue_10,52,0.00025883703676341484,0.585,0.585,0.44552546660105385,47,100.42173042311333,116.9039968920406,10.0,1.8525,1.7101666666666666
0,scratch,random_rescue_10,53,0.0002505,0.587,0.587,0.4362514468828837,47,100.36122042895295,116.85939577198587,10.0,1.802,1.7446666666666666
0,scratch,random_rescue_10,54,0.00024216296323658525,0.6050000000000001,0.605,0.4237321427663167,47,100.28325457288884,116.48995477310382,10.0,1.799,1.7393333333333334
0,scratch,random_rescue_10,55,0.00023383523788059215,0.595,0.595,0.41480159703890485,47,99.1759881300386,115.91729511716403,10.0,1.8433333333333333,1.7423333333333333
0,scratch,random_rescue_10,56,0.00022552612493978745,0.588,0.588,0.4021632006168365,47,98.64721459988505,115.36902988888323,10.0,1.8301666666666667,1.7311666666666667
0,scratch,random_rescue_10,57,0.00021724490463424225,0.6039999999999999,0.604,0.3887483908335368,47,98.45996030792594,114.79321118211374,10.0,1.7941666666666667,1.7601666666666667
0,scratch,random_rescue_10,58,0.00020900082603150905,0.599,0.599,0.39234101788202924,47,97.17726092087105,113.63952879304998,10.0,1.8326666666666667,1.7286666666666666
0,scratch,random_rescue_10,59,0.00020080309671659293,0.607,0.607,0.3869348390102387,47,98.2492445029784,114.76875065406784,10.0,1.8526666666666667,1.7358333333333333
0,scratch,random_rescue_10,60,0.00019266087250825167,0.6159999999999999,0.616,0.38338077688217165,47,99.07038303511217,115.5807655970566,10.0,1.7961666666666667,1.7668333333333333
0,scratch,random_rescue_10,61,0.00018458324723311413,0.6060000000000001,0.606,0.3826227459112803,47,99.5910872919485,115.98912674607709,10.0,1.8583333333333334,1.732
0,scratch,random_rescue_10,62,0.00017657924256903434,0.595,0.595,0.3771787430445353,47,98.70587504701689,115.47197646717541,10.0,1.8158333333333334,1.7226666666666666
0,scratch,random_rescue_10,63,0.00016865779796902748,0.596,0.596,0.36738844219843547,47,97.98043027496897,114.59529539104551,10.0,1.8455,1.727
0,scratch,random_rescue_10,64,0.00016082776067704059,0.6,0.6,0.3588806217511495,47,98.74457780714147,115.25278044492006,10.0,1.8045,1.731
0,scratch,random_rescue_10,65,0.00015309787584670805,0.593,0.593,0.3550871586004893,47,98.07122302800417,114.60043423715979,10.0,1.8458333333333334,1.726
0,scratch,random_rescue_10,66,0.00014547677677413047,0.615,0.615,0.34873893920580545,47,98.90997316711582,115.5273468629457,10.0,1.836,1.7361666666666666
0,scratch,random_rescue_10,67,0.00013797297525558255,0.616,0.616,0.340044894138972,47,98.88753080484457,115.21007669204846,10.0,1.8086666666666666,1.7301666666666666
0,scratch,random_rescue_10,68,0.00013059485208092238,0.627,0.627,0.3463260045846303,47,99.05513656884432,115.54689448396675,10.0,1.812,1.7771666666666666
0,scratch,random_rescue_10,69,0.00012335064767331658,0.613,0.613,0.3477731107076009,47,99.29644620092586,115.67673773202114,10.0,1.8001666666666667,1.7453333333333334
0,scratch,random_rescue_10,70,0.00011624845288573853,0.601,0.601,0.34325832009315493,47,99.678550533019,116.0679925470613,10.0,1.8125,1.7571666666666668
0,scratch,random_rescue_10,71,0.00010929619996451647,0.61,0.61,0.33656619167327884,47,98.64337109890766,115.02344151004218,10.0,1.7881666666666667,1.7665
0,scratch,random_rescue_10,72,0.00010250165369002587,0.6180000000000001,0.618,0.329501117626826,46,102.59046922717243,118.64601161703467,10.0,1.7888333333333333,1.7565
0,scratch,random_rescue_10,73,9.587240270441893e-05,0.618,0.618,0.32927041069666546,47,98.29810280795209,115.04846931900829,10.0,1.805,1.7545
0,scratch,random_rescue_10,74,8.941585103607879e-05,0.619,0.619,0.32552085860570273,47,99.19938001199625,115.81490227906033,10.0,1.8168333333333333,1.7368333333333332
0,scratch,random_rescue_10,75,8.313920983026379e-05,0.619,0.619,0.32357921918233234,47,99.72390450397506,124.12059441604652,10.0,1.8143333333333334,1.7348333333333332
0,scratch,random_rescue_10,76,7.704948929517675e-05,0.617,0.617,0.3229647498925527,47,98.03522698301822,114.30589029402472,10.0,1.8163333333333334,1.7333333333333334
0,scratch,random_rescue_10,77,7.115349087245667e-05,0.616,0.616,0.3204834661483765,47,99.18081791186705,115.7296598739922,10.0,1.7826666666666666,1.7708333333333333
0,scratch,random_rescue_10,78,6.545779964083458e-05,0.621,0.621,0.3203210586706797,47,98.99635801487602,115.41573057207279,10.0,1.7951666666666666,1.7761666666666667
0,scratch,random_rescue_10,79,5.996877696144067e-05,0.623,0.623,0.3187503232955933,47,99.26142125902697,115.9099907008931,10.0,1.8048333333333333,1.7665
0,scratch,random_rescue_10,80,5.4692553372974075e-05,0.6220000000000001,0.622,0.31641122555732726,47,98.64808737393469,115.32919143303297,10.0,1.7711666666666666,1.7598333333333334
0,scratch,random_rescue_10,81,4.963502174467306e-05,0.624,0.624,0.31720968755086265,47,98.48256505397148,115.26984963007271,10.0,1.794,1.7473333333333334
0,scratch,random_rescue_10,82,4.480183069473086e-05,0.618,0.618,0.31032414905230205,47,100.09396387520246,116.51081408606842,10.0,1.7976666666666667,1.7851666666666666
0,scratch,random_rescue_10,83,4.019837828150914e-05,0.615,0.615,0.3120659575462341,47,99.71081184782088,116.12234195205383,10.0,1.7733333333333334,1.787
0,scratch,random_rescue_10,84,3.5829805974595276e-05,0.61,0.61,0.3130005571842194,47,99.19279158790596,116.29916091402993,10.0,1.7868333333333333,1.769
0,scratch,random_rescue_10,85,3.1700992912435456e-05,0.6130000000000001,0.613,0.31377512160936993,47,98.83626804314554,115.15703108301386,10.0,1.7811666666666666,1.7828333333333333
0,scratch,random_rescue_10,86,2.781655045295966e-05,0.623,0.623,0.3143106835683187,47,98.28624968486838,114.47653399105184,10.0,1.7715,1.801
0,scratch,random_rescue_10,87,2.4180817023281995e-05,0.623,0.623,0.31149100144704184,47,97.82364469417371,114.13769093714654,10.0,1.8015,1.7861666666666667
0,scratch,random_rescue_10,88,2.0797853274230994e-05,0.6119999999999999,0.612,0.31171913623809816,47,98.61802967917174,115.21809687907808,10.0,1.7786666666666666,1.7838333333333334
0,scratch,random_rescue_10,89,1.7671437545120165e-05,0.613,0.613,0.3101423487663269,47,98.9562064409256,115.38989090593532,10.0,1.7836666666666667,1.7965
0,scratch,random_rescue_10,90,1.480506164382429e-05,0.616,0.616,0.30545034480094907,47,99.3459298000671,115.68906387197785,10.0,1.7966666666666666,1.7675
0,scratch,random_rescue_10,91,1.220192694687535e-05,0.6159999999999999,0.616,0.3093419167995453,47,98.35754815698601,114.64967997395433,10.0,1.7816666666666667,1.7643333333333333
0,scratch,random_rescue_10,92,9.864940823933073e-06,0.6100000000000001,0.61,0.30288203263282776,47,98.66809076885693,115.11115169804543,10.0,1.7835,1.7741666666666667
0,scratch,random_rescue_10,93,7.796713390623254e-06,0.6140000000000001,0.614,0.30953779888153077,47,99.61152727110311,115.80637993500568,10.0,1.8063333333333333,1.7781666666666667
0,scratch,random_rescue_10,94,5.999554593371605e-06,0.613,0.613,0.30538195665677387,47,97.34614061913453,113.80289132287726,10.0,1.79,1.7878333333333334
0,scratch,random_rescue_10,95,4.475471629487872e-06,0.615,0.615,0.309157612880071,47,97.96107317507267,114.50390727585182,10.0,1.7636666666666667,1.7848333333333333
0,scratch,random_rescue_10,96,3.2261667053823824e-06,0.612,0.612,0.3085378234386444,47,99.51596890389919,115.82473646686412,10.0,1.7891666666666666,1.7821666666666667
0,scratch,random_rescue_10,97,2.253035135418218e-06,0.613,0.613,0.30673204628626505,47,98.378331966931,114.7728777860757,10.0,1.8043333333333333,1.7761666666666667
0,scratch,random_rescue_10,98,1.5571637835232856e-06,0.617,0.617,0.3109005343914032,47,98.589420190081,115.05626307893544,10.0,1.7626666666666666,1.7681666666666667
0,scratch,random_rescue_10,99,1.1393298493014743e-06,0.615,0.615,0.30738264036178586,47,98.54627640801482,114.85684378282167,10.0,1.7901666666666667,1.7978333333333334
0,scratch,random_rescue_10,100,1e-06,0.615,0.615,0.30824735657374064,47,98.88389234011993,126.03722899686545,10.0,1.8128333333333333,1.7608333333333333
0,scratch,student,1,0.0001,0.262,0.262,1.853362513224284,47,95.55474047386087,111.61631812504493,0.0,0.0,0.0
0,scratch,student,2,0.0002,0.33199999999999996,0.332,1.7515412492752076,47,97.64734417689033,114.47034490085207,0.0,0.0,0.0
0,scratch,student,3,0.00030000000000000003,0.396,0.396,1.7106564553578694,47,94.18031473085284,110.26471907598898,0.0,0.0,0.0
0,scratch,student,4,0.0004,0.361,0.361,1.6618332449595135,47,93.0617859561462,109.21894154697657,0.0,0.0,0.0
0,scratch,student,5,0.0005,0.396,0.396,1.6059554551442463,47,93.26673887390643,109.49224627390504,0.0,0.0,0.0
0,scratch,student,6,0.0005,0.409,0.409,1.5543762791951496,47,93.25350701319985,109.27262984006666,0.0,0.0,0.0
0,scratch,student,7,0.0004998606701506985,0.45999999999999996,0.46,1.4731216815312704,47,93.13668761891313,109.48383455700241,0.0,0.0,0.0
0,scratch,student,8,0.0004994428362164767,0.43899999999999995,0.439,1.405487541516622,47,93.34118881891482,109.58102918602526,0.0,0.0,0.0
0,scratch,student,9,0.0004987469648645818,0.46900000000000003,0.469,1.3626436907450359,47,94.22786913998425,110.42428044811822,0.0,0.0,0.0
0,scratch,student,10,0.0004977738332946176,0.513,0.513,1.3019184436798095,47,93.33745877002366,122.24785740394145,0.0,0.0,0.0
0,scratch,student,11,0.0004965245283705121,0.5229999999999999,0.523,1.250441912651062,47,93.96819286979735,110.28114902111702,0.0,0.0,0.0
0,scratch,student,12,0.0004950004454066284,0.5509999999999999,0.551,1.230809024810791,47,93.21367311198264,109.34558157599531,0.0,0.0,0.0
0,scratch,student,13,0.0004932032866093767,0.5219999999999999,0.522,1.1794600852330526,47,94.0524474370759,110.73268794105388,0.0,0.0,0.0
0,scratch,student,14,0.000491135059176067,0.5599999999999999,0.56,1.1546586983998617,47,92.86559116304852,109.04510232200846,0.0,0.0,0.0
0,scratch,student,15,0.0004887980730531247,0.563,0.563,1.1237556861241658,47,92.44102022890002,108.63285002904013,0.0,0.0,0.0
0,scratch,student,16,0.00048619493835617576,0.5569999999999999,0.557,1.1186081546147664,47,93.93950304482132,110.20546393189579,0.0,0.0,0.0
0,scratch,student,17,0.00048332856245487986,0.592,0.592,1.0835317370096842,47,93.08026121510193,109.68301194300875,0.0,0.0,0.0
0,scratch,student,18,0.000480202146725769,0.5549999999999999,0.555,1.0432750185330708,47,93.40746121108532,109.73910845909268,0.0,0.0,0.0
0,scratch,student,19,0.00047681918297671805,0.5850000000000001,0.585,1.0060501985549928,47,93.19904575590044,109.34148031799123,0.0,0.0,0.0
0,scratch,student,20,0.0004731834495470404,0.5900000000000001,0.59,0.9937525792121887,47,93.64725099201314,109.99476754898205,0.0,0.0,0.0
0,scratch,student,21,0.00046929900708756454,0.5830000000000001,0.583,0.9925751751263936,47,92.1156536291819,108.2689361369703,0.0,0.0,0.0
0,scratch,student,22,0.0004651701940254048,0.554,0.554,0.9431192173957824,47,93.44482538779266,109.57600169209763,0.0,0.0,0.0
0,scratch,student,23,0.00046080162171849087,0.5830000000000001,0.583,0.9296183495521545,47,93.14760771603324,109.33910251990892,0.0,0.0,0.0
0,scratch,student,24,0.0004561981693052692,0.5690000000000001,0.569,0.9083380870819092,47,94.31980917905457,110.55655752983876,0.0,0.0,0.0
0,scratch,student,25,0.00045136497825532695,0.576,0.576,0.8701277939478557,47,93.27515839110129,119.70023756916635,0.0,0.0,0.0
0,scratch,student,26,0.00044630744662702595,0.591,0.591,0.881190213839213,47,92.84123124787584,108.88491613487713,0.0,0.0,0.0
0,scratch,student,27,0.0004410312230385594,0.606,0.606,0.8372811752955119,47,93.47010432300158,109.76385896187276,0.0,0.0,0.0
0,scratch,student,28,0.0004355422003591655,0.591,0.591,0.8245981988906861,47,93.5729044280015,109.77791455900297,0.0,0.0,0.0
0,scratch,student,29,0.0004298465091275434,0.593,0.593,0.769633337020874,47,93.20711629791185,109.49316808301955,0.0,0.0,0.0
0,scratch,student,30,0.0004239505107048233,0.578,0.578,0.7687732675870259,47,93.77321386802942,110.0451336200349,0.0,0.0,0.0
0,scratch,student,31,0.00041786079016973627,0.5810000000000001,0.581,0.7697284105618795,47,93.58846246288158,109.63591646309942,0.0,0.0,0.0
0,scratch,student,32,0.00041158414896392116,0.597,0.597,0.72564599720637,47,92.30137434694916,108.44518083008006,0.0,0.0,0.0
0,scratch,student,33,0.00040512759729558113,0.599,0.599,0.7297265253067017,47,94.35043137101457,110.68109439592808,0.0,0.0,0.0
0,scratch,student,34,0.00039849834630997414,0.596,0.596,0.6945891423225403,47,93.70102045498788,109.78372412989847,0.0,0.0,0.0
0,scratch,student,35,0.0003917038000354835,0.62,0.62,0.6790857156117757,47,93.3482398649212,109.77035299595445,0.0,0.0,0.0
0,scratch,student,36,0.0003847515471142615,0.6099999999999999,0.61,0.6550792373021443,47,93.48881795885973,109.53661054908298,0.0,0.0,0.0
0,scratch,student,37,0.00037764935232668343,0.595,0.595,0.6362171853383383,47,93.77843060297891,110.16424361802638,0.0,0.0,0.0
0,scratch,student,38,0.0003704051479190776,0.609,0.609,0.6195151034196218,47,94.57556653791107,110.6722019109875,0.0,0.0,0.0
0,scratch,student,39,0.00036302702474441743,0.5940000000000001,0.594,0.6177348407109579,47,92.75276073394343,109.16010906198062,0.0,0.0,0.0
0,scratch,student,40,0.0003555232232258696,0.61,0.61,0.6078633573849996,47,94.06470782402903,110.09941656491719,0.0,0.0,0.0
0,scratch,student,41,0.00034790212415329195,0.585,0.585,0.5769883704185486,47,93.52036070195027,109.70820250688121,0.0,0.0,0.0
0,scratch,student,42,0.0003401722393229594,0.5850000000000001,0.585,0.5668223121960958,47,93.6655596299097,109.96480565401725,0.0,0.0,0.0
0,scratch,student,43,0.0003323422020309725,0.587,0.587,0.5512499477068583,47,92.97946563409641,108.97661125496961,0.0,0.0,0.0
0,scratch,student,44,0.0003244207574309657,0.604,0.604,0.5421603477795919,47,92.81600978993811,109.10713928099722,0.0,0.0,0.0
0,scratch,student,45,0.0003164167527668859,0.5820000000000001,0.582,0.5339703725179037,47,93.60444175708108,109.63509476208128,0.0,0.0,0.0
0,scratch,student,46,0.0003083391274917483,0.597,0.597,0.5195784222284953,47,94.10328126698732,110.157318695914,0.0,0.0,0.0
0,scratch,student,47,0.0003001969032834071,0.6080000000000001,0.608,0.49609742307662963,47,94.26250020391308,110.35850206296891,0.0,0.0,0.0
0,scratch,student,48,0.00029199917396849096,0.609,0.609,0.49002657175064085,47,93.57702922588214,109.58337850286625,0.0,0.0,0.0
0,scratch,student,49,0.0002837550953657579,0.61,0.61,0.48040446106592816,47,93.39974677492864,109.66726842685603,0.0,0.0,0.0
0,scratch,student,50,0.0002754738750602126,0.596,0.596,0.4678750120798747,47,93.43240347621031,119.11368974600919,0.0,0.0,0.0
0,scratch,student,51,0.00026716476211940786,0.6,0.6,0.4544141602516174,47,93.68811053712852,109.86518562515266,0.0,0.0,0.0
0,scratch,student,52,0.00025883703676341484,0.586,0.586,0.4406366795698802,47,94.22807212895714,110.51635680301115,0.0,0.0,0.0
0,scratch,student,53,0.0002505,0.586,0.586,0.4426597365538279,47,94.18238430190831,110.67648153705522,0.0,0.0,0.0
0,scratch,student,54,0.00024216296323658525,0.583,0.583,0.428638525724411,47,95.04869101406075,111.46740846405737,0.0,0.0,0.0
0,scratch,student,55,0.00023383523788059215,0.5970000000000001,0.597,0.42558848786354064,47,93.65128174005076,109.97985192202032,0.0,0.0,0.0
0,scratch,student,56,0.00022552612493978745,0.613,0.613,0.39827543584505715,47,95.42005920107476,111.7514627079945,0.0,0.0,0.0
0,scratch,student,57,0.00021724490463424225,0.601,0.601,0.4097501096725464,47,92.89079814287834,109.15496439882554,0.0,0.0,0.0
0,scratch,student,58,0.00020900082603150905,0.595,0.595,0.4078727695147196,47,94.03456240007654,110.302581617143,0.0,0.0,0.0
0,scratch,student,59,0.00020080309671659293,0.5930000000000001,0.593,0.40062703895568846,47,93.68060621083714,110.10702530085109,0.0,0.0,0.0
0,scratch,student,60,0.00019266087250825167,0.599,0.599,0.400511138677597,47,93.9854443538934,110.083751328988,0.0,0.0,0.0
0,scratch,student,61,0.00018458324723311413,0.595,0.595,0.3878798933823903,47,93.73904720088467,110.36333815404214,0.0,0.0,0.0
0,scratch,student,62,0.00017657924256903434,0.591,0.591,0.3824226622581482,47,93.20589100313373,109.43697277386673,0.0,0.0,0.0
0,scratch,student,63,0.00016865779796902748,0.599,0.599,0.3756186813513438,47,93.17206456093118,109.23821966396645,0.0,0.0,0.0
0,scratch,student,64,0.00016082776067704059,0.5980000000000001,0.598,0.3723552528222402,47,93.35531820892356,109.5535617528949,0.0,0.0,0.0
0,scratch,student,65,0.00015309787584670805,0.611,0.611,0.37353122035662334,47,93.38490957790054,109.80695288302377,0.0,0.0,0.0
0,scratch,student,66,0.00014547677677413047,0.603,0.603,0.36519768222173055,47,93.51771105709486,109.87942062714137,0.0,0.0,0.0
0,scratch,student,67,0.00013797297525558255,0.6130000000000001,0.613,0.3630084147453308,47,93.4924579509534,109.60992766497657,0.0,0.0,0.0
0,scratch,student,68,0.00013059485208092238,0.588,0.588,0.3493701576391856,47,92.99620528589003,109.12256686482579,0.0,0.0,0.0
0,scratch,student,69,0.00012335064767331658,0.6010000000000001,0.601,0.34905437723795574,47,93.55420834408142,109.77116457908414,0.0,0.0,0.0
0,scratch,student,70,0.00011624845288573853,0.5900000000000001,0.59,0.35357947142918905,47,93.48202664102428,109.9812364410609,0.0,0.0,0.0
0,scratch,student,71,0.00010929619996451647,0.591,0.591,0.34380792760849,47,94.8981261830777,110.9904208641965,0.0,0.0,0.0
0,scratch,student,72,0.00010250165369002587,0.603,0.603,0.3400806334813436,47,94.18975049094297,110.19821938499808,0.0,0.0,0.0
0,scratch,student,73,9.587240270441893e-05,0.601,0.601,0.3423160851796468,47,94.04654239700176,110.2981071609538,0.0,0.0,0.0
0,scratch,student,74,8.941585103607879e-05,0.59,0.59,0.3379895141919454,47,93.44785415800288,109.72472978103906,0.0,0.0,0.0
0,scratch,student,75,8.313920983026379e-05,0.6,0.6,0.33802252237002056,47,96.85254038893618,121.24556928896345,0.0,0.0,0.0
0,scratch,student,76,7.704948929517675e-05,0.594,0.594,0.3373752252260844,47,94.35664097289555,111.15863630198874,0.0,0.0,0.0
0,scratch,student,77,7.115349087245667e-05,0.601,0.601,0.3292710144519806,47,93.08389672986232,109.3348473329097,0.0,0.0,0.0
0,scratch,student,78,6.545779964083458e-05,0.591,0.591,0.3223664145469666,47,93.96137450891547,110.20423216884956,0.0,0.0,0.0
0,scratch,student,79,5.996877696144067e-05,0.6070000000000001,0.607,0.3254905384381612,47,93.47346505406313,109.60612462600693,0.0,0.0,0.0
0,scratch,student,80,5.4692553372974075e-05,0.6,0.6,0.32413739172617595,47,93.57918253284879,110.2294607181102,0.0,0.0,0.0
0,scratch,student,81,4.963502174467306e-05,0.5900000000000001,0.59,0.31822373485565186,47,93.12754168710671,109.3750592879951,0.0,0.0,0.0
0,scratch,student,82,4.480183069473086e-05,0.5930000000000001,0.593,0.3206476163864136,47,93.87201462406665,110.21158659178764,0.0,0.0,0.0
0,scratch,student,83,4.019837828150914e-05,0.608,0.608,0.32625088540712993,47,93.6726070868317,109.74824511795305,0.0,0.0,0.0
0,scratch,student,84,3.5829805974595276e-05,0.601,0.601,0.32153567926088966,47,93.77758012199774,109.88328480301425,0.0,0.0,0.0
0,scratch,student,85,3.1700992912435456e-05,0.5980000000000001,0.598,0.3238220713933309,47,93.54066113196313,109.69952595094219,0.0,0.0,0.0
0,scratch,student,86,2.781655045295966e-05,0.6,0.6,0.3178478937149048,47,93.66113586793654,109.794504591031,0.0,0.0,0.0
0,scratch,student,87,2.4180817023281995e-05,0.597,0.597,0.3177406346797943,47,94.24217207916081,110.46139152301475,0.0,0.0,0.0
0,scratch,student,88,2.0797853274230994e-05,0.595,0.595,0.3161995902856191,47,93.71441955305636,109.86028512311168,0.0,0.0,0.0
0,scratch,student,89,1.7671437545120165e-05,0.5980000000000001,0.598,0.318718347231547,47,93.56619262392633,110.07174123311415,0.0,0.0,0.0
0,scratch,student,90,1.480506164382429e-05,0.6010000000000001,0.601,0.3176308697859446,47,93.59835580806248,109.92787644616328,0.0,0.0,0.0
0,scratch,student,91,1.220192694687535e-05,0.603,0.603,0.3158019695281982,47,94.047473911196,110.21380240097642,0.0,0.0,0.0
0,scratch,student,92,9.864940823933073e-06,0.603,0.603,0.3178807311852773,47,93.76797273312695,110.15679645794444,0.0,0.0,0.0
0,scratch,student,93,7.796713390623254e-06,0.6,0.6,0.3179476269086202,46,93.83584155002609,109.80739330407232,0.0,0.0,0.0
0,scratch,student,94,5.999554593371605e-06,0.599,0.599,0.3176854887008667,47,92.54439593688585,108.75089070689864,0.0,0.0,0.0
0,scratch,student,95,4.475471629487872e-06,0.602,0.602,0.31818805782000226,47,94.07311155903153,110.18332448601723,0.0,0.0,0.0
0,scratch,student,96,3.2261667053823824e-06,0.601,0.601,0.31634907341003415,47,93.8049960329663,109.98344197007827,0.0,0.0,0.0
0,scratch,student,97,2.253035135418218e-06,0.6039999999999999,0.604,0.31842835410435993,47,93.22130984603427,109.36996865202673,0.0,0.0,0.0
0,scratch,student,98,1.5571637835232856e-06,0.6039999999999999,0.604,0.3166523059209188,47,94.66841972409748,111.21704110805877,0.0,0.0,0.0
0,scratch,student,99,1.1393298493014743e-06,0.607,0.607,0.31622025680541993,47,92.85142027703114,108.96649005822837,0.0,0.0,0.0
0,scratch,student,100,1e-06,0.607,0.607,0.31632637604077657,47,93.52579023200087,118.10060687293299,0.0,0.0,0.0
