epoch,seed,student_correct,teacher_full_correct,teacher_masked_correct,teacher_raw_correct,student_prediction,teacher_prediction,teacher_masked_prediction,teacher_mask_kl,teacher_raw_kl,teacher_student_kl,prediction_agreement,teacher_flip,correction_opportunity,correction_signal_preserved,swaps,raw_background_ratio,raw_foreground_missing,raw_background_excess_vs_area,raw_foreground_area_missing,raw_zero_foreground,actual_background_ratio,actual_foreground_missing,actual_background_excess_vs_area,actual_foreground_area_missing,actual_zero_foreground,added_foreground,removed_foreground,initialization,method,n_probe
0,0,0.055,0.98,0.98,0.965,4.295,4.485,4.485,0.0,0.04942389577627182,1.9759149551391602,0.055,0.0,0.925,0.925,0.0,0.7058673469387755,0.08231790489358617,-0.1188265306122449,0.11018673395505175,0.05,0.8246938775510203,0.0,0.0,0.0,0.05,5.535,0.0,imagenet,ce,200
1,0,0.75,0.98,0.98,0.96,4.43,4.485,4.485,0.0,0.05303484946489334,1.0581862926483154,0.75,0.0,0.235,0.235,0.0,0.7027551020408163,0.07984818867434483,-0.1219387755102041,0.10397899755975232,0.05,0.8246938775510203,0.0,0.0,0.0,0.05,5.23,0.0,imagenet,ce,200
2,0,0.94,0.98,0.98,0.955,4.39,4.485,4.485,0.0,0.04774767905473709,0.2489086538553238,0.94,0.0,0.05,0.05,0.0,0.6981122448979592,0.07407849841625702,-0.12658163265306122,0.09180295946905971,0.05,0.8246938775510203,0.0,0.0,0.0,0.05,4.775,0.0,imagenet,ce,200
3,0,0.955,0.98,0.98,0.955,4.385,4.485,4.485,0.0,0.025365881621837616,0.1065751388669014,0.96,0.0,0.03,0.03,0.0,0.6968367346938775,0.06575392951245237,-0.12785714285714284,0.0877750896832731,0.05,0.8246938775510203,0.0,0.0,0.0,0.05,4.65,0.0,imagenet,ce,200
4,0,0.95,0.98,0.98,0.96,4.415,4.485,4.485,0.0,0.04298059642314911,0.09929200261831284,0.955,0.0,0.035,0.035,0.0,0.7004081632653061,0.07450751463402995,-0.12428571428571429,0.09766092599238618,0.05,0.8246938775510203,0.0,0.0,0.0,0.05,5.0,0.0,imagenet,ce,200
5,0,0.945,0.98,0.98,0.965,4.365,4.485,4.485,0.0,0.02093363367021084,0.09066343307495117,0.95,0.0,0.04,0.04,0.0,0.7021428571428572,0.07770478670149972,-0.12255102040816328,0.1013925350928912,0.05,0.8246938775510203,0.0,0.0,0.0,0.05,5.17,0.0,imagenet,ce,200
6,0,0.945,0.98,0.98,0.97,4.465,4.485,4.485,0.0,0.033792488276958466,0.10847058147192001,0.95,0.0,0.04,0.04,0.0,0.7015816326530612,0.07675137488637866,-0.12311224489795919,0.10014722394029377,0.05,0.8246938775510203,0.0,0.0,0.0,0.05,5.115,0.0,imagenet,ce,200
7,0,0.945,0.98,0.98,0.965,4.395,4.485,4.485,0.0,0.05157889425754547,0.10396873205900192,0.95,0.0,0.04,0.04,0.0,0.7046938775510205,0.08904416390833718,-0.12,0.11394093014489044,0.05,0.8246938775510203,0.0,0.0,0.0,0.05,5.42,0.0,imagenet,ce,200
8,0,0.95,0.98,0.98,0.96,4.43,4.485,4.485,0.0,0.051017895340919495,0.10996443033218384,0.955,0.0,0.035,0.035,0.0,0.7044387755102041,0.08472064931562161,-0.12025510204081634,0.10967478169637616,0.05,0.8246938775510203,0.0,0.0,0.0,0.05,5.395,0.0,imagenet,ce,200
9,0,0.97,0.98,0.98,0.955,4.425,4.485,4.485,0.0,0.07506875693798065,0.05806565284729004,0.975,0.0,0.015,0.015,0.0,0.7044387755102041,0.08295648988907273,-0.12025510204081634,0.1058861631785112,0.05,0.8246938775510203,0.0,0.0,0.0,0.05,5.395,0.0,imagenet,ce,200
10,0,0.96,0.98,0.98,0.955,4.425,4.485,4.485,0.0,0.08192317932844162,0.08224817365407944,0.97,0.0,0.025,0.025,0.0,0.705408163265306,0.08468321116681247,-0.1192857142857143,0.1107224064724869,0.05,0.8246938775510203,0.0,0.0,0.0,0.05,5.49,0.0,imagenet,ce,200
11,0,0.955,0.98,0.98,0.945,4.435,4.485,4.485,0.0,0.09245432168245316,0.053036198019981384,0.965,0.0,0.03,0.03,0.0,0.7052551020408163,0.08467784421837028,-0.1194387755102041,0.11152862440168974,0.05,0.8246938775510203,0.0,0.0,0.0,0.05,5.475,0.0,imagenet,ce,200
12,0,0.965,0.98,0.98,0.95,4.395,4.485,4.485,0.0,0.09337400645017624,0.07783503085374832,0.97,0.0,0.02,0.02,0.0,0.7082142857142857,0.09158693738517477,-0.11647959183673469,0.1184251678804867,0.05,0.8246938775510203,0.0,0.0,0.0,0.05,5.765,0.0,imagenet,ce,200
13,0,0.96,0.98,0.98,0.95,4.395,4.485,4.485,0.0,0.10752835869789124,0.08085581660270691,0.965,0.0,0.025,0.025,0.0,0.7087755102040816,0.09562342495674372,-0.11591836734693878,0.12504332876153057,0.05,0.8246938775510203,0.0,0.0,0.0,0.05,5.82,0.0,imagenet,ce,200
14,0,0.95,0.98,0.98,0.96,4.365,4.485,4.485,0.0,0.08434291929006577,0.09648676216602325,0.955,0.0,0.035,0.035,0.0,0.707091836734694,0.090859171048455,-0.11760204081632653,0.12299518575775437,0.05,0.8246938775510203,0.0,0.0,0.0,0.05,5.655,0.0,imagenet,ce,200
15,0,0.955,0.98,0.98,0.95,4.455,4.485,4.485,0.0,0.0840514749288559,0.07303456962108612,0.965,0.0,0.03,0.03,0.0,0.7072959183673468,0.08652416323557555,-0.11739795918367348,0.11244759003966465,0.05,0.8246938775510203,0.0,0.0,0.0,0.05,5.675,0.0,imagenet,ce,200
16,0,0.965,0.98,0.98,0.945,4.36,4.485,4.485,0.0,0.09694801270961761,0.07195635139942169,0.97,0.0,0.02,0.02,0.0,0.7038775510204082,0.08191785349967992,-0.12081632653061225,0.11265055545532959,0.05,0.8246938775510203,0.0,0.0,0.0,0.05,5.34,0.0,imagenet,ce,200
17,0,0.955,0.98,0.98,0.945,4.43,4.485,4.485,0.0,0.06773179024457932,0.07961463183164597,0.96,0.0,0.03,0.03,0.0,0.7062244897959183,0.08695013499000136,-0.11846938775510203,0.11534197855908132,0.05,0.8246938775510203,0.0,0.0,0.0,0.05,5.57,0.0,imagenet,ce,200
18,0,0.95,0.98,0.98,0.95,4.44,4.485,4.485,0.0,0.07499026507139206,0.07779128849506378,0.96,0.0,0.035,0.035,0.0,0.7075,0.0927767534465797,-0.11719387755102041,0.12191946245722647,0.05,0.8246938775510203,0.0,0.0,0.0,0.05,5.695,0.0,imagenet,ce,200
19,0,0.955,0.98,0.98,0.945,4.43,4.485,4.485,0.0,0.07643307745456696,0.1028020828962326,0.96,0.0,0.03,0.03,0.0,0.7068367346938775,0.0902608997731021,-0.11785714285714284,0.11815812267574075,0.05,0.8246938775510203,0.0,0.0,0.0,0.05,5.63,0.0,imagenet,ce,200
20,0,0.95,0.98,0.98,0.95,4.43,4.485,4.485,0.0,0.05961069464683533,0.12894615530967712,0.955,0.0,0.035,0.035,0.0,0.7070408163265306,0.08975170229530224,-0.11765306122448979,0.12153205827191414,0.05,0.8246938775510203,0.0,0.0,0.0,0.05,5.65,0.0,imagenet,ce,200
21,0,0.955,0.98,0.98,0.955,4.43,4.485,4.485,0.0,0.07707807421684265,0.10004165023565292,0.96,0.0,0.03,0.03,0.0,0.7087755102040816,0.09378214716391543,-0.11591836734693878,0.12174726143057342,0.05,0.8246938775510203,0.0,0.0,0.0,0.05,5.82,0.0,imagenet,ce,200
22,0,0.945,0.98,0.98,0.945,4.405,4.485,4.485,0.0,0.09859507530927658,0.08634386211633682,0.955,0.0,0.04,0.04,0.0,0.7064795918367346,0.08619782158945159,-0.11821428571428573,0.11367931939799746,0.05,0.8246938775510203,0.0,0.0,0.0,0.05,5.595,0.0,imagenet,ce,200
23,0,0.965,0.98,0.98,0.94,4.4,4.485,4.485,0.0,0.10563408583402634,0.08605528622865677,0.97,0.0,0.02,0.02,0.0,0.7079591836734694,0.09039235987444535,-0.11673469387755102,0.11683990989869926,0.05,0.8246938775510203,0.0,0.0,0.0,0.05,5.74,0.0,imagenet,ce,200
24,0,0.97,0.98,0.98,0.95,4.38,4.485,4.485,0.0,0.07868842780590057,0.07613005489110947,0.975,0.0,0.015,0.015,0.0,0.7074489795918367,0.09062631938156561,-0.11724489795918366,0.11546360592328711,0.05,0.8246938775510203,0.0,0.0,0.0,0.05,5.69,0.0,imagenet,ce,200
25,0,0.965,0.98,0.98,0.945,4.47,4.485,4.485,0.0,0.08596955239772797,0.06461427360773087,0.975,0.0,0.02,0.02,0.0,0.7075510204081632,0.0908596502513223,-0.11714285714285716,0.11701531631159014,0.05,0.8246938775510203,0.0,0.0,0.0,0.05,5.7,0.0,imagenet,ce,200
26,0,0.96,0.98,0.98,0.95,4.42,4.485,4.485,0.0,0.0737689658999443,0.09266792237758636,0.97,0.0,0.025,0.025,0.0,0.7079591836734693,0.09067625921546131,-0.11673469387755102,0.11951744260913984,0.05,0.8246938775510203,0.0,0.0,0.0,0.05,5.74,0.0,imagenet,ce,200
27,0,0.965,0.98,0.98,0.95,4.43,4.485,4.485,0.0,0.09153888374567032,0.07465296238660812,0.975,0.0,0.02,0.02,0.0,0.7128061224489796,0.10088280576700984,-0.11188775510204083,0.13062387296798988,0.05,0.8246938775510203,0.0,0.0,0.0,0.05,6.215,0.0,imagenet,ce,200
28,0,0.955,0.98,0.98,0.945,4.44,4.485,4.485,0.0,0.08028044551610947,0.113152876496315,0.965,0.0,0.03,0.03,0.0,0.7089285714285714,0.09245200329347503,-0.11576530612244898,0.12178721189360658,0.05,0.8246938775510203,0.0,0.0,0.0,0.05,5.835,0.0,imagenet,ce,200
29,0,0.955,0.98,0.98,0.96,4.535,4.485,4.485,0.0,0.08694709837436676,0.08751273155212402,0.965,0.0,0.03,0.03,0.0,0.7069897959183674,0.0889356856914932,-0.11770408163265307,0.1179602815258113,0.05,0.8246938775510203,0.0,0.0,0.0,0.05,5.645,0.0,imagenet,ce,200
30,0,0.95,0.98,0.98,0.95,4.48,4.485,4.485,0.0,0.08258403837680817,0.09642618894577026,0.96,0.0,0.035,0.035,0.0,0.707857142857143,0.08921923720777536,-0.11683673469387756,0.12298173878065427,0.05,0.8246938775510203,0.0,0.0,0.0,0.05,5.73,0.0,imagenet,ce,200
31,0,0.95,0.98,0.98,0.955,4.45,4.485,4.485,0.0,0.07721182703971863,0.09436333924531937,0.96,0.0,0.035,0.035,0.0,0.710765306122449,0.09497632321789026,-0.11392857142857142,0.12245899822941282,0.05,0.8246938775510203,0.0,0.0,0.0,0.05,6.015,0.0,imagenet,ce,200
32,0,0.95,0.98,0.98,0.96,4.415,4.485,4.485,0.0,0.07813939452171326,0.10238085687160492,0.955,0.0,0.035,0.035,0.0,0.7100510204081633,0.10011407816686585,-0.11464285714285716,0.12607033737527673,0.05,0.8246938775510203,0.0,0.0,0.0,0.05,5.945,0.0,imagenet,ce,200
33,0,0.96,0.98,0.98,0.945,4.47,4.485,4.485,0.0,0.09532379359006882,0.06849268078804016,0.97,0.0,0.025,0.025,0.0,0.7114795918367346,0.09749968513410542,-0.11321428571428571,0.12901772479046486,0.05,0.8246938775510203,0.0,0.0,0.0,0.05,6.085,0.0,imagenet,ce,200
34,0,0.965,0.98,0.98,0.945,4.395,4.485,4.485,0.0,0.1037539467215538,0.07100662589073181,0.975,0.0,0.02,0.02,0.0,0.7109693877551021,0.09520415075312852,-0.11372448979591837,0.125679843351827,0.05,0.8246938775510203,0.0,0.0,0.0,0.05,6.035,0.0,imagenet,ce,200
35,0,0.965,0.98,0.98,0.955,4.395,4.485,4.485,0.0,0.06595627218484879,0.072627492249012,0.975,0.0,0.02,0.02,0.0,0.7120408163265306,0.09719902970084746,-0.1126530612244898,0.12651535973272984,0.05,0.8246938775510203,0.0,0.0,0.0,0.05,6.14,0.0,imagenet,ce,200
36,0,0.965,0.98,0.98,0.95,4.43,4.485,4.485,0.0,0.07861284166574478,0.05830814316868782,0.975,0.0,0.02,0.02,0.0,0.7117857142857144,0.09850180712868334,-0.11290816326530612,0.12919311699726677,0.05,0.8246938775510203,0.0,0.0,0.0,0.05,6.115,0.0,imagenet,ce,200
37,0,0.96,0.98,0.98,0.96,4.41,4.485,4.485,0.0,0.07203342765569687,0.09735367447137833,0.97,0.0,0.025,0.025,0.0,0.7110714285714286,0.09654917746768889,-0.11362244897959185,0.129301908087873,0.05,0.8246938775510203,0.0,0.0,0.0,0.05,6.045,0.0,imagenet,ce,200
38,0,0.96,0.98,0.98,0.945,4.41,4.485,4.485,0.0,0.07600931823253632,0.09791895747184753,0.97,0.0,0.025,0.025,0.0,0.7106632653061224,0.0946229872305556,-0.11403061224489797,0.12470347490852873,0.05,0.8246938775510203,0.0,0.0,0.0,0.05,6.005,0.0,imagenet,ce,200
39,0,0.96,0.98,0.98,0.945,4.41,4.485,4.485,0.0,0.08690043538808823,0.08237636834383011,0.97,0.0,0.025,0.025,0.0,0.7101020408163266,0.09156615822663054,-0.11459183673469388,0.12178419094758283,0.05,0.8246938775510203,0.0,0.0,0.0,0.05,5.95,0.0,imagenet,ce,200
40,0,0.965,0.98,0.98,0.945,4.375,4.485,4.485,0.0,0.0881824940443039,0.07767921686172485,0.97,0.0,0.02,0.02,0.0,0.7103061224489796,0.09416135322246229,-0.11438775510204083,0.12572299707404455,0.05,0.8246938775510203,0.0,0.0,0.0,0.05,5.97,0.0,imagenet,ce,200
41,0,0.96,0.98,0.98,0.945,4.395,4.485,4.485,0.0,0.08532923460006714,0.08763283491134644,0.965,0.0,0.025,0.025,0.0,0.7111224489795918,0.09536071594338286,-0.11357142857142857,0.12624381364919826,0.05,0.8246938775510203,0.0,0.0,0.0,0.05,6.05,0.0,imagenet,ce,200
42,0,0.965,0.98,0.98,0.945,4.42,4.485,4.485,0.0,0.09479101002216339,0.06617806851863861,0.97,0.0,0.02,0.02,0.0,0.7100510204081633,0.09351812794797451,-0.11464285714285713,0.12449095037023654,0.05,0.8246938775510203,0.0,0.0,0.0,0.05,5.945,0.0,imagenet,ce,200
43,0,0.97,0.98,0.98,0.93,4.42,4.485,4.485,0.0,0.13703496754169464,0.0537375770509243,0.98,0.0,0.015,0.015,0.0,0.7116836734693877,0.09578241302869335,-0.11301020408163266,0.12676306865367223,0.05,0.8246938775510203,0.0,0.0,0.0,0.05,6.105,0.0,imagenet,ce,200
44,0,0.965,0.98,0.98,0.955,4.47,4.485,4.485,0.0,0.1037106066942215,0.05747029185295105,0.975,0.0,0.02,0.02,0.0,0.7107142857142857,0.093553265897422,-0.1139795918367347,0.12418922540571657,0.05,0.8246938775510203,0.0,0.0,0.0,0.05,6.01,0.0,imagenet,ce,200
45,0,0.975,0.98,0.98,0.94,4.395,4.485,4.485,0.0,0.10431095957756042,0.08608485013246536,0.97,0.0,0.015,0.015,0.0,0.7109693877551021,0.09491525076897886,-0.11372448979591837,0.12404810193111189,0.05,0.8246938775510203,0.0,0.0,0.0,0.05,6.035,0.0,imagenet,ce,200
46,0,0.975,0.98,0.98,0.96,4.405,4.485,4.485,0.0,0.06778157502412796,0.04090220481157303,0.98,0.0,0.01,0.01,0.0,0.7096938775510204,0.08898522399227131,-0.115,0.11941856298653875,0.05,0.8246938775510203,0.0,0.0,0.0,0.05,5.91,0.0,imagenet,ce,200
47,0,0.975,0.98,0.98,0.955,4.405,4.485,4.485,0.0,0.08979006111621857,0.05228172242641449,0.98,0.0,0.01,0.01,0.0,0.7096938775510204,0.08995000334286654,-0.115,0.1184870835080801,0.05,0.8246938775510203,0.0,0.0,0.0,0.05,5.91,0.0,imagenet,ce,200
48,0,0.97,0.98,0.98,0.95,4.38,4.485,4.485,0.0,0.08321608603000641,0.07663801312446594,0.975,0.0,0.015,0.015,0.0,0.7102551020408163,0.09344230342862063,-0.11443877551020408,0.1270350075951137,0.05,0.8246938775510203,0.0,0.0,0.0,0.05,5.965,0.0,imagenet,ce,200
49,0,0.965,0.98,0.98,0.955,4.42,4.485,4.485,0.0,0.07600274682044983,0.09426253288984299,0.97,0.0,0.02,0.02,0.0,0.7123469387755103,0.09724418419035492,-0.1123469387755102,0.12949515614964185,0.05,0.8246938775510203,0.0,0.0,0.0,0.05,6.17,0.0,imagenet,ce,200
50,0,0.97,0.98,0.98,0.94,4.39,4.485,4.485,0.0,0.09596332907676697,0.06406904011964798,0.975,0.0,0.015,0.015,0.0,0.7120408163265307,0.09597790557025924,-0.1126530612244898,0.12924737701541744,0.05,0.8246938775510203,0.0,0.0,0.0,0.05,6.14,0.0,imagenet,ce,200
51,0,0.965,0.98,0.98,0.925,4.37,4.485,4.485,0.0,0.10351890325546265,0.08221904933452606,0.97,0.0,0.02,0.02,0.0,0.7109693877551021,0.09346320361350077,-0.11372448979591837,0.12697121382909246,0.05,0.8246938775510203,0.0,0.0,0.0,0.05,6.035,0.0,imagenet,ce,200
52,0,0.98,0.98,0.98,0.95,4.425,4.485,4.485,0.0,0.07698127627372742,0.046958066523075104,0.985,0.0,0.005,0.005,0.0,0.7109183673469388,0.09444530351436527,-0.11377551020408162,0.1263121619958838,0.05,0.8246938775510203,0.0,0.0,0.0,0.05,6.03,0.0,imagenet,ce,200
53,0,0.975,0.98,0.98,0.945,4.405,4.485,4.485,0.0,0.10052098333835602,0.04010374844074249,0.98,0.0,0.01,0.01,0.0,0.7120408163265306,0.09881078025527584,-0.1126530612244898,0.13179603162992862,0.05,0.8246938775510203,0.0,0.0,0.0,0.05,6.14,0.0,imagenet,ce,200
54,0,0.975,0.98,0.98,0.96,4.425,4.485,4.485,0.0,0.07339558750391006,0.028397034853696823,0.985,0.0,0.01,0.01,0.0,0.710204081632653,0.09340927949407121,-0.11448979591836736,0.12487518708541756,0.05,0.8246938775510203,0.0,0.0,0.0,0.05,5.96,0.0,imagenet,ce,200
55,0,0.975,0.98,0.98,0.94,4.415,4.485,4.485,0.0,0.09985503554344177,0.05549577623605728,0.98,0.0,0.01,0.01,0.0,0.709795918367347,0.09190372192387906,-0.11489795918367347,0.12271100648358697,0.05,0.8246938775510203,0.0,0.0,0.0,0.05,5.92,0.0,imagenet,ce,200
56,0,0.98,0.98,0.98,0.94,4.43,4.485,4.485,0.0,0.09984157234430313,0.04200007766485214,0.985,0.0,0.005,0.005,0.0,0.7096938775510204,0.09130117720058445,-0.115,0.12228426448622486,0.05,0.8246938775510203,0.0,0.0,0.0,0.05,5.91,0.0,imagenet,ce,200
57,0,0.975,0.98,0.98,0.945,4.415,4.485,4.485,0.0,0.08493076264858246,0.05757363140583038,0.98,0.0,0.01,0.01,0.0,0.7103061224489796,0.09403257445534845,-0.11438775510204081,0.1252404206326173,0.05,0.8246938775510203,0.0,0.0,0.0,0.05,5.97,0.0,imagenet,ce,200
58,0,0.975,0.98,0.98,0.95,4.405,4.485,4.485,0.0,0.06446786969900131,0.06140274181962013,0.97,0.0,0.015,0.015,0.0,0.7121428571428572,0.09801946176161512,-0.11255102040816325,0.1292969368303602,0.05,0.8246938775510203,0.0,0.0,0.0,0.05,6.15,0.0,imagenet,ce,200
59,0,0.975,0.98,0.98,0.955,4.405,4.485,4.485,0.0,0.0995970368385315,0.0714791864156723,0.97,0.0,0.015,0.015,0.0,0.7130102040816326,0.0986821005117101,-0.11168367346938776,0.12723924266392714,0.05,0.8246938775510203,0.0,0.0,0.0,0.05,6.235,0.0,imagenet,ce,200
60,0,0.975,0.98,0.98,0.955,4.415,4.485,4.485,0.0,0.09311075508594513,0.05018670856952667,0.98,0.0,0.01,0.01,0.0,0.7125,0.09730629987861436,-0.11219387755102041,0.12539178535327664,0.05,0.8246938775510203,0.0,0.0,0.0,0.05,6.185,0.0,imagenet,ce,200
61,0,0.98,0.98,0.98,0.95,4.43,4.485,4.485,0.0,0.11177883297204971,0.06883260607719421,0.975,0.0,0.01,0.01,0.0,0.7126530612244898,0.09793686580897011,-0.11204081632653061,0.12711946557377815,0.05,0.8246938775510203,0.0,0.0,0.0,0.05,6.2,0.0,imagenet,ce,200
62,0,0.975,0.98,0.98,0.945,4.405,4.485,4.485,0.0,0.12456239759922028,0.06515854597091675,0.97,0.0,0.015,0.015,0.0,0.7128061224489796,0.09854901984365055,-0.11188775510204081,0.12791109610683635,0.05,0.8246938775510203,0.0,0.0,0.0,0.05,6.215,0.0,imagenet,ce,200
63,0,0.97,0.98,0.98,0.935,4.39,4.485,4.485,0.0,0.1123289093375206,0.07556665688753128,0.975,0.0,0.015,0.015,0.0,0.7126530612244898,0.09842220286034234,-0.11204081632653061,0.12755186499925913,0.05,0.8246938775510203,0.0,0.0,0.0,0.05,6.2,0.0,imagenet,ce,200
64,0,0.97,0.98,0.98,0.935,4.39,4.485,4.485,0.0,0.1061549261212349,0.08230239897966385,0.975,0.0,0.015,0.015,0.0,0.712295918367347,0.09694989106963679,-0.1123979591836735,0.12793282302081935,0.05,0.8246938775510203,0.0,0.0,0.0,0.05,6.165,0.0,imagenet,ce,200
65,0,0.97,0.98,0.98,0.935,4.39,4.485,4.485,0.0,0.10936859250068665,0.07142285257577896,0.975,0.0,0.015,0.015,0.0,0.7108673469387756,0.09453178431756462,-0.1138265306122449,0.12440688384100212,0.05,0.8246938775510203,0.0,0.0,0.0,0.05,6.025,0.0,imagenet,ce,200
66,0,0.98,0.98,0.98,0.95,4.445,4.485,4.485,0.0,0.09722056239843369,0.026801273226737976,0.99,0.0,0.005,0.005,0.0,0.7116836734693878,0.09662970375965584,-0.11301020408163268,0.13004197751070024,0.05,0.8246938775510203,0.0,0.0,0.0,0.05,6.105,0.0,imagenet,ce,200
67,0,0.98,0.98,0.98,0.95,4.45,4.485,4.485,0.0,0.0929546132683754,0.019634732976555824,0.99,0.0,0.005,0.005,0.0,0.7126530612244898,0.09808920487109941,-0.11204081632653062,0.1281960404860729,0.05,0.8246938775510203,0.0,0.0,0.0,0.05,6.2,0.0,imagenet,ce,200
68,0,0.975,0.98,0.98,0.945,4.435,4.485,4.485,0.0,0.09751319885253906,0.040612611919641495,0.985,0.0,0.01,0.01,0.0,0.7124489795918367,0.09888251698542155,-0.11224489795918367,0.1279170353569498,0.05,0.8246938775510203,0.0,0.0,0.0,0.05,6.18,0.0,imagenet,ce,200
69,0,0.975,0.98,0.98,0.955,4.435,4.485,4.485,0.0,0.09988872706890106,0.03216756880283356,0.985,0.0,0.01,0.01,0.0,0.7109693877551021,0.09464724865200966,-0.11372448979591837,0.12727074878159328,0.05,0.8246938775510203,0.0,0.0,0.0,0.05,6.035,0.0,imagenet,ce,200
70,0,0.97,0.98,0.98,0.95,4.41,4.485,4.485,0.0,0.08622284233570099,0.041312675923109055,0.98,0.0,0.015,0.015,0.0,0.7109183673469388,0.09401169772165155,-0.11377551020408165,0.12292124677056564,0.05,0.8246938775510203,0.0,0.0,0.0,0.05,6.03,0.0,imagenet,ce,200
71,0,0.975,0.98,0.98,0.955,4.425,4.485,4.485,0.0,0.07419028133153915,0.03348173573613167,0.985,0.0,0.01,0.01,0.0,0.7110714285714286,0.093962046058395,-0.11362244897959185,0.12546238430106313,0.05,0.8246938775510203,0.0,0.0,0.0,0.05,6.045,0.0,imagenet,ce,200
72,0,0.97,0.98,0.98,0.95,4.41,4.485,4.485,0.0,0.08086483925580978,0.058343008160591125,0.98,0.0,0.015,0.015,0.0,0.7111734693877552,0.09371308342985307,-0.11352040816326531,0.122446084486146,0.05,0.8246938775510203,0.0,0.0,0.0,0.05,6.055,0.0,imagenet,ce,200
73,0,0.97,0.98,0.98,0.945,4.41,4.485,4.485,0.0,0.08449786901473999,0.044811543077230453,0.98,0.0,0.015,0.015,0.0,0.7111734693877549,0.09400176533976227,-0.11352040816326532,0.12298486470797798,0.05,0.8246938775510203,0.0,0.0,0.0,0.05,6.055,0.0,imagenet,ce,200
74,0,0.97,0.98,0.98,0.945,4.41,4.485,4.485,0.0,0.0897013247013092,0.03504658490419388,0.98,0.0,0.015,0.015,0.0,0.7116836734693878,0.095387061436003,-0.11301020408163266,0.12393290739128134,0.05,0.8246938775510203,0.0,0.0,0.0,0.05,6.105,0.0,imagenet,ce,200
75,0,0.975,0.98,0.98,0.955,4.435,4.485,4.485,0.0,0.0815698653459549,0.029004497453570366,0.985,0.0,0.01,0.01,0.0,0.7114795918367346,0.0949351062880036,-0.11321428571428571,0.12357052186358487,0.05,0.8246938775510203,0.0,0.0,0.0,0.05,6.085,0.0,imagenet,ce,200
76,0,0.97,0.98,0.98,0.95,4.41,4.485,4.485,0.0,0.09934797883033752,0.04912066459655762,0.98,0.0,0.015,0.015,0.0,0.7113265306122449,0.09517852098375498,-0.11336734693877552,0.12430486196943093,0.05,0.8246938775510203,0.0,0.0,0.0,0.05,6.07,0.0,imagenet,ce,200
77,0,0.975,0.98,0.98,0.955,4.425,4.485,4.485,0.0,0.09389255195856094,0.03665436804294586,0.985,0.0,0.01,0.01,0.0,0.7115306122448979,0.09619546090161013,-0.11316326530612245,0.12353335296327714,0.05,0.8246938775510203,0.0,0.0,0.0,0.05,6.09,0.0,imagenet,ce,200
78,0,0.975,0.98,0.98,0.95,4.425,4.485,4.485,0.0,0.10019789636135101,0.03739099204540253,0.985,0.0,0.01,0.01,0.0,0.7113265306122449,0.09474984036014493,-0.11336734693877552,0.12314820936240721,0.05,0.8246938775510203,0.0,0.0,0.0,0.05,6.07,0.0,imagenet,ce,200
79,0,0.975,0.98,0.98,0.95,4.425,4.485,4.485,0.0,0.09972875565290451,0.03424324467778206,0.985,0.0,0.01,0.01,0.0,0.7110714285714286,0.09481296077665807,-0.11362244897959183,0.12327445960079786,0.05,0.8246938775510203,0.0,0.0,0.0,0.05,6.045,0.0,imagenet,ce,200
80,0,0.975,0.98,0.98,0.95,4.435,4.485,4.485,0.0,0.10131140053272247,0.02641734667122364,0.985,0.0,0.01,0.01,0.0,0.710765306122449,0.09314734104491328,-0.11392857142857142,0.12461448622460011,0.05,0.8246938775510203,0.0,0.0,0.0,0.05,6.015,0.0,imagenet,ce,200
81,0,0.975,0.98,0.98,0.95,4.425,4.485,4.485,0.0,0.10099498927593231,0.03615935146808624,0.985,0.0,0.01,0.01,0.0,0.7107653061224489,0.09309899972957707,-0.11392857142857142,0.12360054053424392,0.05,0.8246938775510203,0.0,0.0,0.0,0.05,6.015,0.0,imagenet,ce,200
82,0,0.975,0.98,0.98,0.95,4.425,4.485,4.485,0.0,0.09904877841472626,0.04636892303824425,0.985,0.0,0.01,0.01,0.0,0.7111224489795919,0.09424737044539812,-0.11357142857142857,0.12038118936528917,0.05,0.8246938775510203,0.0,0.0,0.0,0.05,6.05,0.0,imagenet,ce,200
83,0,0.975,0.98,0.98,0.945,4.425,4.485,4.485,0.0,0.10105457901954651,0.04948792606592178,0.985,0.0,0.01,0.01,0.0,0.7112244897959183,0.09451835425216196,-0.11346938775510203,0.12073453535733279,0.05,0.8246938775510203,0.0,0.0,0.0,0.05,6.06,0.0,imagenet,ce,200
84,0,0.975,0.98,0.98,0.945,4.425,4.485,4.485,0.0,0.08694242686033249,0.05002015084028244,0.985,0.0,0.01,0.01,0.0,0.7110714285714286,0.09368621960451497,-0.11362244897959185,0.11989929749805014,0.05,0.8246938775510203,0.0,0.0,0.0,0.05,6.045,0.0,imagenet,ce,200
85,0,0.975,0.98,0.98,0.95,4.425,4.485,4.485,0.0,0.09081397950649261,0.046157822012901306,0.985,0.0,0.01,0.01,0.0,0.7113265306122449,0.09419474168628411,-0.11336734693877552,0.11913854318845551,0.05,0.8246938775510203,0.0,0.0,0.0,0.05,6.07,0.0,imagenet,ce,200
86,0,0.975,0.98,0.98,0.94,4.425,4.485,4.485,0.0,0.0948469340801239,0.04451076686382294,0.985,0.0,0.01,0.01,0.0,0.7108673469387754,0.09304030124010287,-0.11382653061224488,0.11876049797225278,0.05,0.8246938775510203,0.0,0.0,0.0,0.05,6.025,0.0,imagenet,ce,200
87,0,0.97,0.98,0.98,0.94,4.41,4.485,4.485,0.0,0.1064542606472969,0.05069701373577118,0.98,0.0,0.015,0.015,0.0,0.7112244897959183,0.09453909089192064,-0.11346938775510203,0.12021895470737945,0.05,0.8246938775510203,0.0,0.0,0.0,0.05,6.06,0.0,imagenet,ce,200
88,0,0.975,0.98,0.98,0.94,4.425,4.485,4.485,0.0,0.10373911261558533,0.046814266592264175,0.985,0.0,0.01,0.01,0.0,0.7111224489795918,0.09428939369991872,-0.11357142857142857,0.12034941973804962,0.05,0.8246938775510203,0.0,0.0,0.0,0.05,6.05,0.0,imagenet,ce,200
89,0,0.975,0.98,0.98,0.94,4.425,4.485,4.485,0.0,0.095741406083107,0.04685308411717415,0.985,0.0,0.01,0.01,0.0,0.7111224489795919,0.09406140267244864,-0.11357142857142857,0.12068005120236194,0.05,0.8246938775510203,0.0,0.0,0.0,0.05,6.05,0.0,imagenet,ce,200
90,0,0.975,0.98,0.98,0.94,4.425,4.485,4.485,0.0,0.09493596106767654,0.04633800685405731,0.985,0.0,0.01,0.01,0.0,0.7113265306122449,0.09438577674217774,-0.11336734693877551,0.12062426127668005,0.05,0.8246938775510203,0.0,0.0,0.0,0.05,6.07,0.0,imagenet,ce,200
91,0,0.975,0.98,0.98,0.94,4.425,4.485,4.485,0.0,0.09052562713623047,0.04358525201678276,0.985,0.0,0.01,0.01,0.0,0.7112755102040816,0.09433006131666967,-0.11341836734693878,0.11975783858841169,0.05,0.8246938775510203,0.0,0.0,0.0,0.05,6.065,0.0,imagenet,ce,200
92,0,0.975,0.98,0.98,0.945,4.425,4.485,4.485,0.0,0.08988536149263382,0.04345563426613808,0.985,0.0,0.01,0.01,0.0,0.7111734693877552,0.09375388826371643,-0.11352040816326531,0.11969723508154857,0.05,0.8246938775510203,0.0,0.0,0.0,0.05,6.055,0.0,imagenet,ce,200
93,0,0.975,0.98,0.98,0.945,4.425,4.485,4.485,0.0,0.09138890355825424,0.04282813146710396,0.985,0.0,0.01,0.01,0.0,0.7112755102040816,0.09403367010225448,-0.11341836734693878,0.11988884943464655,0.05,0.8246938775510203,0.0,0.0,0.0,0.05,6.065,0.0,imagenet,ce,200
94,0,0.975,0.98,0.98,0.945,4.425,4.485,4.485,0.0,0.08877556771039963,0.041616689413785934,0.985,0.0,0.01,0.01,0.0,0.7112755102040816,0.09444721360690399,-0.11341836734693878,0.11960597173383576,0.05,0.8246938775510203,0.0,0.0,0.0,0.05,6.065,0.0,imagenet,ce,200
95,0,0.975,0.98,0.98,0.95,4.425,4.485,4.485,0.0,0.09266958385705948,0.04232093319296837,0.985,0.0,0.01,0.01,0.0,0.7114795918367348,0.09437013456529034,-0.11321428571428573,0.1196112957324658,0.05,0.8246938775510203,0.0,0.0,0.0,0.05,6.085,0.0,imagenet,ce,200
96,0,0.975,0.98,0.98,0.95,4.425,4.485,4.485,0.0,0.08726682513952255,0.04061580076813698,0.985,0.0,0.01,0.01,0.0,0.7115306122448979,0.09443723895595753,-0.11316326530612246,0.11987751780936379,0.05,0.8246938775510203,0.0,0.0,0.0,0.05,6.09,0.0,imagenet,ce,200
97,0,0.975,0.98,0.98,0.955,4.425,4.485,4.485,0.0,0.09256843477487564,0.03979456052184105,0.985,0.0,0.01,0.01,0.0,0.7114285714285714,0.09437946389963052,-0.11326530612244898,0.11954430595433223,0.05,0.8246938775510203,0.0,0.0,0.0,0.05,6.08,0.0,imagenet,ce,200
98,0,0.975,0.98,0.98,0.955,4.425,4.485,4.485,0.0,0.0903719961643219,0.03534497320652008,0.985,0.0,0.01,0.01,0.0,0.7115306122448979,0.0946488069046292,-0.11316326530612245,0.11977305022708606,0.05,0.8246938775510203,0.0,0.0,0.0,0.05,6.09,0.0,imagenet,ce,200
99,0,0.975,0.98,0.98,0.955,4.425,4.485,4.485,0.0,0.09069418907165527,0.038503799587488174,0.985,0.0,0.01,0.01,0.0,0.7115306122448979,0.09457779604414467,-0.11316326530612245,0.11971600091012079,0.05,0.8246938775510203,0.0,0.0,0.0,0.05,6.09,0.0,imagenet,ce,200
100,0,0.975,0.98,0.98,0.955,4.425,4.485,4.485,0.0,0.08717086911201477,0.040443386882543564,0.985,0.0,0.01,0.01,0.0,0.7115816326530612,0.09465999335880841,-0.11311224489795918,0.11981443522076006,0.05,0.8246938775510203,0.0,0.0,0.0,0.05,6.095,0.0,imagenet,ce,200
0,0,0.055,0.98,0.96,0.965,4.295,4.485,4.415,0.05204267427325249,0.04942389577627182,1.9759149551391602,0.055,0.02,0.925,0.905,2.8,0.7058673469387755,0.08231790489358617,-0.1188265306122449,0.11018673395505175,0.05,0.677295918367347,0.025096868132710646,-0.1473979591836735,0.07082148470217361,0.05,2.8,0.0,imagenet,foreground_rescue_10,200
1,0,0.75,0.98,0.96,0.96,4.455,4.485,4.43,0.06318224966526031,0.05513814464211464,1.0583021640777588,0.75,0.02,0.235,0.225,2.715,0.7027551020408163,0.0799233838072081,-0.1219387755102041,0.10420021671234281,0.05,0.6750510204081632,0.022643247961560305,-0.14964285714285716,0.06400014399914652,0.05,2.715,0.0,imagenet,foreground_rescue_10,200
2,0,0.94,0.98,0.955,0.955,4.39,4.485,4.405,0.05281518027186394,0.045632876455783844,0.2512735426425934,0.94,0.025,0.05,0.045,2.38,0.6985204081632652,0.07488409226152119,-0.12617346938775512,0.09303922770559439,0.05,0.6742346938775511,0.02210071391242915,-0.1504591836734694,0.05684819465343025,0.05,2.38,0.0,imagenet,foreground_rescue_10,200
3,0,0.95,0.98,0.96,0.97,4.37,4.485,4.37,0.030648833140730858,0.023575253784656525,0.1068258062005043,0.955,0.025,0.035,0.03,2.3,0.697091836734694,0.0666258863967791,-0.12760204081632653,0.08953345870962949,0.05,0.6736224489795919,0.02095819160556371,-0.15107142857142858,0.05742316365431179,0.05,2.3,0.0,imagenet,foreground_rescue_10,200
4,0,0.95,0.98,0.95,0.95,4.405,4.485,4.4,0.05827224627137184,0.06253885477781296,0.09655210375785828,0.955,0.035,0.035,0.03,2.51,0.7004591836734694,0.07280280681755125,-0.12423469387755101,0.0962669647274015,0.05,0.6748469387755103,0.022516860526920528,-0.1498469387755102,0.06133204266938264,0.05,2.51,0.0,imagenet,foreground_rescue_10,200
5,0,0.935,0.98,0.965,0.965,4.43,4.485,4.395,0.04219811037182808,0.03467132896184921,0.09651121497154236,0.94,0.02,0.05,0.05,2.735,0.7033673469387755,0.08269507944871562,-0.12132653061224488,0.1091695027257083,0.05,0.6754591836734692,0.023581882051866652,-0.14923469387755103,0.06875915583455935,0.05,2.735,0.0,imagenet,foreground_rescue_10,200
6,0,0.955,0.98,0.955,0.96,4.43,4.485,4.425,0.05185748264193535,0.03491896763443947,0.1112145259976387,0.96,0.025,0.03,0.03,2.69,0.7028061224489796,0.07977118626326227,-0.1218877551020408,0.10379515272419666,0.05,0.6753571428571429,0.023586148677808786,-0.14933673469387754,0.06485225163080031,0.05,2.69,0.0,imagenet,foreground_rescue_10,200
7,0,0.955,0.98,0.965,0.975,4.365,4.485,4.425,0.056878719478845596,0.051830701529979706,0.10061084479093552,0.96,0.02,0.03,0.03,2.79,0.7041836734693878,0.0851747455919371,-0.12051020408163265,0.11233484083626535,0.05,0.6757142857142857,0.024059639834972918,-0.1489795918367347,0.07070925183434155,0.05,2.79,0.0,imagenet,foreground_rescue_10,200
8,0,0.95,0.98,0.955,0.96,4.395,4.485,4.435,0.03932442143559456,0.03497947007417679,0.0914265364408493,0.955,0.025,0.035,0.035,2.7,0.7047448979591836,0.08419561854863235,-0.11994897959183674,0.10884593469119863,0.05,0.6771938775510205,0.025957336744342235,-0.1475,0.06932490324456012,0.05,2.7,0.0,imagenet,foreground_rescue_10,200
9,0,0.955,0.98,0.965,0.96,4.34,4.485,4.41,0.04391135647892952,0.04130537062883377,0.09200739115476608,0.96,0.015,0.03,0.025,2.855,0.7076530612244898,0.08986219058717264,-0.11704081632653061,0.11534577481943416,0.05,0.6785204081632653,0.027626190129883956,-0.1461734693877551,0.07132788181857905,0.05,2.855,0.0,imagenet,foreground_rescue_10,200
10,0,0.95,0.98,0.96,0.965,4.37,4.485,4.375,0.059079721570014954,0.047942619770765305,0.08356911689043045,0.955,0.025,0.035,0.03,2.86,0.7090306122448979,0.09183446103692364,-0.11566326530612243,0.11946478813828434,0.05,0.6798469387755103,0.029722935886418084,-0.1448469387755102,0.07687633872264996,0.05,2.86,0.0,imagenet,foreground_rescue_10,200
11,0,0.955,0.98,0.95,0.955,4.365,4.485,4.37,0.04851002246141434,0.045982398092746735,0.07649393379688263,0.96,0.03,0.03,0.025,2.75,0.7066326530612244,0.08786801189474254,-0.11806122448979593,0.11440451194575871,0.05,0.6785714285714286,0.027831521658444762,-0.14612244897959184,0.07413243226110353,0.05,2.75,0.0,imagenet,foreground_rescue_10,200
12,0,0.955,0.98,0.94,0.94,4.365,4.485,4.37,0.0865035429596901,0.09028249979019165,0.08331704884767532,0.96,0.04,0.03,0.015,2.905,0.7079591836734693,0.0904780979409944,-0.11673469387755103,0.11937148043012712,0.05,0.6783163265306124,0.027102897935865188,-0.14637755102040817,0.0758532128907973,0.05,2.905,0.0,imagenet,foreground_rescue_10,200
13,0,0.96,0.98,0.95,0.945,4.38,4.485,4.38,0.06716334074735641,0.07439365983009338,0.08839647471904755,0.965,0.035,0.025,0.02,2.94,0.709795918367347,0.0933836592801379,-0.11489795918367347,0.12141416639540693,0.05,0.679795918367347,0.02880353552492616,-0.14489795918367349,0.07680192391198944,0.05,2.94,0.0,imagenet,foreground_rescue_10,200
14,0,0.96,0.98,0.955,0.955,4.395,4.485,4.36,0.07800113409757614,0.07098300009965897,0.0788239985704422,0.965,0.03,0.025,0.02,2.925,0.7084693877551022,0.09174547319724001,-0.11622448979591837,0.12276231414478389,0.05,0.6786224489795919,0.027908728219629562,-0.14607142857142857,0.07840067883153097,0.05,2.925,0.0,imagenet,foreground_rescue_10,200
15,0,0.955,0.98,0.95,0.95,4.375,4.485,4.38,0.09971305727958679,0.09742532670497894,0.085725337266922,0.96,0.035,0.03,0.025,2.795,0.7058163265306123,0.08362029901205155,-0.11887755102040817,0.11496294406271773,0.05,0.677295918367347,0.0259044489657658,-0.14739795918367346,0.07456383979442763,0.05,2.795,0.0,imagenet,foreground_rescue_10,200
16,0,0.96,0.98,0.955,0.955,4.42,4.485,4.365,0.0697162076830864,0.0749790221452713,0.11897098273038864,0.955,0.03,0.03,0.025,2.8,0.7058673469387755,0.08585934404072053,-0.1188265306122449,0.11226710673843626,0.05,0.677295918367347,0.02618475803208601,-0.1473979591836735,0.0718214906648791,0.05,2.8,0.0,imagenet,foreground_rescue_10,200
17,0,0.96,0.98,0.95,0.955,4.395,4.485,4.38,0.07297119498252869,0.07741595804691315,0.09762252867221832,0.965,0.035,0.025,0.02,2.865,0.7078061224489797,0.08828020667340304,-0.11688775510204083,0.11280643109828815,0.05,0.6785714285714286,0.02755589768113233,-0.14612244897959184,0.07084778674019616,0.05,2.865,0.0,imagenet,foreground_rescue_10,200
18,0,0.97,0.98,0.95,0.95,4.425,4.485,4.39,0.07939121127128601,0.08349329233169556,0.07797835022211075,0.965,0.035,0.02,0.02,2.745,0.705969387755102,0.08595406945855233,-0.11872448979591838,0.11165113331226166,0.05,0.6779591836734693,0.02707666584894829,-0.146734693877551,0.07113273291150107,0.05,2.745,0.0,imagenet,foreground_rescue_10,200
19,0,0.975,0.98,0.95,0.95,4.435,4.485,4.39,0.07515272498130798,0.06146462261676788,0.0753273218870163,0.97,0.035,0.015,0.015,2.845,0.7073469387755102,0.09015908310198234,-0.11734693877551021,0.1182659127068473,0.05,0.6783163265306124,0.027497958856739838,-0.14637755102040817,0.07561782489705365,0.05,2.845,0.0,imagenet,foreground_rescue_10,200
20,0,0.98,0.98,0.955,0.95,4.415,4.485,4.32,0.06984078139066696,0.07542423903942108,0.0647570788860321,0.975,0.03,0.01,0.005,2.66,0.7042346938775509,0.08528699949711178,-0.12045918367346939,0.11395217994650012,0.05,0.677091836734694,0.02579196486360176,-0.14760204081632652,0.07339990394611959,0.05,2.66,0.0,imagenet,foreground_rescue_10,200
21,0,0.975,0.98,0.955,0.95,4.395,4.485,4.43,0.05446083843708038,0.048690423369407654,0.0521344430744648,0.98,0.025,0.01,0.01,2.865,0.7080612244897959,0.091890729500656,-0.11663265306122449,0.12022029958403437,0.05,0.6788265306122448,0.0284084266730712,-0.14586734693877554,0.07844993567763595,0.05,2.865,0.0,imagenet,foreground_rescue_10,200
22,0,0.96,0.98,0.95,0.945,4.455,4.485,4.38,0.04509078338742256,0.04102088510990143,0.08806120604276657,0.955,0.03,0.03,0.025,2.75,0.7056632653061224,0.08574383512638738,-0.11903061224489797,0.11327346535064862,0.05,0.6776020408163265,0.026899844401560978,-0.1470918367346939,0.073703537677211,0.05,2.75,0.0,imagenet,foreground_rescue_10,200
23,0,0.96,0.98,0.95,0.94,4.41,4.485,4.39,0.07821348309516907,0.07535642385482788,0.09293857216835022,0.955,0.03,0.03,0.025,2.835,0.7076530612244898,0.08835266026683353,-0.11704081632653061,0.11578310513563338,0.05,0.6787244897959184,0.028446044678465728,-0.14596938775510204,0.07497994946650578,0.05,2.835,0.0,imagenet,foreground_rescue_10,200
24,0,0.96,0.98,0.955,0.96,4.455,4.485,4.37,0.05889696255326271,0.05610978975892067,0.0834316536784172,0.97,0.03,0.025,0.025,2.87,0.7084693877551022,0.09043614499160584,-0.11622448979591837,0.12177922028888133,0.05,0.6791836734693877,0.028719716467757308,-0.14551020408163268,0.0793933264289808,0.05,2.87,0.0,imagenet,foreground_rescue_10,200
25,0,0.955,0.98,0.96,0.95,4.41,4.485,4.395,0.04930569976568222,0.059878163039684296,0.08646264672279358,0.96,0.025,0.03,0.03,2.965,0.7099489795918368,0.09390110888344566,-0.11474489795918368,0.1271428901341278,0.05,0.6796938775510205,0.029372612191847173,-0.145,0.08252207369019743,0.05,2.965,0.0,imagenet,foreground_rescue_10,200
26,0,0.955,0.98,0.95,0.95,4.445,4.485,4.395,0.07259583473205566,0.06626246869564056,0.08705601841211319,0.96,0.035,0.03,0.025,2.98,0.7104591836734694,0.09618770796130571,-0.11423469387755102,0.12533943740199902,0.05,0.6800510204081632,0.0298856432682772,-0.14464285714285716,0.08005827221102663,0.05,2.98,0.0,imagenet,foreground_rescue_10,200
27,0,0.955,0.98,0.955,0.955,4.435,4.485,4.41,0.04687286913394928,0.04757867008447647,0.07907648384571075,0.965,0.025,0.03,0.03,2.935,0.7110714285714286,0.09436641025478326,-0.11362244897959183,0.1239270441350527,0.05,0.6811224489795918,0.031370814691889924,-0.14357142857142857,0.0803677371959202,0.05,2.935,0.0,imagenet,foreground_rescue_10,200
28,0,0.965,0.98,0.95,0.95,4.45,4.485,4.36,0.07283753901720047,0.09672035276889801,0.09426048398017883,0.96,0.035,0.025,0.02,2.84,0.7093367346938774,0.0924068253769215,-0.11535714285714287,0.1219744251591328,0.05,0.6803571428571429,0.030699457090274034,-0.14433673469387756,0.07927789941881201,0.05,2.84,0.0,imagenet,foreground_rescue_10,200
29,0,0.955,0.98,0.95,0.95,4.46,4.485,4.39,0.061196219176054,0.07292947173118591,0.10718467831611633,0.96,0.035,0.03,0.02,2.84,0.7086224489795917,0.09238320802804043,-0.11607142857142858,0.11905298246114399,0.05,0.6796428571428572,0.02928569516782131,-0.14505102040816328,0.07523039832056383,0.05,2.84,0.0,imagenet,foreground_rescue_10,200
30,0,0.96,0.98,0.945,0.95,4.43,4.485,4.365,0.07835164666175842,0.07222071290016174,0.1029532253742218,0.965,0.04,0.025,0.02,2.75,0.7068367346938775,0.08800735553518685,-0.11785714285714288,0.11488110429694644,0.05,0.6787755102040817,0.028024186082829885,-0.14591836734693878,0.07406917432410409,0.05,2.75,0.0,imagenet,foreground_rescue_10,200
31,0,0.95,0.98,0.95,0.95,4.4,4.485,4.39,0.05982626602053642,0.051859378814697266,0.1074475646018982,0.955,0.03,0.035,0.03,2.815,0.7070408163265307,0.08731505773675763,-0.11765306122448979,0.11426357070100494,0.05,0.6783163265306122,0.027513597678848697,-0.14637755102040817,0.0732750973867951,0.05,2.815,0.0,imagenet,foreground_rescue_10,200
32,0,0.95,0.98,0.96,0.955,4.51,4.485,4.39,0.06729364395141602,0.08087682723999023,0.1415702998638153,0.945,0.025,0.04,0.035,2.79,0.7061224489795919,0.08842173318241535,-0.11857142857142858,0.11650052141136256,0.05,0.6776530612244898,0.026688296838732996,-0.1470408163265306,0.07413273115438641,0.05,2.79,0.0,imagenet,foreground_rescue_10,200
33,0,0.96,0.98,0.95,0.945,4.415,4.485,4.415,0.06277091801166534,0.06846615672111511,0.08490592241287231,0.965,0.03,0.025,0.02,2.78,0.7055612244897957,0.08742118534737399,-0.1191326530612245,0.11260304353898391,0.05,0.6771938775510205,0.02607849918850518,-0.1475,0.07070848435192602,0.05,2.78,0.0,imagenet,foreground_rescue_10,200
34,0,0.95,0.98,0.94,0.95,4.4,4.485,4.345,0.09149397909641266,0.09005796164274216,0.09810931235551834,0.955,0.04,0.035,0.025,2.74,0.7043367346938776,0.08336502113093676,-0.12035714285714284,0.10995249088693526,0.05,0.6763775510204081,0.02472424053173718,-0.14831632653061225,0.07030821565378574,0.05,2.74,0.0,imagenet,foreground_rescue_10,200
35,0,0.965,0.98,0.95,0.95,4.42,4.485,4.38,0.0688980370759964,0.06833681464195251,0.07787436246871948,0.97,0.03,0.02,0.015,2.805,0.7055102040816327,0.08688359883430556,-0.11918367346938777,0.11398899102336145,0.05,0.6768877551020408,0.0255370450126117,-0.1478061224489796,0.07297129643833614,0.05,2.805,0.0,imagenet,foreground_rescue_10,200
36,0,0.965,0.98,0.955,0.955,4.415,4.485,4.405,0.06343284249305725,0.0711413025856018,0.0828714445233345,0.97,0.025,0.02,0.015,2.865,0.7056122448979592,0.08686184706506471,-0.11908163265306122,0.11891084470495115,0.05,0.6763775510204081,0.02502098656067912,-0.14831632653061225,0.07660658273089212,0.05,2.865,0.0,imagenet,foreground_rescue_10,200
37,0,0.96,0.98,0.95,0.945,4.355,4.485,4.38,0.08633589744567871,0.08211653679609299,0.0916115939617157,0.965,0.03,0.025,0.02,2.81,0.7060714285714286,0.0875638476396144,-0.11862244897959183,0.11848477175633888,0.05,0.6773979591836735,0.026481018879430624,-0.14729591836734696,0.07661949386354536,0.05,2.81,0.0,imagenet,foreground_rescue_10,200
38,0,0.96,0.98,0.945,0.945,4.415,4.485,4.34,0.0702337995171547,0.06266624480485916,0.11698334664106369,0.955,0.035,0.03,0.025,2.815,0.705969387755102,0.08762656810147579,-0.11872448979591838,0.11867513764635078,0.05,0.6772448979591836,0.026018554795436265,-0.14744897959183675,0.07685333590299706,0.05,2.815,0.0,imagenet,foreground_rescue_10,200
39,0,0.955,0.98,0.95,0.95,4.38,4.485,4.37,0.07956773787736893,0.07725868374109268,0.10697351396083832,0.96,0.03,0.03,0.015,2.86,0.7079591836734694,0.09036921281180507,-0.11673469387755102,0.12354383689336829,0.05,0.6787755102040817,0.02793424592523583,-0.14591836734693878,0.08027484610953252,0.05,2.86,0.0,imagenet,foreground_rescue_10,200
40,0,0.96,0.98,0.955,0.955,4.38,4.485,4.365,0.06573595851659775,0.07020385563373566,0.09178155660629272,0.965,0.03,0.025,0.02,2.82,0.7069387755102041,0.08871588478737029,-0.11775510204081634,0.11982856926493696,0.05,0.6781632653061223,0.027261983486687003,-0.14653061224489797,0.0775934325977869,0.05,2.82,0.0,imagenet,foreground_rescue_10,200
41,0,0.96,0.98,0.955,0.95,4.41,4.485,4.365,0.07446146756410599,0.08013834804296494,0.08429031074047089,0.965,0.03,0.025,0.02,2.92,0.7087755102040816,0.09198581004322016,-0.11591836734693878,0.1222956459125271,0.05,0.6789795918367346,0.028575226820920945,-0.1457142857142857,0.07898311592405662,0.05,2.92,0.0,imagenet,foreground_rescue_10,200
42,0,0.955,0.98,0.955,0.955,4.465,4.485,4.375,0.0623200386762619,0.05998485907912254,0.09568743407726288,0.955,0.03,0.035,0.03,3.04,0.710561224489796,0.09794492440426995,-0.11413265306122451,0.12374422745735501,0.05,0.6795408163265306,0.02944965389053921,-0.1451530612244898,0.07720354467470315,0.05,3.04,0.0,imagenet,foreground_rescue_10,200
43,0,0.975,0.98,0.945,0.945,4.425,4.485,4.405,0.0757676288485527,0.07468965649604797,0.05874861776828766,0.98,0.035,0.01,0.005,2.925,0.7088265306122449,0.09333963545631464,-0.11586734693877551,0.12135406190311188,0.05,0.6789795918367346,0.028736665948968298,-0.1457142857142857,0.0766165150825691,0.05,2.925,0.0,imagenet,foreground_rescue_10,200
44,0,0.965,0.98,0.945,0.96,4.42,4.485,4.335,0.08540476113557816,0.06884210556745529,0.09323767572641373,0.96,0.04,0.025,0.015,3.035,0.7110204081632654,0.09599402712884446,-0.1136734693877551,0.1277275750154513,0.05,0.6800510204081632,0.030027232065123883,-0.14464285714285713,0.0824491121826577,0.05,3.035,0.0,imagenet,foreground_rescue_10,200
45,0,0.955,0.98,0.945,0.95,4.49,4.485,4.365,0.07014801353216171,0.06861962378025055,0.15845580399036407,0.945,0.04,0.04,0.03,2.98,0.7092857142857142,0.09395057695988632,-0.11540816326530613,0.12504192248772597,0.05,0.6788775510204081,0.028644095472069,-0.14581632653061224,0.07992732434853679,0.05,2.98,0.0,imagenet,foreground_rescue_10,200
46,0,0.955,0.98,0.95,0.95,4.46,4.485,4.35,0.08150610327720642,0.09098590910434723,0.09509478509426117,0.96,0.035,0.03,0.02,3.02,0.7103061224489795,0.09669101780293388,-0.11438775510204081,0.12822090123518137,0.05,0.6794897959183673,0.02916989093515138,-0.14520408163265305,0.08147226843721,0.05,3.02,0.0,imagenet,foreground_rescue_10,200
47,0,0.96,0.98,0.955,0.95,4.475,4.485,4.375,0.06134415790438652,0.0824400931596756,0.10046427696943283,0.955,0.03,0.03,0.025,3.0,0.7097448979591837,0.09756917296967932,-0.11494897959183675,0.1288002965573105,0.05,0.6791326530612244,0.028768040056673855,-0.14556122448979594,0.08139681458211272,0.05,3.0,0.0,imagenet,foreground_rescue_10,200
48,0,0.965,0.98,0.95,0.94,4.395,4.485,4.395,0.07379616796970367,0.08392205834388733,0.05731358379125595,0.97,0.035,0.02,0.01,2.975,0.7100510204081633,0.0987258240022783,-0.11464285714285716,0.13103687663417077,0.05,0.6796938775510205,0.02965698652270921,-0.145,0.08279690780997044,0.05,2.975,0.0,imagenet,foreground_rescue_10,200
49,0,0.965,0.98,0.95,0.945,4.415,4.485,4.35,0.06634347885847092,0.07257744669914246,0.08111121505498886,0.97,0.035,0.02,0.015,2.95,0.7094897959183674,0.09573259336275258,-0.11520408163265307,0.1281769592614728,0.05,0.6793877551020409,0.029094318821673952,-0.14530612244897959,0.08164141520130215,0.05,2.95,0.0,imagenet,foreground_rescue_10,200
50,0,0.96,0.98,0.95,0.94,4.435,4.485,4.395,0.06682448089122772,0.09802032262086868,0.07393260300159454,0.965,0.035,0.025,0.02,2.965,0.7091836734693878,0.09623287041457369,-0.11551020408163265,0.1291921407209884,0.05,0.6789285714285714,0.02837499316824457,-0.14576530612244898,0.08166811482908087,0.05,2.965,0.0,imagenet,foreground_rescue_10,200
51,0,0.965,0.98,0.95,0.945,4.395,4.485,4.385,0.08084627240896225,0.10679353773593903,0.0663953647017479,0.97,0.035,0.02,0.015,2.915,0.7087244897959184,0.09531012683774845,-0.11596938775510206,0.12642130665335571,0.05,0.6789795918367346,0.028296148746855137,-0.14571428571428574,0.08106351003836608,0.05,2.915,0.0,imagenet,foreground_rescue_10,200
52,0,0.965,0.98,0.96,0.96,4.425,4.485,4.375,0.07557764649391174,0.08372443914413452,0.09353051334619522,0.97,0.025,0.02,0.015,2.86,0.7081122448979592,0.09443157301970735,-0.11658163265306122,0.125318174046115,0.05,0.6789285714285714,0.02821130514845139,-0.14576530612244898,0.08072482603951357,0.05,2.86,0.0,imagenet,foreground_rescue_10,200
53,0,0.97,0.98,0.955,0.95,4.455,4.485,4.395,0.06524437665939331,0.07552243024110794,0.06875236332416534,0.975,0.025,0.015,0.01,2.785,0.7064285714285714,0.09095885998971154,-0.11826530612244898,0.12154742169062956,0.05,0.6780102040816325,0.027032998527739594,-0.14668367346938777,0.07778805965892388,0.05,2.785,0.0,imagenet,foreground_rescue_10,200
54,0,0.955,0.98,0.95,0.95,4.425,4.485,4.36,0.07455435395240784,0.07134868949651718,0.10615251213312149,0.96,0.035,0.03,0.025,2.665,0.7041326530612244,0.0840310465601438,-0.12056122448979593,0.11030492905221763,0.05,0.6769387755102041,0.025918443972731128,-0.14775510204081635,0.07093153218898805,0.05,2.665,0.0,imagenet,foreground_rescue_10,200
55,0,0.965,0.98,0.95,0.95,4.42,4.485,4.35,0.09283894300460815,0.10231458395719528,0.08831910789012909,0.97,0.035,0.02,0.015,2.775,0.7043877551020408,0.08661521598418778,-0.12030612244897959,0.11622454466443742,0.05,0.6760714285714284,0.02460154579924973,-0.14862244897959184,0.07378386314638191,0.05,2.775,0.0,imagenet,foreground_rescue_10,200
56,0,0.97,0.98,0.95,0.94,4.425,4.485,4.38,0.0778122991323471,0.10222926735877991,0.07092442363500595,0.975,0.03,0.015,0.01,2.79,0.705408163265306,0.08865592270216889,-0.1192857142857143,0.11851148843750707,0.05,0.6769387755102041,0.025829657754031274,-0.14775510204081635,0.07612500604693195,0.05,2.79,0.0,imagenet,foreground_rescue_10,200
57,0,0.96,0.98,0.96,0.945,4.4,4.485,4.38,0.07154283672571182,0.09508603811264038,0.0828043669462204,0.965,0.025,0.025,0.02,2.775,0.7046428571428572,0.08681371247556181,-0.12005102040816328,0.11590323762400657,0.05,0.6763265306122449,0.02500972898947273,-0.1483673469387755,0.07398334279059782,0.05,2.775,0.0,imagenet,foreground_rescue_10,200
58,0,0.96,0.98,0.955,0.95,4.44,4.485,4.395,0.0659828633069992,0.07007276266813278,0.09956686198711395,0.965,0.025,0.025,0.02,2.7,0.7040816326530611,0.08258812728584651,-0.12061224489795919,0.11109355773412971,0.05,0.6765306122448981,0.025250901622014585,-0.14816326530612245,0.07244856847552,0.05,2.7,0.0,imagenet,foreground_rescue_10,200
59,0,0.955,0.98,0.955,0.95,4.405,4.485,4.34,0.07001850008964539,0.08795076608657837,0.10916022956371307,0.96,0.03,0.03,0.025,2.715,0.7048469387755102,0.08577321524411247,-0.1198469387755102,0.11020357409943245,0.05,0.6771428571428573,0.026066571120908138,-0.14755102040816326,0.06994526725247852,0.05,2.715,0.0,imagenet,foreground_rescue_10,200
60,0,0.96,0.98,0.955,0.945,4.44,4.485,4.395,0.06859669834375381,0.0742701068520546,0.08898749202489853,0.965,0.025,0.025,0.02,2.685,0.7048469387755102,0.08520503022048634,-0.11984693877551023,0.10991247832891532,0.05,0.6774489795918367,0.026221469438543307,-0.1472448979591837,0.07051184963987907,0.05,2.685,0.0,imagenet,foreground_rescue_10,200
61,0,0.955,0.98,0.94,0.94,4.415,4.485,4.315,0.08792611956596375,0.0825161337852478,0.10443664342164993,0.96,0.04,0.03,0.02,2.805,0.7062244897959183,0.08789502689637972,-0.11846938775510205,0.11314814590936294,0.05,0.6776020408163265,0.02640738888819526,-0.1470918367346939,0.07199766996403924,0.05,2.805,0.0,imagenet,foreground_rescue_10,200
62,0,0.955,0.98,0.95,0.955,4.47,4.485,4.38,0.07760538905858994,0.06684746593236923,0.09428951889276505,0.96,0.03,0.03,0.025,2.81,0.7062755102040816,0.08859452386693069,-0.11841836734693878,0.11858666800268111,0.05,0.6776020408163265,0.026403240314262704,-0.1470918367346939,0.0763186973296979,0.05,2.81,0.0,imagenet,foreground_rescue_10,200
63,0,0.96,0.98,0.95,0.95,4.46,4.485,4.38,0.07659923285245895,0.0683746412396431,0.09962353110313416,0.965,0.03,0.025,0.02,2.845,0.7068877551020408,0.08982451887294364,-0.11780612244897959,0.1145006869341887,0.05,0.6778571428571428,0.026706191907271536,-0.14683673469387756,0.07167900283733615,0.05,2.845,0.0,imagenet,foreground_rescue_10,200
64,0,0.96,0.98,0.96,0.95,4.4,4.485,4.38,0.06472349166870117,0.07814478129148483,0.09033311903476715,0.965,0.025,0.025,0.02,2.875,0.7074489795918367,0.0916762219975948,-0.11724489795918368,0.11675205256600747,0.05,0.6781122448979592,0.027323077119932298,-0.14658163265306123,0.07329738425367395,0.05,2.875,0.0,imagenet,foreground_rescue_10,200
65,0,0.96,0.98,0.955,0.95,4.4,4.485,4.395,0.06757762283086777,0.06535973399877548,0.09244037419557571,0.965,0.025,0.025,0.02,2.885,0.7074489795918367,0.09091401638891397,-0.11724489795918366,0.11692480381621863,0.05,0.6780102040816325,0.027220098679706397,-0.14668367346938777,0.07355695074467804,0.05,2.885,0.0,imagenet,foreground_rescue_10,200
66,0,0.965,0.98,0.95,0.945,4.425,4.485,4.38,0.08562932163476944,0.07653044909238815,0.07749306410551071,0.97,0.03,0.02,0.015,2.85,0.7068367346938775,0.09008928861167834,-0.11785714285714287,0.11713068316676072,0.05,0.6777551020408162,0.026702821479140437,-0.1469387755102041,0.07402280275462544,0.05,2.85,0.0,imagenet,foreground_rescue_10,200
67,0,0.965,0.98,0.955,0.95,4.415,4.485,4.395,0.06380526721477509,0.0780363529920578,0.08448933809995651,0.97,0.025,0.02,0.015,2.84,0.7063775510204081,0.08924074622666536,-0.11831632653061223,0.11584666307171573,0.05,0.6773979591836735,0.026151509580537746,-0.14729591836734696,0.07278234449302545,0.05,2.84,0.0,imagenet,foreground_rescue_10,200
68,0,0.965,0.98,0.955,0.945,4.405,4.485,4.395,0.06011274456977844,0.07689421623945236,0.09319780021905899,0.97,0.025,0.02,0.015,2.79,0.7057653061224488,0.08739182462764121,-0.11892857142857143,0.11334971037838841,0.05,0.677295918367347,0.025982379408714146,-0.1473979591836735,0.07174177703127498,0.05,2.79,0.0,imagenet,foreground_rescue_10,200
69,0,0.96,0.98,0.945,0.94,4.38,4.485,4.395,0.08677591383457184,0.08759254217147827,0.08800360560417175,0.965,0.035,0.025,0.02,2.8,0.7061224489795919,0.08773403534197244,-0.11857142857142858,0.11363503127460717,0.05,0.6775510204081633,0.026452483216487372,-0.14714285714285716,0.07287621639596181,0.05,2.8,0.0,imagenet,foreground_rescue_10,200
70,0,0.955,0.98,0.94,0.94,4.375,4.485,4.365,0.10138017684221268,0.09573143720626831,0.10121835768222809,0.96,0.04,0.03,0.025,2.81,0.7062755102040816,0.08736630424843118,-0.11841836734693878,0.11424569030743442,0.05,0.6776020408163265,0.026780508955603247,-0.14709183673469386,0.07297035091367433,0.05,2.81,0.0,imagenet,foreground_rescue_10,200
71,0,0.955,0.98,0.94,0.935,4.375,4.485,4.38,0.08934776484966278,0.10733839124441147,0.09517120569944382,0.96,0.04,0.03,0.025,2.89,0.7080102040816327,0.09349840518967718,-0.11668367346938777,0.11937262647537863,0.05,0.6785204081632653,0.028182554047001842,-0.1461734693877551,0.07567067642914481,0.05,2.89,0.0,imagenet,foreground_rescue_10,200
72,0,0.96,0.98,0.95,0.945,4.4,4.485,4.36,0.07569979876279831,0.09202306717634201,0.07753444463014603,0.965,0.04,0.025,0.02,2.915,0.7084183673469387,0.09480906590509215,-0.11627551020408164,0.12010923236652161,0.05,0.6786734693877551,0.02803176888063298,-0.14602040816326534,0.07582424985288526,0.05,2.915,0.0,imagenet,foreground_rescue_10,200
73,0,0.955,0.98,0.945,0.94,4.375,4.485,4.39,0.0929124653339386,0.10493762046098709,0.08259493112564087,0.96,0.035,0.03,0.025,2.905,0.708265306122449,0.09447176531451187,-0.11642857142857142,0.12329152357109706,0.05,0.6786224489795919,0.028152511045229672,-0.14607142857142857,0.07884007846281747,0.05,2.905,0.0,imagenet,foreground_rescue_10,200
74,0,0.965,0.98,0.95,0.95,4.425,4.485,4.375,0.08000645041465759,0.08703916519880295,0.08323036879301071,0.97,0.03,0.02,0.015,2.865,0.7076530612244898,0.09166781066447403,-0.11704081632653061,0.11754334811412263,0.05,0.6784183673469388,0.02766207074100754,-0.14627551020408164,0.07439613968890627,0.05,2.865,0.0,imagenet,foreground_rescue_10,200
75,0,0.97,0.98,0.945,0.945,4.42,4.485,4.365,0.07900264114141464,0.0884147435426712,0.07422628253698349,0.975,0.035,0.015,0.01,2.835,0.707295918367347,0.09123239309628392,-0.11739795918367348,0.11626450553361792,0.05,0.6783673469387754,0.02744556860083684,-0.1463265306122449,0.07346819543570746,0.05,2.835,0.0,imagenet,foreground_rescue_10,200
76,0,0.965,0.98,0.95,0.945,4.425,4.485,4.38,0.0744999349117279,0.09466495364904404,0.07262364029884338,0.97,0.03,0.02,0.015,2.815,0.7070408163265307,0.09039772117485857,-0.11765306122448979,0.1155155210342491,0.05,0.6783163265306122,0.027541764425015523,-0.14637755102040817,0.07400399981590454,0.05,2.815,0.0,imagenet,foreground_rescue_10,200
77,0,0.965,0.98,0.95,0.94,4.425,4.485,4.38,0.07798471301794052,0.08603004366159439,0.08106052130460739,0.97,0.03,0.02,0.015,2.76,0.7061224489795919,0.08831375743813659,-0.11857142857142858,0.11337254647864028,0.05,0.6779591836734693,0.027316993318534044,-0.146734693877551,0.07266708626179025,0.05,2.76,0.0,imagenet,foreground_rescue_10,200
78,0,0.965,0.98,0.95,0.935,4.42,4.485,4.38,0.0771455466747284,0.09128021448850632,0.07381682097911835,0.97,0.03,0.02,0.015,2.785,0.7064285714285714,0.08912958424177649,-0.11826530612244898,0.11463785684434696,0.05,0.6780102040816325,0.027419664910371788,-0.14668367346938777,0.07356188173638657,0.05,2.785,0.0,imagenet,foreground_rescue_10,200
79,0,0.96,0.98,0.945,0.935,4.41,4.485,4.395,0.09007911384105682,0.09243594855070114,0.08089863508939743,0.965,0.035,0.025,0.015,2.795,0.7061224489795919,0.08841988323557591,-0.11857142857142858,0.11256008477634168,0.05,0.6776020408163265,0.026880651626841966,-0.1470918367346939,0.07103660508742905,0.05,2.795,0.0,imagenet,foreground_rescue_10,200
80,0,0.965,0.98,0.95,0.94,4.465,4.485,4.38,0.08580126613378525,0.0907578095793724,0.07457544654607773,0.97,0.03,0.02,0.015,2.76,0.7058673469387755,0.08758891660036652,-0.1188265306122449,0.11612292818477726,0.05,0.677704081632653,0.026914467122516703,-0.14698979591836736,0.07543830667375005,0.05,2.76,0.0,imagenet,foreground_rescue_10,200
81,0,0.965,0.98,0.95,0.945,4.42,4.485,4.38,0.06937547028064728,0.08036685734987259,0.080651193857193,0.97,0.03,0.02,0.015,2.79,0.7062755102040816,0.08875262702842361,-0.11841836734693878,0.11435212977041374,0.05,0.6778061224489795,0.02696162808495436,-0.1468877551020408,0.07259225583038642,0.05,2.79,0.0,imagenet,foreground_rescue_10,200
82,0,0.965,0.98,0.95,0.945,4.42,4.485,4.38,0.07162460684776306,0.08183355629444122,0.08182814717292786,0.97,0.03,0.02,0.015,2.815,0.7067857142857144,0.08993746901090302,-0.11790816326530612,0.11481970393157098,0.05,0.6780612244897959,0.027250856291744133,-0.1466326530612245,0.07249960671237204,0.05,2.815,0.0,imagenet,foreground_rescue_10,200
83,0,0.96,0.98,0.945,0.945,4.4,4.485,4.34,0.07274151593446732,0.08286760002374649,0.08460195362567902,0.965,0.035,0.025,0.02,2.84,0.7075,0.09021400146383429,-0.11719387755102041,0.11517664347367827,0.05,0.6785204081632653,0.027844581755796325,-0.1461734693877551,0.07288866029935889,0.05,2.84,0.0,imagenet,foreground_rescue_10,200
84,0,0.96,0.98,0.95,0.94,4.4,4.485,4.38,0.0867619439959526,0.09743484854698181,0.087069571018219,0.965,0.03,0.025,0.02,2.785,0.7068877551020409,0.08945062513306855,-0.11780612244897959,0.1144447378773475,0.05,0.6784693877551021,0.027776595737721052,-0.14622448979591837,0.07300540857366286,0.05,2.785,0.0,imagenet,foreground_rescue_10,200
85,0,0.96,0.98,0.955,0.935,4.4,4.485,4.375,0.08452385663986206,0.09361806511878967,0.08798441290855408,0.965,0.03,0.025,0.02,2.8,0.7070408163265306,0.08972367046747175,-0.11765306122448979,0.11458701370575,0.05,0.6784693877551021,0.027902105771874193,-0.14622448979591837,0.07290431051165797,0.05,2.8,0.0,imagenet,foreground_rescue_10,200
86,0,0.96,0.98,0.95,0.935,4.4,4.485,4.38,0.0833158940076828,0.09089130163192749,0.0822635143995285,0.965,0.03,0.025,0.02,2.8,0.7070408163265306,0.08990627392514607,-0.11765306122448979,0.11478439764876384,0.05,0.6784693877551021,0.02794429182912258,-0.14622448979591837,0.07357254260336049,0.05,2.8,0.0,imagenet,foreground_rescue_10,200
87,0,0.965,0.98,0.95,0.935,4.395,4.485,4.38,0.08477567881345749,0.0944303497672081,0.07178125530481339,0.97,0.03,0.02,0.015,2.785,0.7067857142857144,0.09007760092518294,-0.11790816326530613,0.11468409157183487,0.05,0.6783673469387757,0.028012896329711472,-0.1463265306122449,0.07305399619333912,0.05,2.785,0.0,imagenet,foreground_rescue_10,200
88,0,0.965,0.98,0.95,0.935,4.405,4.485,4.38,0.08486465364694595,0.09552940726280212,0.06976450979709625,0.97,0.03,0.02,0.015,2.815,0.7068367346938775,0.0904271307667792,-0.11785714285714287,0.11600843427702784,0.05,0.6781122448979593,0.027667329958785354,-0.14658163265306123,0.07333992848929484,0.05,2.815,0.0,imagenet,foreground_rescue_10,200
89,0,0.975,0.98,0.955,0.94,4.45,4.485,4.395,0.061605215072631836,0.08062874525785446,0.06551355868577957,0.98,0.025,0.01,0.005,2.82,0.7069897959183673,0.09066080699509098,-0.11770408163265306,0.1162827459257096,0.05,0.6782142857142859,0.027667211693816703,-0.1464795918367347,0.07395231316622812,0.05,2.82,0.0,imagenet,foreground_rescue_10,200
90,0,0.965,0.98,0.95,0.94,4.42,4.485,4.38,0.07898351550102234,0.08406665921211243,0.06940101832151413,0.97,0.03,0.02,0.015,2.82,0.7070918367346938,0.09092637051823642,-0.11760204081632654,0.11630157538689673,0.05,0.6783163265306124,0.027810382119881866,-0.14637755102040817,0.07415355170902331,0.05,2.82,0.0,imagenet,foreground_rescue_10,200
91,0,0.965,0.98,0.95,0.935,4.405,4.485,4.38,0.0855303704738617,0.08613944798707962,0.06658107042312622,0.97,0.03,0.02,0.015,2.81,0.7066836734693878,0.08983474628763255,-0.11801020408163264,0.1148627663332445,0.05,0.6780102040816327,0.027089894274394018,-0.14668367346938777,0.0729209566632926,0.05,2.81,0.0,imagenet,foreground_rescue_10,200
92,0,0.965,0.98,0.95,0.94,4.395,4.485,4.38,0.07801883667707443,0.07874900102615356,0.06829307228326797,0.97,0.03,0.02,0.015,2.815,0.7066836734693878,0.08941465642406132,-0.11801020408163264,0.11451750645413995,0.05,0.6779591836734694,0.02700682736959537,-0.146734693877551,0.07248030357353855,0.05,2.815,0.0,imagenet,foreground_rescue_10,200
93,0,0.965,0.98,0.95,0.94,4.395,4.485,4.38,0.06769418716430664,0.07520127296447754,0.06969934701919556,0.97,0.03,0.02,0.015,2.805,0.7068877551020407,0.08963127821306406,-0.11780612244897959,0.11475362586788833,0.05,0.678265306122449,0.02742830150380776,-0.14642857142857144,0.07260013877705206,0.05,2.805,0.0,imagenet,foreground_rescue_10,200
94,0,0.965,0.98,0.95,0.935,4.395,4.485,4.38,0.07911369204521179,0.08240341395139694,0.06947484612464905,0.97,0.03,0.02,0.015,2.815,0.7069387755102041,0.08993638516480626,-0.11775510204081632,0.1153603694960475,0.05,0.6782142857142857,0.02734062970961817,-0.1464795918367347,0.07298601378512103,0.05,2.815,0.0,imagenet,foreground_rescue_10,200
95,0,0.965,0.98,0.95,0.94,4.395,4.485,4.38,0.07748717069625854,0.08234777301549911,0.06951189786195755,0.97,0.03,0.02,0.015,2.82,0.7071938775510204,0.09013433238247334,-0.1175,0.11538706590421498,0.05,0.6784183673469387,0.027680954452458016,-0.14627551020408164,0.07323237641074229,0.05,2.82,0.0,imagenet,foreground_rescue_10,200
96,0,0.965,0.98,0.95,0.94,4.405,4.485,4.38,0.06634923070669174,0.08139670640230179,0.06968992948532104,0.97,0.03,0.02,0.015,2.835,0.7071938775510204,0.09043707209984463,-0.1175,0.11551314211450517,0.05,0.6782653061224491,0.027494619821554524,-0.14642857142857144,0.07302814087655861,0.05,2.835,0.0,imagenet,foreground_rescue_10,200
97,0,0.965,0.98,0.95,0.94,4.405,4.485,4.38,0.07654260843992233,0.07917220890522003,0.07240041345357895,0.97,0.03,0.02,0.015,2.825,0.7070408163265306,0.08983369398202995,-0.11765306122448979,0.1155058093648404,0.05,0.6782142857142859,0.027441918114655094,-0.1464795918367347,0.07332123149943072,0.05,2.825,0.0,imagenet,foreground_rescue_10,200
98,0,0.965,0.98,0.95,0.94,4.405,4.485,4.38,0.08015625178813934,0.08148866891860962,0.07292076200246811,0.97,0.03,0.02,0.015,2.84,0.7072959183673468,0.09080593611023538,-0.11739795918367348,0.11597964450716973,0.05,0.6783163265306124,0.027776370316588504,-0.14637755102040817,0.07336017854337115,0.05,2.84,0.0,imagenet,foreground_rescue_10,200
99,0,0.965,0.98,0.95,0.94,4.405,4.485,4.38,0.07464645057916641,0.07985346019268036,0.07252301275730133,0.97,0.03,0.02,0.015,2.84,0.7074489795918367,0.09069495969457925,-0.11724489795918366,0.11596226879395545,0.05,0.6784693877551021,0.02797608836170128,-0.14622448979591837,0.07365361630741972,0.05,2.84,0.0,imagenet,foreground_rescue_10,200
100,0,0.96,0.98,0.955,0.94,4.4,4.485,4.395,0.06487205624580383,0.08023164421319962,0.07509588450193405,0.965,0.025,0.025,0.02,2.865,0.707857142857143,0.09244422786717035,-0.11683673469387756,0.11756265280302614,0.05,0.6786224489795919,0.02833324959322584,-0.1460714285714286,0.07428086132567842,0.05,2.865,0.0,imagenet,foreground_rescue_10,200
0,0,0.055,0.98,0.98,0.965,4.295,4.485,4.485,0.0,0.04942389577627182,1.9759149551391602,0.055,0.0,0.925,0.925,0.0,0.7058673469387755,0.08231790489358617,-0.1188265306122449,0.11018673395505175,0.05,0.8246938775510203,0.0,0.0,0.0,0.05,5.535,0.0,imagenet,full,200
1,0,0.75,0.98,0.98,0.96,4.43,4.485,4.485,0.0,0.05323332920670509,1.0580281019210815,0.75,0.0,0.235,0.235,0.0,0.7025510204081633,0.07954411670421145,-0.12214285714285715,0.1039186399373284,0.05,0.8246938775510203,0.0,0.0,0.0,0.05,5.21,0.0,imagenet,full,200
2,0,0.945,0.98,0.98,0.955,4.355,4.485,4.485,0.0,0.049214478582143784,0.24838322401046753,0.945,0.0,0.045,0.045,0.0,0.6984693877551021,0.07512587802736925,-0.12622448979591838,0.09303953425973305,0.05,0.8246938775510203,0.0,0.0,0.0,0.05,4.81,0.0,imagenet,full,200
3,0,0.955,0.98,0.98,0.96,4.385,4.485,4.485,0.0,0.02812671661376953,0.10418704897165298,0.96,0.0,0.03,0.03,0.0,0.6962244897959183,0.06588167720906637,-0.12846938775510203,0.08799744398289476,0.05,0.8246938775510203,0.0,0.0,0.0,0.05,4.59,0.0,imagenet,full,200
4,0,0.945,0.98,0.98,0.96,4.44,4.485,4.485,0.0,0.055960703641176224,0.09701266884803772,0.95,0.0,0.04,0.04,0.0,0.7003571428571429,0.0732792165541192,-0.12433673469387754,0.09648476132904761,0.05,0.8246938775510203,0.0,0.0,0.0,0.05,4.995,0.0,imagenet,full,200
5,0,0.94,0.98,0.98,0.97,4.39,4.485,4.485,0.0,0.024135148152709007,0.09410647302865982,0.945,0.0,0.045,0.045,0.0,0.7028061224489797,0.0807447161086091,-0.1218877551020408,0.10544595717976335,0.05,0.8246938775510203,0.0,0.0,0.0,0.05,5.235,0.0,imagenet,full,200
6,0,0.94,0.98,0.98,0.96,4.43,4.485,4.485,0.0,0.02959354966878891,0.11398518830537796,0.945,0.0,0.045,0.045,0.0,0.7025,0.07976399325837517,-0.1221938775510204,0.10392693547910312,0.05,0.8246938775510203,0.0,0.0,0.0,0.05,5.205,0.0,imagenet,full,200
7,0,0.955,0.98,0.98,0.965,4.405,4.485,4.485,0.0,0.06798671185970306,0.09644623845815659,0.96,0.0,0.03,0.03,0.0,0.7058673469387755,0.08744506949610138,-0.11882653061224492,0.11281986261703424,0.05,0.8246938775510203,0.0,0.0,0.0,0.05,5.535,0.0,imagenet,full,200
8,0,0.95,0.98,0.98,0.965,4.425,4.485,4.485,0.0,0.03482094407081604,0.1111133024096489,0.955,0.0,0.035,0.035,0.0,0.7034183673469389,0.08086581280180993,-0.12127551020408163,0.10536561959132086,0.05,0.8246938775510203,0.0,0.0,0.0,0.05,5.295,0.0,imagenet,full,200
9,0,0.965,0.98,0.98,0.96,4.38,4.485,4.485,0.0,0.07106432318687439,0.0879586711525917,0.96,0.0,0.025,0.025,0.0,0.7064285714285715,0.0869882124537653,-0.11826530612244898,0.11094682092851144,0.05,0.8246938775510203,0.0,0.0,0.0,0.05,5.59,0.0,imagenet,full,200
10,0,0.955,0.98,0.98,0.95,4.385,4.485,4.485,0.0,0.0800112783908844,0.0725964903831482,0.96,0.0,0.03,0.03,0.0,0.7087755102040816,0.09239107608465587,-0.11591836734693878,0.11607602727119229,0.05,0.8246938775510203,0.0,0.0,0.0,0.05,5.82,0.0,imagenet,full,200
11,0,0.97,0.98,0.98,0.95,4.42,4.485,4.485,0.0,0.06203329935669899,0.05806654319167137,0.975,0.0,0.015,0.015,0.0,0.7065306122448979,0.0886274994339384,-0.11816326530612244,0.11047784607086214,0.05,0.8246938775510203,0.0,0.0,0.0,0.05,5.6,0.0,imagenet,full,200
12,0,0.97,0.98,0.98,0.96,4.4,4.485,4.485,0.0,0.05642828345298767,0.04818267002701759,0.975,0.0,0.015,0.015,0.0,0.7076530612244898,0.09162909350847376,-0.11704081632653061,0.11668401482253103,0.05,0.8246938775510203,0.0,0.0,0.0,0.05,5.71,0.0,imagenet,full,200
13,0,0.96,0.98,0.98,0.96,4.365,4.485,4.485,0.0,0.05139441788196564,0.08303733915090561,0.965,0.0,0.025,0.025,0.0,0.7080612244897959,0.09001420225257996,-0.11663265306122451,0.11450962519869791,0.05,0.8246938775510203,0.0,0.0,0.0,0.05,5.75,0.0,imagenet,full,200
14,0,0.96,0.98,0.98,0.95,4.36,4.485,4.485,0.0,0.06405003368854523,0.061461228877305984,0.965,0.0,0.025,0.025,0.0,0.7111224489795919,0.09732512470156177,-0.11357142857142857,0.12659070899433572,0.05,0.8246938775510203,0.0,0.0,0.0,0.05,6.05,0.0,imagenet,full,200
15,0,0.96,0.98,0.98,0.95,4.385,4.485,4.485,0.0,0.06677388399839401,0.08842852711677551,0.965,0.0,0.025,0.025,0.0,0.7067857142857144,0.08534573573811573,-0.11790816326530613,0.1146504628326511,0.05,0.8246938775510203,0.0,0.0,0.0,0.05,5.625,0.0,imagenet,full,200
16,0,0.955,0.98,0.98,0.94,4.37,4.485,4.485,0.0,0.1106753721833229,0.13094943761825562,0.95,0.0,0.035,0.035,0.0,0.7095408163265308,0.093365762528253,-0.1151530612244898,0.12079953967782785,0.05,0.8246938775510203,0.0,0.0,0.0,0.05,5.895,0.0,imagenet,full,200
17,0,0.965,0.98,0.98,0.96,4.375,4.485,4.485,0.0,0.07531090825796127,0.07219080626964569,0.97,0.0,0.02,0.02,0.0,0.7126020408163265,0.10003597651583496,-0.11209183673469388,0.13148069469054463,0.05,0.8246938775510203,0.0,0.0,0.0,0.05,6.195,0.0,imagenet,full,200
18,0,0.975,0.98,0.98,0.96,4.4,4.485,4.485,0.0,0.08500427007675171,0.06573040038347244,0.97,0.0,0.015,0.015,0.0,0.7127551020408163,0.10071549391332067,-0.11193877551020409,0.12939335242903327,0.05,0.8246938775510203,0.0,0.0,0.0,0.05,6.21,0.0,imagenet,full,200
19,0,0.975,0.98,0.98,0.95,4.45,4.485,4.485,0.0,0.08096154034137726,0.08140554279088974,0.97,0.0,0.015,0.015,0.0,0.7099489795918368,0.09578867778717427,-0.11474489795918368,0.12390679340111092,0.05,0.8246938775510203,0.0,0.0,0.0,0.05,5.935,0.0,imagenet,full,200
20,0,0.97,0.98,0.98,0.96,4.43,4.485,4.485,0.0,0.07064525783061981,0.07629615068435669,0.965,0.0,0.02,0.02,0.0,0.7097448979591837,0.09429048201163702,-0.11494897959183673,0.1249226896285836,0.05,0.8246938775510203,0.0,0.0,0.0,0.05,5.915,0.0,imagenet,full,200
21,0,0.965,0.98,0.98,0.94,4.435,4.485,4.485,0.0,0.10285861045122147,0.0995277613401413,0.96,0.0,0.025,0.025,0.0,0.7102551020408163,0.09308025399787133,-0.11443877551020408,0.1214654625649564,0.05,0.8246938775510203,0.0,0.0,0.0,0.05,5.965,0.0,imagenet,full,200
22,0,0.955,0.98,0.98,0.96,4.42,4.485,4.485,0.0,0.06748219579458237,0.09942256659269333,0.965,0.0,0.03,0.03,0.0,0.7116326530612244,0.09825135489499269,-0.11306122448979591,0.12602765780931804,0.05,0.8246938775510203,0.0,0.0,0.0,0.05,6.1,0.0,imagenet,full,200
23,0,0.95,0.98,0.98,0.955,4.445,4.485,4.485,0.0,0.07584979385137558,0.0943751409649849,0.95,0.0,0.04,0.04,0.0,0.7118877551020408,0.10679193773901113,-0.1128061224489796,0.13328826104581823,0.05,0.8246938775510203,0.0,0.0,0.0,0.05,6.125,0.0,imagenet,full,200
24,0,0.955,0.98,0.98,0.96,4.5,4.485,4.485,0.0,0.061197489500045776,0.10780050605535507,0.955,0.0,0.035,0.035,0.0,0.7096428571428571,0.09527442687480506,-0.11505102040816327,0.1248947757172573,0.05,0.8246938775510203,0.0,0.0,0.0,0.05,5.905,0.0,imagenet,full,200
25,0,0.955,0.98,0.98,0.955,4.395,4.485,4.485,0.0,0.05852971971035004,0.11158237606287003,0.96,0.0,0.03,0.03,0.0,0.7098469387755102,0.10245349170958128,-0.11484693877551021,0.1313061224221019,0.05,0.8246938775510203,0.0,0.0,0.0,0.05,5.925,0.0,imagenet,full,200
26,0,0.955,0.98,0.98,0.94,4.42,4.485,4.485,0.0,0.10670699924230576,0.11294536292552948,0.95,0.0,0.035,0.035,0.0,0.7081632653061224,0.09258228586038368,-0.11653061224489797,0.12306006424245425,0.05,0.8246938775510203,0.0,0.0,0.0,0.05,5.76,0.0,imagenet,full,200
27,0,0.965,0.98,0.98,0.945,4.365,4.485,4.485,0.0,0.06740762293338776,0.08718428015708923,0.97,0.0,0.02,0.02,0.0,0.7147448979591837,0.10549151461897738,-0.10994897959183675,0.1366781887448451,0.05,0.8246938775510203,0.0,0.0,0.0,0.05,6.405,0.0,imagenet,full,200
28,0,0.96,0.98,0.98,0.96,4.365,4.485,4.485,0.0,0.04997406154870987,0.10031117498874664,0.965,0.0,0.025,0.025,0.0,0.7097448979591837,0.09538856275243558,-0.11494897959183673,0.12875876850681378,0.05,0.8246938775510203,0.0,0.0,0.0,0.05,5.915,0.0,imagenet,full,200
29,0,0.95,0.98,0.98,0.96,4.395,4.485,4.485,0.0,0.040326472371816635,0.12779901921749115,0.945,0.0,0.04,0.04,0.0,0.7091836734693877,0.0909857351446517,-0.11551020408163266,0.12155810227632173,0.05,0.8246938775510203,0.0,0.0,0.0,0.05,5.86,0.0,imagenet,full,200
30,0,0.95,0.98,0.98,0.965,4.4,4.485,4.485,0.0,0.049491506069898605,0.10235577821731567,0.955,0.0,0.035,0.035,0.0,0.7118877551020408,0.09912254902903027,-0.1128061224489796,0.1330880359177536,0.05,0.8246938775510203,0.0,0.0,0.0,0.05,6.125,0.0,imagenet,full,200
31,0,0.95,0.98,0.98,0.95,4.4,4.485,4.485,0.0,0.1058797612786293,0.10028093308210373,0.955,0.0,0.035,0.035,0.0,0.7108163265306123,0.0939316966719905,-0.11387755102040817,0.127212966017687,0.05,0.8246938775510203,0.0,0.0,0.0,0.05,6.02,0.0,imagenet,full,200
32,0,0.955,0.98,0.98,0.955,4.405,4.485,4.485,0.0,0.07773052901029587,0.11340951919555664,0.96,0.0,0.03,0.03,0.0,0.7055102040816327,0.0845319989047708,-0.11918367346938777,0.11552635781656136,0.05,0.8246938775510203,0.0,0.0,0.0,0.05,5.5,0.0,imagenet,full,200
33,0,0.955,0.98,0.98,0.95,4.435,4.485,4.485,0.0,0.07196884602308273,0.12105489522218704,0.96,0.0,0.03,0.03,0.0,0.7054591836734693,0.0851051454725978,-0.11923469387755102,0.11834100774547551,0.05,0.8246938775510203,0.0,0.0,0.0,0.05,5.495,0.0,imagenet,full,200
34,0,0.955,0.98,0.98,0.945,4.38,4.485,4.485,0.0,0.09283771365880966,0.1117633804678917,0.95,0.0,0.035,0.035,0.0,0.709030612244898,0.09269191601403773,-0.11566326530612246,0.12161602974607376,0.05,0.8246938775510203,0.0,0.0,0.0,0.05,5.845,0.0,imagenet,full,200
35,0,0.965,0.98,0.98,0.95,4.44,4.485,4.485,0.0,0.07602469623088837,0.11357621848583221,0.96,0.0,0.025,0.025,0.0,0.710204081632653,0.0957791980869423,-0.11448979591836736,0.12634684790944448,0.05,0.8246938775510203,0.0,0.0,0.0,0.05,5.96,0.0,imagenet,full,200
36,0,0.955,0.98,0.98,0.955,4.375,4.485,4.485,0.0,0.07475872337818146,0.09613111615180969,0.96,0.0,0.03,0.03,0.0,0.7083163265306122,0.09182976624202063,-0.11637755102040817,0.12096638141752919,0.05,0.8246938775510203,0.0,0.0,0.0,0.05,5.775,0.0,imagenet,full,200
37,0,0.95,0.98,0.98,0.955,4.39,4.485,4.485,0.0,0.07331766933202744,0.12474925816059113,0.955,0.0,0.035,0.035,0.0,0.7055612244897957,0.0863620008936856,-0.1191326530612245,0.11621246465772855,0.05,0.8246938775510203,0.0,0.0,0.0,0.05,5.505,0.0,imagenet,full,200
38,0,0.955,0.98,0.98,0.95,4.44,4.485,4.485,0.0,0.075300432741642,0.0975833609700203,0.96,0.0,0.03,0.03,0.0,0.7048469387755102,0.08463088780022236,-0.1198469387755102,0.11455446584164747,0.05,0.8246938775510203,0.0,0.0,0.0,0.05,5.435,0.0,imagenet,full,200
39,0,0.965,0.98,0.98,0.95,4.43,4.485,4.485,0.0,0.07576299458742142,0.06957732886075974,0.97,0.0,0.02,0.02,0.0,0.7078061224489796,0.0893808265685704,-0.11688775510204082,0.11913109120127047,0.05,0.8246938775510203,0.0,0.0,0.0,0.05,5.725,0.0,imagenet,full,200
40,0,0.955,0.98,0.98,0.955,4.39,4.485,4.485,0.0,0.06874451041221619,0.08798840641975403,0.96,0.0,0.03,0.03,0.0,0.707908163265306,0.09066389079977369,-0.11678571428571428,0.12118252875414327,0.05,0.8246938775510203,0.0,0.0,0.0,0.05,5.735,0.0,imagenet,full,200
41,0,0.965,0.98,0.98,0.95,4.395,4.485,4.485,0.0,0.0748792514204979,0.07311365008354187,0.97,0.0,0.02,0.02,0.0,0.7087244897959184,0.09290481428063614,-0.11596938775510203,0.12456523852131796,0.05,0.8246938775510203,0.0,0.0,0.0,0.05,5.815,0.0,imagenet,full,200
42,0,0.965,0.98,0.98,0.95,4.44,4.485,4.485,0.0,0.09877330809831619,0.08990685641765594,0.97,0.0,0.02,0.02,0.0,0.7090816326530611,0.09384997254382965,-0.11561224489795918,0.12580776521805093,0.05,0.8246938775510203,0.0,0.0,0.0,0.05,5.85,0.0,imagenet,full,200
43,0,0.965,0.98,0.98,0.94,4.38,4.485,4.485,0.0,0.10371097922325134,0.07549253106117249,0.97,0.0,0.02,0.02,0.0,0.7090306122448979,0.09465749737159482,-0.11566326530612246,0.1258076474109839,0.05,0.8246938775510203,0.0,0.0,0.0,0.05,5.845,0.0,imagenet,full,200
44,0,0.965,0.98,0.98,0.945,4.42,4.485,4.485,0.0,0.11414660513401031,0.06822235137224197,0.97,0.0,0.02,0.02,0.0,0.7088775510204082,0.09358580880994098,-0.11581632653061226,0.12780588121779146,0.05,0.8246938775510203,0.0,0.0,0.0,0.05,5.83,0.0,imagenet,full,200
45,0,0.975,0.98,0.98,0.94,4.395,4.485,4.485,0.0,0.11649516969919205,0.061621133238077164,0.98,0.0,0.01,0.01,0.0,0.7075510204081632,0.08957461072483192,-0.11714285714285716,0.12196006691592629,0.05,0.8246938775510203,0.0,0.0,0.0,0.05,5.7,0.0,imagenet,full,200
46,0,0.97,0.98,0.98,0.945,4.425,4.485,4.485,0.0,0.11071978509426117,0.05017733946442604,0.975,0.0,0.015,0.015,0.0,0.7079591836734693,0.08873607857132154,-0.11673469387755102,0.11915560156237916,0.05,0.8246938775510203,0.0,0.0,0.0,0.05,5.74,0.0,imagenet,full,200
47,0,0.97,0.98,0.98,0.935,4.425,4.485,4.485,0.0,0.12397296726703644,0.05863581970334053,0.975,0.0,0.015,0.015,0.0,0.7091326530612244,0.09238891210096725,-0.11556122448979592,0.12286458300324739,0.05,0.8246938775510203,0.0,0.0,0.0,0.05,5.855,0.0,imagenet,full,200
48,0,0.96,0.98,0.98,0.94,4.43,4.485,4.485,0.0,0.09914735704660416,0.09202355146408081,0.965,0.0,0.025,0.025,0.0,0.7103061224489795,0.09367261215533038,-0.11438775510204081,0.12862245572556275,0.05,0.8246938775510203,0.0,0.0,0.0,0.05,5.97,0.0,imagenet,full,200
49,0,0.955,0.98,0.98,0.955,4.46,4.485,4.485,0.0,0.06970799714326859,0.0930691808462143,0.96,0.0,0.03,0.03,0.0,0.7148979591836735,0.10418153541677833,-0.10979591836734695,0.14060197699946003,0.05,0.8246938775510203,0.0,0.0,0.0,0.05,6.42,0.0,imagenet,full,200
50,0,0.97,0.98,0.98,0.95,4.465,4.485,4.485,0.0,0.08641521632671356,0.07628727704286575,0.975,0.0,0.015,0.015,0.0,0.7145918367346938,0.1035609123515354,-0.11010204081632655,0.1406260535006004,0.05,0.8246938775510203,0.0,0.0,0.0,0.05,6.39,0.0,imagenet,full,200
51,0,0.965,0.98,0.98,0.95,4.445,4.485,4.485,0.0,0.07430776953697205,0.07202950119972229,0.97,0.0,0.02,0.02,0.0,0.7126020408163265,0.09947361868169671,-0.11209183673469388,0.13450496872726944,0.05,0.8246938775510203,0.0,0.0,0.0,0.05,6.195,0.0,imagenet,full,200
52,0,0.97,0.98,0.98,0.955,4.425,4.485,4.485,0.0,0.07959211617708206,0.054972220212221146,0.975,0.0,0.015,0.015,0.0,0.714795918367347,0.10479824337680398,-0.10989795918367347,0.1385826843425457,0.05,0.8246938775510203,0.0,0.0,0.0,0.05,6.41,0.0,imagenet,full,200
53,0,0.965,0.98,0.98,0.955,4.445,4.485,4.485,0.0,0.0710306316614151,0.07520928978919983,0.97,0.0,0.02,0.02,0.0,0.7160204081632654,0.10599010244687726,-0.1086734693877551,0.13917250668411726,0.05,0.8246938775510203,0.0,0.0,0.0,0.05,6.53,0.0,imagenet,full,200
54,0,0.965,0.98,0.98,0.935,4.395,4.485,4.485,0.0,0.07822166383266449,0.08190232515335083,0.97,0.0,0.02,0.02,0.0,0.7148979591836735,0.10264489363191388,-0.10979591836734695,0.1362671032997605,0.05,0.8246938775510203,0.0,0.0,0.0,0.05,6.42,0.0,imagenet,full,200
55,0,0.96,0.98,0.98,0.935,4.415,4.485,4.485,0.0,0.09301292151212692,0.09431490302085876,0.965,0.0,0.025,0.025,0.0,0.7136734693877551,0.10044362318228273,-0.1110204081632653,0.1324699562189926,0.05,0.8246938775510203,0.0,0.0,0.0,0.05,6.3,0.0,imagenet,full,200
56,0,0.955,0.98,0.98,0.95,4.39,4.485,4.485,0.0,0.0726451724767685,0.11989089846611023,0.96,0.0,0.03,0.03,0.0,0.715408163265306,0.10319136108035586,-0.10928571428571429,0.13611767604670605,0.05,0.8246938775510203,0.0,0.0,0.0,0.05,6.47,0.0,imagenet,full,200
57,0,0.96,0.98,0.98,0.935,4.405,4.485,4.485,0.0,0.08114154636859894,0.11813711374998093,0.955,0.0,0.03,0.03,0.0,0.7128061224489797,0.09810057689040634,-0.11188775510204081,0.1316767622977204,0.05,0.8246938775510203,0.0,0.0,0.0,0.05,6.215,0.0,imagenet,full,200
58,0,0.97,0.98,0.98,0.955,4.435,4.485,4.485,0.0,0.07969817519187927,0.0902581438422203,0.965,0.0,0.02,0.02,0.0,0.7132142857142858,0.09946883708728098,-0.1114795918367347,0.13277369958392227,0.05,0.8246938775510203,0.0,0.0,0.0,0.05,6.255,0.0,imagenet,full,200
59,0,0.96,0.98,0.98,0.935,4.39,4.485,4.485,0.0,0.07387679815292358,0.10384157299995422,0.965,0.0,0.025,0.025,0.0,0.7158163265306123,0.10417434029855631,-0.10887755102040816,0.13953893158570282,0.05,0.8246938775510203,0.0,0.0,0.0,0.05,6.51,0.0,imagenet,full,200
60,0,0.96,0.98,0.98,0.945,4.44,4.485,4.485,0.0,0.06695909798145294,0.09094367176294327,0.965,0.0,0.025,0.025,0.0,0.712908163265306,0.09852205697197554,-0.1117857142857143,0.1321348886178748,0.05,0.8246938775510203,0.0,0.0,0.0,0.05,6.225,0.0,imagenet,full,200
61,0,0.975,0.98,0.98,0.945,4.43,4.485,4.485,0.0,0.07215873897075653,0.07804928719997406,0.97,0.0,0.015,0.015,0.0,0.7142346938775509,0.10319715816872928,-0.1104591836734694,0.13692049193530692,0.05,0.8246938775510203,0.0,0.0,0.0,0.05,6.355,0.0,imagenet,full,200
62,0,0.955,0.98,0.98,0.95,4.42,4.485,4.485,0.0,0.0815516859292984,0.08682459592819214,0.96,0.0,0.03,0.03,0.0,0.7144897959183675,0.10376386617143575,-0.11020408163265306,0.13510228645041933,0.05,0.8246938775510203,0.0,0.0,0.0,0.05,6.38,0.0,imagenet,full,200
63,0,0.96,0.98,0.98,0.94,4.41,4.485,4.485,0.0,0.0821455791592598,0.09665118902921677,0.965,0.0,0.025,0.025,0.0,0.7142857142857143,0.10163621389602077,-0.11040816326530614,0.1334388267782924,0.05,0.8246938775510203,0.0,0.0,0.0,0.05,6.36,0.0,imagenet,full,200
64,0,0.96,0.98,0.98,0.94,4.4,4.485,4.485,0.0,0.08176534622907639,0.10361643135547638,0.965,0.0,0.025,0.025,0.0,0.712908163265306,0.09866593244901645,-0.11178571428571431,0.13253744071917026,0.05,0.8246938775510203,0.0,0.0,0.0,0.05,6.225,0.0,imagenet,full,200
65,0,0.965,0.98,0.98,0.94,4.45,4.485,4.485,0.0,0.0851844847202301,0.08968012779951096,0.97,0.0,0.02,0.02,0.0,0.7130612244897958,0.09910557408344944,-0.11163265306122451,0.13281221675584676,0.05,0.8246938775510203,0.0,0.0,0.0,0.05,6.24,0.0,imagenet,full,200
66,0,0.965,0.98,0.98,0.94,4.46,4.485,4.485,0.0,0.08768966794013977,0.0935007631778717,0.97,0.0,0.02,0.02,0.0,0.7121428571428572,0.09787500398530573,-0.11255102040816328,0.13153136281078331,0.05,0.8246938775510203,0.0,0.0,0.0,0.05,6.15,0.0,imagenet,full,200
67,0,0.97,0.98,0.98,0.95,4.465,4.485,4.485,0.0,0.08397331088781357,0.08075934648513794,0.965,0.0,0.02,0.02,0.0,0.7123979591836735,0.09914321082249195,-0.11229591836734695,0.1324941966404731,0.05,0.8246938775510203,0.0,0.0,0.0,0.05,6.175,0.0,imagenet,full,200
68,0,0.965,0.98,0.98,0.935,4.435,4.485,4.485,0.0,0.10517749935388565,0.09449610114097595,0.96,0.0,0.025,0.025,0.0,0.7134693877551022,0.10221857917852827,-0.11122448979591837,0.13500870982548804,0.05,0.8246938775510203,0.0,0.0,0.0,0.05,6.28,0.0,imagenet,full,200
69,0,0.96,0.98,0.98,0.95,4.43,4.485,4.485,0.0,0.09645828604698181,0.08180658519268036,0.965,0.0,0.025,0.025,0.0,0.7135204081632653,0.1012081557279964,-0.11117346938775512,0.13348387350590202,0.05,0.8246938775510203,0.0,0.0,0.0,0.05,6.285,0.0,imagenet,full,200
70,0,0.965,0.98,0.98,0.945,4.41,4.485,4.485,0.0,0.09006558358669281,0.0824352279305458,0.97,0.0,0.02,0.02,0.0,0.7137244897959184,0.10265413888760949,-0.11096938775510205,0.13406384772184538,0.05,0.8246938775510203,0.0,0.0,0.0,0.05,6.305,0.0,imagenet,full,200
71,0,0.96,0.98,0.98,0.94,4.43,4.485,4.485,0.0,0.0968904122710228,0.07718325406312943,0.965,0.0,0.025,0.025,0.0,0.7146428571428571,0.10498337735828162,-0.11005102040816325,0.1366368311797851,0.05,0.8246938775510203,0.0,0.0,0.0,0.05,6.395,0.0,imagenet,full,200
72,0,0.965,0.98,0.98,0.94,4.45,4.485,4.485,0.0,0.09636892378330231,0.09076354652643204,0.97,0.0,0.02,0.02,0.0,0.7158673469387756,0.10634957039179922,-0.1088265306122449,0.13777748393491493,0.05,0.8246938775510203,0.0,0.0,0.0,0.05,6.515,0.0,imagenet,full,200
73,0,0.96,0.98,0.98,0.935,4.43,4.485,4.485,0.0,0.0944080725312233,0.09160605072975159,0.965,0.0,0.025,0.025,0.0,0.7152551020408162,0.10605367342084421,-0.10943877551020409,0.13911955092000425,0.05,0.8246938775510203,0.0,0.0,0.0,0.05,6.455,0.0,imagenet,full,200
74,0,0.955,0.98,0.98,0.94,4.415,4.485,4.485,0.0,0.08038521558046341,0.09714006632566452,0.96,0.0,0.03,0.03,0.0,0.7147448979591836,0.10447387817614744,-0.10994897959183675,0.1367117463098839,0.05,0.8246938775510203,0.0,0.0,0.0,0.05,6.405,0.0,imagenet,full,200
75,0,0.97,0.98,0.98,0.945,4.425,4.485,4.485,0.0,0.07639680057764053,0.09297721087932587,0.965,0.0,0.02,0.02,0.0,0.714795918367347,0.10501550486248504,-0.10989795918367347,0.13654435541597196,0.05,0.8246938775510203,0.0,0.0,0.0,0.05,6.41,0.0,imagenet,full,200
76,0,0.965,0.98,0.98,0.945,4.42,4.485,4.485,0.0,0.07550420612096786,0.08689237385988235,0.97,0.0,0.02,0.02,0.0,0.7145408163265305,0.10363165141016581,-0.1101530612244898,0.1358410808609915,0.05,0.8246938775510203,0.0,0.0,0.0,0.05,6.385,0.0,imagenet,full,200
77,0,0.965,0.98,0.98,0.94,4.42,4.485,4.485,0.0,0.08142354339361191,0.08890294283628464,0.97,0.0,0.02,0.02,0.0,0.7143367346938776,0.10316438319034649,-0.11035714285714285,0.1340075026152772,0.05,0.8246938775510203,0.0,0.0,0.0,0.05,6.365,0.0,imagenet,full,200
78,0,0.96,0.98,0.98,0.945,4.44,4.485,4.485,0.0,0.08649960160255432,0.08764999359846115,0.965,0.0,0.025,0.025,0.0,0.7142346938775509,0.1032090879989349,-0.1104591836734694,0.13432593093515607,0.05,0.8246938775510203,0.0,0.0,0.0,0.05,6.355,0.0,imagenet,full,200
79,0,0.96,0.98,0.98,0.95,4.44,4.485,4.485,0.0,0.09314786642789841,0.08783265203237534,0.965,0.0,0.025,0.025,0.0,0.7136734693877551,0.10250923890499129,-0.11102040816326532,0.1325989285626565,0.05,0.8246938775510203,0.0,0.0,0.0,0.05,6.3,0.0,imagenet,full,200
80,0,0.965,0.98,0.98,0.945,4.46,4.485,4.485,0.0,0.08804712444543839,0.092281274497509,0.97,0.0,0.02,0.02,0.0,0.7139285714285714,0.10253572207934793,-0.11076530612244899,0.13297738598223077,0.05,0.8246938775510203,0.0,0.0,0.0,0.05,6.325,0.0,imagenet,full,200
81,0,0.965,0.98,0.98,0.94,4.46,4.485,4.485,0.0,0.09108023345470428,0.092830590903759,0.97,0.0,0.02,0.02,0.0,0.7140816326530612,0.10294001305713253,-0.11061224489795919,0.13296084741625236,0.05,0.8246938775510203,0.0,0.0,0.0,0.05,6.34,0.0,imagenet,full,200
82,0,0.96,0.98,0.98,0.94,4.44,4.485,4.485,0.0,0.09980303049087524,0.09100642055273056,0.965,0.0,0.025,0.025,0.0,0.7140816326530611,0.10286836225132628,-0.11061224489795919,0.13308757669554325,0.05,0.8246938775510203,0.0,0.0,0.0,0.05,6.34,0.0,imagenet,full,200
83,0,0.965,0.98,0.98,0.94,4.42,4.485,4.485,0.0,0.08877304941415787,0.08832686394453049,0.97,0.0,0.02,0.02,0.0,0.7133673469387755,0.10025805690439579,-0.1113265306122449,0.13136518934537889,0.05,0.8246938775510203,0.0,0.0,0.0,0.05,6.27,0.0,imagenet,full,200
84,0,0.965,0.98,0.98,0.94,4.42,4.485,4.485,0.0,0.099436454474926,0.08881402015686035,0.97,0.0,0.02,0.02,0.0,0.7133673469387755,0.09961139669400786,-0.1113265306122449,0.1311270635461551,0.05,0.8246938775510203,0.0,0.0,0.0,0.05,6.27,0.0,imagenet,full,200
85,0,0.965,0.98,0.98,0.94,4.42,4.485,4.485,0.0,0.09398522228002548,0.08963919430971146,0.97,0.0,0.02,0.02,0.0,0.7137755102040816,0.1011656949387226,-0.11091836734693877,0.13243748967332067,0.05,0.8246938775510203,0.0,0.0,0.0,0.05,6.31,0.0,imagenet,full,200
86,0,0.965,0.98,0.98,0.95,4.42,4.485,4.485,0.0,0.09305595606565475,0.08864348381757736,0.97,0.0,0.02,0.02,0.0,0.7138775510204082,0.10074102640691232,-0.11081632653061226,0.13226493627560557,0.05,0.8246938775510203,0.0,0.0,0.0,0.05,6.32,0.0,imagenet,full,200
87,0,0.965,0.98,0.98,0.935,4.41,4.485,4.485,0.0,0.10024785995483398,0.0793827697634697,0.97,0.0,0.02,0.02,0.0,0.7140306122448979,0.101128598992807,-0.11066326530612246,0.13255228546709985,0.05,0.8246938775510203,0.0,0.0,0.0,0.05,6.335,0.0,imagenet,full,200
88,0,0.965,0.98,0.98,0.94,4.42,4.485,4.485,0.0,0.09429134428501129,0.08266685158014297,0.97,0.0,0.02,0.02,0.0,0.7140816326530612,0.10090495697883282,-0.11061224489795919,0.132576668036927,0.05,0.8246938775510203,0.0,0.0,0.0,0.05,6.34,0.0,imagenet,full,200
89,0,0.96,0.98,0.98,0.935,4.44,4.485,4.485,0.0,0.10428894311189651,0.08547189831733704,0.965,0.0,0.025,0.025,0.0,0.7139795918367347,0.10120326518606002,-0.11071428571428571,0.1328147688487661,0.05,0.8246938775510203,0.0,0.0,0.0,0.05,6.33,0.0,imagenet,full,200
90,0,0.96,0.98,0.98,0.935,4.44,4.485,4.485,0.0,0.09539327770471573,0.08487864583730698,0.965,0.0,0.025,0.025,0.0,0.7139795918367347,0.1010290429844778,-0.11071428571428572,0.13270207853784086,0.05,0.8246938775510203,0.0,0.0,0.0,0.05,6.33,0.0,imagenet,full,200
91,0,0.965,0.98,0.98,0.935,4.42,4.485,4.485,0.0,0.09993050247430801,0.08282671123743057,0.97,0.0,0.02,0.02,0.0,0.7139285714285714,0.10065823628609513,-0.11076530612244899,0.13263969733641714,0.05,0.8246938775510203,0.0,0.0,0.0,0.05,6.325,0.0,imagenet,full,200
92,0,0.965,0.98,0.98,0.935,4.42,4.485,4.485,0.0,0.104916051030159,0.08300814032554626,0.97,0.0,0.02,0.02,0.0,0.7137244897959184,0.10071634346643331,-0.11096938775510204,0.1328350517738727,0.05,0.8246938775510203,0.0,0.0,0.0,0.05,6.305,0.0,imagenet,full,200
93,0,0.965,0.98,0.98,0.935,4.42,4.485,4.485,0.0,0.1027306616306305,0.0828205794095993,0.97,0.0,0.02,0.02,0.0,0.7137244897959184,0.10107065844404724,-0.11096938775510205,0.13313959567138225,0.05,0.8246938775510203,0.0,0.0,0.0,0.05,6.305,0.0,imagenet,full,200
94,0,0.965,0.98,0.98,0.935,4.42,4.485,4.485,0.0,0.10355905443429947,0.08024923503398895,0.97,0.0,0.02,0.02,0.0,0.7137755102040816,0.10130646893421158,-0.11091836734693877,0.13358400615659774,0.05,0.8246938775510203,0.0,0.0,0.0,0.05,6.31,0.0,imagenet,full,200
95,0,0.965,0.98,0.98,0.935,4.42,4.485,4.485,0.0,0.10353387892246246,0.08551638573408127,0.97,0.0,0.02,0.02,0.0,0.7141836734693878,0.1014006537476951,-0.11051020408163265,0.13339929966052297,0.05,0.8246938775510203,0.0,0.0,0.0,0.05,6.35,0.0,imagenet,full,200
96,0,0.965,0.98,0.98,0.935,4.42,4.485,4.485,0.0,0.10381750762462616,0.08496624231338501,0.97,0.0,0.02,0.02,0.0,0.7139795918367347,0.10068903306703415,-0.11071428571428572,0.13248893307318213,0.05,0.8246938775510203,0.0,0.0,0.0,0.05,6.33,0.0,imagenet,full,200
97,0,0.965,0.98,0.98,0.935,4.42,4.485,4.485,0.0,0.09951670467853546,0.08481425046920776,0.97,0.0,0.02,0.02,0.0,0.7140306122448979,0.1005197578795292,-0.11066326530612244,0.13234974171762587,0.05,0.8246938775510203,0.0,0.0,0.0,0.05,6.335,0.0,imagenet,full,200
98,0,0.965,0.98,0.98,0.94,4.42,4.485,4.485,0.0,0.10101087391376495,0.08059518784284592,0.97,0.0,0.02,0.02,0.0,0.7137755102040816,0.10073984797043804,-0.11091836734693877,0.13294028786738635,0.05,0.8246938775510203,0.0,0.0,0.0,0.05,6.31,0.0,imagenet,full,200
99,0,0.965,0.98,0.98,0.935,4.42,4.485,4.485,0.0,0.10165204852819443,0.07837321609258652,0.97,0.0,0.02,0.02,0.0,0.714234693877551,0.10165606935565705,-0.1104591836734694,0.1336738185750437,0.05,0.8246938775510203,0.0,0.0,0.0,0.05,6.355,0.0,imagenet,full,200
100,0,0.965,0.98,0.98,0.94,4.42,4.485,4.485,0.0,0.09850869327783585,0.07882466912269592,0.97,0.0,0.02,0.02,0.0,0.7143877551020408,0.10238028370137105,-0.1103061224489796,0.13436807760765077,0.05,0.8246938775510203,0.0,0.0,0.0,0.05,6.37,0.0,imagenet,full,200
0,0,0.055,0.98,0.95,0.965,4.295,4.485,4.36,0.07409612834453583,0.04942389577627182,1.9759149551391602,0.055,0.03,0.925,0.9,10.0,0.7058673469387755,0.08231790489358617,-0.1188265306122449,0.11018673395505175,0.05,0.7128571428571427,0.09592084560465473,-0.11183673469387756,0.12483169202256249,0.05,0.59,1.275,imagenet,low_score_rescue_10,200
1,0,0.75,0.98,0.95,0.96,4.455,4.485,4.36,0.07347249239683151,0.05508750304579735,1.0580345392227173,0.75,0.03,0.235,0.22,10.0,0.702704081632653,0.07984599905836319,-0.12198979591836735,0.1041179333011678,0.05,0.7108673469387756,0.10108388208035504,-0.11382653061224492,0.12340329812082927,0.05,0.53,1.33,imagenet,low_score_rescue_10,200
2,0,0.945,0.98,0.965,0.955,4.4,4.485,4.45,0.035106196999549866,0.04769726097583771,0.2484138458967209,0.945,0.015,0.045,0.035,10.0,0.6984183673469389,0.07501896543067448,-0.12627551020408162,0.09263196288884501,0.05,0.7060204081632654,0.08748932601090866,-0.11867346938775512,0.10543562440609094,0.05,0.495,1.24,imagenet,low_score_rescue_10,200
3,0,0.95,0.98,0.965,0.96,4.37,4.485,4.415,0.011853404343128204,0.024163788184523582,0.10556807368993759,0.955,0.015,0.035,0.03,10.0,0.6973469387755102,0.06814503379112251,-0.1273469387755102,0.09018421055123327,0.05,0.7034693877551019,0.07799190094661329,-0.12122448979591838,0.10215473911332083,0.05,0.545,1.145,imagenet,low_score_rescue_10,200
4,0,0.955,0.98,0.955,0.96,4.39,4.485,4.415,0.06456176936626434,0.03879178687930107,0.09217056632041931,0.96,0.025,0.03,0.02,10.0,0.6999489795918368,0.07354902726782914,-0.1247448979591837,0.09682478372356855,0.05,0.7083163265306124,0.08903092423082674,-0.11637755102040817,0.11109577941824682,0.05,0.48,1.3,imagenet,low_score_rescue_10,200
5,0,0.95,0.98,0.955,0.975,4.415,4.485,4.335,0.04914970323443413,0.02468850649893284,0.08529887348413467,0.955,0.03,0.035,0.02,10.0,0.7014795918367348,0.07746231025117069,-0.12321428571428573,0.10305198877613293,0.05,0.7102040816326531,0.09447163125772062,-0.11448979591836736,0.11779279042617417,0.05,0.445,1.3,imagenet,low_score_rescue_10,200
6,0,0.95,0.98,0.955,0.96,4.44,4.485,4.35,0.05591064319014549,0.04994519054889679,0.11407501250505447,0.945,0.03,0.04,0.035,10.0,0.7038265306122449,0.08270668411863721,-0.1208673469387755,0.10697783537441864,0.05,0.7101530612244897,0.0941724063192688,-0.11454081632653061,0.11903067062543414,0.05,0.545,1.165,imagenet,low_score_rescue_10,200
7,0,0.95,0.98,0.95,0.96,4.395,4.485,4.415,0.06721238791942596,0.057354915887117386,0.11104585975408554,0.955,0.035,0.035,0.03,10.0,0.7063265306122449,0.09061651745643752,-0.11836734693877553,0.11649338184637599,0.05,0.7132142857142857,0.1024621029013054,-0.1114795918367347,0.12842148382798768,0.05,0.53,1.205,imagenet,low_score_rescue_10,200
8,0,0.955,0.98,0.945,0.965,4.41,4.485,4.35,0.07583072036504745,0.026636609807610512,0.09743942320346832,0.96,0.04,0.03,0.02,10.0,0.7046428571428571,0.08449605637414596,-0.12005102040816325,0.11368701082741609,0.05,0.711938775510204,0.09714900193401224,-0.11275510204081635,0.12465665445371997,0.05,0.51,1.225,imagenet,low_score_rescue_10,200
9,0,0.96,0.98,0.95,0.965,4.38,4.485,4.37,0.05308801680803299,0.03756026178598404,0.07427838444709778,0.965,0.03,0.025,0.015,10.0,0.7063775510204081,0.08716810336470925,-0.11831632653061225,0.1114287840022007,0.05,0.7128061224489796,0.09697950543394322,-0.11188775510204081,0.12268714364967309,0.05,0.52,1.15,imagenet,low_score_rescue_10,200
10,0,0.955,0.98,0.94,0.955,4.38,4.485,4.335,0.10567767173051834,0.06755563616752625,0.07130890339612961,0.965,0.04,0.03,0.015,10.0,0.7065816326530612,0.08708846369085477,-0.11811224489795918,0.11970795650035143,0.05,0.7157653061224489,0.10508701467385266,-0.10892857142857144,0.1394959617157292,0.05,0.475,1.375,imagenet,low_score_rescue_10,200
11,0,0.96,0.98,0.94,0.945,4.46,4.485,4.33,0.08733215928077698,0.09132950752973557,0.0634070336818695,0.965,0.045,0.025,0.02,10.0,0.7034183673469389,0.0817718701724467,-0.12127551020408163,0.10723833746218588,0.05,0.7097448979591836,0.09179862177347915,-0.11494897959183673,0.11808547241686028,0.05,0.57,1.19,imagenet,low_score_rescue_10,200
12,0,0.96,0.98,0.95,0.955,4.395,4.485,4.345,0.06997687369585037,0.0709148570895195,0.09122105687856674,0.965,0.03,0.025,0.015,10.0,0.7063265306122449,0.08717158678301191,-0.11836734693877551,0.11307538775014109,0.05,0.7134693877551022,0.09986831531163715,-0.11122448979591837,0.12795872301780037,0.05,0.53,1.23,imagenet,low_score_rescue_10,200
13,0,0.96,0.98,0.935,0.935,4.355,4.485,4.305,0.12416297942399979,0.10546359419822693,0.09088706970214844,0.965,0.045,0.025,0.01,10.0,0.7096938775510204,0.09437629743927879,-0.115,0.1243685558316065,0.05,0.7163775510204081,0.10724302312656274,-0.10831632653061225,0.13956361558521166,0.05,0.61,1.265,imagenet,low_score_rescue_10,200
14,0,0.965,0.98,0.945,0.95,4.41,4.485,4.32,0.08312040567398071,0.05381549894809723,0.05778241157531738,0.97,0.035,0.02,0.01,10.0,0.7117857142857141,0.10068755104734833,-0.11290816326530613,0.12883382948944927,0.05,0.719795918367347,0.11461989410636905,-0.10489795918367348,0.1427455015841406,0.05,0.6,1.385,imagenet,low_score_rescue_10,200
15,0,0.96,0.98,0.95,0.945,4.38,4.485,4.345,0.07782471925020218,0.07278627157211304,0.08824179321527481,0.965,0.03,0.025,0.02,10.0,0.7063775510204081,0.08699209834566415,-0.11831632653061225,0.11593184563927934,0.05,0.7137755102040816,0.09939141518627423,-0.11091836734693877,0.12928293247707187,0.05,0.52,1.245,imagenet,low_score_rescue_10,200
16,0,0.97,0.98,0.94,0.94,4.415,4.485,4.32,0.0877251848578453,0.08283751457929611,0.0686447024345398,0.975,0.04,0.015,0.01,10.0,0.7052040816326531,0.08387421572498988,-0.11948979591836735,0.11363061394004034,0.05,0.7129081632653061,0.09607316879652636,-0.11178571428571431,0.1254822762159165,0.05,0.545,1.3,imagenet,low_score_rescue_10,200
17,0,0.965,0.98,0.95,0.95,4.4,4.485,4.35,0.08863363415002823,0.07785733044147491,0.06887305527925491,0.97,0.03,0.02,0.015,10.0,0.7094897959183675,0.0922480591532536,-0.11520408163265307,0.12030006152534042,0.05,0.7177551020408163,0.10704571064274002,-0.10693877551020407,0.13690991093113553,0.05,0.51,1.32,imagenet,low_score_rescue_10,200
18,0,0.97,0.98,0.96,0.95,4.41,4.485,4.405,0.06367535144090652,0.08932672441005707,0.09437156468629837,0.965,0.025,0.02,0.015,10.0,0.705408163265306,0.0814548484777223,-0.11928571428571429,0.10882124059135094,0.05,0.7133163265306122,0.09576452886640464,-0.11137755102040815,0.12379111861650018,0.05,0.535,1.31,imagenet,low_score_rescue_10,200
19,0,0.955,0.98,0.945,0.955,4.425,4.485,4.305,0.10919139534235,0.08186674118041992,0.10555584728717804,0.95,0.04,0.035,0.025,10.0,0.7043877551020408,0.0830591846511873,-0.12030612244897959,0.11137813906505471,0.05,0.7131122448979592,0.09954793137347775,-0.11158163265306122,0.1277013249353331,0.05,0.52,1.375,imagenet,low_score_rescue_10,200
20,0,0.96,0.98,0.95,0.955,4.355,4.485,4.315,0.10261446237564087,0.07686207443475723,0.08921265602111816,0.965,0.035,0.025,0.015,10.0,0.7033673469387756,0.0781393044415179,-0.12132653061224491,0.10301740007838817,0.05,0.7112244897959183,0.09169160557391334,-0.11346938775510206,0.11586339332920033,0.05,0.53,1.3,imagenet,low_score_rescue_10,200
21,0,0.965,0.98,0.95,0.95,4.405,4.485,4.295,0.09361293911933899,0.08734260499477386,0.07628176361322403,0.97,0.035,0.02,0.015,10.0,0.7084693877551019,0.08713913378425822,-0.11622448979591837,0.11849482225821703,0.05,0.7161734693877552,0.10209126742453165,-0.10852040816326532,0.13106134423593174,0.05,0.545,1.3,imagenet,low_score_rescue_10,200
22,0,0.96,0.98,0.95,0.95,4.39,4.485,4.35,0.06225517392158508,0.07396584004163742,0.08416029065847397,0.965,0.035,0.025,0.02,10.0,0.7066326530612244,0.08613388528953761,-0.11806122448979592,0.11213418874656782,0.05,0.715204081632653,0.10259099964320434,-0.10948979591836736,0.12785580234674854,0.05,0.52,1.36,imagenet,low_score_rescue_10,200
23,0,0.955,0.98,0.935,0.955,4.405,4.485,4.28,0.09543200582265854,0.07042808830738068,0.09503491222858429,0.96,0.05,0.03,0.02,10.0,0.7075510204081632,0.08703632644506776,-0.11714285714285716,0.11525811659928877,0.05,0.7152551020408162,0.10032332264364198,-0.10943877551020409,0.1300423312293424,0.05,0.525,1.28,imagenet,low_score_rescue_10,200
24,0,0.965,0.98,0.945,0.945,4.415,4.485,4.335,0.10113778710365295,0.08061818033456802,0.08235111832618713,0.97,0.04,0.02,0.015,10.0,0.7069897959183673,0.08640103551711582,-0.11770408163265307,0.11409824114758521,0.05,0.7152551020408162,0.10054300558624678,-0.1094387755102041,0.12879485181620112,0.05,0.53,1.34,imagenet,low_score_rescue_10,200
25,0,0.96,0.98,0.955,0.95,4.48,4.485,4.365,0.06480488181114197,0.07598495483398438,0.07010120153427124,0.97,0.03,0.025,0.02,10.0,0.7075510204081632,0.08873379549886387,-0.11714285714285716,0.11527714798576198,0.05,0.7153061224489795,0.1027271868642707,-0.10938775510204081,0.12944392795398016,0.05,0.57,1.33,imagenet,low_score_rescue_10,200
26,0,0.965,0.98,0.955,0.96,4.45,4.485,4.385,0.07500126957893372,0.0685371607542038,0.060977477580308914,0.97,0.03,0.02,0.015,10.0,0.7087755102040816,0.09112184334972985,-0.11591836734693878,0.12076572727411986,0.05,0.7165306122448979,0.10466768832379562,-0.10816326530612244,0.13514976770748036,0.05,0.585,1.345,imagenet,low_score_rescue_10,200
27,0,0.945,0.98,0.94,0.95,4.39,4.485,4.37,0.09084992110729218,0.07817881554365158,0.0954568013548851,0.95,0.045,0.04,0.025,10.0,0.7109183673469387,0.09624278846247505,-0.11377551020408162,0.12466367249653558,0.05,0.7196938775510204,0.11276500585319796,-0.105,0.14324396556883584,0.05,0.545,1.405,imagenet,low_score_rescue_10,200
28,0,0.94,0.98,0.95,0.95,4.485,4.485,4.3,0.07179132103919983,0.09445854276418686,0.09315419942140579,0.945,0.035,0.045,0.04,10.0,0.7087755102040816,0.09438818716725461,-0.11591836734693878,0.12033535383510753,0.05,0.7160204081632654,0.10585031383221602,-0.10867346938775511,0.13511691352818161,0.05,0.565,1.275,imagenet,low_score_rescue_10,200
29,0,0.95,0.98,0.95,0.94,4.48,4.485,4.35,0.10131826251745224,0.07822965085506439,0.09552519023418427,0.955,0.035,0.035,0.03,10.0,0.7074489795918367,0.08838080779660121,-0.11724489795918368,0.11603010974504287,0.05,0.7128061224489796,0.09654724142460058,-0.11188775510204081,0.1258961170153634,0.05,0.655,1.18,imagenet,low_score_rescue_10,200
30,0,0.95,0.98,0.945,0.945,4.4,4.485,4.37,0.07598147541284561,0.08627791702747345,0.11310257017612457,0.955,0.035,0.035,0.03,10.0,0.7107142857142857,0.0956024546523237,-0.11397959183673471,0.1229159911876195,0.05,0.7180102040816325,0.11039266533479405,-0.10668367346938776,0.1388213682854257,0.05,0.625,1.34,imagenet,low_score_rescue_10,200
31,0,0.955,0.98,0.955,0.97,4.405,4.485,4.355,0.05995456874370575,0.05654550716280937,0.10267969220876694,0.96,0.025,0.03,0.025,10.0,0.7075,0.08965804260571043,-0.11719387755102043,0.11567298769718036,0.05,0.7157653061224488,0.10470287006718054,-0.10892857142857143,0.13210950963082724,0.05,0.555,1.365,imagenet,low_score_rescue_10,200
32,0,0.945,0.98,0.935,0.95,4.405,4.485,4.33,0.08995554596185684,0.07531842589378357,0.1508653312921524,0.94,0.045,0.045,0.035,10.0,0.7089795918367346,0.0908581858874643,-0.11571428571428571,0.11985690492801951,0.05,0.7167857142857144,0.10723830928829847,-0.10790816326530611,0.13571038759328075,0.05,0.58,1.345,imagenet,low_score_rescue_10,200
33,0,0.94,0.98,0.935,0.945,4.485,4.485,4.335,0.07756233960390091,0.07359767705202103,0.12048815935850143,0.945,0.045,0.045,0.035,10.0,0.706530612244898,0.08572432170770021,-0.11816326530612244,0.11533500203629955,0.05,0.7131122448979593,0.09756074824336392,-0.11158163265306124,0.12732082297108718,0.05,0.59,1.235,imagenet,low_score_rescue_10,200
34,0,0.95,0.98,0.94,0.95,4.38,4.485,4.315,0.11582191288471222,0.06842632591724396,0.10978225618600845,0.955,0.045,0.035,0.025,10.0,0.7078061224489796,0.08845662848333531,-0.11688775510204082,0.11607798272001674,0.05,0.7156122448979592,0.10264391484273784,-0.10908163265306121,0.13089861224172636,0.05,0.54,1.305,imagenet,low_score_rescue_10,200
35,0,0.965,0.98,0.945,0.955,4.38,4.485,4.34,0.09812343865633011,0.09005972743034363,0.07759115844964981,0.97,0.04,0.02,0.015,10.0,0.709030612244898,0.09073145475025512,-0.11566326530612243,0.11651940152049065,0.05,0.7153061224489795,0.10244258510129421,-0.10938775510204081,0.1294512107539049,0.05,0.58,1.195,imagenet,low_score_rescue_10,200
36,0,0.965,0.98,0.935,0.95,4.39,4.485,4.36,0.09978869557380676,0.07401702553033829,0.08411533385515213,0.97,0.045,0.02,0.01,10.0,0.7081122448979592,0.08896570200947167,-0.11658163265306122,0.1157557259913301,0.05,0.7149489795918368,0.10235709164868984,-0.1097448979591837,0.1300670528539922,0.05,0.57,1.24,imagenet,low_score_rescue_10,200
37,0,0.96,0.98,0.95,0.96,4.395,4.485,4.35,0.06206494942307472,0.06957031786441803,0.09678258746862411,0.965,0.03,0.025,0.015,10.0,0.7066326530612244,0.08593548878839527,-0.11806122448979593,0.11069089675336727,0.05,0.7129591836734694,0.09676250928162562,-0.11173469387755103,0.12291474067940726,0.05,0.525,1.145,imagenet,low_score_rescue_10,200
38,0,0.96,0.98,0.955,0.965,4.39,4.485,4.33,0.047014493495225906,0.060592640191316605,0.11009958386421204,0.965,0.03,0.025,0.015,10.0,0.7090306122448979,0.09031503609512344,-0.11566326530612243,0.11533291165862465,0.05,0.715612244897959,0.10379833525504788,-0.10908163265306121,0.12862714156552102,0.05,0.58,1.225,imagenet,low_score_rescue_10,200
39,0,0.955,0.98,0.945,0.955,4.425,4.485,4.375,0.08072182536125183,0.06395317614078522,0.088566854596138,0.96,0.035,0.03,0.03,10.0,0.7063265306122449,0.08422211291729541,-0.11836734693877551,0.10620268752958509,0.05,0.7117857142857144,0.0940087274920317,-0.11290816326530613,0.11710635604904382,0.05,0.585,1.12,imagenet,low_score_rescue_10,200
40,0,0.955,0.98,0.95,0.945,4.395,4.485,4.38,0.07197178900241852,0.07701215893030167,0.08869081735610962,0.96,0.03,0.03,0.025,10.0,0.7065306122448979,0.0853898727006377,-0.11816326530612246,0.11066328127591987,0.05,0.7130612244897958,0.09701555072861905,-0.1116326530612245,0.12294682522770017,0.05,0.59,1.23,imagenet,low_score_rescue_10,200
41,0,0.95,0.98,0.955,0.94,4.46,4.485,4.385,0.0561550036072731,0.07182086259126663,0.10628730803728104,0.955,0.025,0.035,0.03,10.0,0.707295918367347,0.08776408370454364,-0.11739795918367348,0.11469735511840554,0.05,0.7151020408163266,0.1011544434691382,-0.10959183673469386,0.12866490722226445,0.05,0.535,1.3,imagenet,low_score_rescue_10,200
42,0,0.955,0.98,0.95,0.95,4.405,4.485,4.34,0.08351875096559525,0.06864938139915466,0.10014786571264267,0.96,0.035,0.03,0.02,10.0,0.7083163265306122,0.09141366720941523,-0.11637755102040817,0.11792634080149583,0.05,0.7155102040816327,0.10235014209708333,-0.10918367346938776,0.12962726267214747,0.05,0.605,1.31,imagenet,low_score_rescue_10,200
43,0,0.955,0.98,0.945,0.95,4.435,4.485,4.36,0.08455442637205124,0.07897645980119705,0.1005982980132103,0.96,0.035,0.03,0.02,10.0,0.7088775510204082,0.09247318709366213,-0.11581632653061223,0.12159671577348491,0.05,0.7169387755102042,0.10778870596643143,-0.10775510204081634,0.13886514180980158,0.05,0.585,1.375,imagenet,low_score_rescue_10,200
44,0,0.965,0.98,0.95,0.945,4.39,4.485,4.39,0.063011534512043,0.07250268757343292,0.09123455733060837,0.97,0.03,0.02,0.015,10.0,0.7082142857142857,0.09103403252421159,-0.11647959183673469,0.12337424719997216,0.05,0.7159183673469387,0.10568265254016804,-0.10877551020408163,0.13646423081940157,0.05,0.58,1.335,imagenet,low_score_rescue_10,200
45,0,0.96,0.98,0.95,0.96,4.41,4.485,4.395,0.06147648021578789,0.06830170005559921,0.10081008821725845,0.955,0.035,0.03,0.025,10.0,0.7079081632653061,0.09325601905383225,-0.11678571428571428,0.12341087977125426,0.05,0.715408163265306,0.10664537616828768,-0.10928571428571429,0.14072723264398518,0.05,0.585,1.32,imagenet,low_score_rescue_10,200
46,0,0.955,0.98,0.95,0.96,4.465,4.485,4.38,0.06329097598791122,0.057510290294885635,0.10432802140712738,0.96,0.03,0.03,0.025,10.0,0.7074489795918367,0.09060653905863557,-0.11724489795918368,0.12534519899316365,0.05,0.714591836734694,0.10549290601202918,-0.11010204081632652,0.13577669386184424,0.05,0.58,1.28,imagenet,low_score_rescue_10,200
47,0,0.96,0.98,0.95,0.94,4.395,4.485,4.39,0.06345932185649872,0.07925175875425339,0.11381459981203079,0.965,0.03,0.025,0.02,10.0,0.7075,0.09121355184299866,-0.11719387755102041,0.12033641766232904,0.05,0.7151530612244897,0.10310387542511801,-0.10954081632653061,0.13380883880046895,0.05,0.55,1.3,imagenet,low_score_rescue_10,200
48,0,0.955,0.98,0.94,0.945,4.435,4.485,4.345,0.07340569794178009,0.07770789414644241,0.1150113046169281,0.96,0.04,0.03,0.02,10.0,0.7063265306122449,0.08767880764070145,-0.11836734693877553,0.12094173404984758,0.05,0.7139795918367347,0.10029035813719382,-0.11071428571428571,0.13083461306654498,0.05,0.6,1.35,imagenet,low_score_rescue_10,200
49,0,0.965,0.98,0.945,0.94,4.375,4.485,4.375,0.09293533116579056,0.10528948158025742,0.09519203007221222,0.97,0.04,0.02,0.015,10.0,0.7072448979591838,0.0888545164812994,-0.11744897959183674,0.12428337971112341,0.05,0.7158163265306122,0.10517598262483005,-0.10887755102040815,0.13889122217777186,0.05,0.555,1.395,imagenet,low_score_rescue_10,200
50,0,0.955,0.98,0.935,0.945,4.42,4.485,4.295,0.1118946298956871,0.11033008247613907,0.0947287380695343,0.96,0.05,0.03,0.02,10.0,0.7081122448979592,0.09168713212176158,-0.11658163265306123,0.12298131999094039,0.05,0.7161734693877552,0.10814477514620181,-0.10852040816326532,0.13989020362845622,0.05,0.575,1.365,imagenet,low_score_rescue_10,200
51,0,0.97,0.98,0.94,0.955,4.425,4.485,4.38,0.0758582130074501,0.07523243129253387,0.08003507554531097,0.975,0.04,0.015,0.01,10.0,0.7074489795918367,0.0886023722303525,-0.11724489795918369,0.11837031164672225,0.05,0.7147448979591837,0.10244309129742209,-0.10994897959183675,0.13464918287470937,0.05,0.585,1.3,imagenet,low_score_rescue_10,200
52,0,0.96,0.98,0.94,0.94,4.44,4.485,4.33,0.11828286945819855,0.11986946314573288,0.07918459922075272,0.965,0.045,0.025,0.02,10.0,0.7078061224489796,0.09043202150598863,-0.11688775510204082,0.12523431404842994,0.05,0.7137755102040816,0.10195623192130047,-0.11091836734693877,0.135766767016612,0.05,0.595,1.18,imagenet,low_score_rescue_10,200
53,0,0.955,0.98,0.95,0.95,4.425,4.485,4.38,0.09474661946296692,0.08905145525932312,0.10648977011442184,0.96,0.035,0.03,0.025,10.0,0.7078571428571427,0.09014969325163291,-0.11683673469387756,0.12150205316924258,0.05,0.7140306122448979,0.10438764409072379,-0.11066326530612244,0.138364234269975,0.05,0.585,1.19,imagenet,low_score_rescue_10,200
54,0,0.96,0.98,0.95,0.945,4.45,4.485,4.38,0.08213131129741669,0.09257583320140839,0.10504265874624252,0.965,0.03,0.025,0.02,10.0,0.7066326530612244,0.08624295059249247,-0.11806122448979592,0.11651395533219329,0.05,0.7137244897959184,0.098604983345793,-0.11096938775510205,0.12933438373162062,0.05,0.585,1.28,imagenet,low_score_rescue_10,200
55,0,0.96,0.98,0.94,0.945,4.45,4.485,4.3,0.0859416127204895,0.10143770277500153,0.09148658812046051,0.965,0.04,0.025,0.02,10.0,0.7073979591836735,0.08890275388110006,-0.11729591836734694,0.12094142247093259,0.05,0.7140306122448979,0.10187948106536047,-0.11066326530612244,0.13429664406736264,0.05,0.575,1.225,imagenet,low_score_rescue_10,200
56,0,0.955,0.98,0.94,0.94,4.415,4.485,4.3,0.1060650423169136,0.12124194204807281,0.08563143014907837,0.96,0.045,0.03,0.025,10.0,0.7073469387755102,0.08895949067738315,-0.11734693877551021,0.11865386952427798,0.05,0.7138265306122449,0.1004219978708522,-0.11086734693877552,0.13175433387230442,0.05,0.62,1.255,imagenet,low_score_rescue_10,200
57,0,0.97,0.98,0.94,0.945,4.4,4.485,4.33,0.11864779144525528,0.09644623100757599,0.06543879956007004,0.975,0.045,0.015,0.01,10.0,0.7055102040816327,0.08446942805869487,-0.11918367346938777,0.11493381709660752,0.05,0.7129591836734694,0.09900380727288423,-0.11173469387755101,0.12975421815252047,0.05,0.545,1.275,imagenet,low_score_rescue_10,200
58,0,0.965,0.98,0.93,0.945,4.42,4.485,4.3,0.11462648212909698,0.1025296300649643,0.06355635821819305,0.97,0.05,0.02,0.01,10.0,0.7069387755102041,0.0873007667317106,-0.11775510204081632,0.11648552600876429,0.05,0.7138775510204082,0.09990389695814844,-0.11081632653061226,0.1308030368674372,0.05,0.545,1.225,imagenet,low_score_rescue_10,200
59,0,0.975,0.98,0.945,0.95,4.425,4.485,4.34,0.07552038878202438,0.08267907053232193,0.05888227000832558,0.98,0.035,0.01,0.005,10.0,0.7073469387755102,0.08859835026166726,-0.11734693877551021,0.11884914437774569,0.05,0.7143877551020408,0.10292305879541569,-0.1103061224489796,0.13304400877212175,0.05,0.57,1.26,imagenet,low_score_rescue_10,200
60,0,0.965,0.98,0.935,0.945,4.46,4.485,4.315,0.08493902534246445,0.08681013435125351,0.0694812536239624,0.97,0.045,0.02,0.01,10.0,0.7075510204081632,0.0896194315426794,-0.11714285714285716,0.11713137710641604,0.05,0.7146428571428572,0.10267840743854675,-0.11005102040816327,0.13330136767588555,0.05,0.59,1.285,imagenet,low_score_rescue_10,200
61,0,0.965,0.98,0.935,0.945,4.42,4.485,4.325,0.0893077477812767,0.08757223188877106,0.07779482007026672,0.97,0.045,0.02,0.015,10.0,0.706734693877551,0.08887366526787996,-0.11795918367346939,0.12034688196421485,0.05,0.714591836734694,0.10477011554534173,-0.11010204081632655,0.13461076942898217,0.05,0.58,1.35,imagenet,low_score_rescue_10,200
62,0,0.97,0.98,0.945,0.945,4.445,4.485,4.35,0.08478570729494095,0.062228623777627945,0.06584770232439041,0.975,0.035,0.015,0.01,10.0,0.7085204081632653,0.09114006523975136,-0.11617346938775512,0.12334015680098673,0.05,0.7159183673469388,0.10600868555794966,-0.10877551020408165,0.1377324198477436,0.05,0.64,1.365,imagenet,low_score_rescue_10,200
63,0,0.97,0.98,0.945,0.955,4.445,4.485,4.315,0.09076997637748718,0.05285300314426422,0.06299085170030594,0.975,0.035,0.015,0.01,10.0,0.7074489795918367,0.08781694203011557,-0.11724489795918366,0.11731039877122384,0.05,0.7152551020408162,0.10283630046723588,-0.10943877551020409,0.13313284810705228,0.05,0.545,1.31,imagenet,low_score_rescue_10,200
64,0,0.965,0.98,0.95,0.94,4.42,4.485,4.375,0.07826213538646698,0.06116689741611481,0.07923456281423569,0.97,0.03,0.02,0.015,10.0,0.7073979591836735,0.08846388176337734,-0.11729591836734693,0.11564583944753394,0.05,0.715,0.10475059753696574,-0.1096938775510204,0.1323774184062495,0.05,0.61,1.355,imagenet,low_score_rescue_10,200
65,0,0.965,0.98,0.945,0.94,4.445,4.485,4.305,0.07409791648387909,0.0735233873128891,0.07284681499004364,0.97,0.035,0.02,0.015,10.0,0.708061224489796,0.09105511213435646,-0.11663265306122451,0.11909577369704494,0.05,0.7146938775510203,0.104542830959956,-0.11,0.13620240353164262,0.05,0.665,1.315,imagenet,low_score_rescue_10,200
66,0,0.97,0.98,0.94,0.95,4.505,4.485,4.31,0.07526353746652603,0.06492343544960022,0.07448587566614151,0.975,0.04,0.015,0.015,10.0,0.7083163265306124,0.09185272359448357,-0.11637755102040817,0.11860115400064387,0.05,0.714795918367347,0.10498253779472189,-0.10989795918367347,0.13098768923548051,0.05,0.68,1.315,imagenet,low_score_rescue_10,200
67,0,0.97,0.98,0.955,0.95,4.485,4.485,4.335,0.05043167248368263,0.05861017107963562,0.06823161244392395,0.975,0.025,0.015,0.015,10.0,0.7082142857142858,0.09211581249105544,-0.11647959183673472,0.11923992981683114,0.05,0.7145408163265308,0.10274183890057245,-0.1101530612244898,0.13105524936283472,0.05,0.675,1.295,imagenet,low_score_rescue_10,200
68,0,0.96,0.98,0.95,0.945,4.395,4.485,4.32,0.06731850653886795,0.07088980823755264,0.08117366582155228,0.965,0.035,0.025,0.02,10.0,0.7088265306122449,0.0939546914430398,-0.11586734693877553,0.12128768849317567,0.05,0.7161734693877552,0.10664746695163353,-0.10852040816326532,0.1353914704354247,0.05,0.585,1.305,imagenet,low_score_rescue_10,200
69,0,0.955,0.98,0.945,0.95,4.435,4.485,4.315,0.08176172524690628,0.08510612696409225,0.0833321362733841,0.96,0.035,0.03,0.025,10.0,0.7091836734693879,0.09351543275534092,-0.11551020408163268,0.12277351357406588,0.05,0.7166326530612244,0.10833956750782889,-0.10806122448979591,0.1381085770019854,0.05,0.6,1.33,imagenet,low_score_rescue_10,200
70,0,0.96,0.98,0.945,0.95,4.415,4.485,4.305,0.08196448534727097,0.07557202875614166,0.09338662028312683,0.965,0.035,0.025,0.02,10.0,0.7088775510204082,0.0942232031852635,-0.11581632653061223,0.12133437613738352,0.05,0.7154591836734693,0.1067353514408733,-0.10923469387755104,0.13660199879668652,0.05,0.635,1.28,imagenet,low_score_rescue_10,200
71,0,0.965,0.98,0.945,0.955,4.44,4.485,4.34,0.08085396140813828,0.07163002341985703,0.07675677537918091,0.97,0.035,0.02,0.015,10.0,0.7086224489795918,0.09377340530986503,-0.11607142857142858,0.12096615038797609,0.05,0.7170408163265307,0.10902003154749133,-0.1076530612244898,0.13896656537544913,0.05,0.57,1.395,imagenet,low_score_rescue_10,200
72,0,0.97,0.98,0.945,0.945,4.425,4.485,4.35,0.0723055750131607,0.08907618373632431,0.07591693848371506,0.975,0.035,0.015,0.01,10.0,0.7088775510204082,0.09496213152252146,-0.11581632653061226,0.12145170000134385,0.05,0.7167346938775511,0.10971992153193472,-0.10795918367346939,0.13884170001852908,0.05,0.61,1.38,imagenet,low_score_rescue_10,200
73,0,0.965,0.98,0.94,0.94,4.43,4.485,4.405,0.0860360637307167,0.08596332371234894,0.08633776009082794,0.97,0.04,0.02,0.015,10.0,0.7098469387755102,0.09633757810609339,-0.11484693877551022,0.12370819637770182,0.05,0.7175510204081632,0.10854825900567998,-0.10714285714285714,0.1377228141797241,0.05,0.595,1.35,imagenet,low_score_rescue_10,200
74,0,0.965,0.98,0.95,0.945,4.41,4.485,4.39,0.0727633684873581,0.07623281329870224,0.08200857043266296,0.97,0.03,0.02,0.015,10.0,0.7094897959183674,0.09552032381365534,-0.11520408163265307,0.12362001800691359,0.05,0.717704081632653,0.11080255091260066,-0.10698979591836735,0.14175364324590192,0.05,0.615,1.42,imagenet,low_score_rescue_10,200
75,0,0.97,0.98,0.94,0.94,4.435,4.485,4.31,0.08828603476285934,0.08783506602048874,0.07337815314531326,0.975,0.04,0.015,0.01,10.0,0.7091326530612245,0.09456043084185349,-0.11556122448979592,0.12050018631358399,0.05,0.716938775510204,0.10858543232670903,-0.10775510204081634,0.1391472543310374,0.05,0.625,1.39,imagenet,low_score_rescue_10,200
76,0,0.97,0.98,0.945,0.95,4.435,4.485,4.35,0.06732206791639328,0.08044679462909698,0.07173115015029907,0.975,0.035,0.015,0.01,10.0,0.7096428571428572,0.09574210266348888,-0.11505102040816327,0.12074856674531474,0.05,0.7170408163265307,0.10873843634640722,-0.1076530612244898,0.13661672712885775,0.05,0.585,1.31,imagenet,low_score_rescue_10,200
77,0,0.97,0.98,0.945,0.94,4.435,4.485,4.34,0.07436858862638474,0.07698599994182587,0.07370365411043167,0.975,0.035,0.015,0.01,10.0,0.7095918367346938,0.09580403723971659,-0.11510204081632652,0.12113820287981071,0.05,0.7170408163265307,0.10852344517849002,-0.10765306122448981,0.13500237865271628,0.05,0.625,1.355,imagenet,low_score_rescue_10,200
78,0,0.965,0.98,0.95,0.945,4.41,4.485,4.38,0.07018855959177017,0.07780054956674576,0.076229527592659,0.97,0.03,0.02,0.015,10.0,0.7093877551020408,0.09504332307616369,-0.11530612244897959,0.12169882905320265,0.05,0.7182142857142857,0.11192927090656415,-0.1064795918367347,0.13752891814816393,0.05,0.555,1.42,imagenet,low_score_rescue_10,200
79,0,0.97,0.98,0.94,0.95,4.435,4.485,4.325,0.08313319087028503,0.07134003937244415,0.07340779900550842,0.975,0.04,0.015,0.01,10.0,0.7088265306122449,0.09586823275108623,-0.11586734693877551,0.1220123944489751,0.05,0.7166836734693878,0.109258599291045,-0.10801020408163264,0.13865162133603007,0.05,0.585,1.355,imagenet,low_score_rescue_10,200
80,0,0.97,0.98,0.945,0.945,4.435,4.485,4.34,0.08164134621620178,0.08220691978931427,0.06871774792671204,0.975,0.035,0.015,0.01,10.0,0.7089795918367346,0.09503254127179803,-0.11571428571428571,0.12072826386312954,0.05,0.7170918367346938,0.11052266609884902,-0.10760204081632654,0.1377525204794074,0.05,0.585,1.38,imagenet,low_score_rescue_10,200
81,0,0.97,0.98,0.955,0.955,4.435,4.485,4.36,0.05923677608370781,0.07887381315231323,0.07423742860555649,0.975,0.025,0.015,0.01,10.0,0.7087755102040816,0.09393680820544088,-0.11591836734693878,0.12005959510221147,0.05,0.7168367346938775,0.10813196747305844,-0.10785714285714286,0.13652586796684774,0.05,0.57,1.36,imagenet,low_score_rescue_10,200
82,0,0.97,0.98,0.94,0.95,4.455,4.485,4.325,0.08680366724729538,0.08125387132167816,0.07850515842437744,0.975,0.04,0.015,0.01,10.0,0.709234693877551,0.09482864636727965,-0.11545918367346938,0.1208216889401956,0.05,0.7175,0.10924147184003102,-0.1071938775510204,0.13635094416807989,0.05,0.54,1.35,imagenet,low_score_rescue_10,200
83,0,0.965,0.98,0.945,0.95,4.43,4.485,4.34,0.07432887703180313,0.08080192655324936,0.0801573172211647,0.97,0.035,0.02,0.015,10.0,0.7094897959183674,0.09566634122588635,-0.11520408163265307,0.12179083052440547,0.05,0.7171938775510205,0.10722158790208884,-0.10750000000000001,0.1354158429756353,0.05,0.535,1.29,imagenet,low_score_rescue_10,200
84,0,0.965,0.98,0.95,0.94,4.43,4.485,4.35,0.07804176211357117,0.09721042960882187,0.08175209164619446,0.97,0.035,0.02,0.015,10.0,0.7090306122448979,0.09504137351858366,-0.11566326530612246,0.12112948400084861,0.05,0.7175,0.1102539586048085,-0.1071938775510204,0.1365280025593529,0.05,0.525,1.355,imagenet,low_score_rescue_10,200
85,0,0.965,0.98,0.945,0.935,4.43,4.485,4.31,0.0761130228638649,0.09645764529705048,0.08109644055366516,0.97,0.04,0.02,0.015,10.0,0.7090306122448979,0.0946820424588273,-0.11566326530612243,0.12036527389776892,0.05,0.716938775510204,0.10833383547695212,-0.10775510204081633,0.13570177202709602,0.05,0.555,1.33,imagenet,low_score_rescue_10,200
86,0,0.965,0.98,0.945,0.945,4.43,4.485,4.375,0.058440905064344406,0.08343883603811264,0.08226122707128525,0.97,0.035,0.02,0.015,10.0,0.7091836734693878,0.09544076296677616,-0.11551020408163266,0.12119680135641829,0.05,0.716887755102041,0.10733619222059364,-0.1078061224489796,0.13440657982500853,0.05,0.56,1.315,imagenet,low_score_rescue_10,200
87,0,0.97,0.98,0.945,0.94,4.455,4.485,4.32,0.08230763673782349,0.09269224107265472,0.0785398930311203,0.975,0.04,0.015,0.01,10.0,0.7086734693877551,0.09396393669321225,-0.11602040816326532,0.12001316372901784,0.05,0.7168877551020408,0.10764820781484793,-0.1078061224489796,0.1355324218737951,0.05,0.55,1.355,imagenet,low_score_rescue_10,200
88,0,0.97,0.98,0.94,0.935,4.455,4.485,4.335,0.07833658903837204,0.101053386926651,0.07384689152240753,0.975,0.04,0.015,0.01,10.0,0.7088265306122449,0.09476896355580702,-0.11586734693877553,0.1204468432640715,0.05,0.7170408163265306,0.10868962821053747,-0.1076530612244898,0.13535882106414646,0.05,0.555,1.36,imagenet,low_score_rescue_10,200
89,0,0.97,0.98,0.95,0.94,4.455,4.485,4.335,0.06671088933944702,0.10438963025808334,0.06947042793035507,0.975,0.035,0.015,0.01,10.0,0.7088775510204082,0.0942196901247558,-0.11581632653061223,0.12005759551786468,0.05,0.7168877551020408,0.10856793210684319,-0.1078061224489796,0.13501133770114393,0.05,0.565,1.35,imagenet,low_score_rescue_10,200
90,0,0.97,0.98,0.94,0.94,4.455,4.485,4.335,0.075325146317482,0.10558556765317917,0.07167492061853409,0.975,0.04,0.015,0.01,10.0,0.7090306122448979,0.09426527424287126,-0.11566326530612246,0.12072533813901827,0.05,0.7172448979591838,0.10958662295935334,-0.10744897959183675,0.1359090961435868,0.05,0.56,1.365,imagenet,low_score_rescue_10,200
91,0,0.97,0.98,0.94,0.94,4.455,4.485,4.335,0.0678701177239418,0.10431835055351257,0.07072598487138748,0.975,0.04,0.015,0.01,10.0,0.7085204081632653,0.09263350004521963,-0.11617346938775512,0.1185908467428817,0.05,0.717091836734694,0.10850378099340335,-0.10760204081632653,0.13558814934818655,0.05,0.535,1.375,imagenet,low_score_rescue_10,200
92,0,0.97,0.98,0.94,0.945,4.455,4.485,4.305,0.08094461262226105,0.10160272568464279,0.0744311586022377,0.975,0.045,0.015,0.01,10.0,0.7084693877551022,0.0926641848388688,-0.11622448979591837,0.11834385185633436,0.05,0.7166836734693877,0.1075894001172541,-0.10801020408163266,0.13478137141806656,0.05,0.55,1.355,imagenet,low_score_rescue_10,200
93,0,0.97,0.98,0.945,0.945,4.455,4.485,4.32,0.07918909937143326,0.10853192210197449,0.07486175745725632,0.975,0.04,0.015,0.01,10.0,0.7084693877551022,0.09291265776594783,-0.11622448979591837,0.11879363333937362,0.05,0.7169387755102042,0.1089984869190547,-0.10775510204081634,0.13573517768192686,0.05,0.55,1.38,imagenet,low_score_rescue_10,200
94,0,0.97,0.98,0.94,0.945,4.455,4.485,4.305,0.07634402066469193,0.10895616561174393,0.07391197234392166,0.975,0.045,0.015,0.01,10.0,0.7085204081632653,0.09253977086088201,-0.11617346938775512,0.11844613921712152,0.05,0.7164795918367346,0.10800695480275997,-0.10821428571428571,0.13493531404077658,0.05,0.57,1.35,imagenet,low_score_rescue_10,200
95,0,0.97,0.98,0.94,0.94,4.455,4.485,4.335,0.08091796934604645,0.10809116065502167,0.07105140388011932,0.975,0.04,0.015,0.01,10.0,0.7087755102040816,0.09340979013484145,-0.11591836734693878,0.11965111885801889,0.05,0.7166326530612244,0.10767296237974318,-0.10806122448979591,0.13440717089702958,0.05,0.58,1.35,imagenet,low_score_rescue_10,200
96,0,0.97,0.98,0.935,0.945,4.455,4.485,4.32,0.08082512766122818,0.10500131547451019,0.07133466005325317,0.975,0.045,0.015,0.01,10.0,0.7087755102040816,0.09284446043543042,-0.11591836734693878,0.11892998855211773,0.05,0.7163775510204081,0.1072477637633572,-0.10831632653061224,0.13338721327731037,0.05,0.605,1.35,imagenet,low_score_rescue_10,200
97,0,0.97,0.98,0.935,0.945,4.455,4.485,4.295,0.07595541328191757,0.1036405935883522,0.07134443521499634,0.975,0.045,0.015,0.01,10.0,0.7087755102040816,0.09252521464544256,-0.11591836734693878,0.11872354032588191,0.05,0.7168367346938777,0.10770515233682472,-0.10785714285714285,0.1332126955712738,0.05,0.585,1.375,imagenet,low_score_rescue_10,200
98,0,0.97,0.98,0.935,0.945,4.455,4.485,4.32,0.07423320412635803,0.09926110506057739,0.07031048089265823,0.975,0.045,0.015,0.01,10.0,0.7087244897959184,0.09279372276699027,-0.11596938775510206,0.11883620205218903,0.05,0.7169897959183674,0.10815789455197088,-0.10770408163265305,0.1335706499616208,0.05,0.565,1.375,imagenet,low_score_rescue_10,200
99,0,0.97,0.98,0.94,0.945,4.455,4.485,4.305,0.07715912163257599,0.10023356229066849,0.07069333642721176,0.975,0.045,0.015,0.01,10.0,0.7087244897959184,0.0928067285017738,-0.11596938775510203,0.11907596664386802,0.05,0.7169897959183673,0.10814110137008569,-0.10770408163265305,0.13472405881868327,0.05,0.575,1.385,imagenet,low_score_rescue_10,200
100,0,0.97,0.98,0.94,0.94,4.455,4.485,4.305,0.07160481810569763,0.10274461656808853,0.07157302647829056,0.975,0.045,0.015,0.01,10.0,0.7085204081632653,0.09210292476140396,-0.11617346938775512,0.11855547192390077,0.05,0.7169897959183673,0.10881459124053026,-0.10770408163265306,0.13503299352378234,0.05,0.575,1.405,imagenet,low_score_rescue_10,200
0,0,0.055,0.98,0.95,0.965,4.295,4.485,4.37,0.07085513323545456,0.04942389577627182,1.9759149551391602,0.055,0.03,0.925,0.9,0.0,0.7058673469387755,0.08231790489358617,-0.1188265306122449,0.11018673395505175,0.05,0.8246938775510205,0.48994748795493875,2.220446049250313e-18,0.4798480476718396,0.05,2.685,14.33,imagenet,random,200
1,0,0.75,0.98,0.95,0.96,4.43,4.485,4.37,0.07085513323545456,0.05637304484844208,1.0563437938690186,0.75,0.03,0.235,0.215,0.0,0.7024489795918367,0.07960979930900944,-0.12224489795918368,0.10379049387294799,0.05,0.8246938775510205,0.48994748795493875,2.220446049250313e-18,0.4798480476718396,0.05,2.605,14.585,imagenet,random,200
2,0,0.935,0.98,0.95,0.955,4.355,4.485,4.37,0.07085513323545456,0.053058166056871414,0.24580681324005127,0.94,0.03,0.05,0.035,0.0,0.6984183673469389,0.07509493488595664,-0.12627551020408162,0.09252907286325353,0.05,0.8246938775510205,0.48994748795493875,2.220446049250313e-18,0.4798480476718396,0.05,2.465,14.84,imagenet,random,200
3,0,0.955,0.98,0.95,0.955,4.385,4.485,4.37,0.07085513323545456,0.03354866802692413,0.10477863252162933,0.96,0.03,0.03,0.025,0.0,0.6974489795918367,0.06849381732346836,-0.12724489795918367,0.0897855788290326,0.05,0.8246938775510205,0.48994748795493875,2.220446049250313e-18,0.4798480476718396,0.05,2.365,14.835,imagenet,random,200
4,0,0.95,0.98,0.95,0.97,4.4,4.485,4.37,0.07085513323545456,0.045274943113327026,0.09291505813598633,0.955,0.03,0.035,0.025,0.0,0.700561224489796,0.07264836118212693,-0.1241326530612245,0.09518623163705342,0.05,0.8246938775510205,0.48994748795493875,2.220446049250313e-18,0.4798480476718396,0.05,2.485,14.65,imagenet,random,200
5,0,0.96,0.98,0.95,0.97,4.37,4.485,4.37,0.07085513323545456,0.03426140919327736,0.08794461935758591,0.965,0.03,0.025,0.005,0.0,0.702908163265306,0.08195097761205782,-0.12178571428571429,0.10675945686365594,0.05,0.8246938775510205,0.48994748795493875,2.220446049250313e-18,0.4798480476718396,0.05,2.605,14.54,imagenet,random,200
6,0,0.955,0.98,0.95,0.965,4.4,4.485,4.37,0.07085513323545456,0.025136984884738922,0.07345563173294067,0.96,0.03,0.03,0.02,0.0,0.7033673469387756,0.08176014835260897,-0.12132653061224488,0.10586171214352362,0.05,0.8246938775510205,0.48994748795493875,2.220446049250313e-18,0.4798480476718396,0.05,2.68,14.57,imagenet,random,200
7,0,0.945,0.98,0.95,0.95,4.35,4.485,4.37,0.07085513323545456,0.08089473843574524,0.10578802973031998,0.95,0.03,0.04,0.02,0.0,0.7027551020408163,0.08183310413324157,-0.12193877551020407,0.10656107307906496,0.05,0.8246938775510205,0.48994748795493875,2.220446049250313e-18,0.4798480476718396,0.05,2.55,14.5,imagenet,random,200
8,0,0.955,0.98,0.95,0.95,4.36,4.485,4.37,0.07085513323545456,0.07627980411052704,0.07749909162521362,0.96,0.03,0.03,0.015,0.0,0.7010204081632654,0.07925749162739802,-0.12367346938775511,0.10322191202620161,0.05,0.8246938775510205,0.48994748795493875,2.220446049250313e-18,0.4798480476718396,0.05,2.53,14.65,imagenet,random,200
9,0,0.965,0.98,0.95,0.95,4.41,4.485,4.37,0.07085513323545456,0.06974609196186066,0.08039382845163345,0.965,0.03,0.025,0.015,0.0,0.7054591836734693,0.0844975930800038,-0.11923469387755102,0.10756595093829674,0.05,0.8246938775510205,0.48994748795493875,2.220446049250313e-18,0.4798480476718396,0.05,2.715,14.4,imagenet,random,200
10,0,0.965,0.98,0.95,0.955,4.48,4.485,4.37,0.07085513323545456,0.06007115915417671,0.05001845210790634,0.97,0.03,0.02,0.02,0.0,0.7049489795918368,0.08322334942729757,-0.11974489795918368,0.10774042119912337,0.05,0.8246938775510205,0.48994748795493875,2.220446049250313e-18,0.4798480476718396,0.05,2.715,14.45,imagenet,random,200
11,0,0.955,0.98,0.95,0.945,4.465,4.485,4.37,0.07085513323545456,0.07922437787055969,0.05837307870388031,0.96,0.03,0.03,0.025,0.0,0.702295918367347,0.0780182767260611,-0.12239795918367345,0.10784385674502119,0.05,0.8246938775510205,0.48994748795493875,2.220446049250313e-18,0.4798480476718396,0.05,2.595,14.59,imagenet,random,200
12,0,0.97,0.98,0.95,0.945,4.405,4.485,4.37,0.07085513323545456,0.0786835104227066,0.06438817828893661,0.975,0.03,0.015,0.005,0.0,0.7038775510204082,0.0794023164753561,-0.12081632653061225,0.10806783654013997,0.05,0.8246938775510205,0.48994748795493875,2.220446049250313e-18,0.4798480476718396,0.05,2.69,14.53,imagenet,random,200
13,0,0.965,0.98,0.95,0.95,4.36,4.485,4.37,0.07085513323545456,0.0765087902545929,0.07795727252960205,0.97,0.03,0.02,0.01,0.0,0.705612244897959,0.08439940684557272,-0.11908163265306122,0.11384256514662411,0.05,0.8246938775510205,0.48994748795493875,2.220446049250313e-18,0.4798480476718396,0.05,2.73,14.4,imagenet,random,200
14,0,0.965,0.98,0.95,0.955,4.4,4.485,4.37,0.07085513323545456,0.05019568279385567,0.07011470943689346,0.97,0.03,0.02,0.01,0.0,0.7069387755102041,0.08795898343838872,-0.11775510204081634,0.1186622358924069,0.05,0.8246938775510205,0.48994748795493875,2.220446049250313e-18,0.4798480476718396,0.05,2.81,14.35,imagenet,random,200
15,0,0.96,0.98,0.95,0.96,4.44,4.485,4.37,0.07085513323545456,0.04859841242432594,0.06814790517091751,0.97,0.03,0.025,0.02,0.0,0.7059693877551021,0.08710540872139684,-0.11872448979591838,0.11419803256008891,0.05,0.8246938775510205,0.48994748795493875,2.220446049250313e-18,0.4798480476718396,0.05,2.75,14.385,imagenet,random,200
16,0,0.96,0.98,0.95,0.95,4.46,4.485,4.37,0.07085513323545456,0.05802036449313164,0.06220890209078789,0.965,0.03,0.025,0.02,0.0,0.7037244897959184,0.07970376717951108,-0.12096938775510203,0.11080037808060297,0.05,0.8246938775510205,0.48994748795493875,2.220446049250313e-18,0.4798480476718396,0.05,2.56,14.415,imagenet,random,200
17,0,0.965,0.98,0.95,0.955,4.42,4.485,4.37,0.07085513323545456,0.05699357017874718,0.05381770431995392,0.97,0.03,0.02,0.015,0.0,0.7011224489795919,0.07311235758126453,-0.12357142857142858,0.1065046781390265,0.05,0.8246938775510205,0.48994748795493875,2.220446049250313e-18,0.4798480476718396,0.05,2.46,14.57,imagenet,random,200
18,0,0.97,0.98,0.95,0.945,4.4,4.485,4.37,0.07085513323545456,0.0702037364244461,0.06006413325667381,0.975,0.03,0.015,0.005,0.0,0.7044387755102042,0.08228112118649299,-0.12025510204081633,0.11283559282674105,0.05,0.8246938775510205,0.48994748795493875,2.220446049250313e-18,0.4798480476718396,0.05,2.595,14.38,imagenet,random,200
19,0,0.965,0.98,0.95,0.945,4.4,4.485,4.37,0.07085513323545456,0.0778425857424736,0.05779306963086128,0.97,0.03,0.02,0.01,0.0,0.7028571428571427,0.08003760726625976,-0.12183673469387755,0.11098482888264698,0.05,0.8246938775510205,0.48994748795493875,2.220446049250313e-18,0.4798480476718396,0.05,2.55,14.49,imagenet,random,200
20,0,0.97,0.98,0.95,0.945,4.42,4.485,4.37,0.07085513323545456,0.08815138787031174,0.06876949220895767,0.975,0.03,0.015,0.01,0.0,0.6998979591836735,0.07229317208592029,-0.12479591836734695,0.10128106768548605,0.05,0.8246938775510205,0.48994748795493875,2.220446049250313e-18,0.4798480476718396,0.05,2.48,14.71,imagenet,random,200
21,0,0.965,0.98,0.95,0.94,4.405,4.485,4.37,0.07085513323545456,0.07270960509777069,0.06904812902212143,0.97,0.03,0.02,0.01,0.0,0.7010714285714286,0.07389661756083357,-0.12362244897959183,0.10210515227117867,0.05,0.8246938775510205,0.48994748795493875,2.220446049250313e-18,0.4798480476718396,0.05,2.465,14.58,imagenet,random,200
22,0,0.97,0.98,0.95,0.935,4.425,4.485,4.37,0.07085513323545456,0.06925629824399948,0.04597006365656853,0.975,0.03,0.015,0.01,0.0,0.7008163265306122,0.07327789652227595,-0.12387755102040816,0.10066386519014486,0.05,0.8246938775510205,0.48994748795493875,2.220446049250313e-18,0.4798480476718396,0.05,2.465,14.605,imagenet,random,200
23,0,0.955,0.98,0.95,0.945,4.41,4.485,4.37,0.07085513323545456,0.06780891120433807,0.07280241698026657,0.96,0.03,0.03,0.02,0.0,0.7006122448979591,0.07246805233652989,-0.12408163265306121,0.10182532361053745,0.05,0.8246938775510205,0.48994748795493875,2.220446049250313e-18,0.4798480476718396,0.05,2.51,14.67,imagenet,random,200
24,0,0.945,0.98,0.95,0.945,4.405,4.485,4.37,0.07085513323545456,0.08361372351646423,0.10514374077320099,0.95,0.03,0.04,0.025,0.0,0.705,0.08169207977786001,-0.1196938775510204,0.11791158359497786,0.05,0.8246938775510205,0.48994748795493875,2.220446049250313e-18,0.4798480476718396,0.05,2.775,14.505,imagenet,random,200
25,0,0.965,0.98,0.95,0.94,4.44,4.485,4.37,0.07085513323545456,0.07372405380010605,0.06157563999295235,0.975,0.03,0.02,0.015,0.0,0.7040816326530611,0.08043367897344751,-0.12061224489795919,0.10970075263816398,0.05,0.8246938775510205,0.48994748795493875,2.220446049250313e-18,0.4798480476718396,0.05,2.75,14.57,imagenet,random,200
26,0,0.965,0.98,0.95,0.94,4.465,4.485,4.37,0.07085513323545456,0.07885953783988953,0.05223305523395538,0.975,0.03,0.02,0.015,0.0,0.7045918367346938,0.08274834911216437,-0.12010204081632654,0.11219811818140442,0.05,0.8246938775510205,0.48994748795493875,2.220446049250313e-18,0.4798480476718396,0.05,2.765,14.535,imagenet,random,200
27,0,0.97,0.98,0.95,0.95,4.445,4.485,4.37,0.07085513323545456,0.061873577535152435,0.05343513563275337,0.98,0.03,0.015,0.01,0.0,0.7036734693877551,0.08108589028473558,-0.1210204081632653,0.11212278062550468,0.05,0.8246938775510205,0.48994748795493875,2.220446049250313e-18,0.4798480476718396,0.05,2.7,14.56,imagenet,random,200
28,0,0.965,0.98,0.95,0.945,4.39,4.485,4.37,0.07085513323545456,0.05669165775179863,0.06907610595226288,0.97,0.03,0.02,0.015,0.0,0.7048469387755102,0.08366736110965736,-0.1198469387755102,0.11241438284472678,0.05,0.8246938775510205,0.48994748795493875,2.220446049250313e-18,0.4798480476718396,0.05,2.705,14.45,imagenet,random,200
29,0,0.955,0.98,0.95,0.95,4.43,4.485,4.37,0.07085513323545456,0.06852734833955765,0.08000347018241882,0.96,0.03,0.03,0.02,0.0,0.7058163265306123,0.08269126812351549,-0.11887755102040817,0.11376056434033671,0.05,0.8246938775510205,0.48994748795493875,2.220446049250313e-18,0.4798480476718396,0.05,2.67,14.32,imagenet,random,200
30,0,0.955,0.98,0.95,0.955,4.4,4.485,4.37,0.07085513323545456,0.09489057213068008,0.08006002753973007,0.96,0.03,0.03,0.015,0.0,0.705408163265306,0.08652067645221809,-0.11928571428571429,0.1209224404930137,0.05,0.8246938775510205,0.48994748795493875,2.220446049250313e-18,0.4798480476718396,0.05,2.695,14.385,imagenet,random,200
31,0,0.96,0.98,0.95,0.955,4.385,4.485,4.37,0.07085513323545456,0.06738204509019852,0.0897083505988121,0.965,0.03,0.025,0.015,0.0,0.7063775510204081,0.08549311945197696,-0.11831632653061223,0.11802462056890363,0.05,0.8246938775510205,0.48994748795493875,2.220446049250313e-18,0.4798480476718396,0.05,2.73,14.325,imagenet,random,200
32,0,0.965,0.98,0.95,0.955,4.375,4.485,4.37,0.07085513323545456,0.053301312029361725,0.0740887001156807,0.97,0.03,0.02,0.01,0.0,0.7069897959183674,0.08894876381521571,-0.11770408163265307,0.115201498096867,0.05,0.8246938775510205,0.48994748795493875,2.220446049250313e-18,0.4798480476718396,0.05,2.79,14.325,imagenet,random,200
33,0,0.97,0.98,0.95,0.945,4.415,4.485,4.37,0.07085513323545456,0.08317965269088745,0.06258819997310638,0.975,0.03,0.015,0.005,0.0,0.7086224489795918,0.0938307441715166,-0.11607142857142858,0.12461494408897124,0.05,0.8246938775510205,0.48994748795493875,2.220446049250313e-18,0.4798480476718396,0.05,2.905,14.28,imagenet,random,200
34,0,0.97,0.98,0.95,0.955,4.42,4.485,4.37,0.07085513323545456,0.06149807572364807,0.047845903784036636,0.98,0.03,0.015,0.01,0.0,0.7081122448979592,0.09120578800319401,-0.11658163265306122,0.1214147770339332,0.05,0.8246938775510205,0.48994748795493875,2.220446049250313e-18,0.4798480476718396,0.05,2.855,14.28,imagenet,random,200
35,0,0.96,0.98,0.95,0.945,4.4,4.485,4.37,0.07085513323545456,0.06943599879741669,0.058923445641994476,0.97,0.03,0.025,0.015,0.0,0.7095918367346938,0.09631098526266405,-0.11510204081632654,0.12547450695696172,0.05,0.8246938775510205,0.48994748795493875,2.220446049250313e-18,0.4798480476718396,0.05,2.935,14.215,imagenet,random,200
36,0,0.97,0.98,0.95,0.955,4.435,4.485,4.37,0.07085513323545456,0.05509451776742935,0.06070547178387642,0.975,0.03,0.015,0.01,0.0,0.7073979591836735,0.0888805873451864,-0.11729591836734693,0.11958983082251506,0.05,0.8246938775510205,0.48994748795493875,2.220446049250313e-18,0.4798480476718396,0.05,2.78,14.275,imagenet,random,200
37,0,0.965,0.98,0.95,0.95,4.39,4.485,4.37,0.07085513323545456,0.05641553923487663,0.06176290661096573,0.97,0.03,0.02,0.005,0.0,0.7058673469387756,0.08418912662212612,-0.11882653061224492,0.11371485097377444,0.05,0.8246938775510205,0.48994748795493875,2.220446049250313e-18,0.4798480476718396,0.05,2.73,14.375,imagenet,random,200
38,0,0.95,0.98,0.95,0.945,4.43,4.485,4.37,0.07085513323545456,0.07952598482370377,0.09656038135290146,0.955,0.03,0.035,0.02,0.0,0.7103061224489796,0.096655753110944,-0.11438775510204081,0.1259621706677717,0.05,0.8246938775510205,0.48994748795493875,2.220446049250313e-18,0.4798480476718396,0.05,2.98,14.19,imagenet,random,200
39,0,0.955,0.98,0.95,0.955,4.385,4.485,4.37,0.07085513323545456,0.05231194570660591,0.0843605026602745,0.96,0.03,0.03,0.015,0.0,0.7078061224489796,0.09060943470644892,-0.11688775510204083,0.11893162864187616,0.05,0.8246938775510205,0.48994748795493875,2.220446049250313e-18,0.4798480476718396,0.05,2.805,14.26,imagenet,random,200
40,0,0.965,0.98,0.95,0.95,4.405,4.485,4.37,0.07085513323545456,0.04257254675030708,0.06300227344036102,0.975,0.03,0.02,0.01,0.0,0.707295918367347,0.09163749880576952,-0.11739795918367349,0.12040438334297505,0.05,0.8246938775510205,0.48994748795493875,2.220446049250313e-18,0.4798480476718396,0.05,2.815,14.32,imagenet,random,200
41,0,0.955,0.98,0.95,0.955,4.38,4.485,4.37,0.07085513323545456,0.058941472321748734,0.06731652468442917,0.965,0.03,0.03,0.015,0.0,0.7084693877551022,0.09275455143632098,-0.11622448979591837,0.12064469965858735,0.05,0.8246938775510205,0.48994748795493875,2.220446049250313e-18,0.4798480476718396,0.05,2.79,14.18,imagenet,random,200
42,0,0.955,0.98,0.95,0.95,4.41,4.485,4.37,0.07085513323545456,0.07772545516490936,0.08674168586730957,0.96,0.03,0.03,0.02,0.0,0.7086734693877551,0.09399469663940622,-0.11602040816326532,0.126951424786821,0.05,0.8246938775510205,0.48994748795493875,2.220446049250313e-18,0.4798480476718396,0.05,2.905,14.275,imagenet,random,200
43,0,0.96,0.98,0.95,0.96,4.42,4.485,4.37,0.07085513323545456,0.05372621491551399,0.05969441309571266,0.97,0.03,0.025,0.01,0.0,0.7074999999999999,0.0896170134446495,-0.11719387755102041,0.12123245886970835,0.05,0.8246938775510205,0.48994748795493875,2.220446049250313e-18,0.4798480476718396,0.05,2.785,14.27,imagenet,random,200
44,0,0.965,0.98,0.95,0.955,4.405,4.485,4.37,0.07085513323545456,0.05161125212907791,0.06050855666399002,0.975,0.03,0.02,0.01,0.0,0.7092346938775509,0.09136529014003307,-0.11545918367346938,0.12401498283579712,0.05,0.8246938775510205,0.48994748795493875,2.220446049250313e-18,0.4798480476718396,0.05,2.93,14.245,imagenet,random,200
45,0,0.965,0.98,0.95,0.96,4.4,4.485,4.37,0.07085513323545456,0.05327844247221947,0.06430553644895554,0.97,0.03,0.02,0.01,0.0,0.7075510204081632,0.0895012363602249,-0.11714285714285716,0.12254842029346037,0.05,0.8246938775510205,0.48994748795493875,2.220446049250313e-18,0.4798480476718396,0.05,2.835,14.315,imagenet,random,200
46,0,0.965,0.98,0.95,0.955,4.425,4.485,4.37,0.07085513323545456,0.06228877976536751,0.054942987859249115,0.975,0.03,0.02,0.01,0.0,0.7080102040816327,0.09035796200153039,-0.11668367346938777,0.12457578648565687,0.05,0.8246938775510205,0.48994748795493875,2.220446049250313e-18,0.4798480476718396,0.05,2.84,14.275,imagenet,random,200
47,0,0.96,0.98,0.95,0.945,4.4,4.485,4.37,0.07085513323545456,0.06784000247716904,0.0714140385389328,0.97,0.03,0.025,0.01,0.0,0.7082142857142857,0.09179292436059458,-0.11647959183673472,0.12108475592365721,0.05,0.8246938775510205,0.48994748795493875,2.220446049250313e-18,0.4798480476718396,0.05,2.835,14.25,imagenet,random,200
48,0,0.96,0.98,0.95,0.935,4.385,4.485,4.37,0.07085513323545456,0.07637961208820343,0.07952830195426941,0.965,0.03,0.025,0.01,0.0,0.7078571428571427,0.09081457316825091,-0.11683673469387756,0.12126781167724403,0.05,0.8246938775510205,0.48994748795493875,2.220446049250313e-18,0.4798480476718396,0.05,2.835,14.285,imagenet,random,200
49,0,0.96,0.98,0.95,0.935,4.37,4.485,4.37,0.07085513323545456,0.09447326511144638,0.08107057213783264,0.965,0.03,0.025,0.01,0.0,0.7077551020408163,0.08862960955511122,-0.11693877551020408,0.11902088591989013,0.05,0.8246938775510205,0.48994748795493875,2.220446049250313e-18,0.4798480476718396,0.05,2.825,14.285,imagenet,random,200
50,0,0.965,0.98,0.95,0.955,4.405,4.485,4.37,0.07085513323545456,0.05678669363260269,0.0688665360212326,0.975,0.03,0.02,0.01,0.0,0.7085204081632653,0.09043565060964394,-0.11617346938775511,0.1194793365841906,0.05,0.8246938775510205,0.48994748795493875,2.220446049250313e-18,0.4798480476718396,0.05,2.81,14.195,imagenet,random,200
51,0,0.955,0.98,0.95,0.95,4.405,4.485,4.37,0.07085513323545456,0.06832405924797058,0.06928879767656326,0.965,0.03,0.03,0.02,0.0,0.7091836734693877,0.09156482566431985,-0.11551020408163265,0.12351225892169168,0.05,0.8246938775510205,0.48994748795493875,2.220446049250313e-18,0.4798480476718396,0.05,2.835,14.155,imagenet,random,200
52,0,0.955,0.98,0.95,0.95,4.355,4.485,4.37,0.07085513323545456,0.05338849872350693,0.0809604674577713,0.96,0.03,0.03,0.015,0.0,0.7076020408163265,0.08884652711145523,-0.11709183673469388,0.11901376541209174,0.05,0.8246938775510205,0.48994748795493875,2.220446049250313e-18,0.4798480476718396,0.05,2.77,14.245,imagenet,random,200
53,0,0.965,0.98,0.95,0.955,4.415,4.485,4.37,0.07085513323545456,0.041826821863651276,0.05867220088839531,0.975,0.03,0.02,0.01,0.0,0.7068877551020408,0.08671203991703924,-0.11780612244897959,0.11291199473052985,0.05,0.8246938775510205,0.48994748795493875,2.220446049250313e-18,0.4798480476718396,0.05,2.805,14.35,imagenet,random,200
54,0,0.965,0.98,0.95,0.96,4.4,4.485,4.37,0.07085513323545456,0.043373316526412964,0.04804277420043945,0.975,0.03,0.02,0.01,0.0,0.7042857142857142,0.08209307633071544,-0.12040816326530614,0.1082956144187483,0.05,0.8246938775510205,0.48994748795493875,2.220446049250313e-18,0.4798480476718396,0.05,2.65,14.45,imagenet,random,200
55,0,0.96,0.98,0.95,0.94,4.395,4.485,4.37,0.07085513323545456,0.07279951870441437,0.058634690940380096,0.97,0.03,0.025,0.01,0.0,0.7053571428571428,0.08364796376502602,-0.11933673469387757,0.1109025996478158,0.05,0.8246938775510205,0.48994748795493875,2.220446049250313e-18,0.4798480476718396,0.05,2.71,14.405,imagenet,random,200
56,0,0.955,0.98,0.95,0.95,4.37,4.485,4.37,0.07085513323545456,0.060241736471652985,0.06805970519781113,0.965,0.03,0.03,0.015,0.0,0.7063265306122449,0.08661769259168862,-0.11836734693877551,0.11459497874297085,0.05,0.8246938775510205,0.48994748795493875,2.220446049250313e-18,0.4798480476718396,0.05,2.73,14.33,imagenet,random,200
57,0,0.965,0.98,0.95,0.935,4.42,4.485,4.37,0.07085513323545456,0.06200164929032326,0.05779152363538742,0.975,0.03,0.02,0.01,0.0,0.7043367346938776,0.08148156366036,-0.12035714285714284,0.10879562076966977,0.05,0.8246938775510205,0.48994748795493875,2.220446049250313e-18,0.4798480476718396,0.05,2.66,14.455,imagenet,random,200
58,0,0.965,0.98,0.95,0.94,4.41,4.485,4.37,0.07085513323545456,0.07360907644033432,0.06346926093101501,0.97,0.03,0.02,0.01,0.0,0.7050510204081633,0.08317724523852517,-0.11964285714285715,0.11089823017289746,0.05,0.8246938775510205,0.48994748795493875,2.220446049250313e-18,0.4798480476718396,0.05,2.71,14.435,imagenet,random,200
59,0,0.97,0.98,0.95,0.945,4.395,4.485,4.37,0.07085513323545456,0.05822689086198807,0.05104470252990723,0.975,0.03,0.015,0.005,0.0,0.7061224489795919,0.08578388073190964,-0.11857142857142856,0.113116987979447,0.05,0.8246938775510205,0.48994748795493875,2.220446049250313e-18,0.4798480476718396,0.05,2.755,14.375,imagenet,random,200
60,0,0.96,0.98,0.95,0.95,4.42,4.485,4.37,0.07085513323545456,0.04756762459874153,0.055251289159059525,0.97,0.03,0.025,0.01,0.0,0.7057142857142858,0.08450906833088176,-0.11897959183673469,0.11199905813598889,0.05,0.8246938775510205,0.48994748795493875,2.220446049250313e-18,0.4798480476718396,0.05,2.71,14.37,imagenet,random,200
61,0,0.965,0.98,0.95,0.945,4.405,4.485,4.37,0.07085513323545456,0.05681469291448593,0.06680542975664139,0.975,0.03,0.02,0.005,0.0,0.7055102040816326,0.08261564915372016,-0.11918367346938777,0.11063025555267814,0.05,0.8246938775510205,0.48994748795493875,2.220446049250313e-18,0.4798480476718396,0.05,2.69,14.37,imagenet,random,200
62,0,0.965,0.98,0.95,0.95,4.41,4.485,4.37,0.07085513323545456,0.06320147216320038,0.06084947660565376,0.97,0.03,0.02,0.01,0.0,0.7044387755102042,0.08185947301011524,-0.12025510204081633,0.10835997038622736,0.05,0.8246938775510205,0.48994748795493875,2.220446049250313e-18,0.4798480476718396,0.05,2.65,14.435,imagenet,random,200
63,0,0.965,0.98,0.95,0.945,4.42,4.485,4.37,0.07085513323545456,0.05228182673454285,0.05290006101131439,0.975,0.03,0.02,0.015,0.0,0.7048979591836735,0.0825303641297566,-0.11979591836734695,0.1093695114912407,0.05,0.8246938775510205,0.48994748795493875,2.220446049250313e-18,0.4798480476718396,0.05,2.71,14.45,imagenet,random,200
64,0,0.965,0.98,0.95,0.955,4.4,4.485,4.37,0.07085513323545456,0.058152902871370316,0.06451510637998581,0.97,0.03,0.02,0.01,0.0,0.7048469387755102,0.08089361335260634,-0.1198469387755102,0.10677365469848155,0.05,0.8246938775510205,0.48994748795493875,2.220446049250313e-18,0.4798480476718396,0.05,2.72,14.465,imagenet,random,200
65,0,0.97,0.98,0.95,0.955,4.41,4.485,4.37,0.07085513323545456,0.05861819162964821,0.046861883252859116,0.98,0.03,0.015,0.005,0.0,0.7052551020408163,0.08192783761725966,-0.11943877551020407,0.10790121198442648,0.05,0.8246938775510205,0.48994748795493875,2.220446049250313e-18,0.4798480476718396,0.05,2.69,14.395,imagenet,random,200
66,0,0.965,0.98,0.95,0.95,4.38,4.485,4.37,0.07085513323545456,0.06023919954895973,0.06445159763097763,0.97,0.03,0.02,0.01,0.0,0.7054591836734694,0.08166788713391689,-0.11923469387755103,0.10794803149809012,0.05,0.8246938775510205,0.48994748795493875,2.220446049250313e-18,0.4798480476718396,0.05,2.7,14.385,imagenet,random,200
67,0,0.965,0.98,0.95,0.95,4.375,4.485,4.37,0.07085513323545456,0.047409024089574814,0.05906425416469574,0.97,0.03,0.02,0.01,0.0,0.7056632653061224,0.08285831518458948,-0.11903061224489797,0.10950713737736806,0.05,0.8246938775510205,0.48994748795493875,2.220446049250313e-18,0.4798480476718396,0.05,2.73,14.395,imagenet,random,200
68,0,0.96,0.98,0.95,0.945,4.405,4.485,4.37,0.07085513323545456,0.06727954000234604,0.059835225343704224,0.97,0.03,0.025,0.015,0.0,0.7062244897959183,0.08316482357940068,-0.11846938775510203,0.11025737091884366,0.05,0.8246938775510205,0.48994748795493875,2.220446049250313e-18,0.4798480476718396,0.05,2.76,14.37,imagenet,random,200
69,0,0.96,0.98,0.95,0.955,4.415,4.485,4.37,0.07085513323545456,0.04906902462244034,0.063776396214962,0.965,0.03,0.025,0.015,0.0,0.7051530612244897,0.08178383253941435,-0.11954081632653062,0.10805473608590546,0.05,0.8246938775510205,0.48994748795493875,2.220446049250313e-18,0.4798480476718396,0.05,2.685,14.4,imagenet,random,200
70,0,0.96,0.98,0.95,0.955,4.39,4.485,4.37,0.07085513323545456,0.05392047390341759,0.06008487567305565,0.965,0.03,0.025,0.015,0.0,0.7063775510204081,0.0841670233089227,-0.11831632653061223,0.11041932827822165,0.05,0.8246938775510205,0.48994748795493875,2.220446049250313e-18,0.4798480476718396,0.05,2.755,14.35,imagenet,random,200
71,0,0.96,0.98,0.95,0.96,4.39,4.485,4.37,0.07085513323545456,0.046004001051187515,0.06022864952683449,0.965,0.03,0.025,0.015,0.0,0.7051020408163265,0.08123109243495648,-0.11959183673469387,0.10760105717956321,0.05,0.8246938775510205,0.48994748795493875,2.220446049250313e-18,0.4798480476718396,0.05,2.7,14.42,imagenet,random,200
72,0,0.965,0.98,0.95,0.955,4.425,4.485,4.37,0.07085513323545456,0.03977319598197937,0.0482991561293602,0.975,0.03,0.02,0.01,0.0,0.7076530612244898,0.08582683942358377,-0.11704081632653061,0.11168847807319253,0.05,0.8246938775510205,0.48994748795493875,2.220446049250313e-18,0.4798480476718396,0.05,2.83,14.3,imagenet,random,200
73,0,0.97,0.98,0.95,0.95,4.41,4.485,4.37,0.07085513323545456,0.05020933970808983,0.04638732597231865,0.98,0.03,0.015,0.01,0.0,0.7073469387755102,0.08591884153312622,-0.11734693877551021,0.11074088811437832,0.05,0.8246938775510205,0.48994748795493875,2.220446049250313e-18,0.4798480476718396,0.05,2.835,14.335,imagenet,random,200
74,0,0.965,0.98,0.95,0.955,4.435,4.485,4.37,0.07085513323545456,0.04711465910077095,0.0475630983710289,0.975,0.03,0.02,0.01,0.0,0.7068877551020408,0.08364566086034826,-0.11780612244897959,0.10916478481645754,0.05,0.8246938775510205,0.48994748795493875,2.220446049250313e-18,0.4798480476718396,0.05,2.785,14.33,imagenet,random,200
75,0,0.97,0.98,0.95,0.96,4.44,4.485,4.37,0.07085513323545456,0.04592648148536682,0.05108598619699478,0.98,0.03,0.015,0.01,0.0,0.7075,0.08576951869956481,-0.11719387755102041,0.11088289028230065,0.05,0.8246938775510205,0.48994748795493875,2.220446049250313e-18,0.4798480476718396,0.05,2.785,14.27,imagenet,random,200
76,0,0.965,0.98,0.95,0.965,4.41,4.485,4.37,0.07085513323545456,0.03488308936357498,0.05454980954527855,0.97,0.03,0.02,0.01,0.0,0.708265306122449,0.08692380340772615,-0.11642857142857142,0.11249545854312601,0.05,0.8246938775510205,0.48994748795493875,2.220446049250313e-18,0.4798480476718396,0.05,2.835,14.245,imagenet,random,200
77,0,0.965,0.98,0.95,0.955,4.41,4.485,4.37,0.07085513323545456,0.042016781866550446,0.05632892623543739,0.97,0.03,0.02,0.01,0.0,0.7070918367346938,0.08428587045795186,-0.11760204081632654,0.1107903103569697,0.05,0.8246938775510205,0.48994748795493875,2.220446049250313e-18,0.4798480476718396,0.05,2.79,14.315,imagenet,random,200
78,0,0.97,0.98,0.95,0.96,4.41,4.485,4.37,0.07085513323545456,0.03748786076903343,0.052095137536525726,0.98,0.03,0.015,0.005,0.0,0.7075510204081632,0.08547980599566465,-0.11714285714285716,0.11184288675751304,0.05,0.8246938775510205,0.48994748795493875,2.220446049250313e-18,0.4798480476718396,0.05,2.825,14.305,imagenet,random,200
79,0,0.96,0.98,0.95,0.96,4.42,4.485,4.37,0.07085513323545456,0.04315982758998871,0.05629938468337059,0.97,0.03,0.025,0.01,0.0,0.7078571428571427,0.08597571247626933,-0.11683673469387754,0.11145277288771467,0.05,0.8246938775510205,0.48994748795493875,2.220446049250313e-18,0.4798480476718396,0.05,2.82,14.27,imagenet,random,200
80,0,0.965,0.98,0.95,0.965,4.425,4.485,4.37,0.07085513323545456,0.038332127034664154,0.051651373505592346,0.975,0.03,0.02,0.01,0.0,0.7075,0.08571627398130387,-0.11719387755102041,0.11101189797365806,0.05,0.8246938775510205,0.48994748795493875,2.220446049250313e-18,0.4798480476718396,0.05,2.815,14.3,imagenet,random,200
81,0,0.965,0.98,0.95,0.965,4.425,4.485,4.37,0.07085513323545456,0.035653211176395416,0.05243706703186035,0.975,0.03,0.02,0.01,0.0,0.7067857142857141,0.08387275344589842,-0.11790816326530612,0.10818771647311223,0.05,0.8246938775510205,0.48994748795493875,2.220446049250313e-18,0.4798480476718396,0.05,2.775,14.33,imagenet,random,200
82,0,0.965,0.98,0.95,0.955,4.42,4.485,4.37,0.07085513323545456,0.050897542387247086,0.05209505558013916,0.975,0.03,0.02,0.01,0.0,0.7076020408163265,0.08553642690283264,-0.11709183673469388,0.10972843353134522,0.05,0.8246938775510205,0.48994748795493875,2.220446049250313e-18,0.4798480476718396,0.05,2.77,14.245,imagenet,random,200
83,0,0.965,0.98,0.95,0.955,4.405,4.485,4.37,0.07085513323545456,0.04890327528119087,0.052286919206380844,0.975,0.03,0.02,0.005,0.0,0.707295918367347,0.08437911743440944,-0.11739795918367346,0.10943594557502365,0.05,0.8246938775510205,0.48994748795493875,2.220446049250313e-18,0.4798480476718396,0.05,2.77,14.275,imagenet,random,200
84,0,0.965,0.98,0.95,0.96,4.425,4.485,4.37,0.07085513323545456,0.044533438980579376,0.050138331949710846,0.975,0.03,0.02,0.01,0.0,0.7075510204081632,0.08477850850437456,-0.11714285714285716,0.10944939875371347,0.05,0.8246938775510205,0.48994748795493875,2.220446049250313e-18,0.4798480476718396,0.05,2.805,14.285,imagenet,random,200
85,0,0.97,0.98,0.95,0.96,4.44,4.485,4.37,0.07085513323545456,0.03885309025645256,0.05009821057319641,0.98,0.03,0.015,0.01,0.0,0.7064285714285714,0.08264859377258864,-0.11826530612244898,0.10682334208257088,0.05,0.8246938775510205,0.48994748795493875,2.220446049250313e-18,0.4798480476718396,0.05,2.74,14.33,imagenet,random,200
86,0,0.97,0.98,0.95,0.955,4.44,4.485,4.37,0.07085513323545456,0.05167428031563759,0.05047856271266937,0.98,0.03,0.015,0.01,0.0,0.7071428571428571,0.08418314277478718,-0.11755102040816329,0.10848841103528685,0.05,0.8246938775510205,0.48994748795493875,2.220446049250313e-18,0.4798480476718396,0.05,2.775,14.295,imagenet,random,200
87,0,0.97,0.98,0.95,0.955,4.44,4.485,4.37,0.07085513323545456,0.05949888750910759,0.05213359370827675,0.98,0.03,0.015,0.01,0.0,0.7075510204081632,0.08483236193199326,-0.11714285714285716,0.10911700994511193,0.05,0.8246938775510205,0.48994748795493875,2.220446049250313e-18,0.4798480476718396,0.05,2.775,14.255,imagenet,random,200
88,0,0.965,0.98,0.95,0.97,4.425,4.485,4.37,0.07085513323545456,0.03543401509523392,0.05105828121304512,0.975,0.03,0.02,0.01,0.0,0.7075,0.08503429926612177,-0.11719387755102043,0.10883642017943203,0.05,0.8246938775510205,0.48994748795493875,2.220446049250313e-18,0.4798480476718396,0.05,2.775,14.26,imagenet,random,200
89,0,0.965,0.98,0.95,0.965,4.425,4.485,4.37,0.07085513323545456,0.03634617105126381,0.05255092680454254,0.975,0.03,0.02,0.01,0.0,0.707295918367347,0.08464131731291163,-0.11739795918367346,0.10885891202007769,0.05,0.8246938775510205,0.48994748795493875,2.220446049250313e-18,0.4798480476718396,0.05,2.765,14.27,imagenet,random,200
90,0,0.97,0.98,0.95,0.965,4.44,4.485,4.37,0.07085513323545456,0.044393397867679596,0.05142416059970856,0.98,0.03,0.015,0.01,0.0,0.7071938775510204,0.08436684645167188,-0.1175,0.10831285329404636,0.05,0.8246938775510205,0.48994748795493875,2.220446049250313e-18,0.4798480476718396,0.05,2.765,14.28,imagenet,random,200
91,0,0.97,0.98,0.95,0.96,4.44,4.485,4.37,0.07085513323545456,0.04822332784533501,0.048170480877161026,0.98,0.03,0.015,0.01,0.0,0.7066326530612244,0.08345647581108576,-0.11806122448979592,0.10713966447896382,0.05,0.8246938775510205,0.48994748795493875,2.220446049250313e-18,0.4798480476718396,0.05,2.745,14.315,imagenet,random,200
92,0,0.97,0.98,0.95,0.955,4.44,4.485,4.37,0.07085513323545456,0.047075606882572174,0.047107476741075516,0.98,0.03,0.015,0.01,0.0,0.7066326530612244,0.08329325521889976,-0.11806122448979592,0.10726041353344044,0.05,0.8246938775510205,0.48994748795493875,2.220446049250313e-18,0.4798480476718396,0.05,2.745,14.315,imagenet,random,200
93,0,0.97,0.98,0.95,0.96,4.44,4.485,4.37,0.07085513323545456,0.05513447895646095,0.048182010650634766,0.98,0.03,0.015,0.01,0.0,0.7069897959183674,0.08404319715632824,-0.11770408163265307,0.10814856516932196,0.05,0.8246938775510205,0.48994748795493875,2.220446049250313e-18,0.4798480476718396,0.05,2.77,14.305,imagenet,random,200
94,0,0.97,0.98,0.95,0.955,4.44,4.485,4.37,0.07085513323545456,0.05646635591983795,0.04696981608867645,0.98,0.03,0.015,0.01,0.0,0.7069387755102041,0.08374294633551008,-0.11775510204081634,0.10772127828364318,0.05,0.8246938775510205,0.48994748795493875,2.220446049250313e-18,0.4798480476718396,0.05,2.76,14.3,imagenet,random,200
95,0,0.97,0.98,0.95,0.95,4.44,4.485,4.37,0.07085513323545456,0.05289829149842262,0.048158593475818634,0.98,0.03,0.015,0.01,0.0,0.7068367346938774,0.08375356409280164,-0.11785714285714287,0.10750131829838211,0.05,0.8246938775510205,0.48994748795493875,2.220446049250313e-18,0.4798480476718396,0.05,2.755,14.305,imagenet,random,200
96,0,0.97,0.98,0.95,0.955,4.44,4.485,4.37,0.07085513323545456,0.05477898195385933,0.0478588230907917,0.98,0.03,0.015,0.01,0.0,0.7070408163265306,0.08415439842443355,-0.11765306122448979,0.10762852167041274,0.05,0.8246938775510205,0.48994748795493875,2.220446049250313e-18,0.4798480476718396,0.05,2.765,14.295,imagenet,random,200
97,0,0.97,0.98,0.95,0.95,4.44,4.485,4.37,0.07085513323545456,0.04811572656035423,0.04848308488726616,0.98,0.03,0.015,0.01,0.0,0.7068367346938775,0.08366196137847304,-0.11785714285714284,0.1072156899721449,0.05,0.8246938775510205,0.48994748795493875,2.220446049250313e-18,0.4798480476718396,0.05,2.745,14.295,imagenet,random,200
98,0,0.97,0.98,0.95,0.96,4.44,4.485,4.37,0.07085513323545456,0.057126641273498535,0.04717210680246353,0.98,0.03,0.015,0.01,0.0,0.7069387755102041,0.08394102265804566,-0.11775510204081634,0.107468555767191,0.05,0.8246938775510205,0.48994748795493875,2.220446049250313e-18,0.4798480476718396,0.05,2.75,14.29,imagenet,random,200
99,0,0.97,0.98,0.95,0.96,4.44,4.485,4.37,0.07085513323545456,0.06054982170462608,0.04559396579861641,0.98,0.03,0.015,0.01,0.0,0.7068877551020407,0.08367730076035769,-0.11780612244897959,0.10735207543904834,0.05,0.8246938775510205,0.48994748795493875,2.220446049250313e-18,0.4798480476718396,0.05,2.755,14.3,imagenet,random,200
100,0,0.965,0.98,0.95,0.96,4.425,4.485,4.37,0.07085513323545456,0.05998294800519943,0.046275585889816284,0.975,0.03,0.02,0.01,0.0,0.7068367346938775,0.08360773498370325,-0.11785714285714287,0.10768603492026159,0.05,0.8246938775510205,0.48994748795493875,2.220446049250313e-18,0.4798480476718396,0.05,2.76,14.31,imagenet,random,200
0,0,0.055,0.98,0.955,0.965,4.295,4.485,4.375,0.07673554122447968,0.04942389577627182,1.9759149551391602,0.055,0.03,0.925,0.895,10.0,0.7058673469387755,0.08231790489358617,-0.1188265306122449,0.11018673395505175,0.05,0.729234693877551,0.1679639018459042,-0.0954591836734694,0.1908127719233744,0.05,0.55,2.84,imagenet,random_rescue_10,200
1,0,0.75,0.98,0.955,0.96,4.455,4.485,4.4,0.06486073136329651,0.060337889939546585,1.0578465461730957,0.75,0.025,0.235,0.225,10.0,0.7025,0.07956746080398516,-0.1221938775510204,0.10392138346331194,0.05,0.7273979591836734,0.17505997373481066,-0.09729591836734695,0.18818330444977618,0.05,0.53,2.97,imagenet,random_rescue_10,200
2,0,0.945,0.98,0.965,0.955,4.4,4.485,4.455,0.036755405366420746,0.04234221577644348,0.24738061428070068,0.945,0.015,0.045,0.045,10.0,0.6980102040816327,0.07467830591872324,-0.12668367346938778,0.09221563921004418,0.05,0.7235204081632653,0.1665751335483588,-0.10117346938775512,0.17334048582008107,0.05,0.5,3.0,imagenet,random_rescue_10,200
3,0,0.955,0.98,0.945,0.96,4.385,4.485,4.41,0.08786217868328094,0.024034852162003517,0.10397077351808548,0.96,0.035,0.03,0.025,10.0,0.6965816326530613,0.06575660670491737,-0.12811224489795917,0.08795723139555775,0.05,0.7237755102040816,0.159866173014558,-0.10091836734693878,0.1751110313180834,0.05,0.475,3.14,imagenet,random_rescue_10,200
4,0,0.955,0.98,0.95,0.965,4.4,4.485,4.395,0.06651370227336884,0.03208934888243675,0.09514395892620087,0.96,0.03,0.03,0.025,10.0,0.6999489795918368,0.07247333608734305,-0.12474489795918366,0.0960707291426661,0.05,0.7265306122448979,0.16771346344654925,-0.09816326530612245,0.18078836644708646,0.05,0.49,3.095,imagenet,random_rescue_10,200
5,0,0.95,0.98,0.955,0.965,4.345,4.485,4.475,0.060827236622571945,0.029763752594590187,0.09153907746076584,0.955,0.03,0.035,0.035,10.0,0.7013265306122449,0.0754330593303232,-0.12336734693877553,0.10066555774508743,0.05,0.7264285714285715,0.17095296964126155,-0.09826530612244898,0.18301172072533517,0.05,0.54,3.0,imagenet,random_rescue_10,200
6,0,0.94,0.98,0.955,0.97,4.415,4.485,4.39,0.05125296488404274,0.0343976765871048,0.12179229408502579,0.945,0.025,0.045,0.04,10.0,0.7038265306122449,0.08399077673617109,-0.1208673469387755,0.10743470850211452,0.05,0.7291326530612244,0.17555727754787548,-0.09556122448979593,0.19104619672871195,0.05,0.575,3.055,imagenet,random_rescue_10,200
7,0,0.955,0.98,0.96,0.96,4.43,4.485,4.365,0.05490095168352127,0.055581435561180115,0.1027597039937973,0.96,0.025,0.03,0.03,10.0,0.7042346938775509,0.08526515571474444,-0.12045918367346939,0.11085743007002748,0.05,0.7280102040816326,0.17517550018149036,-0.09668367346938776,0.1892014044104144,0.05,0.545,2.875,imagenet,random_rescue_10,200
8,0,0.95,0.98,0.965,0.96,4.425,4.485,4.4,0.06156410276889801,0.04458138346672058,0.08987539261579514,0.955,0.02,0.035,0.03,10.0,0.7039285714285716,0.08373910974552472,-0.12076530612244898,0.10841011783821158,0.05,0.7285204081632654,0.17635798712250483,-0.09617346938775512,0.18441329784691335,0.05,0.505,2.915,imagenet,random_rescue_10,200
9,0,0.965,0.98,0.94,0.965,4.36,4.485,4.4,0.10686006397008896,0.04656606540083885,0.0814460813999176,0.97,0.04,0.02,0.015,10.0,0.7046938775510203,0.08463749225791933,-0.12,0.10774936241024989,0.05,0.7284693877551021,0.16928508139801873,-0.09622448979591837,0.18694541130680592,0.05,0.52,2.85,imagenet,random_rescue_10,200
10,0,0.95,0.98,0.945,0.95,4.36,4.485,4.335,0.08271514624357224,0.07260710000991821,0.10406725108623505,0.955,0.04,0.035,0.02,10.0,0.7064795918367346,0.08857490862035833,-0.11821428571428572,0.11290508896330721,0.05,0.7321428571428572,0.19504305028088625,-0.09255102040816326,0.2036634404445067,0.05,0.565,3.08,imagenet,random_rescue_10,200
11,0,0.945,0.98,0.94,0.945,4.5,4.485,4.345,0.08064113557338715,0.07358268648386002,0.12342285364866257,0.95,0.04,0.04,0.025,10.0,0.7052551020408163,0.08885728782004679,-0.1194387755102041,0.11791631226529717,0.05,0.7287244897959184,0.18109066470356275,-0.09596938775510204,0.20110845751594753,0.05,0.62,2.92,imagenet,random_rescue_10,200
12,0,0.95,0.98,0.94,0.96,4.4,4.485,4.355,0.09173710644245148,0.07494612783193588,0.09771169722080231,0.955,0.045,0.035,0.025,10.0,0.7064795918367346,0.09002906579838982,-0.11821428571428572,0.12095975947144325,0.05,0.7312244897959184,0.18560998569751883,-0.09346938775510205,0.2012695278855972,0.05,0.545,2.97,imagenet,random_rescue_10,200
13,0,0.96,0.98,0.95,0.96,4.385,4.485,4.405,0.11351384222507477,0.08509641885757446,0.09346642345190048,0.965,0.035,0.025,0.015,10.0,0.7062755102040816,0.08883666029841084,-0.11841836734693877,0.11899588470390882,0.05,0.7306632653061225,0.18500368740836873,-0.09403061224489796,0.20144382736587432,0.05,0.58,2.97,imagenet,random_rescue_10,200
14,0,0.96,0.98,0.94,0.945,4.39,4.485,4.375,0.0827094167470932,0.09431406855583191,0.09562818706035614,0.965,0.04,0.025,0.025,10.0,0.7065816326530612,0.09217093373863892,-0.11811224489795918,0.11862505390527076,0.05,0.7321428571428572,0.18490593999760188,-0.09255102040816325,0.19814803212648258,0.05,0.53,3.035,imagenet,random_rescue_10,200
15,0,0.96,0.98,0.97,0.96,4.455,4.485,4.425,0.0423753447830677,0.06686266511678696,0.09873992949724197,0.955,0.015,0.03,0.03,10.0,0.7072448979591838,0.08849086639507292,-0.11744897959183674,0.11814812776457984,0.05,0.7315306122448979,0.17140969814576654,-0.09316326530612244,0.1982873139390722,0.05,0.565,2.945,imagenet,random_rescue_10,200
16,0,0.96,0.98,0.945,0.965,4.365,4.485,4.35,0.08746717125177383,0.05422130972146988,0.09796805679798126,0.965,0.04,0.025,0.02,10.0,0.707295918367347,0.0895097426802928,-0.11739795918367346,0.1187507882907812,0.05,0.7314285714285714,0.18114951230174556,-0.09326530612244899,0.20475698935915715,0.05,0.56,2.925,imagenet,random_rescue_10,200
17,0,0.965,0.98,0.945,0.955,4.405,4.485,4.395,0.09951233118772507,0.05153393745422363,0.07039733976125717,0.97,0.04,0.02,0.01,10.0,0.710408163265306,0.09485737247005528,-0.11428571428571428,0.12454113851345028,0.05,0.7332653061224491,0.1802149642261847,-0.09142857142857146,0.20411974017042667,0.05,0.595,2.835,imagenet,random_rescue_10,200
18,0,0.965,0.98,0.97,0.965,4.43,4.485,4.405,0.04821714386343956,0.04612307995557785,0.09518954902887344,0.96,0.015,0.025,0.025,10.0,0.7106122448979594,0.09535991921775715,-0.11408163265306122,0.12878855124698022,0.05,0.7348469387755102,0.18675166315272482,-0.0898469387755102,0.20948968030861578,0.05,0.635,3.01,imagenet,random_rescue_10,200
19,0,0.975,0.98,0.955,0.955,4.455,4.485,4.365,0.058403242379426956,0.055510640144348145,0.0959353893995285,0.97,0.03,0.015,0.01,10.0,0.7096938775510204,0.09638030765591053,-0.115,0.12207785256556235,0.05,0.7325510204081632,0.17734193247597124,-0.09214285714285714,0.19422303040395492,0.05,0.59,2.83,imagenet,random_rescue_10,200
20,0,0.96,0.98,0.94,0.95,4.39,4.485,4.42,0.08124450594186783,0.06049583852291107,0.08919260650873184,0.965,0.04,0.025,0.02,10.0,0.7086224489795918,0.0902518429594311,-0.11607142857142858,0.11709635889623314,0.05,0.7330102040816326,0.18302804607454964,-0.09168367346938776,0.1990925346268341,0.05,0.61,3.0,imagenet,random_rescue_10,200
21,0,0.965,0.98,0.945,0.95,4.41,4.485,4.41,0.08054099231958389,0.06739337742328644,0.11303611099720001,0.96,0.035,0.025,0.02,10.0,0.7075,0.09002042603950591,-0.11719387755102041,0.11917830122692977,0.05,0.7317857142857143,0.1839129033878854,-0.09290816326530611,0.2021155185997486,0.05,0.55,2.93,imagenet,random_rescue_10,200
22,0,0.955,0.98,0.94,0.955,4.405,4.485,4.35,0.07740098237991333,0.05819737911224365,0.1332133263349533,0.95,0.04,0.035,0.025,10.0,0.7094387755102041,0.09281358147469995,-0.11525510204081632,0.12340194715943653,0.05,0.7336734693877551,0.19687269140030453,-0.09102040816326533,0.20861877323841327,0.05,0.545,2.92,imagenet,random_rescue_10,200
23,0,0.965,0.98,0.945,0.955,4.4,4.485,4.485,0.09349224716424942,0.08164725452661514,0.086677186191082,0.97,0.04,0.02,0.02,10.0,0.7070408163265306,0.0875813060932858,-0.11765306122448979,0.11341606859772582,0.05,0.7312755102040817,0.19108641185853104,-0.09341836734693879,0.20853723182110115,0.05,0.59,2.965,imagenet,random_rescue_10,200
24,0,0.955,0.98,0.95,0.96,4.425,4.485,4.385,0.06623289734125137,0.06168721243739128,0.11094770580530167,0.96,0.03,0.03,0.025,10.0,0.7076530612244898,0.09181422668403405,-0.11704081632653061,0.11706628495798213,0.05,0.7316836734693877,0.18959512865477923,-0.09301020408163266,0.20560470898868516,0.05,0.605,2.96,imagenet,random_rescue_10,200
25,0,0.96,0.98,0.965,0.945,4.45,4.485,4.44,0.056263264268636703,0.0753312036395073,0.10139060765504837,0.965,0.02,0.025,0.02,10.0,0.7090306122448979,0.09528929592994058,-0.11566326530612243,0.12178536549312412,0.05,0.7324489795918367,0.1813690702469659,-0.0922448979591837,0.19996489277807997,0.05,0.65,2.945,imagenet,random_rescue_10,200
26,0,0.955,0.98,0.945,0.955,4.425,4.485,4.43,0.09812994301319122,0.05154500901699066,0.11500832438468933,0.95,0.035,0.035,0.025,10.0,0.7081632653061224,0.09169959657010254,-0.11653061224489797,0.11936690318223554,0.05,0.7314795918367346,0.1872344819008434,-0.09321428571428574,0.2020376248145476,0.05,0.61,2.895,imagenet,random_rescue_10,200
27,0,0.96,0.98,0.96,0.945,4.46,4.485,4.395,0.06409530341625214,0.09744071960449219,0.0819142535328865,0.96,0.025,0.03,0.03,10.0,0.712295918367347,0.10115830742071026,-0.11239795918367346,0.1319199022797693,0.05,0.735,0.18779149982159737,-0.0896938775510204,0.20262028026860207,0.05,0.63,2.855,imagenet,random_rescue_10,200
28,0,0.96,0.98,0.945,0.95,4.475,4.485,4.385,0.10707735270261765,0.10242374241352081,0.086723692715168,0.97,0.04,0.025,0.015,10.0,0.7096428571428571,0.09402305212484292,-0.11505102040816326,0.12777257062407443,0.05,0.7337755102040816,0.17844179895612425,-0.09091836734693878,0.20991267445962877,0.05,0.61,2.975,imagenet,random_rescue_10,200
29,0,0.965,0.98,0.94,0.955,4.435,4.485,4.36,0.08386798202991486,0.07078726589679718,0.0713173970580101,0.97,0.04,0.02,0.01,10.0,0.7096428571428572,0.0945045832988576,-0.11505102040816327,0.1218134240663494,0.05,0.7341326530612244,0.18947617127899619,-0.09056122448979594,0.2031295909360051,0.05,0.63,3.03,imagenet,random_rescue_10,200
30,0,0.965,0.98,0.955,0.955,4.4,4.485,4.41,0.08092968910932541,0.06976420432329178,0.08717136085033417,0.97,0.03,0.02,0.01,10.0,0.7098979591836735,0.09412475498684342,-0.11479591836734696,0.1217622258127085,0.05,0.7340306122448981,0.17827156978141814,-0.09066326530612244,0.20087901570368558,0.05,0.63,2.995,imagenet,random_rescue_10,200
31,0,0.97,0.98,0.955,0.955,4.39,4.485,4.375,0.05538279563188553,0.06010076403617859,0.07735263556241989,0.975,0.03,0.015,0.01,10.0,0.707857142857143,0.09322867220882222,-0.11683673469387756,0.12135513957269722,0.05,0.7314285714285714,0.1744819701056503,-0.09326530612244899,0.20526358116418122,0.05,0.59,2.9,imagenet,random_rescue_10,200
32,0,0.97,0.98,0.96,0.96,4.42,4.485,4.37,0.05013042315840721,0.05403944477438927,0.08223442733287811,0.965,0.025,0.02,0.02,10.0,0.7063775510204081,0.08860151087275334,-0.11831632653061225,0.11851047507225303,0.05,0.7312755102040817,0.18663522770670063,-0.09341836734693879,0.2023176947934553,0.05,0.56,3.0,imagenet,random_rescue_10,200
33,0,0.985,0.98,0.95,0.965,4.435,4.485,4.34,0.09365920722484589,0.04612642899155617,0.06164250895380974,0.98,0.035,0.005,0.0,10.0,0.7043367346938774,0.08243810957836777,-0.12035714285714287,0.1119065685159876,0.05,0.7283673469387756,0.16796662784331168,-0.0963265306122449,0.19198833198053764,0.05,0.58,2.935,imagenet,random_rescue_10,200
34,0,0.975,0.98,0.95,0.955,4.44,4.485,4.305,0.09475623071193695,0.05342497676610947,0.07686176151037216,0.97,0.035,0.015,0.01,10.0,0.7071428571428571,0.09199768617437859,-0.11755102040816326,0.12045861876191338,0.05,0.7311224489795919,0.18322039936778517,-0.09357142857142858,0.19931881531490944,0.05,0.6,2.95,imagenet,random_rescue_10,200
35,0,0.965,0.98,0.955,0.95,4.47,4.485,4.41,0.0784316137433052,0.06460480391979218,0.08114069700241089,0.96,0.03,0.025,0.015,10.0,0.7068877551020408,0.09044915060800136,-0.11780612244897959,0.11832311765057967,0.05,0.7309183673469388,0.1775427749479461,-0.09377551020408163,0.20018169117160142,0.05,0.635,2.99,imagenet,random_rescue_10,200
36,0,0.97,0.98,0.94,0.95,4.375,4.485,4.32,0.11560990661382675,0.058695755898952484,0.07321483641862869,0.975,0.04,0.015,0.005,10.0,0.7081632653061223,0.0924054131477405,-0.11653061224489797,0.12047061609482626,0.05,0.7329081632653062,0.19016232266922337,-0.09178571428571429,0.20575857195537536,0.05,0.54,2.965,imagenet,random_rescue_10,200
37,0,0.97,0.98,0.96,0.95,4.4,4.485,4.37,0.07755889743566513,0.07241572439670563,0.06659621745347977,0.965,0.025,0.02,0.02,10.0,0.7053061224489795,0.08774586426379438,-0.11938775510204083,0.11506577417632798,0.05,0.7296428571428573,0.17074321453185803,-0.0950510204081633,0.19421002410235816,0.05,0.58,2.965,imagenet,random_rescue_10,200
38,0,0.97,0.98,0.935,0.955,4.39,4.485,4.385,0.08917589485645294,0.05189170688390732,0.08805914968252182,0.965,0.045,0.02,0.01,10.0,0.704234693877551,0.08351800990189667,-0.12045918367346939,0.11099027689007926,0.05,0.7288265306122449,0.1739572817972667,-0.09586734693877552,0.19376354879233987,0.05,0.53,2.94,imagenet,random_rescue_10,200
39,0,0.965,0.98,0.955,0.955,4.405,4.485,4.42,0.0676465779542923,0.050021566450595856,0.0823102593421936,0.97,0.025,0.02,0.01,10.0,0.7044387755102041,0.0842543722423893,-0.12025510204081634,0.11038624778724625,0.05,0.7286224489795918,0.1663913679242239,-0.09607142857142857,0.18533683086279779,0.05,0.595,2.965,imagenet,random_rescue_10,200
40,0,0.97,0.98,0.96,0.945,4.39,4.485,4.415,0.0605149082839489,0.07497844099998474,0.0664258673787117,0.965,0.025,0.02,0.015,10.0,0.7038775510204082,0.08368377496490381,-0.12081632653061225,0.11164299028023379,0.05,0.7278571428571429,0.17285559187979688,-0.09683673469387756,0.19432705243176315,0.05,0.625,2.975,imagenet,random_rescue_10,200
41,0,0.96,0.98,0.965,0.955,4.42,4.485,4.38,0.03699508309364319,0.07418710738420486,0.09844796359539032,0.955,0.02,0.03,0.025,10.0,0.7091326530612244,0.09283672217803556,-0.11556122448979593,0.12134328285901574,0.05,0.7336224489795918,0.17610547112401756,-0.09107142857142858,0.1995064684882527,0.05,0.64,3.04,imagenet,random_rescue_10,200
42,0,0.97,0.98,0.95,0.95,4.425,4.485,4.315,0.045630574226379395,0.05078883096575737,0.0963108241558075,0.965,0.035,0.02,0.01,10.0,0.7075,0.08971739772404272,-0.11719387755102041,0.11778295985874138,0.05,0.7294897959183675,0.16800928236621265,-0.09520408163265305,0.19012952584715095,0.05,0.66,2.815,imagenet,random_rescue_10,200
43,0,0.96,0.98,0.94,0.955,4.39,4.485,4.355,0.07654421031475067,0.04495011642575264,0.09866300225257874,0.955,0.04,0.03,0.025,10.0,0.7086734693877551,0.09369013452946856,-0.11602040816326532,0.1257150599216402,0.05,0.7327551020408163,0.19409663804757088,-0.0919387755102041,0.21059591533557978,0.05,0.635,2.995,imagenet,random_rescue_10,200
44,0,0.965,0.98,0.945,0.955,4.38,4.485,4.4,0.07605768740177155,0.0577244870364666,0.06688245385885239,0.97,0.035,0.02,0.02,10.0,0.7115306122448979,0.10051394321655721,-0.11316326530612246,0.13167809491467777,0.05,0.7343367346938776,0.18419021275445116,-0.09035714285714286,0.21413641133811326,0.05,0.68,2.915,imagenet,random_rescue_10,200
45,0,0.965,0.98,0.945,0.96,4.385,4.485,4.34,0.09442877769470215,0.054561223834753036,0.11461979150772095,0.96,0.04,0.025,0.015,10.0,0.7076530612244898,0.0898227292788276,-0.11704081632653061,0.12237918687373167,0.05,0.7328061224489797,0.17847794666105166,-0.09188775510204081,0.2019743099901825,0.05,0.57,3.035,imagenet,random_rescue_10,200
46,0,0.965,0.98,0.955,0.95,4.385,4.485,4.34,0.0697985365986824,0.05469062924385071,0.0692773088812828,0.97,0.03,0.02,0.015,10.0,0.7083673469387756,0.09002153445038585,-0.11632653061224492,0.12147447244264185,0.05,0.7331632653061226,0.18498716277852464,-0.09153061224489796,0.20674457394052298,0.05,0.605,3.035,imagenet,random_rescue_10,200
47,0,0.975,0.98,0.955,0.945,4.405,4.485,4.34,0.06626161932945251,0.07281175255775452,0.05025594308972359,0.98,0.03,0.01,0.01,10.0,0.7077551020408163,0.08873614720792283,-0.11693877551020408,0.12133156925148797,0.05,0.7318877551020408,0.16846617611063164,-0.0928061224489796,0.19878373055078555,0.05,0.625,2.99,imagenet,random_rescue_10,200
48,0,0.98,0.98,0.955,0.935,4.42,4.485,4.405,0.08243200927972794,0.07203556597232819,0.06631212681531906,0.975,0.03,0.01,0.01,10.0,0.7101020408163266,0.09548596832192488,-0.11459183673469388,0.1266598757196334,0.05,0.7332653061224491,0.17778057463267338,-0.09142857142857144,0.20957343130838127,0.05,0.615,2.885,imagenet,random_rescue_10,200
49,0,0.97,0.98,0.945,0.955,4.44,4.485,4.315,0.07143551111221313,0.07528084516525269,0.058633290231227875,0.975,0.04,0.015,0.01,10.0,0.7092857142857142,0.09612911902867657,-0.11540816326530612,0.12909167402540334,0.05,0.7327551020408163,0.17543370196938288,-0.0919387755102041,0.2015126444445923,0.05,0.56,2.86,imagenet,random_rescue_10,200
50,0,0.965,0.98,0.945,0.95,4.385,4.485,4.35,0.09206527471542358,0.06787386536598206,0.06121384724974632,0.97,0.035,0.02,0.015,10.0,0.7090816326530613,0.09314778817381146,-0.11561224489795918,0.120989373527118,0.05,0.7331122448979592,0.18570360240628758,-0.09158163265306123,0.20142781777773053,0.05,0.58,2.935,imagenet,random_rescue_10,200
51,0,0.965,0.98,0.94,0.955,4.39,4.485,4.33,0.09133252501487732,0.041643425822257996,0.06490219384431839,0.97,0.04,0.02,0.02,10.0,0.7086224489795918,0.09101099208906913,-0.11607142857142858,0.11778907561587403,0.05,0.7325,0.1860371101408729,-0.0921938775510204,0.2068205116916215,0.05,0.6,2.94,imagenet,random_rescue_10,200
52,0,0.97,0.98,0.96,0.95,4.435,4.485,4.42,0.057276077568531036,0.049116525799036026,0.053498897701501846,0.975,0.025,0.015,0.01,10.0,0.7073469387755102,0.08931054894347906,-0.11734693877551021,0.11813293454411905,0.05,0.7314795918367346,0.17941980552849252,-0.09321428571428574,0.2001002306258306,0.05,0.56,2.925,imagenet,random_rescue_10,200
53,0,0.965,0.98,0.96,0.95,4.46,4.485,4.38,0.06291068345308304,0.07634107768535614,0.05933128297328949,0.97,0.025,0.02,0.015,10.0,0.7087755102040816,0.0919169453729436,-0.11591836734693878,0.1218557991151465,0.05,0.7313775510204081,0.17604955385128712,-0.09331632653061225,0.19927040803828278,0.05,0.585,2.8,imagenet,random_rescue_10,200
54,0,0.97,0.98,0.95,0.95,4.44,4.485,4.37,0.07396378368139267,0.05131388083100319,0.058075450360774994,0.975,0.035,0.015,0.015,10.0,0.7082653061224491,0.09040659623389548,-0.11642857142857142,0.11953832284969394,0.05,0.732295918367347,0.18389738049160162,-0.09239795918367345,0.20827322031836956,0.05,0.575,2.93,imagenet,random_rescue_10,200
55,0,0.97,0.98,0.96,0.955,4.39,4.485,4.375,0.06489476561546326,0.06495238840579987,0.05429896339774132,0.975,0.025,0.015,0.01,10.0,0.7093367346938776,0.09379475025939353,-0.11535714285714285,0.12276901062970864,0.05,0.7338265306122449,0.19337102963598773,-0.09086734693877553,0.2112144410359906,0.05,0.595,2.995,imagenet,random_rescue_10,200
56,0,0.96,0.98,0.965,0.96,4.39,4.485,4.37,0.057036519050598145,0.050881028175354004,0.07400714606046677,0.965,0.02,0.025,0.02,10.0,0.7075510204081632,0.08808986294596663,-0.11714285714285716,0.11724921062923385,0.05,0.7308163265306122,0.16848741571019624,-0.09387755102040816,0.1927838288474595,0.05,0.615,2.895,imagenet,random_rescue_10,200
57,0,0.975,0.98,0.96,0.96,4.405,4.485,4.43,0.04655895382165909,0.049760960042476654,0.06001617759466171,0.98,0.025,0.01,0.01,10.0,0.7089285714285714,0.09029659938977708,-0.11576530612244898,0.11971956960493117,0.05,0.7316326530612244,0.17911143558293874,-0.09306122448979591,0.20037027980899438,0.05,0.61,2.835,imagenet,random_rescue_10,200
58,0,0.97,0.98,0.955,0.97,4.46,4.485,4.36,0.07118121534585953,0.03488204628229141,0.050113495439291,0.975,0.03,0.015,0.015,10.0,0.7066326530612244,0.08548759291552122,-0.11806122448979592,0.11390976287046214,0.05,0.7287244897959184,0.1621347236054431,-0.09596938775510204,0.18505772968637757,0.05,0.61,2.775,imagenet,random_rescue_10,200
59,0,0.97,0.98,0.965,0.965,4.4,4.485,4.365,0.05123690143227577,0.037352751940488815,0.059410110116004944,0.975,0.02,0.015,0.015,10.0,0.7074489795918367,0.08720221781592088,-0.11724489795918369,0.1158931962364295,0.05,0.730408163265306,0.1699464698948623,-0.0942857142857143,0.19153910165186971,0.05,0.595,2.845,imagenet,random_rescue_10,200
60,0,0.97,0.98,0.96,0.965,4.4,4.485,4.435,0.06210310384631157,0.0442160926759243,0.05638771876692772,0.975,0.02,0.015,0.015,10.0,0.7069897959183674,0.08685095201219745,-0.11770408163265307,0.11521951396818622,0.05,0.7301530612244898,0.1765299148243958,-0.09454081632653061,0.19315870799589901,0.05,0.605,2.875,imagenet,random_rescue_10,200
61,0,0.97,0.98,0.95,0.965,4.4,4.485,4.42,0.06252917647361755,0.051903534680604935,0.05036783590912819,0.975,0.03,0.015,0.015,10.0,0.7076530612244898,0.08799351525522969,-0.11704081632653061,0.11761449130295659,0.05,0.7313775510204081,0.17977983828682176,-0.09331632653061225,0.2016812602651771,0.05,0.61,2.935,imagenet,random_rescue_10,200
62,0,0.965,0.98,0.95,0.955,4.395,4.485,4.41,0.06293448060750961,0.06277857720851898,0.05906563252210617,0.97,0.035,0.02,0.02,10.0,0.7080102040816325,0.08833050441695282,-0.11668367346938777,0.11712435292516603,0.05,0.7312755102040817,0.17427162083623535,-0.09341836734693879,0.19774523128173313,0.05,0.58,2.86,imagenet,random_rescue_10,200
63,0,0.96,0.98,0.955,0.955,4.39,4.485,4.41,0.050664931535720825,0.051105622202157974,0.0582888163626194,0.965,0.03,0.025,0.025,10.0,0.7075,0.08752681214614179,-0.11719387755102041,0.11692895809144829,0.05,0.730765306122449,0.16830537893277822,-0.09392857142857142,0.18733994385111147,0.05,0.63,2.91,imagenet,random_rescue_10,200
64,0,0.975,0.98,0.955,0.955,4.41,4.485,4.425,0.04493887349963188,0.06231256574392319,0.05095214769244194,0.98,0.025,0.01,0.01,10.0,0.7066836734693877,0.08677161690740862,-0.11801020408163264,0.11565042494126829,0.05,0.7300510204081633,0.16834063910172575,-0.09464285714285715,0.19463230128225406,0.05,0.575,2.865,imagenet,random_rescue_10,200
65,0,0.97,0.98,0.94,0.955,4.445,4.485,4.37,0.10750804096460342,0.06992550194263458,0.06431151181459427,0.975,0.045,0.015,0.005,10.0,0.7071938775510205,0.08888343131564537,-0.1175,0.11781925251911161,0.05,0.7305612244897958,0.17361448395403814,-0.0941326530612245,0.1956550757167861,0.05,0.58,2.87,imagenet,random_rescue_10,200
66,0,0.965,0.98,0.945,0.955,4.445,4.485,4.325,0.0926203727722168,0.0615251362323761,0.06748070567846298,0.97,0.04,0.02,0.015,10.0,0.7066836734693877,0.08820334828131224,-0.11801020408163264,0.11592495416552992,0.05,0.7287755102040816,0.16597899880368586,-0.09591836734693877,0.19235999942058699,0.05,0.59,2.755,imagenet,random_rescue_10,200
67,0,0.97,0.98,0.95,0.95,4.43,4.485,4.315,0.07671932876110077,0.05715613067150116,0.052663736045360565,0.975,0.035,0.015,0.015,10.0,0.707295918367347,0.08903799941187007,-0.11739795918367346,0.11603614582651062,0.05,0.7301530612244898,0.16641499156352554,-0.09454081632653061,0.2047308073588647,0.05,0.66,2.9,imagenet,random_rescue_10,200
68,0,0.965,0.98,0.95,0.945,4.385,4.485,4.42,0.06502038240432739,0.06552622467279434,0.06966742873191833,0.97,0.03,0.02,0.015,10.0,0.705561224489796,0.08528685071704745,-0.11913265306122449,0.1126349703388405,0.05,0.7300510204081633,0.1630799969020919,-0.09464285714285715,0.18506099040620028,0.05,0.535,2.935,imagenet,random_rescue_10,200
69,0,0.975,0.98,0.955,0.965,4.41,4.485,4.395,0.05588072910904884,0.04385366290807724,0.04609993100166321,0.98,0.025,0.01,0.01,10.0,0.7060204081632654,0.08601609429865338,-0.1186734693877551,0.11358026238944148,0.05,0.7300510204081633,0.16871961901949473,-0.09464285714285715,0.19410925447940827,0.05,0.54,2.895,imagenet,random_rescue_10,200
70,0,0.965,0.98,0.96,0.945,4.385,4.485,4.39,0.06790965795516968,0.07018624991178513,0.06405153125524521,0.97,0.03,0.02,0.01,10.0,0.7072448979591835,0.08890838846689902,-0.11744897959183674,0.11652880308029126,0.05,0.7309693877551021,0.17781313601315663,-0.09372448979591837,0.20024534767959268,0.05,0.565,2.89,imagenet,random_rescue_10,200
71,0,0.965,0.98,0.965,0.955,4.41,4.485,4.365,0.05172372981905937,0.05841505154967308,0.05289549380540848,0.97,0.02,0.02,0.02,10.0,0.7075,0.08943258065509316,-0.11719387755102043,0.11699909603965353,0.05,0.7323979591836735,0.17490781742279504,-0.09229591836734695,0.1982317341119051,0.05,0.58,3.02,imagenet,random_rescue_10,200
72,0,0.97,0.98,0.97,0.955,4.39,4.485,4.405,0.05022546648979187,0.04968459531664848,0.06575166434049606,0.975,0.015,0.015,0.015,10.0,0.7077551020408163,0.08957986367133543,-0.11693877551020408,0.1165240382605407,0.05,0.7308163265306123,0.1703846850805839,-0.09387755102040816,0.1887450498621911,0.05,0.525,2.785,imagenet,random_rescue_10,200
73,0,0.965,0.98,0.965,0.955,4.385,4.485,4.395,0.027040014043450356,0.0594974085688591,0.06833025813102722,0.97,0.015,0.02,0.02,10.0,0.7068877551020408,0.08636058500743549,-0.11780612244897959,0.11479349509158056,0.05,0.7318367346938776,0.1779859408148543,-0.09285714285714286,0.197050860542804,0.05,0.565,3.01,imagenet,random_rescue_10,200
74,0,0.97,0.98,0.955,0.95,4.4,4.485,4.31,0.04945479705929756,0.05748589336872101,0.05007404461503029,0.975,0.03,0.015,0.015,10.0,0.7077551020408163,0.08882238340999618,-0.1169387755102041,0.11585197352149407,0.05,0.7313265306122448,0.17612550047757014,-0.0933673469387755,0.19226662134868092,0.05,0.545,2.855,imagenet,random_rescue_10,200
75,0,0.975,0.98,0.955,0.955,4.425,4.485,4.37,0.04447602853178978,0.055090922862291336,0.057994551956653595,0.98,0.025,0.01,0.01,10.0,0.7076530612244898,0.0886042433958524,-0.11704081632653063,0.11544079874685849,0.05,0.7304591836734694,0.17433144817199162,-0.09423469387755101,0.19184320476837458,0.05,0.665,2.9,imagenet,random_rescue_10,200
76,0,0.975,0.98,0.95,0.945,4.425,4.485,4.355,0.061942216008901596,0.0716463252902031,0.05567178875207901,0.98,0.03,0.01,0.005,10.0,0.707295918367347,0.08873992223337275,-0.11739795918367348,0.11573151063683326,0.05,0.7305102040816326,0.16803209522346593,-0.09418367346938776,0.1936572765088931,0.05,0.595,2.87,imagenet,random_rescue_10,200
77,0,0.975,0.98,0.965,0.945,4.425,4.485,4.355,0.04230820760130882,0.05599648132920265,0.05865810066461563,0.98,0.02,0.01,0.01,10.0,0.7069387755102041,0.08624275144146333,-0.11775510204081634,0.11298520284850383,0.05,0.7312755102040817,0.17322095280524596,-0.09341836734693879,0.1943618153547868,0.05,0.615,3.0,imagenet,random_rescue_10,200
78,0,0.97,0.98,0.96,0.94,4.4,4.485,4.355,0.07002964615821838,0.0612979419529438,0.056320156902074814,0.975,0.025,0.015,0.01,10.0,0.7069897959183673,0.08659674133694847,-0.11770408163265306,0.1135024500315194,0.05,0.7310204081632654,0.16887357222548396,-0.09367346938775512,0.1935168173315469,0.05,0.635,2.99,imagenet,random_rescue_10,200
79,0,0.97,0.98,0.96,0.95,4.4,4.485,4.355,0.05750805884599686,0.04837069660425186,0.06259579956531525,0.975,0.025,0.015,0.01,10.0,0.7068877551020408,0.08650720901709717,-0.11780612244897959,0.11316192151905852,0.05,0.7298469387755101,0.16686012333760478,-0.09484693877551022,0.19001758760132362,0.05,0.625,2.875,imagenet,random_rescue_10,200
80,0,0.965,0.98,0.95,0.95,4.42,4.485,4.345,0.06522943824529648,0.0517021045088768,0.06731919944286346,0.97,0.03,0.02,0.02,10.0,0.7073979591836735,0.08793028229711003,-0.11729591836734694,0.11490772683377144,0.05,0.7317857142857143,0.18014779297657182,-0.09290816326530614,0.2032440338656306,0.05,0.585,2.975,imagenet,random_rescue_10,200
81,0,0.97,0.98,0.955,0.955,4.4,4.485,4.365,0.07426490634679794,0.054902978241443634,0.06582024693489075,0.975,0.03,0.015,0.015,10.0,0.7068877551020408,0.0873886335791881,-0.11780612244897959,0.11436441396377632,0.05,0.7297448979591837,0.16962819359590903,-0.09494897959183674,0.18985867311945184,0.05,0.66,2.9,imagenet,random_rescue_10,200
82,0,0.965,0.98,0.965,0.96,4.42,4.485,4.365,0.051411647349596024,0.05132119357585907,0.0647585391998291,0.97,0.02,0.02,0.02,10.0,0.7065816326530612,0.08636547142228436,-0.11811224489795918,0.11303263628840796,0.05,0.7305612244897958,0.16585855362200128,-0.09413265306122451,0.18883721555117516,0.05,0.625,2.975,imagenet,random_rescue_10,200
83,0,0.97,0.98,0.96,0.96,4.39,4.485,4.335,0.06688069552183151,0.054088905453681946,0.06429710984230042,0.975,0.025,0.015,0.01,10.0,0.7064285714285714,0.08627431344576238,-0.11826530612244898,0.11279261324889375,0.05,0.7301020408163265,0.16613939556756652,-0.09459183673469389,0.19423359283027822,0.05,0.645,2.965,imagenet,random_rescue_10,200
84,0,0.965,0.98,0.97,0.955,4.41,4.485,4.4,0.037184059619903564,0.05030308663845062,0.06685414910316467,0.97,0.015,0.02,0.02,10.0,0.705408163265306,0.08383819054520217,-0.11928571428571429,0.11011695285138558,0.05,0.7288265306122449,0.1626850072698828,-0.09586734693877552,0.18719645769917406,0.05,0.55,2.845,imagenet,random_rescue_10,200
85,0,0.965,0.98,0.97,0.955,4.42,4.485,4.38,0.020200712606310844,0.05348244309425354,0.06717473268508911,0.97,0.015,0.02,0.02,10.0,0.7054591836734694,0.08371626061621493,-0.11923469387755103,0.10972926140573691,0.05,0.7286734693877551,0.16529619988899408,-0.09602040816326532,0.18744878061581402,0.05,0.595,2.87,imagenet,random_rescue_10,200
86,0,0.97,0.98,0.96,0.955,4.4,4.485,4.37,0.06715025752782822,0.055897850543260574,0.06808359920978546,0.975,0.025,0.015,0.015,10.0,0.7056632653061224,0.08342913089136236,-0.11903061224489797,0.10981420842159423,0.05,0.7289795918367347,0.16566840540043062,-0.09571428571428572,0.18999837635550648,0.05,0.605,2.89,imagenet,random_rescue_10,200
87,0,0.965,0.98,0.955,0.955,4.42,4.485,4.365,0.04491691663861275,0.054051585495471954,0.07014995068311691,0.97,0.03,0.02,0.02,10.0,0.7060714285714285,0.08491008998405056,-0.11862244897959184,0.1111935044832353,0.05,0.7301530612244898,0.16988571940482414,-0.09454081632653062,0.19560019913711585,0.05,0.62,2.98,imagenet,random_rescue_10,200
88,0,0.97,0.98,0.965,0.955,4.4,4.485,4.375,0.024429727345705032,0.05397845804691315,0.06811077892780304,0.975,0.02,0.015,0.015,10.0,0.7061224489795919,0.08524301916322742,-0.11857142857142858,0.1113295890011068,0.05,0.7307142857142856,0.16705721453875055,-0.09397959183673471,0.1974778670363594,0.05,0.585,2.995,imagenet,random_rescue_10,200
89,0,0.965,0.98,0.96,0.955,4.42,4.485,4.355,0.03484036773443222,0.05105554684996605,0.06684371829032898,0.97,0.025,0.02,0.02,10.0,0.7057653061224489,0.0842496126776505,-0.11892857142857144,0.11078830888392986,0.05,0.729591836734694,0.16701285243478314,-0.09510204081632655,0.19170304022540222,0.05,0.61,2.945,imagenet,random_rescue_10,200
90,0,0.965,0.98,0.965,0.95,4.42,4.485,4.385,0.04024648666381836,0.0520261712372303,0.06845120340585709,0.97,0.02,0.02,0.02,10.0,0.705561224489796,0.08321193952611596,-0.1191326530612245,0.10959787147017779,0.05,0.7293367346938776,0.17074790326119882,-0.09535714285714286,0.19301307689049282,0.05,0.67,3.0,imagenet,random_rescue_10,200
91,0,0.965,0.98,0.96,0.96,4.42,4.485,4.365,0.050425320863723755,0.04746207222342491,0.06490469723939896,0.97,0.025,0.02,0.02,10.0,0.7052551020408163,0.08215155790529467,-0.1194387755102041,0.10952112997081713,0.05,0.7289285714285714,0.16322668025307044,-0.09576530612244899,0.1932296580943512,0.05,0.645,2.965,imagenet,random_rescue_10,200
92,0,0.965,0.98,0.965,0.96,4.42,4.485,4.4,0.04636457562446594,0.04589344188570976,0.06017492339015007,0.97,0.02,0.02,0.02,10.0,0.7051020408163265,0.08192763728074422,-0.11959183673469388,0.10874946900716168,0.05,0.7284183673469389,0.16588555233045796,-0.09627551020408162,0.19454435073654167,0.05,0.62,2.905,imagenet,random_rescue_10,200
93,0,0.965,0.98,0.975,0.96,4.42,4.485,4.42,0.022394198924303055,0.048621512949466705,0.06159643083810806,0.97,0.01,0.02,0.02,10.0,0.7051530612244897,0.0820491470216425,-0.11954081632653062,0.10873225342380465,0.05,0.7288265306122449,0.17054857525675032,-0.09586734693877552,0.19620813332032414,0.05,0.645,2.965,imagenet,random_rescue_10,200
94,0,0.965,0.98,0.97,0.96,4.42,4.485,4.44,0.025113388895988464,0.043308746069669724,0.057033270597457886,0.97,0.015,0.02,0.02,10.0,0.7053061224489795,0.08259541615531714,-0.11938775510204082,0.10960310401263997,0.05,0.729234693877551,0.16113970716818476,-0.0954591836734694,0.1928713427123148,0.05,0.625,2.97,imagenet,random_rescue_10,200
95,0,0.97,0.98,0.97,0.955,4.425,4.485,4.405,0.03906647861003876,0.04100222885608673,0.05368706211447716,0.975,0.015,0.015,0.015,10.0,0.7057653061224489,0.08354069240138164,-0.11892857142857143,0.11051326896864339,0.05,0.7292857142857142,0.1623365238966328,-0.09540816326530614,0.18819290894796722,0.05,0.63,2.935,imagenet,random_rescue_10,200
96,0,0.97,0.98,0.96,0.955,4.425,4.485,4.35,0.035596009343862534,0.04137835651636124,0.053186267614364624,0.975,0.025,0.015,0.015,10.0,0.7054591836734694,0.0833909108879362,-0.11923469387755103,0.11035323761272593,0.05,0.7293877551020409,0.15958732523697564,-0.0953061224489796,0.18699459186405876,0.05,0.59,2.935,imagenet,random_rescue_10,200
97,0,0.965,0.98,0.96,0.955,4.42,4.485,4.35,0.045092809945344925,0.04439928010106087,0.055434633046388626,0.97,0.025,0.02,0.02,10.0,0.705561224489796,0.0836059177356832,-0.11913265306122449,0.1105672143191623,0.05,0.7288775510204082,0.1595482032936736,-0.09581632653061226,0.1872074792033527,0.05,0.595,2.88,imagenet,random_rescue_10,200
98,0,0.965,0.98,0.96,0.955,4.42,4.485,4.365,0.03914773091673851,0.04517840966582298,0.05670138821005821,0.97,0.025,0.02,0.02,10.0,0.705561224489796,0.08343256091274863,-0.11913265306122447,0.11043743090835051,0.05,0.7290816326530613,0.1657029788066399,-0.09561224489795919,0.19487148211337627,0.05,0.615,2.92,imagenet,random_rescue_10,200
99,0,0.965,0.98,0.96,0.96,4.42,4.485,4.4,0.04685401916503906,0.038834311068058014,0.05972928926348686,0.97,0.02,0.02,0.02,10.0,0.7052551020408163,0.0826642890925106,-0.11943877551020408,0.11002141852062777,0.05,0.7289795918367347,0.16143520058136127,-0.09571428571428572,0.19321457755402663,0.05,0.605,2.93,imagenet,random_rescue_10,200
100,0,0.965,0.98,0.96,0.955,4.42,4.485,4.37,0.04254273325204849,0.04340072721242905,0.05877375230193138,0.97,0.025,0.02,0.02,10.0,0.7054591836734693,0.08306310197667795,-0.11923469387755102,0.1102716929478629,0.05,0.7293367346938774,0.16019224025141504,-0.09535714285714288,0.19132626871578395,0.05,0.57,2.91,imagenet,random_rescue_10,200
0,0,0.055,0.98,0.965,0.965,4.295,4.485,4.43,0.04942389577627182,0.04942389577627182,1.9759149551391602,0.055,0.015,0.925,0.91,0.0,0.7058673469387755,0.08231790489358617,-0.1188265306122449,0.11018673395505175,0.05,0.7058673469387755,0.08231790489358617,-0.1188265306122449,0.11018673395505175,0.05,0.0,0.0,imagenet,student,200
1,0,0.75,0.98,0.96,0.96,4.455,4.485,4.39,0.05563835799694061,0.05563835799694061,1.0579445362091064,0.75,0.02,0.235,0.225,0.0,0.7028061224489796,0.07999168728709943,-0.1218877551020408,0.10415831802078174,0.05,0.7028061224489796,0.07999168728709943,-0.1218877551020408,0.10415831802078174,0.05,0.0,0.0,imagenet,student,200
2,0,0.945,0.98,0.955,0.955,4.355,4.485,4.38,0.04048752784729004,0.04048752784729004,0.2446688413619995,0.945,0.025,0.045,0.04,0.0,0.6980612244897959,0.0736330561725399,-0.1266326530612245,0.09111603811019449,0.05,0.6980612244897959,0.0736330561725399,-0.1266326530612245,0.09111603811019449,0.05,0.0,0.0,imagenet,student,200
3,0,0.955,0.98,0.96,0.96,4.385,4.485,4.4,0.02872656285762787,0.02872656285762787,0.10251083225011826,0.96,0.02,0.03,0.03,0.0,0.6965306122448979,0.06709015013924645,-0.12816326530612243,0.08876814756731619,0.05,0.6965306122448979,0.06709015013924645,-0.12816326530612243,0.08876814756731619,0.05,0.0,0.0,imagenet,student,200
4,0,0.955,0.98,0.965,0.965,4.43,4.485,4.44,0.038413867354393005,0.038413867354393005,0.09435023367404938,0.96,0.015,0.03,0.02,0.0,0.7006632653061226,0.0746997999656173,-0.12403061224489796,0.09841150089909206,0.05,0.7006632653061226,0.0746997999656173,-0.12403061224489796,0.09841150089909206,0.05,0.0,0.0,imagenet,student,200
5,0,0.95,0.98,0.97,0.97,4.38,4.485,4.425,0.01697685569524765,0.01697685569524765,0.08858266472816467,0.955,0.01,0.035,0.03,0.0,0.7020408163265307,0.07802367429609323,-0.1226530612244898,0.10243397193204146,0.05,0.7020408163265307,0.07802367429609323,-0.1226530612244898,0.10243397193204146,0.05,0.0,0.0,imagenet,student,200
6,0,0.95,0.98,0.955,0.955,4.445,4.485,4.38,0.0476466566324234,0.0476466566324234,0.09750442206859589,0.955,0.025,0.035,0.035,0.0,0.7023979591836735,0.07911413096955072,-0.12229591836734693,0.10158417685030145,0.05,0.7023979591836735,0.07911413096955072,-0.12229591836734693,0.10158417685030145,0.05,0.0,0.0,imagenet,student,200
7,0,0.95,0.98,0.96,0.96,4.385,4.485,4.405,0.046194013208150864,0.046194013208150864,0.10553912818431854,0.955,0.025,0.035,0.03,0.0,0.7060204081632654,0.08825311793646466,-0.1186734693877551,0.1140639171609655,0.05,0.7060204081632654,0.08825311793646466,-0.1186734693877551,0.1140639171609655,0.05,0.0,0.0,imagenet,student,200
8,0,0.955,0.98,0.95,0.95,4.35,4.485,4.38,0.0643996074795723,0.0643996074795723,0.09379839152097702,0.96,0.035,0.03,0.025,0.0,0.7038775510204082,0.08271581715256143,-0.12081632653061224,0.10607675046980149,0.05,0.7038775510204082,0.08271581715256143,-0.12081632653061224,0.10607675046980149,0.05,0.0,0.0,imagenet,student,200
9,0,0.96,0.98,0.965,0.965,4.355,4.485,4.38,0.054746776819229126,0.054746776819229126,0.08231572806835175,0.965,0.02,0.025,0.025,0.0,0.7064285714285714,0.08515845871104108,-0.11826530612244898,0.11030190224089892,0.05,0.7064285714285714,0.08515845871104108,-0.11826530612244898,0.11030190224089892,0.05,0.0,0.0,imagenet,student,200
10,0,0.965,0.98,0.95,0.95,4.445,4.485,4.35,0.0746290311217308,0.0746290311217308,0.07061885297298431,0.97,0.035,0.02,0.02,0.0,0.7043367346938776,0.08459679941586704,-0.12035714285714287,0.10976134767930489,0.05,0.7043367346938776,0.08459679941586704,-0.12035714285714287,0.10976134767930489,0.05,0.0,0.0,imagenet,student,200
11,0,0.95,0.98,0.95,0.95,4.405,4.485,4.395,0.05592717230319977,0.05592717230319977,0.09360459446907043,0.955,0.03,0.035,0.015,0.0,0.7024489795918367,0.07979800502953596,-0.12224489795918365,0.10315152711584233,0.05,0.7024489795918367,0.07979800502953596,-0.12224489795918365,0.10315152711584233,0.05,0.0,0.0,imagenet,student,200
12,0,0.96,0.98,0.955,0.955,4.365,4.485,4.395,0.06120990216732025,0.06120990216732025,0.07202006131410599,0.965,0.03,0.025,0.02,0.0,0.704234693877551,0.08429691296688009,-0.12045918367346939,0.10957794752597692,0.05,0.704234693877551,0.08429691296688009,-0.12045918367346939,0.10957794752597692,0.05,0.0,0.0,imagenet,student,200
13,0,0.955,0.98,0.945,0.945,4.34,4.485,4.405,0.05245084688067436,0.05245084688067436,0.0787690281867981,0.96,0.035,0.03,0.025,0.0,0.7066836734693877,0.08785629765199271,-0.11801020408163267,0.11290155753784348,0.05,0.7066836734693877,0.08785629765199271,-0.11801020408163267,0.11290155753784348,0.05,0.0,0.0,imagenet,student,200
14,0,0.955,0.98,0.945,0.945,4.385,4.485,4.38,0.0634489357471466,0.0634489357471466,0.08751848340034485,0.96,0.035,0.03,0.03,0.0,0.7056632653061226,0.08812844624229287,-0.11903061224489797,0.11477855771736359,0.05,0.7056632653061226,0.08812844624229287,-0.11903061224489797,0.11477855771736359,0.05,0.0,0.0,imagenet,student,200
15,0,0.965,0.98,0.96,0.96,4.43,4.485,4.4,0.0477854460477829,0.0477854460477829,0.08819013833999634,0.96,0.025,0.025,0.02,0.0,0.7072959183673468,0.08751893882596175,-0.11739795918367348,0.11856731839070563,0.05,0.7072959183673468,0.08751893882596175,-0.11739795918367348,0.11856731839070563,0.05,0.0,0.0,imagenet,student,200
16,0,0.96,0.98,0.945,0.945,4.38,4.485,4.355,0.06469620764255524,0.06469620764255524,0.09035907685756683,0.965,0.04,0.025,0.015,0.0,0.7078061224489796,0.08802102275562461,-0.11688775510204082,0.11872112862154609,0.05,0.7078061224489796,0.08802102275562461,-0.11688775510204082,0.11872112862154609,0.05,0.0,0.0,imagenet,student,200
17,0,0.97,0.98,0.97,0.97,4.415,4.485,4.395,0.03217397630214691,0.03217397630214691,0.11374808102846146,0.965,0.015,0.02,0.015,0.0,0.7093877551020407,0.09205148163953711,-0.11530612244897959,0.12238230060378555,0.05,0.7093877551020407,0.09205148163953711,-0.11530612244897959,0.12238230060378555,0.05,0.0,0.0,imagenet,student,200
18,0,0.97,0.98,0.95,0.95,4.45,4.485,4.41,0.07808554917573929,0.07808554917573929,0.10123458504676819,0.965,0.035,0.02,0.02,0.0,0.7083673469387755,0.09005512958168392,-0.1163265306122449,0.11481392903617234,0.05,0.7083673469387755,0.09005512958168392,-0.1163265306122449,0.11481392903617234,0.05,0.0,0.0,imagenet,student,200
19,0,0.96,0.98,0.96,0.96,4.45,4.485,4.385,0.054070845246315,0.054070845246315,0.08637868613004684,0.965,0.025,0.025,0.02,0.0,0.7066836734693878,0.08561657797188843,-0.11801020408163267,0.11102612391521688,0.05,0.7066836734693878,0.08561657797188843,-0.11801020408163267,0.11102612391521688,0.05,0.0,0.0,imagenet,student,200
20,0,0.96,0.98,0.955,0.955,4.38,4.485,4.355,0.06872620433568954,0.06872620433568954,0.09863651543855667,0.965,0.03,0.025,0.015,0.0,0.7071428571428572,0.08780296781943134,-0.11755102040816326,0.11410837591967721,0.05,0.7071428571428572,0.08780296781943134,-0.11755102040816326,0.11410837591967721,0.05,0.0,0.0,imagenet,student,200
21,0,0.945,0.98,0.945,0.945,4.375,4.485,4.32,0.06107613444328308,0.06107613444328308,0.13169334828853607,0.95,0.04,0.04,0.03,0.0,0.7097448979591837,0.09439817239005287,-0.11494897959183673,0.12197598690785526,0.05,0.7097448979591837,0.09439817239005287,-0.11494897959183673,0.12197598690785526,0.05,0.0,0.0,imagenet,student,200
22,0,0.95,0.98,0.96,0.96,4.38,4.485,4.355,0.05563034862279892,0.05563034862279892,0.11917860060930252,0.955,0.025,0.035,0.035,0.0,0.7086224489795918,0.09164791204119153,-0.11607142857142858,0.12093594807272894,0.05,0.7086224489795918,0.09164791204119153,-0.11607142857142858,0.12093594807272894,0.05,0.0,0.0,imagenet,student,200
23,0,0.955,0.98,0.96,0.96,4.41,4.485,4.36,0.05320019647479057,0.05320019647479057,0.09173478931188583,0.96,0.025,0.03,0.03,0.0,0.7090816326530611,0.09392484901946294,-0.11561224489795918,0.12266192101043999,0.05,0.7090816326530611,0.09392484901946294,-0.11561224489795918,0.12266192101043999,0.05,0.0,0.0,imagenet,student,200
24,0,0.955,0.98,0.955,0.955,4.44,4.485,4.3,0.07179345190525055,0.07179345190525055,0.1102580651640892,0.96,0.03,0.03,0.025,0.0,0.7116326530612246,0.09887324167789373,-0.11306122448979591,0.1292210362449987,0.05,0.7116326530612246,0.09887324167789373,-0.11306122448979591,0.1292210362449987,0.05,0.0,0.0,imagenet,student,200
25,0,0.965,0.98,0.95,0.95,4.4,4.485,4.34,0.09167661517858505,0.09167661517858505,0.09285040944814682,0.97,0.035,0.02,0.015,0.0,0.7098979591836735,0.09193122984484028,-0.11479591836734696,0.12308046620069944,0.05,0.7098979591836735,0.09193122984484028,-0.11479591836734696,0.12308046620069944,0.05,0.0,0.0,imagenet,student,200
26,0,0.97,0.98,0.96,0.96,4.375,4.485,4.4,0.06734048575162888,0.06734048575162888,0.07213308662176132,0.975,0.025,0.015,0.015,0.0,0.7103061224489795,0.09202331491506276,-0.11438775510204081,0.11931945606127556,0.05,0.7103061224489795,0.09202331491506276,-0.11438775510204081,0.11931945606127556,0.05,0.0,0.0,imagenet,student,200
27,0,0.97,0.98,0.95,0.95,4.445,4.485,4.305,0.11091851443052292,0.11091851443052292,0.06861699372529984,0.98,0.035,0.015,0.015,0.0,0.7145408163265305,0.10165342276047908,-0.1101530612244898,0.13276593022514135,0.05,0.7145408163265305,0.10165342276047908,-0.1101530612244898,0.13276593022514135,0.05,0.0,0.0,imagenet,student,200
28,0,0.955,0.98,0.95,0.95,4.455,4.485,4.41,0.11505331844091415,0.11505331844091415,0.09801405668258667,0.965,0.035,0.03,0.025,0.0,0.7125,0.09750734473048592,-0.11219387755102041,0.13076481403084472,0.05,0.7125,0.09750734473048592,-0.11219387755102041,0.13076481403084472,0.05,0.0,0.0,imagenet,student,200
29,0,0.955,0.98,0.96,0.96,4.43,4.485,4.465,0.07124155759811401,0.07124155759811401,0.09411059319972992,0.965,0.02,0.03,0.03,0.0,0.7103571428571428,0.09309063167006743,-0.11433673469387756,0.12515961642449838,0.05,0.7103571428571428,0.09309063167006743,-0.11433673469387756,0.12515961642449838,0.05,0.0,0.0,imagenet,student,200
30,0,0.96,0.98,0.95,0.95,4.415,4.485,4.375,0.0655144527554512,0.0655144527554512,0.11502624303102493,0.965,0.03,0.025,0.02,0.0,0.7094387755102041,0.0905848680599755,-0.11525510204081633,0.12242332387977513,0.05,0.7094387755102041,0.0905848680599755,-0.11525510204081633,0.12242332387977513,0.05,0.0,0.0,imagenet,student,200
31,0,0.96,0.98,0.94,0.94,4.415,4.485,4.405,0.06623279303312302,0.06623279303312302,0.10008513182401657,0.965,0.04,0.025,0.025,0.0,0.712908163265306,0.09648574066526298,-0.1117857142857143,0.12750297337959637,0.05,0.712908163265306,0.09648574066526298,-0.1117857142857143,0.12750297337959637,0.05,0.0,0.0,imagenet,student,200
32,0,0.965,0.98,0.955,0.955,4.4,4.485,4.395,0.06862586736679077,0.06862586736679077,0.09959724545478821,0.97,0.025,0.02,0.02,0.0,0.7123469387755103,0.10068942997202583,-0.1123469387755102,0.13270528417706373,0.05,0.7123469387755103,0.10068942997202583,-0.1123469387755102,0.13270528417706373,0.05,0.0,0.0,imagenet,student,200
33,0,0.965,0.98,0.965,0.965,4.44,4.485,4.39,0.05646466091275215,0.05646466091275215,0.09056483954191208,0.97,0.02,0.02,0.02,0.0,0.7079591836734693,0.09075829660261633,-0.11673469387755102,0.1259644955782278,0.05,0.7079591836734693,0.09075829660261633,-0.11673469387755102,0.1259644955782278,0.05,0.0,0.0,imagenet,student,200
34,0,0.955,0.98,0.95,0.95,4.39,4.485,4.385,0.07845555990934372,0.07845555990934372,0.09993035346269608,0.96,0.035,0.03,0.025,0.0,0.7081632653061223,0.09024454161367026,-0.11653061224489797,0.11975399445116636,0.05,0.7081632653061223,0.09024454161367026,-0.11653061224489797,0.11975399445116636,0.05,0.0,0.0,imagenet,student,200
35,0,0.965,0.98,0.945,0.945,4.39,4.485,4.365,0.11799934506416321,0.11799934506416321,0.10349717736244202,0.97,0.04,0.02,0.01,0.0,0.7087755102040816,0.09437216514824208,-0.11591836734693878,0.12218971234935452,0.05,0.7087755102040816,0.09437216514824208,-0.11591836734693878,0.12218971234935452,0.05,0.0,0.0,imagenet,student,200
36,0,0.97,0.98,0.945,0.945,4.425,4.485,4.38,0.10443826764822006,0.10443826764822006,0.08715393394231796,0.975,0.04,0.015,0.01,0.0,0.7069897959183674,0.0898666438195599,-0.11770408163265307,0.11968736387760145,0.05,0.7069897959183674,0.0898666438195599,-0.11770408163265307,0.11968736387760145,0.05,0.0,0.0,imagenet,student,200
37,0,0.96,0.98,0.945,0.945,4.39,4.485,4.37,0.10021650046110153,0.10021650046110153,0.11276279389858246,0.965,0.04,0.025,0.02,0.0,0.7084183673469387,0.09490260212079925,-0.11627551020408163,0.12494267732770822,0.05,0.7084183673469387,0.09490260212079925,-0.11627551020408163,0.12494267732770822,0.05,0.0,0.0,imagenet,student,200
38,0,0.955,0.98,0.945,0.945,4.375,4.485,4.33,0.09033361077308655,0.09033361077308655,0.12195150554180145,0.96,0.04,0.03,0.025,0.0,0.7083163265306122,0.09466563068278247,-0.11637755102040817,0.12504395575320815,0.05,0.7083163265306122,0.09466563068278247,-0.11637755102040817,0.12504395575320815,0.05,0.0,0.0,imagenet,student,200
39,0,0.95,0.98,0.945,0.945,4.38,4.485,4.35,0.09168025851249695,0.09168025851249695,0.12536126375198364,0.955,0.04,0.035,0.03,0.0,0.7091836734693878,0.09360771800000059,-0.11551020408163265,0.12457350292766932,0.05,0.7091836734693878,0.09360771800000059,-0.11551020408163265,0.12457350292766932,0.05,0.0,0.0,imagenet,student,200
40,0,0.96,0.98,0.955,0.955,4.39,4.485,4.405,0.0898147001862526,0.0898147001862526,0.10100848227739334,0.965,0.03,0.025,0.025,0.0,0.7125,0.10226695722935827,-0.11219387755102041,0.1315730347050703,0.05,0.7125,0.10226695722935827,-0.11219387755102041,0.1315730347050703,0.05,0.0,0.0,imagenet,student,200
41,0,0.975,0.98,0.95,0.95,4.455,4.485,4.295,0.08131153136491776,0.08131153136491776,0.060816410928964615,0.98,0.035,0.01,0.01,0.0,0.7109693877551021,0.0970629513169014,-0.11372448979591837,0.12775675346289062,0.05,0.7109693877551021,0.0970629513169014,-0.11372448979591837,0.12775675346289062,0.05,0.0,0.0,imagenet,student,200
42,0,0.96,0.98,0.95,0.95,4.38,4.485,4.355,0.08297524601221085,0.08297524601221085,0.09862440079450607,0.965,0.035,0.025,0.02,0.0,0.7100510204081633,0.09499745867982003,-0.11464285714285716,0.12339293361030286,0.05,0.7100510204081633,0.09499745867982003,-0.11464285714285716,0.12339293361030286,0.05,0.0,0.0,imagenet,student,200
43,0,0.97,0.98,0.955,0.955,4.425,4.485,4.375,0.09098540991544724,0.09098540991544724,0.07969923317432404,0.975,0.03,0.015,0.01,0.0,0.7093877551020408,0.09317424165195687,-0.11530612244897959,0.1214432771014981,0.05,0.7093877551020408,0.09317424165195687,-0.11530612244897959,0.1214432771014981,0.05,0.0,0.0,imagenet,student,200
44,0,0.96,0.98,0.965,0.965,4.365,4.485,4.38,0.0650375559926033,0.0650375559926033,0.09079757332801819,0.965,0.02,0.025,0.025,0.0,0.7081632653061224,0.08942065084916231,-0.11653061224489797,0.11635112362448126,0.05,0.7081632653061224,0.08942065084916231,-0.11653061224489797,0.11635112362448126,0.05,0.0,0.0,imagenet,student,200
45,0,0.965,0.98,0.94,0.94,4.4,4.485,4.355,0.13133983314037323,0.13133983314037323,0.09155157953500748,0.97,0.04,0.02,0.01,0.0,0.7084183673469389,0.08966811057603077,-0.11627551020408163,0.11930460833216784,0.05,0.7084183673469389,0.08966811057603077,-0.11627551020408163,0.11930460833216784,0.05,0.0,0.0,imagenet,student,200
46,0,0.955,0.98,0.93,0.93,4.385,4.485,4.365,0.11430801451206207,0.11430801451206207,0.112533338367939,0.96,0.05,0.03,0.02,0.0,0.7075,0.08772566360482349,-0.11719387755102041,0.11665273363003507,0.05,0.7075,0.08772566360482349,-0.11719387755102041,0.11665273363003507,0.05,0.0,0.0,imagenet,student,200
47,0,0.965,0.98,0.965,0.965,4.42,4.485,4.37,0.04719853401184082,0.04719853401184082,0.07664551585912704,0.97,0.02,0.02,0.02,0.0,0.7060714285714285,0.08627816790194456,-0.11862244897959183,0.11382266706204973,0.05,0.7060714285714285,0.08627816790194456,-0.11862244897959183,0.11382266706204973,0.05,0.0,0.0,imagenet,student,200
48,0,0.955,0.98,0.96,0.96,4.395,4.485,4.405,0.05586983636021614,0.05586983636021614,0.10395858436822891,0.96,0.025,0.03,0.025,0.0,0.7069897959183673,0.08727131575446125,-0.11770408163265307,0.11388559264174546,0.05,0.7069897959183673,0.08727131575446125,-0.11770408163265307,0.11388559264174546,0.05,0.0,0.0,imagenet,student,200
49,0,0.97,0.98,0.945,0.945,4.405,4.485,4.31,0.09229189157485962,0.09229189157485962,0.07103750854730606,0.975,0.04,0.015,0.01,0.0,0.7072448979591838,0.08815668228999408,-0.11744897959183673,0.11534150729305111,0.05,0.7072448979591838,0.08815668228999408,-0.11744897959183673,0.11534150729305111,0.05,0.0,0.0,imagenet,student,200
50,0,0.96,0.98,0.96,0.96,4.405,4.485,4.36,0.06565869599580765,0.06565869599580765,0.06798303127288818,0.965,0.025,0.025,0.02,0.0,0.7081122448979592,0.09062741933543317,-0.11658163265306122,0.11949057584744878,0.05,0.7081122448979592,0.09062741933543317,-0.11658163265306122,0.11949057584744878,0.05,0.0,0.0,imagenet,student,200
51,0,0.975,0.98,0.94,0.94,4.415,4.485,4.38,0.08959405869245529,0.08959405869245529,0.057296883314847946,0.98,0.04,0.01,0.0,0.0,0.7076530612244898,0.09131333119924773,-0.11704081632653061,0.11913412109104683,0.05,0.7076530612244898,0.09131333119924773,-0.11704081632653061,0.11913412109104683,0.05,0.0,0.0,imagenet,student,200
52,0,0.975,0.98,0.95,0.95,4.42,4.485,4.41,0.0703023225069046,0.0703023225069046,0.05061351880431175,0.98,0.035,0.01,0.01,0.0,0.707704081632653,0.09143067166279668,-0.11698979591836736,0.12025585789320757,0.05,0.707704081632653,0.09143067166279668,-0.11698979591836736,0.12025585789320757,0.05,0.0,0.0,imagenet,student,200
53,0,0.975,0.98,0.94,0.94,4.445,4.485,4.395,0.09424172341823578,0.09424172341823578,0.05151325836777687,0.98,0.04,0.01,0.01,0.0,0.7105612244897958,0.09875967707539843,-0.1141326530612245,0.1263397515169345,0.05,0.7105612244897958,0.09875967707539843,-0.1141326530612245,0.1263397515169345,0.05,0.0,0.0,imagenet,student,200
54,0,0.965,0.98,0.945,0.945,4.425,4.485,4.32,0.09619402140378952,0.09619402140378952,0.06579779088497162,0.97,0.04,0.02,0.015,0.0,0.7101530612244897,0.09612077190944596,-0.11454081632653061,0.12446822222060291,0.05,0.7101530612244897,0.09612077190944596,-0.11454081632653061,0.12446822222060291,0.05,0.0,0.0,imagenet,student,200
55,0,0.965,0.98,0.945,0.945,4.45,4.485,4.365,0.10554113984107971,0.10554113984107971,0.06990107148885727,0.97,0.035,0.02,0.02,0.0,0.7089795918367348,0.09565010463938142,-0.11571428571428573,0.12470990215864731,0.05,0.7089795918367348,0.09565010463938142,-0.11571428571428573,0.12470990215864731,0.05,0.0,0.0,imagenet,student,200
56,0,0.965,0.98,0.95,0.95,4.45,4.485,4.34,0.10147441923618317,0.10147441923618317,0.07143273204565048,0.97,0.035,0.02,0.02,0.0,0.7084693877551022,0.09371537861192726,-0.11622448979591837,0.12621004892367638,0.05,0.7084693877551022,0.09371537861192726,-0.11622448979591837,0.12621004892367638,0.05,0.0,0.0,imagenet,student,200
57,0,0.965,0.98,0.94,0.94,4.42,4.485,4.395,0.09281238913536072,0.09281238913536072,0.07202276587486267,0.97,0.04,0.02,0.01,0.0,0.7078061224489796,0.09283993126435633,-0.11688775510204082,0.12053457520421944,0.05,0.7078061224489796,0.09283993126435633,-0.11688775510204082,0.12053457520421944,0.05,0.0,0.0,imagenet,student,200
58,0,0.97,0.98,0.945,0.945,4.455,4.485,4.405,0.11121904104948044,0.11121904104948044,0.05961476266384125,0.975,0.035,0.015,0.01,0.0,0.7080102040816325,0.09309785681964218,-0.11668367346938777,0.12132618987525348,0.05,0.7080102040816325,0.09309785681964218,-0.11668367346938777,0.12132618987525348,0.05,0.0,0.0,imagenet,student,200
59,0,0.975,0.98,0.945,0.945,4.45,4.485,4.405,0.10101138800382614,0.10101138800382614,0.05860564112663269,0.98,0.035,0.01,0.005,0.0,0.7068877551020409,0.09106557631898114,-0.11780612244897959,0.11834169913621735,0.05,0.7068877551020409,0.09106557631898114,-0.11780612244897959,0.11834169913621735,0.05,0.0,0.0,imagenet,student,200
60,0,0.97,0.98,0.94,0.94,4.445,4.485,4.36,0.10352527350187302,0.10352527350187302,0.06157956272363663,0.975,0.045,0.015,0.005,0.0,0.7082142857142858,0.09255893716535832,-0.11647959183673469,0.1208525098017708,0.05,0.7082142857142858,0.09255893716535832,-0.11647959183673469,0.1208525098017708,0.05,0.0,0.0,imagenet,student,200
61,0,0.97,0.98,0.955,0.955,4.445,4.485,4.405,0.10243316739797592,0.10243316739797592,0.0605367049574852,0.975,0.03,0.015,0.01,0.0,0.7083163265306124,0.09283380566622088,-0.11637755102040817,0.12028277965218877,0.05,0.7083163265306124,0.09283380566622088,-0.11637755102040817,0.12028277965218877,0.05,0.0,0.0,imagenet,student,200
62,0,0.96,0.98,0.945,0.945,4.42,4.485,4.39,0.11369715631008148,0.11369715631008148,0.07660891860723495,0.965,0.04,0.025,0.02,0.0,0.707704081632653,0.09199834140148759,-0.11698979591836736,0.1186429555225186,0.05,0.707704081632653,0.09199834140148759,-0.11698979591836736,0.1186429555225186,0.05,0.0,0.0,imagenet,student,200
63,0,0.96,0.98,0.95,0.95,4.41,4.485,4.385,0.1038016825914383,0.1038016825914383,0.09598518162965775,0.965,0.035,0.025,0.02,0.0,0.707091836734694,0.08847963676803919,-0.11760204081632654,0.11524262881590402,0.05,0.707091836734694,0.08847963676803919,-0.11760204081632654,0.11524262881590402,0.05,0.0,0.0,imagenet,student,200
64,0,0.965,0.98,0.945,0.945,4.415,4.485,4.42,0.10438922792673111,0.10438922792673111,0.09416542947292328,0.97,0.04,0.02,0.015,0.0,0.7070408163265306,0.08833708892383599,-0.11765306122448979,0.11593621783147683,0.05,0.7070408163265306,0.08833708892383599,-0.11765306122448979,0.11593621783147683,0.05,0.0,0.0,imagenet,student,200
65,0,0.96,0.98,0.95,0.95,4.415,4.485,4.385,0.08959469944238663,0.08959469944238663,0.07575739920139313,0.965,0.035,0.025,0.02,0.0,0.7061734693877552,0.08702294317572033,-0.11852040816326533,0.1142313023423776,0.05,0.7061734693877552,0.08702294317572033,-0.11852040816326533,0.1142313023423776,0.05,0.0,0.0,imagenet,student,200
66,0,0.97,0.98,0.945,0.945,4.425,4.485,4.405,0.11085037142038345,0.11085037142038345,0.05889015272259712,0.975,0.04,0.015,0.01,0.0,0.7077551020408163,0.08834212530878752,-0.11693877551020407,0.11610559278109576,0.05,0.7077551020408163,0.08834212530878752,-0.11693877551020407,0.11610559278109576,0.05,0.0,0.0,imagenet,student,200
67,0,0.96,0.98,0.95,0.95,4.415,4.485,4.385,0.09455520659685135,0.09455520659685135,0.06622989475727081,0.965,0.035,0.025,0.02,0.0,0.7065306122448979,0.08606655917922904,-0.11816326530612244,0.11242700746981427,0.05,0.7065306122448979,0.08606655917922904,-0.11816326530612244,0.11242700746981427,0.05,0.0,0.0,imagenet,student,200
68,0,0.96,0.98,0.95,0.95,4.405,4.485,4.385,0.09291670471429825,0.09291670471429825,0.06930350512266159,0.965,0.035,0.025,0.02,0.0,0.7073979591836735,0.08793474981248497,-0.11729591836734694,0.11500360103411367,0.05,0.7073979591836735,0.08793474981248497,-0.11729591836734694,0.11500360103411367,0.05,0.0,0.0,imagenet,student,200
69,0,0.97,0.98,0.94,0.94,4.435,4.485,4.435,0.08203855156898499,0.08203855156898499,0.05229218304157257,0.975,0.04,0.015,0.01,0.0,0.707295918367347,0.08797292184302292,-0.11739795918367348,0.11587061863174312,0.05,0.707295918367347,0.08797292184302292,-0.11739795918367348,0.11587061863174312,0.05,0.0,0.0,imagenet,student,200
70,0,0.98,0.98,0.95,0.95,4.46,4.485,4.4,0.09896156936883926,0.09896156936883926,0.046446532011032104,0.985,0.035,0.005,0.005,0.0,0.7076020408163265,0.08914270921515255,-0.11709183673469387,0.11566803126770538,0.05,0.7076020408163265,0.08914270921515255,-0.11709183673469387,0.11566803126770538,0.05,0.0,0.0,imagenet,student,200
71,0,0.975,0.98,0.95,0.95,4.445,4.485,4.34,0.09181250631809235,0.09181250631809235,0.051096126437187195,0.98,0.035,0.01,0.01,0.0,0.7075,0.08792572144599362,-0.11719387755102041,0.11535557637456804,0.05,0.7075,0.08792572144599362,-0.11719387755102041,0.11535557637456804,0.05,0.0,0.0,imagenet,student,200
72,0,0.96,0.98,0.94,0.94,4.415,4.485,4.37,0.09942355751991272,0.09942355751991272,0.061798691749572754,0.965,0.045,0.025,0.015,0.0,0.7087244897959184,0.09080566483580996,-0.11596938775510203,0.11675062519745552,0.05,0.7087244897959184,0.09080566483580996,-0.11596938775510203,0.11675062519745552,0.05,0.0,0.0,imagenet,student,200
73,0,0.965,0.98,0.945,0.945,4.4,4.485,4.385,0.09635918587446213,0.09635918587446213,0.06511291861534119,0.97,0.04,0.02,0.015,0.0,0.7096938775510203,0.09242548102282491,-0.115,0.11891237184419878,0.05,0.7096938775510203,0.09242548102282491,-0.115,0.11891237184419878,0.05,0.0,0.0,imagenet,student,200
74,0,0.96,0.98,0.945,0.945,4.405,4.485,4.36,0.10178118944168091,0.10178118944168091,0.07881882786750793,0.965,0.04,0.025,0.02,0.0,0.7091836734693878,0.09138840724985371,-0.11551020408163265,0.11786800866990234,0.05,0.7091836734693878,0.09138840724985371,-0.11551020408163265,0.11786800866990234,0.05,0.0,0.0,imagenet,student,200
75,0,0.965,0.98,0.945,0.945,4.42,4.485,4.36,0.10118447244167328,0.10118447244167328,0.0742201879620552,0.97,0.04,0.02,0.015,0.0,0.7088265306122449,0.09145279177084367,-0.11586734693877551,0.11809875094462768,0.05,0.7088265306122449,0.09145279177084367,-0.11586734693877551,0.11809875094462768,0.05,0.0,0.0,imagenet,student,200
76,0,0.97,0.98,0.945,0.945,4.44,4.485,4.335,0.060659464448690414,0.060659464448690414,0.05255022644996643,0.975,0.04,0.015,0.015,0.0,0.7091836734693877,0.09183746504179302,-0.11551020408163266,0.12049235333819525,0.05,0.7091836734693877,0.09183746504179302,-0.11551020408163266,0.12049235333819525,0.05,0.0,0.0,imagenet,student,200
77,0,0.97,0.98,0.95,0.95,4.44,4.485,4.435,0.08615497499704361,0.08615497499704361,0.05630210041999817,0.975,0.035,0.015,0.01,0.0,0.7096428571428572,0.09214474593119522,-0.11505102040816328,0.12045094930232153,0.05,0.7096428571428572,0.09214474593119522,-0.11505102040816328,0.12045094930232153,0.05,0.0,0.0,imagenet,student,200
78,0,0.975,0.98,0.945,0.945,4.465,4.485,4.43,0.0860428512096405,0.0860428512096405,0.0538247711956501,0.98,0.04,0.01,0.005,0.0,0.7088775510204082,0.09073870071028106,-0.11581632653061223,0.1184698324209603,0.05,0.7088775510204082,0.09073870071028106,-0.11581632653061223,0.1184698324209603,0.05,0.0,0.0,imagenet,student,200
79,0,0.97,0.98,0.955,0.955,4.445,4.485,4.415,0.08351730555295944,0.08351730555295944,0.06011335551738739,0.975,0.03,0.015,0.01,0.0,0.7083673469387756,0.08988591362182882,-0.11632653061224492,0.11747436034274869,0.05,0.7083673469387756,0.08988591362182882,-0.11632653061224492,0.11747436034274869,0.05,0.0,0.0,imagenet,student,200
80,0,0.975,0.98,0.955,0.955,4.465,4.485,4.415,0.08143404126167297,0.08143404126167297,0.04930155724287033,0.98,0.03,0.01,0.005,0.0,0.7086224489795918,0.0901774794331932,-0.11607142857142858,0.11851647752700956,0.05,0.7086224489795918,0.0901774794331932,-0.11607142857142858,0.11851647752700956,0.05,0.0,0.0,imagenet,student,200
81,0,0.975,0.98,0.945,0.945,4.465,4.485,4.45,0.06926536560058594,0.06926536560058594,0.05108458176255226,0.98,0.035,0.01,0.005,0.0,0.7087244897959184,0.09024513870977546,-0.11596938775510203,0.11870381077969797,0.05,0.7087244897959184,0.09024513870977546,-0.11596938775510203,0.11870381077969797,0.05,0.0,0.0,imagenet,student,200
82,0,0.97,0.98,0.955,0.955,4.445,4.485,4.41,0.05829431489109993,0.05829431489109993,0.05539844557642937,0.975,0.025,0.015,0.015,0.0,0.7083673469387755,0.08965183050723766,-0.1163265306122449,0.11748701452874229,0.05,0.7083673469387755,0.08965183050723766,-0.1163265306122449,0.11748701452874229,0.05,0.0,0.0,imagenet,student,200
83,0,0.965,0.98,0.96,0.96,4.42,4.485,4.395,0.060037992894649506,0.060037992894649506,0.05643025040626526,0.97,0.025,0.02,0.02,0.0,0.7081122448979592,0.08931134302718298,-0.11658163265306122,0.11676160477931262,0.05,0.7081122448979592,0.08931134302718298,-0.11658163265306122,0.11676160477931262,0.05,0.0,0.0,imagenet,student,200
84,0,0.975,0.98,0.955,0.955,4.465,4.485,4.41,0.05630728602409363,0.05630728602409363,0.052906583994627,0.98,0.025,0.01,0.01,0.0,0.7081122448979593,0.09001142901578178,-0.11658163265306122,0.11676644140752615,0.05,0.7081122448979593,0.09001142901578178,-0.11658163265306122,0.11676644140752615,0.05,0.0,0.0,imagenet,student,200
85,0,0.97,0.98,0.955,0.955,4.44,4.485,4.41,0.06164116784930229,0.06164116784930229,0.05317659676074982,0.975,0.025,0.015,0.015,0.0,0.7081632653061224,0.08957921320576254,-0.11653061224489797,0.11700591643239022,0.05,0.7081632653061224,0.08957921320576254,-0.11653061224489797,0.11700591643239022,0.05,0.0,0.0,imagenet,student,200
86,0,0.97,0.98,0.96,0.96,4.445,4.485,4.395,0.059843774884939194,0.059843774884939194,0.051698874682188034,0.975,0.025,0.015,0.015,0.0,0.7084693877551022,0.09003281807849542,-0.11622448979591837,0.11673828215236426,0.05,0.7084693877551022,0.09003281807849542,-0.11622448979591837,0.11673828215236426,0.05,0.0,0.0,imagenet,student,200
87,0,0.97,0.98,0.955,0.955,4.445,4.485,4.38,0.07045159488916397,0.07045159488916397,0.056027427315711975,0.975,0.03,0.015,0.015,0.0,0.7086224489795918,0.09125341398759947,-0.11607142857142858,0.1174283718028164,0.05,0.7086224489795918,0.09125341398759947,-0.11607142857142858,0.1174283718028164,0.05,0.0,0.0,imagenet,student,200
88,0,0.965,0.98,0.955,0.955,4.42,4.485,4.38,0.06754757463932037,0.06754757463932037,0.06172474846243858,0.97,0.03,0.02,0.02,0.0,0.7086224489795918,0.08997541702560959,-0.11607142857142858,0.11695167641752051,0.05,0.7086224489795918,0.08997541702560959,-0.11607142857142858,0.11695167641752051,0.05,0.0,0.0,imagenet,student,200
89,0,0.965,0.98,0.955,0.955,4.42,4.485,4.375,0.07258918136358261,0.07258918136358261,0.0640198141336441,0.97,0.03,0.02,0.015,0.0,0.7087244897959184,0.0910004316104456,-0.11596938775510203,0.11747345210867934,0.05,0.7087244897959184,0.0910004316104456,-0.11596938775510203,0.11747345210867934,0.05,0.0,0.0,imagenet,student,200
90,0,0.965,0.98,0.945,0.945,4.42,4.485,4.38,0.07647547870874405,0.07647547870874405,0.06924103200435638,0.97,0.04,0.02,0.01,0.0,0.7085714285714286,0.09090619851496157,-0.11612244897959184,0.11767483656207332,0.05,0.7085714285714286,0.09090619851496157,-0.11612244897959184,0.11767483656207332,0.05,0.0,0.0,imagenet,student,200
91,0,0.965,0.98,0.95,0.95,4.42,4.485,4.4,0.08051528036594391,0.08051528036594391,0.07301328331232071,0.97,0.035,0.02,0.015,0.0,0.7086734693877551,0.09144508132817004,-0.11602040816326531,0.11789388674005749,0.05,0.7086734693877551,0.09144508132817004,-0.11602040816326531,0.11789388674005749,0.05,0.0,0.0,imagenet,student,200
92,0,0.96,0.98,0.95,0.95,4.425,4.485,4.4,0.06940949708223343,0.06940949708223343,0.07410939037799835,0.965,0.035,0.025,0.02,0.0,0.7080102040816327,0.09001478009542979,-0.11668367346938777,0.11674633225120487,0.05,0.7080102040816327,0.09001478009542979,-0.11668367346938777,0.11674633225120487,0.05,0.0,0.0,imagenet,student,200
93,0,0.965,0.98,0.96,0.96,4.42,4.485,4.395,0.07071152329444885,0.07071152329444885,0.07476788014173508,0.97,0.025,0.02,0.02,0.0,0.7083163265306124,0.09096673558904662,-0.11637755102040817,0.1173752380318183,0.05,0.7083163265306124,0.09096673558904662,-0.11637755102040817,0.1173752380318183,0.05,0.0,0.0,imagenet,student,200
94,0,0.965,0.98,0.955,0.955,4.42,4.485,4.41,0.05983499437570572,0.05983499437570572,0.07128658145666122,0.97,0.025,0.02,0.02,0.0,0.7078061224489796,0.0889637267840429,-0.11688775510204082,0.11597896653271164,0.05,0.7078061224489796,0.0889637267840429,-0.11688775510204082,0.11597896653271164,0.05,0.0,0.0,imagenet,student,200
95,0,0.965,0.98,0.96,0.96,4.42,4.485,4.395,0.06269872933626175,0.06269872933626175,0.06665437668561935,0.97,0.025,0.02,0.02,0.0,0.7078571428571427,0.08937835387236642,-0.11683673469387756,0.11652854731815751,0.05,0.7078571428571427,0.08937835387236642,-0.11683673469387756,0.11652854731815751,0.05,0.0,0.0,imagenet,student,200
96,0,0.965,0.98,0.955,0.955,4.42,4.485,4.41,0.06277067214250565,0.06277067214250565,0.06469817459583282,0.97,0.025,0.02,0.02,0.0,0.708061224489796,0.08963668933480894,-0.11663265306122449,0.11665827516975696,0.05,0.708061224489796,0.08963668933480894,-0.11663265306122449,0.11665827516975696,0.05,0.0,0.0,imagenet,student,200
97,0,0.965,0.98,0.96,0.96,4.42,4.485,4.395,0.06308390945196152,0.06308390945196152,0.06753018498420715,0.97,0.025,0.02,0.02,0.0,0.7080612244897959,0.08979111423540143,-0.11663265306122449,0.11687883498889277,0.05,0.7080612244897959,0.08979111423540143,-0.11663265306122449,0.11687883498889277,0.05,0.0,0.0,imagenet,student,200
98,0,0.965,0.98,0.96,0.96,4.42,4.485,4.395,0.06210549175739288,0.06210549175739288,0.06544849276542664,0.97,0.025,0.02,0.02,0.0,0.7081122448979592,0.08924251868582615,-0.11658163265306122,0.11679150128315087,0.05,0.7081122448979592,0.08924251868582615,-0.11658163265306122,0.11679150128315087,0.05,0.0,0.0,imagenet,student,200
99,0,0.965,0.98,0.96,0.96,4.42,4.485,4.395,0.05147206783294678,0.05147206783294678,0.06423209607601166,0.97,0.025,0.02,0.02,0.0,0.7078571428571427,0.08874685359737902,-0.11683673469387756,0.11613083762626047,0.05,0.7078571428571427,0.08874685359737902,-0.11683673469387756,0.11613083762626047,0.05,0.0,0.0,imagenet,student,200
100,0,0.965,0.98,0.96,0.96,4.42,4.485,4.395,0.06483963131904602,0.06483963131904602,0.06445299834012985,0.97,0.025,0.02,0.02,0.0,0.7080612244897959,0.08914376325284389,-0.11663265306122449,0.11577011274683173,0.05,0.7080612244897959,0.08914376325284389,-0.11663265306122449,0.11577011274683173,0.05,0.0,0.0,imagenet,student,200
0,0,0.085,0.98,0.98,0.875,5.92,4.485,4.485,0.0,0.329533189535141,1.8394066095352173,0.09,0.0,0.895,0.895,0.0,0.850561224489796,0.5981794121635886,0.025867346938775508,0.5913978515937924,0.05,0.8246938775510203,0.0,0.0,0.0,0.05,19.715,0.0,scratch,ce,200
1,0,0.26,0.98,0.98,0.91,5.035,4.485,4.485,0.0,0.19267524778842926,1.5592340230941772,0.265,0.0,0.72,0.72,0.0,0.8161734693877551,0.4334950349938309,-0.00852040816326531,0.4392882326428662,0.05,0.8246938775510203,0.0,0.0,0.0,0.05,16.345,0.0,scratch,ce,200
2,0,0.3,0.98,0.98,0.905,4.52,4.485,4.485,0.0,0.1532149314880371,1.4462589025497437,0.305,0.0,0.685,0.685,0.0,0.8257142857142857,0.46971913391887765,0.0010204081632653023,0.46391697551036487,0.05,0.8246938775510203,0.0,0.0,0.0,0.05,17.28,0.0,scratch,ce,200
3,0,0.385,0.98,0.98,0.915,4.085,4.485,4.485,0.0,0.15620948374271393,1.379701852798462,0.385,0.0,0.6,0.6,0.0,0.8125,0.41484309341516096,-0.012193877551020407,0.4122071020489966,0.05,0.8246938775510203,0.0,0.0,0.0,0.05,15.985,0.0,scratch,ce,200
4,0,0.4,0.98,0.98,0.885,4.88,4.485,4.485,0.0,0.2545795440673828,1.389937162399292,0.405,0.0,0.58,0.58,0.0,0.8390306122448979,0.496790624057358,0.014336734693877546,0.4917449589888565,0.05,0.8246938775510203,0.0,0.0,0.0,0.05,18.585,0.0,scratch,ce,200
5,0,0.385,0.98,0.98,0.875,4.31,4.485,4.485,0.0,0.26585468649864197,1.2970672845840454,0.385,0.0,0.595,0.595,0.0,0.8387244897959184,0.5266618482397528,0.014030612244897949,0.5107114897819701,0.05,0.8246938775510203,0.0,0.0,0.0,0.05,18.555,0.0,scratch,ce,200
6,0,0.39,0.98,0.98,0.875,4.14,4.485,4.485,0.0,0.2526587247848511,1.2972804307937622,0.4,0.0,0.59,0.59,0.0,0.8208163265306122,0.440571846868815,-0.003877551020408166,0.4421107741037849,0.05,0.8246938775510203,0.0,0.0,0.0,0.05,16.8,0.0,scratch,ce,200
7,0,0.485,0.98,0.98,0.935,4.265,4.485,4.485,0.0,0.14983977377414703,1.1472716331481934,0.495,0.0,0.495,0.495,0.0,0.8151020408163265,0.4295111507451324,-0.009591836734693887,0.422619759242516,0.05,0.8246938775510203,0.0,0.0,0.0,0.05,16.24,0.0,scratch,ce,200
8,0,0.44,0.98,0.98,0.915,5.27,4.485,4.485,0.0,0.1803085207939148,1.269674301147461,0.445,0.0,0.54,0.54,0.0,0.8069897959183675,0.43358986266975935,-0.017704081632653065,0.4221043783980713,0.05,0.8246938775510203,0.0,0.0,0.0,0.05,15.445,0.0,scratch,ce,200
9,0,0.52,0.98,0.98,0.92,5.055,4.485,4.485,0.0,0.19267386198043823,1.1252186298370361,0.525,0.0,0.46,0.46,0.0,0.8151020408163265,0.453880570239297,-0.009591836734693885,0.4565569991385564,0.05,0.8246938775510203,0.0,0.0,0.0,0.05,16.24,0.0,scratch,ce,200
10,0,0.485,0.98,0.98,0.875,4.63,4.485,4.485,0.0,0.24593277275562286,1.0725696086883545,0.495,0.0,0.495,0.495,0.0,0.827908163265306,0.5174438637557487,0.003214285714285709,0.5181565342284739,0.05,0.8246938775510203,0.0,0.0,0.0,0.05,17.495,0.0,scratch,ce,200
11,0,0.5,0.98,0.98,0.935,5.43,4.485,4.485,0.0,0.12537698447704315,1.0659570693969727,0.505,0.0,0.48,0.48,0.0,0.823265306122449,0.4655250435047857,-0.0014285714285714297,0.4651253168215044,0.05,0.8246938775510203,0.0,0.0,0.0,0.05,17.04,0.0,scratch,ce,200
12,0,0.54,0.98,0.98,0.94,4.0,4.485,4.485,0.0,0.12262282520532608,1.027459740638733,0.555,0.0,0.44,0.44,0.0,0.8311734693877552,0.490080567098319,0.006479591836734689,0.48360317587386814,0.05,0.8246938775510203,0.0,0.0,0.0,0.05,17.815,0.0,scratch,ce,200
13,0,0.575,0.98,0.98,0.89,4.975,4.485,4.485,0.0,0.2520419657230377,0.997270405292511,0.58,0.0,0.405,0.405,0.0,0.8253571428571428,0.48144834606909886,0.0006632653061224491,0.478334289372433,0.05,0.8246938775510203,0.0,0.0,0.0,0.05,17.245,0.0,scratch,ce,200
14,0,0.515,0.98,0.98,0.9,4.265,4.485,4.485,0.0,0.21301135420799255,1.028880000114441,0.53,0.0,0.465,0.465,0.0,0.8325,0.5099767552766008,0.0078061224489795866,0.5042726504901657,0.05,0.8246938775510203,0.0,0.0,0.0,0.05,17.945,0.0,scratch,ce,200
15,0,0.555,0.98,0.98,0.91,4.66,4.485,4.485,0.0,0.2186378538608551,1.0388613939285278,0.56,0.0,0.425,0.425,0.0,0.8347448979591837,0.5071047124186625,0.010051020408163261,0.5078389314934612,0.05,0.8246938775510203,0.0,0.0,0.0,0.05,18.165,0.0,scratch,ce,200
16,0,0.55,0.98,0.98,0.92,4.905,4.485,4.485,0.0,0.17163121700286865,0.9816378951072693,0.555,0.0,0.43,0.43,0.0,0.8116836734693876,0.44677436161396705,-0.013010204081632656,0.455438592331484,0.05,0.8246938775510203,0.0,0.0,0.0,0.05,15.905,0.0,scratch,ce,200
17,0,0.545,0.98,0.98,0.895,4.515,4.485,4.485,0.0,0.22584839165210724,0.9750829935073853,0.55,0.0,0.435,0.435,0.0,0.817908163265306,0.469614338130577,-0.006785714285714288,0.47250099676195534,0.05,0.8246938775510203,0.0,0.0,0.0,0.05,16.515,0.0,scratch,ce,200
18,0,0.59,0.98,0.98,0.9,4.61,4.485,4.485,0.0,0.21048443019390106,0.9945646524429321,0.595,0.0,0.39,0.39,0.0,0.8309183673469388,0.49432670681582874,0.006224489795918364,0.5118271386995912,0.05,0.8246938775510203,0.0,0.0,0.0,0.05,17.79,0.0,scratch,ce,200
19,0,0.55,0.98,0.98,0.89,4.435,4.485,4.485,0.0,0.23135215044021606,0.9590263366699219,0.555,0.0,0.43,0.43,0.0,0.8270408163265306,0.4914198601224022,0.002346938775510202,0.49441600660793483,0.05,0.8246938775510203,0.0,0.0,0.0,0.05,17.41,0.0,scratch,ce,200
20,0,0.555,0.98,0.98,0.9,4.83,4.485,4.485,0.0,0.19308872520923615,0.9351447820663452,0.56,0.0,0.425,0.425,0.0,0.8208163265306122,0.4681590285338229,-0.003877551020408163,0.4709024954168126,0.05,0.8246938775510203,0.0,0.0,0.0,0.05,16.8,0.0,scratch,ce,200
21,0,0.58,0.98,0.98,0.905,4.415,4.485,4.485,0.0,0.183709979057312,0.9694578647613525,0.585,0.0,0.4,0.4,0.0,0.8121428571428573,0.4399090395743211,-0.012551020408163265,0.46033962020417674,0.05,0.8246938775510203,0.0,0.0,0.0,0.05,15.95,0.0,scratch,ce,200
22,0,0.585,0.98,0.98,0.92,4.71,4.485,4.485,0.0,0.148273766040802,0.9427487254142761,0.59,0.0,0.395,0.395,0.0,0.8242346938775511,0.4564996477236088,-0.00045918367346938995,0.4619614130584523,0.05,0.8246938775510203,0.0,0.0,0.0,0.05,17.135,0.0,scratch,ce,200
23,0,0.59,0.98,0.98,0.885,3.745,4.485,4.485,0.0,0.2539810240268707,0.9568183422088623,0.595,0.0,0.39,0.39,0.0,0.8333163265306122,0.5019650241645757,0.008622448979591834,0.5063992245495319,0.05,0.8246938775510203,0.0,0.0,0.0,0.05,18.025,0.0,scratch,ce,200
24,0,0.555,0.98,0.98,0.9,4.765,4.485,4.485,0.0,0.2082148939371109,1.044094443321228,0.56,0.0,0.425,0.425,0.0,0.8169387755102041,0.46569578076457435,-0.007755102040816326,0.4785248650610447,0.05,0.8246938775510203,0.0,0.0,0.0,0.05,16.42,0.0,scratch,ce,200
25,0,0.585,0.98,0.98,0.9,5.025,4.485,4.485,0.0,0.21896834671497345,1.0089490413665771,0.59,0.0,0.395,0.395,0.0,0.8334183673469387,0.4979023024441508,0.008724489795918361,0.5041465378832072,0.05,0.8246938775510203,0.0,0.0,0.0,0.05,18.035,0.0,scratch,ce,200
26,0,0.6,0.98,0.98,0.88,4.09,4.485,4.485,0.0,0.25264355540275574,0.9946466088294983,0.61,0.0,0.38,0.38,0.0,0.8413775510204081,0.5178004137493283,0.016683673469387754,0.5131354177184403,0.05,0.8246938775510203,0.0,0.0,0.0,0.05,18.815,0.0,scratch,ce,200
27,0,0.59,0.98,0.98,0.915,4.015,4.485,4.485,0.0,0.19968250393867493,0.9292553067207336,0.6,0.0,0.39,0.39,0.0,0.8385204081632653,0.5179542344235967,0.013826530612244899,0.5161610129103065,0.05,0.8246938775510203,0.0,0.0,0.0,0.05,18.535,0.0,scratch,ce,200
28,0,0.58,0.98,0.98,0.885,4.325,4.485,4.485,0.0,0.24065262079238892,0.9827104210853577,0.58,0.0,0.4,0.4,0.0,0.8389285714285714,0.5031909728333787,0.014234693877551012,0.5114845983358101,0.05,0.8246938775510203,0.0,0.0,0.0,0.05,18.575,0.0,scratch,ce,200
29,0,0.59,0.98,0.98,0.905,4.305,4.485,4.485,0.0,0.20182310044765472,0.9778703451156616,0.595,0.0,0.39,0.39,0.0,0.8445918367346938,0.5439570688231525,0.019897959183673465,0.5380268860980868,0.05,0.8246938775510203,0.0,0.0,0.0,0.05,19.13,0.0,scratch,ce,200
30,0,0.62,0.98,0.98,0.86,4.705,4.485,4.485,0.0,0.277372270822525,0.9627178907394409,0.635,0.0,0.36,0.36,0.0,0.8377551020408163,0.5190120988976406,0.013061224489795922,0.521258821124211,0.05,0.8246938775510203,0.0,0.0,0.0,0.05,18.46,0.0,scratch,ce,200
31,0,0.65,0.98,0.98,0.895,4.695,4.485,4.485,0.0,0.2052471786737442,0.892427921295166,0.66,0.0,0.33,0.33,0.0,0.8323979591836735,0.4978276916569504,0.007704081632653059,0.4961668541561812,0.05,0.8246938775510203,0.0,0.0,0.0,0.05,17.935,0.0,scratch,ce,200
32,0,0.64,0.98,0.98,0.91,4.785,4.485,4.485,0.0,0.22165191173553467,0.9598789811134338,0.635,0.0,0.345,0.345,0.0,0.8287755102040816,0.48737631410056187,0.004081632653061219,0.4932388939382508,0.05,0.8246938775510203,0.0,0.0,0.0,0.05,17.58,0.0,scratch,ce,200
33,0,0.605,0.98,0.98,0.915,4.25,4.485,4.485,0.0,0.21365079283714294,0.9949032664299011,0.605,0.0,0.38,0.38,0.0,0.8295918367346938,0.49965616436690297,0.004897959183673469,0.49463766524102537,0.05,0.8246938775510203,0.0,0.0,0.0,0.05,17.66,0.0,scratch,ce,200
34,0,0.6,0.98,0.98,0.885,4.155,4.485,4.485,0.0,0.28654852509498596,1.032127022743225,0.61,0.0,0.38,0.38,0.0,0.832704081632653,0.5106581650413785,0.00801020408163265,0.5064561559446156,0.05,0.8246938775510203,0.0,0.0,0.0,0.05,17.965,0.0,scratch,ce,200
35,0,0.595,0.98,0.98,0.885,4.615,4.485,4.485,0.0,0.26137444376945496,1.0680181980133057,0.605,0.0,0.385,0.385,0.0,0.835,0.5107048704463931,0.010306122448979587,0.5067435865337029,0.05,0.8246938775510203,0.0,0.0,0.0,0.05,18.19,0.0,scratch,ce,200
36,0,0.635,0.98,0.98,0.9,4.13,4.485,4.485,0.0,0.24042175710201263,1.0051259994506836,0.645,0.0,0.345,0.345,0.0,0.8263775510204081,0.4741130723747299,0.0016836734693877532,0.4810742874071002,0.05,0.8246938775510203,0.0,0.0,0.0,0.05,17.345,0.0,scratch,ce,200
37,0,0.585,0.98,0.98,0.885,4.11,4.485,4.485,0.0,0.249343141913414,1.064060091972351,0.595,0.0,0.395,0.395,0.0,0.8360714285714286,0.5055905541168372,0.011377551020408163,0.5086737884767354,0.05,0.8246938775510203,0.0,0.0,0.0,0.05,18.295,0.0,scratch,ce,200
38,0,0.62,0.98,0.98,0.88,4.87,4.485,4.485,0.0,0.30514031648635864,1.0078840255737305,0.625,0.0,0.36,0.36,0.0,0.8381632653061226,0.5273350001707962,0.013469387755102038,0.5229584507551044,0.05,0.8246938775510203,0.0,0.0,0.0,0.05,18.5,0.0,scratch,ce,200
39,0,0.615,0.98,0.98,0.895,4.43,4.485,4.485,0.0,0.19709886610507965,1.029808521270752,0.62,0.0,0.365,0.365,0.0,0.8293877551020408,0.485805776357865,0.004693877551020404,0.48804209774360063,0.05,0.8246938775510203,0.0,0.0,0.0,0.05,17.64,0.0,scratch,ce,200
40,0,0.61,0.98,0.98,0.905,4.48,4.485,4.485,0.0,0.20120853185653687,1.0766313076019287,0.615,0.0,0.37,0.37,0.0,0.8316836734693878,0.5036308416711868,0.006989795918367345,0.5031168088503182,0.05,0.8246938775510203,0.0,0.0,0.0,0.05,17.865,0.0,scratch,ce,200
41,0,0.605,0.98,0.98,0.9,4.4,4.485,4.485,0.0,0.22144344449043274,1.0778645277023315,0.615,0.0,0.375,0.375,0.0,0.8360204081632654,0.5131237951472362,0.011326530612244897,0.5012494702264667,0.05,0.8246938775510203,0.0,0.0,0.0,0.05,18.29,0.0,scratch,ce,200
42,0,0.605,0.98,0.98,0.885,4.425,4.485,4.485,0.0,0.2591143846511841,1.0799640417099,0.61,0.0,0.375,0.375,0.0,0.8348979591836734,0.5090951089151162,0.010204081632653055,0.5177004999108612,0.05,0.8246938775510203,0.0,0.0,0.0,0.05,18.18,0.0,scratch,ce,200
43,0,0.64,0.98,0.98,0.875,4.26,4.485,4.485,0.0,0.26150086522102356,1.0010552406311035,0.645,0.0,0.34,0.34,0.0,0.8316836734693877,0.5056736548210325,0.006989795918367344,0.5068350347504019,0.05,0.8246938775510203,0.0,0.0,0.0,0.05,17.865,0.0,scratch,ce,200
44,0,0.64,0.98,0.98,0.885,4.415,4.485,4.485,0.0,0.2606465518474579,1.0178395509719849,0.645,0.0,0.34,0.34,0.0,0.8362755102040816,0.5202235463422266,0.01158163265306122,0.5135193841368891,0.05,0.8246938775510203,0.0,0.0,0.0,0.05,18.315,0.0,scratch,ce,200
45,0,0.62,0.98,0.98,0.88,4.74,4.485,4.485,0.0,0.2900678217411041,1.0752125978469849,0.625,0.0,0.36,0.36,0.0,0.8292857142857143,0.49968054666486883,0.004591836734693873,0.4984598926641047,0.05,0.8246938775510203,0.0,0.0,0.0,0.05,17.63,0.0,scratch,ce,200
46,0,0.61,0.98,0.98,0.86,4.465,4.485,4.485,0.0,0.28907883167266846,1.1616597175598145,0.615,0.0,0.37,0.37,0.0,0.8324489795918367,0.5122474137486945,0.0077551020408163215,0.517031062617898,0.05,0.8246938775510203,0.0,0.0,0.0,0.05,17.94,0.0,scratch,ce,200
47,0,0.615,0.98,0.98,0.91,4.335,4.485,4.485,0.0,0.18605047464370728,1.0653282403945923,0.62,0.0,0.365,0.365,0.0,0.83,0.5029439678763564,0.005306122448979589,0.5028852017968893,0.05,0.8246938775510203,0.0,0.0,0.0,0.05,17.7,0.0,scratch,ce,200
48,0,0.585,0.98,0.98,0.875,4.25,4.485,4.485,0.0,0.2704811692237854,1.1389888525009155,0.595,0.0,0.395,0.395,0.0,0.8305102040816327,0.5137913231892997,0.0058163265306122435,0.5143411036208272,0.05,0.8246938775510203,0.0,0.0,0.0,0.05,17.75,0.0,scratch,ce,200
49,0,0.61,0.98,0.98,0.89,4.655,4.485,4.485,0.0,0.2816939055919647,1.136682152748108,0.615,0.0,0.37,0.37,0.0,0.8326020408163265,0.5193379930046943,0.007908163265306117,0.5074713778775185,0.05,0.8246938775510203,0.0,0.0,0.0,0.05,17.955,0.0,scratch,ce,200
50,0,0.585,0.98,0.98,0.885,4.395,4.485,4.485,0.0,0.2724044919013977,1.2082706689834595,0.59,0.0,0.395,0.395,0.0,0.8308163265306123,0.5063141190678238,0.006122448979591832,0.5080369783751667,0.05,0.8246938775510203,0.0,0.0,0.0,0.05,17.78,0.0,scratch,ce,200
51,0,0.59,0.98,0.98,0.89,4.13,4.485,4.485,0.0,0.24214056134223938,1.1865516901016235,0.595,0.0,0.39,0.39,0.0,0.8273979591836735,0.4933108569653128,0.00270408163265306,0.4933889767900109,0.05,0.8246938775510203,0.0,0.0,0.0,0.05,17.445,0.0,scratch,ce,200
52,0,0.635,0.98,0.98,0.88,4.435,4.485,4.485,0.0,0.26755958795547485,1.1027692556381226,0.64,0.0,0.345,0.345,0.0,0.821734693877551,0.4853207976580686,-0.002959183673469391,0.4925658125150949,0.05,0.8246938775510203,0.0,0.0,0.0,0.05,16.89,0.0,scratch,ce,200
53,0,0.63,0.98,0.98,0.895,4.305,4.485,4.485,0.0,0.2355555295944214,1.1409690380096436,0.635,0.0,0.35,0.35,0.0,0.8282142857142858,0.49855270824055914,0.0035204081632653,0.49684685181826355,0.05,0.8246938775510203,0.0,0.0,0.0,0.05,17.525,0.0,scratch,ce,200
54,0,0.595,0.98,0.98,0.885,4.265,4.485,4.485,0.0,0.2859964668750763,1.135807991027832,0.6,0.0,0.385,0.385,0.0,0.8287244897959184,0.5007640390230595,0.004030612244897955,0.49571364286355674,0.05,0.8246938775510203,0.0,0.0,0.0,0.05,17.575,0.0,scratch,ce,200
55,0,0.635,0.98,0.98,0.88,4.325,4.485,4.485,0.0,0.306265264749527,1.107679843902588,0.64,0.0,0.345,0.345,0.0,0.8259183673469388,0.47936603611243855,0.0012244897959183638,0.4938266723975539,0.05,0.8246938775510203,0.0,0.0,0.0,0.05,17.3,0.0,scratch,ce,200
56,0,0.61,0.98,0.98,0.89,4.635,4.485,4.485,0.0,0.22792382538318634,1.1469401121139526,0.615,0.0,0.37,0.37,0.0,0.8261734693877552,0.48684611429159086,0.00147959183673469,0.4920172561425716,0.05,0.8246938775510203,0.0,0.0,0.0,0.05,17.325,0.0,scratch,ce,200
57,0,0.655,0.98,0.98,0.905,4.64,4.485,4.485,0.0,0.22737449407577515,1.0269373655319214,0.66,0.0,0.325,0.325,0.0,0.8306632653061224,0.4945669086686455,0.005969387755102036,0.4936106903105974,0.05,0.8246938775510203,0.0,0.0,0.0,0.05,17.765,0.0,scratch,ce,200
58,0,0.645,0.98,0.98,0.885,4.295,4.485,4.485,0.0,0.22240234911441803,1.0698798894882202,0.65,0.0,0.34,0.34,0.0,0.823673469387755,0.48203589414109327,-0.0010204081632653095,0.48200072709005326,0.05,0.8246938775510203,0.0,0.0,0.0,0.05,17.08,0.0,scratch,ce,200
59,0,0.625,0.98,0.98,0.895,4.38,4.485,4.485,0.0,0.20169974863529205,1.1210250854492188,0.63,0.0,0.355,0.355,0.0,0.8220918367346939,0.47898697149443015,-0.0026020408163265336,0.4761124151572585,0.05,0.8246938775510203,0.0,0.0,0.0,0.05,16.925,0.0,scratch,ce,200
60,0,0.64,0.98,0.98,0.885,4.51,4.485,4.485,0.0,0.2125621736049652,1.1235023736953735,0.645,0.0,0.34,0.34,0.0,0.8229591836734694,0.46762163882289026,-0.0017346938775510256,0.48096025180071594,0.05,0.8246938775510203,0.0,0.0,0.0,0.05,17.01,0.0,scratch,ce,200
61,0,0.6,0.98,0.98,0.905,4.435,4.485,4.485,0.0,0.22126516699790955,1.1799445152282715,0.61,0.0,0.38,0.38,0.0,0.8279591836734694,0.4855437953342133,0.003265306122448976,0.49471418917179105,0.05,0.8246938775510203,0.0,0.0,0.0,0.05,17.5,0.0,scratch,ce,200
62,0,0.625,0.98,0.98,0.89,4.245,4.485,4.485,0.0,0.22441959381103516,1.1146690845489502,0.63,0.0,0.36,0.36,0.0,0.8311224489795919,0.4895920233986651,0.0064285714285714215,0.49037964768707754,0.05,0.8246938775510203,0.0,0.0,0.0,0.05,17.81,0.0,scratch,ce,200
63,0,0.61,0.98,0.98,0.91,4.65,4.485,4.485,0.0,0.17796720564365387,1.1636056900024414,0.62,0.0,0.37,0.37,0.0,0.8265816326530612,0.5026504514445437,0.0018877551020408112,0.5035579371824861,0.05,0.8246938775510203,0.0,0.0,0.0,0.05,17.365,0.0,scratch,ce,200
64,0,0.64,0.98,0.98,0.885,4.405,4.485,4.485,0.0,0.2503291070461273,1.1379956007003784,0.65,0.0,0.34,0.34,0.0,0.8279591836734693,0.48767301697988225,0.003265306122448973,0.5001071212906391,0.05,0.8246938775510203,0.0,0.0,0.0,0.05,17.5,0.0,scratch,ce,200
65,0,0.615,0.98,0.98,0.875,4.925,4.485,4.485,0.0,0.219973623752594,1.121315360069275,0.62,0.0,0.365,0.365,0.0,0.8236734693877551,0.46446863986089443,-0.0010204081632653101,0.48259266078472135,0.05,0.8246938775510203,0.0,0.0,0.0,0.05,17.08,0.0,scratch,ce,200
66,0,0.66,0.98,0.98,0.86,4.42,4.485,4.485,0.0,0.2922288775444031,1.0748965740203857,0.66,0.0,0.325,0.325,0.0,0.827295918367347,0.48077287911516137,0.0026020408163265267,0.48866896563209594,0.05,0.8246938775510203,0.0,0.0,0.0,0.05,17.435,0.0,scratch,ce,200
67,0,0.635,0.98,0.98,0.905,4.245,4.485,4.485,0.0,0.22652672231197357,1.1235140562057495,0.64,0.0,0.35,0.35,0.0,0.8310204081632654,0.4902101998945769,0.006326530612244893,0.4993535807915032,0.05,0.8246938775510203,0.0,0.0,0.0,0.05,17.8,0.0,scratch,ce,200
68,0,0.61,0.98,0.98,0.88,4.725,4.485,4.485,0.0,0.25131309032440186,1.173506259918213,0.615,0.0,0.37,0.37,0.0,0.8274489795918367,0.4895334278616118,0.0027551020408163253,0.49440265752375123,0.05,0.8246938775510203,0.0,0.0,0.0,0.05,17.45,0.0,scratch,ce,200
69,0,0.615,0.98,0.98,0.885,4.685,4.485,4.485,0.0,0.2515262961387634,1.0768818855285645,0.62,0.0,0.365,0.365,0.0,0.8278571428571427,0.47842662970365823,0.0031632653061224414,0.4884140633139759,0.05,0.8246938775510203,0.0,0.0,0.0,0.05,17.49,0.0,scratch,ce,200
70,0,0.635,0.98,0.98,0.885,4.66,4.485,4.485,0.0,0.2447340339422226,1.0916836261749268,0.645,0.0,0.345,0.345,0.0,0.8256122448979591,0.47950019769416385,0.0009183673469387726,0.4889666932169348,0.05,0.8246938775510203,0.0,0.0,0.0,0.05,17.27,0.0,scratch,ce,200
71,0,0.64,0.98,0.98,0.9,4.385,4.485,4.485,0.0,0.2423255890607834,1.0686994791030884,0.65,0.0,0.34,0.34,0.0,0.8297959183673469,0.48040768757840446,0.005102040816326523,0.48723170306533575,0.05,0.8246938775510203,0.0,0.0,0.0,0.05,17.68,0.0,scratch,ce,200
72,0,0.6,0.98,0.98,0.915,4.68,4.485,4.485,0.0,0.15716953575611115,1.1544233560562134,0.61,0.0,0.38,0.38,0.0,0.8294897959183674,0.495833198871762,0.0047959183673469356,0.5031235455349088,0.05,0.8246938775510203,0.0,0.0,0.0,0.05,17.65,0.0,scratch,ce,200
73,0,0.595,0.98,0.98,0.89,4.68,4.485,4.485,0.0,0.23708835244178772,1.178234577178955,0.605,0.0,0.385,0.385,0.0,0.8266836734693876,0.4817357154420145,0.0019897959183673435,0.48877228776924314,0.05,0.8246938775510203,0.0,0.0,0.0,0.05,17.375,0.0,scratch,ce,200
74,0,0.605,0.98,0.98,0.9,4.57,4.485,4.485,0.0,0.196542888879776,1.1281286478042603,0.62,0.0,0.375,0.375,0.0,0.8268367346938774,0.47734955109007027,0.0021428571428571425,0.4787680807709694,0.05,0.8246938775510203,0.0,0.0,0.0,0.05,17.39,0.0,scratch,ce,200
75,0,0.595,0.98,0.98,0.9,4.29,4.485,4.485,0.0,0.23821987211704254,1.1924018859863281,0.605,0.0,0.385,0.385,0.0,0.8246938775510203,0.4836624810067719,-3.885780586188048e-18,0.48699624083004894,0.05,0.8246938775510203,0.0,0.0,0.0,0.05,17.18,0.0,scratch,ce,200
76,0,0.63,0.98,0.98,0.91,4.41,4.485,4.485,0.0,0.1699831336736679,1.1660810708999634,0.64,0.0,0.35,0.35,0.0,0.8246938775510205,0.47208781830138796,-2.7755575615628915e-18,0.47938874950632454,0.05,0.8246938775510203,0.0,0.0,0.0,0.05,17.18,0.0,scratch,ce,200
77,0,0.62,0.98,0.98,0.915,4.41,4.485,4.485,0.0,0.17969101667404175,1.169052243232727,0.63,0.0,0.36,0.36,0.0,0.8255102040816326,0.4773581125975611,0.0008163265306122424,0.47767453495413065,0.05,0.8246938775510203,0.0,0.0,0.0,0.05,17.26,0.0,scratch,ce,200
78,0,0.595,0.98,0.98,0.885,4.65,4.485,4.485,0.0,0.21691662073135376,1.1821904182434082,0.605,0.0,0.385,0.385,0.0,0.8289285714285713,0.49392721667298106,0.0042346938775510165,0.4976779277343303,0.05,0.8246938775510203,0.0,0.0,0.0,0.05,17.595,0.0,scratch,ce,200
79,0,0.625,0.98,0.98,0.89,4.51,4.485,4.485,0.0,0.25219637155532837,1.1409363746643066,0.635,0.0,0.355,0.355,0.0,0.8278061224489797,0.4908261081639562,0.003112244897959178,0.49674415092915297,0.05,0.8246938775510203,0.0,0.0,0.0,0.05,17.485,0.0,scratch,ce,200
80,0,0.62,0.98,0.98,0.905,4.495,4.485,4.485,0.0,0.22492340207099915,1.193308711051941,0.63,0.0,0.36,0.36,0.0,0.8278061224489797,0.5039131612535539,0.003112244897959178,0.5042300708219409,0.05,0.8246938775510203,0.0,0.0,0.0,0.05,17.485,0.0,scratch,ce,200
81,0,0.585,0.98,0.98,0.885,4.545,4.485,4.485,0.0,0.24375781416893005,1.210594892501831,0.595,0.0,0.395,0.395,0.0,0.8275,0.49550059256085893,0.002806122448979588,0.5049270511418581,0.05,0.8246938775510203,0.0,0.0,0.0,0.05,17.455,0.0,scratch,ce,200
82,0,0.585,0.98,0.98,0.895,4.505,4.485,4.485,0.0,0.22094939649105072,1.2230547666549683,0.595,0.0,0.395,0.395,0.0,0.8269387755102041,0.4823790776651727,0.0022448979591836653,0.4967488420009613,0.05,0.8246938775510203,0.0,0.0,0.0,0.05,17.4,0.0,scratch,ce,200
83,0,0.615,0.98,0.98,0.875,4.545,4.485,4.485,0.0,0.2648167312145233,1.1720340251922607,0.62,0.0,0.365,0.365,0.0,0.8262755102040816,0.482617355640303,0.0015816326530612224,0.49032719440758227,0.05,0.8246938775510203,0.0,0.0,0.0,0.05,17.335,0.0,scratch,ce,200
84,0,0.615,0.98,0.98,0.885,4.38,4.485,4.485,0.0,0.24264875054359436,1.212191104888916,0.62,0.0,0.365,0.365,0.0,0.8271938775510205,0.48655960443327123,0.0024999999999999922,0.49738846737891435,0.05,0.8246938775510203,0.0,0.0,0.0,0.05,17.425,0.0,scratch,ce,200
85,0,0.615,0.98,0.98,0.86,4.59,4.485,4.485,0.0,0.28758615255355835,1.1851437091827393,0.62,0.0,0.365,0.365,0.0,0.8260714285714286,0.4803775179372184,0.0013775510204081542,0.4934705653041601,0.05,0.8246938775510203,0.0,0.0,0.0,0.05,17.315,0.0,scratch,ce,200
86,0,0.62,0.98,0.98,0.88,4.515,4.485,4.485,0.0,0.24870912730693817,1.1598091125488281,0.635,0.0,0.36,0.36,0.0,0.8266836734693876,0.48341978556531967,0.001989795918367341,0.49162808001041414,0.05,0.8246938775510203,0.0,0.0,0.0,0.05,17.375,0.0,scratch,ce,200
87,0,0.61,0.98,0.98,0.885,4.51,4.485,4.485,0.0,0.24839666485786438,1.1808818578720093,0.62,0.0,0.37,0.37,0.0,0.8257653061224489,0.4872483131353098,0.0010714285714285654,0.49151736121624706,0.05,0.8246938775510203,0.0,0.0,0.0,0.05,17.285,0.0,scratch,ce,200
88,0,0.605,0.98,0.98,0.9,4.54,4.485,4.485,0.0,0.19094547629356384,1.1913673877716064,0.615,0.0,0.375,0.375,0.0,0.824387755102041,0.4803456719699423,-0.0003061224489795966,0.4861527042835951,0.05,0.8246938775510203,0.0,0.0,0.0,0.05,17.15,0.0,scratch,ce,200
89,0,0.625,0.98,0.98,0.9,4.55,4.485,4.485,0.0,0.19057023525238037,1.1688494682312012,0.635,0.0,0.355,0.355,0.0,0.8240306122448979,0.48331073101703353,-0.0006632653061224519,0.49030095648020505,0.05,0.8246938775510203,0.0,0.0,0.0,0.05,17.115,0.0,scratch,ce,200
90,0,0.615,0.98,0.98,0.88,4.455,4.485,4.485,0.0,0.24053911864757538,1.1741156578063965,0.625,0.0,0.365,0.365,0.0,0.8249489795918368,0.48213829244197504,0.00025510204081632514,0.4912413937225938,0.05,0.8246938775510203,0.0,0.0,0.0,0.05,17.205,0.0,scratch,ce,200
91,0,0.625,0.98,0.98,0.88,4.505,4.485,4.485,0.0,0.2710365653038025,1.1854244470596313,0.635,0.0,0.355,0.355,0.0,0.8270408163265307,0.4880846011206188,0.002346938775510201,0.49063154626637695,0.05,0.8246938775510203,0.0,0.0,0.0,0.05,17.41,0.0,scratch,ce,200
92,0,0.61,0.98,0.98,0.9,4.545,4.485,4.485,0.0,0.21373116970062256,1.2053340673446655,0.62,0.0,0.37,0.37,0.0,0.8267857142857143,0.48753411136116637,0.0020918367346938727,0.4902376313880086,0.05,0.8246938775510203,0.0,0.0,0.0,0.05,17.385,0.0,scratch,ce,200
93,0,0.615,0.98,0.98,0.885,4.52,4.485,4.485,0.0,0.23569735884666443,1.2072749137878418,0.625,0.0,0.365,0.365,0.0,0.8261224489795919,0.48683068724306716,0.0014285714285714262,0.49080559477210045,0.05,0.8246938775510203,0.0,0.0,0.0,0.05,17.32,0.0,scratch,ce,200
94,0,0.615,0.98,0.98,0.89,4.5,4.485,4.485,0.0,0.21615110337734222,1.2147245407104492,0.625,0.0,0.365,0.365,0.0,0.8265816326530612,0.48852434591973154,0.001887755102040813,0.4908421954791993,0.05,0.8246938775510203,0.0,0.0,0.0,0.05,17.365,0.0,scratch,ce,200
95,0,0.62,0.98,0.98,0.9,4.435,4.485,4.485,0.0,0.22752410173416138,1.1982789039611816,0.63,0.0,0.36,0.36,0.0,0.8271428571428572,0.49165800902053597,0.00244897959183673,0.4929898892249912,0.05,0.8246938775510203,0.0,0.0,0.0,0.05,17.42,0.0,scratch,ce,200
96,0,0.62,0.98,0.98,0.89,4.455,4.485,4.485,0.0,0.24891464412212372,1.19819974899292,0.63,0.0,0.36,0.36,0.0,0.8275510204081633,0.49225054886483144,0.002857142857142852,0.493679529344663,0.05,0.8246938775510203,0.0,0.0,0.0,0.05,17.46,0.0,scratch,ce,200
97,0,0.62,0.98,0.98,0.875,4.435,4.485,4.485,0.0,0.2672695815563202,1.1940068006515503,0.63,0.0,0.36,0.36,0.0,0.8270918367346938,0.49036493591995467,0.0023979591836734643,0.49202155756764115,0.05,0.8246938775510203,0.0,0.0,0.0,0.05,17.415,0.0,scratch,ce,200
98,0,0.62,0.98,0.98,0.89,4.435,4.485,4.485,0.0,0.25522395968437195,1.1930443048477173,0.63,0.0,0.36,0.36,0.0,0.8268367346938774,0.4898612161725418,0.0021428571428571365,0.4915249128546566,0.05,0.8246938775510203,0.0,0.0,0.0,0.05,17.39,0.0,scratch,ce,200
99,0,0.62,0.98,0.98,0.88,4.44,4.485,4.485,0.0,0.26931145787239075,1.1952240467071533,0.63,0.0,0.36,0.36,0.0,0.8267346938775509,0.4897024107612269,0.002040816326530607,0.49157590421847996,0.05,0.8246938775510203,0.0,0.0,0.0,0.05,17.38,0.0,scratch,ce,200
100,0,0.62,0.98,0.98,0.88,4.435,4.485,4.485,0.0,0.2656746208667755,1.1941677331924438,0.63,0.0,0.36,0.36,0.0,0.8270408163265306,0.4913718901661193,0.002346938775510199,0.4924939644988626,0.05,0.8246938775510203,0.0,0.0,0.0,0.05,17.41,0.0,scratch,ce,200
0,0,0.085,0.98,0.925,0.875,5.92,4.485,4.435,0.12588541209697723,0.329533189535141,1.8394066095352173,0.09,0.055,0.895,0.85,7.405,0.850561224489796,0.5981794121635886,0.025867346938775508,0.5913978515937924,0.05,0.775,0.23701169783036988,-0.04969387755102041,0.33362704727915116,0.05,7.405,0.0,scratch,foreground_rescue_10,200
1,0,0.24,0.98,0.955,0.91,5.085,4.485,4.465,0.07830501347780228,0.1915362924337387,1.5563369989395142,0.245,0.025,0.74,0.72,5.76,0.8172448979591838,0.4378297750844512,-0.00744897959183674,0.4451788255755673,0.05,0.7584693877551021,0.18665071718425447,-0.06622448979591837,0.2688340289701591,0.05,5.76,0.0,scratch,foreground_rescue_10,200
2,0,0.325,0.98,0.945,0.905,4.275,4.485,4.455,0.06734897941350937,0.14910948276519775,1.4593695402145386,0.33,0.035,0.66,0.635,5.995,0.8246938775510203,0.4613951053659811,-6.661338147750939e-18,0.4539373581742984,0.05,0.7635204081632654,0.1935533450789808,-0.0611734693877551,0.2677416557286051,0.05,5.995,0.0,scratch,foreground_rescue_10,200
3,0,0.36,0.98,0.93,0.92,4.375,4.485,4.45,0.14056527614593506,0.12254706025123596,1.3989981412887573,0.37,0.05,0.62,0.575,5.695,0.8019387755102041,0.39170875963544005,-0.022755102040816332,0.3984395730776305,0.05,0.7438265306122449,0.15141518260684503,-0.08086734693877552,0.22985289476826437,0.05,5.695,0.0,scratch,foreground_rescue_10,200
4,0,0.37,0.98,0.955,0.885,4.39,4.485,4.41,0.05778753384947777,0.25294041633605957,1.3744943141937256,0.385,0.025,0.61,0.585,6.27,0.8342346938775509,0.48517627652454565,0.009540816326530609,0.4847174929962785,0.05,0.7702551020408164,0.20364622419140824,-0.05443877551020408,0.2850211006864265,0.05,6.27,0.0,scratch,foreground_rescue_10,200
5,0,0.375,0.98,0.935,0.885,4.545,4.485,4.4,0.07717027515172958,0.2351849377155304,1.340329647064209,0.385,0.045,0.605,0.565,6.295,0.838112244897959,0.48185957743003677,0.013418367346938772,0.4862563974079967,0.05,0.7738775510204081,0.2053556440173923,-0.05081632653061226,0.2921406688210845,0.05,6.295,0.0,scratch,foreground_rescue_10,200
6,0,0.435,0.98,0.95,0.935,4.105,4.485,4.42,0.045631565153598785,0.11274583637714386,1.2472655773162842,0.445,0.03,0.545,0.52,5.855,0.8043877551020406,0.3972122364623127,-0.0203061224489796,0.4061816134073888,0.05,0.744642857142857,0.1533914413409777,-0.08005102040816327,0.23070895172160819,0.05,5.855,0.0,scratch,foreground_rescue_10,200
7,0,0.475,0.98,0.95,0.905,4.425,4.485,4.375,0.054449472576379776,0.19429737329483032,1.2062045335769653,0.48,0.03,0.505,0.485,6.1,0.8184183673469387,0.4347923849540606,-0.006275510204081638,0.431843803456286,0.05,0.7561734693877551,0.17420936945701265,-0.06852040816326531,0.2498518769594375,0.05,6.1,0.0,scratch,foreground_rescue_10,200
8,0,0.47,0.98,0.955,0.94,4.565,4.485,4.43,0.08026114106178284,0.1125493049621582,1.1391712427139282,0.48,0.025,0.51,0.485,6.26,0.8137244897959184,0.4320970558876647,-0.010969387755102044,0.4333991330373101,0.05,0.7498469387755102,0.16233139882618458,-0.07484693877551021,0.24760209725238383,0.05,6.26,0.0,scratch,foreground_rescue_10,200
9,0,0.485,0.98,0.925,0.905,4.55,4.485,4.38,0.09671541303396225,0.20465266704559326,1.178202509880066,0.495,0.055,0.495,0.45,6.535,0.8262755102040816,0.4795408027638683,0.0015816326530612185,0.4834673354477854,0.05,0.759591836734694,0.18198302158047866,-0.06510204081632655,0.2765861242293613,0.05,6.535,0.0,scratch,foreground_rescue_10,200
10,0,0.475,0.98,0.925,0.89,5.025,4.485,4.445,0.13286766409873962,0.24494251608848572,1.1336669921875,0.485,0.055,0.505,0.465,7.065,0.838265306122449,0.5527044618959767,0.013571428571428562,0.5461072645615787,0.05,0.7661734693877551,0.20617981972995503,-0.058520408163265314,0.3052091593528166,0.05,7.065,0.0,scratch,foreground_rescue_10,200
11,0,0.52,0.98,0.95,0.925,5.35,4.485,4.41,0.08955827355384827,0.17047232389450073,1.0556182861328125,0.53,0.03,0.46,0.45,6.69,0.827091836734694,0.4718347623268127,0.0023979591836734665,0.4858521011285484,0.05,0.7588265306122449,0.17765065377121209,-0.06586734693877552,0.27843232461018486,0.05,6.69,0.0,scratch,foreground_rescue_10,200
12,0,0.535,0.98,0.935,0.86,4.53,4.485,4.37,0.10483250021934509,0.31037047505378723,1.0673924684524536,0.545,0.045,0.445,0.42,7.275,0.8376020408163265,0.5478760011639967,0.012908163265306118,0.5500181148154661,0.05,0.7633673469387756,0.19539618463656808,-0.061326530612244905,0.3054730451107025,0.05,7.275,0.0,scratch,foreground_rescue_10,200
13,0,0.535,0.98,0.94,0.905,4.7,4.485,4.475,0.13325409591197968,0.24479247629642487,1.0631375312805176,0.545,0.04,0.445,0.415,6.71,0.8269897959183673,0.48030609474136937,0.002295918367346934,0.4856595176132396,0.05,0.7585204081632654,0.17910939793616568,-0.0661734693877551,0.2736977926676627,0.05,6.71,0.0,scratch,foreground_rescue_10,200
14,0,0.52,0.98,0.935,0.885,4.61,4.485,4.435,0.13636691868305206,0.2892654836177826,1.071212887763977,0.53,0.045,0.46,0.42,7.095,0.835561224489796,0.5416087014309441,0.010867346938775509,0.5278755248803645,0.05,0.7631632653061226,0.19812529928758305,-0.06153061224489797,0.28926002082473135,0.05,7.095,0.0,scratch,foreground_rescue_10,200
15,0,0.565,0.98,0.915,0.885,4.905,4.485,4.44,0.14856335520744324,0.2590828537940979,1.0022028684616089,0.575,0.065,0.415,0.375,7.015,0.8427040816326532,0.5418145660282557,0.01801020408163265,0.5398399070819141,0.05,0.7711224489795918,0.20686805196665514,-0.053571428571428575,0.30360671707836445,0.05,7.015,0.0,scratch,foreground_rescue_10,200
16,0,0.555,0.98,0.925,0.885,4.36,4.485,4.485,0.14299076795578003,0.2627195119857788,0.970050036907196,0.57,0.055,0.425,0.395,7.17,0.8432142857142858,0.5520647171655921,0.018520408163265306,0.5417279260419309,0.05,0.7700510204081632,0.20477632101280624,-0.05464285714285715,0.29977840537962036,0.05,7.17,0.0,scratch,foreground_rescue_10,200
17,0,0.565,0.98,0.91,0.86,4.235,4.485,4.455,0.17417964339256287,0.29305240511894226,1.0158634185791016,0.575,0.07,0.415,0.38,7.405,0.8428571428571427,0.5784437902845178,0.018163265306122445,0.5633334285090678,0.05,0.767295918367347,0.20590641602972876,-0.05739795918367348,0.30469488407718015,0.05,7.405,0.0,scratch,foreground_rescue_10,200
18,0,0.56,0.98,0.93,0.89,4.86,4.485,4.435,0.1529746800661087,0.2772190570831299,1.0284579992294312,0.57,0.05,0.42,0.39,7.0,0.8376020408163265,0.5426184293969627,0.012908163265306121,0.539895739609492,0.05,0.7661734693877551,0.1987411710168427,-0.05852040816326531,0.2972230573737761,0.05,7.0,0.0,scratch,foreground_rescue_10,200
19,0,0.555,0.98,0.92,0.84,4.17,4.485,4.46,0.1752423644065857,0.3745134770870209,1.0554397106170654,0.57,0.06,0.425,0.395,7.235,0.8480102040816325,0.5847052219882357,0.023316326530612247,0.572372221974656,0.05,0.7741836734693878,0.2194759701154215,-0.050510204081632655,0.3211960444180295,0.05,7.235,0.0,scratch,foreground_rescue_10,200
20,0,0.545,0.98,0.905,0.85,4.185,4.485,4.505,0.18706920742988586,0.3740563988685608,1.0077778100967407,0.56,0.075,0.435,0.4,7.255,0.8510204081632654,0.5940782764304848,0.026326530612244898,0.5862357899267227,0.05,0.7769897959183674,0.2243366319561261,-0.04770408163265307,0.3303543580137193,0.05,7.255,0.0,scratch,foreground_rescue_10,200
21,0,0.545,0.98,0.925,0.875,4.705,4.485,4.445,0.16163192689418793,0.3577437698841095,1.027687907218933,0.555,0.055,0.435,0.405,7.03,0.8276020408163265,0.5152183135846711,0.002908163265306118,0.5249778888747096,0.05,0.7558673469387754,0.1846277278262821,-0.0688265306122449,0.2897815225197701,0.05,7.03,0.0,scratch,foreground_rescue_10,200
22,0,0.6,0.98,0.92,0.885,4.47,4.485,4.4,0.16501910984516144,0.26535895466804504,0.9089987874031067,0.615,0.06,0.38,0.35,7.2,0.8384183673469388,0.5508400709299569,0.013724489795918367,0.5424610850214958,0.05,0.7649489795918367,0.19904100381536605,-0.059744897959183675,0.29303363131359217,0.05,7.2,0.0,scratch,foreground_rescue_10,200
23,0,0.575,0.98,0.915,0.875,4.395,4.485,4.415,0.17823711037635803,0.3098827302455902,0.996837317943573,0.585,0.065,0.405,0.365,7.235,0.8512755102040817,0.5759854175411141,0.02658163265306122,0.5776108332799049,0.05,0.7774489795918368,0.22782423120940642,-0.04724489795918368,0.3305297589005204,0.05,7.235,0.0,scratch,foreground_rescue_10,200
24,0,0.55,0.98,0.915,0.865,4.355,4.485,4.395,0.20048511028289795,0.3323030173778534,1.0355839729309082,0.56,0.065,0.43,0.39,7.36,0.8506632653061225,0.5837732725353687,0.025969387755102043,0.5884418537840247,0.05,0.7755612244897959,0.22885201662060337,-0.04913265306122451,0.3338266924442723,0.05,7.36,0.0,scratch,foreground_rescue_10,200
25,0,0.575,0.98,0.935,0.895,4.86,4.485,4.455,0.12537184357643127,0.24922236800193787,0.9775227904319763,0.585,0.045,0.405,0.38,7.04,0.8312244897959183,0.5254346881448604,0.006530612244897961,0.5186319353152067,0.05,0.7593877551020408,0.19273683937360608,-0.0653061224489796,0.28613324626814574,0.05,7.04,0.0,scratch,foreground_rescue_10,200
26,0,0.59,0.98,0.93,0.895,4.5,4.485,4.47,0.14407402276992798,0.22676712274551392,0.9425797462463379,0.595,0.05,0.39,0.37,7.22,0.8488775510204082,0.581301706554514,0.024183673469387754,0.5716832732205512,0.05,0.775204081632653,0.22547232537553794,-0.04948979591836736,0.32254317341197747,0.05,7.22,0.0,scratch,foreground_rescue_10,200
27,0,0.575,0.98,0.935,0.9,4.08,4.485,4.445,0.1421651989221573,0.26841282844543457,1.0227757692337036,0.585,0.045,0.405,0.375,7.385,0.8457142857142856,0.5694111800230706,0.021020408163265305,0.563016304410994,0.05,0.7703571428571427,0.21867443545948684,-0.05433673469387756,0.3182073172950186,0.05,7.385,0.0,scratch,foreground_rescue_10,200
28,0,0.58,0.98,0.92,0.885,4.335,4.485,4.415,0.1348734200000763,0.2850499749183655,1.0381289720535278,0.585,0.06,0.4,0.36,7.485,0.849234693877551,0.5921401631118796,0.02454081632653061,0.5921147460583598,0.05,0.7728571428571428,0.2304471849969885,-0.05183673469387756,0.3354961893847212,0.05,7.485,0.0,scratch,foreground_rescue_10,200
29,0,0.585,0.98,0.93,0.89,4.48,4.485,4.43,0.11194780468940735,0.26551997661590576,0.9742569923400879,0.595,0.05,0.395,0.37,7.415,0.8498979591836735,0.5922807653939232,0.025204081632653055,0.5799707971792668,0.05,0.774234693877551,0.22334973896205085,-0.05045918367346939,0.32074888575822114,0.05,7.415,0.0,scratch,foreground_rescue_10,200
30,0,0.56,0.98,0.925,0.885,4.32,4.485,4.375,0.1550540328025818,0.2683763802051544,1.0332467555999756,0.575,0.055,0.42,0.385,7.405,0.8429591836734696,0.5685057741207385,0.018265306122448973,0.5652668921463192,0.05,0.7673979591836735,0.21324137883172825,-0.05729591836734694,0.31315182546619325,0.05,7.405,0.0,scratch,foreground_rescue_10,200
31,0,0.61,0.98,0.91,0.865,4.47,4.485,4.435,0.20241865515708923,0.34924155473709106,0.9802572727203369,0.62,0.07,0.37,0.33,7.245,0.8393877551020408,0.5674457057328166,0.014693877551020407,0.5638379007391632,0.05,0.7654591836734694,0.2044059495664425,-0.059234693877551016,0.3139300302416086,0.05,7.245,0.0,scratch,foreground_rescue_10,200
32,0,0.575,0.98,0.93,0.85,4.565,4.485,4.485,0.1476781964302063,0.37365248799324036,1.0172491073608398,0.58,0.05,0.405,0.38,7.385,0.8445918367346938,0.5756603951402666,0.019897959183673465,0.5741561733186245,0.05,0.769234693877551,0.21346546709784406,-0.05545918367346939,0.3207197795761749,0.05,7.385,0.0,scratch,foreground_rescue_10,200
33,0,0.565,0.98,0.93,0.88,4.405,4.485,4.395,0.12257262319326401,0.2814888656139374,1.0242035388946533,0.575,0.05,0.415,0.39,7.14,0.8356632653061224,0.5461273068890342,0.010969387755102039,0.5364271464012563,0.05,0.7628061224489797,0.19850640149644752,-0.06188775510204082,0.2912106907862471,0.05,7.14,0.0,scratch,foreground_rescue_10,200
34,0,0.57,0.98,0.92,0.86,4.575,4.485,4.39,0.16505031287670135,0.3412524461746216,1.0848073959350586,0.58,0.06,0.41,0.37,7.165,0.8342857142857143,0.5453014859019163,0.009591836734693871,0.5406836293824017,0.05,0.7611734693877551,0.19637822318090156,-0.0635204081632653,0.29873345921514555,0.05,7.165,0.0,scratch,foreground_rescue_10,200
35,0,0.585,0.98,0.925,0.88,4.48,4.485,4.415,0.17035599052906036,0.3010944426059723,1.0165935754776,0.595,0.055,0.395,0.355,7.105,0.839030612244898,0.5420039255659186,0.014336734693877551,0.54021365753375,0.05,0.7665306122448979,0.2076283608846007,-0.05816326530612246,0.30613375519402325,0.05,7.105,0.0,scratch,foreground_rescue_10,200
36,0,0.595,0.98,0.92,0.915,4.175,4.485,4.325,0.15344126522541046,0.22904765605926514,1.0260283946990967,0.61,0.06,0.385,0.35,7.27,0.8439285714285714,0.5567960938721068,0.019234693877551015,0.5607115066982806,0.05,0.7697448979591835,0.2138101409190995,-0.05494897959183673,0.31716757606947793,0.05,7.27,0.0,scratch,foreground_rescue_10,200
37,0,0.605,0.98,0.915,0.885,4.485,4.485,4.435,0.155623659491539,0.2735530436038971,1.04473078250885,0.62,0.065,0.375,0.34,7.26,0.8392346938775509,0.5628946165503894,0.01454081632653061,0.5506961488444359,0.05,0.7651530612244898,0.2064261949340959,-0.059540816326530625,0.2994718497339636,0.05,7.26,0.0,scratch,foreground_rescue_10,200
38,0,0.61,0.98,0.92,0.885,4.4,4.485,4.42,0.14368456602096558,0.26371505856513977,1.0173052549362183,0.62,0.06,0.37,0.33,7.48,0.8514285714285714,0.5954917737887906,0.02673469387755102,0.5768857039511204,0.05,0.7751020408163265,0.2248041043700171,-0.04959183673469388,0.31580728267785163,0.05,7.48,0.0,scratch,foreground_rescue_10,200
39,0,0.595,0.98,0.935,0.885,4.535,4.485,4.415,0.10662414878606796,0.3041331470012665,1.0788750648498535,0.605,0.045,0.385,0.355,7.33,0.8501530612244897,0.5971431837498625,0.02545918367346938,0.58230504876934,0.05,0.7753571428571427,0.22614462457013787,-0.04933673469387756,0.3238582806708291,0.05,7.33,0.0,scratch,foreground_rescue_10,200
40,0,0.55,0.98,0.91,0.87,4.41,4.485,4.375,0.20741625130176544,0.33340874314308167,1.1186063289642334,0.57,0.07,0.43,0.38,7.41,0.851938775510204,0.6001653710019347,0.02724489795918367,0.5939789325650782,0.05,0.7763265306122449,0.23029061589733257,-0.04836734693877551,0.3338768788147718,0.05,7.41,0.0,scratch,foreground_rescue_10,200
41,0,0.58,0.98,0.94,0.89,4.34,4.485,4.43,0.08591661602258682,0.26767292618751526,1.1224710941314697,0.59,0.04,0.4,0.37,7.21,0.8432142857142857,0.5651322087196594,0.018520408163265303,0.5504746506270021,0.05,0.7696428571428572,0.2151064300969006,-0.05505102040816327,0.30624050109647216,0.05,7.21,0.0,scratch,foreground_rescue_10,200
42,0,0.6,0.98,0.905,0.83,4.135,4.485,4.43,0.19647616147994995,0.43867015838623047,1.0735886096954346,0.615,0.075,0.38,0.335,7.515,0.8500510204081633,0.5937754384215225,0.025357142857142856,0.5911038083489984,0.05,0.7733673469387756,0.22497948153203617,-0.051326530612244896,0.329719779449515,0.05,7.515,0.0,scratch,foreground_rescue_10,200
43,0,0.595,0.98,0.925,0.88,4.215,4.485,4.35,0.1545935869216919,0.301588773727417,1.0585812330245972,0.61,0.055,0.385,0.35,7.225,0.8447448979591836,0.5605922373107707,0.020051020408163263,0.5535387335438281,0.05,0.7710204081632653,0.2162289438779009,-0.0536734693877551,0.31242761998903007,0.05,7.225,0.0,scratch,foreground_rescue_10,200
44,0,0.59,0.98,0.945,0.92,4.38,4.485,4.405,0.11522815376520157,0.20717816054821014,1.1281658411026,0.6,0.035,0.39,0.365,7.14,0.8444897959183674,0.5502530873336677,0.019795918367346937,0.5470092379488051,0.05,0.7716326530612245,0.2179118301137451,-0.05306122448979592,0.3133887889911421,0.05,7.14,0.0,scratch,foreground_rescue_10,200
45,0,0.61,0.98,0.925,0.88,4.295,4.485,4.32,0.18971730768680573,0.3156648278236389,1.0742506980895996,0.62,0.055,0.37,0.34,7.145,0.8463775510204081,0.5541666334813439,0.02168367346938775,0.5539547674171627,0.05,0.7734693877551021,0.21949722956393203,-0.05122448979591837,0.3165994405513629,0.05,7.145,0.0,scratch,foreground_rescue_10,200
46,0,0.605,0.98,0.94,0.915,4.435,4.485,4.43,0.12553037703037262,0.22758503258228302,1.1121604442596436,0.615,0.04,0.375,0.34,7.055,0.842091836734694,0.5392296638624416,0.017397959183673463,0.547833064282313,0.05,0.7701020408163265,0.21181876529992344,-0.05459183673469388,0.3179966990445973,0.05,7.055,0.0,scratch,foreground_rescue_10,200
47,0,0.56,0.98,0.91,0.86,4.485,4.485,4.38,0.2082146853208542,0.37558960914611816,1.2258410453796387,0.57,0.07,0.42,0.375,7.335,0.850561224489796,0.5848933748667127,0.025867346938775508,0.5779842403810471,0.05,0.7757142857142858,0.22602807216555248,-0.0489795918367347,0.3296107326564379,0.05,7.335,0.0,scratch,foreground_rescue_10,200
48,0,0.58,0.98,0.93,0.875,4.42,4.485,4.44,0.14164753258228302,0.33743226528167725,1.1612186431884766,0.585,0.055,0.4,0.36,7.34,0.8543877551020408,0.5965950598975814,0.029693877551020407,0.5806520252581686,0.05,0.7794897959183674,0.2385882726808163,-0.04520408163265307,0.3314429287565872,0.05,7.34,0.0,scratch,foreground_rescue_10,200
49,0,0.6,0.98,0.93,0.905,4.27,4.485,4.35,0.09798868000507355,0.24520164728164673,1.191826343536377,0.605,0.05,0.38,0.345,7.18,0.8453061224489795,0.554825984466067,0.020612244897959178,0.5461198871955275,0.05,0.7720408163265305,0.21598167066223145,-0.052653061224489796,0.31000166008248925,0.05,7.18,0.0,scratch,foreground_rescue_10,200
50,0,0.585,0.98,0.93,0.875,4.395,4.485,4.395,0.14444664120674133,0.33432167768478394,1.1211806535720825,0.595,0.05,0.395,0.365,7.185,0.8482653061224491,0.580911490512787,0.023571428571428573,0.5689773556496948,0.05,0.7749489795918367,0.22742997752133595,-0.04974489795918368,0.3252484467392787,0.05,7.185,0.0,scratch,foreground_rescue_10,200
51,0,0.605,0.98,0.92,0.87,4.495,4.485,4.325,0.15488451719284058,0.2937525808811188,1.1147639751434326,0.61,0.06,0.38,0.345,7.17,0.8424489795918367,0.5639212464087836,0.01775510204081632,0.5586888002138585,0.05,0.7692857142857144,0.2132752984353878,-0.05540816326530613,0.31710825400892645,0.05,7.17,0.0,scratch,foreground_rescue_10,200
52,0,0.59,0.98,0.935,0.885,4.51,4.485,4.45,0.14905641973018646,0.29183706641197205,1.1013903617858887,0.6,0.045,0.39,0.36,7.135,0.8398469387755102,0.5474654700388959,0.015153061224489792,0.5428475351445377,0.05,0.7670408163265305,0.21072281635533713,-0.05765306122448979,0.3082029490103014,0.05,7.135,0.0,scratch,foreground_rescue_10,200
53,0,0.615,0.98,0.93,0.865,4.345,4.485,4.395,0.14755673706531525,0.32453954219818115,1.0211801528930664,0.625,0.05,0.365,0.34,7.195,0.8572448979591837,0.598949718192949,0.03255102040816327,0.5876373053528369,0.05,0.7838265306122448,0.24322074913698583,-0.04086734693877551,0.3454155490058474,0.05,7.195,0.0,scratch,foreground_rescue_10,200
54,0,0.57,0.98,0.93,0.9,4.34,4.485,4.385,0.13670560717582703,0.29247036576271057,1.1436673402786255,0.575,0.05,0.415,0.39,7.38,0.849795918367347,0.595804680199301,0.025102040816326533,0.5805840656440705,0.05,0.7744897959183673,0.22526370424995495,-0.050204081632653066,0.3236006096145138,0.05,7.38,0.0,scratch,foreground_rescue_10,200
55,0,0.56,0.98,0.935,0.9,4.23,4.485,4.33,0.13212651014328003,0.27552223205566406,1.2311815023422241,0.565,0.045,0.425,0.395,7.285,0.844642857142857,0.5671774396754128,0.019948979591836728,0.5534592675417662,0.05,0.7703061224489797,0.21396566303545625,-0.054387755102040816,0.3070371340843849,0.05,7.285,0.0,scratch,foreground_rescue_10,200
56,0,0.56,0.98,0.925,0.875,4.55,4.485,4.39,0.12024703621864319,0.3106975257396698,1.2661035060882568,0.57,0.055,0.42,0.385,7.235,0.8458163265306123,0.5682055289717013,0.021122448979591833,0.5590711889415979,0.05,0.7719897959183675,0.22417117485852361,-0.05270408163265307,0.3201780199701898,0.05,7.235,0.0,scratch,foreground_rescue_10,200
57,0,0.585,0.98,0.935,0.88,4.425,4.485,4.405,0.11774110794067383,0.28742554783821106,1.2488963603973389,0.595,0.045,0.395,0.355,7.325,0.8488775510204082,0.5922415709987016,0.024183673469387754,0.5810521016549319,0.05,0.7741326530612244,0.22741623427935106,-0.05056122448979592,0.3279157265648246,0.05,7.325,0.0,scratch,foreground_rescue_10,200
58,0,0.615,0.98,0.965,0.885,4.275,4.485,4.42,0.08433753252029419,0.2498302012681961,1.1005587577819824,0.615,0.02,0.37,0.365,7.32,0.8498979591836735,0.5920382987482474,0.025204081632653058,0.5788123693224043,0.05,0.775204081632653,0.23259170878440577,-0.04948979591836735,0.3294662424875423,0.05,7.32,0.0,scratch,foreground_rescue_10,200
59,0,0.595,0.98,0.935,0.88,4.25,4.485,4.365,0.13562339544296265,0.316750168800354,1.1884323358535767,0.6,0.045,0.39,0.365,7.255,0.8521428571428572,0.5861272339785699,0.027448979591836738,0.5736155678331852,0.05,0.7781122448979592,0.22978846422123642,-0.046581632653061235,0.32701459164731206,0.05,7.255,0.0,scratch,foreground_rescue_10,200
60,0,0.595,0.98,0.925,0.89,4.375,4.485,4.355,0.14108900725841522,0.28448453545570374,1.1934829950332642,0.605,0.055,0.385,0.345,7.34,0.8462244897959184,0.5802185859714845,0.021530612244897957,0.5651725993864238,0.05,0.7713265306122449,0.21294970853765793,-0.05336734693877551,0.31052690440323205,0.05,7.34,0.0,scratch,foreground_rescue_10,200
61,0,0.57,0.98,0.945,0.87,4.66,4.485,4.37,0.09750989824533463,0.3064556419849396,1.266150951385498,0.58,0.035,0.41,0.385,7.24,0.8515306122448979,0.5879914339526858,0.02683673469387755,0.5713308157492429,0.05,0.7776530612244897,0.22791860043105974,-0.04704081632653061,0.32423674516612666,0.05,7.24,0.0,scratch,foreground_rescue_10,200
62,0,0.6,0.98,0.93,0.895,4.415,4.485,4.375,0.15244156122207642,0.3180563151836395,1.2266165018081665,0.61,0.05,0.38,0.345,7.255,0.8503571428571428,0.5765538153339802,0.025663265306122448,0.5678172626718879,0.05,0.7763265306122449,0.22745933899581963,-0.04836734693877551,0.3273101649619639,0.05,7.255,0.0,scratch,foreground_rescue_10,200
63,0,0.61,0.98,0.94,0.895,4.485,4.485,4.38,0.11897849291563034,0.2598434090614319,1.1291759014129639,0.62,0.04,0.37,0.35,7.265,0.8478061224489797,0.5682458573688485,0.023112244897959183,0.5566262119449675,0.05,0.7736734693877552,0.21977787977930296,-0.05102040816326531,0.31558654907625167,0.05,7.265,0.0,scratch,foreground_rescue_10,200
64,0,0.61,0.98,0.935,0.905,4.48,4.485,4.45,0.12279234081506729,0.2380802482366562,1.102617859840393,0.62,0.045,0.37,0.34,7.275,0.8481632653061226,0.5749304356101063,0.023469387755102034,0.5575042460672557,0.05,0.7739285714285714,0.22217528168335757,-0.050765306122448985,0.31348713889718055,0.05,7.275,0.0,scratch,foreground_rescue_10,200
65,0,0.64,0.98,0.94,0.895,4.655,4.485,4.36,0.10502845793962479,0.2429075688123703,1.0858505964279175,0.65,0.04,0.34,0.325,7.165,0.8449489795918368,0.5617044207227931,0.020255102040816327,0.5454863550327719,0.05,0.7718367346938776,0.21332710026140592,-0.052857142857142866,0.30526292361551893,0.05,7.165,0.0,scratch,foreground_rescue_10,200
66,0,0.605,0.98,0.935,0.875,4.51,4.485,4.475,0.13379479944705963,0.3208116888999939,1.1858971118927002,0.615,0.045,0.375,0.345,7.3,0.853265306122449,0.5877025328424246,0.028571428571428567,0.5730477141402662,0.05,0.7787755102040816,0.2339031881696463,-0.04591836734693878,0.32698746863519773,0.05,7.3,0.0,scratch,foreground_rescue_10,200
67,0,0.625,0.98,0.935,0.9,4.47,4.485,4.435,0.1304519772529602,0.23586007952690125,1.0993889570236206,0.635,0.045,0.355,0.325,7.25,0.8566326530612245,0.5908305393364505,0.03193877551020408,0.5755427809152752,0.05,0.7826530612244897,0.23926007765096222,-0.04204081632653061,0.33476929371245207,0.05,7.25,0.0,scratch,foreground_rescue_10,200
68,0,0.645,0.98,0.92,0.885,4.295,4.485,4.405,0.14537566900253296,0.29257211089134216,1.108635425567627,0.65,0.06,0.34,0.305,7.26,0.850765306122449,0.5757663312680262,0.02607142857142857,0.5653864502813667,0.05,0.7766836734693878,0.22601035420571217,-0.04801020408163265,0.326937178755179,0.05,7.26,0.0,scratch,foreground_rescue_10,200
69,0,0.6,0.98,0.94,0.905,4.375,4.485,4.41,0.10820308327674866,0.26111462712287903,1.1353869438171387,0.61,0.04,0.38,0.35,7.15,0.8460204081632654,0.5585696677726866,0.021326530612244897,0.5527319546509534,0.05,0.7730612244897958,0.21704373060998305,-0.05163265306122449,0.3173785266559571,0.05,7.15,0.0,scratch,foreground_rescue_10,200
70,0,0.61,0.98,0.95,0.91,4.66,4.485,4.445,0.07826679199934006,0.23527507483959198,1.1513304710388184,0.62,0.03,0.37,0.355,7.26,0.8493877551020408,0.5727820667436523,0.024693877551020402,0.5620242353109642,0.05,0.7753061224489797,0.22257767137142417,-0.04938775510204081,0.32072612053714694,0.05,7.26,0.0,scratch,foreground_rescue_10,200
71,0,0.6,0.98,0.945,0.895,4.735,4.485,4.41,0.09781204164028168,0.2750428020954132,1.2414627075195312,0.605,0.035,0.38,0.365,7.27,0.850204081632653,0.5911427426806125,0.025510204081632647,0.5746191864740103,0.05,0.7760204081632653,0.22941872414771952,-0.0486734693877551,0.32397467352217063,0.05,7.27,0.0,scratch,foreground_rescue_10,200
72,0,0.6,0.98,0.935,0.91,4.455,4.485,4.415,0.12436964362859726,0.23722557723522186,1.1909120082855225,0.61,0.045,0.38,0.35,7.3,0.8535204081632652,0.591419154581652,0.028826530612244897,0.5759975549858063,0.05,0.7790306122448979,0.23343002691635034,-0.045663265306122455,0.32756716064410285,0.05,7.3,0.0,scratch,foreground_rescue_10,200
73,0,0.6,0.98,0.945,0.895,4.32,4.485,4.435,0.11319279670715332,0.2607269883155823,1.243160367012024,0.61,0.035,0.38,0.36,7.28,0.8493367346938777,0.5813337633599888,0.024642857142857136,0.5686678249109537,0.05,0.7750510204081634,0.2230296230207956,-0.04964285714285714,0.320402423646301,0.05,7.28,0.0,scratch,foreground_rescue_10,200
74,0,0.625,0.98,0.915,0.88,4.645,4.485,4.375,0.14042779803276062,0.29052621126174927,1.1482576131820679,0.63,0.065,0.355,0.31,7.26,0.8514285714285714,0.5778315206357548,0.026734693877551022,0.5656918956898153,0.05,0.7773469387755102,0.2290285977469086,-0.04734693877551021,0.32339471417479215,0.05,7.26,0.0,scratch,foreground_rescue_10,200
75,0,0.6,0.98,0.94,0.865,4.435,4.485,4.445,0.09045212715864182,0.34787270426750183,1.1509758234024048,0.605,0.04,0.385,0.355,7.375,0.8547448979591837,0.5985683810216883,0.03005102040816326,0.5783425713516772,0.05,0.7794897959183674,0.23346483568367862,-0.04520408163265306,0.3256728548393585,0.05,7.375,0.0,scratch,foreground_rescue_10,200
76,0,0.63,0.98,0.94,0.865,4.45,4.485,4.43,0.09600601345300674,0.315990686416626,1.1213284730911255,0.64,0.04,0.35,0.32,7.285,0.8510714285714286,0.586134729573361,0.02637755102040816,0.5706184934638441,0.05,0.776734693877551,0.22948823441706187,-0.04795918367346939,0.32380868670297785,0.05,7.285,0.0,scratch,foreground_rescue_10,200
77,0,0.59,0.98,0.94,0.895,4.395,4.485,4.46,0.11701816320419312,0.2705356478691101,1.2055668830871582,0.595,0.04,0.395,0.37,7.29,0.8488265306122449,0.5788056704140917,0.024132653061224484,0.5636991983093321,0.05,0.7744387755102042,0.2237558368580153,-0.05025510204081633,0.3180442705471069,0.05,7.29,0.0,scratch,foreground_rescue_10,200
78,0,0.585,0.98,0.95,0.89,4.33,4.485,4.435,0.08316067606210709,0.2755219638347626,1.1985297203063965,0.59,0.03,0.4,0.38,7.18,0.8460714285714286,0.5672383646924922,0.02137755102040816,0.5502648380212486,0.05,0.7728061224489795,0.2203012499995231,-0.051887755102040814,0.31295128631638364,0.05,7.18,0.0,scratch,foreground_rescue_10,200
79,0,0.57,0.98,0.93,0.89,4.305,4.485,4.405,0.1256302446126938,0.2685454189777374,1.1974605321884155,0.575,0.05,0.415,0.385,7.295,0.8507142857142859,0.5877111172426973,0.0260204081632653,0.5743586396984756,0.05,0.7762755102040816,0.2278009298994109,-0.04841836734693878,0.32458293366245927,0.05,7.295,0.0,scratch,foreground_rescue_10,200
80,0,0.585,0.98,0.935,0.88,4.74,4.485,4.445,0.1206745132803917,0.2753843069076538,1.1827452182769775,0.595,0.045,0.395,0.36,7.31,0.8501020408163265,0.5838643162371575,0.02540816326530612,0.569869037931785,0.05,0.7755102040816325,0.2257830848277018,-0.049183673469387755,0.3221459780493751,0.05,7.31,0.0,scratch,foreground_rescue_10,200
81,0,0.61,0.98,0.935,0.87,4.465,4.485,4.32,0.10920186340808868,0.30541345477104187,1.147267460823059,0.62,0.045,0.37,0.335,7.2,0.8492346938775509,0.5692222163442785,0.024540816326530615,0.5582863609772175,0.05,0.7757653061224491,0.226267396919315,-0.04892857142857143,0.3200218152347952,0.05,7.2,0.0,scratch,foreground_rescue_10,200
82,0,0.61,0.98,0.935,0.875,4.64,4.485,4.37,0.11188565939664841,0.2925846576690674,1.1504706144332886,0.62,0.045,0.37,0.345,7.325,0.8520918367346938,0.5815291946226036,0.027397959183673465,0.5693668938148767,0.05,0.7773469387755102,0.2285863221272234,-0.0473469387755102,0.32501568044535817,0.05,7.325,0.0,scratch,foreground_rescue_10,200
83,0,0.61,0.98,0.945,0.865,4.535,4.485,4.4,0.08365190774202347,0.2754170596599579,1.1923010349273682,0.62,0.035,0.37,0.35,7.325,0.8558673469387754,0.5980126301453,0.0311734693877551,0.5797550440113991,0.05,0.7811224489795918,0.23754557589297942,-0.04357142857142857,0.32871191306971015,0.05,7.325,0.0,scratch,foreground_rescue_10,200
84,0,0.6,0.98,0.94,0.885,4.52,4.485,4.34,0.10305112600326538,0.2636967897415161,1.1762892007827759,0.61,0.04,0.38,0.345,7.27,0.852704081632653,0.5823459060817163,0.028010204081632642,0.5740116790961474,0.05,0.7785204081632654,0.23159649012742264,-0.0461734693877551,0.33041811452247205,0.05,7.27,0.0,scratch,foreground_rescue_10,200
85,0,0.605,0.98,0.945,0.885,4.535,4.485,4.345,0.0980977937579155,0.2883639931678772,1.1892913579940796,0.615,0.035,0.375,0.355,7.275,0.849795918367347,0.583760948178102,0.025102040816326526,0.5705076305475086,0.05,0.775561224489796,0.22616830354692033,-0.04913265306122449,0.322065195729956,0.05,7.275,0.0,scratch,foreground_rescue_10,200
86,0,0.59,0.98,0.935,0.88,4.395,4.485,4.375,0.10726141184568405,0.2921457290649414,1.1984139680862427,0.6,0.045,0.39,0.36,7.225,0.8490306122448978,0.5790308394211664,0.024336734693877548,0.5664542272221297,0.05,0.7753061224489797,0.2258530151463698,-0.049387755102040826,0.32208296292694283,0.05,7.225,0.0,scratch,foreground_rescue_10,200
87,0,0.59,0.98,0.94,0.875,4.465,4.485,4.365,0.0997026264667511,0.3104824721813202,1.1557713747024536,0.6,0.04,0.39,0.37,7.26,0.8506122448979592,0.5795031028104631,0.02591836734693877,0.5690908186044544,0.05,0.776530612244898,0.22766041785455204,-0.04816326530612246,0.3254020336735994,0.05,7.26,0.0,scratch,foreground_rescue_10,200
88,0,0.6,0.98,0.93,0.89,4.485,4.485,4.415,0.09263290464878082,0.2699242830276489,1.159002661705017,0.61,0.05,0.38,0.345,7.24,0.8504081632653062,0.5750598924962423,0.02571428571428571,0.5648333961796016,0.05,0.7765306122448979,0.22728954748109223,-0.04816326530612245,0.32414997754851355,0.05,7.24,0.0,scratch,foreground_rescue_10,200
89,0,0.595,0.98,0.93,0.89,4.47,4.485,4.4,0.11278685927391052,0.27625972032546997,1.1942843198776245,0.605,0.05,0.385,0.35,7.255,0.8502551020408162,0.5846867880946801,0.025561224489795916,0.5719904596079141,0.05,0.7762244897959184,0.22824626958494634,-0.04846938775510204,0.3268347059190273,0.05,7.255,0.0,scratch,foreground_rescue_10,200
90,0,0.59,0.98,0.94,0.89,4.525,4.485,4.425,0.09841451048851013,0.27718621492385864,1.200700044631958,0.6,0.04,0.39,0.365,7.245,0.850204081632653,0.5801908449282381,0.025510204081632647,0.5674308440182358,0.05,0.7762755102040816,0.22733978666585936,-0.04841836734693878,0.3240530584123917,0.05,7.245,0.0,scratch,foreground_rescue_10,200
91,0,0.605,0.98,0.94,0.88,4.565,4.485,4.445,0.10140682011842728,0.29680556058883667,1.1762399673461914,0.615,0.04,0.375,0.345,7.225,0.8495918367346939,0.5774720037309812,0.024897959183673466,0.5656723489705473,0.05,0.7758673469387756,0.22672466776969308,-0.0488265306122449,0.32339612605981527,0.05,7.225,0.0,scratch,foreground_rescue_10,200
92,0,0.605,0.98,0.945,0.885,4.59,4.485,4.435,0.07788287848234177,0.2759263217449188,1.1663835048675537,0.615,0.035,0.375,0.35,7.225,0.8507142857142856,0.579635336421594,0.0260204081632653,0.5668552529904991,0.05,0.7769897959183675,0.228109225142057,-0.04770408163265307,0.3246005057124421,0.05,7.225,0.0,scratch,foreground_rescue_10,200
93,0,0.595,0.98,0.945,0.875,4.475,4.485,4.435,0.0860464870929718,0.30494120717048645,1.1819219589233398,0.605,0.035,0.385,0.36,7.265,0.8511734693877551,0.5844067802126095,0.026479591836734692,0.5704976954031735,0.05,0.7770408163265308,0.22838676673726452,-0.0476530612244898,0.3245637348480523,0.05,7.265,0.0,scratch,foreground_rescue_10,200
94,0,0.59,0.98,0.945,0.88,4.435,4.485,4.435,0.10290703177452087,0.3099493384361267,1.186529517173767,0.6,0.035,0.39,0.365,7.275,0.8518877551020408,0.5868220747439536,0.027193877551020408,0.5726676389295607,0.05,0.7776530612244897,0.2294423068870757,-0.04704081632653061,0.3254309193510562,0.05,7.275,0.0,scratch,foreground_rescue_10,200
95,0,0.595,0.98,0.945,0.88,4.435,4.485,4.435,0.09952401369810104,0.2819559574127197,1.1757946014404297,0.605,0.035,0.385,0.36,7.265,0.8509183673469387,0.5828447417331873,0.026224489795918363,0.5691877252142876,0.05,0.7767857142857143,0.22751175750204042,-0.047908163265306135,0.32377803859300913,0.05,7.265,0.0,scratch,foreground_rescue_10,200
96,0,0.59,0.98,0.94,0.88,4.515,4.485,4.415,0.11876289546489716,0.27690133452415466,1.176932692527771,0.6,0.04,0.39,0.36,7.27,0.8504591836734694,0.5835690017260983,0.025765306122448983,0.5697992535214871,0.05,0.7762755102040816,0.2265401110622027,-0.04841836734693878,0.32356970688328146,0.05,7.27,0.0,scratch,foreground_rescue_10,200
97,0,0.595,0.98,0.94,0.875,4.525,4.485,4.445,0.10742224007844925,0.2811088263988495,1.176159381866455,0.605,0.04,0.385,0.355,7.26,0.850204081632653,0.5817611735342202,0.025510204081632654,0.5683375557046384,0.05,0.7761224489795918,0.22606895789121023,-0.04857142857142858,0.32247977079823614,0.05,7.26,0.0,scratch,foreground_rescue_10,200
98,0,0.59,0.98,0.94,0.88,4.505,4.485,4.455,0.10211488604545593,0.2706303000450134,1.173835277557373,0.6,0.04,0.39,0.365,7.265,0.8504591836734694,0.5827868175438029,0.02576530612244898,0.5700929075200111,0.05,0.7763265306122449,0.2265098065791555,-0.048367346938775514,0.3240975823346525,0.05,7.265,0.0,scratch,foreground_rescue_10,200
99,0,0.59,0.98,0.945,0.88,4.505,4.485,4.435,0.10026443749666214,0.2801489531993866,1.17514967918396,0.6,0.035,0.39,0.365,7.275,0.8508163265306122,0.5854231073493108,0.026122448979591838,0.5715387940127402,0.05,0.7765816326530612,0.22680691509811376,-0.048112244897959185,0.3241792481672019,0.05,7.275,0.0,scratch,foreground_rescue_10,200
100,0,0.6,0.98,0.94,0.88,4.545,4.485,4.455,0.10904670506715775,0.2727762460708618,1.177760362625122,0.61,0.04,0.38,0.355,7.265,0.8506122448979592,0.5829516566739343,0.02591836734693877,0.5688692949991673,0.05,0.7764795918367348,0.2266746457092871,-0.04821428571428572,0.3242634458001703,0.05,7.265,0.0,scratch,foreground_rescue_10,200
0,0,0.085,0.98,0.98,0.875,5.92,4.485,4.485,0.0,0.329533189535141,1.8394066095352173,0.09,0.0,0.895,0.895,0.0,0.850561224489796,0.5981794121635886,0.025867346938775508,0.5913978515937924,0.05,0.8246938775510203,0.0,0.0,0.0,0.05,19.715,0.0,scratch,full,200
1,0,0.255,0.98,0.98,0.91,5.05,4.485,4.485,0.0,0.19234958291053772,1.5590170621871948,0.26,0.0,0.725,0.725,0.0,0.8162244897959183,0.4335374900005542,-0.008469387755102045,0.43933297568903074,0.05,0.8246938775510203,0.0,0.0,0.0,0.05,16.35,0.0,scratch,full,200
2,0,0.295,0.98,0.98,0.915,4.515,4.485,4.485,0.0,0.14083370566368103,1.4459059238433838,0.3,0.0,0.69,0.69,0.0,0.8256632653061226,0.4704222955349576,0.0009693877551020369,0.4643634664212004,0.05,0.8246938775510203,0.0,0.0,0.0,0.05,17.275,0.0,scratch,full,200
3,0,0.39,0.98,0.98,0.92,4.09,4.485,4.485,0.0,0.14648403227329254,1.3788557052612305,0.39,0.0,0.595,0.595,0.0,0.8123979591836735,0.41513287063687165,-0.01229591836734694,0.4129412299666728,0.05,0.8246938775510203,0.0,0.0,0.0,0.05,15.975,0.0,scratch,full,200
4,0,0.39,0.98,0.98,0.89,4.795,4.485,4.485,0.0,0.24898678064346313,1.38502836227417,0.395,0.0,0.59,0.59,0.0,0.8373469387755103,0.48849658982704974,0.012653061224489792,0.4824580019037239,0.05,0.8246938775510203,0.0,0.0,0.0,0.05,18.42,0.0,scratch,full,200
5,0,0.375,0.98,0.98,0.93,4.41,4.485,4.485,0.0,0.11902137845754623,1.3189208507537842,0.375,0.0,0.605,0.605,0.0,0.8283163265306122,0.45768484282876315,0.0036224489795918307,0.4570069927175064,0.05,0.8246938775510203,0.0,0.0,0.0,0.05,17.535,0.0,scratch,full,200
6,0,0.43,0.98,0.98,0.92,5.295,4.485,4.485,0.0,0.19637992978096008,1.2358307838439941,0.44,0.0,0.55,0.55,0.0,0.8222448979591838,0.4713514626605925,-0.0024489795918367398,0.4677245155721903,0.05,0.8246938775510203,0.0,0.0,0.0,0.05,16.94,0.0,scratch,full,200
7,0,0.44,0.98,0.98,0.945,4.285,4.485,4.485,0.0,0.1467377245426178,1.171727180480957,0.455,0.0,0.54,0.54,0.0,0.8074489795918367,0.40971050336005715,-0.017244897959183672,0.41695056035619926,0.05,0.8246938775510203,0.0,0.0,0.0,0.05,15.49,0.0,scratch,full,200
8,0,0.47,0.98,0.98,0.935,5.395,4.485,4.485,0.0,0.13682997226715088,1.1965503692626953,0.48,0.0,0.51,0.51,0.0,0.7903061224489797,0.36681021305454203,-0.03438775510204082,0.37505787341695396,0.05,0.8246938775510203,0.0,0.0,0.0,0.05,13.81,0.0,scratch,full,200
9,0,0.455,0.98,0.98,0.91,4.53,4.485,4.485,0.0,0.1779985874891281,1.1545437574386597,0.46,0.0,0.525,0.525,0.0,0.822091836734694,0.48770627740672545,-0.002602040816326534,0.4860135016753338,0.05,0.8246938775510203,0.0,0.0,0.0,0.05,16.925,0.0,scratch,full,200
10,0,0.495,0.98,0.98,0.925,4.4,4.485,4.485,0.0,0.16065312922000885,1.0818746089935303,0.505,0.0,0.485,0.485,0.0,0.8091326530612245,0.46159969929296096,-0.015561224489795921,0.45660856158938257,0.05,0.8246938775510203,0.0,0.0,0.0,0.05,15.655,0.0,scratch,full,200
11,0,0.525,0.98,0.98,0.915,5.165,4.485,4.485,0.0,0.1283807009458542,1.0899646282196045,0.535,0.0,0.455,0.455,0.0,0.8080612244897959,0.4589864271059238,-0.01663265306122449,0.4440538632450625,0.05,0.8246938775510203,0.0,0.0,0.0,0.05,15.55,0.0,scratch,full,200
12,0,0.545,0.98,0.98,0.91,4.26,4.485,4.485,0.0,0.17881378531455994,1.0239882469177246,0.555,0.0,0.435,0.435,0.0,0.8093877551020409,0.47235626898108996,-0.015306122448979593,0.46425234145484867,0.05,0.8246938775510203,0.0,0.0,0.0,0.05,15.68,0.0,scratch,full,200
13,0,0.53,0.98,0.98,0.945,4.695,4.485,4.485,0.0,0.11974882334470749,1.000451683998108,0.535,0.0,0.45,0.45,0.0,0.815204081632653,0.48787125002915543,-0.009489795918367355,0.4836932515539229,0.05,0.8246938775510203,0.0,0.0,0.0,0.05,16.25,0.0,scratch,full,200
14,0,0.535,0.98,0.98,0.93,4.48,4.485,4.485,0.0,0.15194350481033325,1.0043600797653198,0.535,0.0,0.45,0.45,0.0,0.8216326530612246,0.47663173966210376,-0.0030612244897959212,0.48509372770786285,0.05,0.8246938775510203,0.0,0.0,0.0,0.05,16.88,0.0,scratch,full,200
15,0,0.585,0.98,0.98,0.905,4.72,4.485,4.485,0.0,0.2217642068862915,0.9648051261901855,0.595,0.0,0.395,0.395,0.0,0.8207653061224491,0.47025327847363163,-0.003928571428571429,0.47435395111329853,0.05,0.8246938775510203,0.0,0.0,0.0,0.05,16.795,0.0,scratch,full,200
16,0,0.58,0.98,0.98,0.915,4.325,4.485,4.485,0.0,0.2024436891078949,0.945160984992981,0.59,0.0,0.4,0.4,0.0,0.8130102040816327,0.46715974086009693,-0.011683673469387755,0.46946493120864036,0.05,0.8246938775510203,0.0,0.0,0.0,0.05,16.035,0.0,scratch,full,200
17,0,0.56,0.98,0.98,0.92,4.24,4.485,4.485,0.0,0.16401174664497375,0.9970768690109253,0.565,0.0,0.42,0.42,0.0,0.8029591836734693,0.4391791908955052,-0.021734693877551017,0.43942464135121556,0.05,0.8246938775510203,0.0,0.0,0.0,0.05,15.05,0.0,scratch,full,200
18,0,0.54,0.98,0.98,0.885,4.61,4.485,4.485,0.0,0.24894088506698608,1.0260025262832642,0.545,0.0,0.44,0.44,0.0,0.8309183673469388,0.5256056019982581,0.006224489795918364,0.5026353241410106,0.05,0.8246938775510203,0.0,0.0,0.0,0.05,17.79,0.0,scratch,full,200
19,0,0.57,0.98,0.98,0.9,4.405,4.485,4.485,0.0,0.21176639199256897,0.9928657412528992,0.575,0.0,0.41,0.41,0.0,0.8266326530612244,0.4911715377933882,0.0019387755102040771,0.485561825716286,0.05,0.8246938775510203,0.0,0.0,0.0,0.05,17.37,0.0,scratch,full,200
20,0,0.56,0.98,0.98,0.91,4.42,4.485,4.485,0.0,0.20779775083065033,0.9261741638183594,0.57,0.0,0.42,0.42,0.0,0.8193367346938776,0.46803523388644536,-0.005357142857142861,0.4706247995840386,0.05,0.8246938775510203,0.0,0.0,0.0,0.05,16.655,0.0,scratch,full,200
21,0,0.56,0.98,0.98,0.925,4.49,4.485,4.485,0.0,0.2011900693178177,0.9931002855300903,0.565,0.0,0.42,0.42,0.0,0.8186224489795919,0.4535324587234659,-0.006071428571428577,0.45699669886380434,0.05,0.8246938775510203,0.0,0.0,0.0,0.05,16.585,0.0,scratch,full,200
22,0,0.59,0.98,0.98,0.92,4.795,4.485,4.485,0.0,0.18374641239643097,0.942213773727417,0.6,0.0,0.39,0.39,0.0,0.8211224489795919,0.47099901624886814,-0.0035714285714285783,0.4633762816246599,0.05,0.8246938775510203,0.0,0.0,0.0,0.05,16.83,0.0,scratch,full,200
23,0,0.595,0.98,0.98,0.89,4.335,4.485,4.485,0.0,0.2215876430273056,0.9665946364402771,0.6,0.0,0.385,0.385,0.0,0.8362755102040816,0.48963727616371994,0.01158163265306122,0.48122586724348365,0.05,0.8246938775510203,0.0,0.0,0.0,0.05,18.315,0.0,scratch,full,200
24,0,0.565,0.98,0.98,0.93,4.605,4.485,4.485,0.0,0.13104110956192017,1.0160186290740967,0.575,0.0,0.415,0.415,0.0,0.8255612244897961,0.4829108265956738,0.0008673469387755089,0.47673892652383076,0.05,0.8246938775510203,0.0,0.0,0.0,0.05,17.265,0.0,scratch,full,200
25,0,0.595,0.98,0.98,0.905,4.405,4.485,4.485,0.0,0.15090882778167725,1.0021607875823975,0.6,0.0,0.385,0.385,0.0,0.8135714285714286,0.4514104535196256,-0.011122448979591845,0.4410778840025887,0.05,0.8246938775510203,0.0,0.0,0.0,0.05,16.09,0.0,scratch,full,200
26,0,0.605,0.98,0.98,0.935,4.545,4.485,4.485,0.0,0.14826977252960205,0.9838820099830627,0.615,0.0,0.375,0.375,0.0,0.8268877551020408,0.5094874485812686,0.0021938775510204024,0.5007194804213941,0.05,0.8246938775510203,0.0,0.0,0.0,0.05,17.395,0.0,scratch,full,200
27,0,0.585,0.98,0.98,0.905,4.375,4.485,4.485,0.0,0.20556217432022095,1.0107389688491821,0.595,0.0,0.395,0.395,0.0,0.8306632653061224,0.48344214627231813,0.005969387755102038,0.48586429277900606,0.05,0.8246938775510203,0.0,0.0,0.0,0.05,17.765,0.0,scratch,full,200
28,0,0.61,0.98,0.98,0.91,4.635,4.485,4.485,0.0,0.1936221718788147,0.9484817981719971,0.615,0.0,0.37,0.37,0.0,0.819795918367347,0.463698479529765,-0.0048979591836734735,0.4609868920966983,0.05,0.8246938775510203,0.0,0.0,0.0,0.05,16.7,0.0,scratch,full,200
29,0,0.625,0.98,0.98,0.925,4.365,4.485,4.485,0.0,0.14436687529087067,0.9416450262069702,0.635,0.0,0.355,0.355,0.0,0.8162244897959183,0.4477002637922406,-0.008469387755102045,0.45203664895845574,0.05,0.8246938775510203,0.0,0.0,0.0,0.05,16.35,0.0,scratch,full,200
30,0,0.6,0.98,0.98,0.94,4.315,4.485,4.485,0.0,0.1227768138051033,0.9926907420158386,0.605,0.0,0.38,0.38,0.0,0.8216836734693878,0.46481883476887803,-0.003010204081632654,0.4560264713689685,0.05,0.8246938775510203,0.0,0.0,0.0,0.05,16.885,0.0,scratch,full,200
31,0,0.59,0.98,0.98,0.905,4.325,4.485,4.485,0.0,0.2064288705587387,0.9635015726089478,0.595,0.0,0.39,0.39,0.0,0.8252040816326531,0.48592356735113035,0.0005102040816326508,0.4807343705231324,0.05,0.8246938775510203,0.0,0.0,0.0,0.05,17.23,0.0,scratch,full,200
32,0,0.57,0.98,0.98,0.92,4.185,4.485,4.485,0.0,0.2023736983537674,1.0266144275665283,0.575,0.0,0.41,0.41,0.0,0.8244897959183675,0.4919089372515639,-0.00020408163265306644,0.4740915731480345,0.05,0.8246938775510203,0.0,0.0,0.0,0.05,17.16,0.0,scratch,full,200
33,0,0.585,0.98,0.98,0.93,4.225,4.485,4.485,0.0,0.151156947016716,0.957542359828949,0.59,0.0,0.395,0.395,0.0,0.8167857142857143,0.45477618873007447,-0.007908163265306125,0.44824804542586205,0.05,0.8246938775510203,0.0,0.0,0.0,0.05,16.405,0.0,scratch,full,200
34,0,0.585,0.98,0.98,0.9,4.505,4.485,4.485,0.0,0.21765953302383423,1.035904049873352,0.59,0.0,0.395,0.395,0.0,0.8200510204081632,0.48057933995526053,-0.004642857142857146,0.4645770309615182,0.05,0.8246938775510203,0.0,0.0,0.0,0.05,16.725,0.0,scratch,full,200
35,0,0.565,0.98,0.98,0.93,4.245,4.485,4.485,0.0,0.16472019255161285,1.0506380796432495,0.57,0.0,0.415,0.415,0.0,0.8219387755102041,0.48731525246166174,-0.0027551020408163322,0.48440832816646434,0.05,0.8246938775510203,0.0,0.0,0.0,0.05,16.91,0.0,scratch,full,200
36,0,0.59,0.98,0.98,0.945,4.275,4.485,4.485,0.0,0.16138923168182373,0.9655886888504028,0.595,0.0,0.39,0.39,0.0,0.8258673469387755,0.473964418993753,0.001173469387755099,0.4662090480257757,0.05,0.8246938775510203,0.0,0.0,0.0,0.05,17.295,0.0,scratch,full,200
37,0,0.61,0.98,0.98,0.935,4.57,4.485,4.485,0.0,0.17919613420963287,1.0432381629943848,0.615,0.0,0.37,0.37,0.0,0.825204081632653,0.47856644165606954,0.0005102040816326469,0.47383826433448123,0.05,0.8246938775510203,0.0,0.0,0.0,0.05,17.23,0.0,scratch,full,200
38,0,0.595,0.98,0.98,0.955,4.415,4.485,4.485,0.0,0.10315357148647308,1.0584758520126343,0.6,0.0,0.385,0.385,0.0,0.8264285714285714,0.4981615700084645,0.0017346938775510163,0.48534581215120853,0.05,0.8246938775510203,0.0,0.0,0.0,0.05,17.35,0.0,scratch,full,200
39,0,0.62,0.98,0.98,0.935,4.47,4.485,4.485,0.0,0.1401892751455307,0.9706863164901733,0.625,0.0,0.36,0.36,0.0,0.8097448979591837,0.43488160225630773,-0.014948979591836737,0.4239802099019289,0.05,0.8246938775510203,0.0,0.0,0.0,0.05,15.715,0.0,scratch,full,200
40,0,0.605,0.98,0.98,0.94,4.56,4.485,4.485,0.0,0.1542438119649887,1.02556574344635,0.61,0.0,0.375,0.375,0.0,0.8262244897959186,0.49055714849511406,0.0015306122448979548,0.48376769515220075,0.05,0.8246938775510203,0.0,0.0,0.0,0.05,17.33,0.0,scratch,full,200
41,0,0.64,0.98,0.98,0.92,4.615,4.485,4.485,0.0,0.19842830300331116,1.0006489753723145,0.645,0.0,0.34,0.34,0.0,0.8242346938775509,0.5080881979832357,-0.0004591836734693883,0.5011228727269917,0.05,0.8246938775510203,0.0,0.0,0.0,0.05,17.135,0.0,scratch,full,200
42,0,0.625,0.98,0.98,0.92,4.565,4.485,4.485,0.0,0.1744484305381775,0.9091977477073669,0.63,0.0,0.355,0.355,0.0,0.8263265306122449,0.4913879280054764,0.0016326530612244877,0.47552593393716963,0.05,0.8246938775510203,0.0,0.0,0.0,0.05,17.34,0.0,scratch,full,200
43,0,0.62,0.98,0.98,0.94,4.305,4.485,4.485,0.0,0.14094454050064087,1.010878562927246,0.625,0.0,0.36,0.36,0.0,0.822908163265306,0.47436141939361137,-0.001785714285714289,0.4634732072427869,0.05,0.8246938775510203,0.0,0.0,0.0,0.05,17.005,0.0,scratch,full,200
44,0,0.615,0.98,0.98,0.925,4.54,4.485,4.485,0.0,0.15405885875225067,1.079614281654358,0.62,0.0,0.365,0.365,0.0,0.8293877551020408,0.5209703904342189,0.004693877551020404,0.5073302025906742,0.05,0.8246938775510203,0.0,0.0,0.0,0.05,17.64,0.0,scratch,full,200
45,0,0.585,0.98,0.98,0.925,4.665,4.485,4.485,0.0,0.20324750244617462,1.12451171875,0.59,0.0,0.395,0.395,0.0,0.8312244897959183,0.5175622185606942,0.006530612244897953,0.4969411329785362,0.05,0.8246938775510203,0.0,0.0,0.0,0.05,17.82,0.0,scratch,full,200
46,0,0.595,0.98,0.98,0.93,4.26,4.485,4.485,0.0,0.13982538878917694,1.135308861732483,0.6,0.0,0.385,0.385,0.0,0.819795918367347,0.48258373630346435,-0.0048979591836734735,0.4727056469582021,0.05,0.8246938775510203,0.0,0.0,0.0,0.05,16.7,0.0,scratch,full,200
47,0,0.605,0.98,0.98,0.955,4.465,4.485,4.485,0.0,0.10892044007778168,1.0760912895202637,0.61,0.0,0.375,0.375,0.0,0.8307653061224489,0.5000046897561742,0.006071428571428569,0.49149361504241823,0.05,0.8246938775510203,0.0,0.0,0.0,0.05,17.775,0.0,scratch,full,200
48,0,0.605,0.98,0.98,0.93,4.43,4.485,4.485,0.0,0.17382019758224487,1.036393642425537,0.61,0.0,0.375,0.375,0.0,0.8230102040816327,0.4920593312379488,-0.0016836734693877592,0.4756687076948583,0.05,0.8246938775510203,0.0,0.0,0.0,0.05,17.015,0.0,scratch,full,200
49,0,0.615,0.98,0.98,0.935,4.78,4.485,4.485,0.0,0.1646648347377777,1.0905598402023315,0.62,0.0,0.365,0.365,0.0,0.8317857142857144,0.5042663921235708,0.007091836734693872,0.49458313423208894,0.05,0.8246938775510203,0.0,0.0,0.0,0.05,17.875,0.0,scratch,full,200
50,0,0.6,0.98,0.98,0.94,4.32,4.485,4.485,0.0,0.15190577507019043,1.14152991771698,0.605,0.0,0.38,0.38,0.0,0.8270408163265307,0.5033538166576992,0.002346938775510208,0.49476931062119545,0.05,0.8246938775510203,0.0,0.0,0.0,0.05,17.41,0.0,scratch,full,200
51,0,0.635,0.98,0.98,0.9,4.28,4.485,4.485,0.0,0.21619535982608795,1.0270065069198608,0.64,0.0,0.345,0.345,0.0,0.8218367346938775,0.47999643906411926,-0.0028571428571428662,0.47959962295368314,0.05,0.8246938775510203,0.0,0.0,0.0,0.05,16.9,0.0,scratch,full,200
52,0,0.64,0.98,0.98,0.92,4.36,4.485,4.485,0.0,0.15860415995121002,1.0069868564605713,0.645,0.0,0.34,0.34,0.0,0.815,0.4628856488415296,-0.009693877551020413,0.45616774175316094,0.05,0.8246938775510203,0.0,0.0,0.0,0.05,16.23,0.0,scratch,full,200
53,0,0.625,0.98,0.98,0.935,4.165,4.485,4.485,0.0,0.12381260097026825,1.0593239068984985,0.635,0.0,0.355,0.355,0.0,0.8227551020408163,0.48387832820220505,-0.0019387755102040843,0.4852521182131022,0.05,0.8246938775510203,0.0,0.0,0.0,0.05,16.99,0.0,scratch,full,200
54,0,0.6,0.98,0.98,0.92,4.405,4.485,4.485,0.0,0.13113921880722046,1.1507229804992676,0.605,0.0,0.38,0.38,0.0,0.8241836734693878,0.47757620004420254,-0.0005102040816326536,0.47723812592972537,0.05,0.8246938775510203,0.0,0.0,0.0,0.05,17.13,0.0,scratch,full,200
55,0,0.62,0.98,0.98,0.905,4.52,4.485,4.485,0.0,0.20897217094898224,1.1060596704483032,0.63,0.0,0.36,0.36,0.0,0.8261734693877552,0.5101662522418519,0.001479591836734692,0.499436368632596,0.05,0.8246938775510203,0.0,0.0,0.0,0.05,17.325,0.0,scratch,full,200
56,0,0.635,0.98,0.98,0.915,4.68,4.485,4.485,0.0,0.16662053763866425,1.1280913352966309,0.64,0.0,0.345,0.345,0.0,0.8277551020408163,0.5153529804405481,0.0030612244897959147,0.5057031736412319,0.05,0.8246938775510203,0.0,0.0,0.0,0.05,17.48,0.0,scratch,full,200
57,0,0.605,0.98,0.98,0.915,4.27,4.485,4.485,0.0,0.2019762396812439,1.217788577079773,0.61,0.0,0.375,0.375,0.0,0.8222448979591835,0.4935215673616764,-0.0024489795918367398,0.4790805294830352,0.05,0.8246938775510203,0.0,0.0,0.0,0.05,16.94,0.0,scratch,full,200
58,0,0.62,0.98,0.98,0.915,4.515,4.485,4.485,0.0,0.18294253945350647,1.1192996501922607,0.625,0.0,0.36,0.36,0.0,0.8284183673469389,0.49791847722912314,0.0037244897959183626,0.49020141532528216,0.05,0.8246938775510203,0.0,0.0,0.0,0.05,17.545,0.0,scratch,full,200
59,0,0.62,0.98,0.98,0.93,4.555,4.485,4.485,0.0,0.14477132260799408,1.14751398563385,0.625,0.0,0.36,0.36,0.0,0.8245918367346938,0.495147448676805,-0.00010204081632653573,0.4771249656152213,0.05,0.8246938775510203,0.0,0.0,0.0,0.05,17.17,0.0,scratch,full,200
60,0,0.595,0.98,0.98,0.95,4.32,4.485,4.485,0.0,0.10236679017543793,1.1992472410202026,0.605,0.0,0.385,0.385,0.0,0.8223979591836735,0.48002497506262665,-0.0022959183673469407,0.47284809938049877,0.05,0.8246938775510203,0.0,0.0,0.0,0.05,16.955,0.0,scratch,full,200
61,0,0.6,0.98,0.98,0.94,4.235,4.485,4.485,0.0,0.10832736641168594,1.200453519821167,0.605,0.0,0.38,0.38,0.0,0.8213775510204081,0.47637109792297866,-0.0033163265306122495,0.46822312220305323,0.05,0.8246938775510203,0.0,0.0,0.0,0.05,16.855,0.0,scratch,full,200
62,0,0.61,0.98,0.98,0.92,4.51,4.485,4.485,0.0,0.155368372797966,1.1740086078643799,0.615,0.0,0.37,0.37,0.0,0.8193367346938776,0.47727679630073966,-0.005357142857142859,0.47468319307547063,0.05,0.8246938775510203,0.0,0.0,0.0,0.05,16.655,0.0,scratch,full,200
63,0,0.605,0.98,0.98,0.91,4.685,4.485,4.485,0.0,0.1943177729845047,1.2531050443649292,0.61,0.0,0.375,0.375,0.0,0.8262755102040816,0.4901626752777278,0.0015816326530612207,0.48175566267222164,0.05,0.8246938775510203,0.0,0.0,0.0,0.05,17.335,0.0,scratch,full,200
64,0,0.635,0.98,0.98,0.92,4.36,4.485,4.485,0.0,0.14264969527721405,1.1056888103485107,0.64,0.0,0.345,0.345,0.0,0.8261734693877552,0.49823091828741134,0.0014795918367346934,0.48764191180467603,0.05,0.8246938775510203,0.0,0.0,0.0,0.05,17.325,0.0,scratch,full,200
65,0,0.64,0.98,0.98,0.92,4.36,4.485,4.485,0.0,0.165290966629982,1.1441917419433594,0.645,0.0,0.34,0.34,0.0,0.8269897959183673,0.5087877573562515,0.00229591836734694,0.5031730164773762,0.05,0.8246938775510203,0.0,0.0,0.0,0.05,17.405,0.0,scratch,full,200
66,0,0.64,0.98,0.98,0.93,4.485,4.485,4.485,0.0,0.13121625781059265,1.1074076890945435,0.645,0.0,0.34,0.34,0.0,0.8234183673469389,0.48077641192213516,-0.001275510204081633,0.4703396779485047,0.05,0.8246938775510203,0.0,0.0,0.0,0.05,17.055,0.0,scratch,full,200
67,0,0.625,0.98,0.98,0.93,4.315,4.485,4.485,0.0,0.14305435121059418,1.1314456462860107,0.63,0.0,0.355,0.355,0.0,0.8242857142857143,0.48055520338094754,-0.00040816326530612404,0.4824947465083096,0.05,0.8246938775510203,0.0,0.0,0.0,0.05,17.14,0.0,scratch,full,200
68,0,0.66,0.98,0.98,0.94,4.545,4.485,4.485,0.0,0.11829877644777298,1.0816376209259033,0.665,0.0,0.32,0.32,0.0,0.8235204081632653,0.4897049943418578,-0.0011734693877551066,0.48351316846499687,0.05,0.8246938775510203,0.0,0.0,0.0,0.05,17.065,0.0,scratch,full,200
69,0,0.615,0.98,0.98,0.93,4.345,4.485,4.485,0.0,0.11698433756828308,1.158315896987915,0.62,0.0,0.365,0.365,0.0,0.8172448979591838,0.4664004218777743,-0.0074489795918367355,0.45908467639645095,0.05,0.8246938775510203,0.0,0.0,0.0,0.05,16.45,0.0,scratch,full,200
70,0,0.63,0.98,0.98,0.945,4.265,4.485,4.485,0.0,0.12652374804019928,1.1224238872528076,0.635,0.0,0.35,0.35,0.0,0.8154081632653061,0.46570474827674907,-0.009285714285714284,0.4494176787085598,0.05,0.8246938775510203,0.0,0.0,0.0,0.05,16.27,0.0,scratch,full,200
71,0,0.625,0.98,0.98,0.925,4.11,4.485,4.485,0.0,0.15444715321063995,1.1682792901992798,0.63,0.0,0.355,0.355,0.0,0.8195918367346939,0.48370290557558543,-0.005102040816326534,0.47335410363040864,0.05,0.8246938775510203,0.0,0.0,0.0,0.05,16.68,0.0,scratch,full,200
72,0,0.605,0.98,0.98,0.945,4.3,4.485,4.485,0.0,0.09425009787082672,1.213620901107788,0.61,0.0,0.375,0.375,0.0,0.821530612244898,0.4962589224651555,-0.003163265306122449,0.4764353009097977,0.05,0.8246938775510203,0.0,0.0,0.0,0.05,16.87,0.0,scratch,full,200
73,0,0.605,0.98,0.98,0.92,4.02,4.485,4.485,0.0,0.20624741911888123,1.2059725522994995,0.61,0.0,0.375,0.375,0.0,0.8225,0.4807823085576316,-0.002193877551020409,0.47308869459433484,0.05,0.8246938775510203,0.0,0.0,0.0,0.05,16.965,0.0,scratch,full,200
74,0,0.605,0.98,0.98,0.915,4.395,4.485,4.485,0.0,0.1640089452266693,1.2273967266082764,0.61,0.0,0.375,0.375,0.0,0.8187755102040817,0.46509120321562586,-0.005918367346938782,0.45683993414975704,0.05,0.8246938775510203,0.0,0.0,0.0,0.05,16.6,0.0,scratch,full,200
75,0,0.64,0.98,0.98,0.925,4.685,4.485,4.485,0.0,0.14337214827537537,1.1260591745376587,0.645,0.0,0.34,0.34,0.0,0.822295918367347,0.4665544253004719,-0.0023979591836734743,0.46225086992722936,0.05,0.8246938775510203,0.0,0.0,0.0,0.05,16.945,0.0,scratch,full,200
76,0,0.62,0.98,0.98,0.9,4.185,4.485,4.485,0.0,0.2319033443927765,1.2103828191757202,0.625,0.0,0.36,0.36,0.0,0.8241836734693877,0.49304438228612824,-0.000510204081632657,0.48295959752984347,0.05,0.8246938775510203,0.0,0.0,0.0,0.05,17.13,0.0,scratch,full,200
77,0,0.665,0.98,0.98,0.93,4.35,4.485,4.485,0.0,0.15754425525665283,1.1159379482269287,0.67,0.0,0.315,0.315,0.0,0.8212244897959183,0.48983171485977933,-0.0034693877551020425,0.47678834167309103,0.05,0.8246938775510203,0.0,0.0,0.0,0.05,16.84,0.0,scratch,full,200
78,0,0.65,0.98,0.98,0.915,4.38,4.485,4.485,0.0,0.16861772537231445,1.1512210369110107,0.655,0.0,0.33,0.33,0.0,0.8207142857142858,0.49944983593668696,-0.003979591836734691,0.4867273682169616,0.05,0.8246938775510203,0.0,0.0,0.0,0.05,16.79,0.0,scratch,full,200
79,0,0.65,0.98,0.98,0.93,4.26,4.485,4.485,0.0,0.15123604238033295,1.1850506067276,0.655,0.0,0.33,0.33,0.0,0.8212755102040816,0.4883977490228495,-0.0034183673469387783,0.47971854187548163,0.05,0.8246938775510203,0.0,0.0,0.0,0.05,16.845,0.0,scratch,full,200
80,0,0.645,0.98,0.98,0.92,4.665,4.485,4.485,0.0,0.15820324420928955,1.1720753908157349,0.65,0.0,0.335,0.335,0.0,0.8213265306122449,0.49320937485804484,-0.0033673469387755133,0.47371546662063335,0.05,0.8246938775510203,0.0,0.0,0.0,0.05,16.85,0.0,scratch,full,200
81,0,0.61,0.98,0.98,0.91,4.63,4.485,4.485,0.0,0.18601484596729279,1.1757445335388184,0.615,0.0,0.37,0.37,0.0,0.8216326530612243,0.48600274107775254,-0.0030612244897959234,0.4765889072383288,0.05,0.8246938775510203,0.0,0.0,0.0,0.05,16.88,0.0,scratch,full,200
82,0,0.59,0.98,0.98,0.91,4.465,4.485,4.485,0.0,0.19500699639320374,1.2046422958374023,0.595,0.0,0.39,0.39,0.0,0.8234183673469389,0.5004840155717625,-0.001275510204081634,0.4904268572165165,0.05,0.8246938775510203,0.0,0.0,0.0,0.05,17.055,0.0,scratch,full,200
83,0,0.63,0.98,0.98,0.9,4.43,4.485,4.485,0.0,0.20263156294822693,1.2056907415390015,0.635,0.0,0.35,0.35,0.0,0.8207653061224491,0.4990494612197206,-0.003928571428571429,0.4882855288684368,0.05,0.8246938775510203,0.0,0.0,0.0,0.05,16.795,0.0,scratch,full,200
84,0,0.625,0.98,0.98,0.9,4.68,4.485,4.485,0.0,0.20039311051368713,1.1738044023513794,0.63,0.0,0.355,0.355,0.0,0.8229081632653061,0.4984278091837899,-0.0017857142857142876,0.4883244676887989,0.05,0.8246938775510203,0.0,0.0,0.0,0.05,17.005,0.0,scratch,full,200
85,0,0.615,0.98,0.98,0.895,4.535,4.485,4.485,0.0,0.2338586002588272,1.1764708757400513,0.62,0.0,0.365,0.365,0.0,0.8206632653061224,0.4800193968504184,-0.004030612244897964,0.47569613315165044,0.05,0.8246938775510203,0.0,0.0,0.0,0.05,16.785,0.0,scratch,full,200
86,0,0.63,0.98,0.98,0.91,4.535,4.485,4.485,0.0,0.1909061074256897,1.1750465631484985,0.635,0.0,0.35,0.35,0.0,0.8205102040816327,0.483305691902769,-0.004183673469387758,0.48081677189678884,0.05,0.8246938775510203,0.0,0.0,0.0,0.05,16.77,0.0,scratch,full,200
87,0,0.64,0.98,0.98,0.905,4.55,4.485,4.485,0.0,0.19175836443901062,1.1925023794174194,0.645,0.0,0.34,0.34,0.0,0.822295918367347,0.4895123967573405,-0.002397959183673473,0.4829077307938132,0.05,0.8246938775510203,0.0,0.0,0.0,0.05,16.945,0.0,scratch,full,200
88,0,0.63,0.98,0.98,0.905,4.32,4.485,4.485,0.0,0.2134697288274765,1.2204135656356812,0.635,0.0,0.35,0.35,0.0,0.8253061224489795,0.4969530039169064,0.0006122448979591821,0.4906040406471584,0.05,0.8246938775510203,0.0,0.0,0.0,0.05,17.24,0.0,scratch,full,200
89,0,0.615,0.98,0.98,0.91,4.455,4.485,4.485,0.0,0.22623731195926666,1.2029221057891846,0.62,0.0,0.365,0.365,0.0,0.8219897959183675,0.49017795559560995,-0.0027040816326530624,0.4804054636938963,0.05,0.8246938775510203,0.0,0.0,0.0,0.05,16.915,0.0,scratch,full,200
90,0,0.625,0.98,0.98,0.89,4.41,4.485,4.485,0.0,0.25500965118408203,1.2086948156356812,0.63,0.0,0.355,0.355,0.0,0.8226530612244898,0.49214180743948616,-0.0020408163265306124,0.4830956403410528,0.05,0.8246938775510203,0.0,0.0,0.0,0.05,16.98,0.0,scratch,full,200
91,0,0.65,0.98,0.98,0.905,4.555,4.485,4.485,0.0,0.21582534909248352,1.1722432374954224,0.655,0.0,0.33,0.33,0.0,0.8211734693877552,0.48081960171637145,-0.00352040816326531,0.4776962186268065,0.05,0.8246938775510203,0.0,0.0,0.0,0.05,16.835,0.0,scratch,full,200
92,0,0.655,0.98,0.98,0.91,4.655,4.485,4.485,0.0,0.20201599597930908,1.1835713386535645,0.66,0.0,0.325,0.325,0.0,0.8236224489795919,0.48689642349116147,-0.001071428571428576,0.48235625759349204,0.05,0.8246938775510203,0.0,0.0,0.0,0.05,17.075,0.0,scratch,full,200
93,0,0.63,0.98,0.98,0.905,4.405,4.485,4.485,0.0,0.19035226106643677,1.188330054283142,0.635,0.0,0.35,0.35,0.0,0.8225,0.4827853271643018,-0.0021938775510204124,0.4811785122065339,0.05,0.8246938775510203,0.0,0.0,0.0,0.05,16.965,0.0,scratch,full,200
94,0,0.635,0.98,0.98,0.905,4.5,4.485,4.485,0.0,0.21665722131729126,1.17638099193573,0.64,0.0,0.345,0.345,0.0,0.8223979591836735,0.48512232380181375,-0.002295918367346942,0.48272898033843376,0.05,0.8246938775510203,0.0,0.0,0.0,0.05,16.955,0.0,scratch,full,200
95,0,0.635,0.98,0.98,0.9,4.555,4.485,4.485,0.0,0.2187620997428894,1.173351764678955,0.64,0.0,0.345,0.345,0.0,0.8218877551020409,0.48465336793610553,-0.0028061224489795964,0.4831602998508606,0.05,0.8246938775510203,0.0,0.0,0.0,0.05,16.905,0.0,scratch,full,200
96,0,0.645,0.98,0.98,0.895,4.565,4.485,4.485,0.0,0.2261788249015808,1.1743323802947998,0.65,0.0,0.335,0.335,0.0,0.8217346938775509,0.48389781068942633,-0.0029591836734693916,0.4820449457003269,0.05,0.8246938775510203,0.0,0.0,0.0,0.05,16.89,0.0,scratch,full,200
97,0,0.64,0.98,0.98,0.89,4.555,4.485,4.485,0.0,0.2474030703306198,1.1719940900802612,0.645,0.0,0.34,0.34,0.0,0.8220408163265307,0.48477854957445116,-0.0026530612244897995,0.48312089119688606,0.05,0.8246938775510203,0.0,0.0,0.0,0.05,16.92,0.0,scratch,full,200
98,0,0.645,0.98,0.98,0.89,4.535,4.485,4.485,0.0,0.23332002758979797,1.1730527877807617,0.65,0.0,0.335,0.335,0.0,0.8221938775510205,0.4840125962897648,-0.0025000000000000044,0.4826360715611372,0.05,0.8246938775510203,0.0,0.0,0.0,0.05,16.935,0.0,scratch,full,200
99,0,0.64,0.98,0.98,0.895,4.475,4.485,4.485,0.0,0.23594240844249725,1.171525478363037,0.645,0.0,0.34,0.34,0.0,0.8220918367346939,0.48442508891551445,-0.0026020408163265354,0.4822606277896557,0.05,0.8246938775510203,0.0,0.0,0.0,0.05,16.925,0.0,scratch,full,200
100,0,0.64,0.98,0.98,0.895,4.48,4.485,4.485,0.0,0.2370927631855011,1.1707799434661865,0.645,0.0,0.34,0.34,0.0,0.8217857142857143,0.48363542057082587,-0.002908163265306126,0.4817184317542706,0.05,0.8246938775510203,0.0,0.0,0.0,0.05,16.895,0.0,scratch,full,200
0,0,0.085,0.98,0.88,0.875,5.92,4.485,4.385,0.2722904682159424,0.329533189535141,1.8394066095352173,0.09,0.1,0.895,0.81,10.0,0.850561224489796,0.5981794121635886,0.025867346938775508,0.5913978515937924,0.05,0.844795918367347,0.5859170772430334,0.020102040816326525,0.5796987553313374,0.05,2.1,1.535,scratch,low_score_rescue_10,200
1,0,0.245,0.98,0.93,0.91,5.035,4.485,4.445,0.10982821136713028,0.1860502064228058,1.5561797618865967,0.25,0.05,0.735,0.695,10.0,0.8143367346938776,0.42891192479647533,-0.01035714285714286,0.4302141159196617,0.05,0.8159183673469389,0.4331658963518437,-0.008775510204081637,0.43940737231256205,0.05,1.575,1.73,scratch,low_score_rescue_10,200
2,0,0.33,0.98,0.92,0.925,4.16,4.485,4.435,0.14531931281089783,0.1467667520046234,1.4371551275253296,0.33,0.06,0.655,0.595,10.0,0.8189285714285713,0.4438904362952461,-0.005765306122448981,0.4415725658420706,0.05,0.8192857142857142,0.44926878696422506,-0.005408163265306127,0.4459639621444512,0.05,1.58,1.615,scratch,low_score_rescue_10,200
3,0,0.405,0.98,0.92,0.935,4.26,4.485,4.26,0.14552094042301178,0.0956195741891861,1.3666189908981323,0.415,0.065,0.575,0.525,10.0,0.7999489795918368,0.39417209585793117,-0.02474489795918368,0.40634801110209084,0.05,0.8036224489795917,0.40723627766320747,-0.021071428571428578,0.41366844210613635,0.05,1.46,1.82,scratch,low_score_rescue_10,200
4,0,0.395,0.98,0.91,0.885,4.215,4.485,4.34,0.20413018763065338,0.26716285943984985,1.3698053359985352,0.4,0.07,0.585,0.52,10.0,0.8385714285714285,0.4995701776938666,0.013877551020408158,0.49555071607697754,0.05,0.8380612244897959,0.49989671057153506,0.013367346938775504,0.49241777416435073,0.05,1.79,1.74,scratch,low_score_rescue_10,200
5,0,0.385,0.98,0.89,0.88,4.49,4.485,4.365,0.24218325316905975,0.2964308261871338,1.3537172079086304,0.395,0.09,0.595,0.515,10.0,0.8423469387755103,0.5081197462609758,0.017653061224489796,0.4975720969408576,0.05,0.8397448979591837,0.5032302281542425,0.015051020408163265,0.4957886045014311,0.05,1.885,1.63,scratch,low_score_rescue_10,200
6,0,0.39,0.98,0.915,0.895,4.76,4.485,4.435,0.20640422403812408,0.22012916207313538,1.306816577911377,0.395,0.065,0.595,0.535,10.0,0.8342346938775509,0.4875415421325408,0.00954081632653061,0.48454262995233877,0.05,0.8317346938775511,0.48456679534922575,0.007040816326530608,0.47630095622691443,0.05,1.83,1.585,scratch,low_score_rescue_10,200
7,0,0.465,0.98,0.89,0.85,4.465,4.485,4.37,0.24841749668121338,0.3670388162136078,1.2442070245742798,0.475,0.09,0.515,0.435,10.0,0.8395408163265308,0.4950237287203364,0.014846938775510198,0.4966524912187015,0.05,0.835,0.4895997192196841,0.01030612244897959,0.4835456987601356,0.05,1.84,1.395,scratch,low_score_rescue_10,200
8,0,0.45,0.98,0.9,0.895,4.515,4.485,4.275,0.23240824043750763,0.23370333015918732,1.1954874992370605,0.46,0.08,0.53,0.465,10.0,0.8321938775510205,0.4786147676345629,0.007499999999999995,0.4796230797911994,0.05,0.8282142857142858,0.46305054101300097,0.0035204081632653024,0.4663729933882132,0.05,1.825,1.435,scratch,low_score_rescue_10,200
9,0,0.52,0.98,0.925,0.905,4.575,4.485,4.385,0.14798715710639954,0.19672664999961853,1.142921805381775,0.53,0.055,0.46,0.415,10.0,0.8338775510204082,0.48910659517626337,0.009183673469387752,0.485482725125039,0.05,0.8310714285714286,0.4899528365269439,0.006377551020408157,0.4884197496774141,0.05,1.825,1.55,scratch,low_score_rescue_10,200
10,0,0.475,0.98,0.92,0.89,3.54,4.485,4.455,0.1747349202632904,0.1993945837020874,1.1682096719741821,0.485,0.06,0.505,0.445,10.0,0.830204081632653,0.4858358057728264,0.005510204081632647,0.4876703006285243,0.05,0.8295408163265305,0.48237292540681775,0.0048469387755102015,0.48143266099272297,0.05,1.7,1.635,scratch,low_score_rescue_10,200
11,0,0.48,0.98,0.905,0.895,5.465,4.485,4.355,0.19186049699783325,0.22314444184303284,1.117814302444458,0.485,0.075,0.5,0.455,10.0,0.8164285714285714,0.46583361413355534,-0.008265306122448985,0.4679929154086858,0.05,0.8169387755102042,0.47091515275765156,-0.007755102040816333,0.4637300421716645,0.05,1.63,1.68,scratch,low_score_rescue_10,200
12,0,0.52,0.98,0.94,0.885,4.16,4.485,4.555,0.14013099670410156,0.22476904094219208,1.0455414056777954,0.52,0.045,0.465,0.44,10.0,0.8301020408163265,0.5188044837266826,0.005408163265306116,0.5257091185217724,0.05,0.8270408163265307,0.5102936622544832,0.0023469387755101993,0.50710822917521,0.05,1.72,1.42,scratch,low_score_rescue_10,200
13,0,0.56,0.98,0.88,0.88,4.83,4.485,4.39,0.24063421785831451,0.30178216099739075,1.0433363914489746,0.57,0.1,0.42,0.355,10.0,0.8452551020408162,0.5747651571414244,0.020561224489795915,0.5665341741859448,0.05,0.8393367346938776,0.5573709192452689,0.014642857142857133,0.5500619506696239,0.05,2.065,1.485,scratch,low_score_rescue_10,200
14,0,0.515,0.98,0.9,0.915,4.645,4.485,4.43,0.21349789202213287,0.20505237579345703,1.0445775985717773,0.525,0.08,0.465,0.41,10.0,0.8266326530612244,0.4785276379377791,0.0019387755102040782,0.4847500848257914,0.05,0.8240306122448979,0.4757368487735354,-0.0006632653061224519,0.47920204092748464,0.05,1.77,1.515,scratch,low_score_rescue_10,200
15,0,0.54,0.98,0.91,0.9,4.37,4.485,4.42,0.198781818151474,0.22331590950489044,0.9693132042884827,0.55,0.07,0.44,0.395,10.0,0.8311224489795919,0.5179103533434529,0.006428571428571426,0.5278937217406928,0.05,0.8248469387755102,0.4930698613596919,0.00015306122448979442,0.5000993195828051,0.05,1.96,1.345,scratch,low_score_rescue_10,200
16,0,0.52,0.98,0.925,0.91,3.595,4.485,4.475,0.15172310173511505,0.18492676317691803,1.037735939025879,0.525,0.055,0.46,0.415,10.0,0.8106632653061224,0.44954938263656447,-0.014030612244897963,0.4711013936344534,0.05,0.8104081632653061,0.44370574885250486,-0.014285714285714292,0.4623467327281833,0.05,1.63,1.605,scratch,low_score_rescue_10,200
17,0,0.535,0.98,0.89,0.88,4.765,4.485,4.44,0.28410565853118896,0.2831459939479828,1.045230507850647,0.55,0.09,0.445,0.39,10.0,0.8346428571428571,0.5399826696176163,0.00994897959183673,0.5324807909317315,0.05,0.8271428571428572,0.5116825452968146,0.0024489795918367337,0.5046215349994599,0.05,2.01,1.275,scratch,low_score_rescue_10,200
18,0,0.505,0.98,0.875,0.87,4.63,4.485,4.405,0.30415093898773193,0.24686996638774872,1.0347774028778076,0.52,0.105,0.475,0.41,10.0,0.8436224489795918,0.5530317639046832,0.018928571428571427,0.5555353314988315,0.05,0.8380102040816326,0.53334724729866,0.013316326530612243,0.5403655753470957,0.05,1.955,1.405,scratch,low_score_rescue_10,200
19,0,0.505,0.98,0.92,0.895,5.025,4.485,4.455,0.17920516431331635,0.2212047427892685,1.070145606994629,0.505,0.06,0.475,0.445,10.0,0.8358673469387756,0.5117417027445529,0.011173469387755102,0.523663214109838,0.05,0.8307653061224491,0.49758294649024,0.006071428571428568,0.5090028158016503,0.05,1.89,1.39,scratch,low_score_rescue_10,200
20,0,0.55,0.98,0.91,0.88,4.39,4.485,4.465,0.21733425557613373,0.30029118061065674,1.0001431703567505,0.565,0.07,0.43,0.38,10.0,0.8562244897959184,0.5968074727822036,0.031530612244897956,0.5779564489517361,0.05,0.8494897959183674,0.5730400350835624,0.02479591836734693,0.5613670629821718,0.05,2.075,1.415,scratch,low_score_rescue_10,200
21,0,0.525,0.98,0.88,0.895,4.555,4.485,4.3,0.24593883752822876,0.23119381070137024,1.1074501276016235,0.53,0.1,0.455,0.385,10.0,0.8282142857142856,0.49327063251086645,0.003520408163265303,0.4934713735245168,0.05,0.8258163265306122,0.4788982890017244,0.0011224489795918352,0.4858086838014424,0.05,1.78,1.545,scratch,low_score_rescue_10,200
22,0,0.525,0.98,0.87,0.845,4.885,4.485,4.3,0.3202536106109619,0.345848947763443,1.0672231912612915,0.53,0.11,0.455,0.39,10.0,0.8357653061224489,0.5255624809933255,0.011071428571428567,0.5267420046869665,0.05,0.8326020408163265,0.5150668955770119,0.007908163265306117,0.5209095542877913,0.05,1.83,1.52,scratch,low_score_rescue_10,200
23,0,0.51,0.98,0.895,0.885,4.12,4.485,4.46,0.21654540300369263,0.2591813802719116,1.0802313089370728,0.52,0.085,0.47,0.405,10.0,0.8372448979591838,0.5161537769127232,0.012551020408163258,0.513314311299473,0.05,0.8325510204081632,0.5076489605671065,0.007857142857142849,0.5059521424397826,0.05,1.86,1.4,scratch,low_score_rescue_10,200
24,0,0.535,0.98,0.88,0.865,4.735,4.485,4.33,0.28111156821250916,0.2955583333969116,1.0170315504074097,0.54,0.1,0.445,0.375,10.0,0.8232142857142857,0.511293379141912,-0.0014795918367346988,0.5129422514140606,0.05,0.8203061224489797,0.5004857757056561,-0.004387755102040816,0.4962176924012601,0.05,1.81,1.525,scratch,low_score_rescue_10,200
25,0,0.495,0.98,0.92,0.915,4.385,4.485,4.47,0.1355997920036316,0.203299880027771,1.0705267190933228,0.5,0.06,0.485,0.44,10.0,0.8347448979591837,0.5266113993325093,0.010051020408163263,0.5243331762962044,0.05,0.832295918367347,0.5217371371435151,0.007602040816326527,0.5139082051906735,0.05,1.79,1.55,scratch,low_score_rescue_10,200
26,0,0.61,0.98,0.87,0.885,4.235,4.485,4.375,0.27162179350852966,0.27558621764183044,0.985705554485321,0.615,0.11,0.375,0.305,10.0,0.8253571428571428,0.5109940338747306,0.0006632653061224503,0.5105679106898606,0.05,0.823265306122449,0.5052634511799382,-0.0014285714285714325,0.5017488812375813,0.05,1.81,1.605,scratch,low_score_rescue_10,200
27,0,0.555,0.98,0.91,0.895,4.155,4.485,4.34,0.1914130598306656,0.2365342676639557,0.9984036087989807,0.56,0.07,0.425,0.375,10.0,0.8276530612244898,0.5067462189028733,0.002959183673469384,0.504102134834975,0.05,0.8243877551020408,0.4914714005285502,-0.0003061224489795894,0.4871677097678184,0.05,1.78,1.46,scratch,low_score_rescue_10,200
28,0,0.565,0.98,0.92,0.915,4.145,4.485,4.355,0.19859302043914795,0.16851593554019928,1.0218144655227661,0.565,0.065,0.42,0.37,10.0,0.8281122448979592,0.49981822795899133,0.0034183673469387714,0.5034871407272294,0.05,0.8240816326530611,0.4824179281106663,-0.0006122448979591849,0.48716900042723865,0.05,1.78,1.385,scratch,low_score_rescue_10,200
29,0,0.59,0.98,0.895,0.88,4.445,4.485,4.4,0.20608581602573395,0.25200438499450684,0.97713303565979,0.595,0.085,0.39,0.34,10.0,0.8386734693877551,0.5423781010746905,0.01397959183673469,0.539566310653463,0.05,0.8332142857142856,0.5271518656209342,0.008520408163265299,0.5219155129417777,0.05,2.0,1.465,scratch,low_score_rescue_10,200
30,0,0.56,0.98,0.9,0.875,4.45,4.485,4.305,0.22278131544589996,0.3332306146621704,1.0560998916625977,0.565,0.08,0.42,0.36,10.0,0.839591836734694,0.5271573378419786,0.01489795918367346,0.5360094235185534,0.05,0.8344387755102042,0.5138608186964122,0.009744897959183669,0.5235954299662262,0.05,1.985,1.48,scratch,low_score_rescue_10,200
31,0,0.575,0.98,0.905,0.87,4.39,4.485,4.545,0.19349031150341034,0.28684571385383606,1.0358415842056274,0.575,0.075,0.41,0.35,10.0,0.835561224489796,0.5577239467976618,0.010867346938775503,0.5509199389861896,0.05,0.8308163265306123,0.5294031228691308,0.00612244897959183,0.5335482265520841,0.05,1.885,1.42,scratch,low_score_rescue_10,200
32,0,0.54,0.98,0.895,0.865,4.59,4.485,4.425,0.23552913963794708,0.2791281044483185,1.101324200630188,0.545,0.09,0.44,0.375,10.0,0.8266836734693876,0.49475225294478836,0.0019897959183673413,0.5038163246121258,0.05,0.8227551020408163,0.4822944291647115,-0.001938775510204087,0.492096821051091,0.05,1.805,1.42,scratch,low_score_rescue_10,200
33,0,0.55,0.98,0.935,0.91,4.29,4.485,4.425,0.11661617457866669,0.2087780237197876,1.0835304260253906,0.555,0.045,0.435,0.405,10.0,0.8275,0.48335391279864065,0.0028061224489795856,0.4982848563417792,0.05,0.8229081632653061,0.4812207001450702,-0.0017857142857142837,0.4875613865070045,0.05,1.785,1.335,scratch,low_score_rescue_10,200
34,0,0.55,0.98,0.895,0.87,4.44,4.485,4.475,0.1834649294614792,0.2791995704174042,1.1006805896759033,0.555,0.09,0.43,0.375,10.0,0.8218367346938774,0.48788750994926977,-0.002857142857142862,0.49172598384320737,0.05,0.8192857142857142,0.4781361560704086,-0.005408163265306128,0.48080553812906146,0.05,1.735,1.485,scratch,low_score_rescue_10,200
35,0,0.545,0.98,0.92,0.91,4.54,4.485,4.37,0.18590301275253296,0.1981571614742279,1.0672720670700073,0.55,0.06,0.435,0.4,10.0,0.8333673469387755,0.5094814715218344,0.008673469387755097,0.5102986335125752,0.05,0.8281122448979593,0.49671921108453815,0.0034183673469387705,0.5006642203521915,0.05,1.86,1.345,scratch,low_score_rescue_10,200
36,0,0.57,0.98,0.915,0.905,4.485,4.485,4.465,0.16655364632606506,0.1709163635969162,1.0663899183273315,0.58,0.065,0.41,0.37,10.0,0.8223979591836735,0.47519755899264216,-0.0022959183673469464,0.4782120805978775,0.05,0.8201020408163265,0.46643413500573433,-0.00459183673469388,0.46464368581771853,0.05,1.685,1.46,scratch,low_score_rescue_10,200
37,0,0.525,0.98,0.9,0.885,4.32,4.485,4.33,0.19113276898860931,0.26524418592453003,1.200791358947754,0.535,0.085,0.455,0.39,10.0,0.822908163265306,0.47665461501017004,-0.0017857142857142926,0.4905952213704586,0.05,0.8210204081632653,0.473768327936958,-0.003673469387755103,0.4839597882144153,0.05,1.68,1.495,scratch,low_score_rescue_10,200
38,0,0.57,0.98,0.9,0.89,4.395,4.485,4.225,0.2227354794740677,0.2592470943927765,1.0693761110305786,0.58,0.085,0.41,0.355,10.0,0.8216326530612246,0.4721185321957246,-0.00306122448979592,0.48131191940046847,0.05,0.8186734693877551,0.4615003569838266,-0.0060204081632653055,0.4698229082580656,0.05,1.715,1.425,scratch,low_score_rescue_10,200
39,0,0.585,0.98,0.9,0.88,4.365,4.485,4.36,0.22083473205566406,0.25087228417396545,1.0331207513809204,0.59,0.08,0.395,0.345,10.0,0.8233673469387756,0.4783601657016648,-0.001326530612244899,0.4774626740440726,0.05,0.8193877551020408,0.45956463461552854,-0.005306122448979595,0.4660415177792311,0.05,1.8,1.41,scratch,low_score_rescue_10,200
40,0,0.57,0.98,0.925,0.915,4.48,4.485,4.465,0.10771887004375458,0.178660050034523,1.0457781553268433,0.575,0.06,0.41,0.365,10.0,0.8195918367346939,0.4691538722634762,-0.005102040816326535,0.4657059958856553,0.05,0.8175510204081633,0.46414406650022977,-0.007142857142857144,0.4609511477779597,0.05,1.695,1.495,scratch,low_score_rescue_10,200
41,0,0.585,0.98,0.91,0.9,4.09,4.485,4.49,0.18746469914913177,0.23295536637306213,1.0904982089996338,0.595,0.075,0.395,0.345,10.0,0.8236734693877551,0.47802216587304736,-0.0010204081632653106,0.4776873005926609,0.05,0.8216326530612243,0.4709107833363465,-0.0030612244897959195,0.47445661207661033,0.05,1.775,1.575,scratch,low_score_rescue_10,200
42,0,0.6,0.98,0.91,0.885,4.47,4.485,4.375,0.18818317353725433,0.2788851857185364,0.9925799369812012,0.61,0.07,0.38,0.33,10.0,0.8351530612244897,0.5324452604455798,0.010459183673469385,0.5253550105169416,0.05,0.8308673469387756,0.5168273432090691,0.0061734693877551015,0.5131161521375179,0.05,1.955,1.535,scratch,low_score_rescue_10,200
43,0,0.59,0.98,0.94,0.92,4.43,4.485,4.415,0.11302942037582397,0.172123521566391,1.0268545150756836,0.6,0.04,0.39,0.355,10.0,0.825612244897959,0.4944934358615207,0.0009183673469387716,0.500288462722674,0.05,0.8201530612244897,0.4770398431107992,-0.004540816326530617,0.48213420374318955,0.05,1.86,1.325,scratch,low_score_rescue_10,200
44,0,0.555,0.98,0.92,0.88,4.505,4.485,4.41,0.2001948207616806,0.28557881712913513,1.070326566696167,0.565,0.065,0.425,0.39,10.0,0.837091836734694,0.5327695948761358,0.012397959183673464,0.5337796610407531,0.05,0.8330102040816327,0.5175314946309443,0.008316326530612242,0.5216626914218068,0.05,1.9,1.5,scratch,low_score_rescue_10,200
45,0,0.56,0.98,0.9,0.91,4.4,4.485,4.435,0.21626147627830505,0.22116458415985107,1.025266170501709,0.57,0.08,0.42,0.365,10.0,0.8282142857142858,0.5017591651293869,0.0035204081632653024,0.5055764010921121,0.05,0.8228061224489795,0.4822531875635333,-0.0018877551020408207,0.4808405326469801,0.05,1.925,1.395,scratch,low_score_rescue_10,200
46,0,0.59,0.98,0.905,0.88,4.44,4.485,4.365,0.19103267788887024,0.2396082729101181,1.0938245058059692,0.595,0.08,0.39,0.34,10.0,0.8347448979591837,0.5290908567226656,0.010051020408163261,0.5273688523471356,0.05,0.8301020408163265,0.5164310199485277,0.0054081632653061205,0.5060082463361323,0.05,1.855,1.4,scratch,low_score_rescue_10,200
47,0,0.595,0.98,0.89,0.865,4.445,4.485,4.28,0.242121621966362,0.28121986985206604,1.1212064027786255,0.605,0.09,0.385,0.325,10.0,0.8291836734693878,0.5128895574246702,0.004489795918367344,0.5186427054088563,0.05,0.8261734693877552,0.4986641357979647,0.0014795918367346882,0.5045103127043694,0.05,1.84,1.545,scratch,low_score_rescue_10,200
48,0,0.57,0.98,0.895,0.845,3.885,4.485,4.265,0.27108344435691833,0.3548172116279602,1.1778415441513062,0.575,0.09,0.41,0.34,10.0,0.8221938775510204,0.4895736623306887,-0.002500000000000004,0.5026198037806898,0.05,0.8198469387755103,0.4802286733359147,-0.004846938775510204,0.49185746020637455,0.05,1.81,1.58,scratch,low_score_rescue_10,200
49,0,0.58,0.98,0.9,0.9,4.275,4.485,4.32,0.21227909624576569,0.2218581736087799,1.1593639850616455,0.585,0.085,0.4,0.345,10.0,0.8259183673469388,0.47512737843767566,0.0012244897959183625,0.5003946525137871,0.05,0.8225,0.4667854405353936,-0.002193877551020411,0.4929151088744402,0.05,1.74,1.405,scratch,low_score_rescue_10,200
50,0,0.595,0.98,0.9,0.87,4.675,4.485,4.38,0.1997338831424713,0.2554008960723877,1.0618647336959839,0.605,0.08,0.385,0.335,10.0,0.8288775510204082,0.5054749142291304,0.004183673469387747,0.5036678745038807,0.05,0.8256122448979591,0.49096980287400693,0.0009183673469387737,0.4926446480862796,0.05,1.795,1.475,scratch,low_score_rescue_10,200
51,0,0.605,0.98,0.89,0.89,4.49,4.485,4.39,0.2133827656507492,0.20447419583797455,1.1121716499328613,0.61,0.09,0.375,0.325,10.0,0.8223979591836735,0.4846419490689675,-0.0022959183673469403,0.49746224826201796,0.05,0.8185714285714286,0.46750592432123195,-0.006122448979591843,0.4826784243248403,0.05,1.715,1.34,scratch,low_score_rescue_10,200
52,0,0.595,0.98,0.905,0.9,4.125,4.485,4.39,0.18372315168380737,0.23859691619873047,1.1696897745132446,0.605,0.075,0.385,0.33,10.0,0.8257142857142857,0.4888698291433008,0.0010204081632653045,0.49319172100163994,0.05,0.8219897959183675,0.47429134995514793,-0.002704081632653066,0.4774306507594883,0.05,1.83,1.465,scratch,low_score_rescue_10,200
53,0,0.59,0.98,0.905,0.875,4.16,4.485,4.415,0.19241668283939362,0.28642839193344116,1.0924698114395142,0.6,0.075,0.39,0.34,10.0,0.8251530612244897,0.48845762435062723,0.0004591836734693855,0.5045811896119267,0.05,0.819795918367347,0.4679926677483102,-0.004897959183673469,0.48142601885367187,0.05,1.895,1.37,scratch,low_score_rescue_10,200
54,0,0.605,0.98,0.9,0.89,4.585,4.485,4.265,0.2346755564212799,0.2717207074165344,1.0239744186401367,0.61,0.085,0.375,0.335,10.0,0.8288775510204082,0.5062048138231284,0.004183673469387751,0.5112313588988036,0.05,0.8252551020408164,0.48675283634227595,0.0005612244897959146,0.4913046573661268,0.05,1.855,1.5,scratch,low_score_rescue_10,200
55,0,0.62,0.98,0.9,0.905,4.44,4.485,4.465,0.2387179583311081,0.21650604903697968,1.117210030555725,0.63,0.08,0.36,0.305,10.0,0.8261224489795919,0.5066577445270148,0.0014285714285714258,0.5022422091173939,0.05,0.8224489795918367,0.4964360858671634,-0.0022448979591836783,0.4940945609472692,0.05,1.805,1.445,scratch,low_score_rescue_10,200
56,0,0.58,0.98,0.905,0.865,4.625,4.485,4.39,0.2406870275735855,0.3829805850982666,1.0922714471817017,0.59,0.08,0.4,0.35,10.0,0.8308163265306123,0.5198060478386636,0.006122448979591835,0.527613079007715,0.05,0.8258673469387756,0.49619975325431337,0.0011734693877550962,0.5074205437675119,0.05,1.975,1.49,scratch,low_score_rescue_10,200
57,0,0.595,0.98,0.925,0.92,4.34,4.485,4.43,0.1349833607673645,0.15816032886505127,1.1180781126022339,0.605,0.055,0.385,0.345,10.0,0.8231632653061223,0.48430620217683185,-0.001530612244897967,0.4857268199324608,0.05,0.8203061224489795,0.47454353829949203,-0.00438775510204082,0.47685673862695693,0.05,1.8,1.52,scratch,low_score_rescue_10,200
58,0,0.605,0.98,0.885,0.87,4.775,4.485,4.46,0.2601701319217682,0.31245437264442444,1.126783013343811,0.61,0.095,0.375,0.325,10.0,0.8217346938775509,0.49807342759296563,-0.0029591836734693933,0.5089054574258626,0.05,0.8202551020408163,0.4869354666073118,-0.004438775510204083,0.49733882789500056,0.05,1.7,1.555,scratch,low_score_rescue_10,200
59,0,0.615,0.98,0.915,0.875,4.285,4.485,4.43,0.19368265569210052,0.29914355278015137,1.123719334602356,0.625,0.065,0.365,0.315,10.0,0.8166326530612245,0.48779117098457125,-0.008061224489795921,0.4948008117545396,0.05,0.8156122448979591,0.4736080953035479,-0.00908163265306123,0.4829850471485406,0.05,1.75,1.65,scratch,low_score_rescue_10,200
60,0,0.59,0.98,0.91,0.9,4.365,4.485,4.43,0.21559859812259674,0.22437366843223572,1.1882541179656982,0.6,0.075,0.39,0.35,10.0,0.815,0.4660753025381529,-0.009693877551020413,0.47410708078183234,0.05,0.8127551020408162,0.4491223364654978,-0.011938775510204083,0.4552671861369163,0.05,1.735,1.515,scratch,low_score_rescue_10,200
61,0,0.59,0.98,0.895,0.885,4.3,4.485,4.415,0.23446659743785858,0.25727948546409607,1.185926079750061,0.6,0.085,0.39,0.325,10.0,0.8186734693877551,0.48829119662268505,-0.0060204081632653115,0.48960622370941564,0.05,0.8156122448979591,0.4665410860328861,-0.009081632653061228,0.47580551794497294,0.05,1.775,1.475,scratch,low_score_rescue_10,200
62,0,0.575,0.98,0.875,0.86,4.425,4.485,4.36,0.3059324324131012,0.30450639128685,1.2047920227050781,0.585,0.105,0.405,0.34,10.0,0.8237755102040816,0.49915468565820753,-0.0009183673469387799,0.5012710207793861,0.05,0.8216836734693878,0.4899423435094498,-0.003010204081632655,0.4910394542757422,0.05,1.75,1.545,scratch,low_score_rescue_10,200
63,0,0.61,0.98,0.915,0.9,4.55,4.485,4.375,0.16735957562923431,0.1954001635313034,1.084306001663208,0.615,0.065,0.37,0.32,10.0,0.8191326530612245,0.49275005773419056,-0.005561224489795925,0.49778162662638353,0.05,0.8164795918367347,0.47204393527669014,-0.00821428571428572,0.4854098698310554,0.05,1.785,1.525,scratch,low_score_rescue_10,200
64,0,0.605,0.98,0.895,0.875,4.32,4.485,4.445,0.2397640198469162,0.25089895725250244,1.1341347694396973,0.615,0.09,0.375,0.32,10.0,0.8209693877551021,0.49131279949730405,-0.0037244897959183756,0.49947935095988216,0.05,0.8175,0.47262277406457864,-0.00719387755102041,0.485212354818359,0.05,1.845,1.505,scratch,low_score_rescue_10,200
65,0,0.62,0.98,0.905,0.88,4.415,4.485,4.435,0.20322144031524658,0.291253000497818,1.1008068323135376,0.63,0.075,0.36,0.3,10.0,0.8172448979591838,0.4738888234901813,-0.00744897959183674,0.4850012168753892,0.05,0.8154081632653061,0.47427450245299047,-0.009285714285714291,0.4814735864941031,0.05,1.715,1.535,scratch,low_score_rescue_10,200
66,0,0.615,0.98,0.875,0.9,4.545,4.485,4.45,0.28554514050483704,0.24064701795578003,1.0782113075256348,0.625,0.105,0.365,0.285,10.0,0.8185714285714286,0.4877926806392051,-0.006122448979591839,0.4930927484482527,0.05,0.8177040816326531,0.4753373097144921,-0.006989795918367352,0.47469881222583354,0.05,1.615,1.53,scratch,low_score_rescue_10,200
67,0,0.615,0.98,0.905,0.88,4.63,4.485,4.32,0.2020738273859024,0.284104585647583,1.1035606861114502,0.625,0.075,0.365,0.305,10.0,0.8266326530612244,0.5003442388974091,0.0019387755102040765,0.5006292481115088,0.05,0.8223979591836735,0.47639048237730186,-0.002295918367346947,0.4801156910788268,0.05,1.82,1.405,scratch,low_score_rescue_10,200
68,0,0.62,0.98,0.915,0.88,4.365,4.485,4.47,0.2047581821680069,0.32084277272224426,1.0656580924987793,0.63,0.065,0.36,0.31,10.0,0.8223469387755102,0.4971400045357748,-0.002346938775510208,0.49415588592877613,0.05,0.8204081632653061,0.4886149488120686,-0.004285714285714285,0.4809676476474851,0.05,1.69,1.5,scratch,low_score_rescue_10,200
69,0,0.6,0.98,0.88,0.88,4.555,4.485,4.425,0.2694011330604553,0.2863946259021759,1.134792685508728,0.61,0.1,0.38,0.325,10.0,0.8177040816326531,0.4736587814758259,-0.006989795918367352,0.4724631454306655,0.05,0.8131632653061226,0.4583471572847028,-0.011530612244897964,0.4599207430519164,0.05,1.935,1.49,scratch,low_score_rescue_10,200
70,0,0.58,0.98,0.91,0.895,4.145,4.485,4.405,0.17047815024852753,0.25644031167030334,1.225256323814392,0.59,0.07,0.4,0.355,10.0,0.8213265306122449,0.4965140215946905,-0.0033673469387755185,0.49456784952431915,0.05,0.8178571428571427,0.47654439926740316,-0.006836734693877555,0.48067082808353007,0.05,1.8,1.46,scratch,low_score_rescue_10,200
71,0,0.59,0.98,0.915,0.885,4.545,4.485,4.45,0.15911777317523956,0.21753299236297607,1.125770926475525,0.595,0.065,0.39,0.345,10.0,0.8187244897959184,0.47890951717992203,-0.005969387755102044,0.49249867496080696,0.05,0.8161734693877551,0.4660301571420196,-0.008520408163265308,0.4793777555320412,0.05,1.8,1.55,scratch,low_score_rescue_10,200
72,0,0.61,0.98,0.915,0.92,4.445,4.485,4.42,0.15705467760562897,0.12464123964309692,1.0866107940673828,0.62,0.065,0.37,0.335,10.0,0.8191326530612244,0.49349994107516415,-0.005561224489795918,0.4937685733754188,0.05,0.8170408163265306,0.48220909503111836,-0.007653061224489799,0.48590395010076465,0.05,1.695,1.49,scratch,low_score_rescue_10,200
73,0,0.59,0.98,0.88,0.9,4.39,4.485,4.425,0.25350943207740784,0.22919544577598572,1.1870313882827759,0.6,0.1,0.39,0.33,10.0,0.8218877551020407,0.5021025160266785,-0.002806122448979596,0.5006261527724564,0.05,0.8191836734693878,0.4876645650999043,-0.005510204081632655,0.4874488538689911,0.05,1.75,1.485,scratch,low_score_rescue_10,200
74,0,0.6,0.98,0.91,0.9,4.5,4.485,4.455,0.18577700853347778,0.2293614149093628,1.137760043144226,0.61,0.07,0.38,0.335,10.0,0.8187244897959184,0.48889384421520216,-0.0059693877551020465,0.48762325091520325,0.05,0.8160204081632654,0.47479066082984717,-0.008673469387755109,0.47703716937219726,0.05,1.705,1.44,scratch,low_score_rescue_10,200
75,0,0.605,0.98,0.91,0.88,4.52,4.485,4.535,0.19325482845306396,0.27533459663391113,1.1479859352111816,0.615,0.07,0.375,0.335,10.0,0.8255102040816327,0.5150634228329377,0.0008163265306122392,0.5113839035737329,0.05,0.8219387755102041,0.4955175248185775,-0.0027551020408163283,0.4920090543013066,0.05,1.785,1.435,scratch,low_score_rescue_10,200
76,0,0.59,0.98,0.905,0.865,4.305,4.485,4.52,0.17647643387317657,0.26407086849212646,1.1828818321228027,0.6,0.075,0.39,0.33,10.0,0.8239285714285713,0.5128984587286989,-0.0007653061224489827,0.5107374574895949,0.05,0.8208163265306123,0.49490773420445544,-0.0038775510204081664,0.4965816466137767,0.05,1.7,1.395,scratch,low_score_rescue_10,200
77,0,0.605,0.98,0.905,0.85,4.44,4.485,4.4,0.16787602007389069,0.30019423365592957,1.1416419744491577,0.615,0.075,0.375,0.33,10.0,0.8240306122448979,0.5119359429685547,-0.0006632653061224548,0.505512661151588,0.05,0.8221938775510204,0.49574449524568404,-0.0025000000000000027,0.4894514785800129,0.05,1.685,1.505,scratch,low_score_rescue_10,200
78,0,0.615,0.98,0.89,0.875,4.605,4.485,4.42,0.2591075599193573,0.29425957798957825,1.1455955505371094,0.625,0.09,0.365,0.3,10.0,0.8213775510204081,0.5014850918346659,-0.0033163265306122504,0.4985810601245612,0.05,0.8182142857142858,0.48819692819730265,-0.006479591836734699,0.48351120672188697,0.05,1.795,1.485,scratch,low_score_rescue_10,200
79,0,0.615,0.98,0.9,0.9,4.54,4.485,4.42,0.18623217940330505,0.25338372588157654,1.0912479162216187,0.62,0.08,0.365,0.31,10.0,0.8225510204081633,0.49975921193354195,-0.0021428571428571443,0.4968795481324196,0.05,0.8198469387755103,0.483950416950428,-0.00484693877551021,0.48254124615341426,0.05,1.805,1.54,scratch,low_score_rescue_10,200
80,0,0.62,0.98,0.88,0.895,4.41,4.485,4.445,0.2759012281894684,0.23279209434986115,1.1416800022125244,0.63,0.1,0.36,0.3,10.0,0.8261734693877552,0.5091215199776884,0.001479591836734686,0.5096569256205111,0.05,0.8230102040816327,0.4990306679695978,-0.0016836734693877603,0.4975874175876379,0.05,1.91,1.6,scratch,low_score_rescue_10,200
81,0,0.625,0.98,0.9,0.885,4.445,4.485,4.485,0.2276165783405304,0.25798407196998596,1.080053448677063,0.635,0.08,0.355,0.315,10.0,0.827704081632653,0.5106810342478239,0.003010204081632649,0.506593281114474,0.05,0.8241836734693877,0.48889503366544296,-0.0005102040816326592,0.4864345967117697,0.05,1.84,1.495,scratch,low_score_rescue_10,200
82,0,0.6,0.98,0.895,0.895,4.605,4.485,4.47,0.23263509571552277,0.23955078423023224,1.2011175155639648,0.61,0.085,0.38,0.33,10.0,0.8284183673469389,0.5120924982401777,0.003724489795918361,0.511930443001911,0.05,0.8249489795918368,0.495150304494906,0.0002551020408163229,0.4928690156992525,0.05,1.89,1.55,scratch,low_score_rescue_10,200
83,0,0.615,0.98,0.91,0.895,4.315,4.485,4.37,0.18180587887763977,0.24432720243930817,1.1325440406799316,0.625,0.07,0.365,0.31,10.0,0.8246428571428571,0.504069978153728,-5.102040816327258e-05,0.5007683412078768,0.05,0.8209183673469389,0.48014758141212,-0.003775510204081638,0.48017758936621247,0.05,1.86,1.495,scratch,low_score_rescue_10,200
84,0,0.625,0.98,0.895,0.88,4.425,4.485,4.415,0.20773090422153473,0.2866121530532837,1.1161993741989136,0.635,0.085,0.355,0.3,10.0,0.8268367346938778,0.5105987996868572,0.0021428571428571356,0.5116648763883859,0.05,0.8230102040816327,0.49162979392266515,-0.0016836734693877642,0.4952890803664923,0.05,1.885,1.51,scratch,low_score_rescue_10,200
85,0,0.615,0.98,0.905,0.89,4.475,4.485,4.41,0.17615100741386414,0.2614111006259918,1.1152828931808472,0.625,0.075,0.365,0.32,10.0,0.8263265306122449,0.5061207988633114,0.0016326530612244849,0.5078581935632974,0.05,0.8229591836734694,0.4912904830068515,-0.0017346938775510273,0.49551422224380076,0.05,1.91,1.58,scratch,low_score_rescue_10,200
86,0,0.62,0.98,0.885,0.855,4.575,4.485,4.33,0.22902637720108032,0.28540512919425964,1.129357099533081,0.625,0.095,0.36,0.3,10.0,0.828265306122449,0.5117712944596576,0.0035714285714285644,0.5090628589130938,0.05,0.8243367346938776,0.5004105098935614,-0.00035714285714285974,0.501325150411576,0.05,1.88,1.495,scratch,low_score_rescue_10,200
87,0,0.625,0.98,0.875,0.875,4.375,4.485,4.405,0.2646956741809845,0.29248932003974915,1.1383403539657593,0.635,0.105,0.355,0.29,10.0,0.8263775510204081,0.5146158860844509,0.0016836734693877558,0.5080887984018773,0.05,0.8234693877551021,0.49799282874023987,-0.001224489795918371,0.49434483208693564,0.05,1.855,1.57,scratch,low_score_rescue_10,200
88,0,0.615,0.98,0.88,0.865,4.36,4.485,4.46,0.240911602973938,0.2882814109325409,1.1580417156219482,0.625,0.1,0.365,0.295,10.0,0.8253571428571429,0.5046149079528419,0.0006632653061224464,0.5066645083576441,0.05,0.8216326530612243,0.4866303104534523,-0.003061224489795923,0.4919068705290556,0.05,1.825,1.46,scratch,low_score_rescue_10,200
89,0,0.62,0.98,0.89,0.875,4.39,4.485,4.425,0.22447460889816284,0.2895005941390991,1.144495964050293,0.63,0.09,0.36,0.295,10.0,0.8245918367346938,0.5033991485972039,-0.00010204081632653905,0.5054768995661288,0.05,0.8209693877551021,0.4878863955347584,-0.00372448979591837,0.49118164176121354,0.05,1.85,1.495,scratch,low_score_rescue_10,200
90,0,0.635,0.98,0.905,0.88,4.42,4.485,4.43,0.20883090794086456,0.2755588889122009,1.1449379920959473,0.645,0.075,0.345,0.295,10.0,0.8250510204081632,0.5061468335569741,0.0003571428571428537,0.5048063103761524,0.05,0.8213265306122449,0.4933309214865581,-0.0033673469387755163,0.49250088196247815,0.05,1.82,1.455,scratch,low_score_rescue_10,200
91,0,0.63,0.98,0.905,0.87,4.365,4.485,4.45,0.21890167891979218,0.297767698764801,1.1402496099472046,0.64,0.075,0.35,0.305,10.0,0.8237244897959184,0.5028901538275731,-0.0009693877551020396,0.4965064284577966,0.05,0.8195408163265308,0.485785104134927,-0.005153061224489802,0.48770931757986546,0.05,1.85,1.44,scratch,low_score_rescue_10,200
92,0,0.62,0.98,0.895,0.89,4.395,4.485,4.465,0.20447419583797455,0.2638501822948456,1.155133605003357,0.63,0.085,0.36,0.295,10.0,0.8239795918367347,0.50334245884326,-0.0007142857142857168,0.49733520883135496,0.05,0.8208163265306123,0.4864375778444543,-0.0038775510204081677,0.4821936277858913,0.05,1.78,1.47,scratch,low_score_rescue_10,200
93,0,0.61,0.98,0.895,0.875,4.44,4.485,4.41,0.21636712551116943,0.2915945053100586,1.16035795211792,0.62,0.085,0.37,0.31,10.0,0.8230612244897961,0.5013108048309024,-0.0016326530612244922,0.49678679803386333,0.05,0.819795918367347,0.48946531079672,-0.004897959183673476,0.4857647332828492,0.05,1.805,1.485,scratch,low_score_rescue_10,200
94,0,0.61,0.98,0.885,0.88,4.465,4.485,4.41,0.2847100794315338,0.3078470230102539,1.1551268100738525,0.62,0.095,0.37,0.295,10.0,0.823265306122449,0.5025504597876547,-0.0014285714285714318,0.5023873327858746,0.05,0.8190816326530613,0.48053024305973346,-0.0056122448979591885,0.48519057070836424,0.05,1.84,1.43,scratch,low_score_rescue_10,200
95,0,0.61,0.98,0.885,0.88,4.47,4.485,4.395,0.24560794234275818,0.3128460645675659,1.1597877740859985,0.62,0.095,0.37,0.305,10.0,0.8230102040816327,0.5018132927737873,-0.0016836734693877564,0.5016262609325349,0.05,0.8181122448979591,0.47777597099089963,-0.006581632653061231,0.4813812898658216,0.05,1.87,1.39,scratch,low_score_rescue_10,200
96,0,0.615,0.98,0.9,0.87,4.435,4.485,4.325,0.21523985266685486,0.28823691606521606,1.1553494930267334,0.625,0.08,0.365,0.295,10.0,0.8236224489795919,0.5029083986722104,-0.0010714285714285737,0.502377504883334,0.05,0.8193367346938776,0.480066321319121,-0.0053571428571428615,0.4824987040925771,0.05,1.865,1.445,scratch,low_score_rescue_10,200
97,0,0.615,0.98,0.905,0.87,4.46,4.485,4.32,0.1986275613307953,0.2882133722305298,1.1555718183517456,0.625,0.075,0.365,0.295,10.0,0.8236734693877551,0.5036720139175752,-0.0010204081632653077,0.5036811007093638,0.05,0.8193367346938775,0.482367226243523,-0.005357142857142863,0.48238708294928073,0.05,1.845,1.42,scratch,low_score_rescue_10,200
98,0,0.615,0.98,0.915,0.875,4.435,4.485,4.33,0.1825273185968399,0.2791552245616913,1.1562250852584839,0.625,0.065,0.365,0.305,10.0,0.8233163265306124,0.5028421024031778,-0.001377551020408166,0.5025500252936035,0.05,0.8188775510204082,0.4819548676349011,-0.005816326530612249,0.4810979403555393,0.05,1.89,1.455,scratch,low_score_rescue_10,200
99,0,0.615,0.98,0.91,0.865,4.46,4.485,4.385,0.2072434276342392,0.29540976881980896,1.1560577154159546,0.625,0.07,0.365,0.305,10.0,0.8233163265306124,0.5027597972028137,-0.0013775510204081653,0.5024337744805962,0.05,0.8192857142857143,0.4818063701668373,-0.005408163265306129,0.4807064463943243,0.05,1.85,1.455,scratch,low_score_rescue_10,200
100,0,0.61,0.98,0.9,0.87,4.48,4.485,4.345,0.23344139754772186,0.3009491264820099,1.1541507244110107,0.62,0.08,0.37,0.305,10.0,0.8233163265306124,0.5033100168712011,-0.0013775510204081642,0.5024580501019955,0.05,0.8193877551020406,0.4817973337975161,-0.0053061224489796,0.4823890458792448,0.05,1.855,1.47,scratch,low_score_rescue_10,200
0,0,0.085,0.98,0.95,0.875,5.92,4.485,4.37,0.07085513323545456,0.329533189535141,1.8394066095352173,0.09,0.03,0.895,0.865,0.0,0.850561224489796,0.5981794121635886,0.025867346938775508,0.5913978515937924,0.05,0.8246938775510205,0.48994748795493875,2.220446049250313e-18,0.4798480476718396,0.05,9.8,7.265,scratch,random,200
1,0,0.26,0.98,0.95,0.91,5.06,4.485,4.37,0.07085513323545456,0.19950443506240845,1.5577633380889893,0.265,0.03,0.72,0.695,0.0,0.815,0.4311360153137486,-0.009693877551020413,0.43681958847650093,0.05,0.8246938775510205,0.48994748795493875,2.220446049250313e-18,0.4798480476718396,0.05,8.17,9.12,scratch,random,200
2,0,0.31,0.98,0.95,0.92,4.425,4.485,4.37,0.07085513323545456,0.11006422340869904,1.4414219856262207,0.315,0.03,0.675,0.65,0.0,0.8277551020408163,0.47345529434501543,0.0030612244897959134,0.4688775565233664,0.05,0.8246938775510205,0.48994748795493875,2.220446049250313e-18,0.4798480476718396,0.05,8.745,8.445,scratch,random,200
3,0,0.33,0.98,0.95,0.935,4.28,4.485,4.37,0.07085513323545456,0.10422094166278839,1.4380972385406494,0.34,0.03,0.65,0.62,0.0,0.8085714285714286,0.41275196201027087,-0.016122448979591836,0.41246357583018833,0.05,0.8246938775510205,0.48994748795493875,2.220446049250313e-18,0.4798480476718396,0.05,7.85,9.43,scratch,random,200
4,0,0.355,0.98,0.95,0.91,5.065,4.485,4.37,0.07085513323545456,0.18706607818603516,1.4108738899230957,0.365,0.03,0.625,0.605,0.0,0.842704081632653,0.5084322022808,0.01801020408163265,0.48562068819563137,0.05,0.8246938775510205,0.48994748795493875,2.220446049250313e-18,0.4798480476718396,0.05,9.48,7.715,scratch,random,200
5,0,0.375,0.98,0.95,0.91,3.775,4.485,4.37,0.07085513323545456,0.20742836594581604,1.359010934829712,0.375,0.03,0.605,0.575,0.0,0.8240306122448979,0.4336963036257509,-0.0006632653061224514,0.44034545811475256,0.05,0.8246938775510205,0.48994748795493875,2.220446049250313e-18,0.4798480476718396,0.05,8.45,8.515,scratch,random,200
6,0,0.32,0.98,0.95,0.94,5.325,4.485,4.37,0.07085513323545456,0.10289521515369415,1.4266688823699951,0.325,0.03,0.665,0.645,0.0,0.8144387755102042,0.40051654589754937,-0.010255102040816326,0.40992370042891707,0.05,0.8246938775510205,0.48994748795493875,2.220446049250313e-18,0.4798480476718396,0.05,8.03,9.035,scratch,random,200
7,0,0.44,0.98,0.95,0.935,3.77,4.485,4.37,0.07085513323545456,0.15047535300254822,1.2304710149765015,0.45,0.03,0.54,0.51,0.0,0.820561224489796,0.4339073556229956,-0.004132653061224495,0.4247444322775118,0.05,0.8246938775510205,0.48994748795493875,2.220446049250313e-18,0.4798480476718396,0.05,8.405,8.81,scratch,random,200
8,0,0.445,0.98,0.95,0.91,5.195,4.485,4.37,0.07085513323545456,0.20720599591732025,1.2608578205108643,0.455,0.03,0.535,0.52,0.0,0.8069897959183673,0.40804528885071983,-0.017704081632653065,0.4097482475763536,0.05,0.8246938775510205,0.48994748795493875,2.220446049250313e-18,0.4798480476718396,0.05,7.765,9.5,scratch,random,200
9,0,0.465,0.98,0.95,0.915,4.68,4.485,4.37,0.07085513323545456,0.21718966960906982,1.1741565465927124,0.47,0.03,0.515,0.49,0.0,0.8178061224489795,0.43981054160395455,-0.00688775510204082,0.4466680267994525,0.05,0.8246938775510205,0.48994748795493875,2.220446049250313e-18,0.4798480476718396,0.05,8.285,8.96,scratch,random,200
10,0,0.525,0.98,0.95,0.875,5.17,4.485,4.37,0.07085513323545456,0.2955860495567322,1.0733420848846436,0.53,0.03,0.455,0.445,0.0,0.8276020408163265,0.49885192057833816,0.002908163265306114,0.4942509415280074,0.05,0.8246938775510205,0.48994748795493875,2.220446049250313e-18,0.4798480476718396,0.05,8.785,8.5,scratch,random,200
11,0,0.48,0.98,0.95,0.89,5.45,4.485,4.37,0.07085513323545456,0.20419643819332123,1.1687474250793457,0.485,0.03,0.5,0.485,0.0,0.8307653061224489,0.49938051304850506,0.00607142857142857,0.48970086433459076,0.05,0.8246938775510205,0.48994748795493875,2.220446049250313e-18,0.4798480476718396,0.05,8.84,8.245,scratch,random,200
12,0,0.52,0.98,0.95,0.905,4.575,4.485,4.37,0.07085513323545456,0.20729362964630127,1.0365573167800903,0.52,0.03,0.465,0.445,0.0,0.8197959183673469,0.4932874120279111,-0.004897959183673469,0.47412261387333277,0.05,0.8246938775510205,0.48994748795493875,2.220446049250313e-18,0.4798480476718396,0.05,8.355,8.835,scratch,random,200
13,0,0.525,0.98,0.95,0.915,4.595,4.485,4.37,0.07085513323545456,0.17157338559627533,1.0724973678588867,0.53,0.03,0.455,0.43,0.0,0.8029081632653061,0.4136516833918994,-0.021785714285714287,0.42597896587336437,0.05,0.8246938775510205,0.48994748795493875,2.220446049250313e-18,0.4798480476718396,0.05,7.405,9.54,scratch,random,200
14,0,0.55,0.98,0.95,0.905,3.985,4.485,4.37,0.07085513323545456,0.20868752896785736,1.0123783349990845,0.565,0.03,0.43,0.405,0.0,0.8248979591836735,0.48250415219099607,0.00020408163265306202,0.48015009408816695,0.05,0.8246938775510205,0.48994748795493875,2.220446049250313e-18,0.4798480476718396,0.05,8.57,8.55,scratch,random,200
15,0,0.545,0.98,0.95,0.89,4.3,4.485,4.37,0.07085513323545456,0.22173577547073364,0.9851601123809814,0.56,0.03,0.435,0.415,0.0,0.8263265306122449,0.4716683993840529,0.0016326530612244894,0.4669255894701928,0.05,0.8246938775510205,0.48994748795493875,2.220446049250313e-18,0.4798480476718396,0.05,8.69,8.53,scratch,random,200
16,0,0.59,0.98,0.95,0.9,4.26,4.485,4.37,0.07085513323545456,0.1907871961593628,0.924187183380127,0.59,0.03,0.395,0.37,0.0,0.8285714285714286,0.4924650744803615,0.0038775510204081608,0.48681604778394105,0.05,0.8246938775510205,0.48994748795493875,2.220446049250313e-18,0.4798480476718396,0.05,8.66,8.28,scratch,random,200
17,0,0.56,0.98,0.95,0.88,4.315,4.485,4.37,0.07085513323545456,0.3182211220264435,1.0340914726257324,0.56,0.03,0.425,0.4,0.0,0.8316326530612244,0.5194566155116465,0.006938775510204078,0.5198347555566579,0.05,0.8246938775510205,0.48994748795493875,2.220446049250313e-18,0.4798480476718396,0.05,8.95,8.27,scratch,random,200
18,0,0.54,0.98,0.95,0.855,4.465,4.485,4.37,0.07085513323545456,0.29932039976119995,1.022922158241272,0.55,0.03,0.44,0.42,0.0,0.8382142857142858,0.532760775582662,0.0135204081632653,0.5258376784902066,0.05,0.8246938775510205,0.48994748795493875,2.220446049250313e-18,0.4798480476718396,0.05,9.17,7.845,scratch,random,200
19,0,0.575,0.98,0.95,0.89,4.495,4.485,4.37,0.07085513323545456,0.23086093366146088,0.986159086227417,0.58,0.03,0.405,0.38,0.0,0.8388775510204082,0.5254656871126393,0.014183673469387753,0.5222119651269168,0.05,0.8246938775510205,0.48994748795493875,2.220446049250313e-18,0.4798480476718396,0.05,9.265,7.875,scratch,random,200
20,0,0.555,0.98,0.95,0.9,4.015,4.485,4.37,0.07085513323545456,0.2130977213382721,0.9627532958984375,0.555,0.03,0.43,0.41,0.0,0.840765306122449,0.5356331093999874,0.016071428571428573,0.523076192913577,0.05,0.8246938775510205,0.48994748795493875,2.220446049250313e-18,0.4798480476718396,0.05,9.33,7.755,scratch,random,200
21,0,0.58,0.98,0.95,0.885,4.95,4.485,4.37,0.07085513323545456,0.2578870952129364,0.9938788414001465,0.58,0.03,0.405,0.385,0.0,0.8383163265306124,0.5024843729596566,0.013622448979591835,0.5003590879496187,0.05,0.8246938775510205,0.48994748795493875,2.220446049250313e-18,0.4798480476718396,0.05,9.375,8.04,scratch,random,200
22,0,0.53,0.98,0.95,0.905,4.815,4.485,4.37,0.07085513323545456,0.23795729875564575,0.9690664410591125,0.535,0.03,0.45,0.43,0.0,0.8361734693877552,0.49232079255423383,0.011479591836734688,0.5012283273064532,0.05,0.8246938775510205,0.48994748795493875,2.220446049250313e-18,0.4798480476718396,0.05,9.21,8.085,scratch,random,200
23,0,0.575,0.98,0.95,0.885,4.14,4.485,4.37,0.07085513323545456,0.3178730309009552,1.0195609331130981,0.58,0.03,0.405,0.385,0.0,0.8325510204081632,0.5097160596252259,0.007857142857142856,0.5006801054440438,0.05,0.8246938775510205,0.48994748795493875,2.220446049250313e-18,0.4798480476718396,0.05,8.985,8.215,scratch,random,200
24,0,0.63,0.98,0.95,0.895,4.7,4.485,4.37,0.07085513323545456,0.22855961322784424,0.9523088335990906,0.635,0.03,0.355,0.345,0.0,0.8239285714285713,0.48163513963738885,-0.0007653061224489799,0.4831743832491338,0.05,0.8246938775510205,0.48994748795493875,2.220446049250313e-18,0.4798480476718396,0.05,8.63,8.705,scratch,random,200
25,0,0.585,0.98,0.95,0.9,4.615,4.485,4.37,0.07085513323545456,0.2487066686153412,0.9966285824775696,0.59,0.03,0.4,0.38,0.0,0.8366836734693877,0.5234706018808408,0.011989795918367347,0.522829202581197,0.05,0.8246938775510205,0.48994748795493875,2.220446049250313e-18,0.4798480476718396,0.05,9.035,7.86,scratch,random,200
26,0,0.55,0.98,0.95,0.905,4.475,4.485,4.37,0.07085513323545456,0.217027947306633,0.9818934798240662,0.56,0.03,0.43,0.415,0.0,0.8241326530612244,0.4798930416832354,-0.0005612244897959185,0.48697392070665957,0.05,0.8246938775510205,0.48994748795493875,2.220446049250313e-18,0.4798480476718396,0.05,8.56,8.615,scratch,random,200
27,0,0.565,0.98,0.95,0.87,4.3,4.485,4.37,0.07085513323545456,0.31536543369293213,1.0459145307540894,0.575,0.03,0.415,0.395,0.0,0.8457653061224489,0.5443587347283034,0.021071428571428567,0.534695194857195,0.05,0.8246938775510205,0.48994748795493875,2.220446049250313e-18,0.4798480476718396,0.05,9.56,7.495,scratch,random,200
28,0,0.58,0.98,0.95,0.895,4.215,4.485,4.37,0.07085513323545456,0.24219723045825958,0.9984087944030762,0.585,0.03,0.405,0.385,0.0,0.8169897959183673,0.45664385408242136,-0.007704081632653063,0.46845886651426555,0.05,0.8246938775510205,0.48994748795493875,2.220446049250313e-18,0.4798480476718396,0.05,8.065,8.82,scratch,random,200
29,0,0.61,0.98,0.95,0.91,4.31,4.485,4.37,0.07085513323545456,0.18956312537193298,0.9202046990394592,0.61,0.03,0.375,0.355,0.0,0.8258163265306122,0.46014302350227787,0.001122448979591833,0.460425273382134,0.05,0.8246938775510205,0.48994748795493875,2.220446049250313e-18,0.4798480476718396,0.05,8.665,8.555,scratch,random,200
30,0,0.59,0.98,0.95,0.865,4.34,4.485,4.37,0.07085513323545456,0.2818622887134552,0.9738976955413818,0.595,0.03,0.395,0.38,0.0,0.8330102040816327,0.5004420060513995,0.00831632653061224,0.49815901318215766,0.05,0.8246938775510205,0.48994748795493875,2.220446049250313e-18,0.4798480476718396,0.05,9.01,8.195,scratch,random,200
31,0,0.57,0.98,0.95,0.885,4.785,4.485,4.37,0.07085513323545456,0.26695144176483154,1.0135748386383057,0.58,0.03,0.41,0.395,0.0,0.8237755102040816,0.4701557415445493,-0.0009183673469387771,0.48169454508344645,0.05,0.8246938775510205,0.48994748795493875,2.220446049250313e-18,0.4798480476718396,0.05,8.62,8.71,scratch,random,200
32,0,0.605,0.98,0.95,0.92,4.45,4.485,4.37,0.07085513323545456,0.18169036507606506,0.995341956615448,0.61,0.03,0.375,0.355,0.0,0.8213265306122449,0.4378523512233095,-0.003367346938775514,0.44946859205083456,0.05,0.8246938775510205,0.48994748795493875,2.220446049250313e-18,0.4798480476718396,0.05,8.525,8.855,scratch,random,200
33,0,0.63,0.98,0.95,0.9,4.38,4.485,4.37,0.07085513323545456,0.22350840270519257,0.9339883327484131,0.635,0.03,0.35,0.33,0.0,0.8128571428571427,0.43760185146167063,-0.011836734693877556,0.44082630224409514,0.05,0.8246938775510205,0.48994748795493875,2.220446049250313e-18,0.4798480476718396,0.05,8.135,9.295,scratch,random,200
34,0,0.58,0.98,0.95,0.905,4.275,4.485,4.37,0.07085513323545456,0.22228215634822845,1.0151207447052002,0.59,0.03,0.4,0.38,0.0,0.8162244897959183,0.4545939112122366,-0.008469387755102045,0.4627874547801912,0.05,0.8246938775510205,0.48994748795493875,2.220446049250313e-18,0.4798480476718396,0.05,8.16,8.99,scratch,random,200
35,0,0.59,0.98,0.95,0.91,4.66,4.485,4.37,0.07085513323545456,0.21376243233680725,1.0446912050247192,0.595,0.03,0.39,0.365,0.0,0.8237755102040816,0.45885601297294426,-0.0009183673469387765,0.4648089913930744,0.05,0.8246938775510205,0.48994748795493875,2.220446049250313e-18,0.4798480476718396,0.05,8.675,8.765,scratch,random,200
36,0,0.565,0.98,0.95,0.875,4.015,4.485,4.37,0.07085513323545456,0.3138454854488373,1.058496356010437,0.57,0.03,0.42,0.405,0.0,0.8171938775510205,0.4656425237435751,-0.007500000000000002,0.4711718173325062,0.05,0.8246938775510205,0.48994748795493875,2.220446049250313e-18,0.4798480476718396,0.05,8.3,9.035,scratch,random,200
37,0,0.595,0.98,0.95,0.885,4.545,4.485,4.37,0.07085513323545456,0.2609623670578003,1.0400604009628296,0.605,0.03,0.385,0.36,0.0,0.8273979591836735,0.4781186053784332,0.00270408163265306,0.4806463075609645,0.05,0.8246938775510205,0.48994748795493875,2.220446049250313e-18,0.4798480476718396,0.05,8.705,8.44,scratch,random,200
38,0,0.565,0.98,0.95,0.905,4.79,4.485,4.37,0.07085513323545456,0.2230713665485382,1.1080412864685059,0.565,0.03,0.42,0.4,0.0,0.8311734693877552,0.48683272939231914,0.006479591836734688,0.48617744917981326,0.05,0.8246938775510205,0.48994748795493875,2.220446049250313e-18,0.4798480476718396,0.05,8.905,8.27,scratch,random,200
39,0,0.61,0.98,0.95,0.9,4.49,4.485,4.37,0.07085513323545456,0.18949881196022034,0.9980918765068054,0.61,0.03,0.375,0.355,0.0,0.8234183673469387,0.4699036837259299,-0.0012755102040816352,0.47058942216914146,0.05,0.8246938775510205,0.48994748795493875,2.220446049250313e-18,0.4798480476718396,0.05,8.49,8.615,scratch,random,200
40,0,0.62,0.98,0.95,0.9,4.425,4.485,4.37,0.07085513323545456,0.2037433236837387,0.9967266321182251,0.625,0.03,0.36,0.345,0.0,0.8287244897959184,0.4885392840842495,0.004030612244897957,0.48648676274344327,0.05,0.8246938775510205,0.48994748795493875,2.220446049250313e-18,0.4798480476718396,0.05,8.695,8.3,scratch,random,200
41,0,0.63,0.98,0.95,0.905,4.45,4.485,4.37,0.07085513323545456,0.21574001014232635,1.0201724767684937,0.64,0.03,0.35,0.33,0.0,0.8229591836734693,0.4612413829505219,-0.0017346938775510213,0.46292871370213107,0.05,0.8246938775510205,0.48994748795493875,2.220446049250313e-18,0.4798480476718396,0.05,8.7,8.87,scratch,random,200
42,0,0.61,0.98,0.95,0.89,4.21,4.485,4.37,0.07085513323545456,0.24337182939052582,1.054327130317688,0.615,0.03,0.375,0.36,0.0,0.8390816326530611,0.5103434030725374,0.014387755102040817,0.5160395370493643,0.05,0.8246938775510205,0.48994748795493875,2.220446049250313e-18,0.4798480476718396,0.05,9.365,7.955,scratch,random,200
43,0,0.625,0.98,0.95,0.895,4.315,4.485,4.37,0.07085513323545456,0.22374141216278076,1.0677707195281982,0.63,0.03,0.355,0.33,0.0,0.8267857142857143,0.4746539196641201,0.002091836734693877,0.47647379759466274,0.05,0.8246938775510205,0.48994748795493875,2.220446049250313e-18,0.4798480476718396,0.05,8.81,8.605,scratch,random,200
44,0,0.615,0.98,0.95,0.905,4.055,4.485,4.37,0.07085513323545456,0.1973528265953064,1.085588812828064,0.615,0.03,0.365,0.35,0.0,0.825561224489796,0.4787336443108168,0.0008673469387755084,0.4912150759273209,0.05,0.8246938775510205,0.48994748795493875,2.220446049250313e-18,0.4798480476718396,0.05,8.75,8.665,scratch,random,200
45,0,0.6,0.98,0.95,0.92,4.475,4.485,4.37,0.07085513323545456,0.15331359207630157,1.0427113771438599,0.61,0.03,0.38,0.355,0.0,0.8272448979591838,0.47524661416203645,0.0025510204081632577,0.4818100142898038,0.05,0.8246938775510205,0.48994748795493875,2.220446049250313e-18,0.4798480476718396,0.05,8.755,8.505,scratch,random,200
46,0,0.58,0.98,0.95,0.91,4.645,4.485,4.37,0.07085513323545456,0.2192104160785675,1.14779794216156,0.585,0.03,0.4,0.375,0.0,0.8344897959183674,0.4872864329094112,0.009795918367346933,0.4940482531674206,0.05,0.8246938775510205,0.48994748795493875,2.220446049250313e-18,0.4798480476718396,0.05,9.135,8.175,scratch,random,200
47,0,0.61,0.98,0.95,0.9,4.42,4.485,4.37,0.07085513323545456,0.23231935501098633,1.0641998052597046,0.61,0.03,0.375,0.355,0.0,0.8340816326530611,0.488581493260144,0.009387755102040818,0.49371434591710567,0.05,0.8246938775510205,0.48994748795493875,2.220446049250313e-18,0.4798480476718396,0.05,9.135,8.215,scratch,random,200
48,0,0.6,0.98,0.95,0.9,4.41,4.485,4.37,0.07085513323545456,0.22108983993530273,1.1053727865219116,0.6,0.03,0.38,0.355,0.0,0.8319387755102041,0.48738309227868154,0.007244897959183673,0.49443875508994095,0.05,0.8246938775510205,0.48994748795493875,2.220446049250313e-18,0.4798480476718396,0.05,9.045,8.335,scratch,random,200
49,0,0.59,0.98,0.95,0.895,4.135,4.485,4.37,0.07085513323545456,0.2375321239233017,1.2094594240188599,0.59,0.03,0.39,0.365,0.0,0.8256122448979591,0.4825729535821182,0.0009183673469387765,0.48523714758455755,0.05,0.8246938775510205,0.48994748795493875,2.220446049250313e-18,0.4798480476718396,0.05,8.805,8.715,scratch,random,200
50,0,0.585,0.98,0.95,0.91,4.415,4.485,4.37,0.07085513323545456,0.19557981193065643,1.1193122863769531,0.595,0.03,0.395,0.375,0.0,0.8262244897959183,0.47175435572488134,0.0015306122448979554,0.48088780138641596,0.05,0.8246938775510205,0.48994748795493875,2.220446049250313e-18,0.4798480476718396,0.05,8.72,8.57,scratch,random,200
51,0,0.59,0.98,0.95,0.935,4.075,4.485,4.37,0.07085513323545456,0.13834218680858612,1.1777434349060059,0.59,0.03,0.39,0.37,0.0,0.8313775510204081,0.49430754055940335,0.006683673469387756,0.4993891101749614,0.05,0.8246938775510205,0.48994748795493875,2.220446049250313e-18,0.4798480476718396,0.05,9.09,8.435,scratch,random,200
52,0,0.56,0.98,0.95,0.905,4.2,4.485,4.37,0.07085513323545456,0.1910739690065384,1.186497449874878,0.565,0.03,0.42,0.395,0.0,0.8338775510204082,0.5053004266110862,0.009183673469387749,0.5084506023675204,0.05,0.8246938775510205,0.48994748795493875,2.220446049250313e-18,0.4798480476718396,0.05,9.035,8.135,scratch,random,200
53,0,0.605,0.98,0.95,0.925,4.365,4.485,4.37,0.07085513323545456,0.1705605387687683,1.0935722589492798,0.605,0.03,0.375,0.355,0.0,0.8271428571428571,0.47945507607639715,0.002448979591836735,0.4818557306355797,0.05,0.8246938775510205,0.48994748795493875,2.220446049250313e-18,0.4798480476718396,0.05,8.71,8.47,scratch,random,200
54,0,0.58,0.98,0.95,0.905,4.67,4.485,4.37,0.07085513323545456,0.21796062588691711,1.20038640499115,0.59,0.03,0.4,0.375,0.0,0.837704081632653,0.4948576383728046,0.013010204081632648,0.49941536207916215,0.05,0.8246938775510205,0.48994748795493875,2.220446049250313e-18,0.4798480476718396,0.05,9.3,8.025,scratch,random,200
55,0,0.58,0.98,0.95,0.895,4.805,4.485,4.37,0.07085513323545456,0.2446022629737854,1.0894149541854858,0.585,0.03,0.4,0.38,0.0,0.8409183673469388,0.5071169597812395,0.016224489795918364,0.5126481715217233,0.05,0.8246938775510205,0.48994748795493875,2.220446049250313e-18,0.4798480476718396,0.05,9.435,7.845,scratch,random,200
56,0,0.595,0.98,0.95,0.91,4.545,4.485,4.37,0.07085513323545456,0.18561138212680817,1.0835975408554077,0.6,0.03,0.385,0.365,0.0,0.8290306122448979,0.4796948588765938,0.0043367346938775475,0.4864918377343565,0.05,0.8246938775510205,0.48994748795493875,2.220446049250313e-18,0.4798480476718396,0.05,8.895,8.47,scratch,random,200
57,0,0.615,0.98,0.95,0.905,4.8,4.485,4.37,0.07085513323545456,0.20351821184158325,1.1171438694000244,0.615,0.03,0.365,0.345,0.0,0.8268367346938775,0.4841342626290951,0.0021428571428571434,0.4858289648871869,0.05,0.8246938775510205,0.48994748795493875,2.220446049250313e-18,0.4798480476718396,0.05,8.715,8.505,scratch,random,200
58,0,0.615,0.98,0.95,0.9,4.185,4.485,4.37,0.07085513323545456,0.19507141411304474,1.049346923828125,0.62,0.03,0.365,0.34,0.0,0.8293367346938776,0.48799048786611193,0.004642857142857138,0.4965994156547822,0.05,0.8246938775510205,0.48994748795493875,2.220446049250313e-18,0.4798480476718396,0.05,8.865,8.41,scratch,random,200
59,0,0.595,0.98,0.95,0.885,4.13,4.485,4.37,0.07085513323545456,0.22530707716941833,1.194136619567871,0.6,0.03,0.385,0.36,0.0,0.8359693877551021,0.49579129061487626,0.01127551020408163,0.5060697179636918,0.05,0.8246938775510205,0.48994748795493875,2.220446049250313e-18,0.4798480476718396,0.05,9.08,7.975,scratch,random,200
60,0,0.62,0.98,0.95,0.905,4.33,4.485,4.37,0.07085513323545456,0.1864737719297409,1.1175631284713745,0.63,0.03,0.36,0.335,0.0,0.8324489795918367,0.4815966509535205,0.007755102040816325,0.4924729501269758,0.05,0.8246938775510205,0.48994748795493875,2.220446049250313e-18,0.4798480476718396,0.05,8.99,8.23,scratch,random,200
61,0,0.6,0.98,0.95,0.915,4.635,4.485,4.37,0.07085513323545456,0.1464756280183792,1.1798653602600098,0.605,0.03,0.38,0.365,0.0,0.8235204081632653,0.46468501230456655,-0.0011734693877551011,0.46749681916087865,0.05,0.8246938775510205,0.48994748795493875,2.220446049250313e-18,0.4798480476718396,0.05,8.545,8.66,scratch,random,200
62,0,0.58,0.98,0.95,0.91,4.235,4.485,4.37,0.07085513323545456,0.18136976659297943,1.230858564376831,0.585,0.03,0.4,0.375,0.0,0.8308163265306123,0.48219808689577365,0.0061224489795918356,0.48583372343331577,0.05,0.8246938775510205,0.48994748795493875,2.220446049250313e-18,0.4798480476718396,0.05,8.905,8.305,scratch,random,200
63,0,0.63,0.98,0.95,0.915,4.265,4.485,4.37,0.07085513323545456,0.16787585616111755,1.13997483253479,0.64,0.03,0.35,0.325,0.0,0.8299489795918368,0.48449603420303444,0.005255102040816324,0.4906337788142264,0.05,0.8246938775510205,0.48994748795493875,2.220446049250313e-18,0.4798480476718396,0.05,8.845,8.33,scratch,random,200
64,0,0.595,0.98,0.95,0.93,4.17,4.485,4.37,0.07085513323545456,0.11299815773963928,1.2020728588104248,0.595,0.03,0.39,0.365,0.0,0.8217857142857141,0.4547718993186416,-0.002908163265306123,0.45748707304242997,0.05,0.8246938775510205,0.48994748795493875,2.220446049250313e-18,0.4798480476718396,0.05,8.44,8.725,scratch,random,200
65,0,0.61,0.98,0.95,0.925,4.375,4.485,4.37,0.07085513323545456,0.1369773894548416,1.1935802698135376,0.615,0.03,0.375,0.35,0.0,0.8326530612244898,0.4965322208845119,0.007959183673469386,0.49883491118904205,0.05,0.8246938775510205,0.48994748795493875,2.220446049250313e-18,0.4798480476718396,0.05,9.05,8.27,scratch,random,200
66,0,0.595,0.98,0.95,0.92,4.515,4.485,4.37,0.07085513323545456,0.14945867657661438,1.1799511909484863,0.595,0.03,0.385,0.36,0.0,0.8270408163265307,0.4784258589600441,0.002346938775510203,0.4797865213640034,0.05,0.8246938775510205,0.48994748795493875,2.220446049250313e-18,0.4798480476718396,0.05,8.75,8.52,scratch,random,200
67,0,0.625,0.98,0.95,0.89,4.1,4.485,4.37,0.07085513323545456,0.2343626469373703,1.1338521242141724,0.63,0.03,0.355,0.33,0.0,0.835561224489796,0.5137566676352379,0.010867346938775509,0.5123818084038794,0.05,0.8246938775510205,0.48994748795493875,2.220446049250313e-18,0.4798480476718396,0.05,9.225,8.16,scratch,random,200
68,0,0.63,0.98,0.95,0.92,4.185,4.485,4.37,0.07085513323545456,0.16343162953853607,1.1972476243972778,0.63,0.03,0.35,0.325,0.0,0.8308163265306122,0.47915918028060134,0.006122448979591831,0.48377138626761734,0.05,0.8246938775510205,0.48994748795493875,2.220446049250313e-18,0.4798480476718396,0.05,8.87,8.27,scratch,random,200
69,0,0.6,0.98,0.95,0.915,4.17,4.485,4.37,0.07085513323545456,0.1637086123228073,1.1601462364196777,0.605,0.03,0.38,0.355,0.0,0.8241836734693878,0.4556808287636428,-0.0005102040816326547,0.46510565612465143,0.05,0.8246938775510205,0.48994748795493875,2.220446049250313e-18,0.4798480476718396,0.05,8.585,8.635,scratch,random,200
70,0,0.605,0.98,0.95,0.9,4.375,4.485,4.37,0.07085513323545456,0.19932781159877777,1.1969395875930786,0.615,0.03,0.375,0.35,0.0,0.8325,0.4858300973643419,0.007806122448979589,0.49132982711307704,0.05,0.8246938775510205,0.48994748795493875,2.220446049250313e-18,0.4798480476718396,0.05,9.07,8.305,scratch,random,200
71,0,0.59,0.98,0.95,0.9,4.37,4.485,4.37,0.07085513323545456,0.19276230037212372,1.2145094871520996,0.595,0.03,0.39,0.365,0.0,0.8265306122448979,0.47919731224924855,0.0018367346938775492,0.48145318815950305,0.05,0.8246938775510205,0.48994748795493875,2.220446049250313e-18,0.4798480476718396,0.05,8.695,8.515,scratch,random,200
72,0,0.595,0.98,0.95,0.92,4.395,4.485,4.37,0.07085513323545456,0.1498020887374878,1.1867361068725586,0.6,0.03,0.385,0.36,0.0,0.8284183673469387,0.4792271639646155,0.003724489795918366,0.4779367912118323,0.05,0.8246938775510205,0.48994748795493875,2.220446049250313e-18,0.4798480476718396,0.05,8.86,8.495,scratch,random,200
73,0,0.62,0.98,0.95,0.925,4.28,4.485,4.37,0.07085513323545456,0.14368321001529694,1.1493895053863525,0.625,0.03,0.36,0.335,0.0,0.8268367346938775,0.4730098807004593,0.0021428571428571386,0.47837580056861045,0.05,0.8246938775510205,0.48994748795493875,2.220446049250313e-18,0.4798480476718396,0.05,8.81,8.6,scratch,random,200
74,0,0.63,0.98,0.95,0.91,4.305,4.485,4.37,0.07085513323545456,0.19104871153831482,1.1282187700271606,0.635,0.03,0.35,0.325,0.0,0.8290816326530611,0.48965182445719646,0.0043877551020408126,0.4983823322458193,0.05,0.8246938775510205,0.48994748795493875,2.220446049250313e-18,0.4798480476718396,0.05,8.75,8.32,scratch,random,200
75,0,0.58,0.98,0.95,0.9,4.605,4.485,4.37,0.07085513323545456,0.22587962448596954,1.228493571281433,0.585,0.03,0.4,0.375,0.0,0.8270408163265306,0.48392892695197576,0.002346938775510199,0.4854250760190189,0.05,0.8246938775510205,0.48994748795493875,2.220446049250313e-18,0.4798480476718396,0.05,8.74,8.51,scratch,random,200
76,0,0.595,0.98,0.95,0.885,4.355,4.485,4.37,0.07085513323545456,0.230685755610466,1.1949868202209473,0.6,0.03,0.385,0.36,0.0,0.8273979591836735,0.481143356101322,0.0027040816326530572,0.4847659503063187,0.05,0.8246938775510205,0.48994748795493875,2.220446049250313e-18,0.4798480476718396,0.05,8.735,8.47,scratch,random,200
77,0,0.6,0.98,0.95,0.905,4.425,4.485,4.37,0.07085513323545456,0.22755256295204163,1.2223188877105713,0.605,0.03,0.38,0.36,0.0,0.8262755102040816,0.4784214665254947,0.00158163265306122,0.4812011182284914,0.05,0.8246938775510205,0.48994748795493875,2.220446049250313e-18,0.4798480476718396,0.05,8.735,8.58,scratch,random,200
78,0,0.585,0.98,0.95,0.9,4.5,4.485,4.37,0.07085513323545456,0.2303418517112732,1.1866018772125244,0.59,0.03,0.395,0.375,0.0,0.8278571428571427,0.48303477053689303,0.003163265306122443,0.4901514924201183,0.05,0.8246938775510205,0.48994748795493875,2.220446049250313e-18,0.4798480476718396,0.05,8.84,8.53,scratch,random,200
79,0,0.61,0.98,0.95,0.905,4.62,4.485,4.37,0.07085513323545456,0.22718025743961334,1.2070283889770508,0.615,0.03,0.37,0.35,0.0,0.8260204081632654,0.4780979525428894,0.0013265306122448922,0.48356325801694766,0.05,0.8246938775510205,0.48994748795493875,2.220446049250313e-18,0.4798480476718396,0.05,8.77,8.64,scratch,random,200
80,0,0.6,0.98,0.95,0.895,4.465,4.485,4.37,0.07085513323545456,0.2242850810289383,1.1816083192825317,0.605,0.03,0.38,0.36,0.0,0.8252551020408163,0.4759206280008363,0.0005612244897959162,0.4823085075267591,0.05,0.8246938775510205,0.48994748795493875,2.220446049250313e-18,0.4798480476718396,0.05,8.725,8.67,scratch,random,200
81,0,0.62,0.98,0.95,0.89,4.31,4.485,4.37,0.07085513323545456,0.20596927404403687,1.201481580734253,0.625,0.03,0.36,0.34,0.0,0.8267857142857141,0.47633251993286935,0.002091836734693876,0.47996991386869925,0.05,0.8246938775510205,0.48994748795493875,2.220446049250313e-18,0.4798480476718396,0.05,8.77,8.565,scratch,random,200
82,0,0.595,0.98,0.95,0.915,4.245,4.485,4.37,0.07085513323545456,0.15861378610134125,1.230872392654419,0.6,0.03,0.385,0.36,0.0,0.8267857142857143,0.4814528699191467,0.002091836734693876,0.48505273344228045,0.05,0.8246938775510205,0.48994748795493875,2.220446049250313e-18,0.4798480476718396,0.05,8.775,8.57,scratch,random,200
83,0,0.61,0.98,0.95,0.905,4.495,4.485,4.37,0.07085513323545456,0.1964569240808487,1.2293373346328735,0.615,0.03,0.37,0.345,0.0,0.8262755102040816,0.4774759426775905,0.0015816326530612229,0.4827144182473421,0.05,0.8246938775510205,0.48994748795493875,2.220446049250313e-18,0.4798480476718396,0.05,8.76,8.605,scratch,random,200
84,0,0.6,0.98,0.95,0.91,4.475,4.485,4.37,0.07085513323545456,0.20202255249023438,1.213643193244934,0.605,0.03,0.38,0.355,0.0,0.8242857142857143,0.47279702409137037,-0.0004081632653061229,0.47637569818878545,0.05,0.8246938775510205,0.48994748795493875,2.220446049250313e-18,0.4798480476718396,0.05,8.725,8.765,scratch,random,200
85,0,0.58,0.98,0.95,0.905,4.45,4.485,4.37,0.07085513323545456,0.17591559886932373,1.2036956548690796,0.585,0.03,0.4,0.375,0.0,0.8233163265306124,0.4734978318957158,-0.0013775510204081676,0.4759285554802045,0.05,0.8246938775510205,0.48994748795493875,2.220446049250313e-18,0.4798480476718396,0.05,8.665,8.8,scratch,random,200
86,0,0.585,0.98,0.95,0.905,4.575,4.485,4.37,0.07085513323545456,0.18683858215808868,1.195939064025879,0.59,0.03,0.395,0.375,0.0,0.8265816326530612,0.4809169705335477,0.0018877551020408123,0.4848777913325466,0.05,0.8246938775510205,0.48994748795493875,2.220446049250313e-18,0.4798480476718396,0.05,8.815,8.63,scratch,random,200
87,0,0.615,0.98,0.95,0.92,4.36,4.485,4.37,0.07085513323545456,0.1540558934211731,1.166195034980774,0.62,0.03,0.365,0.345,0.0,0.822857142857143,0.46938530332120154,-0.0018367346938775503,0.4750128703704104,0.05,0.8246938775510205,0.48994748795493875,2.220446049250313e-18,0.4798480476718396,0.05,8.595,8.775,scratch,random,200
88,0,0.62,0.98,0.95,0.91,4.36,4.485,4.37,0.07085513323545456,0.17595194280147552,1.177852749824524,0.625,0.03,0.36,0.34,0.0,0.8224489795918367,0.47206005622109004,-0.002244897959183672,0.47846115788910537,0.05,0.8246938775510205,0.48994748795493875,2.220446049250313e-18,0.4798480476718396,0.05,8.58,8.8,scratch,random,200
89,0,0.625,0.98,0.95,0.915,4.32,4.485,4.37,0.07085513323545456,0.17215099930763245,1.1601508855819702,0.63,0.03,0.355,0.335,0.0,0.8226530612244898,0.4685728841937536,-0.002040816326530613,0.47490609664004296,0.05,0.8246938775510205,0.48994748795493875,2.220446049250313e-18,0.4798480476718396,0.05,8.57,8.77,scratch,random,200
90,0,0.62,0.98,0.95,0.92,4.265,4.485,4.37,0.07085513323545456,0.15610724687576294,1.146716833114624,0.625,0.03,0.36,0.335,0.0,0.8228061224489795,0.47199407611874106,-0.0018877551020408184,0.47755178197752685,0.05,0.8246938775510205,0.48994748795493875,2.220446049250313e-18,0.4798480476718396,0.05,8.585,8.77,scratch,random,200
91,0,0.605,0.98,0.95,0.93,4.16,4.485,4.37,0.07085513323545456,0.1343965083360672,1.1659588813781738,0.61,0.03,0.375,0.35,0.0,0.8231122448979593,0.4714514736571184,-0.0015816326530612257,0.47856745061930267,0.05,0.8246938775510205,0.48994748795493875,2.220446049250313e-18,0.4798480476718396,0.05,8.605,8.76,scratch,random,200
92,0,0.61,0.98,0.95,0.925,4.27,4.485,4.37,0.07085513323545456,0.15211959183216095,1.1770143508911133,0.615,0.03,0.37,0.345,0.0,0.8235204081632653,0.47439615013952185,-0.0011734693877551055,0.47995899416040627,0.05,0.8246938775510205,0.48994748795493875,2.220446049250313e-18,0.4798480476718396,0.05,8.59,8.705,scratch,random,200
93,0,0.61,0.98,0.95,0.92,4.33,4.485,4.37,0.07085513323545456,0.16286255419254303,1.1864570379257202,0.615,0.03,0.37,0.345,0.0,0.8240816326530611,0.475677687451293,-0.0006122448979591855,0.48001350085716693,0.05,0.8246938775510205,0.48994748795493875,2.220446049250313e-18,0.4798480476718396,0.05,8.625,8.685,scratch,random,200
94,0,0.615,0.98,0.95,0.91,4.325,4.485,4.37,0.07085513323545456,0.18396739661693573,1.1842656135559082,0.62,0.03,0.365,0.34,0.0,0.8237244897959184,0.47419592337668476,-0.0009693877551020402,0.4796408058097586,0.05,0.8246938775510205,0.48994748795493875,2.220446049250313e-18,0.4798480476718396,0.05,8.615,8.71,scratch,random,200
95,0,0.61,0.98,0.95,0.905,4.27,4.485,4.37,0.07085513323545456,0.18729713559150696,1.180147647857666,0.615,0.03,0.37,0.345,0.0,0.8235204081632653,0.47410162765442004,-0.0011734693877551005,0.47876022664364426,0.05,0.8246938775510205,0.48994748795493875,2.220446049250313e-18,0.4798480476718396,0.05,8.6,8.715,scratch,random,200
96,0,0.61,0.98,0.95,0.905,4.305,4.485,4.37,0.07085513323545456,0.17678329348564148,1.1804579496383667,0.615,0.03,0.37,0.345,0.0,0.8236224489795919,0.4742593035072887,-0.0010714285714285721,0.48039185665082185,0.05,0.8246938775510205,0.48994748795493875,2.220446049250313e-18,0.4798480476718396,0.05,8.605,8.71,scratch,random,200
97,0,0.61,0.98,0.95,0.91,4.34,4.485,4.37,0.07085513323545456,0.16742849349975586,1.178244948387146,0.615,0.03,0.37,0.345,0.0,0.8235204081632653,0.474825544607182,-0.0011734693877551022,0.4804624276934192,0.05,0.8246938775510205,0.48994748795493875,2.220446049250313e-18,0.4798480476718396,0.05,8.615,8.73,scratch,random,200
98,0,0.61,0.98,0.95,0.91,4.34,4.485,4.37,0.07085513323545456,0.1736985445022583,1.1830646991729736,0.615,0.03,0.37,0.345,0.0,0.8233163265306124,0.47420776371824047,-0.0013775510204081648,0.48015522337984295,0.05,0.8246938775510205,0.48994748795493875,2.220446049250313e-18,0.4798480476718396,0.05,8.61,8.745,scratch,random,200
99,0,0.615,0.98,0.95,0.91,4.35,4.485,4.37,0.07085513323545456,0.17483195662498474,1.1830461025238037,0.62,0.03,0.365,0.34,0.0,0.8234183673469387,0.4744316221750544,-0.0012755102040816334,0.4802354395342991,0.05,0.8246938775510205,0.48994748795493875,2.220446049250313e-18,0.4798480476718396,0.05,8.61,8.735,scratch,random,200
100,0,0.62,0.98,0.95,0.91,4.345,4.485,4.37,0.07085513323545456,0.17288145422935486,1.1843740940093994,0.625,0.03,0.36,0.335,0.0,0.8233673469387756,0.4743851351401639,-0.0013265306122448978,0.4785137031180784,0.05,0.8246938775510205,0.48994748795493875,2.220446049250313e-18,0.4798480476718396,0.05,8.605,8.735,scratch,random,200
0,0,0.085,0.98,0.895,0.875,5.92,4.485,4.39,0.20119835436344147,0.329533189535141,1.8394066095352173,0.09,0.085,0.895,0.815,10.0,0.850561224489796,0.5981794121635886,0.025867346938775508,0.5913978515937924,0.05,0.8451530612244897,0.5638985049597482,0.020459183673469387,0.5647438720613718,0.05,1.99,1.46,scratch,random_rescue_10,200
1,0,0.25,0.98,0.925,0.91,5.17,4.485,4.375,0.1397467404603958,0.18974658846855164,1.5559085607528687,0.255,0.055,0.73,0.69,10.0,0.8192857142857143,0.44253386484955654,-0.0054081632653061274,0.44515552612690956,0.05,0.8188775510204082,0.45289289611082933,-0.0058163265306122565,0.4535381683334708,0.05,1.8,1.76,scratch,random_rescue_10,200
2,0,0.31,0.98,0.915,0.905,4.005,4.485,4.325,0.1600765436887741,0.17730671167373657,1.4435778856277466,0.31,0.065,0.675,0.61,10.0,0.8252551020408163,0.4614043231097839,0.0005612244897959157,0.4574831397869275,0.05,0.8248979591836735,0.4568766597825378,0.00020408163265305811,0.46061142347112766,0.05,1.745,1.71,scratch,random_rescue_10,200
3,0,0.335,0.98,0.94,0.92,4.5,4.485,4.365,0.09729637950658798,0.1506086140871048,1.4062632322311401,0.345,0.04,0.645,0.61,10.0,0.8127040816326531,0.4230614488743799,-0.011989795918367352,0.4270067764208943,0.05,0.8147448979591837,0.44471967405524365,-0.009948979591836736,0.44636278491467235,0.05,1.78,1.98,scratch,random_rescue_10,200
4,0,0.36,0.98,0.91,0.875,3.685,4.485,4.355,0.20263896882534027,0.28843292593955994,1.4084036350250244,0.37,0.075,0.62,0.555,10.0,0.8378061224489796,0.49907608251577934,0.013112244897959178,0.49416106564574874,0.05,0.8361224489795919,0.5016857534559459,0.011428571428571429,0.49694145674817264,0.05,1.795,1.63,scratch,random_rescue_10,200
5,0,0.38,0.98,0.915,0.875,4.48,4.485,4.38,0.20414306223392487,0.284988671541214,1.3911062479019165,0.385,0.065,0.6,0.55,10.0,0.8339285714285714,0.4931976624221983,0.009234693877551017,0.4832992050203029,0.05,0.8300510204081633,0.4861384384682095,0.005357142857142849,0.4811534300725907,0.05,1.925,1.545,scratch,random_rescue_10,200
6,0,0.4,0.98,0.945,0.9,4.91,4.485,4.4,0.11550528556108475,0.19640028476715088,1.328955054283142,0.41,0.04,0.58,0.555,10.0,0.8255102040816326,0.44977772687823453,0.0008163265306122403,0.4418469706561882,0.05,0.8263775510204081,0.4698629693526141,0.0016836734693877536,0.4616647955123335,0.05,1.775,1.86,scratch,random_rescue_10,200
7,0,0.455,0.98,0.915,0.9,4.37,4.485,4.4,0.17311209440231323,0.2565496563911438,1.2099472284317017,0.47,0.065,0.525,0.48,10.0,0.8306122448979592,0.4677766735269222,0.005918367346938772,0.457377926784684,0.05,0.8288775510204082,0.4757066065426234,0.0041836734693877515,0.4666384163277689,0.05,1.88,1.71,scratch,random_rescue_10,200
8,0,0.45,0.98,0.9,0.89,4.785,4.485,4.295,0.23322376608848572,0.23782718181610107,1.2464220523834229,0.45,0.08,0.535,0.47,10.0,0.8342346938775509,0.4749584161017114,0.009540816326530605,0.47023399312398395,0.05,0.8326530612244898,0.48957320035754054,0.00795918367346938,0.4869261832162738,0.05,1.865,1.71,scratch,random_rescue_10,200
9,0,0.445,0.98,0.895,0.89,4.945,4.485,4.37,0.24527153372764587,0.23363345861434937,1.2105995416641235,0.45,0.09,0.535,0.455,10.0,0.8399489795918368,0.5158992702140535,0.015255102040816322,0.5039818230702076,0.05,0.8364285714285714,0.5204310263737914,0.011734693877551017,0.509947295607999,0.05,1.97,1.625,scratch,random_rescue_10,200
10,0,0.49,0.98,0.88,0.865,4.615,4.485,4.33,0.2727859616279602,0.32339295744895935,1.1168584823608398,0.505,0.1,0.49,0.425,10.0,0.8430102040816326,0.531897849378241,0.01831632653061224,0.5237332978434278,0.05,0.8405102040816327,0.529602010454127,0.015816326530612233,0.525638856436126,0.05,1.905,1.66,scratch,random_rescue_10,200
11,0,0.45,0.98,0.88,0.87,5.415,4.485,4.405,0.29166096448898315,0.2943294644355774,1.129172921180725,0.455,0.1,0.53,0.465,10.0,0.8354591836734694,0.4971732971977871,0.010765306122448977,0.48665747441351415,0.05,0.8326530612244898,0.5143578138629177,0.007959183673469386,0.500246001536143,0.05,1.91,1.635,scratch,random_rescue_10,200
12,0,0.545,0.98,0.9,0.89,4.57,4.485,4.335,0.1831260621547699,0.23962274193763733,1.0465502738952637,0.545,0.08,0.44,0.385,10.0,0.8240306122448979,0.4783290102728028,-0.0006632653061224558,0.46749862221098737,0.05,0.8241836734693878,0.492043766913241,-0.0005102040816326592,0.48014081973815337,0.05,1.755,1.77,scratch,random_rescue_10,200
13,0,0.51,0.98,0.89,0.89,5.005,4.485,4.475,0.22304603457450867,0.2557232677936554,1.0991986989974976,0.515,0.095,0.47,0.41,10.0,0.8281632653061223,0.49499276216384575,0.0034693877551020347,0.49037686225492505,0.05,0.8269387755102042,0.5009471144981129,0.00224489795918367,0.49511553303338585,0.05,1.81,1.69,scratch,random_rescue_10,200
14,0,0.51,0.98,0.88,0.865,4.47,4.485,4.365,0.24131613969802856,0.3162876069545746,1.0432631969451904,0.51,0.1,0.475,0.415,10.0,0.8497448979591836,0.5146090790016024,0.025051020408163264,0.5059080491028726,0.05,0.842908163265306,0.508340687338116,0.01821428571428571,0.5012492524646223,0.05,2.145,1.475,scratch,random_rescue_10,200
15,0,0.53,0.98,0.92,0.89,4.21,4.485,4.41,0.17232075333595276,0.21505378186702728,1.0429847240447998,0.54,0.06,0.45,0.415,10.0,0.8314285714285714,0.502230564243104,0.006734693877551017,0.48904320609755814,0.05,0.8288775510204082,0.49140628050479296,0.004183673469387752,0.48826135164592416,0.05,1.835,1.585,scratch,random_rescue_10,200
16,0,0.535,0.98,0.91,0.91,4.805,4.485,4.37,0.20656470954418182,0.21343034505844116,1.0000195503234863,0.535,0.07,0.45,0.41,10.0,0.8323469387755102,0.49685398474072895,0.007653061224489793,0.48996331897797063,0.05,0.8307142857142858,0.5052434940275273,0.0060204081632652985,0.4981190187577158,0.05,1.885,1.725,scratch,random_rescue_10,200
17,0,0.585,0.98,0.91,0.89,4.585,4.485,4.36,0.18683066964149475,0.2493186742067337,0.9854557514190674,0.59,0.07,0.395,0.34,10.0,0.825561224489796,0.48691470833681705,0.0008673469387755017,0.491098849310074,0.05,0.8223469387755102,0.47688163970973946,-0.0023469387755102084,0.486265108641237,0.05,1.985,1.67,scratch,random_rescue_10,200
18,0,0.56,0.98,0.9,0.89,4.395,4.485,4.41,0.18263095617294312,0.25685417652130127,1.0151175260543823,0.57,0.08,0.42,0.37,10.0,0.8281122448979592,0.4846117072964296,0.0034183673469387727,0.484403335407842,0.05,0.8267857142857141,0.48513083716369915,0.0020918367346938736,0.48185420100577175,0.05,1.875,1.745,scratch,random_rescue_10,200
19,0,0.58,0.98,0.92,0.905,4.595,4.485,4.255,0.16073521971702576,0.23639293015003204,0.9853146076202393,0.575,0.065,0.41,0.365,10.0,0.8363775510204081,0.5252170483845134,0.01168367346938775,0.5197847130149603,0.05,0.8330102040816327,0.5104391056259262,0.008316326530612244,0.5104369239881634,0.05,2.0,1.67,scratch,random_rescue_10,200
20,0,0.56,0.98,0.9,0.9,4.615,4.485,4.4,0.21319961547851562,0.2278076410293579,0.9809061288833618,0.57,0.08,0.42,0.375,10.0,0.8240816326530611,0.5087681843912245,-0.000612244897959186,0.5072509006923065,0.05,0.8231122448979592,0.5063929820167758,-0.0015816326530612263,0.5083378664404153,0.05,1.85,1.755,scratch,random_rescue_10,200
21,0,0.545,0.98,0.92,0.885,4.715,4.485,4.38,0.1760271042585373,0.24869021773338318,1.0421786308288574,0.55,0.06,0.44,0.395,10.0,0.8305102040816328,0.4980415121855684,0.005816326530612238,0.50687308346387,0.05,0.829234693877551,0.5036156422185184,0.004540816326530606,0.5077267554821446,0.05,1.845,1.72,scratch,random_rescue_10,200
22,0,0.545,0.98,0.905,0.88,4.85,4.485,4.33,0.19674544036388397,0.26557567715644836,1.0350652933120728,0.55,0.075,0.435,0.38,10.0,0.8252551020408163,0.49195959906979764,0.0005612244897959173,0.4925377459079027,0.05,0.8235204081632653,0.49102645444571746,-0.0011734693877551044,0.4854727182537317,0.05,1.82,1.65,scratch,random_rescue_10,200
23,0,0.575,0.98,0.91,0.905,4.465,4.485,4.36,0.16048651933670044,0.1952727735042572,0.9753479957580566,0.595,0.07,0.405,0.35,10.0,0.8299489795918368,0.517681941470971,0.005255102040816324,0.5092575962236151,0.05,0.8277551020408163,0.5140781328720543,0.0030612244897959147,0.5064315321482717,0.05,1.935,1.72,scratch,random_rescue_10,200
24,0,0.535,0.98,0.895,0.905,4.84,4.485,4.31,0.26024332642555237,0.2214658111333847,1.0107088088989258,0.54,0.085,0.445,0.405,10.0,0.8311224489795919,0.5296304279779629,0.006428571428571425,0.5227066498622298,0.05,0.8310204081632654,0.5328568628558567,0.006326530612244894,0.5152193650044501,0.05,1.75,1.74,scratch,random_rescue_10,200
25,0,0.58,0.98,0.905,0.91,4.495,4.485,4.435,0.19967029988765717,0.207972913980484,0.9791120886802673,0.6,0.075,0.4,0.355,10.0,0.8277551020408163,0.5059120100377729,0.003061224489795921,0.5004686417712947,0.05,0.8266326530612244,0.5066860124191418,0.00193877551020408,0.5020254954695702,0.05,1.795,1.685,scratch,random_rescue_10,200
26,0,0.55,0.98,0.91,0.905,4.13,4.485,4.365,0.2109862118959427,0.20711883902549744,1.0544096231460571,0.55,0.07,0.435,0.39,10.0,0.8255102040816326,0.5150075235224764,0.0008163265306122463,0.5036977197695524,0.05,0.8254591836734693,0.5116275159322461,0.0007653061224489777,0.49734533987939356,0.05,1.745,1.74,scratch,random_rescue_10,200
27,0,0.56,0.98,0.93,0.905,4.01,4.485,4.4,0.11684326827526093,0.18809981644153595,1.0775409936904907,0.57,0.055,0.42,0.38,10.0,0.8287755102040816,0.5055416889857854,0.004081632653061219,0.4953908862173557,0.05,0.8272448979591835,0.5029242756484118,0.0025510204081632608,0.49807164996862413,0.05,1.795,1.645,scratch,random_rescue_10,200
28,0,0.59,0.98,0.91,0.885,4.755,4.485,4.375,0.19414296746253967,0.24427680671215057,1.0060961246490479,0.6,0.07,0.39,0.36,10.0,0.8197448979591836,0.49910318096674905,-0.004948979591836736,0.48623305941931905,0.05,0.8210714285714286,0.5056263875499897,-0.003622448979591841,0.4946588973049074,0.05,1.73,1.86,scratch,random_rescue_10,200
29,0,0.54,0.98,0.91,0.89,4.24,4.485,4.49,0.1923639476299286,0.2783970534801483,1.1129721403121948,0.55,0.075,0.44,0.4,10.0,0.8247448979591836,0.4962407882503072,5.1020408163266474e-05,0.49020700763911007,0.05,0.8244387755102041,0.5027506048666274,-0.00025510204081633013,0.49232472728937865,0.05,1.74,1.71,scratch,random_rescue_10,200
30,0,0.58,0.98,0.91,0.895,4.41,4.485,4.45,0.1880902498960495,0.21910586953163147,1.0274782180786133,0.58,0.07,0.405,0.355,10.0,0.835,0.5142567748566417,0.010306122448979589,0.5117372080823407,0.05,0.832857142857143,0.5110072277017463,0.008163265306122446,0.5115835045836866,0.05,1.905,1.695,scratch,random_rescue_10,200
31,0,0.605,0.98,0.92,0.885,4.455,4.485,4.32,0.13701651990413666,0.24836541712284088,0.9495219588279724,0.615,0.065,0.375,0.335,10.0,0.8234693877551019,0.4916501277604304,-0.001224489795918372,0.49107983002439143,0.05,0.8246938775510205,0.4990995083095629,-3.885780586188048e-18,0.48918934611603615,0.05,1.69,1.81,scratch,random_rescue_10,200
32,0,0.575,0.98,0.92,0.905,4.43,4.485,4.4,0.16284145414829254,0.20041446387767792,1.0103310346603394,0.585,0.06,0.405,0.36,10.0,0.8178571428571427,0.48160135684500616,-0.006836734693877553,0.47501011156477035,0.05,0.8209693877551021,0.49207068917354835,-0.0037244897959183686,0.4893857868388295,0.05,1.54,1.845,scratch,random_rescue_10,200
33,0,0.57,0.98,0.91,0.91,4.18,4.485,4.405,0.20366717875003815,0.21813444793224335,0.9743824005126953,0.58,0.07,0.41,0.365,10.0,0.8230102040816327,0.5185943208201436,-0.0016836734693877592,0.5025399786606431,0.05,0.8232653061224491,0.5109692705384954,-0.001428571428571429,0.5092336950078606,0.05,1.77,1.795,scratch,random_rescue_10,200
34,0,0.575,0.98,0.915,0.885,4.685,4.485,4.425,0.19315741956233978,0.258549302816391,1.0539737939834595,0.585,0.065,0.405,0.365,10.0,0.8280102040816327,0.5235035500282817,0.003316326530612239,0.5136751846224069,0.05,0.8276530612244898,0.5198759497711289,0.0029591836734693816,0.5148490685876459,0.05,1.79,1.755,scratch,random_rescue_10,200
35,0,0.55,0.98,0.91,0.92,4.55,4.485,4.37,0.16516906023025513,0.15711654722690582,1.1661661863327026,0.56,0.07,0.43,0.4,10.0,0.8186734693877551,0.4819204931361718,-0.00602040816326531,0.4777607384882867,0.05,0.819438775510204,0.48422295510599217,-0.005255102040816327,0.4748920427635312,0.05,1.675,1.75,scratch,random_rescue_10,200
36,0,0.575,0.98,0.92,0.905,3.87,4.485,4.465,0.17233385145664215,0.22881726920604706,1.0763959884643555,0.585,0.06,0.405,0.375,10.0,0.8166836734693877,0.48377834394077623,-0.008010204081632657,0.4861932850188168,0.05,0.8178061224489795,0.486505820624035,-0.006887755102040818,0.49121371515095236,0.05,1.71,1.82,scratch,random_rescue_10,200
37,0,0.6,0.98,0.895,0.895,4.555,4.485,4.375,0.2462429255247116,0.2887269854545593,1.0762434005737305,0.59,0.085,0.39,0.335,10.0,0.8269387755102042,0.5075750312306427,0.002244897959183671,0.5044165873527526,0.05,0.8255102040816327,0.5024171277128153,0.0008163265306122447,0.5060660694167018,0.05,1.86,1.72,scratch,random_rescue_10,200
38,0,0.595,0.98,0.915,0.89,4.38,4.485,4.415,0.17667783796787262,0.25773385167121887,1.0499680042266846,0.6,0.07,0.39,0.345,10.0,0.8253571428571428,0.501714350583428,0.0006632653061224475,0.4949392688460648,0.05,0.8248979591836735,0.49952619338316484,0.00020408163265305811,0.49187388371676205,0.05,1.745,1.7,scratch,random_rescue_10,200
39,0,0.595,0.98,0.9,0.895,4.285,4.485,4.41,0.26600587368011475,0.24533843994140625,1.0327926874160767,0.605,0.085,0.385,0.34,10.0,0.822091836734694,0.4874545997702732,-0.0026020408163265323,0.4995438365451992,0.05,0.8228061224489795,0.49338154257708206,-0.0018877551020408184,0.5026520740613342,0.05,1.74,1.81,scratch,random_rescue_10,200
40,0,0.615,0.98,0.92,0.895,4.505,4.485,4.475,0.17783738672733307,0.23487314581871033,1.050513505935669,0.615,0.06,0.37,0.355,10.0,0.8189285714285713,0.4733840784071996,-0.005765306122448983,0.48106659680604935,0.05,0.8192346938775511,0.4799261560153575,-0.00545918367346939,0.4790654091536999,0.05,1.725,1.755,scratch,random_rescue_10,200
41,0,0.58,0.98,0.93,0.91,4.515,4.485,4.365,0.1601182520389557,0.199040487408638,1.0373345613479614,0.58,0.055,0.405,0.36,10.0,0.8206632653061224,0.48356579780955405,-0.004030612244897963,0.48832349697127936,0.05,0.8216836734693876,0.48467963329787417,-0.003010204081632661,0.48860653745010496,0.05,1.75,1.85,scratch,random_rescue_10,200
42,0,0.585,0.98,0.915,0.895,4.6,4.485,4.43,0.15860652923583984,0.22771719098091125,1.0962800979614258,0.595,0.065,0.395,0.355,10.0,0.8149489795918368,0.4532607540826077,-0.009744897959183674,0.46038994421251117,0.05,0.8174489795918367,0.4640622368200973,-0.007244897959183676,0.4658437508530915,0.05,1.615,1.86,scratch,random_rescue_10,200
43,0,0.61,0.98,0.91,0.91,4.205,4.485,4.54,0.17052453756332397,0.20865823328495026,1.1180570125579834,0.62,0.07,0.37,0.33,10.0,0.8145918367346939,0.43699692156958697,-0.010102040816326539,0.4441375132184476,0.05,0.8176530612244898,0.45948056554702493,-0.007040816326530619,0.4546924157626927,0.05,1.625,1.925,scratch,random_rescue_10,200
44,0,0.595,0.98,0.9,0.915,4.235,4.485,4.36,0.16347430646419525,0.19410492479801178,1.083109736442566,0.605,0.08,0.385,0.34,10.0,0.8209693877551021,0.4875681398437146,-0.0037244897959183686,0.490579300604295,0.05,0.8222448979591838,0.49915785088896436,-0.002448979591836739,0.49904384234920146,0.05,1.735,1.86,scratch,random_rescue_10,200
45,0,0.605,0.98,0.925,0.915,4.22,4.485,4.48,0.1709112524986267,0.20613951981067657,1.073063611984253,0.615,0.055,0.375,0.35,10.0,0.8120408163265306,0.4420388334536827,-0.012653061224489802,0.4478912697150372,0.05,0.8139285714285713,0.45178041317091355,-0.010765306122448984,0.4581572568183765,0.05,1.625,1.81,scratch,random_rescue_10,200
46,0,0.58,0.98,0.925,0.91,4.535,4.485,4.36,0.15505972504615784,0.1889449954032898,1.1101768016815186,0.59,0.055,0.4,0.36,10.0,0.8228571428571427,0.4751350150023646,-0.001836734693877551,0.4732376615458634,0.05,0.8238775510204082,0.48715913134924066,-0.0008163265306122513,0.4816073324531317,0.05,1.72,1.82,scratch,random_rescue_10,200
47,0,0.59,0.98,0.915,0.9,4.275,4.485,4.455,0.15418700873851776,0.18523061275482178,1.161260724067688,0.6,0.065,0.39,0.345,10.0,0.8230102040816327,0.4751366796036896,-0.0016836734693877582,0.47288545084185896,0.05,0.8232142857142857,0.47903063245579,-0.0014795918367346977,0.477824789211154,0.05,1.71,1.73,scratch,random_rescue_10,200
48,0,0.595,0.98,0.9,0.875,4.425,4.485,4.4,0.1886724829673767,0.2231728732585907,1.0786261558532715,0.605,0.08,0.385,0.34,10.0,0.8205102040816326,0.4742024632351828,-0.004183673469387755,0.4723148579132976,0.05,0.8206122448979591,0.4743532369741011,-0.004081632653061229,0.47449809942394494,0.05,1.73,1.74,scratch,random_rescue_10,200
49,0,0.58,0.98,0.915,0.9,4.32,4.485,4.495,0.18340183794498444,0.17089229822158813,1.1249229907989502,0.59,0.065,0.4,0.345,10.0,0.8198469387755103,0.4916705651218459,-0.0048469387755102076,0.47714493380393835,0.05,0.8198469387755103,0.48850316945040356,-0.004846938775510205,0.4787673538736999,0.05,1.725,1.725,scratch,random_rescue_10,200
50,0,0.59,0.98,0.92,0.895,4.2,4.485,4.395,0.1714027225971222,0.19460567831993103,1.1555333137512207,0.6,0.065,0.39,0.34,10.0,0.822295918367347,0.4943198399052507,-0.0023979591836734726,0.4863307807315141,0.05,0.8236224489795919,0.5054899697884224,-0.0010714285714285747,0.4954611770808697,0.05,1.56,1.69,scratch,random_rescue_10,200
51,0,0.595,0.98,0.925,0.9,4.475,4.485,4.4,0.16595706343650818,0.22426623106002808,1.16145920753479,0.595,0.055,0.39,0.355,10.0,0.8214285714285714,0.49948278088893044,-0.003265306122448986,0.48874038048088553,0.05,0.8230102040816325,0.5072204981067459,-0.0016836734693877614,0.5007603205554187,0.05,1.6,1.755,scratch,random_rescue_10,200
52,0,0.57,0.98,0.92,0.88,4.21,4.485,4.335,0.15306062996387482,0.25438153743743896,1.1087063550949097,0.58,0.06,0.41,0.36,10.0,0.8139795918367346,0.47665593705705916,-0.010714285714285716,0.46680754915578293,0.05,0.817857142857143,0.49855958692956137,-0.006836734693877555,0.481624454036355,0.05,1.615,1.995,scratch,random_rescue_10,200
53,0,0.585,0.98,0.92,0.905,4.305,4.485,4.34,0.14960618317127228,0.19253681600093842,1.116169810295105,0.595,0.06,0.395,0.365,10.0,0.8254591836734693,0.5130966309195141,0.0007653061224489754,0.4965804499294609,0.05,0.8254591836734694,0.5031263021855116,0.0007653061224489754,0.49419681273400784,0.05,1.68,1.68,scratch,random_rescue_10,200
54,0,0.62,0.98,0.93,0.895,4.39,4.485,4.365,0.1827857941389084,0.22278328239917755,1.128869652748108,0.63,0.055,0.36,0.34,10.0,0.817857142857143,0.48666527460788894,-0.006836734693877553,0.48717577860690653,0.05,0.8189285714285713,0.4883464955705906,-0.005765306122448983,0.489536060616374,0.05,1.75,1.855,scratch,random_rescue_10,200
55,0,0.585,0.98,0.925,0.91,4.245,4.485,4.41,0.15380455553531647,0.17660337686538696,1.1183067560195923,0.585,0.055,0.4,0.36,10.0,0.8248979591836735,0.5003346520883208,0.0002040816326530559,0.4905998090840876,0.05,0.8257142857142857,0.5015815333745173,0.0010204081632653084,0.4931729433685541,0.05,1.675,1.755,scratch,random_rescue_10,200
56,0,0.605,0.98,0.925,0.905,4.595,4.485,4.38,0.14020729064941406,0.1887538582086563,1.1417622566223145,0.615,0.055,0.375,0.35,10.0,0.8138265306122449,0.45747331996084994,-0.010867346938775512,0.4608458662498742,0.05,0.815561224489796,0.46669583009815724,-0.009132653061224492,0.46751941576600076,0.05,1.67,1.84,scratch,random_rescue_10,200
57,0,0.595,0.98,0.925,0.905,4.615,4.485,4.44,0.1283072978258133,0.205002099275589,1.1451395750045776,0.605,0.055,0.385,0.335,10.0,0.8226020408163265,0.49519960561429993,-0.0020918367346938836,0.4854100076574832,0.05,0.8228061224489795,0.4915860384149134,-0.0018877551020408212,0.4862661159038544,0.05,1.855,1.875,scratch,random_rescue_10,200
58,0,0.615,0.98,0.93,0.91,4.415,4.485,4.47,0.1323564350605011,0.18411533534526825,1.2143443822860718,0.625,0.055,0.365,0.335,10.0,0.8254081632653061,0.4738838995990115,0.000714285714285709,0.4804742872156203,0.05,0.8261224489795919,0.4816719768779746,0.0014285714285714258,0.48217674406245353,0.05,1.66,1.73,scratch,random_rescue_10,200
59,0,0.625,0.98,0.94,0.905,4.445,4.485,4.41,0.09490323811769485,0.17714904248714447,1.0927921533584595,0.635,0.04,0.355,0.33,10.0,0.8143367346938776,0.46597054045709585,-0.01035714285714286,0.47030107241356744,0.05,0.8154081632653062,0.4624352286853755,-0.009285714285714286,0.47120911909267305,0.05,1.68,1.785,scratch,random_rescue_10,200
60,0,0.61,0.98,0.935,0.895,4.4,4.485,4.41,0.10733695328235626,0.20011299848556519,1.172390341758728,0.62,0.045,0.37,0.345,10.0,0.8178061224489795,0.4596204617297242,-0.00688775510204082,0.46778047788713595,0.05,0.818265306122449,0.46514701388788804,-0.006428571428571434,0.47094962099567056,0.05,1.81,1.855,scratch,random_rescue_10,200
61,0,0.6,0.98,0.915,0.91,4.34,4.485,4.43,0.13797590136528015,0.15530021488666534,1.1358616352081299,0.605,0.065,0.38,0.34,10.0,0.8196428571428572,0.47335434744560617,-0.005051020408163267,0.46886248224414884,0.05,0.8199489795918368,0.48331446912671105,-0.004744897959183673,0.4720996388792992,0.05,1.82,1.85,scratch,random_rescue_10,200
62,0,0.595,0.98,0.91,0.905,4.575,4.485,4.47,0.15529264509677887,0.18593822419643402,1.1901992559432983,0.595,0.07,0.39,0.34,10.0,0.8198979591836735,0.4708781745873164,-0.004795918367346943,0.47640940284822136,0.05,0.8211224489795919,0.48095364113072003,-0.0035714285714285744,0.4758261177642271,0.05,1.705,1.825,scratch,random_rescue_10,200
63,0,0.605,0.98,0.94,0.93,4.495,4.485,4.465,0.09980902820825577,0.11116228252649307,1.0944081544876099,0.605,0.04,0.38,0.355,10.0,0.817908163265306,0.48649165329668764,-0.006785714285714291,0.4801178439782234,0.05,0.8202551020408164,0.4911362602770396,-0.00443877551020408,0.4783294146694243,0.05,1.67,1.9,scratch,random_rescue_10,200
64,0,0.58,0.98,0.905,0.88,4.66,4.485,4.505,0.1494990736246109,0.22024917602539062,1.2029609680175781,0.59,0.075,0.4,0.35,10.0,0.8159693877551021,0.4718438504804465,-0.00872448979591837,0.46447003991110253,0.05,0.8178061224489795,0.4826423183329573,-0.006887755102040818,0.4764932836405933,0.05,1.715,1.895,scratch,random_rescue_10,200
65,0,0.615,0.98,0.93,0.92,4.545,4.485,4.385,0.14692376554012299,0.1618894785642624,1.1567796468734741,0.615,0.05,0.37,0.345,10.0,0.8165816326530612,0.46735377616987805,-0.008112244897959187,0.4692340162984328,0.05,0.8177551020408163,0.47618820869751244,-0.006938775510204089,0.47853256842121483,0.05,1.715,1.83,scratch,random_rescue_10,200
66,0,0.62,0.98,0.935,0.915,4.41,4.485,4.52,0.14045971632003784,0.1761384904384613,1.1121258735656738,0.63,0.045,0.36,0.345,10.0,0.8204081632653061,0.4925239348477437,-0.004285714285714288,0.489676062874496,0.05,0.819438775510204,0.4868878999036953,-0.0052551020408163306,0.4880509864911437,0.05,1.895,1.8,scratch,random_rescue_10,200
67,0,0.61,0.98,0.915,0.92,4.49,4.485,4.45,0.1417485922574997,0.1420396864414215,1.1842925548553467,0.62,0.065,0.37,0.34,10.0,0.8152551020408163,0.4691374171184787,-0.009438775510204089,0.47402374807279557,0.05,0.8165306122448979,0.476410036095061,-0.008163265306122453,0.4769983323290944,0.05,1.795,1.92,scratch,random_rescue_10,200
68,0,0.6,0.98,0.955,0.92,4.475,4.485,4.435,0.07542046904563904,0.1484212428331375,1.2251267433166504,0.61,0.025,0.38,0.365,10.0,0.8154591836734693,0.47761826600294066,-0.009234693877551022,0.47785834684182193,0.05,0.8153061224489795,0.47328881651694943,-0.00938775510204082,0.4746844151057303,0.05,1.76,1.745,scratch,random_rescue_10,200
69,0,0.595,0.98,0.94,0.935,4.46,4.485,4.52,0.1200876459479332,0.13315680623054504,1.2299808263778687,0.605,0.04,0.385,0.365,10.0,0.8204081632653061,0.4879868102389359,-0.00428571428571429,0.4878843568713637,0.05,0.8226530612244898,0.4975289661091391,-0.002040816326530619,0.4988284764625132,0.05,1.715,1.935,scratch,random_rescue_10,200
70,0,0.61,0.98,0.935,0.93,4.49,4.485,4.425,0.12092536687850952,0.15687140822410583,1.2318824529647827,0.62,0.045,0.37,0.35,10.0,0.8185714285714286,0.4830207703386064,-0.0061224489795918425,0.48694042857736347,0.05,0.8196938775510205,0.4875277695653963,-0.005000000000000002,0.49044508934020997,0.05,1.775,1.885,scratch,random_rescue_10,200
71,0,0.595,0.98,0.925,0.89,4.51,4.485,4.45,0.14184482395648956,0.20775695145130157,1.1906228065490723,0.595,0.055,0.39,0.36,10.0,0.8225,0.4948250045041194,-0.0021938775510204163,0.48525327441748234,0.05,0.8212755102040816,0.498042471228169,-0.0034183673469387805,0.47915277887135743,0.05,1.82,1.7,scratch,random_rescue_10,200
72,0,0.62,0.98,0.93,0.925,4.43,4.485,4.42,0.1223040521144867,0.14877060055732727,1.1341090202331543,0.62,0.05,0.365,0.34,10.0,0.8171938775510205,0.47204349856484906,-0.007500000000000004,0.4722886792576173,0.05,0.8172959183673468,0.46937374722546693,-0.007397959183673476,0.4741565197426826,0.05,1.735,1.745,scratch,random_rescue_10,200
73,0,0.63,0.98,0.93,0.925,4.46,4.485,4.47,0.13521593809127808,0.17032390832901,1.156625509262085,0.64,0.05,0.35,0.325,10.0,0.8164285714285714,0.4759678452214505,-0.008265306122448985,0.4756643057760084,0.05,0.8181122448979592,0.4820850050493538,-0.006581632653061223,0.47774427278898657,0.05,1.74,1.905,scratch,random_rescue_10,200
74,0,0.62,0.98,0.91,0.905,4.615,4.485,4.375,0.15673957765102386,0.2061273157596588,1.1734216213226318,0.63,0.07,0.36,0.33,10.0,0.8201020408163265,0.4962406222785787,-0.004591836734693884,0.48560220332583415,0.05,0.8198979591836735,0.4932000888349954,-0.004795918367346942,0.4832698903977871,0.05,1.86,1.84,scratch,random_rescue_10,200
75,0,0.61,0.98,0.94,0.92,4.415,4.485,4.34,0.1242251992225647,0.1551125943660736,1.185102105140686,0.62,0.045,0.37,0.35,10.0,0.8176530612244898,0.4878674724712141,-0.007040816326530617,0.4795677982014604,0.05,0.8192346938775509,0.4955916610447336,-0.005459183673469387,0.4883000957593322,0.05,1.665,1.82,scratch,random_rescue_10,200
76,0,0.615,0.98,0.92,0.91,4.42,4.485,4.325,0.10816951096057892,0.1657128483057022,1.2085294723510742,0.625,0.06,0.365,0.345,10.0,0.8180102040816325,0.4865576027930412,-0.006683673469387761,0.4765599642979214,0.05,0.8180612244897958,0.4890950129104453,-0.0066326530612244895,0.48125331602816,0.05,1.765,1.77,scratch,random_rescue_10,200
77,0,0.62,0.98,0.925,0.925,4.345,4.485,4.325,0.11017215996980667,0.14012925326824188,1.1735520362854004,0.63,0.055,0.36,0.33,10.0,0.8168367346938774,0.48327686275280085,-0.007857142857142863,0.4796912698780943,0.05,0.8195408163265304,0.4879027393839839,-0.005153061224489801,0.48540673471055923,0.05,1.65,1.915,scratch,random_rescue_10,200
78,0,0.64,0.98,0.93,0.91,4.405,4.485,4.355,0.14207440614700317,0.1540590226650238,1.1520590782165527,0.65,0.05,0.34,0.31,10.0,0.8168367346938775,0.4839898614010953,-0.007857142857142863,0.4786446987936506,0.05,0.8179081632653061,0.493228831283908,-0.006785714285714295,0.4866456116363406,0.05,1.695,1.8,scratch,random_rescue_10,200
79,0,0.62,0.98,0.925,0.915,4.295,4.485,4.445,0.16492027044296265,0.15382695198059082,1.1408418416976929,0.63,0.055,0.36,0.33,10.0,0.8184183673469388,0.4883463116526655,-0.006275510204081638,0.48857954287494065,0.05,0.8185204081632653,0.47792975091438045,-0.0061734693877551075,0.48132465734146535,0.05,1.75,1.76,scratch,random_rescue_10,200
80,0,0.61,0.98,0.935,0.905,4.61,4.485,4.495,0.12692180275917053,0.16467617452144623,1.1789202690124512,0.62,0.045,0.37,0.34,10.0,0.8170408163265306,0.4844696495437188,-0.007653061224489801,0.47701157223957125,0.05,0.8185204081632653,0.4955297371863964,-0.006173469387755106,0.48690732416696847,0.05,1.745,1.89,scratch,random_rescue_10,200
81,0,0.62,0.98,0.925,0.92,4.505,4.485,4.395,0.14968611299991608,0.17183353006839752,1.1964055299758911,0.63,0.055,0.36,0.335,10.0,0.8152551020408163,0.4857797358468343,-0.009438775510204086,0.48187717563065235,0.05,0.8166836734693877,0.4948130739557308,-0.008010204081632655,0.49378755198791624,0.05,1.69,1.83,scratch,random_rescue_10,200
82,0,0.605,0.98,0.925,0.895,4.405,4.485,4.415,0.11967332661151886,0.20711460709571838,1.1858824491500854,0.615,0.055,0.375,0.34,10.0,0.8146428571428572,0.478891299540473,-0.010051020408163271,0.47983278638741467,0.05,0.8159183673469387,0.4839675383131557,-0.008775510204081634,0.48773088527377695,0.05,1.705,1.83,scratch,random_rescue_10,200
83,0,0.615,0.98,0.905,0.915,4.36,4.485,4.385,0.1732509583234787,0.18288737535476685,1.2055338621139526,0.625,0.075,0.365,0.32,10.0,0.8155102040816327,0.4831857559882442,-0.00918367346938776,0.4864489179843804,0.05,0.8184183673469388,0.4925859923833391,-0.006275510204081635,0.49701359678059814,0.05,1.69,1.975,scratch,random_rescue_10,200
84,0,0.605,0.98,0.92,0.91,4.515,4.485,4.385,0.17470891773700714,0.19290414452552795,1.2266119718551636,0.615,0.06,0.375,0.345,10.0,0.814795918367347,0.48510001303281036,-0.009897959183673474,0.4804356431786437,0.05,0.8185204081632653,0.4961828472194576,-0.006173469387755103,0.483430095538497,0.05,1.63,1.995,scratch,random_rescue_10,200
85,0,0.615,0.98,0.92,0.91,4.53,4.485,4.405,0.1609305590391159,0.16956238448619843,1.1940124034881592,0.625,0.06,0.365,0.33,10.0,0.8134693877551021,0.47662246711131684,-0.011224489795918368,0.4766646998946089,0.05,0.8177551020408163,0.49125346796809327,-0.006938775510204082,0.4869131725281477,0.05,1.615,2.035,scratch,random_rescue_10,200
86,0,0.625,0.98,0.945,0.915,4.465,4.485,4.445,0.09881066530942917,0.17651072144508362,1.16884183883667,0.635,0.035,0.355,0.335,10.0,0.8142857142857143,0.4680535523486801,-0.010408163265306128,0.472803814803483,0.05,0.8156632653061224,0.46735118639630935,-0.009030612244897967,0.4737859792634845,0.05,1.655,1.79,scratch,random_rescue_10,200
87,0,0.625,0.98,0.935,0.915,4.54,4.485,4.505,0.11753396689891815,0.12319900840520859,1.157055377960205,0.635,0.045,0.355,0.32,10.0,0.8144897959183673,0.47491628451816215,-0.010204081632653062,0.4762324002519017,0.05,0.8155102040816327,0.4732828481872331,-0.009183673469387761,0.4816474641114473,0.05,1.76,1.86,scratch,random_rescue_10,200
88,0,0.62,0.98,0.915,0.92,4.525,4.485,4.51,0.17538240551948547,0.16511349380016327,1.205803394317627,0.63,0.065,0.36,0.32,10.0,0.8136734693877551,0.4717632219812195,-0.01102040816326531,0.4774720895488281,0.05,0.8169387755102041,0.48172898090724103,-0.007755102040816333,0.48695462584495547,0.05,1.66,1.98,scratch,random_rescue_10,200
89,0,0.62,0.98,0.915,0.925,4.58,4.485,4.38,0.1480569988489151,0.137562096118927,1.2045421600341797,0.63,0.065,0.36,0.325,10.0,0.814795918367347,0.4718372183427499,-0.009897959183673472,0.4757136700267438,0.05,0.817091836734694,0.4738362630204203,-0.007602040816326538,0.4790612866170704,0.05,1.71,1.935,scratch,random_rescue_10,200
90,0,0.615,0.98,0.94,0.925,4.56,4.485,4.445,0.10413626581430435,0.14151297509670258,1.2043085098266602,0.625,0.04,0.365,0.345,10.0,0.8143877551020409,0.4686249310777352,-0.010306122448979594,0.47758649354917,0.05,0.8169897959183673,0.47868578496320635,-0.007704081632653062,0.4824709145538509,0.05,1.685,1.94,scratch,random_rescue_10,200
91,0,0.615,0.98,0.93,0.915,4.61,4.485,4.405,0.11366859078407288,0.16011196374893188,1.2142130136489868,0.625,0.05,0.365,0.33,10.0,0.8138265306122449,0.464220141352025,-0.010867346938775512,0.4715450539079029,0.05,0.8154591836734695,0.470000459259149,-0.009234693877551025,0.47779266906902196,0.05,1.73,1.89,scratch,random_rescue_10,200
92,0,0.61,0.98,0.915,0.915,4.62,4.485,4.535,0.13503476977348328,0.17668037116527557,1.2045221328735352,0.62,0.065,0.37,0.335,10.0,0.815204081632653,0.468960476031382,-0.009489795918367348,0.4730608482111711,0.05,0.8158673469387755,0.47066397059425974,-0.008826530612244905,0.4749662326462567,0.05,1.78,1.845,scratch,random_rescue_10,200
93,0,0.61,0.98,0.935,0.915,4.635,4.485,4.5,0.11042648553848267,0.17626197636127472,1.1963084936141968,0.62,0.045,0.37,0.35,10.0,0.8147448979591836,0.4764745524563938,-0.00994897959183674,0.4771692715783138,0.05,0.8173979591836735,0.4885016326735342,-0.007295918367346943,0.4858150683157146,0.05,1.72,1.98,scratch,random_rescue_10,200
94,0,0.61,0.98,0.93,0.91,4.595,4.485,4.455,0.1485835611820221,0.18581566214561462,1.1844154596328735,0.62,0.05,0.37,0.34,10.0,0.8145408163265305,0.46675982264861726,-0.0101530612244898,0.47168639951967634,0.05,0.8176020408163265,0.4869170816450173,-0.007091836734693884,0.48431637895293533,0.05,1.695,1.995,scratch,random_rescue_10,200
95,0,0.61,0.98,0.93,0.91,4.595,4.485,4.51,0.13106484711170197,0.1878424882888794,1.1843388080596924,0.62,0.05,0.37,0.335,10.0,0.8151530612244897,0.4763120494203512,-0.009540816326530617,0.4765545059146825,0.05,0.8173979591836735,0.48574466116162135,-0.007295918367346946,0.48411450734362005,0.05,1.76,1.98,scratch,random_rescue_10,200
96,0,0.61,0.98,0.93,0.92,4.595,4.485,4.44,0.1553700864315033,0.16123360395431519,1.1821686029434204,0.62,0.05,0.37,0.34,10.0,0.8148469387755103,0.47529703813616775,-0.009846938775510208,0.47620620229863564,0.05,0.8165306122448981,0.48522226593490947,-0.008163265306122455,0.482437051050365,0.05,1.71,1.875,scratch,random_rescue_10,200
97,0,0.605,0.98,0.935,0.92,4.615,4.485,4.475,0.13351355493068695,0.15539386868476868,1.1867636442184448,0.615,0.045,0.375,0.35,10.0,0.8147448979591837,0.4752609962635685,-0.00994897959183674,0.4754669939132873,0.05,0.8161224489795919,0.47909610259058505,-0.008571428571428579,0.4794548650830984,0.05,1.735,1.87,scratch,random_rescue_10,200
98,0,0.605,0.98,0.93,0.92,4.615,4.485,4.415,0.1361529678106308,0.15799474716186523,1.1898051500320435,0.615,0.05,0.375,0.345,10.0,0.8145918367346938,0.47739492578357057,-0.010102040816326534,0.4788452966150362,0.05,0.8165816326530613,0.4851509694038668,-0.008112244897959189,0.4868773755803704,0.05,1.75,1.945,scratch,random_rescue_10,200
99,0,0.605,0.98,0.925,0.92,4.615,4.485,4.465,0.1545124650001526,0.15764500200748444,1.1890240907669067,0.615,0.055,0.375,0.345,10.0,0.8146938775510205,0.4774787709745148,-0.01,0.4798683584260289,0.05,0.8161734693877551,0.4906637731926672,-0.008520408163265308,0.49280868597328664,0.05,1.745,1.89,scratch,random_rescue_10,200
100,0,0.605,0.98,0.92,0.92,4.615,4.485,4.46,0.1546981930732727,0.158900186419487,1.1915985345840454,0.615,0.06,0.375,0.34,10.0,0.8143367346938776,0.47645368066017224,-0.010357142857142858,0.47927769340691156,0.05,0.8157142857142857,0.4856233729994241,-0.0089795918367347,0.4886921084858477,0.05,1.73,1.865,scratch,random_rescue_10,200
0,0,0.085,0.98,0.875,0.875,5.92,4.485,4.39,0.329533189535141,0.329533189535141,1.8394066095352173,0.09,0.105,0.895,0.8,0.0,0.850561224489796,0.5981794121635886,0.025867346938775508,0.5913978515937924,0.05,0.850561224489796,0.5981794121635886,0.025867346938775508,0.5913978515937924,0.05,0.0,0.0,scratch,student,200
1,0,0.24,0.98,0.895,0.895,5.31,4.485,4.45,0.2119244635105133,0.2119244635105133,1.5595855712890625,0.25,0.085,0.74,0.675,0.0,0.8160714285714286,0.43571191660479686,-0.008622448979591841,0.43717105424788316,0.05,0.8160714285714286,0.43571191660479686,-0.008622448979591841,0.43717105424788316,0.05,0.0,0.0,scratch,student,200
2,0,0.33,0.98,0.925,0.925,4.02,4.485,4.365,0.156127467751503,0.156127467751503,1.4207245111465454,0.33,0.055,0.655,0.605,0.0,0.8197448979591837,0.454392886044011,-0.0049489795918367385,0.4498625203562551,0.05,0.8197448979591837,0.454392886044011,-0.0049489795918367385,0.4498625203562551,0.05,0.0,0.0,scratch,student,200
3,0,0.41,0.98,0.91,0.91,4.13,4.485,4.47,0.20856481790542603,0.20856481790542603,1.3689841032028198,0.41,0.075,0.575,0.52,0.0,0.8014285714285714,0.40702577756607367,-0.023265306122448984,0.4247380812554911,0.05,0.8014285714285714,0.40702577756607367,-0.023265306122448984,0.4247380812554911,0.05,0.0,0.0,scratch,student,200
4,0,0.36,0.98,0.875,0.875,3.9,4.485,4.315,0.29701516032218933,0.29701516032218933,1.3847683668136597,0.365,0.105,0.62,0.52,0.0,0.8285714285714286,0.49728377254060524,0.003877551020408162,0.4946060840548307,0.05,0.8285714285714286,0.49728377254060524,0.003877551020408162,0.4946060840548307,0.05,0.0,0.0,scratch,student,200
5,0,0.375,0.98,0.86,0.86,4.16,4.485,4.45,0.31119582056999207,0.31119582056999207,1.3587907552719116,0.375,0.12,0.61,0.515,0.0,0.8321428571428572,0.5031208410041542,0.007448979591836729,0.4945377098834433,0.05,0.8321428571428572,0.5031208410041542,0.007448979591836729,0.4945377098834433,0.05,0.0,0.0,scratch,student,200
6,0,0.395,0.98,0.905,0.905,4.39,4.485,4.36,0.21704208850860596,0.21704208850860596,1.314875841140747,0.4,0.075,0.59,0.535,0.0,0.8315816326530612,0.4431210290003979,0.006887755102040811,0.4512800106387294,0.05,0.8315816326530612,0.4431210290003979,0.006887755102040811,0.4512800106387294,0.05,0.0,0.0,scratch,student,200
7,0,0.44,0.98,0.88,0.88,4.64,4.485,4.345,0.2737780809402466,0.2737780809402466,1.1887112855911255,0.45,0.105,0.54,0.45,0.0,0.8165306122448979,0.4352736032660655,-0.008163265306122453,0.44618037955020556,0.05,0.8165306122448979,0.4352736032660655,-0.008163265306122453,0.44618037955020556,0.05,0.0,0.0,scratch,student,200
8,0,0.43,0.98,0.895,0.895,4.655,4.485,4.43,0.26901814341545105,0.26901814341545105,1.2101768255233765,0.445,0.09,0.55,0.49,0.0,0.8284183673469387,0.5084359209398142,0.0037244897959183643,0.5124674543901346,0.05,0.8284183673469387,0.5084359209398142,0.0037244897959183643,0.5124674543901346,0.05,0.0,0.0,scratch,student,200
9,0,0.485,0.98,0.865,0.865,4.625,4.485,4.35,0.3097420930862427,0.3097420930862427,1.1775773763656616,0.49,0.115,0.495,0.4,0.0,0.8164795918367347,0.4510191062021435,-0.008214285714285719,0.4566286379634403,0.05,0.8164795918367347,0.4510191062021435,-0.008214285714285719,0.4566286379634403,0.05,0.0,0.0,scratch,student,200
10,0,0.465,0.98,0.875,0.875,4.39,4.485,4.4,0.24826712906360626,0.24826712906360626,1.1555958986282349,0.48,0.105,0.515,0.42,0.0,0.8229081632653061,0.49104232563855293,-0.0017857142857142872,0.4873155975528061,0.05,0.8229081632653061,0.49104232563855293,-0.0017857142857142872,0.4873155975528061,0.05,0.0,0.0,scratch,student,200
11,0,0.49,0.98,0.91,0.91,5.675,4.485,4.425,0.17809686064720154,0.17809686064720154,1.1050833463668823,0.495,0.07,0.49,0.44,0.0,0.8217857142857141,0.47980815048079356,-0.002908163265306128,0.4736906599160284,0.05,0.8217857142857141,0.47980815048079356,-0.002908163265306128,0.4736906599160284,0.05,0.0,0.0,scratch,student,200
12,0,0.49,0.98,0.89,0.89,4.005,4.485,4.46,0.18276186287403107,0.18276186287403107,1.0662730932235718,0.495,0.09,0.495,0.435,0.0,0.8276530612244898,0.49439380843098746,0.002959183673469381,0.48888881077757107,0.05,0.8276530612244898,0.49439380843098746,0.002959183673469381,0.48888881077757107,0.05,0.0,0.0,scratch,student,200
13,0,0.5,0.98,0.87,0.87,4.455,4.485,4.405,0.33811473846435547,0.33811473846435547,1.151853322982788,0.51,0.11,0.48,0.385,0.0,0.8357142857142859,0.5222300798939004,0.011020408163265301,0.5134316205140204,0.05,0.8357142857142859,0.5222300798939004,0.011020408163265301,0.5134316205140204,0.05,0.0,0.0,scratch,student,200
14,0,0.515,0.98,0.9,0.9,4.515,4.485,4.47,0.1752597838640213,0.1752597838640213,1.0472571849822998,0.515,0.08,0.47,0.405,0.0,0.8276530612244898,0.5022272387781919,0.0029591836734693838,0.4933294134773314,0.05,0.8276530612244898,0.5022272387781919,0.0029591836734693838,0.4933294134773314,0.05,0.0,0.0,scratch,student,200
15,0,0.525,0.98,0.905,0.905,3.985,4.485,4.385,0.21866309642791748,0.21866309642791748,1.0713902711868286,0.535,0.075,0.455,0.4,0.0,0.8321428571428571,0.5168370685400899,0.007448979591836729,0.5101611113781109,0.05,0.8321428571428571,0.5168370685400899,0.007448979591836729,0.5101611113781109,0.05,0.0,0.0,scratch,student,200
16,0,0.54,0.98,0.89,0.89,3.8,4.485,4.455,0.28571411967277527,0.28571411967277527,1.0081363916397095,0.545,0.09,0.44,0.38,0.0,0.8381632653061226,0.5463280575981545,0.013469387755102038,0.5322135410737246,0.05,0.8381632653061226,0.5463280575981545,0.013469387755102038,0.5322135410737246,0.05,0.0,0.0,scratch,student,200
17,0,0.545,0.98,0.91,0.91,4.41,4.485,4.435,0.13981544971466064,0.13981544971466064,1.0377779006958008,0.55,0.07,0.435,0.385,0.0,0.8188265306122449,0.48533891952528346,-0.005867346938775513,0.46887888468219896,0.05,0.8188265306122449,0.48533891952528346,-0.005867346938775513,0.46887888468219896,0.05,0.0,0.0,scratch,student,200
18,0,0.53,0.98,0.885,0.885,4.715,4.485,4.48,0.3080157935619354,0.3080157935619354,1.0834121704101562,0.54,0.095,0.45,0.38,0.0,0.8407142857142857,0.5449278601128936,0.016020408163265304,0.5408101913705469,0.05,0.8407142857142857,0.5449278601128936,0.016020408163265304,0.5408101913705469,0.05,0.0,0.0,scratch,student,200
19,0,0.56,0.98,0.905,0.905,5.175,4.485,4.34,0.17765535414218903,0.17765535414218903,0.9742185473442078,0.57,0.075,0.42,0.36,0.0,0.8233163265306122,0.5142535021589907,-0.001377551020408168,0.5089532300364226,0.05,0.8233163265306122,0.5142535021589907,-0.001377551020408168,0.5089532300364226,0.05,0.0,0.0,scratch,student,200
20,0,0.595,0.98,0.92,0.92,4.465,4.485,4.4,0.15839837491512299,0.15839837491512299,0.9601362347602844,0.61,0.06,0.385,0.35,0.0,0.8332142857142857,0.5214152521421667,0.008520408163265304,0.5119763334095478,0.05,0.8332142857142857,0.5214152521421667,0.008520408163265304,0.5119763334095478,0.05,0.0,0.0,scratch,student,200
21,0,0.565,0.98,0.905,0.905,4.97,4.485,4.375,0.22793209552764893,0.22793209552764893,0.9233435988426208,0.58,0.075,0.415,0.37,0.0,0.814795918367347,0.48253040579857015,-0.009897959183673475,0.48302632103208454,0.05,0.814795918367347,0.48253040579857015,-0.009897959183673475,0.48302632103208454,0.05,0.0,0.0,scratch,student,200
22,0,0.54,0.98,0.885,0.885,4.935,4.485,4.295,0.20295074582099915,0.20295074582099915,1.0612164735794067,0.545,0.095,0.44,0.38,0.0,0.8212755102040816,0.5016509462234343,-0.003418367346938779,0.496874155565165,0.05,0.8212755102040816,0.5016509462234343,-0.003418367346938779,0.496874155565165,0.05,0.0,0.0,scratch,student,200
23,0,0.58,0.98,0.87,0.87,3.95,4.485,4.4,0.2964067757129669,0.2964067757129669,0.9522523283958435,0.595,0.11,0.4,0.325,0.0,0.8272448979591838,0.5385115692385359,0.002551020408163263,0.5282537080720067,0.05,0.8272448979591838,0.5385115692385359,0.002551020408163263,0.5282537080720067,0.05,0.0,0.0,scratch,student,200
24,0,0.54,0.98,0.9,0.9,4.335,4.485,4.35,0.25077903270721436,0.25077903270721436,1.070642352104187,0.54,0.08,0.445,0.385,0.0,0.8180102040816328,0.49788110313644207,-0.006683673469387761,0.5014850052585825,0.05,0.8180102040816328,0.49788110313644207,-0.006683673469387761,0.5014850052585825,0.05,0.0,0.0,scratch,student,200
25,0,0.56,0.98,0.855,0.855,4.455,4.485,4.445,0.3268667459487915,0.3268667459487915,1.011478304862976,0.58,0.125,0.42,0.32,0.0,0.8257653061224491,0.5185421298498762,0.0010714285714285676,0.5175779994623736,0.05,0.8257653061224491,0.5185421298498762,0.0010714285714285676,0.5175779994623736,0.05,0.0,0.0,scratch,student,200
26,0,0.54,0.98,0.865,0.865,4.08,4.485,4.295,0.3127410411834717,0.3127410411834717,0.9889066815376282,0.555,0.115,0.44,0.355,0.0,0.8194897959183671,0.4907457210754009,-0.005204081632653061,0.49743456915253775,0.05,0.8194897959183671,0.4907457210754009,-0.005204081632653061,0.49743456915253775,0.05,0.0,0.0,scratch,student,200
27,0,0.52,0.98,0.86,0.86,4.325,4.485,4.375,0.2685844302177429,0.2685844302177429,1.046126365661621,0.54,0.12,0.46,0.35,0.0,0.8237755102040816,0.49141244524100686,-0.0009183673469387799,0.5028277270798571,0.05,0.8237755102040816,0.49141244524100686,-0.0009183673469387799,0.5028277270798571,0.05,0.0,0.0,scratch,student,200
28,0,0.575,0.98,0.9,0.9,4.43,4.485,4.46,0.19459640979766846,0.19459640979766846,1.027836799621582,0.59,0.085,0.405,0.345,0.0,0.8033673469387754,0.4301806599498952,-0.021326530612244904,0.44589083711616695,0.05,0.8033673469387754,0.4301806599498952,-0.021326530612244904,0.44589083711616695,0.05,0.0,0.0,scratch,student,200
29,0,0.57,0.98,0.915,0.915,4.27,4.485,4.285,0.21396051347255707,0.21396051347255707,1.0483561754226685,0.58,0.07,0.41,0.355,0.0,0.8293877551020408,0.5186290269576933,0.004693877551020402,0.522881222628057,0.05,0.8293877551020408,0.5186290269576933,0.004693877551020402,0.522881222628057,0.05,0.0,0.0,scratch,student,200
30,0,0.55,0.98,0.91,0.91,4.07,4.485,4.35,0.2043115198612213,0.2043115198612213,1.0506277084350586,0.56,0.07,0.43,0.37,0.0,0.8206632653061224,0.48336881311915275,-0.004030612244897959,0.4839111578930169,0.05,0.8206632653061224,0.48336881311915275,-0.004030612244897959,0.4839111578930169,0.05,0.0,0.0,scratch,student,200
31,0,0.55,0.98,0.87,0.87,4.535,4.485,4.385,0.30448615550994873,0.30448615550994873,1.016890525817871,0.565,0.11,0.43,0.345,0.0,0.8328061224489797,0.5253467569862547,0.008112244897959179,0.5278132524935063,0.05,0.8328061224489797,0.5253467569862547,0.008112244897959179,0.5278132524935063,0.05,0.0,0.0,scratch,student,200
32,0,0.575,0.98,0.88,0.88,4.1,4.485,4.445,0.2607262134552002,0.2607262134552002,1.0426924228668213,0.585,0.1,0.405,0.335,0.0,0.8247448979591836,0.4926090036721773,5.102040816326037e-05,0.497059212224558,0.05,0.8247448979591836,0.4926090036721773,5.102040816326037e-05,0.497059212224558,0.05,0.0,0.0,scratch,student,200
33,0,0.565,0.98,0.915,0.915,4.54,4.485,4.39,0.22395476698875427,0.22395476698875427,0.9502273797988892,0.58,0.07,0.415,0.355,0.0,0.8209693877551021,0.4711310164321723,-0.0037244897959183686,0.48820250274613497,0.05,0.8209693877551021,0.4711310164321723,-0.0037244897959183686,0.48820250274613497,0.05,0.0,0.0,scratch,student,200
34,0,0.575,0.98,0.88,0.88,4.105,4.485,4.25,0.289607971906662,0.289607971906662,1.018354058265686,0.585,0.105,0.405,0.33,0.0,0.825,0.5027190770699905,0.0003061224489795866,0.5040648553520441,0.05,0.825,0.5027190770699905,0.0003061224489795866,0.5040648553520441,0.05,0.0,0.0,scratch,student,200
35,0,0.585,0.98,0.91,0.91,4.11,4.485,4.44,0.1843021810054779,0.1843021810054779,1.007026195526123,0.59,0.075,0.395,0.34,0.0,0.814438775510204,0.4773726083321793,-0.010255102040816333,0.485302755353041,0.05,0.814438775510204,0.4773726083321793,-0.010255102040816333,0.485302755353041,0.05,0.0,0.0,scratch,student,200
36,0,0.57,0.98,0.885,0.885,4.15,4.485,4.17,0.2563666105270386,0.2563666105270386,1.0652525424957275,0.58,0.1,0.41,0.34,0.0,0.8278061224489796,0.5127554481782466,0.003112244897959183,0.5144231875613332,0.05,0.8278061224489796,0.5127554481782466,0.003112244897959183,0.5144231875613332,0.05,0.0,0.0,scratch,student,200
37,0,0.525,0.98,0.905,0.905,4.315,4.485,4.325,0.24939638376235962,0.24939638376235962,1.1714154481887817,0.535,0.08,0.455,0.385,0.0,0.817908163265306,0.47219262838934645,-0.006785714285714287,0.48581681214272976,0.05,0.817908163265306,0.47219262838934645,-0.006785714285714287,0.48581681214272976,0.05,0.0,0.0,scratch,student,200
38,0,0.57,0.98,0.9,0.9,4.585,4.485,4.355,0.28450220823287964,0.28450220823287964,0.9987134337425232,0.58,0.085,0.41,0.36,0.0,0.8233163265306124,0.49629507985984084,-0.0013775510204081648,0.5010293539427221,0.05,0.8233163265306124,0.49629507985984084,-0.0013775510204081648,0.5010293539427221,0.05,0.0,0.0,scratch,student,200
39,0,0.565,0.98,0.89,0.89,4.275,4.485,4.315,0.24677421152591705,0.24677421152591705,1.0530710220336914,0.57,0.095,0.415,0.355,0.0,0.8235714285714286,0.4885004634800341,-0.0011224489795918402,0.5008301872387528,0.05,0.8235714285714286,0.4885004634800341,-0.0011224489795918402,0.5008301872387528,0.05,0.0,0.0,scratch,student,200
40,0,0.605,0.98,0.89,0.89,4.3,4.485,4.28,0.22826099395751953,0.22826099395751953,1.0627861022949219,0.61,0.09,0.375,0.32,0.0,0.8202551020408163,0.48490717620880297,-0.004438775510204084,0.5005801505967975,0.05,0.8202551020408163,0.48490717620880297,-0.004438775510204084,0.5005801505967975,0.05,0.0,0.0,scratch,student,200
41,0,0.56,0.98,0.88,0.88,4.445,4.485,4.425,0.2987937331199646,0.2987937331199646,1.1084022521972656,0.57,0.1,0.42,0.345,0.0,0.8298979591836734,0.5222148104944138,0.005204081632653057,0.5366805139929056,0.05,0.8298979591836734,0.5222148104944138,0.005204081632653057,0.5366805139929056,0.05,0.0,0.0,scratch,student,200
42,0,0.545,0.98,0.915,0.915,4.12,4.485,4.52,0.20987850427627563,0.20987850427627563,1.1024751663208008,0.555,0.065,0.435,0.39,0.0,0.8185204081632653,0.4766198042353973,-0.006173469387755108,0.4907182615436614,0.05,0.8185204081632653,0.4766198042353973,-0.006173469387755108,0.4907182615436614,0.05,0.0,0.0,scratch,student,200
43,0,0.545,0.98,0.895,0.895,4.15,4.485,4.315,0.20623044669628143,0.20623044669628143,1.0708378553390503,0.555,0.09,0.435,0.365,0.0,0.8147448979591836,0.4649826355708604,-0.009948979591836736,0.4748159790225327,0.05,0.8147448979591836,0.4649826355708604,-0.009948979591836736,0.4748159790225327,0.05,0.0,0.0,scratch,student,200
44,0,0.545,0.98,0.88,0.88,4.275,4.485,4.435,0.25739067792892456,0.25739067792892456,1.2428581714630127,0.55,0.1,0.435,0.37,0.0,0.8200510204081632,0.48353700134404315,-0.004642857142857146,0.489974124263972,0.05,0.8200510204081632,0.48353700134404315,-0.004642857142857146,0.489974124263972,0.05,0.0,0.0,scratch,student,200
45,0,0.58,0.98,0.895,0.895,4.335,4.485,4.4,0.20656298100948334,0.20656298100948334,1.1250780820846558,0.59,0.09,0.4,0.33,0.0,0.8155102040816326,0.48286889809680883,-0.00918367346938776,0.4879738911613822,0.05,0.8155102040816326,0.48286889809680883,-0.00918367346938776,0.4879738911613822,0.05,0.0,0.0,scratch,student,200
46,0,0.575,0.98,0.9,0.9,4.44,4.485,4.39,0.22827529907226562,0.22827529907226562,1.1370834112167358,0.585,0.085,0.405,0.345,0.0,0.8222959183673468,0.4959860461307022,-0.0023979591836734704,0.5008402396808378,0.05,0.8222959183673468,0.4959860461307022,-0.0023979591836734704,0.5008402396808378,0.05,0.0,0.0,scratch,student,200
47,0,0.595,0.98,0.91,0.91,4.36,4.485,4.44,0.19779036939144135,0.19779036939144135,1.0484329462051392,0.605,0.075,0.385,0.34,0.0,0.8159183673469387,0.4824895049885857,-0.008775510204081637,0.4886457719653845,0.05,0.8159183673469387,0.4824895049885857,-0.008775510204081637,0.4886457719653845,0.05,0.0,0.0,scratch,student,200
48,0,0.575,0.98,0.905,0.905,4.635,4.485,4.38,0.2092587649822235,0.2092587649822235,1.113316535949707,0.59,0.075,0.405,0.345,0.0,0.8236224489795919,0.504336040331287,-0.001071428571428576,0.5020992447098251,0.05,0.8236224489795919,0.504336040331287,-0.001071428571428576,0.5020992447098251,0.05,0.0,0.0,scratch,student,200
49,0,0.58,0.98,0.905,0.905,4.38,4.485,4.41,0.17364268004894257,0.17364268004894257,1.0962027311325073,0.59,0.075,0.4,0.355,0.0,0.8139795918367346,0.485095837334531,-0.010714285714285716,0.48608532248064873,0.05,0.8139795918367346,0.485095837334531,-0.010714285714285716,0.48608532248064873,0.05,0.0,0.0,scratch,student,200
50,0,0.57,0.98,0.91,0.91,4.475,4.485,4.41,0.18574047088623047,0.18574047088623047,1.1178127527236938,0.585,0.07,0.41,0.36,0.0,0.8140306122448979,0.4569634258315652,-0.010663265306122448,0.4636167732696049,0.05,0.8140306122448979,0.4569634258315652,-0.010663265306122448,0.4636167732696049,0.05,0.0,0.0,scratch,student,200
51,0,0.57,0.98,0.925,0.925,4.22,4.485,4.315,0.20433080196380615,0.20433080196380615,1.1767292022705078,0.58,0.06,0.41,0.365,0.0,0.8113775510204081,0.4692376895439066,-0.01331632653061225,0.4765159963257611,0.05,0.8113775510204081,0.4692376895439066,-0.01331632653061225,0.4765159963257611,0.05,0.0,0.0,scratch,student,200
52,0,0.565,0.98,0.925,0.925,4.065,4.485,4.435,0.12691102921962738,0.12691102921962738,1.1914446353912354,0.57,0.055,0.415,0.38,0.0,0.8212755102040816,0.49470180826242555,-0.0034183673469387805,0.5016031010262668,0.05,0.8212755102040816,0.49470180826242555,-0.0034183673469387805,0.5016031010262668,0.05,0.0,0.0,scratch,student,200
53,0,0.575,0.98,0.92,0.92,4.255,4.485,4.36,0.16942092776298523,0.16942092776298523,1.143114447593689,0.585,0.06,0.405,0.37,0.0,0.8286224489795919,0.5179482606735395,0.003928571428571422,0.5266620760411024,0.05,0.8286224489795919,0.5179482606735395,0.003928571428571422,0.5266620760411024,0.05,0.0,0.0,scratch,student,200
54,0,0.555,0.98,0.925,0.925,4.215,4.485,4.295,0.15375594794750214,0.15375594794750214,1.1996948719024658,0.565,0.06,0.425,0.385,0.0,0.8245918367346938,0.500912152194667,-0.00010204081632653406,0.5056420287117362,0.05,0.8245918367346938,0.500912152194667,-0.00010204081632653406,0.5056420287117362,0.05,0.0,0.0,scratch,student,200
55,0,0.59,0.98,0.9,0.9,4.33,4.485,4.485,0.19239845871925354,0.19239845871925354,1.1493571996688843,0.6,0.08,0.39,0.33,0.0,0.8154081632653061,0.4881351614787229,-0.009285714285714291,0.48949153643101456,0.05,0.8154081632653061,0.4881351614787229,-0.009285714285714291,0.48949153643101456,0.05,0.0,0.0,scratch,student,200
56,0,0.585,0.98,0.915,0.915,4.2,4.485,4.325,0.22538629174232483,0.22538629174232483,1.1742726564407349,0.6,0.07,0.395,0.355,0.0,0.8198469387755103,0.48876450752968775,-0.004846938775510205,0.49555552065372466,0.05,0.8198469387755103,0.48876450752968775,-0.004846938775510205,0.49555552065372466,0.05,0.0,0.0,scratch,student,200
57,0,0.575,0.98,0.885,0.885,4.35,4.485,4.375,0.23986148834228516,0.23986148834228516,1.1865851879119873,0.59,0.1,0.405,0.34,0.0,0.8268877551020408,0.5248774101520217,0.0021938775510204067,0.5315755118988454,0.05,0.8268877551020408,0.5248774101520217,0.0021938775510204067,0.5315755118988454,0.05,0.0,0.0,scratch,student,200
58,0,0.59,0.98,0.91,0.91,4.59,4.485,4.3,0.21793092787265778,0.21793092787265778,1.1670424938201904,0.605,0.07,0.39,0.35,0.0,0.8185714285714286,0.49577734142360014,-0.006122448979591837,0.4977509394753724,0.05,0.8185714285714286,0.49577734142360014,-0.006122448979591837,0.4977509394753724,0.05,0.0,0.0,scratch,student,200
59,0,0.585,0.98,0.885,0.885,4.225,4.485,4.28,0.22208520770072937,0.22208520770072937,1.1396610736846924,0.6,0.095,0.395,0.33,0.0,0.822704081632653,0.4988173355350843,-0.0019897959183673456,0.5040818349644541,0.05,0.822704081632653,0.4988173355350843,-0.0019897959183673456,0.5040818349644541,0.05,0.0,0.0,scratch,student,200
60,0,0.555,0.98,0.91,0.91,4.525,4.485,4.385,0.18271072208881378,0.18271072208881378,1.2667995691299438,0.57,0.075,0.425,0.38,0.0,0.8249489795918368,0.5118913892953284,0.0002551020408163224,0.5068546916916966,0.05,0.8249489795918368,0.5118913892953284,0.0002551020408163224,0.5068546916916966,0.05,0.0,0.0,scratch,student,200
61,0,0.59,0.98,0.9,0.9,4.53,4.485,4.425,0.21742847561836243,0.21742847561836243,1.2171635627746582,0.595,0.08,0.39,0.335,0.0,0.8242857142857142,0.5120321312138923,-0.00040816326530612566,0.5167249946109951,0.05,0.8242857142857142,0.5120321312138923,-0.00040816326530612566,0.5167249946109951,0.05,0.0,0.0,scratch,student,200
62,0,0.575,0.98,0.92,0.92,4.325,4.485,4.44,0.18174625933170319,0.18174625933170319,1.169368028640747,0.585,0.065,0.405,0.35,0.0,0.8173469387755102,0.48616163999677,-0.007346938775510208,0.48601031763479113,0.05,0.8173469387755102,0.48616163999677,-0.007346938775510208,0.48601031763479113,0.05,0.0,0.0,scratch,student,200
63,0,0.595,0.98,0.935,0.935,4.64,4.485,4.36,0.16961145401000977,0.16961145401000977,1.1243197917938232,0.61,0.05,0.385,0.345,0.0,0.8147448979591837,0.4660180959759613,-0.009948979591836738,0.4761344511655625,0.05,0.8147448979591837,0.4660180959759613,-0.009948979591836738,0.4761344511655625,0.05,0.0,0.0,scratch,student,200
64,0,0.575,0.98,0.92,0.92,4.3,4.485,4.36,0.17712444067001343,0.17712444067001343,1.2188384532928467,0.585,0.065,0.405,0.355,0.0,0.817908163265306,0.4836939467916481,-0.006785714285714291,0.4930701813288033,0.05,0.817908163265306,0.4836939467916481,-0.006785714285714291,0.4930701813288033,0.05,0.0,0.0,scratch,student,200
65,0,0.555,0.98,0.905,0.905,4.225,4.485,4.315,0.1925307810306549,0.1925307810306549,1.2410759925842285,0.57,0.08,0.425,0.355,0.0,0.8164795918367347,0.4767406948861816,-0.008214285714285716,0.48457816686015576,0.05,0.8164795918367347,0.4767406948861816,-0.008214285714285716,0.48457816686015576,0.05,0.0,0.0,scratch,student,200
66,0,0.575,0.98,0.89,0.89,4.445,4.485,4.405,0.24887627363204956,0.24887627363204956,1.2255027294158936,0.59,0.09,0.405,0.35,0.0,0.8227551020408163,0.4959279894425054,-0.0019387755102040815,0.5069136453419923,0.05,0.8227551020408163,0.4959279894425054,-0.0019387755102040815,0.5069136453419923,0.05,0.0,0.0,scratch,student,200
67,0,0.565,0.98,0.905,0.905,4.33,4.485,4.4,0.20714540779590607,0.20714540779590607,1.1487067937850952,0.575,0.08,0.415,0.36,0.0,0.8166326530612245,0.47921850315201064,-0.008061224489795918,0.49027446542866526,0.05,0.8166326530612245,0.47921850315201064,-0.008061224489795918,0.49027446542866526,0.05,0.0,0.0,scratch,student,200
68,0,0.58,0.98,0.92,0.92,4.435,4.485,4.405,0.14949388802051544,0.14949388802051544,1.1852977275848389,0.59,0.06,0.4,0.35,0.0,0.8146428571428571,0.4737851612686234,-0.01005102040816327,0.4798313869722188,0.05,0.8146428571428571,0.4737851612686234,-0.01005102040816327,0.4798313869722188,0.05,0.0,0.0,scratch,student,200
69,0,0.585,0.98,0.93,0.93,4.3,4.485,4.33,0.16887453198432922,0.16887453198432922,1.2221648693084717,0.6,0.055,0.395,0.355,0.0,0.8189285714285716,0.4834807993393641,-0.005765306122448981,0.49143961195251906,0.05,0.8189285714285716,0.4834807993393641,-0.005765306122448981,0.49143961195251906,0.05,0.0,0.0,scratch,student,200
70,0,0.56,0.98,0.91,0.91,4.415,4.485,4.365,0.20169325172901154,0.20169325172901154,1.2196104526519775,0.57,0.07,0.42,0.37,0.0,0.8172448979591838,0.4820114525640448,-0.0074489795918367355,0.489989312220132,0.05,0.8172448979591838,0.4820114525640448,-0.0074489795918367355,0.489989312220132,0.05,0.0,0.0,scratch,student,200
71,0,0.605,0.98,0.91,0.91,4.405,4.485,4.305,0.18912696838378906,0.18912696838378906,1.1664438247680664,0.62,0.07,0.375,0.315,0.0,0.8184693877551021,0.48843964663381095,-0.0062244897959183735,0.4905045332852751,0.05,0.8184693877551021,0.48843964663381095,-0.0062244897959183735,0.4905045332852751,0.05,0.0,0.0,scratch,student,200
72,0,0.58,0.98,0.925,0.925,4.42,4.485,4.285,0.2000228464603424,0.2000228464603424,1.2177293300628662,0.595,0.06,0.4,0.35,0.0,0.8187755102040817,0.4933142461950354,-0.00591836734693878,0.4912483168859035,0.05,0.8187755102040817,0.4933142461950354,-0.00591836734693878,0.4912483168859035,0.05,0.0,0.0,scratch,student,200
73,0,0.575,0.98,0.905,0.905,4.415,4.485,4.415,0.21257701516151428,0.21257701516151428,1.2247962951660156,0.59,0.075,0.405,0.355,0.0,0.8187755102040817,0.48502281979080464,-0.005918367346938778,0.48885191296576525,0.05,0.8187755102040817,0.48502281979080464,-0.005918367346938778,0.48885191296576525,0.05,0.0,0.0,scratch,student,200
74,0,0.565,0.98,0.9,0.9,4.42,4.485,4.3,0.2224792093038559,0.2224792093038559,1.245930552482605,0.58,0.08,0.415,0.345,0.0,0.8206122448979591,0.4915764529100952,-0.004081632653061229,0.49423595320782626,0.05,0.8206122448979591,0.4915764529100952,-0.004081632653061229,0.49423595320782626,0.05,0.0,0.0,scratch,student,200
75,0,0.585,0.98,0.9,0.9,4.445,4.485,4.275,0.25428929924964905,0.25428929924964905,1.1145923137664795,0.6,0.08,0.395,0.34,0.0,0.8230612244897959,0.4975806249296574,-0.0016326530612244883,0.5003912884776947,0.05,0.8230612244897959,0.4975806249296574,-0.0016326530612244883,0.5003912884776947,0.05,0.0,0.0,scratch,student,200
76,0,0.58,0.98,0.915,0.915,4.345,4.485,4.3,0.2169753909111023,0.2169753909111023,1.1623296737670898,0.595,0.065,0.4,0.345,0.0,0.8221428571428572,0.49415083129624854,-0.0025510204081632716,0.49926157055422665,0.05,0.8221428571428572,0.49415083129624854,-0.0025510204081632716,0.49926157055422665,0.05,0.0,0.0,scratch,student,200
77,0,0.56,0.98,0.91,0.91,4.495,4.485,4.33,0.2576568126678467,0.2576568126678467,1.1891990900039673,0.575,0.07,0.42,0.37,0.0,0.8201530612244897,0.4850297164030374,-0.004540816326530613,0.4932442274910864,0.05,0.8201530612244897,0.4850297164030374,-0.004540816326530613,0.4932442274910864,0.05,0.0,0.0,scratch,student,200
78,0,0.555,0.98,0.925,0.925,4.34,4.485,4.265,0.19140422344207764,0.19140422344207764,1.261757493019104,0.57,0.055,0.425,0.375,0.0,0.8207142857142857,0.48679951902110175,-0.003979591836734695,0.4904702338238712,0.05,0.8207142857142857,0.48679951902110175,-0.003979591836734695,0.4904702338238712,0.05,0.0,0.0,scratch,student,200
79,0,0.56,0.98,0.92,0.92,4.375,4.485,4.355,0.21415205299854279,0.21415205299854279,1.2643280029296875,0.57,0.06,0.42,0.375,0.0,0.8194897959183673,0.4843952416717292,-0.00520408163265306,0.4898046005459037,0.05,0.8194897959183673,0.4843952416717292,-0.00520408163265306,0.4898046005459037,0.05,0.0,0.0,scratch,student,200
80,0,0.58,0.98,0.915,0.915,4.52,4.485,4.25,0.22746047377586365,0.22746047377586365,1.2244861125946045,0.59,0.065,0.4,0.35,0.0,0.8199489795918368,0.4895862347792989,-0.004744897959183675,0.4899769361631479,0.05,0.8199489795918368,0.4895862347792989,-0.004744897959183675,0.4899769361631479,0.05,0.0,0.0,scratch,student,200
81,0,0.55,0.98,0.915,0.915,4.24,4.485,4.37,0.20665813982486725,0.20665813982486725,1.263604760169983,0.56,0.065,0.43,0.385,0.0,0.8192346938775511,0.49251252434320214,-0.00545918367346939,0.49484651026665233,0.05,0.8192346938775511,0.49251252434320214,-0.00545918367346939,0.49484651026665233,0.05,0.0,0.0,scratch,student,200
82,0,0.565,0.98,0.91,0.91,4.465,4.485,4.34,0.23530369997024536,0.23530369997024536,1.231711983680725,0.58,0.075,0.415,0.365,0.0,0.8179591836734694,0.4879607752835893,-0.006734693877551023,0.4888666285702493,0.05,0.8179591836734694,0.4879607752835893,-0.006734693877551023,0.4888666285702493,0.05,0.0,0.0,scratch,student,200
83,0,0.57,0.98,0.91,0.91,4.44,4.485,4.385,0.19832167029380798,0.19832167029380798,1.2283779382705688,0.585,0.07,0.41,0.355,0.0,0.8210204081632654,0.49032893341829553,-0.003673469387755105,0.4943374511692673,0.05,0.8210204081632654,0.49032893341829553,-0.003673469387755105,0.4943374511692673,0.05,0.0,0.0,scratch,student,200
84,0,0.58,0.98,0.91,0.91,4.425,4.485,4.4,0.19900956749916077,0.19900956749916077,1.2379662990570068,0.595,0.07,0.4,0.345,0.0,0.8219897959183673,0.4972383236917464,-0.0027040816326530655,0.49910213847644624,0.05,0.8219897959183673,0.4972383236917464,-0.0027040816326530655,0.49910213847644624,0.05,0.0,0.0,scratch,student,200
85,0,0.585,0.98,0.895,0.895,4.54,4.485,4.35,0.24385055899620056,0.24385055899620056,1.1812584400177002,0.6,0.085,0.395,0.335,0.0,0.8208673469387755,0.4898758619086768,-0.0038265306122449018,0.493950590826571,0.05,0.8208673469387755,0.4898758619086768,-0.0038265306122449018,0.493950590826571,0.05,0.0,0.0,scratch,student,200
86,0,0.585,0.98,0.905,0.905,4.345,4.485,4.33,0.21573413908481598,0.21573413908481598,1.2245429754257202,0.595,0.075,0.395,0.335,0.0,0.8188265306122449,0.48775324225315325,-0.005867346938775512,0.4886108765564859,0.05,0.8188265306122449,0.48775324225315325,-0.005867346938775512,0.4886108765564859,0.05,0.0,0.0,scratch,student,200
87,0,0.59,0.98,0.895,0.895,4.44,4.485,4.375,0.22944122552871704,0.22944122552871704,1.199239730834961,0.605,0.085,0.39,0.335,0.0,0.8203061224489797,0.4882990589091201,-0.004387755102040818,0.49182296492159366,0.05,0.8203061224489797,0.4882990589091201,-0.004387755102040818,0.49182296492159366,0.05,0.0,0.0,scratch,student,200
88,0,0.565,0.98,0.905,0.905,4.37,4.485,4.325,0.22619976103305817,0.22619976103305817,1.212204098701477,0.575,0.075,0.415,0.355,0.0,0.8192346938775511,0.48789443670341803,-0.005459183673469387,0.4909330457018223,0.05,0.8192346938775511,0.48789443670341803,-0.005459183673469387,0.4909330457018223,0.05,0.0,0.0,scratch,student,200
89,0,0.575,0.98,0.9,0.9,4.355,4.485,4.34,0.23080146312713623,0.23080146312713623,1.1994949579238892,0.59,0.08,0.405,0.345,0.0,0.8211734693877552,0.4904607090207023,-0.003520408163265311,0.4949651321675628,0.05,0.8211734693877552,0.4904607090207023,-0.003520408163265311,0.4949651321675628,0.05,0.0,0.0,scratch,student,200
90,0,0.575,0.98,0.9,0.9,4.4,4.485,4.37,0.21445922553539276,0.21445922553539276,1.2203168869018555,0.59,0.08,0.405,0.35,0.0,0.8205102040816326,0.48906236028572025,-0.004183673469387757,0.4941463728155941,0.05,0.8205102040816326,0.48906236028572025,-0.004183673469387757,0.4941463728155941,0.05,0.0,0.0,scratch,student,200
91,0,0.575,0.98,0.9,0.9,4.445,4.485,4.37,0.22217592597007751,0.22217592597007751,1.2304267883300781,0.585,0.08,0.405,0.35,0.0,0.8197448979591837,0.4884342748913425,-0.004948979591836737,0.4938307288382202,0.05,0.8197448979591837,0.4884342748913425,-0.004948979591836737,0.4938307288382202,0.05,0.0,0.0,scratch,student,200
92,0,0.58,0.98,0.905,0.905,4.435,4.485,4.345,0.20345965027809143,0.20345965027809143,1.2345470190048218,0.59,0.075,0.4,0.345,0.0,0.819795918367347,0.485164286791816,-0.004897959183673468,0.49179591516032817,0.05,0.819795918367347,0.485164286791816,-0.004897959183673468,0.49179591516032817,0.05,0.0,0.0,scratch,student,200
93,0,0.575,0.98,0.915,0.915,4.465,4.485,4.4,0.20168045163154602,0.20168045163154602,1.224571943283081,0.59,0.065,0.405,0.355,0.0,0.8204591836734694,0.49057668460703435,-0.004234693877551022,0.4948359147401061,0.05,0.8204591836734694,0.49057668460703435,-0.004234693877551022,0.4948359147401061,0.05,0.0,0.0,scratch,student,200
94,0,0.58,0.98,0.91,0.91,4.425,4.485,4.325,0.21541018784046173,0.21541018784046173,1.2210050821304321,0.59,0.07,0.4,0.35,0.0,0.8207142857142855,0.49046376870292147,-0.003979591836734695,0.49560266542597675,0.05,0.8207142857142855,0.49046376870292147,-0.003979591836734695,0.49560266542597675,0.05,0.0,0.0,scratch,student,200
95,0,0.58,0.98,0.91,0.91,4.37,4.485,4.325,0.2073921263217926,0.2073921263217926,1.2203114032745361,0.59,0.07,0.4,0.345,0.0,0.8197448979591837,0.48406326857539933,-0.004948979591836735,0.49118910263641735,0.05,0.8197448979591837,0.48406326857539933,-0.004948979591836735,0.49118910263641735,0.05,0.0,0.0,scratch,student,200
96,0,0.585,0.98,0.905,0.905,4.365,4.485,4.34,0.20219749212265015,0.20219749212265015,1.225712776184082,0.595,0.075,0.395,0.335,0.0,0.8191836734693878,0.48316095222256705,-0.005510204081632655,0.48987691502436065,0.05,0.8191836734693878,0.48316095222256705,-0.005510204081632655,0.48987691502436065,0.05,0.0,0.0,scratch,student,200
97,0,0.59,0.98,0.905,0.905,4.405,4.485,4.285,0.20799052715301514,0.20799052715301514,1.2245866060256958,0.6,0.075,0.39,0.33,0.0,0.8191326530612244,0.4830300120188373,-0.005561224489795919,0.48983015860780144,0.05,0.8191326530612244,0.4830300120188373,-0.005561224489795919,0.48983015860780144,0.05,0.0,0.0,scratch,student,200
98,0,0.585,0.98,0.905,0.905,4.395,4.485,4.285,0.20845653116703033,0.20845653116703033,1.2223501205444336,0.595,0.075,0.395,0.34,0.0,0.8190306122448979,0.48279292732558743,-0.005663265306122449,0.48968317653401755,0.05,0.8190306122448979,0.48279292732558743,-0.005663265306122449,0.48968317653401755,0.05,0.0,0.0,scratch,student,200
99,0,0.585,0.98,0.905,0.905,4.35,4.485,4.285,0.21272695064544678,0.21272695064544678,1.2221543788909912,0.595,0.075,0.395,0.335,0.0,0.8189795918367347,0.4826480406583562,-0.005714285714285714,0.4899305641592946,0.05,0.8189795918367347,0.4826480406583562,-0.005714285714285714,0.4899305641592946,0.05,0.0,0.0,scratch,student,200
100,0,0.585,0.98,0.905,0.905,4.395,4.485,4.285,0.2129812240600586,0.2129812240600586,1.2222284078598022,0.595,0.075,0.395,0.34,0.0,0.8190816326530611,0.4831366734879809,-0.005612244897959184,0.49039089887752196,0.05,0.8190816326530611,0.4831366734879809,-0.005612244897959184,0.49039089887752196,0.05,0.0,0.0,scratch,student,200
