seed,initialization,method,epoch,lr,active_method,val_macro_accuracy,val_accuracy,train_loss,optimizer_updates,train_seconds,epoch_seconds_with_probe,swaps,added_foreground,removed_foreground
1,scratch,adaptive_random_to_low_10,1,0.0001,random_rescue_10,0.30100000000000005,0.301,1.8456376953125,47,98.10208045714535,114.20373856299557,10.0,1.6726666666666667,1.904
1,scratch,adaptive_random_to_low_10,2,0.0002,random_rescue_10,0.304,0.304,1.7517682552337646,47,100.37686501001008,117.21197176584974,10.0,1.6543333333333334,1.8998333333333333
1,scratch,adaptive_random_to_low_10,3,0.00030000000000000003,random_rescue_10,0.331,0.331,1.704283297220866,47,96.46202977513894,112.77709179185331,10.0,1.6921666666666666,1.911
1,scratch,adaptive_random_to_low_10,4,0.0004,random_rescue_10,0.342,0.342,1.6687453810373942,47,96.8664524469059,112.87236072588712,10.0,1.609,1.9673333333333334
1,scratch,adaptive_random_to_low_10,5,0.0005,random_rescue_10,0.37,0.37,1.6242901964187622,47,97.78051766916178,113.85686598299071,10.0,1.651,1.9078333333333333
1,scratch,adaptive_random_to_low_10,6,0.0005,random_rescue_10,0.396,0.396,1.5795980033874513,47,97.02650134800933,113.00941078015603,10.0,1.6525,1.908
1,scratch,adaptive_random_to_low_10,7,0.0004998606701506985,random_rescue_10,0.438,0.438,1.5020242109298707,47,96.84087903704494,113.04997945507057,10.0,1.6025,1.9618333333333333
1,scratch,adaptive_random_to_low_10,8,0.0004994428362164767,random_rescue_10,0.45200000000000007,0.452,1.420154203414917,47,96.10114405793138,111.9947662060149,10.0,1.6035,1.963
1,scratch,adaptive_random_to_low_10,9,0.0004987469648645818,random_rescue_10,0.49700000000000005,0.497,1.3605547103881837,47,96.01807168195955,112.19213348301128,10.0,1.5746666666666667,1.9921666666666666
1,scratch,adaptive_random_to_low_10,10,0.0004977738332946176,random_rescue_10,0.4800000000000001,0.48,1.2789040857950846,47,97.54575857892632,117.40743470098823,10.0,1.6046666666666667,1.9325
1,scratch,adaptive_random_to_low_10,11,0.0004965245283705121,random_rescue_10,0.521,0.521,1.2476366678873698,47,96.66186870099045,112.88515584799461,10.0,1.691,1.8768333333333334
1,scratch,adaptive_random_to_low_10,12,0.0004950004454066284,random_rescue_10,0.508,0.508,1.2001978079477946,47,97.09098909492604,113.16841555899009,10.0,1.6495,1.9455
1,scratch,adaptive_random_to_low_10,13,0.0004932032866093767,random_rescue_10,0.522,0.522,1.1950620028177896,47,97.34664694895037,113.47501774714328,10.0,1.7071666666666667,1.8505
1,scratch,adaptive_random_to_low_10,14,0.000491135059176067,random_rescue_10,0.5329999999999999,0.533,1.133800906499227,47,96.6267791101709,112.70199456484988,10.0,1.6125,1.9535
1,scratch,adaptive_random_to_low_10,15,0.0004887980730531247,random_rescue_10,0.549,0.549,1.113019788424174,47,96.11148138693534,112.26983849611133,10.0,1.5791666666666666,1.9695
1,scratch,adaptive_random_to_low_10,16,0.00048619493835617576,random_rescue_10,0.579,0.579,1.0712507902781168,47,96.07979807001539,112.18181373993866,10.0,1.5201666666666667,2.0536666666666665
1,scratch,adaptive_random_to_low_10,17,0.00048332856245487986,random_rescue_10,0.557,0.557,1.0556702807744345,47,96.31822097091936,112.35480761504732,10.0,1.536,2.0301666666666667
1,scratch,adaptive_random_to_low_10,18,0.000480202146725769,random_rescue_10,0.576,0.576,1.0125112195014954,47,96.37187682907097,112.3219724658411,10.0,1.501,2.052
1,scratch,adaptive_random_to_low_10,19,0.00047681918297671805,random_rescue_10,0.573,0.573,0.9912917642593384,47,97.3223594170995,113.33374276501127,10.0,1.5035,2.022
1,scratch,adaptive_random_to_low_10,20,0.0004731834495470404,random_rescue_10,0.5589999999999999,0.559,0.9639119415283203,47,96.91322203096934,116.68365128501318,10.0,1.5265,1.9966666666666666
1,scratch,adaptive_random_to_low_10,21,0.00046929900708756454,random_rescue_10,0.5660000000000001,0.566,0.9553023687998454,47,96.51406670897268,112.69142418098636,10.0,1.5381666666666667,2.0031666666666665
1,scratch,adaptive_random_to_low_10,22,0.0004651701940254048,random_rescue_10,0.567,0.567,0.9325310424168904,47,96.9183398138266,112.99641312588938,10.0,1.6276666666666666,1.9493333333333334
1,scratch,adaptive_random_to_low_10,23,0.00046080162171849087,random_rescue_10,0.5509999999999999,0.551,0.8994761946996053,47,96.33071352611296,112.37096807197668,10.0,1.5635,2.0176666666666665
1,scratch,adaptive_random_to_low_10,24,0.0004561981693052692,random_rescue_10,0.5900000000000001,0.59,0.8810626392364502,47,96.26793627883308,112.79082415113226,10.0,1.579,1.9766666666666666
1,scratch,adaptive_random_to_low_10,25,0.00045136497825532695,random_rescue_10,0.576,0.576,0.8648609410921733,47,96.59576210100204,112.56860555894673,10.0,1.5931666666666666,1.9588333333333334
1,scratch,adaptive_random_to_low_10,26,0.00044630744662702595,random_rescue_10,0.572,0.572,0.842133882522583,47,95.93130060797557,111.93605548492633,10.0,1.5813333333333333,1.97
1,scratch,adaptive_random_to_low_10,27,0.0004410312230385594,random_rescue_10,0.564,0.564,0.8268352088928222,47,97.27163772797212,113.38769309292547,10.0,1.5736666666666668,1.9895
1,scratch,adaptive_random_to_low_10,28,0.0004355422003591655,random_rescue_10,0.5730000000000002,0.573,0.7891852142016093,47,95.58872828190215,111.7509741561953,10.0,1.5878333333333334,1.9646666666666666
1,scratch,adaptive_random_to_low_10,29,0.0004298465091275434,random_rescue_10,0.586,0.586,0.7644222561518351,47,96.13498033513315,112.32918206299655,10.0,1.5978333333333334,1.9418333333333333
1,scratch,adaptive_random_to_low_10,30,0.0004239505107048233,random_rescue_10,0.603,0.603,0.7547093356450398,47,95.91317776008509,115.94489398715086,10.0,1.5658333333333334,1.9923333333333333
1,scratch,adaptive_random_to_low_10,31,0.00041786079016973627,random_rescue_10,0.589,0.589,0.7263274974822999,47,95.67705932399258,111.78735673893243,10.0,1.5523333333333333,1.9961666666666666
1,scratch,adaptive_random_to_low_10,32,0.00041158414896392116,random_rescue_10,0.587,0.587,0.7082844554583232,47,96.8315514139831,112.94112970400602,10.0,1.5311666666666666,2.02
1,scratch,adaptive_random_to_low_10,33,0.00040512759729558113,random_rescue_10,0.602,0.602,0.6791434284845987,47,96.65957285487093,112.71501211891882,10.0,1.5885,1.9648333333333334
1,scratch,adaptive_random_to_low_10,34,0.00039849834630997414,random_rescue_10,0.571,0.571,0.6635995541413625,47,96.10212707403116,112.07647204701789,10.0,1.5416666666666667,2.017333333333333
1,scratch,adaptive_random_to_low_10,35,0.0003917038000354835,random_rescue_10,0.591,0.591,0.6458474489847819,47,95.95192589517683,112.19901546882465,10.0,1.572,1.9936666666666667
1,scratch,adaptive_random_to_low_10,36,0.0003847515471142615,random_rescue_10,0.5819999999999999,0.582,0.6235923352241516,47,96.1790342067834,112.45575189613737,10.0,1.5773333333333333,1.9891666666666667
1,scratch,adaptive_random_to_low_10,37,0.00037764935232668343,random_rescue_10,0.5690000000000001,0.569,0.6266163053512573,47,97.31227044714615,113.35212826402858,10.0,1.5701666666666667,1.98
1,scratch,adaptive_random_to_low_10,38,0.0003704051479190776,random_rescue_10,0.584,0.584,0.5800112730662028,47,96.44177435617894,112.43161232909188,10.0,1.5536666666666668,2.001
1,scratch,adaptive_random_to_low_10,39,0.00036302702474441743,random_rescue_10,0.5660000000000001,0.566,0.5801246070861816,47,96.11917502200231,112.12803092109971,10.0,1.588,1.9821666666666666
1,scratch,adaptive_random_to_low_10,40,0.0003555232232258696,random_rescue_10,0.5960000000000001,0.596,0.5624400811990102,47,96.44759624404833,116.89628954301588,10.0,1.5801666666666667,1.977
1,scratch,adaptive_random_to_low_10,41,0.00034790212415329195,random_rescue_10,0.5770000000000001,0.577,0.5406150426864624,47,96.93592201988213,112.78629821399227,10.0,1.5783333333333334,1.9845
1,scratch,adaptive_random_to_low_10,42,0.0003401722393229594,random_rescue_10,0.583,0.583,0.5192232578595479,47,96.7978265620768,112.77753186994232,10.0,1.5876666666666666,1.952
1,scratch,adaptive_random_to_low_10,43,0.0003323422020309725,random_rescue_10,0.582,0.582,0.506941442489624,47,96.59372911183164,112.29257744806819,10.0,1.5648333333333333,1.984
1,scratch,adaptive_random_to_low_10,44,0.0003244207574309657,random_rescue_10,0.5660000000000001,0.566,0.4909865714708964,47,97.41232248581946,113.63598241610453,10.0,1.5458333333333334,2.0111666666666665
1,scratch,adaptive_random_to_low_10,45,0.0003164167527668859,random_rescue_10,0.597,0.597,0.4960245548884074,47,96.50369887403212,112.59745808690786,10.0,1.5751666666666666,1.995
1,scratch,adaptive_random_to_low_10,46,0.0003083391274917483,random_rescue_10,0.5770000000000001,0.577,0.47532152954737344,47,96.63417070382275,113.06688740802929,10.0,1.6015,1.9865
1,scratch,adaptive_random_to_low_10,47,0.0003001969032834071,random_rescue_10,0.593,0.593,0.46149558703104654,47,96.41248340182938,112.39764429302886,10.0,1.6108333333333333,1.9448333333333334
1,scratch,adaptive_random_to_low_10,48,0.00029199917396849096,random_rescue_10,0.59,0.59,0.45061583431561786,47,95.43814783496782,111.57321001403034,10.0,1.5668333333333333,1.9793333333333334
1,scratch,adaptive_random_to_low_10,49,0.0002837550953657579,random_rescue_10,0.5810000000000001,0.581,0.43483825540542603,47,96.21373995183967,112.20143629400991,10.0,1.5618333333333334,1.9785
1,scratch,adaptive_random_to_low_10,50,0.0002754738750602126,random_rescue_10,0.606,0.606,0.4236540925502777,47,96.03213296388276,117.36773772304878,10.0,1.5463333333333333,2.0045
1,scratch,adaptive_random_to_low_10,51,0.00026716476211940786,low_score_rescue_10,0.583,0.583,0.4158718866507212,47,97.02682890999131,115.26300836284645,10.0,1.5378333333333334,1.5455
1,scratch,adaptive_random_to_low_10,52,0.00025883703676341484,low_score_rescue_10,0.5860000000000001,0.586,0.40594759623209636,47,96.84151102579199,112.83273591706529,10.0,1.5931666666666666,1.5453333333333332
1,scratch,adaptive_random_to_low_10,53,0.0002505,low_score_rescue_10,0.579,0.579,0.41131503995259605,47,96.72964795399457,113.32249248493463,10.0,1.575,1.5618333333333334
1,scratch,adaptive_random_to_low_10,54,0.00024216296323658525,low_score_rescue_10,0.595,0.595,0.4089155073165894,47,96.81669892906211,112.80229357490316,10.0,1.5833333333333333,1.5528333333333333
1,scratch,adaptive_random_to_low_10,55,0.00023383523788059215,low_score_rescue_10,0.588,0.588,0.38208931136131286,47,96.6860547310207,112.76095651299693,10.0,1.5885,1.6023333333333334
1,scratch,adaptive_random_to_low_10,56,0.00022552612493978745,low_score_rescue_10,0.5860000000000001,0.586,0.3850016835530599,47,95.83816368714906,112.51565999607556,10.0,1.5261666666666667,1.5491666666666666
1,scratch,adaptive_random_to_low_10,57,0.00021724490463424225,low_score_rescue_10,0.5919999999999999,0.592,0.36204942178726196,47,96.68355169612914,113.15878214198165,10.0,1.5446666666666666,1.5831666666666666
1,scratch,adaptive_random_to_low_10,58,0.00020900082603150905,low_score_rescue_10,0.5929999999999999,0.593,0.36771844466527304,47,96.68158328603022,113.11687954398803,10.0,1.5273333333333334,1.5591666666666666
1,scratch,adaptive_random_to_low_10,59,0.00020080309671659293,low_score_rescue_10,0.5810000000000001,0.581,0.36018926366170245,47,97.13154024397954,113.16964359395206,10.0,1.561,1.5543333333333333
1,scratch,adaptive_random_to_low_10,60,0.00019266087250825167,low_score_rescue_10,0.587,0.587,0.3452520276705424,47,96.97930833813734,113.04027644102462,10.0,1.5566666666666666,1.5535
1,scratch,adaptive_random_to_low_10,61,0.00018458324723311413,low_score_rescue_10,0.578,0.578,0.3453519012928009,47,97.38726576883346,113.67196542606689,10.0,1.561,1.5791666666666666
1,scratch,adaptive_random_to_low_10,62,0.00017657924256903434,low_score_rescue_10,0.5930000000000001,0.593,0.34556927347183225,47,97.19622290716507,113.00234697805718,10.0,1.5415,1.5706666666666667
1,scratch,adaptive_random_to_low_10,63,0.00016865779796902748,low_score_rescue_10,0.5850000000000001,0.585,0.35101490132013957,47,96.82591398409568,113.02686055307277,10.0,1.4903333333333333,1.5595
1,scratch,adaptive_random_to_low_10,64,0.00016082776067704059,low_score_rescue_10,0.585,0.585,0.34276773595809934,47,95.59591817902401,111.66611640201882,10.0,1.5355,1.5215
1,scratch,adaptive_random_to_low_10,65,0.00015309787584670805,low_score_rescue_10,0.5810000000000001,0.581,0.3349752910931905,47,96.00246253190562,112.00533678010106,10.0,1.5915,1.5655
1,scratch,adaptive_random_to_low_10,66,0.00014547677677413047,low_score_rescue_10,0.599,0.599,0.3330136965910594,47,97.37771419715136,113.59442278300412,10.0,1.578,1.5626666666666666
1,scratch,adaptive_random_to_low_10,67,0.00013797297525558255,low_score_rescue_10,0.592,0.592,0.32605679297447204,47,96.37503904895857,112.2695295130834,10.0,1.5463333333333333,1.5445
1,scratch,adaptive_random_to_low_10,68,0.00013059485208092238,low_score_rescue_10,0.5850000000000002,0.585,0.323268704255422,47,96.35629715397954,112.15939842793159,10.0,1.5278333333333334,1.5446666666666666
1,scratch,adaptive_random_to_low_10,69,0.00012335064767331658,low_score_rescue_10,0.592,0.592,0.3172777073383331,47,96.18289654096588,112.30232857493684,10.0,1.5428333333333333,1.5676666666666668
1,scratch,adaptive_random_to_low_10,70,0.00011624845288573853,low_score_rescue_10,0.595,0.595,0.31504142038027444,47,96.38207957707345,113.60280378605239,10.0,1.5616666666666668,1.5636666666666668
1,scratch,adaptive_random_to_low_10,71,0.00010929619996451647,low_score_rescue_10,0.6,0.6,0.3089033903280894,47,96.38769166707061,113.78625164902769,10.0,1.5188333333333333,1.5535
1,scratch,adaptive_random_to_low_10,72,0.00010250165369002587,low_score_rescue_10,0.591,0.591,0.31232810775438946,47,97.03630060981959,113.28379904804751,10.0,1.5403333333333333,1.5741666666666667
1,scratch,adaptive_random_to_low_10,73,9.587240270441893e-05,low_score_rescue_10,0.611,0.611,0.30888516434033714,46,96.82297920295969,112.75166322709993,10.0,1.5361666666666667,1.5678333333333334
1,scratch,adaptive_random_to_low_10,74,8.941585103607879e-05,low_score_rescue_10,0.591,0.591,0.30985631306966144,47,96.33569334819913,112.47626764606684,10.0,1.5426666666666666,1.5668333333333333
1,scratch,adaptive_random_to_low_10,75,8.313920983026379e-05,low_score_rescue_10,0.587,0.587,0.3067088899612427,47,97.33322129189037,113.27600201405585,10.0,1.5406666666666666,1.557
1,scratch,adaptive_random_to_low_10,76,7.704948929517675e-05,low_score_rescue_10,0.599,0.599,0.30242752814292906,47,97.86760985781439,114.21029305201955,10.0,1.5391666666666666,1.5766666666666667
1,scratch,adaptive_random_to_low_10,77,7.115349087245667e-05,low_score_rescue_10,0.5980000000000001,0.598,0.30041961606343587,47,97.31229671486653,113.34656921518035,10.0,1.5176666666666667,1.5641666666666667
1,scratch,adaptive_random_to_low_10,78,6.545779964083458e-05,low_score_rescue_10,0.597,0.597,0.29808527223269143,47,97.59529972891323,113.64243777794763,10.0,1.5048333333333332,1.5761666666666667
1,scratch,adaptive_random_to_low_10,79,5.996877696144067e-05,low_score_rescue_10,0.595,0.595,0.29691703446706136,47,96.53473757300526,112.45608147280291,10.0,1.5171666666666668,1.5626666666666666
1,scratch,adaptive_random_to_low_10,80,5.4692553372974075e-05,low_score_rescue_10,0.596,0.596,0.2958559497197469,47,96.92941108788364,113.16395720094442,10.0,1.525,1.5533333333333332
1,scratch,adaptive_random_to_low_10,81,4.963502174467306e-05,low_score_rescue_10,0.5960000000000001,0.596,0.29235163068771364,47,96.8964488580823,113.01011648098938,10.0,1.5551666666666666,1.5865
1,scratch,adaptive_random_to_low_10,82,4.480183069473086e-05,low_score_rescue_10,0.596,0.596,0.2905511417388916,47,96.82756378385238,113.03670951002277,10.0,1.5511666666666666,1.5648333333333333
1,scratch,adaptive_random_to_low_10,83,4.019837828150914e-05,low_score_rescue_10,0.594,0.594,0.2952469548384348,47,96.71543611912057,113.14572173403576,10.0,1.5331666666666666,1.5676666666666668
1,scratch,adaptive_random_to_low_10,84,3.5829805974595276e-05,low_score_rescue_10,0.608,0.608,0.2953374005953471,47,96.87962359795347,113.6479985578917,10.0,1.5323333333333333,1.5665
1,scratch,adaptive_random_to_low_10,85,3.1700992912435456e-05,low_score_rescue_10,0.594,0.594,0.2941585594813029,47,97.3369244330097,113.42587753897533,10.0,1.5025,1.5601666666666667
1,scratch,adaptive_random_to_low_10,86,2.781655045295966e-05,low_score_rescue_10,0.6010000000000001,0.601,0.2966558224360148,47,96.49412470706739,112.7475782551337,10.0,1.5441666666666667,1.5588333333333333
1,scratch,adaptive_random_to_low_10,87,2.4180817023281995e-05,low_score_rescue_10,0.599,0.599,0.2938657058874766,47,95.36451654089615,111.44309068494476,10.0,1.533,1.5601666666666667
1,scratch,adaptive_random_to_low_10,88,2.0797853274230994e-05,low_score_rescue_10,0.608,0.608,0.2913945008913676,47,97.36193740391172,113.46805873396806,10.0,1.5335,1.5368333333333333
1,scratch,adaptive_random_to_low_10,89,1.7671437545120165e-05,low_score_rescue_10,0.603,0.603,0.29442649324735004,47,96.79897685302421,113.00176409003325,10.0,1.5331666666666666,1.5698333333333334
1,scratch,adaptive_random_to_low_10,90,1.480506164382429e-05,low_score_rescue_10,0.603,0.603,0.2902812105814616,47,96.6598978380207,112.77196877798997,10.0,1.55,1.5695
1,scratch,adaptive_random_to_low_10,91,1.220192694687535e-05,low_score_rescue_10,0.601,0.601,0.28924955455462137,47,97.96875886805356,114.07367104012519,10.0,1.5281666666666667,1.5511666666666666
1,scratch,adaptive_random_to_low_10,92,9.864940823933073e-06,low_score_rescue_10,0.607,0.607,0.2920976304213206,47,98.43424007692374,114.66700443206355,10.0,1.5291666666666666,1.5685
1,scratch,adaptive_random_to_low_10,93,7.796713390623254e-06,low_score_rescue_10,0.6069999999999999,0.607,0.2893992377916972,47,98.60016023204662,115.07386317919008,10.0,1.526,1.5595
1,scratch,adaptive_random_to_low_10,94,5.999554593371605e-06,low_score_rescue_10,0.604,0.604,0.2875288422902425,47,97.14240513602272,113.79480895004235,10.0,1.5355,1.5603333333333333
1,scratch,adaptive_random_to_low_10,95,4.475471629487872e-06,low_score_rescue_10,0.6040000000000001,0.604,0.29215287693341574,47,97.59789432119578,113.702942695003,10.0,1.522,1.5435
1,scratch,adaptive_random_to_low_10,96,3.2261667053823824e-06,low_score_rescue_10,0.6020000000000001,0.602,0.28878147157033285,47,97.3363569600042,113.58924804697745,10.0,1.5266666666666666,1.5596666666666668
1,scratch,adaptive_random_to_low_10,97,2.253035135418218e-06,low_score_rescue_10,0.604,0.604,0.2860867396990458,47,97.7141228648834,114.20020131208003,10.0,1.5286666666666666,1.5481666666666667
1,scratch,adaptive_random_to_low_10,98,1.5571637835232856e-06,low_score_rescue_10,0.604,0.604,0.28819809770584104,47,97.80583682889119,114.01796075096354,10.0,1.5253333333333334,1.5793333333333333
1,scratch,adaptive_random_to_low_10,99,1.1393298493014743e-06,low_score_rescue_10,0.604,0.604,0.2899024719397227,47,97.83918994781561,114.08325398014858,10.0,1.5381666666666667,1.567
1,scratch,adaptive_random_to_low_10,100,1e-06,low_score_rescue_10,0.603,0.603,0.29361852900187174,47,97.94101854786277,115.5110696090851,10.0,1.5363333333333333,1.552
1,scratch,random_low_mixed_10,1,0.0001,random_rescue_10,0.30100000000000005,0.301,1.8456376953125,47,99.6297957720235,116.40308388182893,10.0,1.6726666666666667,1.904
1,scratch,random_low_mixed_10,2,0.0002,random_rescue_10,0.304,0.304,1.7517682552337646,47,100.75904060807079,118.27032453310676,10.0,1.6543333333333334,1.8998333333333333
1,scratch,random_low_mixed_10,3,0.00030000000000000003,random_rescue_10,0.331,0.331,1.704283297220866,47,97.23510624608025,113.45963545702398,10.0,1.6921666666666666,1.911
1,scratch,random_low_mixed_10,4,0.0004,random_rescue_10,0.342,0.342,1.6687453810373942,47,96.89757407200523,113.21219557104632,10.0,1.609,1.9673333333333334
1,scratch,random_low_mixed_10,5,0.0005,random_rescue_10,0.37,0.37,1.6242901964187622,47,96.51836853008717,112.61815138394013,10.0,1.651,1.9078333333333333
1,scratch,random_low_mixed_10,6,0.0005,random_rescue_10,0.396,0.396,1.5795980033874513,47,96.75299656088464,112.77624151110649,10.0,1.6525,1.908
1,scratch,random_low_mixed_10,7,0.0004998606701506985,random_rescue_10,0.438,0.438,1.5020242109298707,47,98.19111828599125,115.01053296308964,10.0,1.6025,1.9618333333333333
1,scratch,random_low_mixed_10,8,0.0004994428362164767,random_rescue_10,0.45200000000000007,0.452,1.420154203414917,47,96.29684350802563,112.47578668990172,10.0,1.6035,1.963
1,scratch,random_low_mixed_10,9,0.0004987469648645818,random_rescue_10,0.49700000000000005,0.497,1.3605547103881837,47,96.35798618709669,112.61294202296995,10.0,1.5746666666666667,1.9921666666666666
1,scratch,random_low_mixed_10,10,0.0004977738332946176,random_rescue_10,0.4800000000000001,0.48,1.2789040857950846,47,96.85138336801901,112.88879114110023,10.0,1.6046666666666667,1.9325
1,scratch,random_low_mixed_10,11,0.0004965245283705121,random_rescue_10,0.521,0.521,1.2476366678873698,47,96.72226987895556,113.0108235059306,10.0,1.691,1.8768333333333334
1,scratch,random_low_mixed_10,12,0.0004950004454066284,random_rescue_10,0.508,0.508,1.2001978079477946,47,96.26679811999202,112.52259937580675,10.0,1.6495,1.9455
1,scratch,random_low_mixed_10,13,0.0004932032866093767,random_rescue_10,0.522,0.522,1.1950620028177896,47,96.22398688597605,112.43078248295933,10.0,1.7071666666666667,1.8505
1,scratch,random_low_mixed_10,14,0.000491135059176067,random_rescue_10,0.5329999999999999,0.533,1.133800906499227,47,96.36920332396403,112.41118371183984,10.0,1.6125,1.9535
1,scratch,random_low_mixed_10,15,0.0004887980730531247,random_rescue_10,0.549,0.549,1.113019788424174,47,96.75094636296853,112.75403954600915,10.0,1.5791666666666666,1.9695
1,scratch,random_low_mixed_10,16,0.00048619493835617576,random_rescue_10,0.579,0.579,1.0712507902781168,47,96.14928196906112,112.38392561697401,10.0,1.5201666666666667,2.0536666666666665
1,scratch,random_low_mixed_10,17,0.00048332856245487986,random_rescue_10,0.557,0.557,1.0556702807744345,47,97.1134100209456,113.3628884521313,10.0,1.536,2.0301666666666667
1,scratch,random_low_mixed_10,18,0.000480202146725769,random_rescue_10,0.576,0.576,1.0125112195014954,47,97.08264542696998,113.06712448294275,10.0,1.501,2.052
1,scratch,random_low_mixed_10,19,0.00047681918297671805,random_rescue_10,0.573,0.573,0.9912917642593384,47,96.41205599508248,112.52040819614194,10.0,1.5035,2.022
1,scratch,random_low_mixed_10,20,0.0004731834495470404,random_rescue_10,0.5589999999999999,0.559,0.9639119415283203,47,96.73002834618092,112.66905455384403,10.0,1.5265,1.9966666666666666
1,scratch,random_low_mixed_10,21,0.00046929900708756454,random_rescue_10,0.5660000000000001,0.566,0.9553023687998454,47,97.2544683450833,113.22159674414434,10.0,1.5381666666666667,2.0031666666666665
1,scratch,random_low_mixed_10,22,0.0004651701940254048,random_rescue_10,0.567,0.567,0.9325310424168904,47,96.59210427477956,112.54804411693476,10.0,1.6276666666666666,1.9493333333333334
1,scratch,random_low_mixed_10,23,0.00046080162171849087,random_rescue_10,0.5509999999999999,0.551,0.8994761946996053,47,96.02115846285596,112.14034311496653,10.0,1.5635,2.0176666666666665
1,scratch,random_low_mixed_10,24,0.0004561981693052692,random_rescue_10,0.5900000000000001,0.59,0.8810626392364502,47,96.35474784905091,112.49251193203963,10.0,1.579,1.9766666666666666
1,scratch,random_low_mixed_10,25,0.00045136497825532695,random_rescue_10,0.576,0.576,0.8648609410921733,47,95.88727363618091,112.05685468018055,10.0,1.5931666666666666,1.9588333333333334
1,scratch,random_low_mixed_10,26,0.00044630744662702595,random_rescue_10,0.572,0.572,0.842133882522583,47,96.27008631709032,112.49361236998811,10.0,1.5813333333333333,1.97
1,scratch,random_low_mixed_10,27,0.0004410312230385594,random_rescue_10,0.564,0.564,0.8268352088928222,47,96.36016663094051,112.37017134600319,10.0,1.5736666666666668,1.9895
1,scratch,random_low_mixed_10,28,0.0004355422003591655,random_rescue_10,0.5730000000000002,0.573,0.7891852142016093,47,96.66600386286154,112.68360708700493,10.0,1.5878333333333334,1.9646666666666666
1,scratch,random_low_mixed_10,29,0.0004298465091275434,random_rescue_10,0.586,0.586,0.7644222561518351,47,95.63526423717849,111.61976022599265,10.0,1.5978333333333334,1.9418333333333333
1,scratch,random_low_mixed_10,30,0.0004239505107048233,random_rescue_10,0.603,0.603,0.7547093356450398,47,96.6575775211677,112.65935927489772,10.0,1.5658333333333334,1.9923333333333333
1,scratch,random_low_mixed_10,31,0.00041786079016973627,random_rescue_10,0.589,0.589,0.7263274974822999,47,96.91665138304234,113.04716963204555,10.0,1.5523333333333333,1.9961666666666666
1,scratch,random_low_mixed_10,32,0.00041158414896392116,random_rescue_10,0.587,0.587,0.7082844554583232,47,97.19694525399245,113.28355918987654,10.0,1.5311666666666666,2.02
1,scratch,random_low_mixed_10,33,0.00040512759729558113,random_rescue_10,0.602,0.602,0.6791434284845987,47,96.4970822262112,112.75515083200298,10.0,1.5885,1.9648333333333334
1,scratch,random_low_mixed_10,34,0.00039849834630997414,random_rescue_10,0.571,0.571,0.6635995541413625,47,97.10534338094294,113.22671993402764,10.0,1.5416666666666667,2.017333333333333
1,scratch,random_low_mixed_10,35,0.0003917038000354835,random_rescue_10,0.591,0.591,0.6458474489847819,47,96.17404410499148,112.18210506998003,10.0,1.572,1.9936666666666667
1,scratch,random_low_mixed_10,36,0.0003847515471142615,random_rescue_10,0.5819999999999999,0.582,0.6235923352241516,47,96.23684934992343,112.36049405508675,10.0,1.5773333333333333,1.9891666666666667
1,scratch,random_low_mixed_10,37,0.00037764935232668343,random_rescue_10,0.5690000000000001,0.569,0.6266163053512573,47,97.76070315390825,113.66505371103995,10.0,1.5701666666666667,1.98
1,scratch,random_low_mixed_10,38,0.0003704051479190776,random_rescue_10,0.584,0.584,0.5800112730662028,47,96.55973217100836,112.54126514494419,10.0,1.5536666666666668,2.001
1,scratch,random_low_mixed_10,39,0.00036302702474441743,random_rescue_10,0.5660000000000001,0.566,0.5801246070861816,47,96.25408217380755,112.32255998090841,10.0,1.588,1.9821666666666666
1,scratch,random_low_mixed_10,40,0.0003555232232258696,random_rescue_10,0.5960000000000001,0.596,0.5624400811990102,47,96.61479382100515,112.85926542314701,10.0,1.5801666666666667,1.977
1,scratch,random_low_mixed_10,41,0.00034790212415329195,random_rescue_10,0.5770000000000001,0.577,0.5406150426864624,47,96.80809577787295,113.3306076398585,10.0,1.5783333333333334,1.9845
1,scratch,random_low_mixed_10,42,0.0003401722393229594,random_rescue_10,0.583,0.583,0.5192232578595479,47,96.45899971597828,112.80087763397023,10.0,1.5876666666666666,1.952
1,scratch,random_low_mixed_10,43,0.0003323422020309725,random_rescue_10,0.582,0.582,0.506941442489624,47,95.78200849192217,111.79686293494888,10.0,1.5648333333333333,1.984
1,scratch,random_low_mixed_10,44,0.0003244207574309657,random_rescue_10,0.5660000000000001,0.566,0.4909865714708964,47,96.45488080801442,112.634113751119,10.0,1.5458333333333334,2.0111666666666665
1,scratch,random_low_mixed_10,45,0.0003164167527668859,random_rescue_10,0.597,0.597,0.4960245548884074,47,96.16521560004912,112.24848254397511,10.0,1.5751666666666666,1.995
1,scratch,random_low_mixed_10,46,0.0003083391274917483,random_rescue_10,0.5770000000000001,0.577,0.47532152954737344,47,96.21334966109134,112.25380113394931,10.0,1.6015,1.9865
1,scratch,random_low_mixed_10,47,0.0003001969032834071,random_rescue_10,0.593,0.593,0.46149558703104654,47,96.18878218508326,112.23840146115981,10.0,1.6108333333333333,1.9448333333333334
1,scratch,random_low_mixed_10,48,0.00029199917396849096,random_rescue_10,0.59,0.59,0.45061583431561786,47,95.5277839510236,111.74060568399727,10.0,1.5668333333333333,1.9793333333333334
1,scratch,random_low_mixed_10,49,0.0002837550953657579,random_rescue_10,0.5810000000000001,0.581,0.43483825540542603,47,96.01909190695733,111.9710246778559,10.0,1.5618333333333334,1.9785
1,scratch,random_low_mixed_10,50,0.0002754738750602126,random_rescue_10,0.606,0.606,0.4236540925502777,47,95.73383686412126,113.75829795002937,10.0,1.5463333333333333,2.0045
1,scratch,random_low_mixed_10,51,0.00026716476211940786,random_low_mixed_10,0.5850000000000001,0.585,0.41284957313537596,47,98.81445025396533,116.84472626587376,10.0,1.5418333333333334,1.7876666666666667
1,scratch,random_low_mixed_10,52,0.00025883703676341484,random_low_mixed_10,0.5900000000000001,0.59,0.4077628026008606,47,97.34285130002536,113.31907714507543,10.0,1.5775,1.7893333333333334
1,scratch,random_low_mixed_10,53,0.0002505,random_low_mixed_10,0.583,0.583,0.40969503275553387,47,96.82013791799545,112.99882567999884,10.0,1.5578333333333334,1.8066666666666666
1,scratch,random_low_mixed_10,54,0.00024216296323658525,random_low_mixed_10,0.5880000000000001,0.588,0.3928970618247986,47,97.79051145492122,114.76661192509346,10.0,1.5393333333333334,1.7736666666666667
1,scratch,random_low_mixed_10,55,0.00023383523788059215,random_low_mixed_10,0.568,0.568,0.39551148962974547,47,98.99616296007298,115.0740441000089,10.0,1.5191666666666668,1.8026666666666666
1,scratch,random_low_mixed_10,56,0.00022552612493978745,random_low_mixed_10,0.598,0.598,0.37573759333292645,47,97.31754713202827,113.23021532199346,10.0,1.533,1.8141666666666667
1,scratch,random_low_mixed_10,57,0.00021724490463424225,random_low_mixed_10,0.5820000000000001,0.582,0.3689986495176951,47,98.20241592708044,114.35761755891144,10.0,1.5106666666666666,1.7988333333333333
1,scratch,random_low_mixed_10,58,0.00020900082603150905,random_low_mixed_10,0.5879999999999999,0.588,0.3745283910433451,47,96.98870491492562,112.847694309894,10.0,1.5275,1.7996666666666667
1,scratch,random_low_mixed_10,59,0.00020080309671659293,random_low_mixed_10,0.591,0.591,0.3719669372240702,47,97.99004557984881,113.97103103087284,10.0,1.5316666666666667,1.8013333333333332
1,scratch,random_low_mixed_10,60,0.00019266087250825167,random_low_mixed_10,0.5890000000000001,0.589,0.3500820687611898,47,97.84170764312148,114.04906894406304,10.0,1.5443333333333333,1.8121666666666667
1,scratch,random_low_mixed_10,61,0.00018458324723311413,random_low_mixed_10,0.5589999999999999,0.559,0.3454685045083364,47,97.05015691602603,113.00806403998286,10.0,1.5573333333333332,1.7551666666666668
1,scratch,random_low_mixed_10,62,0.00017657924256903434,random_low_mixed_10,0.588,0.588,0.3465028754075368,47,98.7066495558247,114.7650266289711,10.0,1.5401666666666667,1.7711666666666666
1,scratch,random_low_mixed_10,63,0.00016865779796902748,random_low_mixed_10,0.58,0.58,0.34943042159080506,47,97.16376487980597,113.33957088692114,10.0,1.525,1.8051666666666666
1,scratch,random_low_mixed_10,64,0.00016082776067704059,random_low_mixed_10,0.607,0.607,0.3387300028800964,47,96.714467973914,112.83232597797178,10.0,1.5515,1.8063333333333333
1,scratch,random_low_mixed_10,65,0.00015309787584670805,random_low_mixed_10,0.5900000000000001,0.59,0.3355094521045685,47,97.46751937200315,113.70583981485106,10.0,1.591,1.7643333333333333
1,scratch,random_low_mixed_10,66,0.00014547677677413047,random_low_mixed_10,0.595,0.595,0.33258642109235126,47,97.55792318098247,113.76519413897768,10.0,1.5518333333333334,1.7855
1,scratch,random_low_mixed_10,67,0.00013797297525558255,random_low_mixed_10,0.593,0.593,0.32696768577893576,47,97.03361745900474,113.00704040192068,10.0,1.5993333333333333,1.7756666666666667
1,scratch,random_low_mixed_10,68,0.00013059485208092238,random_low_mixed_10,0.584,0.584,0.3199627296129863,47,96.95873600500636,112.98280926514417,10.0,1.6018333333333334,1.751
1,scratch,random_low_mixed_10,69,0.00012335064767331658,random_low_mixed_10,0.6,0.6,0.3244318513075511,47,97.7974494039081,114.05302720796317,10.0,1.582,1.7896666666666667
1,scratch,random_low_mixed_10,70,0.00011624845288573853,random_low_mixed_10,0.591,0.591,0.31946021087964377,47,97.59634289308451,115.90265353000723,10.0,1.5958333333333334,1.7861666666666667
1,scratch,random_low_mixed_10,71,0.00010929619996451647,random_low_mixed_10,0.5930000000000001,0.593,0.31299562454223634,47,96.33698860392906,114.14968615886755,10.0,1.5475,1.6265
1,scratch,random_low_mixed_10,72,0.00010250165369002587,random_low_mixed_10,0.605,0.605,0.3075143630504608,47,97.58905062195845,113.58379890606739,10.0,1.5311666666666666,1.6665
1,scratch,random_low_mixed_10,73,9.587240270441893e-05,random_low_mixed_10,0.583,0.583,0.3046492877006531,47,97.4777830929961,113.60087987501174,10.0,1.5356666666666667,1.623
1,scratch,random_low_mixed_10,74,8.941585103607879e-05,random_low_mixed_10,0.595,0.595,0.3071190008322398,47,97.51155498903245,113.45055456995033,10.0,1.5113333333333334,1.6616666666666666
1,scratch,random_low_mixed_10,75,8.313920983026379e-05,random_low_mixed_10,0.5970000000000001,0.597,0.3026507091522217,47,98.78984607593156,114.92214248003438,10.0,1.5336666666666667,1.6373333333333333
1,scratch,random_low_mixed_10,76,7.704948929517675e-05,random_low_mixed_10,0.592,0.592,0.2986034824848175,47,98.99211509595625,115.05877990392037,10.0,1.5393333333333334,1.6253333333333333
1,scratch,random_low_mixed_10,77,7.115349087245667e-05,random_low_mixed_10,0.607,0.607,0.3025913354555766,47,98.78127352008596,115.1732329998631,10.0,1.5491666666666666,1.623
1,scratch,random_low_mixed_10,78,6.545779964083458e-05,random_low_mixed_10,0.606,0.606,0.2978042191664378,47,97.4916490339674,114.14095468283631,10.0,1.57,1.654
1,scratch,random_low_mixed_10,79,5.996877696144067e-05,random_low_mixed_10,0.599,0.599,0.2957777276833852,47,97.79719873098657,114.42746897903271,10.0,1.5563333333333333,1.6391666666666667
1,scratch,random_low_mixed_10,80,5.4692553372974075e-05,random_low_mixed_10,0.597,0.597,0.29813220222791037,47,98.58795980294235,114.66496206307784,10.0,1.5728333333333333,1.6216666666666666
1,scratch,random_low_mixed_10,81,4.963502174467306e-05,random_low_mixed_10,0.598,0.598,0.2974554778734843,47,97.05944061698392,113.03601441718638,10.0,1.5418333333333334,1.6493333333333333
1,scratch,random_low_mixed_10,82,4.480183069473086e-05,random_low_mixed_10,0.594,0.594,0.2959866627057393,47,97.22686607087962,113.1592097110115,10.0,1.5568333333333333,1.6643333333333334
1,scratch,random_low_mixed_10,83,4.019837828150914e-05,random_low_mixed_10,0.61,0.61,0.29489443318049113,47,97.69010838703252,114.02687552710995,10.0,1.5578333333333334,1.6496666666666666
1,scratch,random_low_mixed_10,84,3.5829805974595276e-05,random_low_mixed_10,0.602,0.602,0.29531155117352803,47,97.41467181383632,113.62790941307321,10.0,1.5315,1.644
1,scratch,random_low_mixed_10,85,3.1700992912435456e-05,random_low_mixed_10,0.609,0.609,0.2949147917429606,47,98.25931390211917,114.4161953208968,10.0,1.539,1.6726666666666667
1,scratch,random_low_mixed_10,86,2.781655045295966e-05,random_low_mixed_10,0.5980000000000001,0.598,0.2952165190378825,47,97.44171088887379,113.6058377979789,10.0,1.562,1.6585
1,scratch,random_low_mixed_10,87,2.4180817023281995e-05,random_low_mixed_10,0.5999999999999999,0.6,0.29415963061650596,47,96.71167034399696,112.77721163118258,10.0,1.5588333333333333,1.6561666666666666
1,scratch,random_low_mixed_10,88,2.0797853274230994e-05,random_low_mixed_10,0.6010000000000001,0.601,0.29122570927937824,47,98.14793425006792,114.42537184199318,10.0,1.5473333333333332,1.6465
1,scratch,random_low_mixed_10,89,1.7671437545120165e-05,random_low_mixed_10,0.605,0.605,0.29501575994491575,46,98.22340551321395,114.41021808213554,10.0,1.573,1.6403333333333334
1,scratch,random_low_mixed_10,90,1.480506164382429e-05,random_low_mixed_10,0.607,0.607,0.2897371595700582,47,97.83578144898638,114.28910329588689,10.0,1.5661666666666667,1.6411666666666667
1,scratch,random_low_mixed_10,91,1.220192694687535e-05,random_low_mixed_10,0.593,0.593,0.29118465924263,47,98.02633028407581,114.1089711599052,10.0,1.5658333333333334,1.661
1,scratch,random_low_mixed_10,92,9.864940823933073e-06,random_low_mixed_10,0.5980000000000001,0.598,0.29071187957127886,47,98.99869009805843,115.04810784012079,10.0,1.5406666666666666,1.6653333333333333
1,scratch,random_low_mixed_10,93,7.796713390623254e-06,random_low_mixed_10,0.601,0.601,0.290884636481603,47,98.70710195903666,114.86251081689261,10.0,1.545,1.6708333333333334
1,scratch,random_low_mixed_10,94,5.999554593371605e-06,random_low_mixed_10,0.6010000000000001,0.601,0.2883780438105265,47,98.4791419999674,115.0999079910107,10.0,1.5331666666666666,1.646
1,scratch,random_low_mixed_10,95,4.475471629487872e-06,random_low_mixed_10,0.596,0.596,0.2907353115081787,47,98.702623922145,115.10007482394576,10.0,1.5263333333333333,1.6581666666666666
1,scratch,random_low_mixed_10,96,3.2261667053823824e-06,random_low_mixed_10,0.5980000000000001,0.598,0.2883408045768738,47,98.88325298391283,115.23060164810158,10.0,1.57,1.6428333333333334
1,scratch,random_low_mixed_10,97,2.253035135418218e-06,random_low_mixed_10,0.599,0.599,0.2871109979947408,47,98.98758167191409,115.71840930799954,10.0,1.5503333333333333,1.6616666666666666
1,scratch,random_low_mixed_10,98,1.5571637835232856e-06,random_low_mixed_10,0.5970000000000001,0.597,0.29256707763671874,46,98.6981101220008,115.00908034201711,10.0,1.5355,1.659
1,scratch,random_low_mixed_10,99,1.1393298493014743e-06,random_low_mixed_10,0.5960000000000001,0.596,0.287326899766922,47,98.40836058510467,114.59959503100254,10.0,1.5483333333333333,1.6333333333333333
1,scratch,random_low_mixed_10,100,1e-06,random_low_mixed_10,0.5960000000000001,0.596,0.2887244493961334,47,97.99881851300597,115.01496910606511,10.0,1.5411666666666666,1.6476666666666666
1,scratch,random_rescue_to_low_70,1,0.0001,random_rescue_10,0.30100000000000005,0.301,1.8456376953125,47,98.17676443397067,114.2642282480374,10.0,1.6726666666666667,1.904
1,scratch,random_rescue_to_low_70,2,0.0002,random_rescue_10,0.304,0.304,1.7517682552337646,47,99.88126562489197,116.05653339391574,10.0,1.6543333333333334,1.8998333333333333
1,scratch,random_rescue_to_low_70,3,0.00030000000000000003,random_rescue_10,0.331,0.331,1.704283297220866,47,97.1425486127846,113.15169322188012,10.0,1.6921666666666666,1.911
1,scratch,random_rescue_to_low_70,4,0.0004,random_rescue_10,0.342,0.342,1.6687453810373942,47,96.45709254709072,112.62232462200336,10.0,1.609,1.9673333333333334
1,scratch,random_rescue_to_low_70,5,0.0005,random_rescue_10,0.37,0.37,1.6242901964187622,47,96.87547423900105,112.98066935199313,10.0,1.651,1.9078333333333333
1,scratch,random_rescue_to_low_70,6,0.0005,random_rescue_10,0.396,0.396,1.5795980033874513,47,97.27343497308902,113.29476156993769,10.0,1.6525,1.908
1,scratch,random_rescue_to_low_70,7,0.0004998606701506985,random_rescue_10,0.438,0.438,1.5020242109298707,47,96.38617245992646,112.28593130595982,10.0,1.6025,1.9618333333333333
1,scratch,random_rescue_to_low_70,8,0.0004994428362164767,random_rescue_10,0.45200000000000007,0.452,1.420154203414917,47,96.17798136989586,111.97059867018834,10.0,1.6035,1.963
1,scratch,random_rescue_to_low_70,9,0.0004987469648645818,random_rescue_10,0.49700000000000005,0.497,1.3605547103881837,47,95.1718570929952,111.25493102986366,10.0,1.5746666666666667,1.9921666666666666
1,scratch,random_rescue_to_low_70,10,0.0004977738332946176,random_rescue_10,0.4800000000000001,0.48,1.2789040857950846,47,96.42881476599723,112.15011114999652,10.0,1.6046666666666667,1.9325
1,scratch,random_rescue_to_low_70,11,0.0004965245283705121,random_rescue_10,0.521,0.521,1.2476366678873698,47,96.96736770891584,112.99368247506209,10.0,1.691,1.8768333333333334
1,scratch,random_rescue_to_low_70,12,0.0004950004454066284,random_rescue_10,0.508,0.508,1.2001978079477946,47,95.817804482067,111.823925267905,10.0,1.6495,1.9455
1,scratch,random_rescue_to_low_70,13,0.0004932032866093767,random_rescue_10,0.522,0.522,1.1950620028177896,47,96.88236203882843,112.9569662809372,10.0,1.7071666666666667,1.8505
1,scratch,random_rescue_to_low_70,14,0.000491135059176067,random_rescue_10,0.5329999999999999,0.533,1.133800906499227,47,96.184347668197,112.16942813806236,10.0,1.6125,1.9535
1,scratch,random_rescue_to_low_70,15,0.0004887980730531247,random_rescue_10,0.549,0.549,1.113019788424174,47,96.40959478192963,112.34885302116163,10.0,1.5791666666666666,1.9695
1,scratch,random_rescue_to_low_70,16,0.00048619493835617576,random_rescue_10,0.579,0.579,1.0712507902781168,47,96.62092004693113,112.7283083689399,10.0,1.5201666666666667,2.0536666666666665
1,scratch,random_rescue_to_low_70,17,0.00048332856245487986,random_rescue_10,0.557,0.557,1.0556702807744345,47,96.71913564903662,112.59645083895884,10.0,1.536,2.0301666666666667
1,scratch,random_rescue_to_low_70,18,0.000480202146725769,random_rescue_10,0.576,0.576,1.0125112195014954,47,96.21168231079355,112.09004513989203,10.0,1.501,2.052
1,scratch,random_rescue_to_low_70,19,0.00047681918297671805,random_rescue_10,0.573,0.573,0.9912917642593384,47,96.80342027405277,112.63934200000949,10.0,1.5035,2.022
1,scratch,random_rescue_to_low_70,20,0.0004731834495470404,random_rescue_10,0.5589999999999999,0.559,0.9639119415283203,47,96.28772979509085,112.40909766498953,10.0,1.5265,1.9966666666666666
1,scratch,random_rescue_to_low_70,21,0.00046929900708756454,random_rescue_10,0.5660000000000001,0.566,0.9553023687998454,47,96.74763307184912,113.04812288982794,10.0,1.5381666666666667,2.0031666666666665
1,scratch,random_rescue_to_low_70,22,0.0004651701940254048,random_rescue_10,0.567,0.567,0.9325310424168904,47,95.93708019307815,112.07459767814726,10.0,1.6276666666666666,1.9493333333333334
1,scratch,random_rescue_to_low_70,23,0.00046080162171849087,random_rescue_10,0.5509999999999999,0.551,0.8994761946996053,47,96.99337392207235,112.8877177850809,10.0,1.5635,2.0176666666666665
1,scratch,random_rescue_to_low_70,24,0.0004561981693052692,random_rescue_10,0.5900000000000001,0.59,0.8810626392364502,47,96.61740100686438,112.70861735800281,10.0,1.579,1.9766666666666666
1,scratch,random_rescue_to_low_70,25,0.00045136497825532695,random_rescue_10,0.576,0.576,0.8648609410921733,47,96.59261837904342,112.50232414714992,10.0,1.5931666666666666,1.9588333333333334
1,scratch,random_rescue_to_low_70,26,0.00044630744662702595,random_rescue_10,0.572,0.572,0.842133882522583,47,96.25878347898833,112.23220877698623,10.0,1.5813333333333333,1.97
1,scratch,random_rescue_to_low_70,27,0.0004410312230385594,random_rescue_10,0.564,0.564,0.8268352088928222,47,96.47211570199579,112.5488765980117,10.0,1.5736666666666668,1.9895
1,scratch,random_rescue_to_low_70,28,0.0004355422003591655,random_rescue_10,0.5730000000000002,0.573,0.7891852142016093,47,96.6349405660294,112.71429914608598,10.0,1.5878333333333334,1.9646666666666666
1,scratch,random_rescue_to_low_70,29,0.0004298465091275434,random_rescue_10,0.586,0.586,0.7644222561518351,47,95.80284631997347,111.59935639100149,10.0,1.5978333333333334,1.9418333333333333
1,scratch,random_rescue_to_low_70,30,0.0004239505107048233,random_rescue_10,0.603,0.603,0.7547093356450398,47,95.44105765409768,111.48234631703235,10.0,1.5658333333333334,1.9923333333333333
1,scratch,random_rescue_to_low_70,31,0.00041786079016973627,random_rescue_10,0.589,0.589,0.7263274974822999,47,95.40835684794001,111.25881979591213,10.0,1.5523333333333333,1.9961666666666666
1,scratch,random_rescue_to_low_70,32,0.00041158414896392116,random_rescue_10,0.587,0.587,0.7082844554583232,47,96.79415302397683,112.60491934604943,10.0,1.5311666666666666,2.02
1,scratch,random_rescue_to_low_70,33,0.00040512759729558113,random_rescue_10,0.602,0.602,0.6791434284845987,47,97.23377187387086,113.50170839508064,10.0,1.5885,1.9648333333333334
1,scratch,random_rescue_to_low_70,34,0.00039849834630997414,random_rescue_10,0.571,0.571,0.6635995541413625,47,96.62908132607117,113.17655500792898,10.0,1.5416666666666667,2.017333333333333
1,scratch,random_rescue_to_low_70,35,0.0003917038000354835,random_rescue_10,0.591,0.591,0.6458474489847819,47,96.39489213819616,112.57912692800164,10.0,1.572,1.9936666666666667
1,scratch,random_rescue_to_low_70,36,0.0003847515471142615,random_rescue_10,0.5819999999999999,0.582,0.6235923352241516,47,96.52916515781544,112.43545374507084,10.0,1.5773333333333333,1.9891666666666667
1,scratch,random_rescue_to_low_70,37,0.00037764935232668343,random_rescue_10,0.5690000000000001,0.569,0.6266163053512573,47,96.7665629638359,112.74728967715055,10.0,1.5701666666666667,1.98
1,scratch,random_rescue_to_low_70,38,0.0003704051479190776,random_rescue_10,0.584,0.584,0.5800112730662028,47,95.75956135499291,111.8444169589784,10.0,1.5536666666666668,2.001
1,scratch,random_rescue_to_low_70,39,0.00036302702474441743,random_rescue_10,0.5660000000000001,0.566,0.5801246070861816,47,97.2881974959746,113.5328975210432,10.0,1.588,1.9821666666666666
1,scratch,random_rescue_to_low_70,40,0.0003555232232258696,random_rescue_10,0.5960000000000001,0.596,0.5624400811990102,47,97.0321764932014,113.06229592813179,10.0,1.5801666666666667,1.977
1,scratch,random_rescue_to_low_70,41,0.00034790212415329195,random_rescue_10,0.5770000000000001,0.577,0.5406150426864624,47,95.69576878007501,111.86261569801718,10.0,1.5783333333333334,1.9845
1,scratch,random_rescue_to_low_70,42,0.0003401722393229594,random_rescue_10,0.583,0.583,0.5192232578595479,47,97.46734303398989,113.31060794484802,10.0,1.5876666666666666,1.952
1,scratch,random_rescue_to_low_70,43,0.0003323422020309725,random_rescue_10,0.582,0.582,0.506941442489624,47,95.80924446997233,111.57239712192677,10.0,1.5648333333333333,1.984
1,scratch,random_rescue_to_low_70,44,0.0003244207574309657,random_rescue_10,0.5660000000000001,0.566,0.4909865714708964,47,96.65560782887042,112.76500066299923,10.0,1.5458333333333334,2.0111666666666665
1,scratch,random_rescue_to_low_70,45,0.0003164167527668859,random_rescue_10,0.597,0.597,0.4960245548884074,47,95.46635808702558,111.28682067990303,10.0,1.5751666666666666,1.995
1,scratch,random_rescue_to_low_70,46,0.0003083391274917483,random_rescue_10,0.5770000000000001,0.577,0.47532152954737344,47,97.57005617721006,113.4242373839952,10.0,1.6015,1.9865
1,scratch,random_rescue_to_low_70,47,0.0003001969032834071,random_rescue_10,0.593,0.593,0.46149558703104654,47,96.86397823807783,112.77099011396058,10.0,1.6108333333333333,1.9448333333333334
1,scratch,random_rescue_to_low_70,48,0.00029199917396849096,random_rescue_10,0.59,0.59,0.45061583431561786,47,96.45341619406827,112.78669325285591,10.0,1.5668333333333333,1.9793333333333334
1,scratch,random_rescue_to_low_70,49,0.0002837550953657579,random_rescue_10,0.5810000000000001,0.581,0.43483825540542603,47,95.60390552994795,112.32011260301806,10.0,1.5618333333333334,1.9785
1,scratch,random_rescue_to_low_70,50,0.0002754738750602126,random_rescue_10,0.606,0.606,0.4236540925502777,47,95.54096856084652,113.08160590496846,10.0,1.5463333333333333,2.0045
1,scratch,random_rescue_to_low_70,51,0.00026716476211940786,random_rescue_10,0.5910000000000001,0.591,0.41721611444155376,47,96.64466222794726,114.88923147087917,10.0,1.5491666666666666,2.026666666666667
1,scratch,random_rescue_to_low_70,52,0.00025883703676341484,random_rescue_10,0.589,0.589,0.4036336679458618,47,97.5541125589516,113.62856780807488,10.0,1.5273333333333334,2.0343333333333335
1,scratch,random_rescue_to_low_70,53,0.0002505,random_rescue_10,0.5740000000000001,0.574,0.402476291179657,47,96.45594573393464,112.46143364417367,10.0,1.5398333333333334,2.0273333333333334
1,scratch,random_rescue_to_low_70,54,0.00024216296323658525,random_rescue_10,0.596,0.596,0.3909448978106181,47,96.77057378692552,113.12970048096031,10.0,1.5546666666666666,2.002666666666667
1,scratch,random_rescue_to_low_70,55,0.00023383523788059215,random_rescue_10,0.5800000000000001,0.58,0.3994491677284241,47,96.25870774895884,112.26059679011814,10.0,1.5455,2.0016666666666665
1,scratch,random_rescue_to_low_70,56,0.00022552612493978745,random_rescue_10,0.5960000000000001,0.596,0.3732075558503469,47,95.95877222600393,112.01585659990087,10.0,1.5676666666666668,2.0045
1,scratch,random_rescue_to_low_70,57,0.00021724490463424225,random_rescue_10,0.583,0.583,0.37041970777511596,47,96.34202759014443,112.30810955585912,10.0,1.5515,1.991
1,scratch,random_rescue_to_low_70,58,0.00020900082603150905,random_rescue_10,0.576,0.576,0.37112767362594606,47,96.06993030011654,112.28872519708239,10.0,1.5443333333333333,2.0125
1,scratch,random_rescue_to_low_70,59,0.00020080309671659293,random_rescue_10,0.593,0.593,0.3689566781520843,47,96.0791958081536,112.19794031209312,10.0,1.5253333333333334,2.0281666666666665
1,scratch,random_rescue_to_low_70,60,0.00019266087250825167,random_rescue_10,0.604,0.604,0.3544476528962453,47,96.02873473102227,112.19775378983468,10.0,1.5501666666666667,2.0171666666666668
1,scratch,random_rescue_to_low_70,61,0.00018458324723311413,random_rescue_10,0.5940000000000001,0.594,0.3399912621974945,47,96.29637761996128,112.2339720968157,10.0,1.5213333333333334,2.0671666666666666
1,scratch,random_rescue_to_low_70,62,0.00017657924256903434,random_rescue_10,0.591,0.591,0.3458911108970642,47,97.2706684069708,113.40560215897858,10.0,1.535,2.0283333333333333
1,scratch,random_rescue_to_low_70,63,0.00016865779796902748,random_rescue_10,0.588,0.588,0.34853368759155273,46,96.40554659185,112.37183529720642,10.0,1.5463333333333333,2.022666666666667
1,scratch,random_rescue_to_low_70,64,0.00016082776067704059,random_rescue_10,0.5800000000000001,0.58,0.3358953227202098,47,96.16807969100773,112.32900937716477,10.0,1.5656666666666668,2.000166666666667
1,scratch,random_rescue_to_low_70,65,0.00015309787584670805,random_rescue_10,0.58,0.58,0.3402566339969635,47,96.46374483499676,112.73885490302928,10.0,1.558,1.9976666666666667
1,scratch,random_rescue_to_low_70,66,0.00014547677677413047,random_rescue_10,0.594,0.594,0.3300365742047628,47,96.41274567204528,112.51693890895694,10.0,1.5868333333333333,1.9583333333333333
1,scratch,random_rescue_to_low_70,67,0.00013797297525558255,random_rescue_10,0.5940000000000001,0.594,0.3259274265766144,47,96.38540322310291,112.6205804690253,10.0,1.551,2.0086666666666666
1,scratch,random_rescue_to_low_70,68,0.00013059485208092238,random_rescue_10,0.598,0.598,0.3230538363456726,47,96.51515157008544,112.87824708689004,10.0,1.5715,2.000166666666667
1,scratch,random_rescue_to_low_70,69,0.00012335064767331658,random_rescue_10,0.579,0.579,0.3163939475218455,47,97.31400643102825,113.48894567089155,10.0,1.5521666666666667,2.0036666666666667
1,scratch,random_rescue_to_low_70,70,0.00011624845288573853,random_rescue_10,0.596,0.596,0.3141078604857127,47,96.75897113000974,114.29650714294985,10.0,1.5386666666666666,2.0446666666666666
1,scratch,random_rescue_to_low_70,71,0.00010929619996451647,low_score_rescue_10,0.6049999999999999,0.605,0.3136539845466614,47,96.4524071009364,114.68037016806193,10.0,1.5066666666666666,1.5568333333333333
1,scratch,random_rescue_to_low_70,72,0.00010250165369002587,low_score_rescue_10,0.5930000000000001,0.593,0.3045875356992086,47,97.0687489961274,113.31151391682215,10.0,1.5153333333333334,1.5716666666666668
1,scratch,random_rescue_to_low_70,73,9.587240270441893e-05,low_score_rescue_10,0.6119999999999999,0.612,0.3049609775543213,47,96.700297805015,112.67194756981917,10.0,1.5351666666666666,1.5721666666666667
1,scratch,random_rescue_to_low_70,74,8.941585103607879e-05,low_score_rescue_10,0.597,0.597,0.3046245327790578,47,96.37198100797832,112.57628601999022,10.0,1.5416666666666667,1.5705
1,scratch,random_rescue_to_low_70,75,8.313920983026379e-05,low_score_rescue_10,0.599,0.599,0.30535662865638735,47,97.24296369310468,114.04124960280024,10.0,1.5381666666666667,1.5545
1,scratch,random_rescue_to_low_70,76,7.704948929517675e-05,low_score_rescue_10,0.593,0.593,0.30184049646059674,47,97.94608327909373,113.9427236171905,10.0,1.5496666666666667,1.5745
1,scratch,random_rescue_to_low_70,77,7.115349087245667e-05,low_score_rescue_10,0.584,0.584,0.30145790163675945,47,97.8838722941,114.38132725702599,10.0,1.5401666666666667,1.5763333333333334
1,scratch,random_rescue_to_low_70,78,6.545779964083458e-05,low_score_rescue_10,0.5880000000000001,0.588,0.29635040601094564,47,97.81005108496174,113.89291471615434,10.0,1.5473333333333332,1.5385
1,scratch,random_rescue_to_low_70,79,5.996877696144067e-05,low_score_rescue_10,0.603,0.603,0.2981733814875285,47,96.66541854781099,112.92539040092379,10.0,1.5378333333333334,1.5745
1,scratch,random_rescue_to_low_70,80,5.4692553372974075e-05,low_score_rescue_10,0.606,0.606,0.29969246093432106,47,97.4253530181013,113.39683227194473,10.0,1.5543333333333333,1.5903333333333334
1,scratch,random_rescue_to_low_70,81,4.963502174467306e-05,low_score_rescue_10,0.603,0.603,0.29622182114919027,47,97.35170390107669,113.49660944193602,10.0,1.5221666666666667,1.5913333333333333
1,scratch,random_rescue_to_low_70,82,4.480183069473086e-05,low_score_rescue_10,0.599,0.599,0.29318332028388977,47,97.23404058511369,113.56609094887972,10.0,1.5501666666666667,1.5783333333333334
1,scratch,random_rescue_to_low_70,83,4.019837828150914e-05,low_score_rescue_10,0.598,0.598,0.2908554518222809,47,96.94739906303585,113.12854054197669,10.0,1.5403333333333333,1.5461666666666667
1,scratch,random_rescue_to_low_70,84,3.5829805974595276e-05,low_score_rescue_10,0.599,0.599,0.29327027066548667,47,96.33904809108935,112.50272812996991,10.0,1.5255,1.564
1,scratch,random_rescue_to_low_70,85,3.1700992912435456e-05,low_score_rescue_10,0.6060000000000001,0.606,0.2923723266919454,47,96.2175458308775,112.71441766596399,10.0,1.5305,1.5596666666666668
1,scratch,random_rescue_to_low_70,86,2.781655045295966e-05,low_score_rescue_10,0.603,0.603,0.29642334493001304,47,96.46932208701037,112.59985403483734,10.0,1.5403333333333333,1.5818333333333334
1,scratch,random_rescue_to_low_70,87,2.4180817023281995e-05,low_score_rescue_10,0.607,0.607,0.2945305404663086,47,96.70354398805648,112.71886490890756,10.0,1.5506666666666666,1.574
1,scratch,random_rescue_to_low_70,88,2.0797853274230994e-05,low_score_rescue_10,0.611,0.611,0.2917973084449768,47,96.95752861606888,112.98716948903166,10.0,1.5275,1.5423333333333333
1,scratch,random_rescue_to_low_70,89,1.7671437545120165e-05,low_score_rescue_10,0.608,0.608,0.2893639697233836,47,96.62352071516216,112.72502876399085,10.0,1.5431666666666666,1.5711666666666666
1,scratch,random_rescue_to_low_70,90,1.480506164382429e-05,low_score_rescue_10,0.6030000000000001,0.603,0.29005369329452513,47,97.0663099240046,113.04829325410537,10.0,1.5363333333333333,1.5588333333333333
1,scratch,random_rescue_to_low_70,91,1.220192694687535e-05,low_score_rescue_10,0.601,0.601,0.2898249419530233,47,98.16059123794548,114.62000922695734,10.0,1.5561666666666667,1.568
1,scratch,random_rescue_to_low_70,92,9.864940823933073e-06,low_score_rescue_10,0.604,0.604,0.2917621908982595,47,98.05138542200439,114.31424687500112,10.0,1.4933333333333334,1.5743333333333334
1,scratch,random_rescue_to_low_70,93,7.796713390623254e-06,low_score_rescue_10,0.5999999999999999,0.6,0.290429150501887,47,98.29710919805802,114.77336351503618,10.0,1.5361666666666667,1.5811666666666666
1,scratch,random_rescue_to_low_70,94,5.999554593371605e-06,low_score_rescue_10,0.602,0.602,0.28846441451708477,47,97.38700449094176,113.91395817394368,10.0,1.5456666666666667,1.5753333333333333
1,scratch,random_rescue_to_low_70,95,4.475471629487872e-06,low_score_rescue_10,0.604,0.604,0.28967753108342487,47,98.47337142098695,115.19669010303915,10.0,1.5396666666666667,1.5471666666666666
1,scratch,random_rescue_to_low_70,96,3.2261667053823824e-06,low_score_rescue_10,0.609,0.609,0.2904496966203054,47,98.67832567100413,115.16385686700232,10.0,1.5373333333333334,1.5966666666666667
1,scratch,random_rescue_to_low_70,97,2.253035135418218e-06,low_score_rescue_10,0.608,0.608,0.28971278889973956,47,97.7850948558189,114.37548017594963,10.0,1.5351666666666666,1.5698333333333334
1,scratch,random_rescue_to_low_70,98,1.5571637835232856e-06,low_score_rescue_10,0.604,0.604,0.2891756796836853,47,98.37174862995744,114.7372713838704,10.0,1.5463333333333333,1.5966666666666667
1,scratch,random_rescue_to_low_70,99,1.1393298493014743e-06,low_score_rescue_10,0.6050000000000001,0.605,0.2908931265672048,47,97.3116197490599,113.49790557916276,10.0,1.5361666666666667,1.5636666666666668
1,scratch,random_rescue_to_low_70,100,1e-06,low_score_rescue_10,0.6060000000000001,0.606,0.29281190514564515,47,98.31492470903322,116.22047144989483,10.0,1.539,1.5631666666666666
2,scratch,adaptive_random_to_low_10,1,0.0001,random_rescue_10,0.30400000000000005,0.304,1.8450593547821046,47,99.11240600608289,115.3673046240583,10.0,1.8656666666666666,1.7238333333333333
2,scratch,adaptive_random_to_low_10,2,0.0002,random_rescue_10,0.305,0.305,1.7483646100362142,47,100.5157356960699,117.49531680298969,10.0,1.8106666666666666,1.7575
2,scratch,adaptive_random_to_low_10,3,0.00030000000000000003,random_rescue_10,0.314,0.314,1.7348880386352539,47,97.95773738413118,113.96667522215284,10.0,1.7791666666666666,1.7786666666666666
2,scratch,adaptive_random_to_low_10,4,0.0004,random_rescue_10,0.39,0.39,1.6737585426966348,47,96.93682215618901,113.02276526298374,10.0,1.7383333333333333,1.8243333333333334
2,scratch,adaptive_random_to_low_10,5,0.0005,random_rescue_10,0.376,0.376,1.6130373655954997,47,96.01290341699496,112.01600764296018,10.0,1.8798333333333332,1.67
2,scratch,adaptive_random_to_low_10,6,0.0005,random_rescue_10,0.45199999999999996,0.452,1.5171148694356282,47,96.82838169182651,113.3928914340213,10.0,1.881,1.6766666666666667
2,scratch,adaptive_random_to_low_10,7,0.0004998606701506985,random_rescue_10,0.47400000000000003,0.474,1.4487402413686117,47,96.47396591911092,112.67604399193078,10.0,1.8436666666666666,1.7265
2,scratch,adaptive_random_to_low_10,8,0.0004994428362164767,random_rescue_10,0.514,0.514,1.3793558537165325,47,96.28808537917212,112.26807958097197,10.0,1.7595,1.8305
2,scratch,adaptive_random_to_low_10,9,0.0004987469648645818,random_rescue_10,0.511,0.511,1.3672457723617553,47,96.2868279570248,112.55434750416316,10.0,1.7725,1.793
2,scratch,adaptive_random_to_low_10,10,0.0004977738332946176,random_rescue_10,0.538,0.538,1.2911738888422648,47,96.75652920617722,116.9170105329249,10.0,1.623,1.9458333333333333
2,scratch,adaptive_random_to_low_10,11,0.0004965245283705121,random_rescue_10,0.521,0.521,1.250586454709371,47,96.42959009297192,112.50818066694774,10.0,1.7235,1.8406666666666667
2,scratch,adaptive_random_to_low_10,12,0.0004950004454066284,random_rescue_10,0.5599999999999999,0.56,1.2039104515711467,47,96.36853007413447,112.32697605504654,10.0,1.6786666666666668,1.8606666666666667
2,scratch,adaptive_random_to_low_10,13,0.0004932032866093767,random_rescue_10,0.5199999999999999,0.52,1.181068786938985,47,96.78391810902394,113.04361157002859,10.0,1.689,1.8778333333333332
2,scratch,adaptive_random_to_low_10,14,0.000491135059176067,random_rescue_10,0.561,0.561,1.1610937767028808,47,96.22833294002339,112.47591012297198,10.0,1.6811666666666667,1.8643333333333334
2,scratch,adaptive_random_to_low_10,15,0.0004887980730531247,random_rescue_10,0.5850000000000001,0.585,1.1093835487365722,47,96.60378567199223,113.00123722292483,10.0,1.72,1.8301666666666667
2,scratch,adaptive_random_to_low_10,16,0.00048619493835617576,random_rescue_10,0.5810000000000001,0.581,1.0943479913075764,47,96.33739567408338,112.18823155411519,10.0,1.7311666666666667,1.8021666666666667
2,scratch,adaptive_random_to_low_10,17,0.00048332856245487986,random_rescue_10,0.584,0.584,1.0469751078287761,47,97.02305349498056,113.22248693089932,10.0,1.7548333333333332,1.8025
2,scratch,adaptive_random_to_low_10,18,0.000480202146725769,random_rescue_10,0.5720000000000001,0.572,1.0167006975809734,47,97.95337324612774,114.36230400693603,10.0,1.808,1.7363333333333333
2,scratch,adaptive_random_to_low_10,19,0.00047681918297671805,random_rescue_10,0.58,0.58,1.006009210586548,47,96.17457390902564,113.01847147685476,10.0,1.807,1.7611666666666668
2,scratch,adaptive_random_to_low_10,20,0.0004731834495470404,random_rescue_10,0.576,0.576,0.9721217486063639,47,96.71653370303102,116.59360845503397,10.0,1.781,1.7856666666666667
2,scratch,adaptive_random_to_low_10,21,0.00046929900708756454,random_rescue_10,0.579,0.579,0.9484115209579468,47,97.22022832604125,113.31347982608713,10.0,1.7755,1.7401666666666666
2,scratch,adaptive_random_to_low_10,22,0.0004651701940254048,random_rescue_10,0.589,0.589,0.9471819235483805,47,96.46815069112927,112.4803430379834,10.0,1.7195,1.851
2,scratch,adaptive_random_to_low_10,23,0.00046080162171849087,random_rescue_10,0.5889999999999999,0.589,0.8920076189041137,47,96.62622866104357,112.88244257494807,10.0,1.7398333333333333,1.8063333333333333
2,scratch,adaptive_random_to_low_10,24,0.0004561981693052692,random_rescue_10,0.5760000000000001,0.576,0.8785167118708292,47,96.44000325002708,112.4226311428938,10.0,1.6721666666666666,1.8685
2,scratch,adaptive_random_to_low_10,25,0.00045136497825532695,random_rescue_10,0.613,0.613,0.8457574917475382,47,96.45929550612345,112.56047499598935,10.0,1.707,1.8278333333333334
2,scratch,adaptive_random_to_low_10,26,0.00044630744662702595,random_rescue_10,0.596,0.596,0.8303222646713256,47,96.38142842706293,112.43773951590993,10.0,1.7465,1.8215
2,scratch,adaptive_random_to_low_10,27,0.0004410312230385594,random_rescue_10,0.567,0.567,0.8280252564748128,47,96.46938742906787,112.64945977111347,10.0,1.7031666666666667,1.8538333333333334
2,scratch,adaptive_random_to_low_10,28,0.0004355422003591655,random_rescue_10,0.591,0.591,0.7922171411514283,47,99.01207084907219,115.0845224079676,10.0,1.6833333333333333,1.8455
2,scratch,adaptive_random_to_low_10,29,0.0004298465091275434,random_rescue_10,0.606,0.606,0.7541204938888549,47,96.78544074692763,112.92010035784915,10.0,1.7351666666666667,1.8491666666666666
2,scratch,adaptive_random_to_low_10,30,0.0004239505107048233,random_rescue_10,0.597,0.597,0.7316755374272664,47,96.4102267739363,116.3533903779462,10.0,1.6606666666666667,1.9186666666666667
2,scratch,adaptive_random_to_low_10,31,0.00041786079016973627,random_rescue_10,0.584,0.584,0.714464123249054,47,95.86366523616016,112.15236085304059,10.0,1.7273333333333334,1.85
2,scratch,adaptive_random_to_low_10,32,0.00041158414896392116,random_rescue_10,0.616,0.616,0.6989670856793722,47,96.26544315903448,112.30659338599071,10.0,1.6698333333333333,1.871
2,scratch,adaptive_random_to_low_10,33,0.00040512759729558113,random_rescue_10,0.611,0.611,0.6741775862375895,47,96.1815908588469,112.12353630992584,10.0,1.6813333333333333,1.8955
2,scratch,adaptive_random_to_low_10,34,0.00039849834630997414,random_rescue_10,0.601,0.601,0.6484393620491028,47,96.47927978797816,112.7377130840905,10.0,1.7285,1.8663333333333334
2,scratch,adaptive_random_to_low_10,35,0.0003917038000354835,random_rescue_10,0.606,0.606,0.6331946525573731,47,95.90090421913192,111.9842230528593,10.0,1.7188333333333334,1.8666666666666667
2,scratch,adaptive_random_to_low_10,36,0.0003847515471142615,random_rescue_10,0.622,0.622,0.6186205393473307,47,96.4076733298134,112.41258436394855,10.0,1.7526666666666666,1.8131666666666666
2,scratch,adaptive_random_to_low_10,37,0.00037764935232668343,random_rescue_10,0.582,0.582,0.595883172194163,47,96.86560234683566,113.16304448782466,10.0,1.6661666666666666,1.8876666666666666
2,scratch,adaptive_random_to_low_10,38,0.0003704051479190776,random_rescue_10,0.585,0.585,0.5746902885437012,47,96.31134321796708,112.21410050685517,10.0,1.7473333333333334,1.8585
2,scratch,adaptive_random_to_low_10,39,0.00036302702474441743,random_rescue_10,0.5800000000000001,0.58,0.5832153946558635,47,96.53446618514135,112.77593776909634,10.0,1.7531666666666668,1.8101666666666667
2,scratch,adaptive_random_to_low_10,40,0.0003555232232258696,random_rescue_10,0.601,0.601,0.5461702506542205,47,95.58589234482497,115.46598377404734,10.0,1.7195,1.7966666666666666
2,scratch,adaptive_random_to_low_10,41,0.00034790212415329195,low_score_rescue_10,0.583,0.583,0.5365087960561117,47,95.9762943580281,112.08172881091014,10.0,1.7503333333333333,1.5676666666666668
2,scratch,adaptive_random_to_low_10,42,0.0003401722393229594,low_score_rescue_10,0.5940000000000001,0.594,0.5135013834635417,47,96.81748153502122,112.95948744704947,10.0,1.7258333333333333,1.6113333333333333
2,scratch,adaptive_random_to_low_10,43,0.0003323422020309725,low_score_rescue_10,0.5790000000000001,0.579,0.5016197856267294,47,95.81066386890598,111.96800940320827,10.0,1.6876666666666666,1.5756666666666668
2,scratch,adaptive_random_to_low_10,44,0.0003244207574309657,low_score_rescue_10,0.5720000000000001,0.572,0.493723153591156,47,96.39060045499355,112.42523390706629,10.0,1.688,1.5808333333333333
2,scratch,adaptive_random_to_low_10,45,0.0003164167527668859,low_score_rescue_10,0.5900000000000001,0.59,0.4788321890036265,47,95.58767018001527,111.71981399413198,10.0,1.6713333333333333,1.5961666666666667
2,scratch,adaptive_random_to_low_10,46,0.0003083391274917483,low_score_rescue_10,0.5860000000000001,0.586,0.4767004904747009,47,97.11387933488004,113.2329702929128,10.0,1.7063333333333333,1.5446666666666666
2,scratch,adaptive_random_to_low_10,47,0.0003001969032834071,low_score_rescue_10,0.599,0.599,0.4640840210119883,47,97.06286290986463,113.61065509100445,10.0,1.6811666666666667,1.5996666666666666
2,scratch,adaptive_random_to_low_10,48,0.00029199917396849096,low_score_rescue_10,0.5820000000000001,0.582,0.4477068594296773,47,96.2514381641522,112.63999565388076,10.0,1.7111666666666667,1.5933333333333333
2,scratch,adaptive_random_to_low_10,49,0.0002837550953657579,low_score_rescue_10,0.562,0.562,0.43063819297154743,47,95.43977085500956,111.4007374108769,10.0,1.6645,1.583
2,scratch,adaptive_random_to_low_10,50,0.0002754738750602126,low_score_rescue_10,0.6039999999999999,0.604,0.442786096572876,47,96.10606084181927,113.81446323986165,10.0,1.6831666666666667,1.5825
2,scratch,adaptive_random_to_low_10,51,0.00026716476211940786,low_score_rescue_10,0.5800000000000001,0.58,0.4340301971435547,47,97.25422704708762,115.51108014490455,10.0,1.7018333333333333,1.5996666666666666
2,scratch,adaptive_random_to_low_10,52,0.00025883703676341484,low_score_rescue_10,0.607,0.607,0.41759185441335045,47,97.17156976694241,113.33256339700893,10.0,1.6935,1.6048333333333333
2,scratch,adaptive_random_to_low_10,53,0.0002505,low_score_rescue_10,0.6050000000000001,0.605,0.41059367775917055,47,96.50392529997043,112.64418242801912,10.0,1.7168333333333334,1.6078333333333332
2,scratch,adaptive_random_to_low_10,54,0.00024216296323658525,low_score_rescue_10,0.601,0.601,0.3887035029729207,47,96.72319788997993,112.82952478015795,10.0,1.6653333333333333,1.6396666666666666
2,scratch,adaptive_random_to_low_10,55,0.00023383523788059215,low_score_rescue_10,0.615,0.615,0.3930450905164083,47,96.94371216278523,113.13021399313584,10.0,1.6935,1.5938333333333334
2,scratch,adaptive_random_to_low_10,56,0.00022552612493978745,low_score_rescue_10,0.611,0.611,0.38045215606689453,47,96.99864633590914,113.24752489593811,10.0,1.6856666666666666,1.5795
2,scratch,adaptive_random_to_low_10,57,0.00021724490463424225,low_score_rescue_10,0.6039999999999999,0.604,0.3826321759223938,47,96.40661141113378,112.45657526911236,10.0,1.6548333333333334,1.561
2,scratch,adaptive_random_to_low_10,58,0.00020900082603150905,low_score_rescue_10,0.612,0.612,0.3790288551648458,47,96.58207462099381,112.82879988988861,10.0,1.6943333333333332,1.6085
2,scratch,adaptive_random_to_low_10,59,0.00020080309671659293,low_score_rescue_10,0.617,0.617,0.37031431555747985,47,96.8528268628288,113.7174615720287,10.0,1.702,1.629
2,scratch,adaptive_random_to_low_10,60,0.00019266087250825167,low_score_rescue_10,0.6,0.6,0.3587592038313548,47,97.27243379992433,114.07220570300706,10.0,1.6341666666666668,1.6068333333333333
2,scratch,adaptive_random_to_low_10,61,0.00018458324723311413,low_score_rescue_10,0.614,0.614,0.35823923389116924,47,97.43965890817344,113.44775299495086,10.0,1.6555,1.5578333333333334
2,scratch,adaptive_random_to_low_10,62,0.00017657924256903434,low_score_rescue_10,0.6050000000000001,0.605,0.35161739333470665,47,95.86954921507277,112.72317255404778,10.0,1.6546666666666667,1.5988333333333333
2,scratch,adaptive_random_to_low_10,63,0.00016865779796902748,low_score_rescue_10,0.6060000000000001,0.606,0.356056137641271,47,98.64980282704346,115.0567974881269,10.0,1.6695,1.5766666666666667
2,scratch,adaptive_random_to_low_10,64,0.00016082776067704059,low_score_rescue_10,0.628,0.628,0.34372462797164915,47,96.6685546671506,113.20439347415231,10.0,1.6461666666666666,1.6108333333333333
2,scratch,adaptive_random_to_low_10,65,0.00015309787584670805,low_score_rescue_10,0.6060000000000001,0.606,0.33894245115915933,47,97.14027982088737,113.15329108806327,10.0,1.6475,1.6241666666666668
2,scratch,adaptive_random_to_low_10,66,0.00014547677677413047,low_score_rescue_10,0.602,0.602,0.3466062285900116,47,96.42614046717063,112.58507601707242,10.0,1.6643333333333334,1.6173333333333333
2,scratch,adaptive_random_to_low_10,67,0.00013797297525558255,low_score_rescue_10,0.6010000000000001,0.601,0.3414072354634603,47,96.28647629288025,112.60394724388607,10.0,1.6463333333333334,1.6021666666666667
2,scratch,adaptive_random_to_low_10,68,0.00013059485208092238,low_score_rescue_10,0.595,0.595,0.3337194724082947,47,96.3554528709501,112.07663616980426,10.0,1.602,1.6001666666666667
2,scratch,adaptive_random_to_low_10,69,0.00012335064767331658,low_score_rescue_10,0.626,0.626,0.3282350573539734,47,96.339294671081,112.38649515016004,10.0,1.5955,1.5858333333333334
2,scratch,adaptive_random_to_low_10,70,0.00011624845288573853,low_score_rescue_10,0.5940000000000001,0.594,0.3253248467445374,47,96.9873079371173,115.75487353699282,10.0,1.6141666666666667,1.5661666666666667
2,scratch,adaptive_random_to_low_10,71,0.00010929619996451647,low_score_rescue_10,0.609,0.609,0.334608558177948,47,97.3075588659849,115.6574083501473,10.0,1.6628333333333334,1.6091666666666666
2,scratch,adaptive_random_to_low_10,72,0.00010250165369002587,low_score_rescue_10,0.6080000000000001,0.608,0.3270527969996134,46,96.7679449908901,113.0226514369715,10.0,1.65,1.5916666666666666
2,scratch,adaptive_random_to_low_10,73,9.587240270441893e-05,low_score_rescue_10,0.607,0.607,0.3207266615231832,47,97.7958516208455,114.04470955394208,10.0,1.5998333333333334,1.615
2,scratch,adaptive_random_to_low_10,74,8.941585103607879e-05,low_score_rescue_10,0.6160000000000001,0.616,0.319502463499705,47,96.4962513151113,112.60152271483094,10.0,1.6428333333333334,1.5943333333333334
2,scratch,adaptive_random_to_low_10,75,8.313920983026379e-05,low_score_rescue_10,0.603,0.603,0.3180877949396769,47,97.8428840499837,114.17234270111658,10.0,1.6485,1.553
2,scratch,adaptive_random_to_low_10,76,7.704948929517675e-05,low_score_rescue_10,0.621,0.621,0.31239987365404764,47,98.15213395794854,114.3201739359647,10.0,1.6256666666666666,1.594
2,scratch,adaptive_random_to_low_10,77,7.115349087245667e-05,low_score_rescue_10,0.6150000000000001,0.615,0.3168197282155355,47,97.86700367298909,114.24992406298406,10.0,1.6406666666666667,1.5901666666666667
2,scratch,adaptive_random_to_low_10,78,6.545779964083458e-05,low_score_rescue_10,0.621,0.621,0.31268608729044595,47,98.20261171087623,114.04860617499799,10.0,1.6341666666666668,1.5861666666666667
2,scratch,adaptive_random_to_low_10,79,5.996877696144067e-05,low_score_rescue_10,0.6180000000000001,0.618,0.31078902689615884,47,97.09194058692083,113.18789352104068,10.0,1.6135,1.6051666666666666
2,scratch,adaptive_random_to_low_10,80,5.4692553372974075e-05,low_score_rescue_10,0.621,0.621,0.3067653818130493,47,97.7492236380931,114.03596093901433,10.0,1.6055,1.6015
2,scratch,adaptive_random_to_low_10,81,4.963502174467306e-05,low_score_rescue_10,0.621,0.621,0.31090657035509744,47,96.48857678007334,112.73403792013414,10.0,1.6,1.5943333333333334
2,scratch,adaptive_random_to_low_10,82,4.480183069473086e-05,low_score_rescue_10,0.6160000000000001,0.616,0.30993167304992675,47,97.41178918117657,113.51147613790818,10.0,1.6053333333333333,1.5823333333333334
2,scratch,adaptive_random_to_low_10,83,4.019837828150914e-05,low_score_rescue_10,0.621,0.621,0.3055460070768992,47,97.29383288696408,113.33171313488856,10.0,1.6035,1.6015
2,scratch,adaptive_random_to_low_10,84,3.5829805974595276e-05,low_score_rescue_10,0.6070000000000001,0.607,0.308335231701533,47,96.26212408998981,112.40630678692833,10.0,1.6238333333333332,1.5813333333333333
2,scratch,adaptive_random_to_low_10,85,3.1700992912435456e-05,low_score_rescue_10,0.6180000000000001,0.618,0.3079931063652039,47,97.53481018682942,113.57509199390188,10.0,1.605,1.5856666666666666
2,scratch,adaptive_random_to_low_10,86,2.781655045295966e-05,low_score_rescue_10,0.617,0.617,0.3076364414691925,47,96.47281340812333,112.65215571597219,10.0,1.5995,1.5695
2,scratch,adaptive_random_to_low_10,87,2.4180817023281995e-05,low_score_rescue_10,0.615,0.615,0.3003546637694041,47,96.51002238993533,112.6061124780681,10.0,1.6061666666666667,1.5911666666666666
2,scratch,adaptive_random_to_low_10,88,2.0797853274230994e-05,low_score_rescue_10,0.6170000000000001,0.617,0.3027512285709381,47,97.39771223184653,113.45861189300194,10.0,1.5851666666666666,1.5905
2,scratch,adaptive_random_to_low_10,89,1.7671437545120165e-05,low_score_rescue_10,0.616,0.616,0.3074836025238037,47,96.75636969902553,112.62709728814662,10.0,1.6255,1.5915
2,scratch,adaptive_random_to_low_10,90,1.480506164382429e-05,low_score_rescue_10,0.6170000000000002,0.617,0.3025421641667684,47,96.92233162815683,113.35201384988613,10.0,1.6326666666666667,1.5983333333333334
2,scratch,adaptive_random_to_low_10,91,1.220192694687535e-05,low_score_rescue_10,0.617,0.617,0.30655487028757733,47,98.56866950402036,114.84272895893082,10.0,1.64,1.5998333333333334
2,scratch,adaptive_random_to_low_10,92,9.864940823933073e-06,low_score_rescue_10,0.625,0.625,0.29879688358306883,47,98.45396855613217,114.70780588593334,10.0,1.5853333333333333,1.5931666666666666
2,scratch,adaptive_random_to_low_10,93,7.796713390623254e-06,low_score_rescue_10,0.624,0.624,0.3070440295537313,47,98.06613607285544,114.50365298683755,10.0,1.6068333333333333,1.5993333333333333
2,scratch,adaptive_random_to_low_10,94,5.999554593371605e-06,low_score_rescue_10,0.623,0.623,0.3006250899632772,47,97.46540940878913,113.90862946817651,10.0,1.6161666666666668,1.5703333333333334
2,scratch,adaptive_random_to_low_10,95,4.475471629487872e-06,low_score_rescue_10,0.6209999999999999,0.621,0.2965510835647583,47,97.84709999687038,114.0982334560249,10.0,1.5835,1.5575
2,scratch,adaptive_random_to_low_10,96,3.2261667053823824e-06,low_score_rescue_10,0.618,0.618,0.3034102152188619,47,98.68716408009641,115.38068937812932,10.0,1.6051666666666666,1.595
2,scratch,adaptive_random_to_low_10,97,2.253035135418218e-06,low_score_rescue_10,0.6209999999999999,0.621,0.3016273688475291,47,98.30681344913319,114.70011353492737,10.0,1.603,1.5748333333333333
2,scratch,adaptive_random_to_low_10,98,1.5571637835232856e-06,low_score_rescue_10,0.621,0.621,0.30267405970891315,47,97.83901011012495,114.88176018884405,10.0,1.6061666666666667,1.5926666666666667
2,scratch,adaptive_random_to_low_10,99,1.1393298493014743e-06,low_score_rescue_10,0.622,0.622,0.30428367360432945,47,97.51530065597035,113.88456707098521,10.0,1.6063333333333334,1.5881666666666667
2,scratch,adaptive_random_to_low_10,100,1e-06,low_score_rescue_10,0.622,0.622,0.30353101070721944,47,97.4324649758637,114.12132206512615,10.0,1.622,1.5866666666666667
2,scratch,random_low_mixed_10,1,0.0001,random_rescue_10,0.30400000000000005,0.304,1.8450593547821046,47,100.3907376609277,117.1418957200367,10.0,1.8656666666666666,1.7238333333333333
2,scratch,random_low_mixed_10,2,0.0002,random_rescue_10,0.305,0.305,1.7483646100362142,47,99.66559327603318,115.93930345308036,10.0,1.8106666666666666,1.7575
2,scratch,random_low_mixed_10,3,0.00030000000000000003,random_rescue_10,0.314,0.314,1.7348880386352539,47,96.846037450945,113.21181486803107,10.0,1.7791666666666666,1.7786666666666666
2,scratch,random_low_mixed_10,4,0.0004,random_rescue_10,0.39,0.39,1.6737585426966348,47,96.16479900083505,112.69985360093415,10.0,1.7383333333333333,1.8243333333333334
2,scratch,random_low_mixed_10,5,0.0005,random_rescue_10,0.376,0.376,1.6130373655954997,47,97.05661801202223,113.20067425095476,10.0,1.8798333333333332,1.67
2,scratch,random_low_mixed_10,6,0.0005,random_rescue_10,0.45199999999999996,0.452,1.5171148694356282,47,96.6514196691569,112.86324328090996,10.0,1.881,1.6766666666666667
2,scratch,random_low_mixed_10,7,0.0004998606701506985,random_rescue_10,0.47400000000000003,0.474,1.4487402413686117,47,97.3525353691075,113.54867023415864,10.0,1.8436666666666666,1.7265
2,scratch,random_low_mixed_10,8,0.0004994428362164767,random_rescue_10,0.514,0.514,1.3793558537165325,47,96.39863615809008,112.63178988196887,10.0,1.7595,1.8305
2,scratch,random_low_mixed_10,9,0.0004987469648645818,random_rescue_10,0.511,0.511,1.3672457723617553,47,96.38391969911754,112.5580114221666,10.0,1.7725,1.793
2,scratch,random_low_mixed_10,10,0.0004977738332946176,random_rescue_10,0.538,0.538,1.2911738888422648,47,96.69565471401438,112.80848824209534,10.0,1.623,1.9458333333333333
2,scratch,random_low_mixed_10,11,0.0004965245283705121,random_rescue_10,0.521,0.521,1.250586454709371,47,96.75117107410915,113.05862689809874,10.0,1.7235,1.8406666666666667
2,scratch,random_low_mixed_10,12,0.0004950004454066284,random_rescue_10,0.5599999999999999,0.56,1.2039104515711467,47,95.46849891287275,111.68352301209234,10.0,1.6786666666666668,1.8606666666666667
2,scratch,random_low_mixed_10,13,0.0004932032866093767,random_rescue_10,0.5199999999999999,0.52,1.181068786938985,47,95.65172364306636,111.73901907890104,10.0,1.689,1.8778333333333332
2,scratch,random_low_mixed_10,14,0.000491135059176067,random_rescue_10,0.561,0.561,1.1610937767028808,47,97.29889007098973,114.2696361860726,10.0,1.6811666666666667,1.8643333333333334
2,scratch,random_low_mixed_10,15,0.0004887980730531247,random_rescue_10,0.5850000000000001,0.585,1.1093835487365722,47,96.77632929687388,112.88544857990928,10.0,1.72,1.8301666666666667
2,scratch,random_low_mixed_10,16,0.00048619493835617576,random_rescue_10,0.5810000000000001,0.581,1.0943479913075764,47,97.03580418298952,112.92793778097257,10.0,1.7311666666666667,1.8021666666666667
2,scratch,random_low_mixed_10,17,0.00048332856245487986,random_rescue_10,0.584,0.584,1.0469751078287761,47,96.87164219096303,112.86916361702606,10.0,1.7548333333333332,1.8025
2,scratch,random_low_mixed_10,18,0.000480202146725769,random_rescue_10,0.5720000000000001,0.572,1.0167006975809734,47,96.0579320830293,112.11683078599162,10.0,1.808,1.7363333333333333
2,scratch,random_low_mixed_10,19,0.00047681918297671805,random_rescue_10,0.58,0.58,1.006009210586548,47,96.39354419405572,112.49658214999363,10.0,1.807,1.7611666666666668
2,scratch,random_low_mixed_10,20,0.0004731834495470404,random_rescue_10,0.576,0.576,0.9721217486063639,47,96.08714773599058,112.14422825304791,10.0,1.781,1.7856666666666667
2,scratch,random_low_mixed_10,21,0.00046929900708756454,random_rescue_10,0.579,0.579,0.9484115209579468,47,96.34800098906271,113.0274533610791,10.0,1.7755,1.7401666666666666
2,scratch,random_low_mixed_10,22,0.0004651701940254048,random_rescue_10,0.589,0.589,0.9471819235483805,47,96.95609411597252,113.28049108781852,10.0,1.7195,1.851
2,scratch,random_low_mixed_10,23,0.00046080162171849087,random_rescue_10,0.5889999999999999,0.589,0.8920076189041137,47,96.79432256310247,112.8738876869902,10.0,1.7398333333333333,1.8063333333333333
2,scratch,random_low_mixed_10,24,0.0004561981693052692,random_rescue_10,0.5760000000000001,0.576,0.8785167118708292,47,96.92595036281273,112.88490294688381,10.0,1.6721666666666666,1.8685
2,scratch,random_low_mixed_10,25,0.00045136497825532695,random_rescue_10,0.613,0.613,0.8457574917475382,47,96.15979551011696,112.3104088047985,10.0,1.707,1.8278333333333334
2,scratch,random_low_mixed_10,26,0.00044630744662702595,random_rescue_10,0.596,0.596,0.8303222646713256,47,96.43417252600193,112.53148582507856,10.0,1.7465,1.8215
2,scratch,random_low_mixed_10,27,0.0004410312230385594,random_rescue_10,0.567,0.567,0.8280252564748128,47,96.85620213719085,112.95176788698882,10.0,1.7031666666666667,1.8538333333333334
2,scratch,random_low_mixed_10,28,0.0004355422003591655,random_rescue_10,0.591,0.591,0.7922171411514283,47,96.56480862386525,112.73351721302606,10.0,1.6833333333333333,1.8455
2,scratch,random_low_mixed_10,29,0.0004298465091275434,random_rescue_10,0.606,0.606,0.7541204938888549,47,95.94227671506815,112.15563749102876,10.0,1.7351666666666667,1.8491666666666666
2,scratch,random_low_mixed_10,30,0.0004239505107048233,random_rescue_10,0.597,0.597,0.7316755374272664,47,95.64476384595037,111.61774486419745,10.0,1.6606666666666667,1.9186666666666667
2,scratch,random_low_mixed_10,31,0.00041786079016973627,random_rescue_10,0.584,0.584,0.714464123249054,47,96.26699979207478,112.30826202197932,10.0,1.7273333333333334,1.85
2,scratch,random_low_mixed_10,32,0.00041158414896392116,random_rescue_10,0.616,0.616,0.6989670856793722,47,97.2847107311245,113.41934939590283,10.0,1.6698333333333333,1.871
2,scratch,random_low_mixed_10,33,0.00040512759729558113,random_rescue_10,0.611,0.611,0.6741775862375895,47,96.92527869017795,112.90413638297468,10.0,1.6813333333333333,1.8955
2,scratch,random_low_mixed_10,34,0.00039849834630997414,random_rescue_10,0.601,0.601,0.6484393620491028,47,96.28672124096192,112.41453432315029,10.0,1.7285,1.8663333333333334
2,scratch,random_low_mixed_10,35,0.0003917038000354835,random_rescue_10,0.606,0.606,0.6331946525573731,47,96.61866856715642,112.9164438021835,10.0,1.7188333333333334,1.8666666666666667
2,scratch,random_low_mixed_10,36,0.0003847515471142615,random_rescue_10,0.622,0.622,0.6186205393473307,47,96.26454947702587,112.24351885705255,10.0,1.7526666666666666,1.8131666666666666
2,scratch,random_low_mixed_10,37,0.00037764935232668343,random_rescue_10,0.582,0.582,0.595883172194163,47,96.94167434982955,113.03446929901838,10.0,1.6661666666666666,1.8876666666666666
2,scratch,random_low_mixed_10,38,0.0003704051479190776,random_rescue_10,0.585,0.585,0.5746902885437012,47,96.38890346884727,112.72016717493534,10.0,1.7473333333333334,1.8585
2,scratch,random_low_mixed_10,39,0.00036302702474441743,random_rescue_10,0.5800000000000001,0.58,0.5832153946558635,47,97.17852490092628,113.9024140110705,10.0,1.7531666666666668,1.8101666666666667
2,scratch,random_low_mixed_10,40,0.0003555232232258696,random_rescue_10,0.601,0.601,0.5461702506542205,47,96.37187213287689,112.58961851405911,10.0,1.7195,1.7966666666666666
2,scratch,random_low_mixed_10,41,0.00034790212415329195,random_rescue_10,0.5900000000000001,0.59,0.5420409204165141,47,96.22522930894047,112.4855801849626,10.0,1.7233333333333334,1.8256666666666668
2,scratch,random_low_mixed_10,42,0.0003401722393229594,random_rescue_10,0.597,0.597,0.5188856987953187,47,96.3980648049619,112.43355195899494,10.0,1.7041666666666666,1.8601666666666667
2,scratch,random_low_mixed_10,43,0.0003323422020309725,random_rescue_10,0.6020000000000001,0.602,0.5118898183504741,47,95.7176504759118,111.52522125910036,10.0,1.6823333333333332,1.8616666666666666
2,scratch,random_low_mixed_10,44,0.0003244207574309657,random_rescue_10,0.587,0.587,0.5009670176506043,47,97.71952222287655,114.32264292798936,10.0,1.71,1.8575
2,scratch,random_low_mixed_10,45,0.0003164167527668859,random_rescue_10,0.6020000000000001,0.602,0.4712006058692932,47,95.82507973001339,111.81128952093422,10.0,1.7208333333333334,1.8688333333333333
2,scratch,random_low_mixed_10,46,0.0003083391274917483,random_rescue_10,0.602,0.602,0.4761833875974019,47,97.19054984697141,113.35279710101895,10.0,1.7028333333333334,1.8681666666666668
2,scratch,random_low_mixed_10,47,0.0003001969032834071,random_rescue_10,0.595,0.595,0.4438664961655935,47,96.37580922688358,112.43808231898583,10.0,1.7025,1.8803333333333334
2,scratch,random_low_mixed_10,48,0.00029199917396849096,random_rescue_10,0.592,0.592,0.445696648756663,47,95.92620647000149,112.09859047597274,10.0,1.7098333333333333,1.8763333333333334
2,scratch,random_low_mixed_10,49,0.0002837550953657579,random_rescue_10,0.6140000000000001,0.614,0.4381265485286713,47,96.74512496194802,112.88320528692566,10.0,1.7063333333333333,1.8405
2,scratch,random_low_mixed_10,50,0.0002754738750602126,random_rescue_10,0.5950000000000001,0.595,0.4385658106803894,47,95.99981175293215,113.91440007300116,10.0,1.6998333333333333,1.8581666666666667
2,scratch,random_low_mixed_10,51,0.00026716476211940786,random_low_mixed_10,0.615,0.615,0.440872616926829,47,98.97025647293776,116.88169503794052,10.0,1.6973333333333334,1.7143333333333333
2,scratch,random_low_mixed_10,52,0.00025883703676341484,random_low_mixed_10,0.595,0.595,0.4078390000661214,47,97.48524060216732,113.46863423381001,10.0,1.7005,1.7125
2,scratch,random_low_mixed_10,53,0.0002505,random_low_mixed_10,0.6079999999999999,0.608,0.4095952467918396,47,97.52072074799798,113.75899225613102,10.0,1.6885,1.7223333333333333
2,scratch,random_low_mixed_10,54,0.00024216296323658525,random_low_mixed_10,0.5980000000000001,0.598,0.4053436597188314,47,97.88209422095679,114.11118119000457,10.0,1.7145,1.734
2,scratch,random_low_mixed_10,55,0.00023383523788059215,random_low_mixed_10,0.5959999999999999,0.596,0.38077981090545654,47,96.7975328839384,112.99512241501361,10.0,1.6846666666666668,1.7233333333333334
2,scratch,random_low_mixed_10,56,0.00022552612493978745,random_low_mixed_10,0.6020000000000001,0.602,0.3860598647594452,47,97.4614686879795,113.38863417808898,10.0,1.7033333333333334,1.7183333333333333
2,scratch,random_low_mixed_10,57,0.00021724490463424225,random_low_mixed_10,0.594,0.594,0.37253310187657673,47,96.80104233883321,112.78354411688633,10.0,1.717,1.6801666666666666
2,scratch,random_low_mixed_10,58,0.00020900082603150905,random_low_mixed_10,0.598,0.598,0.38085990365346273,47,96.64680097089149,112.62153995409608,10.0,1.7455,1.7236666666666667
2,scratch,random_low_mixed_10,59,0.00020080309671659293,random_low_mixed_10,0.6010000000000001,0.601,0.37527013874053955,47,97.59395555220544,113.56620065006427,10.0,1.7018333333333333,1.6916666666666667
2,scratch,random_low_mixed_10,60,0.00019266087250825167,random_low_mixed_10,0.5910000000000001,0.591,0.3620220560232798,47,96.61370407184586,112.94814456999302,10.0,1.679,1.7261666666666666
2,scratch,random_low_mixed_10,61,0.00018458324723311413,random_low_mixed_10,0.6,0.6,0.35236550084749857,47,97.26257291506045,113.44304812699556,10.0,1.7015,1.72
2,scratch,random_low_mixed_10,62,0.00017657924256903434,random_low_mixed_10,0.61,0.61,0.3522968689600627,47,99.79672886291519,115.8396764639765,10.0,1.7166666666666666,1.706
2,scratch,random_low_mixed_10,63,0.00016865779796902748,random_low_mixed_10,0.6030000000000001,0.603,0.350105934937795,47,98.16513249999844,114.43999933591112,10.0,1.6903333333333332,1.6975
2,scratch,random_low_mixed_10,64,0.00016082776067704059,random_low_mixed_10,0.6090000000000001,0.609,0.3466196400324504,47,97.51902174088173,113.58094864501618,10.0,1.6755,1.7311666666666667
2,scratch,random_low_mixed_10,65,0.00015309787584670805,random_low_mixed_10,0.605,0.605,0.3353067855834961,47,96.53737151506357,112.79549071192741,10.0,1.7163333333333333,1.7303333333333333
2,scratch,random_low_mixed_10,66,0.00014547677677413047,random_low_mixed_10,0.606,0.606,0.3360114979743958,47,96.57683981000446,112.65147833595984,10.0,1.658,1.7606666666666666
2,scratch,random_low_mixed_10,67,0.00013797297525558255,random_low_mixed_10,0.6140000000000001,0.614,0.3382464518547058,47,97.36162404110655,113.54908182704821,10.0,1.6823333333333332,1.709
2,scratch,random_low_mixed_10,68,0.00013059485208092238,random_low_mixed_10,0.603,0.603,0.33169083499908447,47,97.07600540993735,113.19790374604054,10.0,1.7025,1.7208333333333334
2,scratch,random_low_mixed_10,69,0.00012335064767331658,random_low_mixed_10,0.6119999999999999,0.612,0.33338724438349404,47,99.85944170807488,116.53771958500147,10.0,1.6733333333333333,1.732
2,scratch,random_low_mixed_10,70,0.00011624845288573853,random_low_mixed_10,0.604,0.604,0.33018068194389344,47,97.87216864502989,116.50903994194232,10.0,1.636,1.7533333333333334
2,scratch,random_low_mixed_10,71,0.00010929619996451647,random_low_mixed_10,0.6220000000000001,0.622,0.3250942850112915,47,98.1517327260226,116.61220856988803,10.0,1.639,1.6481666666666666
2,scratch,random_low_mixed_10,72,0.00010250165369002587,random_low_mixed_10,0.5970000000000001,0.597,0.32662648741404215,47,97.63431132910773,114.03249410819262,10.0,1.6953333333333334,1.647
2,scratch,random_low_mixed_10,73,9.587240270441893e-05,random_low_mixed_10,0.604,0.604,0.32202793232599897,47,97.07730060908943,113.2294553918764,10.0,1.682,1.6578333333333333
2,scratch,random_low_mixed_10,74,8.941585103607879e-05,random_low_mixed_10,0.6070000000000001,0.607,0.3197181698481242,47,97.75915334001184,114.40640940191224,10.0,1.6671666666666667,1.6498333333333333
2,scratch,random_low_mixed_10,75,8.313920983026379e-05,random_low_mixed_10,0.606,0.606,0.31415841269493106,47,98.28687756508589,114.4087501198519,10.0,1.6433333333333333,1.6398333333333333
2,scratch,random_low_mixed_10,76,7.704948929517675e-05,random_low_mixed_10,0.603,0.603,0.3179596294562022,47,98.69019639817998,115.06542216613889,10.0,1.62,1.6408333333333334
2,scratch,random_low_mixed_10,77,7.115349087245667e-05,random_low_mixed_10,0.6260000000000001,0.626,0.3128584729830424,47,99.21424562809989,115.84972615679726,10.0,1.6483333333333334,1.6473333333333333
2,scratch,random_low_mixed_10,78,6.545779964083458e-05,random_low_mixed_10,0.6180000000000001,0.618,0.3181331704457601,47,98.24727961118333,114.42759777978063,10.0,1.6691666666666667,1.659
2,scratch,random_low_mixed_10,79,5.996877696144067e-05,random_low_mixed_10,0.612,0.612,0.3121876572767893,47,98.01620275503956,113.9316663579084,10.0,1.6641666666666666,1.6658333333333333
2,scratch,random_low_mixed_10,80,5.4692553372974075e-05,random_low_mixed_10,0.615,0.615,0.31285018754005434,47,98.52933424199,114.75641694804654,10.0,1.6498333333333333,1.6503333333333334
2,scratch,random_low_mixed_10,81,4.963502174467306e-05,random_low_mixed_10,0.612,0.612,0.3105324192841848,47,97.17181772901677,113.51461606705561,10.0,1.6351666666666667,1.6688333333333334
2,scratch,random_low_mixed_10,82,4.480183069473086e-05,random_low_mixed_10,0.598,0.598,0.3130392835934957,47,96.87828782387078,113.22288697003387,10.0,1.6526666666666667,1.6668333333333334
2,scratch,random_low_mixed_10,83,4.019837828150914e-05,random_low_mixed_10,0.611,0.611,0.30658072781562806,47,97.07374343695119,113.12939088884741,10.0,1.656,1.6491666666666667
2,scratch,random_low_mixed_10,84,3.5829805974595276e-05,random_low_mixed_10,0.5980000000000001,0.598,0.3073734152317047,47,96.55656427913345,112.67947975406423,10.0,1.6401666666666668,1.6698333333333333
2,scratch,random_low_mixed_10,85,3.1700992912435456e-05,random_low_mixed_10,0.609,0.609,0.3053863296508789,47,97.63702388899401,113.68247520900331,10.0,1.6355,1.6718333333333333
2,scratch,random_low_mixed_10,86,2.781655045295966e-05,random_low_mixed_10,0.609,0.609,0.30277488485972087,47,97.065084440168,113.30313456314616,10.0,1.637,1.6753333333333333
2,scratch,random_low_mixed_10,87,2.4180817023281995e-05,random_low_mixed_10,0.608,0.608,0.3026102395057678,47,96.94729500007816,112.93895448697731,10.0,1.634,1.6735
2,scratch,random_low_mixed_10,88,2.0797853274230994e-05,random_low_mixed_10,0.6060000000000001,0.606,0.3056263972123464,47,98.16770945000462,114.51622849702835,10.0,1.6358333333333333,1.6506666666666667
2,scratch,random_low_mixed_10,89,1.7671437545120165e-05,random_low_mixed_10,0.612,0.612,0.3064265741507212,47,98.0371156600304,114.31167823099531,10.0,1.6456666666666666,1.67
2,scratch,random_low_mixed_10,90,1.480506164382429e-05,random_low_mixed_10,0.609,0.609,0.3002793936729431,47,98.44249105989002,114.83799605304375,10.0,1.6355,1.6796666666666666
2,scratch,random_low_mixed_10,91,1.220192694687535e-05,random_low_mixed_10,0.6070000000000001,0.607,0.2993904041449229,47,97.98521590908058,114.27471995982341,10.0,1.6371666666666667,1.6543333333333334
2,scratch,random_low_mixed_10,92,9.864940823933073e-06,random_low_mixed_10,0.6049999999999999,0.605,0.30102469126383463,47,98.53229435486719,114.67940630810335,10.0,1.6551666666666667,1.6435
2,scratch,random_low_mixed_10,93,7.796713390623254e-06,random_low_mixed_10,0.606,0.606,0.30022351423899335,47,98.2891736230813,114.99552004016005,10.0,1.614,1.6678333333333333
2,scratch,random_low_mixed_10,94,5.999554593371605e-06,random_low_mixed_10,0.6050000000000001,0.605,0.30164541220664975,46,97.76999413082376,114.31679810094647,10.0,1.6363333333333334,1.6601666666666666
2,scratch,random_low_mixed_10,95,4.475471629487872e-06,random_low_mixed_10,0.609,0.609,0.2987956925233205,47,98.98709677904844,115.27092848881148,10.0,1.6256666666666666,1.6628333333333334
2,scratch,random_low_mixed_10,96,3.2261667053823824e-06,random_low_mixed_10,0.607,0.607,0.30381951355934145,47,98.79100177600048,115.11257243994623,10.0,1.6283333333333334,1.6673333333333333
2,scratch,random_low_mixed_10,97,2.253035135418218e-06,random_low_mixed_10,0.608,0.608,0.30016700172424315,47,98.4686191692017,114.78250380698591,10.0,1.6046666666666667,1.664
2,scratch,random_low_mixed_10,98,1.5571637835232856e-06,random_low_mixed_10,0.6060000000000001,0.606,0.3034206159114838,47,99.05835845414549,115.37742136907764,10.0,1.6251666666666666,1.666
2,scratch,random_low_mixed_10,99,1.1393298493014743e-06,random_low_mixed_10,0.609,0.609,0.29894218548138934,47,97.46868605306372,113.83694998989813,10.0,1.6375,1.6521666666666666
2,scratch,random_low_mixed_10,100,1e-06,random_low_mixed_10,0.611,0.611,0.3023983402252197,47,97.50415677693672,114.78013664996251,10.0,1.6268333333333334,1.66
2,scratch,random_rescue_to_low_70,1,0.0001,random_rescue_10,0.30400000000000005,0.304,1.8450593547821046,47,98.5504678520374,114.49252843181603,10.0,1.8656666666666666,1.7238333333333333
2,scratch,random_rescue_to_low_70,2,0.0002,random_rescue_10,0.305,0.305,1.7483646100362142,47,100.8801719720941,118.32593630603515,10.0,1.8106666666666666,1.7575
2,scratch,random_rescue_to_low_70,3,0.00030000000000000003,random_rescue_10,0.314,0.314,1.7348880386352539,47,96.2675963290967,112.57367406482808,10.0,1.7791666666666666,1.7786666666666666
2,scratch,random_rescue_to_low_70,4,0.0004,random_rescue_10,0.39,0.39,1.6737585426966348,47,96.58131171483546,112.31910927593708,10.0,1.7383333333333333,1.8243333333333334
2,scratch,random_rescue_to_low_70,5,0.0005,random_rescue_10,0.376,0.376,1.6130373655954997,47,97.06747557106428,113.22758425190113,10.0,1.8798333333333332,1.67
2,scratch,random_rescue_to_low_70,6,0.0005,random_rescue_10,0.45199999999999996,0.452,1.5171148694356282,47,96.44720480893739,112.21110788499936,10.0,1.881,1.6766666666666667
2,scratch,random_rescue_to_low_70,7,0.0004998606701506985,random_rescue_10,0.47400000000000003,0.474,1.4487402413686117,47,95.87678502989002,111.59168164315633,10.0,1.8436666666666666,1.7265
2,scratch,random_rescue_to_low_70,8,0.0004994428362164767,random_rescue_10,0.514,0.514,1.3793558537165325,47,96.09019072703086,112.18379334593192,10.0,1.7595,1.8305
2,scratch,random_rescue_to_low_70,9,0.0004987469648645818,random_rescue_10,0.511,0.511,1.3672457723617553,47,96.40717096091248,112.52739335992374,10.0,1.7725,1.793
2,scratch,random_rescue_to_low_70,10,0.0004977738332946176,random_rescue_10,0.538,0.538,1.2911738888422648,47,96.30197182996199,112.34676980902441,10.0,1.623,1.9458333333333333
2,scratch,random_rescue_to_low_70,11,0.0004965245283705121,random_rescue_10,0.521,0.521,1.250586454709371,47,96.26005413406529,112.27339813695289,10.0,1.7235,1.8406666666666667
2,scratch,random_rescue_to_low_70,12,0.0004950004454066284,random_rescue_10,0.5599999999999999,0.56,1.2039104515711467,47,96.01454817480408,112.12569389003329,10.0,1.6786666666666668,1.8606666666666667
2,scratch,random_rescue_to_low_70,13,0.0004932032866093767,random_rescue_10,0.5199999999999999,0.52,1.181068786938985,47,96.40577574097551,112.50246234494261,10.0,1.689,1.8778333333333332
2,scratch,random_rescue_to_low_70,14,0.000491135059176067,random_rescue_10,0.561,0.561,1.1610937767028808,47,96.38333238405176,112.657720138086,10.0,1.6811666666666667,1.8643333333333334
2,scratch,random_rescue_to_low_70,15,0.0004887980730531247,random_rescue_10,0.5850000000000001,0.585,1.1093835487365722,47,96.2618568209,112.38751378888264,10.0,1.72,1.8301666666666667
2,scratch,random_rescue_to_low_70,16,0.00048619493835617576,random_rescue_10,0.5810000000000001,0.581,1.0943479913075764,47,96.24711444182321,112.26029980112799,10.0,1.7311666666666667,1.8021666666666667
2,scratch,random_rescue_to_low_70,17,0.00048332856245487986,random_rescue_10,0.584,0.584,1.0469751078287761,47,97.62118942500092,113.74683159193955,10.0,1.7548333333333332,1.8025
2,scratch,random_rescue_to_low_70,18,0.000480202146725769,random_rescue_10,0.5720000000000001,0.572,1.0167006975809734,47,95.48289117403328,111.2530785149429,10.0,1.808,1.7363333333333333
2,scratch,random_rescue_to_low_70,19,0.00047681918297671805,random_rescue_10,0.58,0.58,1.006009210586548,47,96.66804627911188,112.51168239512481,10.0,1.807,1.7611666666666668
2,scratch,random_rescue_to_low_70,20,0.0004731834495470404,random_rescue_10,0.576,0.576,0.9721217486063639,47,96.35816149995662,112.53628890006803,10.0,1.781,1.7856666666666667
2,scratch,random_rescue_to_low_70,21,0.00046929900708756454,random_rescue_10,0.579,0.579,0.9484115209579468,47,96.66757492395118,112.73339990689419,10.0,1.7755,1.7401666666666666
2,scratch,random_rescue_to_low_70,22,0.0004651701940254048,random_rescue_10,0.589,0.589,0.9471819235483805,47,96.24340637587011,112.4438517189119,10.0,1.7195,1.851
2,scratch,random_rescue_to_low_70,23,0.00046080162171849087,random_rescue_10,0.5889999999999999,0.589,0.8920076189041137,47,96.73824824020267,112.68580007902347,10.0,1.7398333333333333,1.8063333333333333
2,scratch,random_rescue_to_low_70,24,0.0004561981693052692,random_rescue_10,0.5760000000000001,0.576,0.8785167118708292,47,95.30569934705272,111.36738279601559,10.0,1.6721666666666666,1.8685
2,scratch,random_rescue_to_low_70,25,0.00045136497825532695,random_rescue_10,0.613,0.613,0.8457574917475382,47,94.7630567799788,110.75637999502942,10.0,1.707,1.8278333333333334
2,scratch,random_rescue_to_low_70,26,0.00044630744662702595,random_rescue_10,0.596,0.596,0.8303222646713256,47,96.85601263400167,113.37281483504921,10.0,1.7465,1.8215
2,scratch,random_rescue_to_low_70,27,0.0004410312230385594,random_rescue_10,0.567,0.567,0.8280252564748128,47,96.83648506994359,113.05111853708513,10.0,1.7031666666666667,1.8538333333333334
2,scratch,random_rescue_to_low_70,28,0.0004355422003591655,random_rescue_10,0.591,0.591,0.7922171411514283,47,96.6249273410067,112.803310837131,10.0,1.6833333333333333,1.8455
2,scratch,random_rescue_to_low_70,29,0.0004298465091275434,random_rescue_10,0.606,0.606,0.7541204938888549,47,96.07716324087232,112.01521415798925,10.0,1.7351666666666667,1.8491666666666666
2,scratch,random_rescue_to_low_70,30,0.0004239505107048233,random_rescue_10,0.597,0.597,0.7316755374272664,47,93.73007680708542,109.76490723900497,10.0,1.6606666666666667,1.9186666666666667
2,scratch,random_rescue_to_low_70,31,0.00041786079016973627,random_rescue_10,0.584,0.584,0.714464123249054,47,96.18304012506269,112.23466871818528,10.0,1.7273333333333334,1.85
2,scratch,random_rescue_to_low_70,32,0.00041158414896392116,random_rescue_10,0.616,0.616,0.6989670856793722,47,96.12146951095201,112.24961358704604,10.0,1.6698333333333333,1.871
2,scratch,random_rescue_to_low_70,33,0.00040512759729558113,random_rescue_10,0.611,0.611,0.6741775862375895,47,96.41634264495224,112.45878254598938,10.0,1.6813333333333333,1.8955
2,scratch,random_rescue_to_low_70,34,0.00039849834630997414,random_rescue_10,0.601,0.601,0.6484393620491028,47,96.10465066786855,112.18499692203477,10.0,1.7285,1.8663333333333334
2,scratch,random_rescue_to_low_70,35,0.0003917038000354835,random_rescue_10,0.606,0.606,0.6331946525573731,47,97.7872658080887,114.1223267139867,10.0,1.7188333333333334,1.8666666666666667
2,scratch,random_rescue_to_low_70,36,0.0003847515471142615,random_rescue_10,0.622,0.622,0.6186205393473307,47,95.87470692186616,111.87929298891686,10.0,1.7526666666666666,1.8131666666666666
2,scratch,random_rescue_to_low_70,37,0.00037764935232668343,random_rescue_10,0.582,0.582,0.595883172194163,47,97.199625674868,113.23853786522523,10.0,1.6661666666666666,1.8876666666666666
2,scratch,random_rescue_to_low_70,38,0.0003704051479190776,random_rescue_10,0.585,0.585,0.5746902885437012,47,95.54221613286063,112.04940853198059,10.0,1.7473333333333334,1.8585
2,scratch,random_rescue_to_low_70,39,0.00036302702474441743,random_rescue_10,0.5800000000000001,0.58,0.5832153946558635,47,95.98052363889292,112.02932783588767,10.0,1.7531666666666668,1.8101666666666667
2,scratch,random_rescue_to_low_70,40,0.0003555232232258696,random_rescue_10,0.601,0.601,0.5461702506542205,47,96.0298052742146,112.17713918699883,10.0,1.7195,1.7966666666666666
2,scratch,random_rescue_to_low_70,41,0.00034790212415329195,random_rescue_10,0.5900000000000001,0.59,0.5420409204165141,47,95.88000931707211,111.7807427928783,10.0,1.7233333333333334,1.8256666666666668
2,scratch,random_rescue_to_low_70,42,0.0003401722393229594,random_rescue_10,0.597,0.597,0.5188856987953187,47,97.02885036612861,113.2793177140411,10.0,1.7041666666666666,1.8601666666666667
2,scratch,random_rescue_to_low_70,43,0.0003323422020309725,random_rescue_10,0.6020000000000001,0.602,0.5118898183504741,47,96.2662325098645,112.4047626699321,10.0,1.6823333333333332,1.8616666666666666
2,scratch,random_rescue_to_low_70,44,0.0003244207574309657,random_rescue_10,0.587,0.587,0.5009670176506043,47,96.33607298019342,112.29290238698013,10.0,1.71,1.8575
2,scratch,random_rescue_to_low_70,45,0.0003164167527668859,random_rescue_10,0.6020000000000001,0.602,0.4712006058692932,47,96.24914005491883,112.26340753398836,10.0,1.7208333333333334,1.8688333333333333
2,scratch,random_rescue_to_low_70,46,0.0003083391274917483,random_rescue_10,0.602,0.602,0.4761833875974019,47,95.9436785299331,111.74993800697848,10.0,1.7028333333333334,1.8681666666666668
2,scratch,random_rescue_to_low_70,47,0.0003001969032834071,random_rescue_10,0.595,0.595,0.4438664961655935,47,96.71916931704618,112.73908363608643,10.0,1.7025,1.8803333333333334
2,scratch,random_rescue_to_low_70,48,0.00029199917396849096,random_rescue_10,0.592,0.592,0.445696648756663,47,96.52850559283979,112.74106776388362,10.0,1.7098333333333333,1.8763333333333334
2,scratch,random_rescue_to_low_70,49,0.0002837550953657579,random_rescue_10,0.6140000000000001,0.614,0.4381265485286713,47,96.01140760583803,112.07491808012128,10.0,1.7063333333333333,1.8405
2,scratch,random_rescue_to_low_70,50,0.0002754738750602126,random_rescue_10,0.5950000000000001,0.595,0.4385658106803894,47,95.76645206892863,113.57852704101242,10.0,1.6998333333333333,1.8581666666666667
2,scratch,random_rescue_to_low_70,51,0.00026716476211940786,random_rescue_10,0.6119999999999999,0.612,0.4314853879610697,47,97.20925983111374,114.76770468009636,10.0,1.6996666666666667,1.9078333333333333
2,scratch,random_rescue_to_low_70,52,0.00025883703676341484,random_rescue_10,0.5810000000000001,0.581,0.40879794597625735,47,97.32186036114581,113.61374145001173,10.0,1.6703333333333332,1.8975
2,scratch,random_rescue_to_low_70,53,0.0002505,random_rescue_10,0.598,0.598,0.40382400337855023,47,96.37617841595784,112.56144583201967,10.0,1.6766666666666667,1.8748333333333334
2,scratch,random_rescue_to_low_70,54,0.00024216296323658525,random_rescue_10,0.5980000000000001,0.598,0.4155391337076823,47,97.13619143608958,113.19178680796176,10.0,1.7118333333333333,1.869
2,scratch,random_rescue_to_low_70,55,0.00023383523788059215,random_rescue_10,0.6,0.6,0.3824451525211334,47,96.43662801198661,112.55478203599341,10.0,1.6745,1.9123333333333334
2,scratch,random_rescue_to_low_70,56,0.00022552612493978745,random_rescue_10,0.5990000000000001,0.599,0.38002778855959574,47,96.4486966850236,112.27077199798077,10.0,1.636,1.8966666666666667
2,scratch,random_rescue_to_low_70,57,0.00021724490463424225,random_rescue_10,0.5959999999999999,0.596,0.370849302371343,47,96.24428606615402,112.4527413409669,10.0,1.6511666666666667,1.9051666666666667
2,scratch,random_rescue_to_low_70,58,0.00020900082603150905,random_rescue_10,0.5820000000000001,0.582,0.36724252223968507,47,96.442828519037,112.7717172561679,10.0,1.622,1.9088333333333334
2,scratch,random_rescue_to_low_70,59,0.00020080309671659293,random_rescue_10,0.5860000000000001,0.586,0.37065202951431275,47,95.33150040102191,111.26707217399962,10.0,1.6781666666666666,1.8943333333333334
2,scratch,random_rescue_to_low_70,60,0.00019266087250825167,random_rescue_10,0.5890000000000001,0.589,0.3606037343343099,47,96.804916636087,112.91766032902524,10.0,1.6228333333333333,1.9403333333333332
2,scratch,random_rescue_to_low_70,61,0.00018458324723311413,random_rescue_10,0.591,0.591,0.3557225635846456,47,96.45672109909356,112.47406252101064,10.0,1.6363333333333334,1.9136666666666666
2,scratch,random_rescue_to_low_70,62,0.00017657924256903434,random_rescue_10,0.595,0.595,0.35472687594095864,47,96.83218668494374,112.87858996284194,10.0,1.6863333333333332,1.8743333333333334
2,scratch,random_rescue_to_low_70,63,0.00016865779796902748,random_rescue_10,0.591,0.591,0.3468226991494497,47,96.3374727468472,112.63739491486922,10.0,1.6605,1.901
2,scratch,random_rescue_to_low_70,64,0.00016082776067704059,random_rescue_10,0.6,0.6,0.3449244830608368,47,96.37288126209751,112.5288314151112,10.0,1.654,1.9015
2,scratch,random_rescue_to_low_70,65,0.00015309787584670805,random_rescue_10,0.606,0.606,0.3398847366174062,47,96.1435586810112,112.29514826484956,10.0,1.6845,1.8928333333333334
2,scratch,random_rescue_to_low_70,66,0.00014547677677413047,random_rescue_10,0.604,0.604,0.33792677768071494,47,97.40833471808583,113.448376650922,10.0,1.6495,1.9206666666666667
2,scratch,random_rescue_to_low_70,67,0.00013797297525558255,random_rescue_10,0.604,0.604,0.3360295890967051,47,96.97141500003636,113.21473958413117,10.0,1.6256666666666666,1.9165
2,scratch,random_rescue_to_low_70,68,0.00013059485208092238,random_rescue_10,0.5969999999999999,0.597,0.32243395686149595,47,97.32745321514085,113.46369273099117,10.0,1.6053333333333333,1.9425
2,scratch,random_rescue_to_low_70,69,0.00012335064767331658,random_rescue_10,0.5960000000000001,0.596,0.33079622268676756,47,97.67054731980897,113.94572088192217,10.0,1.6056666666666666,1.9351666666666667
2,scratch,random_rescue_to_low_70,70,0.00011624845288573853,random_rescue_10,0.5900000000000001,0.59,0.32162136721611023,47,97.21057872404344,115.2772825639695,10.0,1.6348333333333334,1.9213333333333333
2,scratch,random_rescue_to_low_70,71,0.00010929619996451647,low_score_rescue_10,0.603,0.603,0.32738572692871093,47,96.33080215100199,114.19998404802755,10.0,1.6415,1.5955
2,scratch,random_rescue_to_low_70,72,0.00010250165369002587,low_score_rescue_10,0.595,0.595,0.32344402782122295,47,97.32678485312499,113.98288795002736,10.0,1.6768333333333334,1.5796666666666668
2,scratch,random_rescue_to_low_70,73,9.587240270441893e-05,low_score_rescue_10,0.596,0.596,0.31644605151812233,47,97.9537217868492,114.11411488801241,10.0,1.6585,1.5855
2,scratch,random_rescue_to_low_70,74,8.941585103607879e-05,low_score_rescue_10,0.6050000000000001,0.605,0.3148346239725749,47,96.55738969310187,113.01269108382985,10.0,1.6915,1.585
2,scratch,random_rescue_to_low_70,75,8.313920983026379e-05,low_score_rescue_10,0.6170000000000001,0.617,0.31136588819821676,47,97.3163266228512,113.40543580101803,10.0,1.6536666666666666,1.5616666666666668
2,scratch,random_rescue_to_low_70,76,7.704948929517675e-05,low_score_rescue_10,0.609,0.609,0.31385338807106017,47,97.24963841191493,113.26452860119753,10.0,1.6295,1.562
2,scratch,random_rescue_to_low_70,77,7.115349087245667e-05,low_score_rescue_10,0.6049999999999999,0.605,0.30974040913581846,47,97.31889283005148,113.67681226995774,10.0,1.6213333333333333,1.5773333333333333
2,scratch,random_rescue_to_low_70,78,6.545779964083458e-05,low_score_rescue_10,0.605,0.605,0.30850049257278445,47,98.7697053339798,114.93649400095455,10.0,1.6385,1.5635
2,scratch,random_rescue_to_low_70,79,5.996877696144067e-05,low_score_rescue_10,0.6090000000000001,0.609,0.3103527367115021,47,97.15956518799067,114.08543142210692,10.0,1.6438333333333333,1.544
2,scratch,random_rescue_to_low_70,80,5.4692553372974075e-05,low_score_rescue_10,0.605,0.605,0.3109082096417745,47,97.02577015105635,113.14849779615179,10.0,1.677,1.5588333333333333
2,scratch,random_rescue_to_low_70,81,4.963502174467306e-05,low_score_rescue_10,0.6079999999999999,0.608,0.3090312002499898,47,98.49139720294625,114.88951138593256,10.0,1.6421666666666668,1.57
2,scratch,random_rescue_to_low_70,82,4.480183069473086e-05,low_score_rescue_10,0.5940000000000001,0.594,0.30634726365407305,47,97.64808431104757,113.65867168293335,10.0,1.648,1.5441666666666667
2,scratch,random_rescue_to_low_70,83,4.019837828150914e-05,low_score_rescue_10,0.596,0.596,0.3074172343413035,47,96.89407080691308,113.0344547550194,10.0,1.6546666666666667,1.5505
2,scratch,random_rescue_to_low_70,84,3.5829805974595276e-05,low_score_rescue_10,0.5969999999999999,0.597,0.3025844027201335,47,96.47004932793789,112.80898009589873,10.0,1.6658333333333333,1.5808333333333333
2,scratch,random_rescue_to_low_70,85,3.1700992912435456e-05,low_score_rescue_10,0.5980000000000001,0.598,0.3073702203432719,47,97.18113977718167,113.305927651003,10.0,1.6533333333333333,1.5466666666666666
2,scratch,random_rescue_to_low_70,86,2.781655045295966e-05,low_score_rescue_10,0.5980000000000001,0.598,0.30150225035349526,46,95.91273700608872,111.9456535319332,10.0,1.6385,1.5535
2,scratch,random_rescue_to_low_70,87,2.4180817023281995e-05,low_score_rescue_10,0.605,0.605,0.3047422981262207,47,96.76774586900137,113.17415286786854,10.0,1.654,1.5876666666666666
2,scratch,random_rescue_to_low_70,88,2.0797853274230994e-05,low_score_rescue_10,0.6009999999999999,0.601,0.3044048654238383,47,98.88548384304158,115.20092984801158,10.0,1.6368333333333334,1.5718333333333334
2,scratch,random_rescue_to_low_70,89,1.7671437545120165e-05,low_score_rescue_10,0.602,0.602,0.30192794227600095,47,95.8820437330287,111.92328663612716,10.0,1.6466666666666667,1.5835
2,scratch,random_rescue_to_low_70,90,1.480506164382429e-05,low_score_rescue_10,0.602,0.602,0.2989620771408081,47,96.34338804683648,112.28604897507466,10.0,1.6118333333333332,1.5733333333333333
2,scratch,random_rescue_to_low_70,91,1.220192694687535e-05,low_score_rescue_10,0.601,0.601,0.3013676342964172,47,98.3272250269074,114.74812026391737,10.0,1.6391666666666667,1.5701666666666667
2,scratch,random_rescue_to_low_70,92,9.864940823933073e-06,low_score_rescue_10,0.601,0.601,0.3076462613741557,47,97.18065896700136,113.51022140402347,10.0,1.6155,1.5925
2,scratch,random_rescue_to_low_70,93,7.796713390623254e-06,low_score_rescue_10,0.6,0.6,0.3042769351800283,47,97.95488700806163,114.0427964180708,10.0,1.6013333333333333,1.5808333333333333
2,scratch,random_rescue_to_low_70,94,5.999554593371605e-06,low_score_rescue_10,0.599,0.599,0.2991561071077983,47,97.5351211389061,113.65923341503367,10.0,1.6245,1.587
2,scratch,random_rescue_to_low_70,95,4.475471629487872e-06,low_score_rescue_10,0.603,0.603,0.29921744656562804,47,97.3516916288063,113.62474553799257,10.0,1.6258333333333332,1.5655
2,scratch,random_rescue_to_low_70,96,3.2261667053823824e-06,low_score_rescue_10,0.5970000000000001,0.597,0.3017731200059255,47,98.75645826617256,115.04107042797841,10.0,1.6153333333333333,1.5741666666666667
2,scratch,random_rescue_to_low_70,97,2.253035135418218e-06,low_score_rescue_10,0.601,0.601,0.3023642856280009,47,98.03906662296504,114.32384286588058,10.0,1.6105,1.5881666666666667
2,scratch,random_rescue_to_low_70,98,1.5571637835232856e-06,low_score_rescue_10,0.6,0.6,0.30188212315241497,47,97.8976347881835,114.89466895791702,10.0,1.6236666666666666,1.5848333333333333
2,scratch,random_rescue_to_low_70,99,1.1393298493014743e-06,low_score_rescue_10,0.6060000000000001,0.606,0.3000719100634257,47,97.59498601802625,114.4403819560539,10.0,1.6111666666666666,1.5856666666666666
2,scratch,random_rescue_to_low_70,100,1e-06,low_score_rescue_10,0.603,0.603,0.3004425208568573,47,97.75903989817016,116.17425173800439,10.0,1.6545,1.5871666666666666
