epoch,seed,student_correct,teacher_full_correct,teacher_masked_correct,teacher_raw_correct,student_prediction,teacher_prediction,teacher_masked_prediction,teacher_mask_kl,teacher_raw_kl,teacher_student_kl,prediction_agreement,teacher_flip,correction_opportunity,correction_signal_preserved,swaps,raw_background_ratio,raw_foreground_missing,raw_background_excess_vs_area,raw_foreground_area_missing,raw_zero_foreground,actual_background_ratio,actual_foreground_missing,actual_background_excess_vs_area,actual_foreground_area_missing,actual_zero_foreground,added_foreground,removed_foreground,initialization,method,n_probe
0,1,0.115,0.99,0.93,0.92,4.35,4.46,4.46,0.14620257914066315,0.1444326788187027,1.8374775648117065,0.105,0.06,0.885,0.835,10.0,0.8110714285714287,0.4192008084694095,-0.013622448979591839,0.4293116920767352,0.05,0.8135204081632653,0.42994755365076703,-0.011173469387755106,0.4389433039538562,0.05,1.56,1.8,scratch,adaptive_random_to_low_10,200
1,1,0.26,0.99,0.93,0.93,4.045,4.46,4.4,0.11175819486379623,0.14801697432994843,1.5280460119247437,0.265,0.06,0.73,0.675,10.0,0.7898979591836734,0.3686441251214337,-0.03479591836734695,0.37948160106505385,0.05,0.7960204081632654,0.39541872493479585,-0.028673469387755102,0.4032232157909311,0.05,1.45,2.05,scratch,adaptive_random_to_low_10,200
2,1,0.345,0.99,0.885,0.86,4.345,4.46,4.585,0.2501186430454254,0.3109791874885559,1.4127758741378784,0.345,0.105,0.65,0.58,10.0,0.8009693877551021,0.42604330139056074,-0.023724489795918367,0.42372780083096584,0.05,0.8047959183673469,0.44374026880079526,-0.019897959183673476,0.44040776243666185,0.05,1.51,1.885,scratch,adaptive_random_to_low_10,200
3,1,0.365,0.99,0.93,0.885,4.245,4.46,4.63,0.15754413604736328,0.25754985213279724,1.4000656604766846,0.37,0.06,0.625,0.58,10.0,0.7918877551020407,0.40965951818674756,-0.0328061224489796,0.42161455516616114,0.05,0.7988265306122448,0.43483517847972497,-0.02586734693877551,0.43176017787773163,0.05,1.435,2.115,scratch,adaptive_random_to_low_10,200
4,1,0.32,0.99,0.9,0.87,3.605,4.46,4.54,0.19268126785755157,0.32121163606643677,1.405840277671814,0.325,0.09,0.67,0.595,10.0,0.8109183673469386,0.4774099699353901,-0.013775510204081636,0.47982220196165143,0.05,0.8125510204081634,0.4823746234587101,-0.01214285714285714,0.4848564114794135,0.05,1.595,1.755,scratch,adaptive_random_to_low_10,200
5,1,0.365,0.99,0.92,0.905,4.75,4.46,4.6,0.09442911297082901,0.17652374505996704,1.395085096359253,0.37,0.07,0.625,0.59,10.0,0.8151530612244899,0.45656258013808004,-0.009540816326530614,0.4683250119513832,0.05,0.8165816326530612,0.4645401239742003,-0.008112244897959184,0.4785503855161369,0.05,1.705,1.845,scratch,adaptive_random_to_low_10,200
6,1,0.38,0.99,0.935,0.91,4.005,4.46,4.485,0.13653163611888885,0.21215888857841492,1.3196496963500977,0.39,0.055,0.61,0.56,10.0,0.8096428571428572,0.4391631904680289,-0.015051020408163267,0.45981508916709574,0.05,0.8142857142857143,0.4620801984618709,-0.010408163265306122,0.4734564793296158,0.05,1.535,1.99,scratch,adaptive_random_to_low_10,200
7,1,0.415,0.99,0.925,0.92,4.925,4.46,4.535,0.12209068238735199,0.18050342798233032,1.2302649021148682,0.425,0.065,0.575,0.53,10.0,0.8038775510204081,0.4301939903753349,-0.020816326530612245,0.4396719553973526,0.05,0.8093367346938776,0.45997878674708137,-0.015357142857142861,0.46065202839672564,0.05,1.46,1.995,scratch,adaptive_random_to_low_10,200
8,1,0.435,0.99,0.93,0.93,4.025,4.46,4.57,0.1506136804819107,0.1569603830575943,1.1944166421890259,0.445,0.06,0.555,0.52,10.0,0.8142857142857142,0.4360769469865201,-0.010408163265306128,0.4489150106161833,0.05,0.8153571428571429,0.4484528159739965,-0.009336734693877555,0.4583587662037462,0.05,1.645,1.75,scratch,adaptive_random_to_low_10,200
9,1,0.495,0.99,0.935,0.935,4.39,4.46,4.53,0.08111201971769333,0.13473162055015564,1.0831867456436157,0.505,0.055,0.495,0.45,10.0,0.8059183673469389,0.4152067105611816,-0.01877551020408164,0.41961849211715163,0.05,0.8089285714285714,0.42904255818304954,-0.015765306122448988,0.43886702998541294,0.05,1.57,1.865,scratch,adaptive_random_to_low_10,200
10,1,0.475,0.99,0.92,0.9,3.8,4.46,4.56,0.15534716844558716,0.19720542430877686,1.1575313806533813,0.48,0.07,0.515,0.465,10.0,0.8195408163265308,0.48102244355132756,-0.005153061224489798,0.4734432998858392,0.05,0.8192857142857143,0.48599164158156744,-0.005408163265306129,0.4704780567716807,0.05,1.77,1.745,scratch,adaptive_random_to_low_10,200
11,1,0.48,0.99,0.94,0.9,3.89,4.46,4.51,0.13369129598140717,0.22873659431934357,1.0306845903396606,0.49,0.05,0.51,0.475,10.0,0.8042346938775509,0.41672201731710323,-0.020459183673469394,0.4368525562761352,0.05,0.8087755102040817,0.43559468759039127,-0.01591836734693878,0.4483434095326811,0.05,1.48,1.925,scratch,adaptive_random_to_low_10,200
12,1,0.5,0.99,0.955,0.915,4.555,4.46,4.545,0.09483036398887634,0.18419212102890015,1.0177792310714722,0.5,0.035,0.495,0.48,10.0,0.8094897959183673,0.4414722267728543,-0.015204081632653063,0.43954084121622145,0.05,0.812091836734694,0.44908029837369945,-0.012602040816326529,0.4524421465024352,0.05,1.615,1.87,scratch,adaptive_random_to_low_10,200
13,1,0.505,0.99,0.94,0.925,4.665,4.46,4.545,0.08042257279157639,0.12810224294662476,1.0470495223999023,0.51,0.05,0.485,0.455,10.0,0.8093367346938776,0.42524118717525233,-0.015357142857142861,0.43099497542963944,0.05,0.8122448979591838,0.44187232166900453,-0.012448979591836738,0.44691634401679037,0.05,1.615,1.9,scratch,adaptive_random_to_low_10,200
14,1,0.53,0.99,0.925,0.935,3.775,4.46,4.52,0.16911716759204865,0.147679403424263,1.0763119459152222,0.54,0.07,0.46,0.405,10.0,0.8114795918367347,0.4218466993906637,-0.013214285714285718,0.4241551237029489,0.05,0.8155102040816326,0.4434052898099506,-0.009183673469387761,0.44943319980055096,0.05,1.58,1.975,scratch,adaptive_random_to_low_10,200
15,1,0.535,0.99,0.925,0.93,4.215,4.46,4.55,0.12080910056829453,0.13414113223552704,1.0000660419464111,0.54,0.065,0.455,0.41,10.0,0.8029591836734693,0.42286371816881546,-0.02173469387755102,0.43329592094480174,0.05,0.8048979591836734,0.431527697169712,-0.01979591836734695,0.44076161039061845,0.05,1.6,1.79,scratch,adaptive_random_to_low_10,200
16,1,0.56,0.99,0.945,0.945,4.035,4.46,4.52,0.1125500276684761,0.12653663754463196,0.9726685881614685,0.57,0.045,0.43,0.4,10.0,0.7926530612244898,0.3880574230447069,-0.03204081632653062,0.3980132704038988,0.05,0.7983673469387756,0.40903984116338266,-0.02632653061224491,0.4125574447400868,0.05,1.505,2.065,scratch,adaptive_random_to_low_10,200
17,1,0.52,0.99,0.935,0.905,5.1,4.46,4.555,0.15292949974536896,0.21728508174419403,1.0470373630523682,0.53,0.055,0.47,0.43,10.0,0.8011734693877551,0.41197217413145437,-0.02352040816326531,0.4273924222262576,0.05,0.8058163265306122,0.433960310206399,-0.018877551020408164,0.4461630365811288,0.05,1.53,1.985,scratch,adaptive_random_to_low_10,200
18,1,0.58,0.99,0.93,0.945,4.375,4.46,4.435,0.14497588574886322,0.11253990232944489,0.9526181221008301,0.59,0.06,0.41,0.375,10.0,0.7928061224489795,0.38538148765375874,-0.03188775510204081,0.3958507072739303,0.05,0.7977551020408162,0.41321668431508946,-0.026938775510204085,0.42228363766334953,0.05,1.52,2.005,scratch,adaptive_random_to_low_10,200
19,1,0.545,0.99,0.96,0.945,4.085,4.46,4.455,0.0956607460975647,0.09467893838882446,0.9531152844429016,0.555,0.03,0.445,0.43,10.0,0.8004081632653062,0.3836498611236903,-0.02428571428571429,0.4041204445855692,0.05,0.8060204081632654,0.42822571224685835,-0.01867346938775511,0.432557939728722,0.05,1.55,2.1,scratch,adaptive_random_to_low_10,200
20,1,0.53,0.99,0.96,0.935,4.195,4.46,4.495,0.08941201865673065,0.10646555572748184,0.9836676120758057,0.54,0.03,0.46,0.44,10.0,0.8062755102040816,0.41561917049767744,-0.01841836734693878,0.426683690630889,0.05,0.8095408163265307,0.4363137396719967,-0.015153061224489799,0.43721347415819767,0.05,1.605,1.925,scratch,adaptive_random_to_low_10,200
21,1,0.54,0.99,0.91,0.91,4.37,4.46,4.405,0.22628162801265717,0.19195078313350677,1.0309476852416992,0.55,0.08,0.45,0.4,10.0,0.8162244897959183,0.4347546684155882,-0.008469387755102045,0.4500607941451017,0.05,0.8165816326530612,0.4471550403885963,-0.008112244897959189,0.4583257263712585,0.05,1.71,1.745,scratch,adaptive_random_to_low_10,200
22,1,0.585,0.99,0.93,0.92,5.12,4.46,4.545,0.10815185308456421,0.13367097079753876,0.9856277704238892,0.585,0.065,0.41,0.365,10.0,0.7971428571428573,0.3932273147008327,-0.027551020408163273,0.401951155129791,0.05,0.8036224489795919,0.42852164559428835,-0.021071428571428578,0.4306813615560532,0.05,1.42,2.055,scratch,adaptive_random_to_low_10,200
23,1,0.545,0.99,0.93,0.925,4.38,4.46,4.555,0.13322190940380096,0.14310137927532196,1.0497549772262573,0.555,0.06,0.445,0.41,10.0,0.8072448979591837,0.4230443974909421,-0.017448979591836736,0.4207855343399569,0.05,0.8109183673469389,0.44153234558614407,-0.013775510204081636,0.4324235742725432,0.05,1.505,1.865,scratch,adaptive_random_to_low_10,200
24,1,0.565,0.99,0.925,0.93,4.635,4.46,4.62,0.10929197072982788,0.12475388497114182,0.977631688117981,0.57,0.065,0.425,0.385,10.0,0.7947448979591837,0.3945266208803644,-0.029948979591836736,0.4087413556384854,0.05,0.8022448979591836,0.42090771973046665,-0.022448979591836737,0.42808624713681637,0.05,1.38,2.115,scratch,adaptive_random_to_low_10,200
25,1,0.555,0.99,0.94,0.925,3.875,4.46,4.55,0.16527031362056732,0.18645165860652924,0.9968187212944031,0.565,0.05,0.435,0.395,10.0,0.8145408163265305,0.44203615096674387,-0.0101530612244898,0.4542766622081399,0.05,0.816734693877551,0.4625143864209471,-0.007959183673469393,0.4675338102690876,0.05,1.565,1.78,scratch,adaptive_random_to_low_10,200
26,1,0.525,0.99,0.905,0.935,4.905,4.46,4.625,0.18326112627983093,0.14894312620162964,1.0589354038238525,0.535,0.085,0.465,0.415,10.0,0.8113265306122449,0.4445688676793709,-0.013367346938775511,0.44562670207131305,0.05,0.814438775510204,0.46956277425267806,-0.010255102040816326,0.47252525445073845,0.05,1.55,1.855,scratch,adaptive_random_to_low_10,200
27,1,0.525,0.99,0.94,0.925,4.36,4.46,4.54,0.12179334461688995,0.15002363920211792,1.0257470607757568,0.535,0.05,0.465,0.435,10.0,0.7928061224489796,0.3931872090771154,-0.03188775510204082,0.40751770940682036,0.05,0.7994897959183673,0.4234325170368654,-0.025204081632653065,0.42936339052394035,0.05,1.375,2.03,scratch,adaptive_random_to_low_10,200
28,1,0.555,0.99,0.925,0.93,4.195,4.46,4.53,0.15198469161987305,0.15786415338516235,1.0488765239715576,0.565,0.065,0.435,0.385,10.0,0.807091836734694,0.4230819136275094,-0.017602040816326534,0.4311452947332873,0.05,0.8083163265306124,0.4321470451839609,-0.01637755102040817,0.44188726123422384,0.05,1.59,1.71,scratch,adaptive_random_to_low_10,200
29,1,0.55,0.99,0.93,0.915,4.18,4.46,4.485,0.16229411959648132,0.2017480880022049,1.0471405982971191,0.56,0.065,0.44,0.395,10.0,0.8088775510204083,0.4280652889378598,-0.015816326530612247,0.4399737329315394,0.05,0.8117346938775509,0.43814124125654913,-0.012959183673469392,0.4463469340279698,0.05,1.57,1.85,scratch,adaptive_random_to_low_10,200
30,1,0.6,0.99,0.925,0.92,4.51,4.46,4.565,0.14404404163360596,0.17212703824043274,0.9924299716949463,0.61,0.065,0.39,0.355,10.0,0.7966326530612244,0.36589648169564665,-0.028061224489795925,0.3865922957693692,0.05,0.800969387755102,0.3993988282925717,-0.023724489795918367,0.4116832699533552,0.05,1.54,1.965,scratch,adaptive_random_to_low_10,200
31,1,0.56,0.99,0.945,0.93,4.43,4.46,4.505,0.09371891617774963,0.11308303475379944,1.063414216041565,0.565,0.045,0.43,0.405,10.0,0.8018877551020408,0.4162438383591442,-0.022806122448979595,0.4185964389309811,0.05,0.8054591836734695,0.43217023680375005,-0.019234693877551022,0.4342920933989808,0.05,1.515,1.865,scratch,adaptive_random_to_low_10,200
32,1,0.565,0.99,0.925,0.92,4.61,4.46,4.63,0.12897691130638123,0.1453942358493805,1.0283846855163574,0.57,0.065,0.425,0.385,10.0,0.8034693877551021,0.3991776218354557,-0.02122448979591837,0.41376574790338055,0.05,0.8072959183673469,0.4189036246170215,-0.017397959183673473,0.42837097868323326,0.05,1.545,1.92,scratch,adaptive_random_to_low_10,200
33,1,0.575,0.99,0.95,0.95,4.72,4.46,4.485,0.13004371523857117,0.12500566244125366,1.0391165018081665,0.58,0.04,0.415,0.395,10.0,0.7996938775510205,0.3995938605663762,-0.025,0.41391660340828823,0.05,0.8045918367346939,0.4225865063505044,-0.020102040816326536,0.4347045679576695,0.05,1.505,1.985,scratch,adaptive_random_to_low_10,200
34,1,0.565,0.99,0.93,0.93,4.585,4.46,4.52,0.16565102338790894,0.15206418931484222,1.073307752609253,0.575,0.06,0.425,0.38,10.0,0.7989285714285714,0.4037172088839872,-0.025765306122448983,0.41612205473938957,0.05,0.8041326530612244,0.4332925717619888,-0.02056122448979592,0.4435894147027284,0.05,1.525,2.035,scratch,adaptive_random_to_low_10,200
35,1,0.585,0.99,0.935,0.92,4.385,4.46,4.41,0.1588142365217209,0.16005997359752655,1.0556666851043701,0.59,0.055,0.405,0.37,10.0,0.7996428571428571,0.3986588233575159,-0.025051020408163264,0.4095821190997958,0.05,0.8032142857142857,0.4093868059462405,-0.021479591836734698,0.4257482962869108,0.05,1.53,1.88,scratch,adaptive_random_to_low_10,200
36,1,0.58,0.99,0.915,0.91,4.57,4.46,4.555,0.1986861675977707,0.20901130139827728,1.0308173894882202,0.585,0.075,0.41,0.365,10.0,0.8109183673469389,0.4378485405504672,-0.01377551020408164,0.4420631725993007,0.05,0.8162244897959183,0.4651515906921838,-0.008469387755102043,0.46097216034308075,0.05,1.565,2.085,scratch,adaptive_random_to_low_10,200
37,1,0.56,0.99,0.93,0.94,3.81,4.46,4.48,0.12762492895126343,0.13715116679668427,1.1115477085113525,0.57,0.06,0.43,0.395,10.0,0.8088265306122449,0.44472547284438435,-0.015867346938775513,0.4439053095411509,0.05,0.8122448979591838,0.45178209497514066,-0.012448979591836738,0.44771316900849345,0.05,1.655,1.99,scratch,adaptive_random_to_low_10,200
38,1,0.565,0.99,0.955,0.93,3.855,4.46,4.495,0.07881651073694229,0.15538330376148224,1.1475909948349,0.575,0.035,0.425,0.4,10.0,0.8081632653061225,0.41611337367189066,-0.016530612244897967,0.430349689333234,0.05,0.8108163265306123,0.43373614319169845,-0.013877551020408168,0.44129663994070145,0.05,1.745,2.005,scratch,adaptive_random_to_low_10,200
39,1,0.55,0.99,0.905,0.92,4.365,4.46,4.65,0.203257754445076,0.1770070642232895,1.099697470664978,0.56,0.085,0.44,0.395,10.0,0.8043877551020409,0.4169596463419761,-0.020306122448979592,0.42881764963298336,0.05,0.8068877551020408,0.440737105715614,-0.017806122448979597,0.4521094048389932,0.05,1.605,1.85,scratch,adaptive_random_to_low_10,200
40,1,0.555,0.99,0.935,0.93,4.39,4.46,4.445,0.13136343657970428,0.14632710814476013,1.1932636499404907,0.56,0.055,0.435,0.4,10.0,0.8042857142857143,0.4113277104423684,-0.020408163265306128,0.4209063656000944,0.05,0.8087244897959184,0.4431178407202126,-0.015969387755102045,0.4456667950376868,0.05,1.55,1.985,scratch,adaptive_random_to_low_10,200
41,1,0.575,0.99,0.91,0.905,4.15,4.46,4.545,0.16529323160648346,0.20305317640304565,1.1821633577346802,0.585,0.08,0.415,0.365,10.0,0.8024489795918367,0.41692210342154157,-0.022244897959183673,0.42189379744697364,0.05,0.8066836734693879,0.440295613437262,-0.018010204081632654,0.4420022368244827,0.05,1.535,1.95,scratch,adaptive_random_to_low_10,200
42,1,0.555,0.99,0.93,0.91,4.02,4.46,4.66,0.13530755043029785,0.17141443490982056,1.1234382390975952,0.565,0.06,0.435,0.405,10.0,0.8014285714285714,0.413307048192484,-0.023265306122448984,0.42611095289015793,0.05,0.8062755102040816,0.4349144508001323,-0.01841836734693878,0.4427653871662915,0.05,1.56,2.035,scratch,adaptive_random_to_low_10,200
43,1,0.58,0.99,0.945,0.935,4.43,4.46,4.57,0.11213729530572891,0.13607142865657806,1.1524319648742676,0.59,0.045,0.41,0.38,10.0,0.7985204081632653,0.41299077320431876,-0.0261734693877551,0.42277817345689983,0.05,0.8032653061224491,0.44057813770541737,-0.021428571428571432,0.44369819819927214,0.05,1.53,1.995,scratch,adaptive_random_to_low_10,200
44,1,0.535,0.99,0.925,0.93,4.425,4.46,4.47,0.17408990859985352,0.15801510214805603,1.2170095443725586,0.545,0.065,0.455,0.405,10.0,0.7957653061224491,0.38563005464316435,-0.028928571428571432,0.40615181042579934,0.05,0.8008163265306123,0.42250432053382053,-0.02387755102040817,0.4315293152630329,0.05,1.455,1.95,scratch,adaptive_random_to_low_10,200
45,1,0.565,0.99,0.93,0.905,4.57,4.46,4.49,0.10789066553115845,0.142612025141716,1.1940292119979858,0.575,0.06,0.425,0.38,10.0,0.8010714285714287,0.40374090802618434,-0.02362244897959184,0.42276351566426457,0.05,0.805612244897959,0.4299894494747157,-0.019081632653061228,0.43793640261515976,0.05,1.57,2.015,scratch,adaptive_random_to_low_10,200
46,1,0.545,0.99,0.945,0.94,4.535,4.46,4.53,0.07977775484323502,0.12249429523944855,1.266575813293457,0.555,0.045,0.445,0.415,10.0,0.8055612244897958,0.3994626647292376,-0.019132653061224497,0.41298734047755714,0.05,0.8077551020408162,0.4146295660090015,-0.016938775510204087,0.4266832449100912,0.05,1.62,1.835,scratch,adaptive_random_to_low_10,200
47,1,0.575,0.99,0.94,0.95,4.3,4.46,4.47,0.12361343204975128,0.1129770502448082,1.1878547668457031,0.58,0.05,0.415,0.385,10.0,0.8047448979591837,0.41388188541910603,-0.019948979591836738,0.42206021719583076,0.05,0.8083163265306123,0.43913900192034044,-0.016377551020408165,0.44057368017733095,0.05,1.56,1.91,scratch,adaptive_random_to_low_10,200
48,1,0.545,0.99,0.955,0.94,4.41,4.46,4.53,0.08649773895740509,0.11038211733102798,1.2067457437515259,0.555,0.035,0.445,0.425,10.0,0.8062755102040816,0.4020230226351441,-0.01841836734693878,0.4119647084642202,0.05,0.8100510204081632,0.4285466456673519,-0.014642857142857147,0.43507391565013676,0.05,1.555,1.925,scratch,adaptive_random_to_low_10,200
49,1,0.58,0.99,0.955,0.95,4.58,4.46,4.53,0.06418827176094055,0.07219906151294708,1.1666529178619385,0.59,0.035,0.41,0.39,10.0,0.7999489795918368,0.38948581467924986,-0.02474489795918368,0.3992600916630181,0.05,0.8045408163265306,0.41950017277972546,-0.020153061224489798,0.4225432301685214,0.05,1.49,1.94,scratch,adaptive_random_to_low_10,200
50,1,0.575,0.99,0.945,0.945,4.29,4.46,4.57,0.0972137451171875,0.12128431349992752,1.2217531204223633,0.585,0.045,0.415,0.38,10.0,0.8004081632653062,0.3866357233404243,-0.02428571428571429,0.3955053467932157,0.05,0.8039795918367347,0.41506337221348116,-0.020714285714285716,0.42148800091817973,0.05,1.54,1.89,scratch,adaptive_random_to_low_10,200
51,1,0.56,0.99,0.97,0.945,4.275,4.46,4.515,0.04707714915275574,0.09881100058555603,1.2489936351776123,0.565,0.02,0.43,0.415,10.0,0.8023469387755102,0.38556516706837407,-0.02234693877551021,0.3990544997458346,0.05,0.8027551020408162,0.3946880046068896,-0.021938775510204088,0.4020230136322789,0.05,1.51,1.55,scratch,adaptive_random_to_low_10,200
52,1,0.58,0.99,0.96,0.94,4.28,4.46,4.495,0.09725181758403778,0.12735748291015625,1.256569504737854,0.59,0.03,0.41,0.385,10.0,0.8130102040816327,0.4176631724224493,-0.011683673469387762,0.4325343574024737,0.05,0.8122448979591838,0.4232793186732,-0.01244897959183674,0.4290007194690406,0.05,1.555,1.48,scratch,adaptive_random_to_low_10,200
53,1,0.575,0.99,0.935,0.94,4.105,4.46,4.49,0.13576288521289825,0.12373235821723938,1.2577500343322754,0.58,0.055,0.415,0.395,10.0,0.8068367346938777,0.4122007173897853,-0.017857142857142856,0.4145425320323557,0.05,0.8050510204081632,0.4070679176962614,-0.01964285714285714,0.41479834262747317,0.05,1.585,1.41,scratch,adaptive_random_to_low_10,200
54,1,0.56,0.99,0.945,0.925,4.575,4.46,4.505,0.11121021211147308,0.1254098266363144,1.2635278701782227,0.57,0.045,0.43,0.4,10.0,0.7987755102040817,0.39112828849416253,-0.02591836734693878,0.4036721411859617,0.05,0.7990306122448979,0.39733300484354983,-0.025663265306122455,0.40464028652757406,0.05,1.525,1.55,scratch,adaptive_random_to_low_10,200
55,1,0.54,0.99,0.945,0.92,4.42,4.46,4.55,0.08991977572441101,0.14271306991577148,1.2827740907669067,0.545,0.045,0.45,0.42,10.0,0.7979591836734694,0.4077433503147104,-0.026734693877551025,0.40969464073888956,0.05,0.7960714285714287,0.40784115328070736,-0.02862244897959184,0.40850636433344334,0.05,1.525,1.34,scratch,adaptive_random_to_low_10,200
56,1,0.565,0.99,0.935,0.94,4.355,4.46,4.455,0.08443062007427216,0.09709011018276215,1.265661358833313,0.57,0.055,0.425,0.39,10.0,0.7986224489795919,0.3812376980138412,-0.026071428571428575,0.39047904637176545,0.05,0.7992346938775509,0.3762826487570408,-0.02545918367346939,0.3973858692124486,0.05,1.53,1.59,scratch,adaptive_random_to_low_10,200
57,1,0.575,0.99,0.93,0.94,4.47,4.46,4.53,0.10029473900794983,0.08434601873159409,1.2616766691207886,0.58,0.06,0.415,0.375,10.0,0.8022448979591837,0.4007538822531538,-0.022448979591836737,0.40461021759081633,0.05,0.8018877551020408,0.4005575955905104,-0.022806122448979595,0.40049496977590027,0.05,1.6,1.565,scratch,adaptive_random_to_low_10,200
58,1,0.585,0.99,0.93,0.93,4.415,4.46,4.565,0.1158561035990715,0.15103577077388763,1.2449153661727905,0.59,0.06,0.405,0.375,10.0,0.7991836734693877,0.3935242763385898,-0.025510204081632657,0.41004758964292704,0.05,0.7992857142857142,0.4061016414235671,-0.02540816326530613,0.4138630049093626,0.05,1.445,1.455,scratch,adaptive_random_to_low_10,200
59,1,0.57,0.99,0.935,0.92,4.335,4.46,4.46,0.08135858178138733,0.11011266708374023,1.3165555000305176,0.575,0.055,0.42,0.385,10.0,0.8008673469387755,0.40121968879734804,-0.0238265306122449,0.40646012147190047,0.05,0.800204081632653,0.39755211082597613,-0.02448979591836735,0.4026236705807969,0.05,1.56,1.495,scratch,adaptive_random_to_low_10,200
60,1,0.585,0.99,0.95,0.95,4.445,4.46,4.52,0.09347612410783768,0.05737142637372017,1.2860568761825562,0.59,0.04,0.405,0.38,10.0,0.8023469387755102,0.4096326536332632,-0.022346938775510205,0.4071266097435728,0.05,0.800969387755102,0.402649153141549,-0.023724489795918367,0.4030687996698543,0.05,1.59,1.455,scratch,adaptive_random_to_low_10,200
61,1,0.545,0.99,0.955,0.955,4.165,4.46,4.57,0.0717596784234047,0.09301106631755829,1.3096286058425903,0.55,0.035,0.445,0.42,10.0,0.7961734693877551,0.3872868479418085,-0.028520408163265305,0.3962498282107117,0.05,0.796734693877551,0.38665433057903487,-0.02795918367346939,0.3940775762032718,0.05,1.47,1.525,scratch,adaptive_random_to_low_10,200
62,1,0.59,0.99,0.96,0.95,4.615,4.46,4.51,0.05845671519637108,0.08364339917898178,1.2601308822631836,0.595,0.03,0.4,0.38,10.0,0.794795918367347,0.3854325021065138,-0.02989795918367347,0.3975871683927835,0.05,0.7963775510204081,0.38651590560398685,-0.02831632653061225,0.39016751943156125,0.05,1.435,1.59,scratch,adaptive_random_to_low_10,200
63,1,0.57,0.99,0.945,0.965,4.645,4.46,4.57,0.08247295022010803,0.06618920713663101,1.3080954551696777,0.575,0.05,0.42,0.385,10.0,0.7907653061224491,0.3784120489504392,-0.03392857142857143,0.37928489407437155,0.05,0.7920918367346939,0.3855003024877337,-0.03260204081632653,0.3824823538120836,0.05,1.465,1.595,scratch,adaptive_random_to_low_10,200
64,1,0.59,0.99,0.95,0.95,4.645,4.46,4.53,0.10265447944402695,0.11551263928413391,1.2746888399124146,0.595,0.04,0.4,0.375,10.0,0.7948979591836735,0.3871229664344165,-0.029795918367346942,0.3936830048332922,0.05,0.797295918367347,0.39346185914922177,-0.027397959183673465,0.4029461589618586,0.05,1.355,1.59,scratch,adaptive_random_to_low_10,200
65,1,0.585,0.99,0.955,0.95,4.615,4.46,4.54,0.06889242678880692,0.105254165828228,1.2598005533218384,0.59,0.035,0.405,0.395,10.0,0.7956122448979592,0.380924035579489,-0.02908163265306123,0.38915833241306247,0.05,0.7948979591836735,0.38453606199092455,-0.029795918367346946,0.3912293435470201,0.05,1.615,1.545,scratch,adaptive_random_to_low_10,200
66,1,0.575,0.99,0.95,0.935,4.105,4.46,4.5,0.09794578701257706,0.12414336204528809,1.2540960311889648,0.585,0.04,0.415,0.4,10.0,0.7989795918367346,0.4079063264929947,-0.025714285714285717,0.41138476359192283,0.05,0.7989795918367346,0.40084555262678084,-0.02571428571428572,0.4076527566125151,0.05,1.625,1.625,scratch,adaptive_random_to_low_10,200
67,1,0.585,0.99,0.935,0.935,4.575,4.46,4.54,0.11788015067577362,0.11504827439785004,1.2601521015167236,0.59,0.055,0.405,0.365,10.0,0.7942346938775509,0.38385387709760704,-0.03045918367346939,0.3952224082198518,0.05,0.7953571428571428,0.3840516188775313,-0.02933673469387756,0.3972761344444007,0.05,1.425,1.535,scratch,adaptive_random_to_low_10,200
68,1,0.56,0.99,0.94,0.95,4.355,4.46,4.54,0.10950805991888046,0.09236757457256317,1.289085030555725,0.565,0.05,0.43,0.405,10.0,0.7995408163265307,0.39314521419001136,-0.025153061224489796,0.4030008640140295,0.05,0.800204081632653,0.3917979568303018,-0.02448979591836735,0.4012769173691049,0.05,1.5,1.565,scratch,adaptive_random_to_low_10,200
69,1,0.585,0.99,0.935,0.945,4.295,4.46,4.555,0.09481420367956161,0.1043480858206749,1.2201082706451416,0.59,0.055,0.405,0.38,10.0,0.7967857142857142,0.37540650897630234,-0.027908163265306117,0.3873670435184613,0.05,0.7958163265306123,0.3752532506772995,-0.02887755102040817,0.3877542872680351,0.05,1.55,1.455,scratch,adaptive_random_to_low_10,200
70,1,0.61,0.99,0.945,0.935,4.52,4.46,4.57,0.07789105176925659,0.13466830551624298,1.1824045181274414,0.615,0.045,0.38,0.355,10.0,0.7980612244897959,0.3994542341772819,-0.026632653061224497,0.4096945450338535,0.05,0.7976020408163265,0.4049799136417605,-0.027091836734693883,0.40883013546234,0.05,1.515,1.47,scratch,adaptive_random_to_low_10,200
71,1,0.615,0.99,0.95,0.93,4.425,4.46,4.525,0.05739252269268036,0.08978936821222305,1.2081921100616455,0.62,0.04,0.375,0.36,10.0,0.801173469387755,0.4123840930436871,-0.023520408163265314,0.4135423796228133,0.05,0.800612244897959,0.4150278490091568,-0.02408163265306123,0.419770164929796,0.05,1.595,1.54,scratch,adaptive_random_to_low_10,200
72,1,0.595,0.99,0.945,0.93,4.295,4.46,4.6,0.09003963321447372,0.12371037155389786,1.2504031658172607,0.6,0.045,0.395,0.37,10.0,0.7965816326530611,0.386145928166219,-0.028112244897959188,0.3974385367562354,0.05,0.7967857142857143,0.38889523823589184,-0.027908163265306127,0.39699500146321953,0.05,1.49,1.51,scratch,adaptive_random_to_low_10,200
73,1,0.605,0.99,0.95,0.935,4.425,4.46,4.49,0.06950618326663971,0.13607896864414215,1.2036874294281006,0.61,0.04,0.385,0.365,10.0,0.7972448979591837,0.3890561873015684,-0.027448979591836738,0.399463511724025,0.05,0.7988775510204081,0.39651648988022264,-0.025816326530612246,0.40483683698053935,0.05,1.505,1.665,scratch,adaptive_random_to_low_10,200
74,1,0.585,0.99,0.945,0.93,4.39,4.46,4.58,0.1057095155119896,0.13974714279174805,1.2646218538284302,0.59,0.045,0.405,0.37,10.0,0.8001530612244898,0.39586532850302947,-0.024540816326530615,0.40845722466154255,0.05,0.7997448979591837,0.38925705508501246,-0.024948979591836742,0.4015552464115899,0.05,1.57,1.53,scratch,adaptive_random_to_low_10,200
75,1,0.595,0.99,0.955,0.96,4.37,4.46,4.55,0.06886343657970428,0.09056407958269119,1.2684882879257202,0.605,0.035,0.395,0.385,10.0,0.8018367346938777,0.4009712574233112,-0.02285714285714286,0.41324060110055144,0.05,0.8,0.4046460834327689,-0.024693877551020413,0.41053108228952623,0.05,1.635,1.455,scratch,adaptive_random_to_low_10,200
76,1,0.605,0.99,0.955,0.955,4.44,4.46,4.475,0.06640291213989258,0.09624418616294861,1.2324918508529663,0.61,0.035,0.385,0.365,10.0,0.7993367346938777,0.4004209805725719,-0.025357142857142856,0.4137118100002408,0.05,0.8007142857142857,0.40611384451120636,-0.023979591836734693,0.416281823348254,0.05,1.5,1.635,scratch,adaptive_random_to_low_10,200
77,1,0.605,0.99,0.96,0.955,4.595,4.46,4.47,0.05718071013689041,0.107511006295681,1.242306113243103,0.61,0.03,0.385,0.375,10.0,0.7978571428571429,0.3836875774534707,-0.02683673469387756,0.4041521121817641,0.05,0.7996938775510203,0.3960468585858091,-0.025,0.41160465745255354,0.05,1.485,1.665,scratch,adaptive_random_to_low_10,200
78,1,0.58,0.99,0.96,0.945,4.07,4.46,4.525,0.05980286747217178,0.12470021843910217,1.2918473482131958,0.585,0.03,0.41,0.39,10.0,0.799795918367347,0.39317470486991046,-0.024897959183673476,0.4043835629336536,0.05,0.7990816326530612,0.40143193086896434,-0.025612244897959185,0.40762237493880094,0.05,1.485,1.415,scratch,adaptive_random_to_low_10,200
79,1,0.605,0.99,0.945,0.935,4.565,4.46,4.62,0.07232595980167389,0.14154702425003052,1.2585495710372925,0.61,0.045,0.385,0.36,10.0,0.7958673469387755,0.3746794381741377,-0.028826530612244897,0.3930533065299096,0.05,0.796938775510204,0.3810128202306417,-0.02775510204081633,0.39295639436692,0.05,1.43,1.535,scratch,adaptive_random_to_low_10,200
80,1,0.595,0.99,0.935,0.95,4.305,4.46,4.58,0.09141805022954941,0.1238190233707428,1.2238168716430664,0.6,0.055,0.395,0.355,10.0,0.8023979591836735,0.3914693344791547,-0.022295918367346942,0.4083092566067353,0.05,0.8035204081632653,0.4086162856311555,-0.021173469387755103,0.4160379304829985,0.05,1.58,1.69,scratch,adaptive_random_to_low_10,200
81,1,0.605,0.99,0.94,0.94,4.07,4.46,4.515,0.08806781470775604,0.12182141095399857,1.2023833990097046,0.61,0.05,0.385,0.355,10.0,0.8002551020408163,0.3982642042277841,-0.024438775510204083,0.4074722400680184,0.05,0.799438775510204,0.39431696894162593,-0.025255102040816334,0.4069361782167107,0.05,1.58,1.5,scratch,adaptive_random_to_low_10,200
82,1,0.605,0.99,0.955,0.945,4.29,4.46,4.49,0.08356907218694687,0.1020931601524353,1.2282626628875732,0.61,0.035,0.385,0.37,10.0,0.8006632653061223,0.3951466193929902,-0.024030612244897966,0.4111442843079567,0.05,0.8009183673469389,0.38995637554887774,-0.023775510204081637,0.4065293374843895,0.05,1.485,1.51,scratch,adaptive_random_to_low_10,200
83,1,0.59,0.99,0.965,0.95,4.265,4.46,4.535,0.05458696931600571,0.0920492485165596,1.2103625535964966,0.595,0.025,0.4,0.395,10.0,0.7983673469387754,0.3908624721060662,-0.0263265306122449,0.40496371601024295,0.05,0.7985204081632653,0.39284933118862136,-0.02617346938775511,0.4066109508555382,0.05,1.555,1.57,scratch,adaptive_random_to_low_10,200
84,1,0.61,0.99,0.945,0.94,4.37,4.46,4.53,0.0726718157529831,0.10966914892196655,1.2350431680679321,0.615,0.045,0.38,0.355,10.0,0.7973979591836735,0.37982671366452686,-0.02729591836734694,0.3976943347488123,0.05,0.7976020408163265,0.3820767581849016,-0.027091836734693887,0.4008137043938041,0.05,1.5,1.52,scratch,adaptive_random_to_low_10,200
85,1,0.59,0.99,0.955,0.93,4.26,4.46,4.52,0.0799935981631279,0.13602159917354584,1.2415293455123901,0.595,0.035,0.4,0.375,10.0,0.7995408163265307,0.38979858015984636,-0.025153061224489796,0.40819559374824166,0.05,0.7991836734693877,0.3956145541512638,-0.02551020408163266,0.40513742981478573,0.05,1.495,1.46,scratch,adaptive_random_to_low_10,200
86,1,0.595,0.99,0.935,0.945,4.28,4.46,4.515,0.08845683932304382,0.12165730446577072,1.2080371379852295,0.6,0.055,0.395,0.365,10.0,0.7989285714285714,0.3836378810667716,-0.025765306122448983,0.4030002077016979,0.05,0.8003061224489795,0.3909727054906271,-0.02438775510204082,0.40691992298699914,0.05,1.485,1.62,scratch,adaptive_random_to_low_10,200
87,1,0.6,0.99,0.95,0.95,4.41,4.46,4.545,0.08844858407974243,0.09497720003128052,1.1967295408248901,0.605,0.04,0.39,0.375,10.0,0.7998979591836735,0.386214987490274,-0.024795918367346945,0.40429414111189543,0.05,0.8013265306122449,0.39047826233623756,-0.023367346938775516,0.4044194380147383,0.05,1.465,1.605,scratch,adaptive_random_to_low_10,200
88,1,0.605,0.99,0.955,0.935,4.23,4.46,4.51,0.06741783767938614,0.12211326509714127,1.2205767631530762,0.61,0.035,0.385,0.365,10.0,0.7985204081632653,0.38230620757895184,-0.026173469387755107,0.398608725303784,0.05,0.7992346938775511,0.39026448901371164,-0.02545918367346939,0.40430655144155025,0.05,1.485,1.555,scratch,adaptive_random_to_low_10,200
89,1,0.61,0.99,0.95,0.955,4.355,4.46,4.59,0.06981609761714935,0.10147032886743546,1.2304641008377075,0.615,0.04,0.38,0.365,10.0,0.7992857142857143,0.3885493213259424,-0.02540816326530613,0.4038214389514178,0.05,0.7992857142857143,0.3936901932349883,-0.02540816326530613,0.4067237839847803,0.05,1.52,1.52,scratch,adaptive_random_to_low_10,200
90,1,0.59,0.99,0.96,0.945,4.13,4.46,4.54,0.07639100402593613,0.1058126837015152,1.2427603006362915,0.595,0.03,0.4,0.39,10.0,0.7977551020408162,0.37681704864320714,-0.026938775510204085,0.3971530211879872,0.05,0.8005102040816326,0.3959794978369132,-0.024183673469387764,0.4097738765925169,0.05,1.435,1.705,scratch,adaptive_random_to_low_10,200
91,1,0.6,0.99,0.96,0.95,4.25,4.46,4.56,0.08137533068656921,0.0997101217508316,1.233954668045044,0.605,0.03,0.39,0.375,10.0,0.7989795918367348,0.3843204317417789,-0.02571428571428572,0.40269299373729156,0.05,0.8003061224489795,0.39010680848267176,-0.02438775510204082,0.40771772861015054,0.05,1.53,1.66,scratch,adaptive_random_to_low_10,200
92,1,0.6,0.99,0.955,0.95,4.195,4.46,4.53,0.06538044661283493,0.1118558794260025,1.228214979171753,0.605,0.035,0.39,0.375,10.0,0.8001530612244898,0.39042720621874716,-0.024540816326530615,0.4048005950730294,0.05,0.8001020408163265,0.3936219869697847,-0.02459183673469388,0.4063600804656744,0.05,1.545,1.54,scratch,adaptive_random_to_low_10,200
93,1,0.595,0.99,0.96,0.945,4.185,4.46,4.56,0.06713548302650452,0.11450464278459549,1.2248562574386597,0.6,0.03,0.395,0.38,10.0,0.7986734693877551,0.3836356765369215,-0.02602040816326531,0.40271390580339356,0.05,0.7998979591836735,0.39619940216743005,-0.02479591836734694,0.4081206342857331,0.05,1.505,1.625,scratch,adaptive_random_to_low_10,200
94,1,0.6,0.99,0.95,0.945,4.315,4.46,4.56,0.06896600127220154,0.11105503141880035,1.2252880334854126,0.605,0.04,0.39,0.375,10.0,0.7989795918367348,0.3903302742622195,-0.02571428571428572,0.40705869228346275,0.05,0.7991836734693877,0.39375716175407743,-0.025510204081632657,0.4068497582245618,0.05,1.535,1.555,scratch,adaptive_random_to_low_10,200
95,1,0.605,0.99,0.95,0.94,4.32,4.46,4.54,0.07544256001710892,0.12397786974906921,1.2235875129699707,0.61,0.04,0.385,0.37,10.0,0.7978061224489795,0.38408347253768244,-0.02688775510204082,0.40189010550035165,0.05,0.7983163265306124,0.390049937089867,-0.02637755102040817,0.40524456098675726,0.05,1.505,1.555,scratch,adaptive_random_to_low_10,200
96,1,0.61,0.99,0.96,0.94,4.345,4.46,4.56,0.06139865890145302,0.13845986127853394,1.2218644618988037,0.615,0.03,0.38,0.365,10.0,0.7985204081632653,0.3851930433207303,-0.0261734693877551,0.403366028952878,0.05,0.7976530612244898,0.38506589245480605,-0.027040816326530617,0.4032442961446941,0.05,1.58,1.495,scratch,adaptive_random_to_low_10,200
97,1,0.61,0.99,0.955,0.93,4.345,4.46,4.575,0.061425019055604935,0.13275237381458282,1.2221964597702026,0.615,0.035,0.38,0.36,10.0,0.7980612244897959,0.38500022577101356,-0.02663265306122449,0.401787108478602,0.05,0.7977551020408162,0.3842157347486305,-0.02693877551020409,0.4027090810146183,0.05,1.515,1.485,scratch,adaptive_random_to_low_10,200
98,1,0.61,0.99,0.95,0.94,4.345,4.46,4.57,0.06822925806045532,0.12915381789207458,1.222688913345337,0.615,0.04,0.38,0.36,10.0,0.7978571428571428,0.38477605107622526,-0.02683673469387755,0.40230075039668006,0.05,0.7977551020408162,0.3907056632114371,-0.026938775510204085,0.40352867474779486,0.05,1.515,1.505,scratch,adaptive_random_to_low_10,200
99,1,0.61,0.99,0.95,0.945,4.345,4.46,4.57,0.0823124423623085,0.12366832792758942,1.2249133586883545,0.615,0.04,0.38,0.36,10.0,0.7975510204081633,0.3828084837502319,-0.027142857142857146,0.40048822448356075,0.05,0.7978571428571429,0.38905411120676225,-0.026836734693877554,0.40186005072668196,0.05,1.505,1.535,scratch,adaptive_random_to_low_10,200
100,1,0.61,0.99,0.95,0.945,4.345,4.46,4.57,0.08055086433887482,0.12194891273975372,1.2249146699905396,0.615,0.04,0.38,0.36,10.0,0.797704081632653,0.38119553918795174,-0.026989795918367348,0.4004502868722193,0.05,0.7983673469387754,0.3891872283437956,-0.0263265306122449,0.4019125260226428,0.05,1.47,1.535,scratch,adaptive_random_to_low_10,200
0,1,0.115,0.99,0.93,0.92,4.35,4.46,4.46,0.14620257914066315,0.1444326788187027,1.8374775648117065,0.105,0.06,0.885,0.835,10.0,0.8110714285714287,0.4192008084694095,-0.013622448979591839,0.4293116920767352,0.05,0.8135204081632653,0.42994755365076703,-0.011173469387755106,0.4389433039538562,0.05,1.56,1.8,scratch,random_low_mixed_10,200
1,1,0.26,0.99,0.93,0.93,4.045,4.46,4.4,0.11175819486379623,0.14801697432994843,1.5280460119247437,0.265,0.06,0.73,0.675,10.0,0.7898979591836734,0.3686441251214337,-0.03479591836734695,0.37948160106505385,0.05,0.7960204081632654,0.39541872493479585,-0.028673469387755102,0.4032232157909311,0.05,1.45,2.05,scratch,random_low_mixed_10,200
2,1,0.345,0.99,0.885,0.86,4.345,4.46,4.585,0.2501186430454254,0.3109791874885559,1.4127758741378784,0.345,0.105,0.65,0.58,10.0,0.8009693877551021,0.42604330139056074,-0.023724489795918367,0.42372780083096584,0.05,0.8047959183673469,0.44374026880079526,-0.019897959183673476,0.44040776243666185,0.05,1.51,1.885,scratch,random_low_mixed_10,200
3,1,0.365,0.99,0.93,0.885,4.245,4.46,4.63,0.15754413604736328,0.25754985213279724,1.4000656604766846,0.37,0.06,0.625,0.58,10.0,0.7918877551020407,0.40965951818674756,-0.0328061224489796,0.42161455516616114,0.05,0.7988265306122448,0.43483517847972497,-0.02586734693877551,0.43176017787773163,0.05,1.435,2.115,scratch,random_low_mixed_10,200
4,1,0.32,0.99,0.9,0.87,3.605,4.46,4.54,0.19268126785755157,0.32121163606643677,1.405840277671814,0.325,0.09,0.67,0.595,10.0,0.8109183673469386,0.4774099699353901,-0.013775510204081636,0.47982220196165143,0.05,0.8125510204081634,0.4823746234587101,-0.01214285714285714,0.4848564114794135,0.05,1.595,1.755,scratch,random_low_mixed_10,200
5,1,0.365,0.99,0.92,0.905,4.75,4.46,4.6,0.09442911297082901,0.17652374505996704,1.395085096359253,0.37,0.07,0.625,0.59,10.0,0.8151530612244899,0.45656258013808004,-0.009540816326530614,0.4683250119513832,0.05,0.8165816326530612,0.4645401239742003,-0.008112244897959184,0.4785503855161369,0.05,1.705,1.845,scratch,random_low_mixed_10,200
6,1,0.38,0.99,0.935,0.91,4.005,4.46,4.485,0.13653163611888885,0.21215888857841492,1.3196496963500977,0.39,0.055,0.61,0.56,10.0,0.8096428571428572,0.4391631904680289,-0.015051020408163267,0.45981508916709574,0.05,0.8142857142857143,0.4620801984618709,-0.010408163265306122,0.4734564793296158,0.05,1.535,1.99,scratch,random_low_mixed_10,200
7,1,0.415,0.99,0.925,0.92,4.925,4.46,4.535,0.12209068238735199,0.18050342798233032,1.2302649021148682,0.425,0.065,0.575,0.53,10.0,0.8038775510204081,0.4301939903753349,-0.020816326530612245,0.4396719553973526,0.05,0.8093367346938776,0.45997878674708137,-0.015357142857142861,0.46065202839672564,0.05,1.46,1.995,scratch,random_low_mixed_10,200
8,1,0.435,0.99,0.93,0.93,4.025,4.46,4.57,0.1506136804819107,0.1569603830575943,1.1944166421890259,0.445,0.06,0.555,0.52,10.0,0.8142857142857142,0.4360769469865201,-0.010408163265306128,0.4489150106161833,0.05,0.8153571428571429,0.4484528159739965,-0.009336734693877555,0.4583587662037462,0.05,1.645,1.75,scratch,random_low_mixed_10,200
9,1,0.495,0.99,0.935,0.935,4.39,4.46,4.53,0.08111201971769333,0.13473162055015564,1.0831867456436157,0.505,0.055,0.495,0.45,10.0,0.8059183673469389,0.4152067105611816,-0.01877551020408164,0.41961849211715163,0.05,0.8089285714285714,0.42904255818304954,-0.015765306122448988,0.43886702998541294,0.05,1.57,1.865,scratch,random_low_mixed_10,200
10,1,0.475,0.99,0.92,0.9,3.8,4.46,4.56,0.15534716844558716,0.19720542430877686,1.1575313806533813,0.48,0.07,0.515,0.465,10.0,0.8195408163265308,0.48102244355132756,-0.005153061224489798,0.4734432998858392,0.05,0.8192857142857143,0.48599164158156744,-0.005408163265306129,0.4704780567716807,0.05,1.77,1.745,scratch,random_low_mixed_10,200
11,1,0.48,0.99,0.94,0.9,3.89,4.46,4.51,0.13369129598140717,0.22873659431934357,1.0306845903396606,0.49,0.05,0.51,0.475,10.0,0.8042346938775509,0.41672201731710323,-0.020459183673469394,0.4368525562761352,0.05,0.8087755102040817,0.43559468759039127,-0.01591836734693878,0.4483434095326811,0.05,1.48,1.925,scratch,random_low_mixed_10,200
12,1,0.5,0.99,0.955,0.915,4.555,4.46,4.545,0.09483036398887634,0.18419212102890015,1.0177792310714722,0.5,0.035,0.495,0.48,10.0,0.8094897959183673,0.4414722267728543,-0.015204081632653063,0.43954084121622145,0.05,0.812091836734694,0.44908029837369945,-0.012602040816326529,0.4524421465024352,0.05,1.615,1.87,scratch,random_low_mixed_10,200
13,1,0.505,0.99,0.94,0.925,4.665,4.46,4.545,0.08042257279157639,0.12810224294662476,1.0470495223999023,0.51,0.05,0.485,0.455,10.0,0.8093367346938776,0.42524118717525233,-0.015357142857142861,0.43099497542963944,0.05,0.8122448979591838,0.44187232166900453,-0.012448979591836738,0.44691634401679037,0.05,1.615,1.9,scratch,random_low_mixed_10,200
14,1,0.53,0.99,0.925,0.935,3.775,4.46,4.52,0.16911716759204865,0.147679403424263,1.0763119459152222,0.54,0.07,0.46,0.405,10.0,0.8114795918367347,0.4218466993906637,-0.013214285714285718,0.4241551237029489,0.05,0.8155102040816326,0.4434052898099506,-0.009183673469387761,0.44943319980055096,0.05,1.58,1.975,scratch,random_low_mixed_10,200
15,1,0.535,0.99,0.925,0.93,4.215,4.46,4.55,0.12080910056829453,0.13414113223552704,1.0000660419464111,0.54,0.065,0.455,0.41,10.0,0.8029591836734693,0.42286371816881546,-0.02173469387755102,0.43329592094480174,0.05,0.8048979591836734,0.431527697169712,-0.01979591836734695,0.44076161039061845,0.05,1.6,1.79,scratch,random_low_mixed_10,200
16,1,0.56,0.99,0.945,0.945,4.035,4.46,4.52,0.1125500276684761,0.12653663754463196,0.9726685881614685,0.57,0.045,0.43,0.4,10.0,0.7926530612244898,0.3880574230447069,-0.03204081632653062,0.3980132704038988,0.05,0.7983673469387756,0.40903984116338266,-0.02632653061224491,0.4125574447400868,0.05,1.505,2.065,scratch,random_low_mixed_10,200
17,1,0.52,0.99,0.935,0.905,5.1,4.46,4.555,0.15292949974536896,0.21728508174419403,1.0470373630523682,0.53,0.055,0.47,0.43,10.0,0.8011734693877551,0.41197217413145437,-0.02352040816326531,0.4273924222262576,0.05,0.8058163265306122,0.433960310206399,-0.018877551020408164,0.4461630365811288,0.05,1.53,1.985,scratch,random_low_mixed_10,200
18,1,0.58,0.99,0.93,0.945,4.375,4.46,4.435,0.14497588574886322,0.11253990232944489,0.9526181221008301,0.59,0.06,0.41,0.375,10.0,0.7928061224489795,0.38538148765375874,-0.03188775510204081,0.3958507072739303,0.05,0.7977551020408162,0.41321668431508946,-0.026938775510204085,0.42228363766334953,0.05,1.52,2.005,scratch,random_low_mixed_10,200
19,1,0.545,0.99,0.96,0.945,4.085,4.46,4.455,0.0956607460975647,0.09467893838882446,0.9531152844429016,0.555,0.03,0.445,0.43,10.0,0.8004081632653062,0.3836498611236903,-0.02428571428571429,0.4041204445855692,0.05,0.8060204081632654,0.42822571224685835,-0.01867346938775511,0.432557939728722,0.05,1.55,2.1,scratch,random_low_mixed_10,200
20,1,0.53,0.99,0.96,0.935,4.195,4.46,4.495,0.08941201865673065,0.10646555572748184,0.9836676120758057,0.54,0.03,0.46,0.44,10.0,0.8062755102040816,0.41561917049767744,-0.01841836734693878,0.426683690630889,0.05,0.8095408163265307,0.4363137396719967,-0.015153061224489799,0.43721347415819767,0.05,1.605,1.925,scratch,random_low_mixed_10,200
21,1,0.54,0.99,0.91,0.91,4.37,4.46,4.405,0.22628162801265717,0.19195078313350677,1.0309476852416992,0.55,0.08,0.45,0.4,10.0,0.8162244897959183,0.4347546684155882,-0.008469387755102045,0.4500607941451017,0.05,0.8165816326530612,0.4471550403885963,-0.008112244897959189,0.4583257263712585,0.05,1.71,1.745,scratch,random_low_mixed_10,200
22,1,0.585,0.99,0.93,0.92,5.12,4.46,4.545,0.10815185308456421,0.13367097079753876,0.9856277704238892,0.585,0.065,0.41,0.365,10.0,0.7971428571428573,0.3932273147008327,-0.027551020408163273,0.401951155129791,0.05,0.8036224489795919,0.42852164559428835,-0.021071428571428578,0.4306813615560532,0.05,1.42,2.055,scratch,random_low_mixed_10,200
23,1,0.545,0.99,0.93,0.925,4.38,4.46,4.555,0.13322190940380096,0.14310137927532196,1.0497549772262573,0.555,0.06,0.445,0.41,10.0,0.8072448979591837,0.4230443974909421,-0.017448979591836736,0.4207855343399569,0.05,0.8109183673469389,0.44153234558614407,-0.013775510204081636,0.4324235742725432,0.05,1.505,1.865,scratch,random_low_mixed_10,200
24,1,0.565,0.99,0.925,0.93,4.635,4.46,4.62,0.10929197072982788,0.12475388497114182,0.977631688117981,0.57,0.065,0.425,0.385,10.0,0.7947448979591837,0.3945266208803644,-0.029948979591836736,0.4087413556384854,0.05,0.8022448979591836,0.42090771973046665,-0.022448979591836737,0.42808624713681637,0.05,1.38,2.115,scratch,random_low_mixed_10,200
25,1,0.555,0.99,0.94,0.925,3.875,4.46,4.55,0.16527031362056732,0.18645165860652924,0.9968187212944031,0.565,0.05,0.435,0.395,10.0,0.8145408163265305,0.44203615096674387,-0.0101530612244898,0.4542766622081399,0.05,0.816734693877551,0.4625143864209471,-0.007959183673469393,0.4675338102690876,0.05,1.565,1.78,scratch,random_low_mixed_10,200
26,1,0.525,0.99,0.905,0.935,4.905,4.46,4.625,0.18326112627983093,0.14894312620162964,1.0589354038238525,0.535,0.085,0.465,0.415,10.0,0.8113265306122449,0.4445688676793709,-0.013367346938775511,0.44562670207131305,0.05,0.814438775510204,0.46956277425267806,-0.010255102040816326,0.47252525445073845,0.05,1.55,1.855,scratch,random_low_mixed_10,200
27,1,0.525,0.99,0.94,0.925,4.36,4.46,4.54,0.12179334461688995,0.15002363920211792,1.0257470607757568,0.535,0.05,0.465,0.435,10.0,0.7928061224489796,0.3931872090771154,-0.03188775510204082,0.40751770940682036,0.05,0.7994897959183673,0.4234325170368654,-0.025204081632653065,0.42936339052394035,0.05,1.375,2.03,scratch,random_low_mixed_10,200
28,1,0.555,0.99,0.925,0.93,4.195,4.46,4.53,0.15198469161987305,0.15786415338516235,1.0488765239715576,0.565,0.065,0.435,0.385,10.0,0.807091836734694,0.4230819136275094,-0.017602040816326534,0.4311452947332873,0.05,0.8083163265306124,0.4321470451839609,-0.01637755102040817,0.44188726123422384,0.05,1.59,1.71,scratch,random_low_mixed_10,200
29,1,0.55,0.99,0.93,0.915,4.18,4.46,4.485,0.16229411959648132,0.2017480880022049,1.0471405982971191,0.56,0.065,0.44,0.395,10.0,0.8088775510204083,0.4280652889378598,-0.015816326530612247,0.4399737329315394,0.05,0.8117346938775509,0.43814124125654913,-0.012959183673469392,0.4463469340279698,0.05,1.57,1.85,scratch,random_low_mixed_10,200
30,1,0.6,0.99,0.925,0.92,4.51,4.46,4.565,0.14404404163360596,0.17212703824043274,0.9924299716949463,0.61,0.065,0.39,0.355,10.0,0.7966326530612244,0.36589648169564665,-0.028061224489795925,0.3865922957693692,0.05,0.800969387755102,0.3993988282925717,-0.023724489795918367,0.4116832699533552,0.05,1.54,1.965,scratch,random_low_mixed_10,200
31,1,0.56,0.99,0.945,0.93,4.43,4.46,4.505,0.09371891617774963,0.11308303475379944,1.063414216041565,0.565,0.045,0.43,0.405,10.0,0.8018877551020408,0.4162438383591442,-0.022806122448979595,0.4185964389309811,0.05,0.8054591836734695,0.43217023680375005,-0.019234693877551022,0.4342920933989808,0.05,1.515,1.865,scratch,random_low_mixed_10,200
32,1,0.565,0.99,0.925,0.92,4.61,4.46,4.63,0.12897691130638123,0.1453942358493805,1.0283846855163574,0.57,0.065,0.425,0.385,10.0,0.8034693877551021,0.3991776218354557,-0.02122448979591837,0.41376574790338055,0.05,0.8072959183673469,0.4189036246170215,-0.017397959183673473,0.42837097868323326,0.05,1.545,1.92,scratch,random_low_mixed_10,200
33,1,0.575,0.99,0.95,0.95,4.72,4.46,4.485,0.13004371523857117,0.12500566244125366,1.0391165018081665,0.58,0.04,0.415,0.395,10.0,0.7996938775510205,0.3995938605663762,-0.025,0.41391660340828823,0.05,0.8045918367346939,0.4225865063505044,-0.020102040816326536,0.4347045679576695,0.05,1.505,1.985,scratch,random_low_mixed_10,200
34,1,0.565,0.99,0.93,0.93,4.585,4.46,4.52,0.16565102338790894,0.15206418931484222,1.073307752609253,0.575,0.06,0.425,0.38,10.0,0.7989285714285714,0.4037172088839872,-0.025765306122448983,0.41612205473938957,0.05,0.8041326530612244,0.4332925717619888,-0.02056122448979592,0.4435894147027284,0.05,1.525,2.035,scratch,random_low_mixed_10,200
35,1,0.585,0.99,0.935,0.92,4.385,4.46,4.41,0.1588142365217209,0.16005997359752655,1.0556666851043701,0.59,0.055,0.405,0.37,10.0,0.7996428571428571,0.3986588233575159,-0.025051020408163264,0.4095821190997958,0.05,0.8032142857142857,0.4093868059462405,-0.021479591836734698,0.4257482962869108,0.05,1.53,1.88,scratch,random_low_mixed_10,200
36,1,0.58,0.99,0.915,0.91,4.57,4.46,4.555,0.1986861675977707,0.20901130139827728,1.0308173894882202,0.585,0.075,0.41,0.365,10.0,0.8109183673469389,0.4378485405504672,-0.01377551020408164,0.4420631725993007,0.05,0.8162244897959183,0.4651515906921838,-0.008469387755102043,0.46097216034308075,0.05,1.565,2.085,scratch,random_low_mixed_10,200
37,1,0.56,0.99,0.93,0.94,3.81,4.46,4.48,0.12762492895126343,0.13715116679668427,1.1115477085113525,0.57,0.06,0.43,0.395,10.0,0.8088265306122449,0.44472547284438435,-0.015867346938775513,0.4439053095411509,0.05,0.8122448979591838,0.45178209497514066,-0.012448979591836738,0.44771316900849345,0.05,1.655,1.99,scratch,random_low_mixed_10,200
38,1,0.565,0.99,0.955,0.93,3.855,4.46,4.495,0.07881651073694229,0.15538330376148224,1.1475909948349,0.575,0.035,0.425,0.4,10.0,0.8081632653061225,0.41611337367189066,-0.016530612244897967,0.430349689333234,0.05,0.8108163265306123,0.43373614319169845,-0.013877551020408168,0.44129663994070145,0.05,1.745,2.005,scratch,random_low_mixed_10,200
39,1,0.55,0.99,0.905,0.92,4.365,4.46,4.65,0.203257754445076,0.1770070642232895,1.099697470664978,0.56,0.085,0.44,0.395,10.0,0.8043877551020409,0.4169596463419761,-0.020306122448979592,0.42881764963298336,0.05,0.8068877551020408,0.440737105715614,-0.017806122448979597,0.4521094048389932,0.05,1.605,1.85,scratch,random_low_mixed_10,200
40,1,0.555,0.99,0.935,0.93,4.39,4.46,4.445,0.13136343657970428,0.14632710814476013,1.1932636499404907,0.56,0.055,0.435,0.4,10.0,0.8042857142857143,0.4113277104423684,-0.020408163265306128,0.4209063656000944,0.05,0.8087244897959184,0.4431178407202126,-0.015969387755102045,0.4456667950376868,0.05,1.55,1.985,scratch,random_low_mixed_10,200
41,1,0.575,0.99,0.91,0.905,4.15,4.46,4.545,0.16529323160648346,0.20305317640304565,1.1821633577346802,0.585,0.08,0.415,0.365,10.0,0.8024489795918367,0.41692210342154157,-0.022244897959183673,0.42189379744697364,0.05,0.8066836734693879,0.440295613437262,-0.018010204081632654,0.4420022368244827,0.05,1.535,1.95,scratch,random_low_mixed_10,200
42,1,0.555,0.99,0.93,0.91,4.02,4.46,4.66,0.13530755043029785,0.17141443490982056,1.1234382390975952,0.565,0.06,0.435,0.405,10.0,0.8014285714285714,0.413307048192484,-0.023265306122448984,0.42611095289015793,0.05,0.8062755102040816,0.4349144508001323,-0.01841836734693878,0.4427653871662915,0.05,1.56,2.035,scratch,random_low_mixed_10,200
43,1,0.58,0.99,0.945,0.935,4.43,4.46,4.57,0.11213729530572891,0.13607142865657806,1.1524319648742676,0.59,0.045,0.41,0.38,10.0,0.7985204081632653,0.41299077320431876,-0.0261734693877551,0.42277817345689983,0.05,0.8032653061224491,0.44057813770541737,-0.021428571428571432,0.44369819819927214,0.05,1.53,1.995,scratch,random_low_mixed_10,200
44,1,0.535,0.99,0.925,0.93,4.425,4.46,4.47,0.17408990859985352,0.15801510214805603,1.2170095443725586,0.545,0.065,0.455,0.405,10.0,0.7957653061224491,0.38563005464316435,-0.028928571428571432,0.40615181042579934,0.05,0.8008163265306123,0.42250432053382053,-0.02387755102040817,0.4315293152630329,0.05,1.455,1.95,scratch,random_low_mixed_10,200
45,1,0.565,0.99,0.93,0.905,4.57,4.46,4.49,0.10789066553115845,0.142612025141716,1.1940292119979858,0.575,0.06,0.425,0.38,10.0,0.8010714285714287,0.40374090802618434,-0.02362244897959184,0.42276351566426457,0.05,0.805612244897959,0.4299894494747157,-0.019081632653061228,0.43793640261515976,0.05,1.57,2.015,scratch,random_low_mixed_10,200
46,1,0.545,0.99,0.945,0.94,4.535,4.46,4.53,0.07977775484323502,0.12249429523944855,1.266575813293457,0.555,0.045,0.445,0.415,10.0,0.8055612244897958,0.3994626647292376,-0.019132653061224497,0.41298734047755714,0.05,0.8077551020408162,0.4146295660090015,-0.016938775510204087,0.4266832449100912,0.05,1.62,1.835,scratch,random_low_mixed_10,200
47,1,0.575,0.99,0.94,0.95,4.3,4.46,4.47,0.12361343204975128,0.1129770502448082,1.1878547668457031,0.58,0.05,0.415,0.385,10.0,0.8047448979591837,0.41388188541910603,-0.019948979591836738,0.42206021719583076,0.05,0.8083163265306123,0.43913900192034044,-0.016377551020408165,0.44057368017733095,0.05,1.56,1.91,scratch,random_low_mixed_10,200
48,1,0.545,0.99,0.955,0.94,4.41,4.46,4.53,0.08649773895740509,0.11038211733102798,1.2067457437515259,0.555,0.035,0.445,0.425,10.0,0.8062755102040816,0.4020230226351441,-0.01841836734693878,0.4119647084642202,0.05,0.8100510204081632,0.4285466456673519,-0.014642857142857147,0.43507391565013676,0.05,1.555,1.925,scratch,random_low_mixed_10,200
49,1,0.58,0.99,0.955,0.95,4.58,4.46,4.53,0.06418827176094055,0.07219906151294708,1.1666529178619385,0.59,0.035,0.41,0.39,10.0,0.7999489795918368,0.38948581467924986,-0.02474489795918368,0.3992600916630181,0.05,0.8045408163265306,0.41950017277972546,-0.020153061224489798,0.4225432301685214,0.05,1.49,1.94,scratch,random_low_mixed_10,200
50,1,0.575,0.99,0.945,0.945,4.29,4.46,4.57,0.0972137451171875,0.12128431349992752,1.2217531204223633,0.585,0.045,0.415,0.38,10.0,0.8004081632653062,0.3866357233404243,-0.02428571428571429,0.3955053467932157,0.05,0.8039795918367347,0.41506337221348116,-0.020714285714285716,0.42148800091817973,0.05,1.54,1.89,scratch,random_low_mixed_10,200
51,1,0.545,0.99,0.955,0.955,4.375,4.46,4.555,0.08862453699111938,0.09074606746435165,1.2901968955993652,0.555,0.035,0.445,0.42,10.0,0.7991326530612244,0.38337542659377966,-0.025561224489795923,0.3906166534125805,0.05,0.8030612244897958,0.3943906644783956,-0.021632653061224492,0.4092968421988189,0.05,1.32,1.705,scratch,random_low_mixed_10,200
52,1,0.575,0.99,0.925,0.925,4.385,4.46,4.535,0.15085195004940033,0.15754160284996033,1.250232219696045,0.58,0.065,0.415,0.38,10.0,0.8065306122448979,0.4049425112043403,-0.018163265306122455,0.41431511057540776,0.05,0.8092857142857142,0.4170369109447499,-0.015408163265306127,0.42757360643707215,0.05,1.46,1.73,scratch,random_low_mixed_10,200
53,1,0.58,0.99,0.96,0.96,4.43,4.46,4.46,0.06895773857831955,0.08189868927001953,1.1695199012756348,0.59,0.03,0.41,0.4,10.0,0.8036224489795919,0.4175205706603751,-0.021071428571428578,0.413748769108206,0.05,0.8052551020408163,0.4066377583706194,-0.01943877551020409,0.412530023008585,0.05,1.55,1.71,scratch,random_low_mixed_10,200
54,1,0.555,0.99,0.935,0.935,4.645,4.46,4.505,0.10406123846769333,0.1279752403497696,1.2650821208953857,0.565,0.055,0.435,0.405,10.0,0.792908163265306,0.3701189578854043,-0.031785714285714285,0.38402167247608304,0.05,0.797704081632653,0.3855783512091676,-0.026989795918367348,0.40060457287356255,0.05,1.355,1.825,scratch,random_low_mixed_10,200
55,1,0.545,0.99,0.92,0.94,4.09,4.46,4.56,0.13570378720760345,0.11044345796108246,1.2882320880889893,0.555,0.07,0.445,0.385,10.0,0.8083163265306123,0.4143812061227101,-0.01637755102040817,0.42311193706962513,0.05,0.8086734693877551,0.42596370053550636,-0.01602040816326531,0.43125237739644945,0.05,1.555,1.59,scratch,random_low_mixed_10,200
56,1,0.565,0.99,0.94,0.94,4.425,4.46,4.55,0.10343612730503082,0.12726853787899017,1.2522823810577393,0.565,0.05,0.425,0.395,10.0,0.7976020408163265,0.3895722437896423,-0.027091836734693883,0.3885133020114154,0.05,0.8002551020408164,0.3995074324101255,-0.024438775510204083,0.3973370087472722,0.05,1.415,1.675,scratch,random_low_mixed_10,200
57,1,0.575,0.99,0.95,0.945,4.415,4.46,4.42,0.09208736568689346,0.12457768619060516,1.2409087419509888,0.58,0.04,0.415,0.38,10.0,0.7990306122448979,0.37164514852643166,-0.025663265306122455,0.37995535153197124,0.05,0.8037244897959184,0.3926486807873333,-0.020969387755102042,0.4022375964547973,0.05,1.425,1.885,scratch,random_low_mixed_10,200
58,1,0.555,0.99,0.925,0.94,4.395,4.46,4.52,0.11312387138605118,0.13734975457191467,1.300087571144104,0.56,0.065,0.435,0.405,10.0,0.8025,0.4102245100276301,-0.02219387755102041,0.4174744204245508,0.05,0.8066836734693879,0.4294016441782904,-0.018010204081632657,0.43354058964177966,0.05,1.365,1.775,scratch,random_low_mixed_10,200
59,1,0.56,0.99,0.95,0.93,4.38,4.46,4.54,0.0755963921546936,0.09326648712158203,1.3202282190322876,0.565,0.04,0.43,0.405,10.0,0.7960204081632654,0.3759333108971032,-0.028673469387755102,0.381319036683999,0.05,0.8001020408163265,0.39053793886274335,-0.02459183673469388,0.3991302699083462,0.05,1.53,1.93,scratch,random_low_mixed_10,200
60,1,0.56,0.99,0.94,0.925,4.12,4.46,4.51,0.15132202208042145,0.1329740583896637,1.3335316181182861,0.565,0.05,0.43,0.395,10.0,0.8046428571428572,0.4217821139705451,-0.02005102040816327,0.4191068866662681,0.05,0.8069897959183673,0.42457779881710805,-0.01770408163265307,0.4259885339252651,0.05,1.42,1.65,scratch,random_low_mixed_10,200
61,1,0.565,0.99,0.94,0.935,4.425,4.46,4.465,0.12597781419754028,0.10239486396312714,1.3072623014450073,0.57,0.05,0.425,0.395,10.0,0.8041326530612244,0.4102089522752342,-0.02056122448979592,0.40740982340896154,0.05,0.8067857142857142,0.412579019314078,-0.017908163265306122,0.41686141441226937,0.05,1.465,1.725,scratch,random_low_mixed_10,200
62,1,0.59,0.99,0.945,0.945,4.67,4.46,4.525,0.07841426134109497,0.09384725242853165,1.2492918968200684,0.595,0.045,0.4,0.37,10.0,0.7994897959183673,0.40506515703186347,-0.025204081632653058,0.40224758463911714,0.05,0.8029081632653061,0.42042834858387124,-0.021785714285714287,0.42039667814970016,0.05,1.41,1.745,scratch,random_low_mixed_10,200
63,1,0.585,0.99,0.925,0.93,4.545,4.46,4.655,0.11726896464824677,0.13264715671539307,1.2908592224121094,0.59,0.065,0.405,0.37,10.0,0.7978571428571429,0.3816109081971707,-0.02683673469387755,0.40194874095293925,0.05,0.8005102040816325,0.38637599789508176,-0.024183673469387764,0.4075786551320925,0.05,1.355,1.615,scratch,random_low_mixed_10,200
64,1,0.585,0.99,0.935,0.925,4.18,4.46,4.54,0.1410629153251648,0.13786274194717407,1.2052794694900513,0.59,0.055,0.405,0.39,10.0,0.8014795918367347,0.4075878179250172,-0.023214285714285715,0.41210045963773156,0.05,0.8043367346938776,0.41468656222986144,-0.020357142857142862,0.42148350371979176,0.05,1.4,1.68,scratch,random_low_mixed_10,200
65,1,0.58,0.99,0.95,0.955,4.6,4.46,4.58,0.07296434044837952,0.08916763961315155,1.2763231992721558,0.585,0.04,0.41,0.4,10.0,0.7991836734693877,0.4024391842141492,-0.025510204081632657,0.40893419740968967,0.05,0.8015816326530611,0.4050702870461605,-0.023112244897959187,0.4238327264133841,0.05,1.515,1.75,scratch,random_low_mixed_10,200
66,1,0.595,0.99,0.94,0.92,4.265,4.46,4.51,0.1015486940741539,0.14720673859119415,1.2138862609863281,0.6,0.05,0.395,0.37,10.0,0.8050510204081632,0.417639784391641,-0.01964285714285714,0.4233134071808308,0.05,0.8076020408163265,0.42172826185250234,-0.01709183673469388,0.4277795753069222,0.05,1.505,1.755,scratch,random_low_mixed_10,200
67,1,0.57,0.99,0.96,0.93,4.23,4.46,4.59,0.09880229830741882,0.11407778412103653,1.264265775680542,0.575,0.03,0.42,0.405,10.0,0.8081632653061225,0.41752746663948354,-0.016530612244897963,0.4303140320746752,0.05,0.8097448979591836,0.4201995182520056,-0.01494897959183674,0.4383182172290981,0.05,1.515,1.67,scratch,random_low_mixed_10,200
68,1,0.555,0.99,0.94,0.935,4.17,4.46,4.575,0.13155387341976166,0.11850342154502869,1.302036166191101,0.56,0.05,0.435,0.41,10.0,0.8095918367346938,0.4197062098230734,-0.015102040816326531,0.4342239054758102,0.05,0.8088775510204081,0.42226402221910536,-0.01581632653061225,0.4371441477444023,0.05,1.63,1.56,scratch,random_low_mixed_10,200
69,1,0.59,0.99,0.95,0.945,4.52,4.46,4.555,0.07842996716499329,0.10158126801252365,1.2524657249450684,0.595,0.04,0.4,0.37,10.0,0.8068877551020407,0.41206998780015125,-0.01780612244897959,0.42184692611233915,0.05,0.8090306122448979,0.42322992603331955,-0.01566326530612245,0.43011477909982204,0.05,1.505,1.715,scratch,random_low_mixed_10,200
70,1,0.565,0.99,0.945,0.92,3.99,4.46,4.575,0.11221883445978165,0.15796929597854614,1.2998168468475342,0.57,0.045,0.425,0.4,10.0,0.8059693877551021,0.4159915461912313,-0.01872448979591837,0.42955737174488606,0.05,0.8085714285714286,0.4309098434045803,-0.016122448979591843,0.4447467640740797,0.05,1.56,1.815,scratch,random_low_mixed_10,200
71,1,0.58,0.99,0.945,0.925,4.12,4.46,4.59,0.0982154831290245,0.1398957222700119,1.1972025632858276,0.585,0.045,0.41,0.38,10.0,0.797295918367347,0.38594253488121316,-0.027397959183673465,0.3971100169258716,0.05,0.799438775510204,0.3894988634424701,-0.02525510204081633,0.4003198398509994,0.05,1.485,1.695,scratch,random_low_mixed_10,200
72,1,0.6,0.99,0.935,0.935,4.21,4.46,4.585,0.10754803568124771,0.14136628806591034,1.2404289245605469,0.605,0.055,0.39,0.365,10.0,0.8027551020408162,0.39773556223418455,-0.021938775510204084,0.4083845075710269,0.05,0.8038775510204081,0.40283933541527805,-0.02081632653061225,0.40964917169418186,0.05,1.56,1.67,scratch,random_low_mixed_10,200
73,1,0.555,0.99,0.955,0.925,4.19,4.46,4.525,0.09501376748085022,0.11933153122663498,1.2421331405639648,0.56,0.035,0.435,0.41,10.0,0.8058163265306123,0.40393631702603605,-0.018877551020408164,0.412700656803936,0.05,0.8064285714285714,0.40949643164201266,-0.018265306122448983,0.4128566604200751,0.05,1.515,1.575,scratch,random_low_mixed_10,200
74,1,0.58,0.99,0.95,0.935,4.425,4.46,4.57,0.07571039348840714,0.1303407847881317,1.2375330924987793,0.59,0.04,0.41,0.39,10.0,0.8008163265306123,0.3929822634594115,-0.02387755102040817,0.4123857986429357,0.05,0.8038775510204081,0.4123661770178834,-0.02081632653061225,0.4237477615568787,0.05,1.465,1.765,scratch,random_low_mixed_10,200
75,1,0.555,0.99,0.935,0.935,4.575,4.46,4.585,0.10379184782505035,0.12089375406503677,1.3355973958969116,0.56,0.055,0.435,0.4,10.0,0.8039795918367346,0.40219883960467623,-0.020714285714285713,0.4120330211451801,0.05,0.8036224489795919,0.40375714216443337,-0.021071428571428578,0.40955589182674884,0.05,1.545,1.51,scratch,random_low_mixed_10,200
76,1,0.585,0.99,0.95,0.94,4.33,4.46,4.525,0.06316880881786346,0.10743537545204163,1.2956620454788208,0.59,0.04,0.405,0.38,10.0,0.8030612244897959,0.3939684949445103,-0.021632653061224492,0.40933006670791655,0.05,0.8047448979591837,0.4093809871309548,-0.019948979591836734,0.41339109200052915,0.05,1.48,1.645,scratch,random_low_mixed_10,200
77,1,0.59,0.99,0.935,0.93,4.69,4.46,4.535,0.12457258999347687,0.14398351311683655,1.2418739795684814,0.595,0.055,0.4,0.365,10.0,0.8044897959183673,0.39288845658866045,-0.02020408163265306,0.41155817933162325,0.05,0.8058673469387755,0.40539502735846866,-0.0188265306122449,0.4160932286735624,0.05,1.44,1.575,scratch,random_low_mixed_10,200
78,1,0.58,0.99,0.94,0.94,4.33,4.46,4.515,0.12017634510993958,0.13798168301582336,1.2438942193984985,0.585,0.05,0.41,0.375,10.0,0.8044897959183673,0.40950633596789915,-0.020204081632653068,0.41497308453472215,0.05,0.8055612244897958,0.41343947505479056,-0.01913265306122449,0.41599945365451274,0.05,1.555,1.66,scratch,random_low_mixed_10,200
79,1,0.59,0.99,0.945,0.94,4.515,4.46,4.505,0.0895754024386406,0.10704145580530167,1.2477195262908936,0.595,0.045,0.4,0.375,10.0,0.8029591836734693,0.3992703742293308,-0.021734693877551024,0.41209871761646355,0.05,0.8026530612244898,0.40766953388380933,-0.02204081632653062,0.41100393994245676,0.05,1.595,1.565,scratch,random_low_mixed_10,200
80,1,0.565,0.99,0.95,0.945,4.51,4.46,4.535,0.0786241739988327,0.10504500567913055,1.2775577306747437,0.57,0.04,0.425,0.4,10.0,0.8051020408163265,0.4037044600620901,-0.019591836734693883,0.41556400862056764,0.05,0.8065816326530612,0.4095966875611929,-0.018112244897959193,0.4163108914406621,0.05,1.505,1.65,scratch,random_low_mixed_10,200
81,1,0.59,0.99,0.955,0.945,4.27,4.46,4.56,0.07976973801851273,0.0980444923043251,1.2375236749649048,0.595,0.035,0.4,0.375,10.0,0.8040306122448979,0.399998735983527,-0.02066326530612245,0.40936158150900154,0.05,0.805561224489796,0.4142580835817188,-0.019132653061224497,0.41869512148201465,0.05,1.545,1.695,scratch,random_low_mixed_10,200
82,1,0.575,0.99,0.96,0.96,4.32,4.46,4.58,0.046832479536533356,0.0786140188574791,1.2680480480194092,0.58,0.03,0.415,0.395,10.0,0.8058673469387756,0.4058024582596358,-0.0188265306122449,0.4159361846536922,0.05,0.8073979591836733,0.4279965928191,-0.01729591836734694,0.424282677732408,0.05,1.515,1.665,scratch,random_low_mixed_10,200
83,1,0.585,0.99,0.965,0.93,4.35,4.46,4.51,0.06329210102558136,0.08989626169204712,1.2383723258972168,0.59,0.025,0.405,0.39,10.0,0.8055612244897958,0.41588775937584366,-0.01913265306122449,0.4220517467126774,0.05,0.8062755102040816,0.4130964856156232,-0.018418367346938778,0.42240951033774765,0.05,1.58,1.65,scratch,random_low_mixed_10,200
84,1,0.6,0.99,0.965,0.95,4.21,4.46,4.53,0.06651710718870163,0.08624151349067688,1.2124191522598267,0.605,0.025,0.39,0.375,10.0,0.8042857142857143,0.40438734696580164,-0.020408163265306124,0.41487341857296994,0.05,0.8062755102040816,0.4111040221806642,-0.01841836734693878,0.4155817592330277,0.05,1.51,1.705,scratch,random_low_mixed_10,200
85,1,0.595,0.99,0.965,0.94,4.385,4.46,4.5,0.053267717361450195,0.10814276337623596,1.2309247255325317,0.6,0.025,0.395,0.385,10.0,0.8042346938775511,0.3997133851279737,-0.020459183673469387,0.4112358443324047,0.05,0.8042857142857143,0.4005413210931368,-0.020408163265306128,0.4123672664584592,0.05,1.52,1.525,scratch,random_low_mixed_10,200
86,1,0.58,0.99,0.96,0.945,4.27,4.46,4.48,0.07426781207323074,0.09600687772035599,1.2586708068847656,0.585,0.03,0.41,0.39,10.0,0.8048979591836735,0.4011583682682132,-0.01979591836734694,0.4118350920804369,0.05,0.8068367346938774,0.4121560937357735,-0.01785714285714286,0.4184041910292581,0.05,1.475,1.665,scratch,random_low_mixed_10,200
87,1,0.57,0.99,0.945,0.94,4.3,4.46,4.525,0.06791478395462036,0.08844173699617386,1.249719262123108,0.575,0.045,0.42,0.4,10.0,0.803265306122449,0.39227532106651586,-0.021428571428571432,0.4035198133137601,0.05,0.8035204081632653,0.3967348527744397,-0.021173469387755103,0.40746338323224335,0.05,1.54,1.565,scratch,random_low_mixed_10,200
88,1,0.585,0.99,0.96,0.93,4.32,4.46,4.545,0.08084437251091003,0.1034938246011734,1.259825348854065,0.59,0.03,0.405,0.385,10.0,0.8020408163265307,0.3936027743014048,-0.022653061224489797,0.4030073263101804,0.05,0.8032653061224491,0.39930499304289196,-0.021428571428571432,0.4082988069904968,0.05,1.48,1.6,scratch,random_low_mixed_10,200
89,1,0.6,0.99,0.945,0.94,4.565,4.46,4.575,0.09635564684867859,0.10366691648960114,1.2435930967330933,0.605,0.045,0.39,0.375,10.0,0.8031122448979591,0.39751369210768484,-0.02158163265306123,0.4066678628862428,0.05,0.8034183673469387,0.40879948624900814,-0.02127551020408163,0.4187812843034044,0.05,1.445,1.475,scratch,random_low_mixed_10,200
90,1,0.575,0.99,0.955,0.935,4.22,4.46,4.515,0.06878424435853958,0.09938056021928787,1.2433878183364868,0.58,0.035,0.415,0.395,10.0,0.8028571428571428,0.40098624074985406,-0.02183673469387755,0.40845353251104827,0.05,0.8033673469387757,0.40450882462199944,-0.021326530612244897,0.41404028513934465,0.05,1.56,1.61,scratch,random_low_mixed_10,200
91,1,0.555,0.99,0.95,0.925,4.37,4.46,4.515,0.05763627588748932,0.10188464820384979,1.2707066535949707,0.56,0.04,0.435,0.41,10.0,0.8031122448979591,0.4045610298609341,-0.021581632653061223,0.4106517526671814,0.05,0.8048979591836735,0.4202704788629808,-0.01979591836734694,0.4186993230367079,0.05,1.49,1.665,scratch,random_low_mixed_10,200
92,1,0.575,0.99,0.96,0.935,4.4,4.46,4.57,0.06328322738409042,0.10387758165597916,1.251449465751648,0.58,0.03,0.415,0.405,10.0,0.8030612244897959,0.4021349940202489,-0.021632653061224492,0.41038382827086023,0.05,0.8021938775510203,0.4062191166627008,-0.02250000000000001,0.40821093596052377,0.05,1.595,1.51,scratch,random_low_mixed_10,200
93,1,0.58,0.99,0.96,0.925,4.34,4.46,4.515,0.05537869408726692,0.10235394537448883,1.2423254251480103,0.585,0.03,0.41,0.39,10.0,0.8021428571428573,0.39924187345562007,-0.022551020408163272,0.40739477551323944,0.05,0.8026530612244898,0.4019840270743033,-0.022040816326530613,0.4088702101074159,0.05,1.505,1.555,scratch,random_low_mixed_10,200
94,1,0.575,0.99,0.955,0.93,4.455,4.46,4.545,0.09100794047117233,0.0975896418094635,1.251344919204712,0.58,0.035,0.415,0.39,10.0,0.8024489795918367,0.39448450926765755,-0.022244897959183677,0.4056557777595299,0.05,0.8039285714285714,0.40384919591025387,-0.020765306122448982,0.4115145705640316,0.05,1.5,1.645,scratch,random_low_mixed_10,200
95,1,0.565,0.99,0.955,0.93,4.43,4.46,4.515,0.06922120600938797,0.09735244512557983,1.2566872835159302,0.57,0.035,0.425,0.405,10.0,0.8020408163265306,0.39464512384611156,-0.022653061224489797,0.40559986866792314,0.05,0.8036734693877551,0.4029328665943359,-0.021020408163265305,0.4084511219523847,0.05,1.445,1.605,scratch,random_low_mixed_10,200
96,1,0.57,0.99,0.95,0.93,4.425,4.46,4.525,0.06989631056785583,0.09563995152711868,1.2586053609848022,0.575,0.04,0.42,0.4,10.0,0.8023979591836735,0.39506008398031034,-0.022295918367346942,0.40623806632836934,0.05,0.8027551020408162,0.4035070914372418,-0.02193877551020408,0.40907383761368693,0.05,1.495,1.53,scratch,random_low_mixed_10,200
97,1,0.575,0.99,0.955,0.93,4.375,4.46,4.495,0.05848843604326248,0.09484148025512695,1.2575806379318237,0.58,0.035,0.415,0.395,10.0,0.8021938775510203,0.39390811732200215,-0.022500000000000006,0.40564319759389034,0.05,0.8027551020408165,0.39944902216727096,-0.021938775510204084,0.40839079034980386,0.05,1.51,1.565,scratch,random_low_mixed_10,200
98,1,0.57,0.99,0.955,0.92,4.445,4.46,4.56,0.06995238363742828,0.10504841059446335,1.2541775703430176,0.575,0.035,0.42,0.405,10.0,0.8022448979591837,0.39399131586484837,-0.022448979591836737,0.40544215851245097,0.05,0.8020918367346939,0.40385828505337124,-0.022602040816326534,0.40808232842478903,0.05,1.54,1.525,scratch,random_low_mixed_10,200
99,1,0.57,0.99,0.96,0.93,4.46,4.46,4.545,0.07051172852516174,0.09597274661064148,1.2590101957321167,0.575,0.03,0.42,0.405,10.0,0.8021938775510205,0.3935227109009841,-0.022500000000000006,0.40518081159112623,0.05,0.8024489795918367,0.4031886176654147,-0.022244897959183677,0.4090399373136461,0.05,1.54,1.565,scratch,random_low_mixed_10,200
100,1,0.57,0.99,0.955,0.93,4.46,4.46,4.55,0.07759616523981094,0.09701184928417206,1.259697675704956,0.575,0.035,0.42,0.4,10.0,0.8020408163265306,0.3934894316672539,-0.022653061224489797,0.4051059925627487,0.05,0.8023469387755102,0.3994404920717807,-0.022346938775510205,0.40737359939143064,0.05,1.525,1.555,scratch,random_low_mixed_10,200
0,1,0.115,0.99,0.93,0.92,4.35,4.46,4.46,0.14620257914066315,0.1444326788187027,1.8374775648117065,0.105,0.06,0.885,0.835,10.0,0.8110714285714287,0.4192008084694095,-0.013622448979591839,0.4293116920767352,0.05,0.8135204081632653,0.42994755365076703,-0.011173469387755106,0.4389433039538562,0.05,1.56,1.8,scratch,random_rescue_to_low_70,200
1,1,0.26,0.99,0.93,0.93,4.045,4.46,4.4,0.11175819486379623,0.14801697432994843,1.5280460119247437,0.265,0.06,0.73,0.675,10.0,0.7898979591836734,0.3686441251214337,-0.03479591836734695,0.37948160106505385,0.05,0.7960204081632654,0.39541872493479585,-0.028673469387755102,0.4032232157909311,0.05,1.45,2.05,scratch,random_rescue_to_low_70,200
2,1,0.345,0.99,0.885,0.86,4.345,4.46,4.585,0.2501186430454254,0.3109791874885559,1.4127758741378784,0.345,0.105,0.65,0.58,10.0,0.8009693877551021,0.42604330139056074,-0.023724489795918367,0.42372780083096584,0.05,0.8047959183673469,0.44374026880079526,-0.019897959183673476,0.44040776243666185,0.05,1.51,1.885,scratch,random_rescue_to_low_70,200
3,1,0.365,0.99,0.93,0.885,4.245,4.46,4.63,0.15754413604736328,0.25754985213279724,1.4000656604766846,0.37,0.06,0.625,0.58,10.0,0.7918877551020407,0.40965951818674756,-0.0328061224489796,0.42161455516616114,0.05,0.7988265306122448,0.43483517847972497,-0.02586734693877551,0.43176017787773163,0.05,1.435,2.115,scratch,random_rescue_to_low_70,200
4,1,0.32,0.99,0.9,0.87,3.605,4.46,4.54,0.19268126785755157,0.32121163606643677,1.405840277671814,0.325,0.09,0.67,0.595,10.0,0.8109183673469386,0.4774099699353901,-0.013775510204081636,0.47982220196165143,0.05,0.8125510204081634,0.4823746234587101,-0.01214285714285714,0.4848564114794135,0.05,1.595,1.755,scratch,random_rescue_to_low_70,200
5,1,0.365,0.99,0.92,0.905,4.75,4.46,4.6,0.09442911297082901,0.17652374505996704,1.395085096359253,0.37,0.07,0.625,0.59,10.0,0.8151530612244899,0.45656258013808004,-0.009540816326530614,0.4683250119513832,0.05,0.8165816326530612,0.4645401239742003,-0.008112244897959184,0.4785503855161369,0.05,1.705,1.845,scratch,random_rescue_to_low_70,200
6,1,0.38,0.99,0.935,0.91,4.005,4.46,4.485,0.13653163611888885,0.21215888857841492,1.3196496963500977,0.39,0.055,0.61,0.56,10.0,0.8096428571428572,0.4391631904680289,-0.015051020408163267,0.45981508916709574,0.05,0.8142857142857143,0.4620801984618709,-0.010408163265306122,0.4734564793296158,0.05,1.535,1.99,scratch,random_rescue_to_low_70,200
7,1,0.415,0.99,0.925,0.92,4.925,4.46,4.535,0.12209068238735199,0.18050342798233032,1.2302649021148682,0.425,0.065,0.575,0.53,10.0,0.8038775510204081,0.4301939903753349,-0.020816326530612245,0.4396719553973526,0.05,0.8093367346938776,0.45997878674708137,-0.015357142857142861,0.46065202839672564,0.05,1.46,1.995,scratch,random_rescue_to_low_70,200
8,1,0.435,0.99,0.93,0.93,4.025,4.46,4.57,0.1506136804819107,0.1569603830575943,1.1944166421890259,0.445,0.06,0.555,0.52,10.0,0.8142857142857142,0.4360769469865201,-0.010408163265306128,0.4489150106161833,0.05,0.8153571428571429,0.4484528159739965,-0.009336734693877555,0.4583587662037462,0.05,1.645,1.75,scratch,random_rescue_to_low_70,200
9,1,0.495,0.99,0.935,0.935,4.39,4.46,4.53,0.08111201971769333,0.13473162055015564,1.0831867456436157,0.505,0.055,0.495,0.45,10.0,0.8059183673469389,0.4152067105611816,-0.01877551020408164,0.41961849211715163,0.05,0.8089285714285714,0.42904255818304954,-0.015765306122448988,0.43886702998541294,0.05,1.57,1.865,scratch,random_rescue_to_low_70,200
10,1,0.475,0.99,0.92,0.9,3.8,4.46,4.56,0.15534716844558716,0.19720542430877686,1.1575313806533813,0.48,0.07,0.515,0.465,10.0,0.8195408163265308,0.48102244355132756,-0.005153061224489798,0.4734432998858392,0.05,0.8192857142857143,0.48599164158156744,-0.005408163265306129,0.4704780567716807,0.05,1.77,1.745,scratch,random_rescue_to_low_70,200
11,1,0.48,0.99,0.94,0.9,3.89,4.46,4.51,0.13369129598140717,0.22873659431934357,1.0306845903396606,0.49,0.05,0.51,0.475,10.0,0.8042346938775509,0.41672201731710323,-0.020459183673469394,0.4368525562761352,0.05,0.8087755102040817,0.43559468759039127,-0.01591836734693878,0.4483434095326811,0.05,1.48,1.925,scratch,random_rescue_to_low_70,200
12,1,0.5,0.99,0.955,0.915,4.555,4.46,4.545,0.09483036398887634,0.18419212102890015,1.0177792310714722,0.5,0.035,0.495,0.48,10.0,0.8094897959183673,0.4414722267728543,-0.015204081632653063,0.43954084121622145,0.05,0.812091836734694,0.44908029837369945,-0.012602040816326529,0.4524421465024352,0.05,1.615,1.87,scratch,random_rescue_to_low_70,200
13,1,0.505,0.99,0.94,0.925,4.665,4.46,4.545,0.08042257279157639,0.12810224294662476,1.0470495223999023,0.51,0.05,0.485,0.455,10.0,0.8093367346938776,0.42524118717525233,-0.015357142857142861,0.43099497542963944,0.05,0.8122448979591838,0.44187232166900453,-0.012448979591836738,0.44691634401679037,0.05,1.615,1.9,scratch,random_rescue_to_low_70,200
14,1,0.53,0.99,0.925,0.935,3.775,4.46,4.52,0.16911716759204865,0.147679403424263,1.0763119459152222,0.54,0.07,0.46,0.405,10.0,0.8114795918367347,0.4218466993906637,-0.013214285714285718,0.4241551237029489,0.05,0.8155102040816326,0.4434052898099506,-0.009183673469387761,0.44943319980055096,0.05,1.58,1.975,scratch,random_rescue_to_low_70,200
15,1,0.535,0.99,0.925,0.93,4.215,4.46,4.55,0.12080910056829453,0.13414113223552704,1.0000660419464111,0.54,0.065,0.455,0.41,10.0,0.8029591836734693,0.42286371816881546,-0.02173469387755102,0.43329592094480174,0.05,0.8048979591836734,0.431527697169712,-0.01979591836734695,0.44076161039061845,0.05,1.6,1.79,scratch,random_rescue_to_low_70,200
16,1,0.56,0.99,0.945,0.945,4.035,4.46,4.52,0.1125500276684761,0.12653663754463196,0.9726685881614685,0.57,0.045,0.43,0.4,10.0,0.7926530612244898,0.3880574230447069,-0.03204081632653062,0.3980132704038988,0.05,0.7983673469387756,0.40903984116338266,-0.02632653061224491,0.4125574447400868,0.05,1.505,2.065,scratch,random_rescue_to_low_70,200
17,1,0.52,0.99,0.935,0.905,5.1,4.46,4.555,0.15292949974536896,0.21728508174419403,1.0470373630523682,0.53,0.055,0.47,0.43,10.0,0.8011734693877551,0.41197217413145437,-0.02352040816326531,0.4273924222262576,0.05,0.8058163265306122,0.433960310206399,-0.018877551020408164,0.4461630365811288,0.05,1.53,1.985,scratch,random_rescue_to_low_70,200
18,1,0.58,0.99,0.93,0.945,4.375,4.46,4.435,0.14497588574886322,0.11253990232944489,0.9526181221008301,0.59,0.06,0.41,0.375,10.0,0.7928061224489795,0.38538148765375874,-0.03188775510204081,0.3958507072739303,0.05,0.7977551020408162,0.41321668431508946,-0.026938775510204085,0.42228363766334953,0.05,1.52,2.005,scratch,random_rescue_to_low_70,200
19,1,0.545,0.99,0.96,0.945,4.085,4.46,4.455,0.0956607460975647,0.09467893838882446,0.9531152844429016,0.555,0.03,0.445,0.43,10.0,0.8004081632653062,0.3836498611236903,-0.02428571428571429,0.4041204445855692,0.05,0.8060204081632654,0.42822571224685835,-0.01867346938775511,0.432557939728722,0.05,1.55,2.1,scratch,random_rescue_to_low_70,200
20,1,0.53,0.99,0.96,0.935,4.195,4.46,4.495,0.08941201865673065,0.10646555572748184,0.9836676120758057,0.54,0.03,0.46,0.44,10.0,0.8062755102040816,0.41561917049767744,-0.01841836734693878,0.426683690630889,0.05,0.8095408163265307,0.4363137396719967,-0.015153061224489799,0.43721347415819767,0.05,1.605,1.925,scratch,random_rescue_to_low_70,200
21,1,0.54,0.99,0.91,0.91,4.37,4.46,4.405,0.22628162801265717,0.19195078313350677,1.0309476852416992,0.55,0.08,0.45,0.4,10.0,0.8162244897959183,0.4347546684155882,-0.008469387755102045,0.4500607941451017,0.05,0.8165816326530612,0.4471550403885963,-0.008112244897959189,0.4583257263712585,0.05,1.71,1.745,scratch,random_rescue_to_low_70,200
22,1,0.585,0.99,0.93,0.92,5.12,4.46,4.545,0.10815185308456421,0.13367097079753876,0.9856277704238892,0.585,0.065,0.41,0.365,10.0,0.7971428571428573,0.3932273147008327,-0.027551020408163273,0.401951155129791,0.05,0.8036224489795919,0.42852164559428835,-0.021071428571428578,0.4306813615560532,0.05,1.42,2.055,scratch,random_rescue_to_low_70,200
23,1,0.545,0.99,0.93,0.925,4.38,4.46,4.555,0.13322190940380096,0.14310137927532196,1.0497549772262573,0.555,0.06,0.445,0.41,10.0,0.8072448979591837,0.4230443974909421,-0.017448979591836736,0.4207855343399569,0.05,0.8109183673469389,0.44153234558614407,-0.013775510204081636,0.4324235742725432,0.05,1.505,1.865,scratch,random_rescue_to_low_70,200
24,1,0.565,0.99,0.925,0.93,4.635,4.46,4.62,0.10929197072982788,0.12475388497114182,0.977631688117981,0.57,0.065,0.425,0.385,10.0,0.7947448979591837,0.3945266208803644,-0.029948979591836736,0.4087413556384854,0.05,0.8022448979591836,0.42090771973046665,-0.022448979591836737,0.42808624713681637,0.05,1.38,2.115,scratch,random_rescue_to_low_70,200
25,1,0.555,0.99,0.94,0.925,3.875,4.46,4.55,0.16527031362056732,0.18645165860652924,0.9968187212944031,0.565,0.05,0.435,0.395,10.0,0.8145408163265305,0.44203615096674387,-0.0101530612244898,0.4542766622081399,0.05,0.816734693877551,0.4625143864209471,-0.007959183673469393,0.4675338102690876,0.05,1.565,1.78,scratch,random_rescue_to_low_70,200
26,1,0.525,0.99,0.905,0.935,4.905,4.46,4.625,0.18326112627983093,0.14894312620162964,1.0589354038238525,0.535,0.085,0.465,0.415,10.0,0.8113265306122449,0.4445688676793709,-0.013367346938775511,0.44562670207131305,0.05,0.814438775510204,0.46956277425267806,-0.010255102040816326,0.47252525445073845,0.05,1.55,1.855,scratch,random_rescue_to_low_70,200
27,1,0.525,0.99,0.94,0.925,4.36,4.46,4.54,0.12179334461688995,0.15002363920211792,1.0257470607757568,0.535,0.05,0.465,0.435,10.0,0.7928061224489796,0.3931872090771154,-0.03188775510204082,0.40751770940682036,0.05,0.7994897959183673,0.4234325170368654,-0.025204081632653065,0.42936339052394035,0.05,1.375,2.03,scratch,random_rescue_to_low_70,200
28,1,0.555,0.99,0.925,0.93,4.195,4.46,4.53,0.15198469161987305,0.15786415338516235,1.0488765239715576,0.565,0.065,0.435,0.385,10.0,0.807091836734694,0.4230819136275094,-0.017602040816326534,0.4311452947332873,0.05,0.8083163265306124,0.4321470451839609,-0.01637755102040817,0.44188726123422384,0.05,1.59,1.71,scratch,random_rescue_to_low_70,200
29,1,0.55,0.99,0.93,0.915,4.18,4.46,4.485,0.16229411959648132,0.2017480880022049,1.0471405982971191,0.56,0.065,0.44,0.395,10.0,0.8088775510204083,0.4280652889378598,-0.015816326530612247,0.4399737329315394,0.05,0.8117346938775509,0.43814124125654913,-0.012959183673469392,0.4463469340279698,0.05,1.57,1.85,scratch,random_rescue_to_low_70,200
30,1,0.6,0.99,0.925,0.92,4.51,4.46,4.565,0.14404404163360596,0.17212703824043274,0.9924299716949463,0.61,0.065,0.39,0.355,10.0,0.7966326530612244,0.36589648169564665,-0.028061224489795925,0.3865922957693692,0.05,0.800969387755102,0.3993988282925717,-0.023724489795918367,0.4116832699533552,0.05,1.54,1.965,scratch,random_rescue_to_low_70,200
31,1,0.56,0.99,0.945,0.93,4.43,4.46,4.505,0.09371891617774963,0.11308303475379944,1.063414216041565,0.565,0.045,0.43,0.405,10.0,0.8018877551020408,0.4162438383591442,-0.022806122448979595,0.4185964389309811,0.05,0.8054591836734695,0.43217023680375005,-0.019234693877551022,0.4342920933989808,0.05,1.515,1.865,scratch,random_rescue_to_low_70,200
32,1,0.565,0.99,0.925,0.92,4.61,4.46,4.63,0.12897691130638123,0.1453942358493805,1.0283846855163574,0.57,0.065,0.425,0.385,10.0,0.8034693877551021,0.3991776218354557,-0.02122448979591837,0.41376574790338055,0.05,0.8072959183673469,0.4189036246170215,-0.017397959183673473,0.42837097868323326,0.05,1.545,1.92,scratch,random_rescue_to_low_70,200
33,1,0.575,0.99,0.95,0.95,4.72,4.46,4.485,0.13004371523857117,0.12500566244125366,1.0391165018081665,0.58,0.04,0.415,0.395,10.0,0.7996938775510205,0.3995938605663762,-0.025,0.41391660340828823,0.05,0.8045918367346939,0.4225865063505044,-0.020102040816326536,0.4347045679576695,0.05,1.505,1.985,scratch,random_rescue_to_low_70,200
34,1,0.565,0.99,0.93,0.93,4.585,4.46,4.52,0.16565102338790894,0.15206418931484222,1.073307752609253,0.575,0.06,0.425,0.38,10.0,0.7989285714285714,0.4037172088839872,-0.025765306122448983,0.41612205473938957,0.05,0.8041326530612244,0.4332925717619888,-0.02056122448979592,0.4435894147027284,0.05,1.525,2.035,scratch,random_rescue_to_low_70,200
35,1,0.585,0.99,0.935,0.92,4.385,4.46,4.41,0.1588142365217209,0.16005997359752655,1.0556666851043701,0.59,0.055,0.405,0.37,10.0,0.7996428571428571,0.3986588233575159,-0.025051020408163264,0.4095821190997958,0.05,0.8032142857142857,0.4093868059462405,-0.021479591836734698,0.4257482962869108,0.05,1.53,1.88,scratch,random_rescue_to_low_70,200
36,1,0.58,0.99,0.915,0.91,4.57,4.46,4.555,0.1986861675977707,0.20901130139827728,1.0308173894882202,0.585,0.075,0.41,0.365,10.0,0.8109183673469389,0.4378485405504672,-0.01377551020408164,0.4420631725993007,0.05,0.8162244897959183,0.4651515906921838,-0.008469387755102043,0.46097216034308075,0.05,1.565,2.085,scratch,random_rescue_to_low_70,200
37,1,0.56,0.99,0.93,0.94,3.81,4.46,4.48,0.12762492895126343,0.13715116679668427,1.1115477085113525,0.57,0.06,0.43,0.395,10.0,0.8088265306122449,0.44472547284438435,-0.015867346938775513,0.4439053095411509,0.05,0.8122448979591838,0.45178209497514066,-0.012448979591836738,0.44771316900849345,0.05,1.655,1.99,scratch,random_rescue_to_low_70,200
38,1,0.565,0.99,0.955,0.93,3.855,4.46,4.495,0.07881651073694229,0.15538330376148224,1.1475909948349,0.575,0.035,0.425,0.4,10.0,0.8081632653061225,0.41611337367189066,-0.016530612244897967,0.430349689333234,0.05,0.8108163265306123,0.43373614319169845,-0.013877551020408168,0.44129663994070145,0.05,1.745,2.005,scratch,random_rescue_to_low_70,200
39,1,0.55,0.99,0.905,0.92,4.365,4.46,4.65,0.203257754445076,0.1770070642232895,1.099697470664978,0.56,0.085,0.44,0.395,10.0,0.8043877551020409,0.4169596463419761,-0.020306122448979592,0.42881764963298336,0.05,0.8068877551020408,0.440737105715614,-0.017806122448979597,0.4521094048389932,0.05,1.605,1.85,scratch,random_rescue_to_low_70,200
40,1,0.555,0.99,0.935,0.93,4.39,4.46,4.445,0.13136343657970428,0.14632710814476013,1.1932636499404907,0.56,0.055,0.435,0.4,10.0,0.8042857142857143,0.4113277104423684,-0.020408163265306128,0.4209063656000944,0.05,0.8087244897959184,0.4431178407202126,-0.015969387755102045,0.4456667950376868,0.05,1.55,1.985,scratch,random_rescue_to_low_70,200
41,1,0.575,0.99,0.91,0.905,4.15,4.46,4.545,0.16529323160648346,0.20305317640304565,1.1821633577346802,0.585,0.08,0.415,0.365,10.0,0.8024489795918367,0.41692210342154157,-0.022244897959183673,0.42189379744697364,0.05,0.8066836734693879,0.440295613437262,-0.018010204081632654,0.4420022368244827,0.05,1.535,1.95,scratch,random_rescue_to_low_70,200
42,1,0.555,0.99,0.93,0.91,4.02,4.46,4.66,0.13530755043029785,0.17141443490982056,1.1234382390975952,0.565,0.06,0.435,0.405,10.0,0.8014285714285714,0.413307048192484,-0.023265306122448984,0.42611095289015793,0.05,0.8062755102040816,0.4349144508001323,-0.01841836734693878,0.4427653871662915,0.05,1.56,2.035,scratch,random_rescue_to_low_70,200
43,1,0.58,0.99,0.945,0.935,4.43,4.46,4.57,0.11213729530572891,0.13607142865657806,1.1524319648742676,0.59,0.045,0.41,0.38,10.0,0.7985204081632653,0.41299077320431876,-0.0261734693877551,0.42277817345689983,0.05,0.8032653061224491,0.44057813770541737,-0.021428571428571432,0.44369819819927214,0.05,1.53,1.995,scratch,random_rescue_to_low_70,200
44,1,0.535,0.99,0.925,0.93,4.425,4.46,4.47,0.17408990859985352,0.15801510214805603,1.2170095443725586,0.545,0.065,0.455,0.405,10.0,0.7957653061224491,0.38563005464316435,-0.028928571428571432,0.40615181042579934,0.05,0.8008163265306123,0.42250432053382053,-0.02387755102040817,0.4315293152630329,0.05,1.455,1.95,scratch,random_rescue_to_low_70,200
45,1,0.565,0.99,0.93,0.905,4.57,4.46,4.49,0.10789066553115845,0.142612025141716,1.1940292119979858,0.575,0.06,0.425,0.38,10.0,0.8010714285714287,0.40374090802618434,-0.02362244897959184,0.42276351566426457,0.05,0.805612244897959,0.4299894494747157,-0.019081632653061228,0.43793640261515976,0.05,1.57,2.015,scratch,random_rescue_to_low_70,200
46,1,0.545,0.99,0.945,0.94,4.535,4.46,4.53,0.07977775484323502,0.12249429523944855,1.266575813293457,0.555,0.045,0.445,0.415,10.0,0.8055612244897958,0.3994626647292376,-0.019132653061224497,0.41298734047755714,0.05,0.8077551020408162,0.4146295660090015,-0.016938775510204087,0.4266832449100912,0.05,1.62,1.835,scratch,random_rescue_to_low_70,200
47,1,0.575,0.99,0.94,0.95,4.3,4.46,4.47,0.12361343204975128,0.1129770502448082,1.1878547668457031,0.58,0.05,0.415,0.385,10.0,0.8047448979591837,0.41388188541910603,-0.019948979591836738,0.42206021719583076,0.05,0.8083163265306123,0.43913900192034044,-0.016377551020408165,0.44057368017733095,0.05,1.56,1.91,scratch,random_rescue_to_low_70,200
48,1,0.545,0.99,0.955,0.94,4.41,4.46,4.53,0.08649773895740509,0.11038211733102798,1.2067457437515259,0.555,0.035,0.445,0.425,10.0,0.8062755102040816,0.4020230226351441,-0.01841836734693878,0.4119647084642202,0.05,0.8100510204081632,0.4285466456673519,-0.014642857142857147,0.43507391565013676,0.05,1.555,1.925,scratch,random_rescue_to_low_70,200
49,1,0.58,0.99,0.955,0.95,4.58,4.46,4.53,0.06418827176094055,0.07219906151294708,1.1666529178619385,0.59,0.035,0.41,0.39,10.0,0.7999489795918368,0.38948581467924986,-0.02474489795918368,0.3992600916630181,0.05,0.8045408163265306,0.41950017277972546,-0.020153061224489798,0.4225432301685214,0.05,1.49,1.94,scratch,random_rescue_to_low_70,200
50,1,0.575,0.99,0.945,0.945,4.29,4.46,4.57,0.0972137451171875,0.12128431349992752,1.2217531204223633,0.585,0.045,0.415,0.38,10.0,0.8004081632653062,0.3866357233404243,-0.02428571428571429,0.3955053467932157,0.05,0.8039795918367347,0.41506337221348116,-0.020714285714285716,0.42148800091817973,0.05,1.54,1.89,scratch,random_rescue_to_low_70,200
51,1,0.555,0.99,0.93,0.935,4.275,4.46,4.485,0.11028680950403214,0.1308966875076294,1.2501646280288696,0.56,0.06,0.435,0.39,10.0,0.8006122448979593,0.3836263256995355,-0.02408163265306123,0.4001368139311671,0.05,0.8047448979591837,0.4099985706098338,-0.019948979591836734,0.4168308079894632,0.05,1.52,1.925,scratch,random_rescue_to_low_70,200
52,1,0.55,0.99,0.93,0.93,4.32,4.46,4.54,0.12704889476299286,0.12216905504465103,1.260680079460144,0.56,0.06,0.44,0.415,10.0,0.8014285714285714,0.3941689103309882,-0.023265306122448984,0.40332678372506053,0.05,0.8059183673469389,0.4193531724996258,-0.01877551020408164,0.4250293280184269,0.05,1.52,1.96,scratch,random_rescue_to_low_70,200
53,1,0.535,0.99,0.935,0.93,3.835,4.46,4.445,0.12256139516830444,0.12193876504898071,1.290274977684021,0.545,0.055,0.455,0.42,10.0,0.801734693877551,0.39826744328987257,-0.022959183673469382,0.3980717106978409,0.05,0.8071938775510205,0.42315398791728265,-0.017500000000000005,0.42192987477406857,0.05,1.53,2.065,scratch,random_rescue_to_low_70,200
54,1,0.61,0.99,0.925,0.935,4.265,4.46,4.505,0.16340607404708862,0.14145736396312714,1.1741416454315186,0.62,0.065,0.38,0.345,10.0,0.7970408163265306,0.3900944001950281,-0.027653061224489798,0.3882026139460504,0.05,0.8018367346938775,0.41438364936727257,-0.022857142857142857,0.4100933956867084,0.05,1.48,1.95,scratch,random_rescue_to_low_70,200
55,1,0.555,0.99,0.955,0.93,4.67,4.46,4.495,0.0681476965546608,0.1157945841550827,1.2792136669158936,0.56,0.035,0.435,0.42,10.0,0.8019897959183673,0.4002503134626826,-0.02270408163265307,0.4059848946332931,0.05,0.8073469387755102,0.42779056366378837,-0.017346938775510204,0.43179096160456537,0.05,1.475,2.0,scratch,random_rescue_to_low_70,200
56,1,0.555,0.99,0.915,0.925,4.32,4.46,4.4,0.13966935873031616,0.11154276877641678,1.2309402227401733,0.565,0.075,0.435,0.39,10.0,0.8057653061224489,0.374107975228395,-0.01892857142857143,0.38329268676403444,0.05,0.8087244897959184,0.3966661553281599,-0.01596938775510204,0.40162695608101784,0.05,1.625,1.915,scratch,random_rescue_to_low_70,200
57,1,0.55,0.99,0.935,0.935,4.34,4.46,4.58,0.12811297178268433,0.1282147914171219,1.2024530172348022,0.555,0.055,0.44,0.405,10.0,0.7996938775510205,0.38829567230269,-0.025,0.3892365401127609,0.05,0.8038265306122448,0.4027015285626337,-0.020867346938775518,0.4077130190655589,0.05,1.555,1.96,scratch,random_rescue_to_low_70,200
58,1,0.56,0.99,0.945,0.935,4.59,4.46,4.405,0.08800651878118515,0.10375386476516724,1.2588838338851929,0.565,0.045,0.43,0.41,10.0,0.7959183673469389,0.3725412033334915,-0.02877551020408163,0.3794492273661308,0.05,0.8004591836734692,0.39969089643959543,-0.024234693877551026,0.4090646004863083,0.05,1.54,1.985,scratch,random_rescue_to_low_70,200
59,1,0.57,0.99,0.945,0.94,4.19,4.46,4.515,0.094405896961689,0.1271449327468872,1.244213342666626,0.575,0.045,0.42,0.39,10.0,0.8031632653061226,0.402471712436305,-0.021530612244897968,0.40878813923336565,0.05,0.8063265306122449,0.4240053828577304,-0.018367346938775512,0.42094564558938147,0.05,1.57,1.88,scratch,random_rescue_to_low_70,200
60,1,0.605,0.99,0.955,0.94,4.38,4.46,4.45,0.07863903790712357,0.09717324376106262,1.1807209253311157,0.61,0.035,0.385,0.37,10.0,0.8015306122448979,0.4040408807643029,-0.02316326530612245,0.408385795596987,0.05,0.8054591836734692,0.41677425316026534,-0.019234693877551022,0.42406514366157355,0.05,1.52,1.905,scratch,random_rescue_to_low_70,200
61,1,0.58,0.99,0.95,0.93,4.32,4.46,4.515,0.10506312549114227,0.113102026283741,1.2240629196166992,0.59,0.04,0.41,0.385,10.0,0.8051020408163265,0.41079034811330795,-0.01959183673469388,0.4123472109989962,0.05,0.8084183673469387,0.42826130441731786,-0.016275510204081637,0.42488207008689644,0.05,1.63,1.955,scratch,random_rescue_to_low_70,200
62,1,0.555,0.99,0.94,0.945,4.73,4.46,4.5,0.08948621898889542,0.1047988161444664,1.292710542678833,0.56,0.05,0.435,0.405,10.0,0.8001020408163265,0.38991132037124765,-0.02459183673469388,0.3951778363715857,0.05,0.803265306122449,0.41312087129929376,-0.021428571428571432,0.4114353418163955,0.05,1.545,1.855,scratch,random_rescue_to_low_70,200
63,1,0.57,0.99,0.94,0.93,4.38,4.46,4.475,0.11454460024833679,0.11194657534360886,1.2305034399032593,0.575,0.05,0.42,0.4,10.0,0.8014285714285714,0.3886712131846596,-0.023265306122448984,0.3995856624134467,0.05,0.8060204081632654,0.41662456442369766,-0.018673469387755104,0.42178417411167174,0.05,1.605,2.055,scratch,random_rescue_to_low_70,200
64,1,0.535,0.99,0.935,0.92,4.435,4.46,4.505,0.12363017350435257,0.13895340263843536,1.2894293069839478,0.54,0.055,0.455,0.425,10.0,0.8049489795918368,0.41372022255940005,-0.019744897959183678,0.41232184949330986,0.05,0.8102551020408163,0.43119104770275407,-0.01443877551020409,0.4382932143844664,0.05,1.495,2.015,scratch,random_rescue_to_low_70,200
65,1,0.58,0.99,0.94,0.935,4.48,4.46,4.55,0.08040677011013031,0.14285528659820557,1.2229019403457642,0.585,0.05,0.41,0.38,10.0,0.8032142857142857,0.4168786199185846,-0.021479591836734695,0.41622773298528043,0.05,0.8075,0.42685451600943264,-0.017193877551020413,0.4274921686388552,0.05,1.59,2.01,scratch,random_rescue_to_low_70,200
66,1,0.59,0.99,0.93,0.94,4.41,4.46,4.525,0.14417392015457153,0.10631199181079865,1.2021324634552002,0.595,0.06,0.4,0.37,10.0,0.8027551020408162,0.3948377286102163,-0.021938775510204084,0.400244028698653,0.05,0.8061224489795918,0.42154517116030316,-0.018571428571428576,0.42462061332538725,0.05,1.585,1.915,scratch,random_rescue_to_low_70,200
67,1,0.585,0.99,0.935,0.935,4.51,4.46,4.545,0.10663266479969025,0.13498711585998535,1.1644871234893799,0.59,0.055,0.405,0.385,10.0,0.8052551020408163,0.4072786462286757,-0.019438775510204086,0.4165474689588882,0.05,0.8103061224489795,0.44027373754546323,-0.014387755102040822,0.4424871282093227,0.05,1.575,2.07,scratch,random_rescue_to_low_70,200
68,1,0.56,0.99,0.94,0.935,4.14,4.46,4.56,0.097413569688797,0.12613031268119812,1.2497884035110474,0.565,0.05,0.43,0.4,10.0,0.8041836734693878,0.4127741151134773,-0.020510204081632656,0.4160640965054336,0.05,0.8073469387755102,0.4355584442396973,-0.017346938775510207,0.4309573699720204,0.05,1.605,1.915,scratch,random_rescue_to_low_70,200
69,1,0.555,0.99,0.93,0.93,4.2,4.46,4.525,0.12868240475654602,0.10787609964609146,1.2666701078414917,0.56,0.06,0.435,0.41,10.0,0.7971938775510203,0.3839265035369628,-0.0275,0.39255429154960436,0.05,0.8023979591836735,0.4062673936613107,-0.022295918367346942,0.413333317451179,0.05,1.595,2.105,scratch,random_rescue_to_low_70,200
70,1,0.58,0.99,0.93,0.935,4.08,4.46,4.53,0.13254573941230774,0.13198669254779816,1.217147707939148,0.585,0.06,0.41,0.39,10.0,0.8035714285714286,0.41127729018785425,-0.02112244897959184,0.41475959323128336,0.05,0.8080612244897958,0.43878907956083796,-0.01663265306122449,0.43710122992284595,0.05,1.55,1.99,scratch,random_rescue_to_low_70,200
71,1,0.62,0.99,0.96,0.94,4.375,4.46,4.555,0.056990936398506165,0.11043041944503784,1.1973271369934082,0.625,0.03,0.37,0.35,10.0,0.7949489795918367,0.3917848465621275,-0.029744897959183673,0.3999051584210247,0.05,0.7954591836734692,0.3989485547004054,-0.02923469387755102,0.41011281866580246,0.05,1.47,1.52,scratch,random_rescue_to_low_70,200
72,1,0.585,0.99,0.95,0.94,4.135,4.46,4.535,0.07544350624084473,0.10520897805690765,1.2529077529907227,0.59,0.04,0.405,0.375,10.0,0.7954591836734695,0.39751949492477934,-0.02923469387755102,0.40290316528640685,0.05,0.7975,0.4155229722383299,-0.02719387755102041,0.41379239021800457,0.05,1.375,1.575,scratch,random_rescue_to_low_70,200
73,1,0.585,0.99,0.955,0.945,4.46,4.46,4.48,0.08881118893623352,0.11596851050853729,1.2339675426483154,0.59,0.035,0.405,0.375,10.0,0.7988775510204081,0.3860911297055719,-0.025816326530612246,0.39968922424828635,0.05,0.8007653061224488,0.3981562368795544,-0.023928571428571438,0.40883557050692615,0.05,1.375,1.56,scratch,random_rescue_to_low_70,200
74,1,0.59,0.99,0.955,0.95,4.325,4.46,4.53,0.05261930450797081,0.10211101174354553,1.2213146686553955,0.595,0.035,0.4,0.385,10.0,0.7967346938775512,0.39172873223335547,-0.02795918367346939,0.4028513027983718,0.05,0.7971938775510204,0.40194268202410477,-0.027500000000000004,0.4073713087872602,0.05,1.455,1.5,scratch,random_rescue_to_low_70,200
75,1,0.59,0.99,0.965,0.95,4.305,4.46,4.52,0.06112636625766754,0.0901944562792778,1.2728854417800903,0.595,0.025,0.4,0.395,10.0,0.7976530612244898,0.3924348555086545,-0.027040816326530614,0.40544840386603026,0.05,0.7982142857142859,0.39919232280795114,-0.026479591836734696,0.41162975270766766,0.05,1.37,1.425,scratch,random_rescue_to_low_70,200
76,1,0.575,0.99,0.95,0.94,4.31,4.46,4.545,0.10593117028474808,0.13410593569278717,1.2370121479034424,0.58,0.04,0.415,0.39,10.0,0.8032142857142859,0.3974048511314041,-0.021479591836734698,0.4113164106640033,0.05,0.8012244897959184,0.39861778964646677,-0.02346938775510204,0.4144921593833715,0.05,1.62,1.425,scratch,random_rescue_to_low_70,200
77,1,0.57,0.99,0.945,0.945,4.565,4.46,4.575,0.10252673923969269,0.09099516272544861,1.2296172380447388,0.575,0.045,0.42,0.4,10.0,0.7999489795918368,0.392484793535437,-0.02474489795918368,0.40682972367387266,0.05,0.8008163265306122,0.405982121054097,-0.02387755102040817,0.40972428899724034,0.05,1.49,1.575,scratch,random_rescue_to_low_70,200
78,1,0.56,0.99,0.955,0.925,4.42,4.46,4.52,0.08858844637870789,0.14559555053710938,1.28251051902771,0.565,0.035,0.43,0.415,10.0,0.8045918367346938,0.406592410192955,-0.020102040816326536,0.41419525453587996,0.05,0.802091836734694,0.40509980995529776,-0.022602040816326534,0.41163119647651913,0.05,1.67,1.425,scratch,random_rescue_to_low_70,200
79,1,0.565,0.99,0.945,0.93,4.42,4.46,4.515,0.08636128157377243,0.13021790981292725,1.2837176322937012,0.57,0.045,0.425,0.405,10.0,0.8021938775510205,0.3954746766071054,-0.02250000000000001,0.40185225163353605,0.05,0.8016326530612244,0.4009008041039067,-0.023061224489795924,0.4021873438172042,0.05,1.53,1.475,scratch,random_rescue_to_low_70,200
80,1,0.575,0.99,0.95,0.945,4.37,4.46,4.545,0.09755849838256836,0.09966256469488144,1.2971802949905396,0.58,0.04,0.415,0.39,10.0,0.8007653061224489,0.3947227066291616,-0.02392857142857143,0.40457814811408754,0.05,0.8007653061224489,0.40289280671944633,-0.02392857142857143,0.40737936033314326,0.05,1.525,1.525,scratch,random_rescue_to_low_70,200
81,1,0.59,0.99,0.93,0.93,4.2,4.46,4.615,0.10424749553203583,0.1459558606147766,1.2444322109222412,0.595,0.06,0.4,0.375,10.0,0.8010714285714287,0.401653608777273,-0.02362244897959184,0.4076406236449839,0.05,0.8023469387755102,0.41868009345658197,-0.02234693877551021,0.41599447190208594,0.05,1.405,1.53,scratch,random_rescue_to_low_70,200
82,1,0.595,0.99,0.945,0.93,4.35,4.46,4.585,0.09883418679237366,0.15129390358924866,1.2567368745803833,0.6,0.045,0.395,0.37,10.0,0.8015816326530613,0.40310800419106124,-0.023112244897959187,0.4071003163931891,0.05,0.8003061224489795,0.39873017656956655,-0.02438775510204082,0.4025418284154148,0.05,1.625,1.5,scratch,random_rescue_to_low_70,200
83,1,0.58,0.99,0.945,0.925,4.285,4.46,4.575,0.07417254894971848,0.15192189812660217,1.233368158340454,0.585,0.045,0.41,0.385,10.0,0.8004081632653061,0.39702398652337917,-0.02428571428571429,0.4084427559925825,0.05,0.8005612244897959,0.40165973067466354,-0.02413265306122449,0.4131635066997842,0.05,1.45,1.465,scratch,random_rescue_to_low_70,200
84,1,0.59,0.99,0.955,0.945,4.28,4.46,4.555,0.09670151770114899,0.11873340606689453,1.2471660375595093,0.595,0.035,0.4,0.38,10.0,0.8005612244897959,0.39153216988683376,-0.02413265306122449,0.40240602327510716,0.05,0.8003061224489795,0.405756272437655,-0.024387755102040817,0.4120828074627207,0.05,1.495,1.47,scratch,random_rescue_to_low_70,200
85,1,0.6,0.99,0.94,0.94,4.425,4.46,4.545,0.10537548363208771,0.09700305014848709,1.2344967126846313,0.605,0.05,0.39,0.36,10.0,0.8002551020408163,0.3960448099233039,-0.024438775510204083,0.3992544700508006,0.05,0.8002551020408163,0.3933657104081665,-0.024438775510204083,0.4021992856846191,0.05,1.585,1.585,scratch,random_rescue_to_low_70,200
86,1,0.59,0.99,0.94,0.925,4.435,4.46,4.555,0.09604766964912415,0.13435110449790955,1.2602336406707764,0.595,0.05,0.4,0.365,10.0,0.8018877551020408,0.40337245865746146,-0.022806122448979595,0.40619599727913736,0.05,0.8016326530612244,0.40395006807285716,-0.023061224489795914,0.4062419012931059,0.05,1.505,1.48,scratch,random_rescue_to_low_70,200
87,1,0.585,0.99,0.955,0.925,4.315,4.46,4.525,0.06618519872426987,0.1391340047121048,1.233659267425537,0.59,0.035,0.405,0.385,10.0,0.8006632653061223,0.398559499855592,-0.024030612244897963,0.40180137178860603,0.05,0.7990816326530612,0.39507279332011097,-0.025612244897959185,0.39967170984484257,0.05,1.615,1.46,scratch,random_rescue_to_low_70,200
88,1,0.605,0.99,0.945,0.925,4.315,4.46,4.54,0.07805740088224411,0.13860498368740082,1.226585865020752,0.61,0.045,0.385,0.355,10.0,0.8009693877551021,0.39764387631764975,-0.023724489795918374,0.3999299029354006,0.05,0.7991326530612244,0.3919922802359942,-0.025561224489795923,0.401951931444928,0.05,1.615,1.435,scratch,random_rescue_to_low_70,200
89,1,0.585,0.99,0.95,0.94,4.335,4.46,4.59,0.07562011480331421,0.11456707119941711,1.2452393770217896,0.59,0.04,0.405,0.395,10.0,0.8000510204081632,0.3883514834448223,-0.024642857142857143,0.3977570214914158,0.05,0.7996938775510205,0.3985236551966264,-0.025,0.4051683696266264,0.05,1.565,1.53,scratch,random_rescue_to_low_70,200
90,1,0.575,0.99,0.94,0.935,4.255,4.46,4.54,0.11550571769475937,0.14582481980323792,1.2359509468078613,0.58,0.05,0.415,0.385,10.0,0.7998469387755103,0.3884600636553777,-0.024846938775510204,0.39799164350144567,0.05,0.8001020408163265,0.3965043914381038,-0.024591836734693878,0.40292595568113027,0.05,1.505,1.53,scratch,random_rescue_to_low_70,200
91,1,0.59,0.99,0.93,0.935,4.24,4.46,4.595,0.09984486550092697,0.15093182027339935,1.2433513402938843,0.595,0.06,0.4,0.37,10.0,0.8007653061224491,0.3912116394302617,-0.02392857142857143,0.4010536526236683,0.05,0.7999489795918368,0.392787390340449,-0.02474489795918368,0.40106444970704613,0.05,1.545,1.465,scratch,random_rescue_to_low_70,200
92,1,0.595,0.99,0.935,0.935,4.16,4.46,4.6,0.10639860481023788,0.14811289310455322,1.2328577041625977,0.6,0.055,0.395,0.365,10.0,0.8004591836734695,0.3920382555605609,-0.024234693877551026,0.4020120752695948,0.05,0.7993877551020409,0.3955057520619216,-0.02530612244897959,0.4082901859562844,0.05,1.53,1.425,scratch,random_rescue_to_low_70,200
93,1,0.59,0.99,0.94,0.935,4.19,4.46,4.6,0.10002773255109787,0.15080294013023376,1.2431004047393799,0.595,0.05,0.4,0.375,10.0,0.8007653061224491,0.3920035374962895,-0.023928571428571428,0.40193736291490495,0.05,0.7990816326530612,0.3906329381346145,-0.025612244897959182,0.4040635839197785,0.05,1.555,1.39,scratch,random_rescue_to_low_70,200
94,1,0.59,0.99,0.935,0.925,4.21,4.46,4.6,0.11532630771398544,0.15530557930469513,1.245446801185608,0.595,0.055,0.4,0.37,10.0,0.8013265306122449,0.3954272048580174,-0.023367346938775513,0.4042337827477604,0.05,0.7992857142857143,0.3914277139607006,-0.025408163265306122,0.3992356543708593,0.05,1.55,1.35,scratch,random_rescue_to_low_70,200
95,1,0.59,0.99,0.94,0.93,4.23,4.46,4.585,0.1246381551027298,0.1563522219657898,1.2450551986694336,0.595,0.05,0.4,0.37,10.0,0.8006632653061224,0.39441339451226487,-0.024030612244897963,0.40266972285695374,0.05,0.7989795918367346,0.3954504699842308,-0.02571428571428571,0.4020432738121599,0.05,1.545,1.38,scratch,random_rescue_to_low_70,200
96,1,0.605,0.99,0.94,0.935,4.315,4.46,4.585,0.12851063907146454,0.15411406755447388,1.2407524585723877,0.61,0.05,0.385,0.355,10.0,0.8006122448979592,0.39205527955977454,-0.024081632653061225,0.4025425109360367,0.05,0.7987755102040817,0.3923771842276837,-0.02591836734693878,0.3989320464152843,0.05,1.575,1.395,scratch,random_rescue_to_low_70,200
97,1,0.605,0.99,0.935,0.94,4.315,4.46,4.555,0.1276470124721527,0.14465445280075073,1.2366299629211426,0.61,0.055,0.385,0.35,10.0,0.8007142857142858,0.3929529340069228,-0.023979591836734693,0.40231663388200106,0.05,0.7986224489795919,0.3916905906314757,-0.026071428571428575,0.39883961812593044,0.05,1.58,1.375,scratch,random_rescue_to_low_70,200
98,1,0.6,0.99,0.94,0.935,4.28,4.46,4.585,0.1281026005744934,0.15588276088237762,1.2346851825714111,0.605,0.05,0.39,0.36,10.0,0.8002040816326531,0.39202372757629755,-0.02448979591836735,0.40222966347821054,0.05,0.7990816326530613,0.39472494728741014,-0.025612244897959185,0.4012691383715719,0.05,1.52,1.41,scratch,random_rescue_to_low_70,200
99,1,0.6,0.99,0.94,0.935,4.28,4.46,4.585,0.1311250478029251,0.1513310968875885,1.2384299039840698,0.605,0.05,0.39,0.36,10.0,0.8002551020408164,0.3913618003176564,-0.02443877551020408,0.40147114572115244,0.05,0.7991836734693878,0.3950996912656797,-0.025510204081632654,0.4016918064560741,0.05,1.54,1.435,scratch,random_rescue_to_low_70,200
100,1,0.6,0.99,0.945,0.935,4.28,4.46,4.57,0.12656792998313904,0.15322543680667877,1.2395049333572388,0.605,0.045,0.39,0.365,10.0,0.8004081632653062,0.39190031689062693,-0.02428571428571429,0.40192997016943993,0.05,0.7992346938775509,0.39503323131887863,-0.02545918367346939,0.40079385082237423,0.05,1.49,1.375,scratch,random_rescue_to_low_70,200
0,2,0.065,0.965,0.91,0.85,4.245,4.435,4.51,0.2247770130634308,0.3516729772090912,1.8255970478057861,0.07,0.07,0.9,0.84,10.0,0.8288265306122449,0.5289082416411598,0.004132653061224483,0.5292614312935621,0.05,0.8279591836734693,0.5297952212841659,0.003265306122448975,0.5325830126926303,0.05,1.7,1.615,scratch,adaptive_random_to_low_10,200
1,2,0.315,0.965,0.935,0.92,4.58,4.435,4.33,0.10286311060190201,0.12832732498645782,1.5210692882537842,0.315,0.035,0.655,0.63,10.0,0.8153061224489795,0.4307654636877838,-0.009387755102040818,0.4455255891801789,0.05,0.8172959183673469,0.4424076827328931,-0.007397959183673468,0.4578186474088579,0.05,1.735,1.93,scratch,adaptive_random_to_low_10,200
2,2,0.28,0.965,0.955,0.92,4.86,4.435,4.36,0.097547248005867,0.15442146360874176,1.4783108234405518,0.28,0.02,0.69,0.675,10.0,0.8117346938775509,0.4197160101493382,-0.012959183673469394,0.4279412310849875,0.05,0.8137244897959184,0.42942134184885816,-0.010969387755102047,0.4453630488901399,0.05,1.63,1.825,scratch,adaptive_random_to_low_10,200
3,2,0.33,0.965,0.91,0.86,4.85,4.435,4.375,0.1829482465982437,0.28538966178894043,1.445106863975525,0.335,0.065,0.635,0.58,10.0,0.8268367346938775,0.4639875125416549,0.0021428571428571395,0.4676043998711975,0.05,0.8264285714285714,0.4870963513961049,0.0017346938775510135,0.4875047032721341,0.05,1.76,1.72,scratch,adaptive_random_to_low_10,200
4,2,0.38,0.965,0.875,0.81,5.055,4.435,4.32,0.2986129820346832,0.4403369426727295,1.3847987651824951,0.39,0.1,0.585,0.515,10.0,0.8258673469387756,0.5111691095379207,0.0011734693877551022,0.5170584076357773,0.05,0.8253061224489795,0.5096402263184345,0.0006122448979591793,0.5106152666732668,0.05,1.77,1.715,scratch,adaptive_random_to_low_10,200
5,2,0.385,0.965,0.895,0.855,4.855,4.435,4.39,0.24083702266216278,0.32540255784988403,1.4099647998809814,0.395,0.075,0.58,0.52,10.0,0.8255612244897957,0.4956135346715795,0.0008673469387755028,0.5048095755884424,0.05,0.825612244897959,0.5029879989735495,0.0009183673469387705,0.51632553268224,0.05,1.745,1.75,scratch,adaptive_random_to_low_10,200
6,2,0.445,0.965,0.89,0.855,3.725,4.435,4.48,0.23968181014060974,0.3902043104171753,1.2384365797042847,0.465,0.085,0.52,0.455,10.0,0.8488265306122449,0.55393308866025,0.024132653061224484,0.5541413111798466,0.05,0.843469387755102,0.548724740128803,0.018775510204081632,0.5487453415617347,0.05,2.035,1.51,scratch,adaptive_random_to_low_10,200
7,2,0.48,0.965,0.88,0.84,4.5,4.435,4.44,0.24654167890548706,0.37230247259140015,1.1708112955093384,0.495,0.085,0.485,0.415,10.0,0.8308673469387755,0.5087389314279187,0.0061734693877551,0.5222088475339115,0.05,0.8296938775510205,0.5126039139786416,0.004999999999999999,0.5172130399663001,0.05,1.845,1.73,scratch,adaptive_random_to_low_10,200
8,2,0.49,0.965,0.865,0.86,4.435,4.435,4.475,0.275343656539917,0.2768917977809906,1.1337825059890747,0.495,0.1,0.475,0.39,10.0,0.8241836734693877,0.5189608403167881,-0.0005102040816326576,0.5288727000076324,0.05,0.8242346938775511,0.522963405110641,-0.00045918367346939494,0.5249486949201674,0.05,1.8,1.805,scratch,adaptive_random_to_low_10,200
9,2,0.475,0.965,0.9,0.87,4.23,4.435,4.445,0.23278766870498657,0.2957434058189392,1.0897635221481323,0.49,0.075,0.49,0.425,10.0,0.8241326530612244,0.5143285767256336,-0.0005612244897959173,0.5168537379521877,0.05,0.8229591836734694,0.5123673104644307,-0.0017346938775510195,0.5122619952633977,0.05,1.765,1.65,scratch,adaptive_random_to_low_10,200
10,2,0.535,0.965,0.89,0.88,4.49,4.435,4.49,0.2783266305923462,0.2882138192653656,1.0851571559906006,0.545,0.085,0.43,0.36,10.0,0.8177040816326531,0.5003439025271241,-0.006989795918367354,0.5090017245803028,0.05,0.8194897959183673,0.5021665953820489,-0.005204081632653067,0.5126100819651037,0.05,1.615,1.79,scratch,adaptive_random_to_low_10,200
11,2,0.49,0.965,0.895,0.86,4.35,4.435,4.44,0.21683269739151,0.3061014413833618,1.0809297561645508,0.5,0.08,0.475,0.415,10.0,0.8231632653061225,0.5008287715124661,-0.0015306122448979604,0.507332281707786,0.05,0.825,0.5069749845219789,0.0003061224489795866,0.5116646440420299,0.05,1.6,1.78,scratch,adaptive_random_to_low_10,200
12,2,0.55,0.965,0.905,0.885,4.43,4.435,4.3,0.18589600920677185,0.2788046598434448,1.044975757598877,0.565,0.07,0.415,0.36,10.0,0.8129081632653061,0.4850575742512521,-0.011785714285714288,0.500484659851063,0.05,0.8148469387755103,0.48501419758280206,-0.00984693877551021,0.49817250880412756,0.05,1.59,1.78,scratch,adaptive_random_to_low_10,200
13,2,0.515,0.965,0.9,0.87,5.185,4.435,4.545,0.1965819150209427,0.2606998383998871,1.11734139919281,0.51,0.07,0.46,0.42,10.0,0.8162755102040816,0.49689014177324964,-0.00841836734693878,0.49968109992332754,0.05,0.8165306122448981,0.4988865926373451,-0.008163265306122457,0.4997312273364514,0.05,1.765,1.79,scratch,adaptive_random_to_low_10,200
14,2,0.56,0.965,0.92,0.915,4.01,4.435,4.365,0.16750766336917877,0.17281901836395264,1.0359184741973877,0.565,0.06,0.41,0.375,10.0,0.8109183673469389,0.4641902776740341,-0.013775510204081638,0.47620281531475483,0.05,0.8136734693877551,0.47311443653210783,-0.011020408163265313,0.4838648259360343,0.05,1.615,1.885,scratch,adaptive_random_to_low_10,200
15,2,0.555,0.965,0.895,0.865,4.15,4.435,4.44,0.1802815943956375,0.2818758189678192,0.9565527439117432,0.565,0.07,0.415,0.365,10.0,0.8157653061224491,0.47138227551163725,-0.008928571428571426,0.49457869090139867,0.05,0.8164285714285714,0.47366102534919186,-0.008265306122448983,0.48907656176015735,0.05,1.715,1.78,scratch,adaptive_random_to_low_10,200
16,2,0.555,0.965,0.895,0.87,4.72,4.435,4.3,0.244240403175354,0.2819187641143799,0.9543879628181458,0.555,0.075,0.42,0.36,10.0,0.8194897959183673,0.49890848288354844,-0.005204081632653065,0.5107015821710229,0.05,0.8215306122448979,0.5055641272179089,-0.0031632653061224535,0.5133423143997788,0.05,1.64,1.84,scratch,adaptive_random_to_low_10,200
17,2,0.545,0.965,0.92,0.895,4.365,4.435,4.455,0.219680055975914,0.242944598197937,0.9921647906303406,0.55,0.055,0.425,0.37,10.0,0.8191326530612244,0.483175912089573,-0.005561224489795919,0.48606879300437866,0.05,0.8204081632653062,0.48199761631886423,-0.00428571428571429,0.4916525693843141,0.05,1.74,1.865,scratch,adaptive_random_to_low_10,200
18,2,0.52,0.965,0.885,0.855,4.345,4.435,4.315,0.22871635854244232,0.2923583686351776,1.0247089862823486,0.525,0.08,0.45,0.395,10.0,0.8332653061224488,0.5233462926803061,0.00857142857142857,0.5257098902761936,0.05,0.8313265306122449,0.5166838751850713,0.006632653061224489,0.5191635575331748,0.05,1.8,1.61,scratch,adaptive_random_to_low_10,200
19,2,0.575,0.965,0.91,0.87,4.12,4.435,4.32,0.17584678530693054,0.3283558785915375,0.9244741797447205,0.585,0.06,0.39,0.355,10.0,0.8199489795918368,0.5032276821955087,-0.004744897959183685,0.5157088071620092,0.05,0.8203571428571428,0.4912008370307743,-0.004336734693877559,0.5085106110665947,0.05,1.73,1.77,scratch,adaptive_random_to_low_10,200
20,2,0.535,0.965,0.915,0.89,4.505,4.435,4.415,0.1997869312763214,0.269244909286499,1.0844796895980835,0.54,0.06,0.435,0.4,10.0,0.8308163265306122,0.539129033031856,0.0061224489795918295,0.5257755852770061,0.05,0.8302551020408163,0.5424311993749381,0.005561224489795917,0.5286951263900846,0.05,1.775,1.72,scratch,adaptive_random_to_low_10,200
21,2,0.565,0.965,0.89,0.835,4.38,4.435,4.385,0.23706687986850739,0.38141852617263794,0.9604418873786926,0.57,0.075,0.405,0.345,10.0,0.8333673469387755,0.5304248734480436,0.008673469387755102,0.5431732813362032,0.05,0.8307653061224489,0.5270999478768186,0.006071428571428572,0.5405199203081429,0.05,1.84,1.585,scratch,adaptive_random_to_low_10,200
22,2,0.565,0.965,0.9,0.895,4.465,4.435,4.28,0.21837587654590607,0.2600705027580261,0.9236125946044922,0.58,0.07,0.4,0.35,10.0,0.8140816326530613,0.4666736361027384,-0.010612244897959186,0.48905746712349357,0.05,0.8169387755102039,0.46872107708135824,-0.007755102040816329,0.48987529771402477,0.05,1.56,1.84,scratch,adaptive_random_to_low_10,200
23,2,0.525,0.965,0.93,0.875,4.485,4.435,4.535,0.1800769567489624,0.3266589045524597,0.9755895733833313,0.525,0.045,0.445,0.41,10.0,0.8108163265306123,0.4676061869010022,-0.013877551020408165,0.4898822589498013,0.05,0.8130612244897958,0.48118706852539356,-0.011632653061224492,0.49962899449281395,0.05,1.575,1.795,scratch,adaptive_random_to_low_10,200
24,2,0.55,0.965,0.905,0.89,4.855,4.435,4.425,0.20798254013061523,0.24812433123588562,0.9815523624420166,0.565,0.065,0.42,0.37,10.0,0.8159183673469387,0.48396127393012084,-0.008775510204081634,0.4973571722954512,0.05,0.8183163265306121,0.49443494598578974,-0.0063775510204081695,0.5050578792206943,0.05,1.67,1.905,scratch,adaptive_random_to_low_10,200
25,2,0.575,0.965,0.91,0.88,4.605,4.435,4.405,0.1678602248430252,0.29143717885017395,0.9390142560005188,0.575,0.06,0.4,0.36,10.0,0.8214285714285714,0.4993447781064936,-0.003265306122448983,0.5091980477934703,0.05,0.8223979591836735,0.4939849655164096,-0.00229591836734694,0.5060326688736677,0.05,1.735,1.83,scratch,adaptive_random_to_low_10,200
26,2,0.595,0.965,0.92,0.905,4.49,4.435,4.445,0.1953115016222,0.20493274927139282,0.986031711101532,0.595,0.06,0.385,0.34,10.0,0.8164285714285714,0.4862685785586001,-0.008265306122448983,0.49485115461982787,0.05,0.8171428571428572,0.48243772181855926,-0.007551020408163267,0.49656672230921683,0.05,1.64,1.71,scratch,adaptive_random_to_low_10,200
27,2,0.565,0.965,0.935,0.895,4.685,4.435,4.385,0.16441327333450317,0.2206604778766632,0.975080132484436,0.565,0.04,0.405,0.38,10.0,0.8142346938775511,0.4629154366820076,-0.01045918367346939,0.48215298283845187,0.05,0.8172959183673468,0.4710449096017339,-0.0073979591836734705,0.4878776213340461,0.05,1.635,1.935,scratch,adaptive_random_to_low_10,200
28,2,0.585,0.965,0.9,0.88,4.315,4.435,4.505,0.20258298516273499,0.22138923406600952,0.9765321612358093,0.59,0.07,0.385,0.34,10.0,0.8267857142857141,0.5010226879729119,0.002091836734693879,0.5136303014215082,0.05,0.8261224489795919,0.4990637113854627,0.0014285714285714258,0.5085607797186822,0.05,1.74,1.675,scratch,adaptive_random_to_low_10,200
29,2,0.63,0.965,0.915,0.905,4.91,4.435,4.42,0.17731761932373047,0.2275743931531906,0.8958005309104919,0.64,0.06,0.34,0.305,10.0,0.8218877551020408,0.501190532810963,-0.002806122448979599,0.5031800566986203,0.05,0.8221428571428571,0.502257981885514,-0.0025510204081632703,0.5075190375652164,0.05,1.75,1.775,scratch,adaptive_random_to_low_10,200
30,2,0.59,0.965,0.935,0.9,4.655,4.435,4.435,0.1508927345275879,0.22322265803813934,1.051026463508606,0.59,0.04,0.38,0.36,10.0,0.8162755102040816,0.48606083637990016,-0.008418367346938781,0.48828985979780554,0.05,0.8168877551020408,0.47728220556831463,-0.007806122448979597,0.4804264918901026,0.05,1.595,1.655,scratch,adaptive_random_to_low_10,200
31,2,0.555,0.965,0.92,0.89,4.71,4.435,4.29,0.14771586656570435,0.21224984526634216,0.9979422688484192,0.565,0.045,0.415,0.385,10.0,0.8242346938775509,0.4952471551387994,-0.0004591836734693927,0.5046195196826011,0.05,0.8259693877551021,0.5060287126964577,0.0012755102040816313,0.5048765358980745,0.05,1.655,1.825,scratch,adaptive_random_to_low_10,200
32,2,0.615,0.965,0.89,0.88,4.305,4.435,4.255,0.1881108433008194,0.2647974491119385,0.9808691143989563,0.61,0.08,0.36,0.315,10.0,0.8087244897959184,0.4610822045521822,-0.015969387755102045,0.4738702715560794,0.05,0.8116836734693877,0.4723308237986467,-0.013010204081632653,0.4798312694393098,0.05,1.645,1.935,scratch,adaptive_random_to_low_10,200
33,2,0.61,0.965,0.93,0.9,4.16,4.435,4.475,0.16775138676166534,0.27465885877609253,0.9003639221191406,0.61,0.05,0.365,0.325,10.0,0.8137755102040817,0.4832978326614198,-0.01091836734693878,0.49900248511694373,0.05,0.8154081632653061,0.4770551926616768,-0.009285714285714291,0.49886592119932177,0.05,1.655,1.815,scratch,adaptive_random_to_low_10,200
34,2,0.58,0.965,0.895,0.895,4.58,4.435,4.42,0.19725975394248962,0.19032599031925201,1.0127654075622559,0.57,0.07,0.4,0.36,10.0,0.8168877551020409,0.4627937118335793,-0.007806122448979598,0.47591398244723676,0.05,0.8183163265306121,0.4600365977488773,-0.0063775510204081695,0.4783168965578079,0.05,1.56,1.7,scratch,adaptive_random_to_low_10,200
35,2,0.62,0.965,0.9,0.895,4.295,4.435,4.29,0.23253792524337769,0.2924686670303345,0.9943521022796631,0.615,0.075,0.36,0.31,10.0,0.8304591836734693,0.5148112723410844,0.005765306122448977,0.5132057678326964,0.05,0.8293877551020408,0.5051129060318753,0.004693877551020402,0.5072781930677592,0.05,1.8,1.695,scratch,adaptive_random_to_low_10,200
36,2,0.605,0.965,0.89,0.895,4.34,4.435,4.495,0.22713591158390045,0.24668292701244354,1.0705698728561401,0.6,0.08,0.375,0.33,10.0,0.8210204081632654,0.4890072238366236,-0.003673469387755104,0.4938641378283501,0.05,0.820561224489796,0.4953660753555151,-0.004132653061224493,0.4983018435910344,0.05,1.775,1.73,scratch,adaptive_random_to_low_10,200
37,2,0.59,0.965,0.895,0.895,4.375,4.435,4.39,0.23151835799217224,0.25312352180480957,1.107729434967041,0.58,0.08,0.39,0.33,10.0,0.8267857142857143,0.48707698514943953,0.0020918367346938775,0.5054834294551983,0.05,0.8281632653061224,0.4886589844459371,0.003469387755102041,0.5077419379912317,0.05,1.675,1.81,scratch,adaptive_random_to_low_10,200
38,2,0.54,0.965,0.92,0.905,5.0,4.435,4.385,0.1292036920785904,0.23207037150859833,1.106553316116333,0.54,0.05,0.435,0.4,10.0,0.8146428571428571,0.459377894506726,-0.010051020408163264,0.47475720431888474,0.05,0.8172959183673469,0.47533171795095086,-0.007397959183673471,0.4878268728032708,0.05,1.61,1.87,scratch,adaptive_random_to_low_10,200
39,2,0.53,0.965,0.915,0.895,4.655,4.435,4.425,0.17012301087379456,0.257448673248291,1.2249923944473267,0.52,0.06,0.45,0.41,10.0,0.8265816326530612,0.49723372197012017,0.0018877551020408123,0.5027679029677529,0.05,0.8263775510204081,0.5034733961869651,0.0016836734693877514,0.5000853931065649,0.05,1.795,1.775,scratch,adaptive_random_to_low_10,200
40,2,0.56,0.965,0.925,0.88,4.285,4.435,4.41,0.20597432553768158,0.31681740283966064,1.1378287076950073,0.565,0.05,0.41,0.375,10.0,0.8283163265306124,0.5117886786346938,0.0036224489795918333,0.5222797861136496,0.05,0.8281122448979591,0.5151056642243883,0.0034183673469387727,0.5273511104099452,0.05,1.705,1.685,scratch,adaptive_random_to_low_10,200
41,2,0.56,0.965,0.9,0.88,4.82,4.435,4.36,0.22673864662647247,0.2854127585887909,1.0882896184921265,0.555,0.07,0.415,0.375,10.0,0.8325510204081632,0.5166457127025597,0.00785714285714285,0.5347696204856038,0.05,0.8264285714285714,0.49346040290834514,0.0017346938775510202,0.5136047527194023,0.05,1.925,1.325,scratch,adaptive_random_to_low_10,200
42,2,0.535,0.965,0.9,0.89,4.6,4.435,4.33,0.24487121403217316,0.2463434636592865,1.1878111362457275,0.545,0.075,0.435,0.385,10.0,0.8265306122448979,0.4881755145000723,0.0018367346938775492,0.5060395774617791,0.05,0.8223469387755102,0.4731706280445759,-0.002346938775510207,0.4902254899777472,0.05,1.79,1.38,scratch,adaptive_random_to_low_10,200
43,2,0.555,0.965,0.885,0.895,4.685,4.435,4.35,0.25763291120529175,0.23619963228702545,1.2312546968460083,0.555,0.09,0.42,0.365,10.0,0.8219897959183675,0.482887881655941,-0.002704081632653066,0.5002758947946131,0.05,0.8168367346938775,0.46311119177219007,-0.00785714285714286,0.4839374487660825,0.05,1.83,1.325,scratch,adaptive_random_to_low_10,200
44,2,0.555,0.965,0.895,0.885,4.58,4.435,4.515,0.21911823749542236,0.26448050141334534,1.2071036100387573,0.55,0.075,0.42,0.375,10.0,0.8151020408163266,0.46738040153084903,-0.00959183673469388,0.48582388355309375,0.05,0.8132142857142859,0.4679381990879787,-0.011479591836734698,0.48155967141414296,0.05,1.685,1.5,scratch,adaptive_random_to_low_10,200
45,2,0.585,0.965,0.925,0.905,4.405,4.435,4.36,0.13386783003807068,0.19145740568637848,1.1572256088256836,0.58,0.04,0.395,0.365,10.0,0.8291326530612245,0.49874850612301,0.004438775510204079,0.5176498233099118,0.05,0.8251020408163265,0.4841715489496594,0.0004081632653061179,0.49931687402538955,0.05,1.835,1.44,scratch,adaptive_random_to_low_10,200
46,2,0.575,0.965,0.905,0.915,4.725,4.435,4.38,0.19527815282344818,0.20646871626377106,1.1077107191085815,0.58,0.065,0.4,0.36,10.0,0.8137244897959184,0.4570857397292684,-0.010969387755102042,0.47202339563518764,0.05,0.8112755102040816,0.4505365948262174,-0.013418367346938777,0.4688059857673943,0.05,1.645,1.405,scratch,adaptive_random_to_low_10,200
47,2,0.575,0.965,0.91,0.905,4.54,4.435,4.415,0.2003859281539917,0.25075945258140564,1.259068250656128,0.58,0.065,0.4,0.36,10.0,0.8228061224489795,0.4686178821095147,-0.0018877551020408212,0.49475705571472645,0.05,0.8189285714285713,0.4533597250322949,-0.005765306122448983,0.4821786756440997,0.05,1.865,1.485,scratch,adaptive_random_to_low_10,200
48,2,0.535,0.965,0.94,0.93,4.305,4.435,4.355,0.13473713397979736,0.14362607896327972,1.1957614421844482,0.545,0.035,0.44,0.41,10.0,0.8185204081632653,0.4712000660847928,-0.006173469387755105,0.47571181643754246,0.05,0.8135714285714286,0.45219964836028165,-0.011122448979591842,0.4594335919804871,0.05,1.85,1.365,scratch,adaptive_random_to_low_10,200
49,2,0.595,0.965,0.925,0.91,4.645,4.435,4.325,0.16784515976905823,0.19460242986679077,1.1108026504516602,0.595,0.045,0.38,0.355,10.0,0.8201020408163265,0.4681620492217788,-0.0045918367346938814,0.4868138747103512,0.05,0.8176020408163265,0.46081467927937825,-0.007091836734693875,0.47835370859131215,0.05,1.665,1.42,scratch,adaptive_random_to_low_10,200
50,2,0.59,0.965,0.9,0.91,4.955,4.435,4.49,0.1757979840040207,0.15810008347034454,1.1619830131530762,0.585,0.065,0.39,0.345,10.0,0.8169897959183673,0.481155787804265,-0.007704081632653063,0.48826243164017796,0.05,0.8155102040816327,0.47998466567704323,-0.009183673469387761,0.4873993374593556,0.05,1.595,1.45,scratch,adaptive_random_to_low_10,200
51,2,0.545,0.965,0.93,0.885,4.725,4.435,4.455,0.1615275740623474,0.27265068888664246,1.2194536924362183,0.54,0.045,0.435,0.405,10.0,0.8221938775510205,0.48757820728977513,-0.002500000000000004,0.5061210091412067,0.05,0.8207653061224491,0.4784079986415305,-0.0039285714285714314,0.5026059870421886,0.05,1.715,1.575,scratch,adaptive_random_to_low_10,200
52,2,0.585,0.965,0.935,0.92,4.565,4.435,4.37,0.1449972540140152,0.2073969691991806,1.1419906616210938,0.585,0.04,0.39,0.37,10.0,0.8221428571428572,0.4949736274002056,-0.0025510204081632686,0.4984696034248918,0.05,0.8176530612244898,0.4805034159570818,-0.0070408163265306065,0.4872778052650392,0.05,1.88,1.44,scratch,adaptive_random_to_low_10,200
53,2,0.54,0.965,0.92,0.905,4.86,4.435,4.39,0.16921888291835785,0.18831942975521088,1.2152972221374512,0.545,0.05,0.435,0.39,10.0,0.8201020408163265,0.4886043084047945,-0.0045918367346938814,0.5042798090167344,0.05,0.8172448979591838,0.47750957667456795,-0.007448979591836736,0.48614449728280307,0.05,1.78,1.5,scratch,adaptive_random_to_low_10,200
54,2,0.525,0.965,0.905,0.9,4.525,4.435,4.445,0.21329641342163086,0.21881480515003204,1.2839634418487549,0.53,0.075,0.45,0.395,10.0,0.8122959183673469,0.4730127358177117,-0.01239795918367347,0.49117448829114435,0.05,0.8112244897959183,0.46426246079734335,-0.013469387755102044,0.4843132957443595,0.05,1.565,1.46,scratch,adaptive_random_to_low_10,200
55,2,0.58,0.965,0.91,0.895,4.81,4.435,4.46,0.20284336805343628,0.25726446509361267,1.1816965341567993,0.58,0.065,0.395,0.335,10.0,0.8195408163265305,0.4935451400038261,-0.005153061224489799,0.5141415354888886,0.05,0.8150510204081632,0.47445695822064116,-0.009642857142857146,0.4906460302695632,0.05,1.865,1.425,scratch,adaptive_random_to_low_10,200
56,2,0.565,0.965,0.93,0.905,4.395,4.435,4.38,0.17555302381515503,0.19274063408374786,1.2383440732955933,0.56,0.04,0.415,0.385,10.0,0.815,0.46152161086753946,-0.00969387755102041,0.4753096427489072,0.05,0.811734693877551,0.44270069811075696,-0.012959183673469385,0.46231798687949777,0.05,1.825,1.505,scratch,adaptive_random_to_low_10,200
57,2,0.565,0.965,0.935,0.915,4.65,4.435,4.57,0.13353629410266876,0.18571123480796814,1.271021842956543,0.56,0.04,0.415,0.395,10.0,0.8202551020408163,0.48898711134161205,-0.004438775510204086,0.5043430683761835,0.05,0.8174489795918367,0.47458422923390386,-0.007244897959183676,0.49037952756509184,0.05,1.73,1.455,scratch,adaptive_random_to_low_10,200
58,2,0.585,0.965,0.89,0.9,4.725,4.435,4.375,0.28330543637275696,0.2525254189968109,1.1772165298461914,0.585,0.085,0.395,0.355,10.0,0.8186224489795919,0.48281359948697916,-0.006071428571428573,0.49664567338302734,0.05,0.8158163265306123,0.47447839688193916,-0.008877551020408166,0.49664610888808963,0.05,1.74,1.465,scratch,adaptive_random_to_low_10,200
59,2,0.595,0.965,0.92,0.875,4.59,4.435,4.34,0.1990455836057663,0.2725767195224762,1.1549474000930786,0.59,0.06,0.385,0.355,10.0,0.8144897959183673,0.4818866431090895,-0.010204081632653067,0.4977121247956529,0.05,0.8114285714285714,0.46921859838103896,-0.013265306122448986,0.4869797241454944,0.05,1.715,1.415,scratch,adaptive_random_to_low_10,200
60,2,0.575,0.965,0.93,0.92,4.63,4.435,4.525,0.17600589990615845,0.17634597420692444,1.2480205297470093,0.575,0.045,0.4,0.365,10.0,0.8116326530612245,0.4619126024757121,-0.013061224489795922,0.48139407818205654,0.05,0.8087755102040817,0.44968701327411187,-0.01591836734693878,0.4686096685566008,0.05,1.74,1.46,scratch,adaptive_random_to_low_10,200
61,2,0.59,0.965,0.905,0.89,4.59,4.435,4.43,0.2026437520980835,0.2821812033653259,1.2001510858535767,0.585,0.07,0.385,0.345,10.0,0.8118877551020409,0.46909436233091406,-0.012806122448979596,0.4829299046844244,0.05,0.8084693877551019,0.4568267084505717,-0.016224489795918364,0.4679030187614262,0.05,1.78,1.445,scratch,adaptive_random_to_low_10,200
62,2,0.595,0.965,0.9,0.91,4.54,4.435,4.475,0.17630720138549805,0.18741494417190552,1.1630138158798218,0.6,0.07,0.38,0.345,10.0,0.8191836734693879,0.4787176998562018,-0.005510204081632657,0.48951902182772755,0.05,0.815561224489796,0.46865763805153837,-0.009132653061224493,0.48613817635923623,0.05,1.82,1.465,scratch,adaptive_random_to_low_10,200
63,2,0.575,0.965,0.92,0.895,4.57,4.435,4.42,0.14242124557495117,0.23520351946353912,1.2163082361221313,0.575,0.05,0.4,0.37,10.0,0.8117857142857141,0.4622637465630742,-0.012908163265306123,0.48165813567116855,0.05,0.8107653061224491,0.45832479690650324,-0.013928571428571433,0.47689420280512423,0.05,1.69,1.59,scratch,adaptive_random_to_low_10,200
64,2,0.6,0.965,0.925,0.94,4.685,4.435,4.45,0.20207349956035614,0.16388428211212158,1.2112869024276733,0.605,0.05,0.375,0.35,10.0,0.8123979591836735,0.4724160870206703,-0.012295918367346946,0.4834748616814613,0.05,0.8129591836734693,0.46658697596188864,-0.011734693877551019,0.4755866383947432,0.05,1.635,1.69,scratch,adaptive_random_to_low_10,200
65,2,0.555,0.965,0.915,0.905,4.195,4.435,4.41,0.21059581637382507,0.19140148162841797,1.289892554283142,0.55,0.055,0.42,0.38,10.0,0.814795918367347,0.48350539323466757,-0.009897959183673468,0.49509192295372484,0.05,0.8115816326530612,0.464449646197471,-0.013112244897959185,0.48064500661566856,0.05,1.805,1.49,scratch,adaptive_random_to_low_10,200
66,2,0.565,0.965,0.92,0.91,4.485,4.435,4.42,0.15690721571445465,0.2113092839717865,1.2193492650985718,0.57,0.05,0.41,0.39,10.0,0.8114285714285714,0.47301205169014704,-0.01326530612244898,0.4842452506686095,0.05,0.8085204081632653,0.46019818319360056,-0.0161734693877551,0.4713900916930288,0.05,1.755,1.47,scratch,adaptive_random_to_low_10,200
67,2,0.58,0.965,0.925,0.91,4.385,4.435,4.505,0.15893173217773438,0.2033996433019638,1.2358753681182861,0.575,0.045,0.395,0.37,10.0,0.8081122448979593,0.4649677914903466,-0.016581632653061226,0.4861059660557657,0.05,0.8054081632653061,0.44996870222872265,-0.019285714285714285,0.47296668780967593,0.05,1.665,1.4,scratch,adaptive_random_to_low_10,200
68,2,0.55,0.965,0.935,0.895,4.535,4.435,4.455,0.1492723673582077,0.19445964694023132,1.2623248100280762,0.55,0.035,0.425,0.395,10.0,0.8066836734693879,0.4557824939836496,-0.018010204081632654,0.4708565280027688,0.05,0.8063265306122449,0.4495572110269753,-0.018367346938775515,0.47015909757465124,0.05,1.595,1.56,scratch,adaptive_random_to_low_10,200
69,2,0.635,0.965,0.92,0.895,4.615,4.435,4.375,0.2212866246700287,0.2304648905992508,1.1349989175796509,0.635,0.055,0.34,0.305,10.0,0.8088265306122449,0.4472415901887135,-0.015867346938775517,0.4619153769314289,0.05,0.8060204081632653,0.432273362367584,-0.018673469387755104,0.4493640221469104,0.05,1.685,1.41,scratch,adaptive_random_to_low_10,200
70,2,0.59,0.965,0.94,0.91,4.705,4.435,4.495,0.11982416361570358,0.1732853502035141,1.206776738166809,0.595,0.035,0.385,0.36,10.0,0.8140816326530613,0.46448098244734337,-0.010612244897959186,0.4828228848800063,0.05,0.8111224489795918,0.44553818630715664,-0.013571428571428573,0.46719620311632754,0.05,1.72,1.43,scratch,adaptive_random_to_low_10,200
71,2,0.59,0.965,0.935,0.91,4.475,4.435,4.335,0.1236431896686554,0.18706800043582916,1.1938965320587158,0.595,0.035,0.385,0.355,10.0,0.8177551020408163,0.4787876277702385,-0.006938775510204085,0.4875453874375671,0.05,0.8143367346938776,0.46272949859840395,-0.010357142857142858,0.4758920455724001,0.05,1.725,1.39,scratch,adaptive_random_to_low_10,200
72,2,0.58,0.965,0.905,0.895,4.84,4.435,4.45,0.2068825364112854,0.22457081079483032,1.1794565916061401,0.585,0.065,0.395,0.35,10.0,0.8139795918367346,0.468757832949494,-0.010714285714285721,0.4903321910835803,0.05,0.8110204081632654,0.45890860813107426,-0.013673469387755101,0.48003495724871753,0.05,1.755,1.465,scratch,adaptive_random_to_low_10,200
73,2,0.585,0.965,0.915,0.92,4.52,4.435,4.505,0.1578955501317978,0.1796998530626297,1.1616957187652588,0.59,0.06,0.39,0.35,10.0,0.8138775510204082,0.468480269092594,-0.010816326530612248,0.4790772292204201,0.05,0.8108673469387755,0.4539693076475617,-0.013826530612244899,0.466935356631875,0.05,1.795,1.5,scratch,adaptive_random_to_low_10,200
74,2,0.565,0.965,0.925,0.92,4.48,4.435,4.455,0.1028464287519455,0.14545324444770813,1.22035551071167,0.565,0.045,0.415,0.395,10.0,0.8105612244897958,0.469758238740683,-0.014132653061224491,0.4779227542411536,0.05,0.8079591836734693,0.4564631905412964,-0.016734693877551027,0.4655954913981259,0.05,1.66,1.405,scratch,adaptive_random_to_low_10,200
75,2,0.565,0.965,0.91,0.91,4.555,4.435,4.49,0.21059341728687286,0.20130029320716858,1.227613091468811,0.565,0.065,0.415,0.375,10.0,0.810561224489796,0.47273273029736074,-0.014132653061224494,0.4826436480786651,0.05,0.8081122448979592,0.4574622567941315,-0.016581632653061226,0.4662636578269303,0.05,1.62,1.38,scratch,adaptive_random_to_low_10,200
76,2,0.605,0.965,0.9,0.895,4.36,4.435,4.47,0.23234687745571136,0.24496100842952728,1.1590408086776733,0.61,0.07,0.37,0.34,10.0,0.8104081632653062,0.46445352091370085,-0.014285714285714289,0.4730314552038908,0.05,0.8084183673469388,0.4428199682250603,-0.016275510204081637,0.45716514160856603,0.05,1.655,1.46,scratch,adaptive_random_to_low_10,200
77,2,0.58,0.965,0.915,0.92,4.425,4.435,4.335,0.16259954869747162,0.17269904911518097,1.1827958822250366,0.585,0.06,0.395,0.355,10.0,0.8142346938775511,0.4735832888314361,-0.010459183673469388,0.47991635002195837,0.05,0.8116836734693876,0.45799006342016796,-0.013010204081632655,0.46999836683273316,0.05,1.685,1.435,scratch,adaptive_random_to_low_10,200
78,2,0.58,0.965,0.91,0.915,4.37,4.435,4.46,0.17994743585586548,0.16158431768417358,1.1266663074493408,0.585,0.065,0.395,0.35,10.0,0.8174489795918367,0.48557648421134103,-0.007244897959183676,0.4917775184521452,0.05,0.8131632653061226,0.46452961901716494,-0.011530612244897962,0.4722637717006728,0.05,1.77,1.35,scratch,adaptive_random_to_low_10,200
79,2,0.6,0.965,0.93,0.925,4.665,4.435,4.48,0.1514272838830948,0.1451001614332199,1.1508417129516602,0.6,0.045,0.375,0.335,10.0,0.8104081632653061,0.4622974029349621,-0.014285714285714289,0.4778566752653569,0.05,0.8072959183673469,0.44630523250604714,-0.01739795918367347,0.4570523624867201,0.05,1.63,1.325,scratch,adaptive_random_to_low_10,200
80,2,0.61,0.965,0.945,0.92,4.41,4.435,4.45,0.1574193239212036,0.17176376283168793,1.1625012159347534,0.615,0.035,0.365,0.34,10.0,0.8159183673469387,0.4739508784564225,-0.008775510204081634,0.4807115953415632,0.05,0.8122448979591838,0.45562919536762964,-0.012448979591836738,0.46161619848106056,0.05,1.79,1.43,scratch,adaptive_random_to_low_10,200
81,2,0.605,0.965,0.93,0.9,4.56,4.435,4.575,0.1624966859817505,0.2241280972957611,1.1796848773956299,0.61,0.05,0.37,0.345,10.0,0.8068877551020407,0.44707955107099534,-0.017806122448979597,0.46207115495577455,0.05,0.8027551020408165,0.44066060052318445,-0.021938775510204084,0.4533967333612964,0.05,1.64,1.235,scratch,adaptive_random_to_low_10,200
82,2,0.565,0.965,0.925,0.93,4.545,4.435,4.505,0.16742032766342163,0.15878376364707947,1.1874264478683472,0.57,0.05,0.41,0.375,10.0,0.8058673469387756,0.44964503842232856,-0.0188265306122449,0.4647404314018786,0.05,0.8033673469387757,0.4350824306573936,-0.021326530612244897,0.4512457402516156,0.05,1.59,1.345,scratch,adaptive_random_to_low_10,200
83,2,0.625,0.965,0.925,0.92,4.27,4.435,4.455,0.16522392630577087,0.16162769496440887,1.1206403970718384,0.63,0.055,0.35,0.33,10.0,0.8118367346938775,0.47237329813284396,-0.012857142857142859,0.4784648722596467,0.05,0.8086734693877551,0.4571584602418027,-0.01602040816326531,0.46486743023619054,0.05,1.655,1.345,scratch,adaptive_random_to_low_10,200
84,2,0.585,0.965,0.91,0.925,4.285,4.435,4.46,0.2160062938928604,0.1647639274597168,1.193048357963562,0.585,0.065,0.39,0.35,10.0,0.8131632653061226,0.4710375824599844,-0.011530612244897962,0.4772210312448442,0.05,0.8107653061224489,0.46203668819585825,-0.01392857142857143,0.46091815434396266,0.05,1.58,1.345,scratch,adaptive_random_to_low_10,200
85,2,0.575,0.965,0.93,0.915,4.57,4.435,4.48,0.13372920453548431,0.18689393997192383,1.1855063438415527,0.58,0.04,0.4,0.37,10.0,0.8097959183673469,0.4582558712864696,-0.014897959183673475,0.4717339129187167,0.05,0.8083673469387754,0.451514601847801,-0.0163265306122449,0.4601534952968359,0.05,1.59,1.45,scratch,adaptive_random_to_low_10,200
86,2,0.59,0.965,0.925,0.92,4.435,4.435,4.535,0.15704476833343506,0.18295547366142273,1.1803821325302124,0.59,0.05,0.385,0.35,10.0,0.810204081632653,0.46412690576831983,-0.014489795918367352,0.4771338759548962,0.05,0.8084183673469388,0.4523712342617082,-0.01627551020408163,0.4651178021915257,0.05,1.605,1.43,scratch,adaptive_random_to_low_10,200
87,2,0.595,0.965,0.95,0.92,4.38,4.435,4.5,0.11931859701871872,0.1950438916683197,1.2050843238830566,0.6,0.025,0.38,0.36,10.0,0.8089795918367346,0.45587213950236216,-0.01571428571428572,0.47154063833877446,0.05,0.8077040816326531,0.44586716884829886,-0.016989795918367346,0.45475494537502525,0.05,1.635,1.51,scratch,adaptive_random_to_low_10,200
88,2,0.58,0.965,0.92,0.925,4.455,4.435,4.44,0.18020480871200562,0.16301341354846954,1.2152520418167114,0.585,0.055,0.395,0.355,10.0,0.8089285714285714,0.4546812593660709,-0.015765306122448985,0.46855087919160726,0.05,0.8072959183673469,0.4517018486554278,-0.017397959183673473,0.45952527318149805,0.05,1.61,1.45,scratch,adaptive_random_to_low_10,200
89,2,0.585,0.965,0.93,0.905,4.38,4.435,4.455,0.17187637090682983,0.1713353395462036,1.2129337787628174,0.59,0.045,0.39,0.365,10.0,0.8107653061224489,0.4607883791297529,-0.013928571428571433,0.4707852023094892,0.05,0.8075,0.4517468991261248,-0.01719387755102041,0.4649643513932824,0.05,1.705,1.385,scratch,adaptive_random_to_low_10,200
90,2,0.58,0.965,0.92,0.915,4.465,4.435,4.485,0.19157050549983978,0.19083908200263977,1.2196753025054932,0.585,0.055,0.395,0.36,10.0,0.8101020408163265,0.4579838147370808,-0.01459183673469388,0.468585557192564,0.05,0.8065816326530612,0.4505973014625969,-0.018112244897959186,0.4585176998563111,0.05,1.68,1.335,scratch,adaptive_random_to_low_10,200
91,2,0.58,0.965,0.91,0.905,4.435,4.435,4.44,0.19459152221679688,0.20882053673267365,1.2139770984649658,0.58,0.065,0.395,0.355,10.0,0.8097448979591837,0.4611575112273535,-0.014948979591836737,0.47163113137707113,0.05,0.8077551020408162,0.4566121419607709,-0.016938775510204084,0.46872693648561836,0.05,1.59,1.395,scratch,adaptive_random_to_low_10,200
92,2,0.6,0.965,0.935,0.905,4.415,4.435,4.45,0.13950785994529724,0.22791869938373566,1.2058948278427124,0.6,0.035,0.375,0.355,10.0,0.8094897959183673,0.4592918689737928,-0.015204081632653067,0.47043772829696534,0.05,0.8074489795918367,0.452140722263897,-0.017244897959183672,0.46373429499566554,0.05,1.58,1.38,scratch,adaptive_random_to_low_10,200
93,2,0.59,0.965,0.93,0.9,4.42,4.435,4.45,0.15829946100711823,0.20768195390701294,1.2118927240371704,0.59,0.04,0.385,0.36,10.0,0.8090816326530611,0.45452624346045084,-0.01561224489795919,0.46682089671492577,0.05,0.8062755102040816,0.4425692270844004,-0.018418367346938778,0.4539105037227273,0.05,1.65,1.375,scratch,adaptive_random_to_low_10,200
94,2,0.59,0.965,0.92,0.905,4.43,4.435,4.42,0.17928192019462585,0.20291054248809814,1.2031664848327637,0.59,0.055,0.385,0.355,10.0,0.8095918367346938,0.4583275685025964,-0.015102040816326536,0.47077920131385326,0.05,0.8063265306122449,0.4459511091666603,-0.018367346938775512,0.4553133882954717,0.05,1.6,1.28,scratch,adaptive_random_to_low_10,200
95,2,0.585,0.965,0.92,0.91,4.465,4.435,4.365,0.15861347317695618,0.204388827085495,1.209887981414795,0.595,0.055,0.39,0.36,10.0,0.8099489795918366,0.4622280224542345,-0.01474489795918368,0.4732990688830614,0.05,0.8068367346938774,0.4469642234652328,-0.017857142857142863,0.458848521951586,0.05,1.62,1.315,scratch,adaptive_random_to_low_10,200
96,2,0.575,0.965,0.925,0.91,4.455,4.435,4.385,0.16633115708827972,0.19240722060203552,1.214073657989502,0.575,0.05,0.4,0.375,10.0,0.8093367346938776,0.45997818036875343,-0.015357142857142864,0.4717680774629116,0.05,0.8062244897959183,0.4451244618530295,-0.018469387755102044,0.4615426956117153,0.05,1.66,1.355,scratch,adaptive_random_to_low_10,200
97,2,0.585,0.965,0.92,0.905,4.445,4.435,4.385,0.18244968354701996,0.19584272801876068,1.2110882997512817,0.585,0.055,0.39,0.36,10.0,0.8092857142857142,0.45860882723650087,-0.015408163265306127,0.471439905166626,0.05,0.8062755102040816,0.4450351843275558,-0.01841836734693878,0.45900014551356433,0.05,1.665,1.37,scratch,adaptive_random_to_low_10,200
98,2,0.585,0.965,0.93,0.91,4.44,4.435,4.42,0.164774090051651,0.18709947168827057,1.2094204425811768,0.585,0.045,0.39,0.36,10.0,0.8095408163265305,0.4584048112300524,-0.015153061224489806,0.471633622571826,0.05,0.8064795918367347,0.4450349206469642,-0.018214285714285718,0.46103088270872833,0.05,1.665,1.365,scratch,adaptive_random_to_low_10,200
99,2,0.585,0.965,0.925,0.905,4.44,4.435,4.4,0.17314837872982025,0.17392319440841675,1.2108312845230103,0.585,0.05,0.39,0.36,10.0,0.8092857142857142,0.4571154935688708,-0.01540816326530613,0.47054511073976757,0.05,0.8062755102040816,0.44516434587259196,-0.018418367346938778,0.4597706733830273,0.05,1.68,1.385,scratch,adaptive_random_to_low_10,200
100,2,0.59,0.965,0.94,0.905,4.395,4.435,4.405,0.15490616858005524,0.16767564415931702,1.2123984098434448,0.59,0.035,0.385,0.365,10.0,0.8092346938775511,0.4576278139596931,-0.015459183673469394,0.4707893676683307,0.05,0.8061224489795918,0.44278886468066403,-0.018571428571428576,0.45534490505233405,0.05,1.695,1.39,scratch,adaptive_random_to_low_10,200
0,2,0.065,0.965,0.91,0.85,4.245,4.435,4.51,0.2247770130634308,0.3516729772090912,1.8255970478057861,0.07,0.07,0.9,0.84,10.0,0.8288265306122449,0.5289082416411598,0.004132653061224483,0.5292614312935621,0.05,0.8279591836734693,0.5297952212841659,0.003265306122448975,0.5325830126926303,0.05,1.7,1.615,scratch,random_low_mixed_10,200
1,2,0.315,0.965,0.935,0.92,4.58,4.435,4.33,0.10286311060190201,0.12832732498645782,1.5210692882537842,0.315,0.035,0.655,0.63,10.0,0.8153061224489795,0.4307654636877838,-0.009387755102040818,0.4455255891801789,0.05,0.8172959183673469,0.4424076827328931,-0.007397959183673468,0.4578186474088579,0.05,1.735,1.93,scratch,random_low_mixed_10,200
2,2,0.28,0.965,0.955,0.92,4.86,4.435,4.36,0.097547248005867,0.15442146360874176,1.4783108234405518,0.28,0.02,0.69,0.675,10.0,0.8117346938775509,0.4197160101493382,-0.012959183673469394,0.4279412310849875,0.05,0.8137244897959184,0.42942134184885816,-0.010969387755102047,0.4453630488901399,0.05,1.63,1.825,scratch,random_low_mixed_10,200
3,2,0.33,0.965,0.91,0.86,4.85,4.435,4.375,0.1829482465982437,0.28538966178894043,1.445106863975525,0.335,0.065,0.635,0.58,10.0,0.8268367346938775,0.4639875125416549,0.0021428571428571395,0.4676043998711975,0.05,0.8264285714285714,0.4870963513961049,0.0017346938775510135,0.4875047032721341,0.05,1.76,1.72,scratch,random_low_mixed_10,200
4,2,0.38,0.965,0.875,0.81,5.055,4.435,4.32,0.2986129820346832,0.4403369426727295,1.3847987651824951,0.39,0.1,0.585,0.515,10.0,0.8258673469387756,0.5111691095379207,0.0011734693877551022,0.5170584076357773,0.05,0.8253061224489795,0.5096402263184345,0.0006122448979591793,0.5106152666732668,0.05,1.77,1.715,scratch,random_low_mixed_10,200
5,2,0.385,0.965,0.895,0.855,4.855,4.435,4.39,0.24083702266216278,0.32540255784988403,1.4099647998809814,0.395,0.075,0.58,0.52,10.0,0.8255612244897957,0.4956135346715795,0.0008673469387755028,0.5048095755884424,0.05,0.825612244897959,0.5029879989735495,0.0009183673469387705,0.51632553268224,0.05,1.745,1.75,scratch,random_low_mixed_10,200
6,2,0.445,0.965,0.89,0.855,3.725,4.435,4.48,0.23968181014060974,0.3902043104171753,1.2384365797042847,0.465,0.085,0.52,0.455,10.0,0.8488265306122449,0.55393308866025,0.024132653061224484,0.5541413111798466,0.05,0.843469387755102,0.548724740128803,0.018775510204081632,0.5487453415617347,0.05,2.035,1.51,scratch,random_low_mixed_10,200
7,2,0.48,0.965,0.88,0.84,4.5,4.435,4.44,0.24654167890548706,0.37230247259140015,1.1708112955093384,0.495,0.085,0.485,0.415,10.0,0.8308673469387755,0.5087389314279187,0.0061734693877551,0.5222088475339115,0.05,0.8296938775510205,0.5126039139786416,0.004999999999999999,0.5172130399663001,0.05,1.845,1.73,scratch,random_low_mixed_10,200
8,2,0.49,0.965,0.865,0.86,4.435,4.435,4.475,0.275343656539917,0.2768917977809906,1.1337825059890747,0.495,0.1,0.475,0.39,10.0,0.8241836734693877,0.5189608403167881,-0.0005102040816326576,0.5288727000076324,0.05,0.8242346938775511,0.522963405110641,-0.00045918367346939494,0.5249486949201674,0.05,1.8,1.805,scratch,random_low_mixed_10,200
9,2,0.475,0.965,0.9,0.87,4.23,4.435,4.445,0.23278766870498657,0.2957434058189392,1.0897635221481323,0.49,0.075,0.49,0.425,10.0,0.8241326530612244,0.5143285767256336,-0.0005612244897959173,0.5168537379521877,0.05,0.8229591836734694,0.5123673104644307,-0.0017346938775510195,0.5122619952633977,0.05,1.765,1.65,scratch,random_low_mixed_10,200
10,2,0.535,0.965,0.89,0.88,4.49,4.435,4.49,0.2783266305923462,0.2882138192653656,1.0851571559906006,0.545,0.085,0.43,0.36,10.0,0.8177040816326531,0.5003439025271241,-0.006989795918367354,0.5090017245803028,0.05,0.8194897959183673,0.5021665953820489,-0.005204081632653067,0.5126100819651037,0.05,1.615,1.79,scratch,random_low_mixed_10,200
11,2,0.49,0.965,0.895,0.86,4.35,4.435,4.44,0.21683269739151,0.3061014413833618,1.0809297561645508,0.5,0.08,0.475,0.415,10.0,0.8231632653061225,0.5008287715124661,-0.0015306122448979604,0.507332281707786,0.05,0.825,0.5069749845219789,0.0003061224489795866,0.5116646440420299,0.05,1.6,1.78,scratch,random_low_mixed_10,200
12,2,0.55,0.965,0.905,0.885,4.43,4.435,4.3,0.18589600920677185,0.2788046598434448,1.044975757598877,0.565,0.07,0.415,0.36,10.0,0.8129081632653061,0.4850575742512521,-0.011785714285714288,0.500484659851063,0.05,0.8148469387755103,0.48501419758280206,-0.00984693877551021,0.49817250880412756,0.05,1.59,1.78,scratch,random_low_mixed_10,200
13,2,0.515,0.965,0.9,0.87,5.185,4.435,4.545,0.1965819150209427,0.2606998383998871,1.11734139919281,0.51,0.07,0.46,0.42,10.0,0.8162755102040816,0.49689014177324964,-0.00841836734693878,0.49968109992332754,0.05,0.8165306122448981,0.4988865926373451,-0.008163265306122457,0.4997312273364514,0.05,1.765,1.79,scratch,random_low_mixed_10,200
14,2,0.56,0.965,0.92,0.915,4.01,4.435,4.365,0.16750766336917877,0.17281901836395264,1.0359184741973877,0.565,0.06,0.41,0.375,10.0,0.8109183673469389,0.4641902776740341,-0.013775510204081638,0.47620281531475483,0.05,0.8136734693877551,0.47311443653210783,-0.011020408163265313,0.4838648259360343,0.05,1.615,1.885,scratch,random_low_mixed_10,200
15,2,0.555,0.965,0.895,0.865,4.15,4.435,4.44,0.1802815943956375,0.2818758189678192,0.9565527439117432,0.565,0.07,0.415,0.365,10.0,0.8157653061224491,0.47138227551163725,-0.008928571428571426,0.49457869090139867,0.05,0.8164285714285714,0.47366102534919186,-0.008265306122448983,0.48907656176015735,0.05,1.715,1.78,scratch,random_low_mixed_10,200
16,2,0.555,0.965,0.895,0.87,4.72,4.435,4.3,0.244240403175354,0.2819187641143799,0.9543879628181458,0.555,0.075,0.42,0.36,10.0,0.8194897959183673,0.49890848288354844,-0.005204081632653065,0.5107015821710229,0.05,0.8215306122448979,0.5055641272179089,-0.0031632653061224535,0.5133423143997788,0.05,1.64,1.84,scratch,random_low_mixed_10,200
17,2,0.545,0.965,0.92,0.895,4.365,4.435,4.455,0.219680055975914,0.242944598197937,0.9921647906303406,0.55,0.055,0.425,0.37,10.0,0.8191326530612244,0.483175912089573,-0.005561224489795919,0.48606879300437866,0.05,0.8204081632653062,0.48199761631886423,-0.00428571428571429,0.4916525693843141,0.05,1.74,1.865,scratch,random_low_mixed_10,200
18,2,0.52,0.965,0.885,0.855,4.345,4.435,4.315,0.22871635854244232,0.2923583686351776,1.0247089862823486,0.525,0.08,0.45,0.395,10.0,0.8332653061224488,0.5233462926803061,0.00857142857142857,0.5257098902761936,0.05,0.8313265306122449,0.5166838751850713,0.006632653061224489,0.5191635575331748,0.05,1.8,1.61,scratch,random_low_mixed_10,200
19,2,0.575,0.965,0.91,0.87,4.12,4.435,4.32,0.17584678530693054,0.3283558785915375,0.9244741797447205,0.585,0.06,0.39,0.355,10.0,0.8199489795918368,0.5032276821955087,-0.004744897959183685,0.5157088071620092,0.05,0.8203571428571428,0.4912008370307743,-0.004336734693877559,0.5085106110665947,0.05,1.73,1.77,scratch,random_low_mixed_10,200
20,2,0.535,0.965,0.915,0.89,4.505,4.435,4.415,0.1997869312763214,0.269244909286499,1.0844796895980835,0.54,0.06,0.435,0.4,10.0,0.8308163265306122,0.539129033031856,0.0061224489795918295,0.5257755852770061,0.05,0.8302551020408163,0.5424311993749381,0.005561224489795917,0.5286951263900846,0.05,1.775,1.72,scratch,random_low_mixed_10,200
21,2,0.565,0.965,0.89,0.835,4.38,4.435,4.385,0.23706687986850739,0.38141852617263794,0.9604418873786926,0.57,0.075,0.405,0.345,10.0,0.8333673469387755,0.5304248734480436,0.008673469387755102,0.5431732813362032,0.05,0.8307653061224489,0.5270999478768186,0.006071428571428572,0.5405199203081429,0.05,1.84,1.585,scratch,random_low_mixed_10,200
22,2,0.565,0.965,0.9,0.895,4.465,4.435,4.28,0.21837587654590607,0.2600705027580261,0.9236125946044922,0.58,0.07,0.4,0.35,10.0,0.8140816326530613,0.4666736361027384,-0.010612244897959186,0.48905746712349357,0.05,0.8169387755102039,0.46872107708135824,-0.007755102040816329,0.48987529771402477,0.05,1.56,1.84,scratch,random_low_mixed_10,200
23,2,0.525,0.965,0.93,0.875,4.485,4.435,4.535,0.1800769567489624,0.3266589045524597,0.9755895733833313,0.525,0.045,0.445,0.41,10.0,0.8108163265306123,0.4676061869010022,-0.013877551020408165,0.4898822589498013,0.05,0.8130612244897958,0.48118706852539356,-0.011632653061224492,0.49962899449281395,0.05,1.575,1.795,scratch,random_low_mixed_10,200
24,2,0.55,0.965,0.905,0.89,4.855,4.435,4.425,0.20798254013061523,0.24812433123588562,0.9815523624420166,0.565,0.065,0.42,0.37,10.0,0.8159183673469387,0.48396127393012084,-0.008775510204081634,0.4973571722954512,0.05,0.8183163265306121,0.49443494598578974,-0.0063775510204081695,0.5050578792206943,0.05,1.67,1.905,scratch,random_low_mixed_10,200
25,2,0.575,0.965,0.91,0.88,4.605,4.435,4.405,0.1678602248430252,0.29143717885017395,0.9390142560005188,0.575,0.06,0.4,0.36,10.0,0.8214285714285714,0.4993447781064936,-0.003265306122448983,0.5091980477934703,0.05,0.8223979591836735,0.4939849655164096,-0.00229591836734694,0.5060326688736677,0.05,1.735,1.83,scratch,random_low_mixed_10,200
26,2,0.595,0.965,0.92,0.905,4.49,4.435,4.445,0.1953115016222,0.20493274927139282,0.986031711101532,0.595,0.06,0.385,0.34,10.0,0.8164285714285714,0.4862685785586001,-0.008265306122448983,0.49485115461982787,0.05,0.8171428571428572,0.48243772181855926,-0.007551020408163267,0.49656672230921683,0.05,1.64,1.71,scratch,random_low_mixed_10,200
27,2,0.565,0.965,0.935,0.895,4.685,4.435,4.385,0.16441327333450317,0.2206604778766632,0.975080132484436,0.565,0.04,0.405,0.38,10.0,0.8142346938775511,0.4629154366820076,-0.01045918367346939,0.48215298283845187,0.05,0.8172959183673468,0.4710449096017339,-0.0073979591836734705,0.4878776213340461,0.05,1.635,1.935,scratch,random_low_mixed_10,200
28,2,0.585,0.965,0.9,0.88,4.315,4.435,4.505,0.20258298516273499,0.22138923406600952,0.9765321612358093,0.59,0.07,0.385,0.34,10.0,0.8267857142857141,0.5010226879729119,0.002091836734693879,0.5136303014215082,0.05,0.8261224489795919,0.4990637113854627,0.0014285714285714258,0.5085607797186822,0.05,1.74,1.675,scratch,random_low_mixed_10,200
29,2,0.63,0.965,0.915,0.905,4.91,4.435,4.42,0.17731761932373047,0.2275743931531906,0.8958005309104919,0.64,0.06,0.34,0.305,10.0,0.8218877551020408,0.501190532810963,-0.002806122448979599,0.5031800566986203,0.05,0.8221428571428571,0.502257981885514,-0.0025510204081632703,0.5075190375652164,0.05,1.75,1.775,scratch,random_low_mixed_10,200
30,2,0.59,0.965,0.935,0.9,4.655,4.435,4.435,0.1508927345275879,0.22322265803813934,1.051026463508606,0.59,0.04,0.38,0.36,10.0,0.8162755102040816,0.48606083637990016,-0.008418367346938781,0.48828985979780554,0.05,0.8168877551020408,0.47728220556831463,-0.007806122448979597,0.4804264918901026,0.05,1.595,1.655,scratch,random_low_mixed_10,200
31,2,0.555,0.965,0.92,0.89,4.71,4.435,4.29,0.14771586656570435,0.21224984526634216,0.9979422688484192,0.565,0.045,0.415,0.385,10.0,0.8242346938775509,0.4952471551387994,-0.0004591836734693927,0.5046195196826011,0.05,0.8259693877551021,0.5060287126964577,0.0012755102040816313,0.5048765358980745,0.05,1.655,1.825,scratch,random_low_mixed_10,200
32,2,0.615,0.965,0.89,0.88,4.305,4.435,4.255,0.1881108433008194,0.2647974491119385,0.9808691143989563,0.61,0.08,0.36,0.315,10.0,0.8087244897959184,0.4610822045521822,-0.015969387755102045,0.4738702715560794,0.05,0.8116836734693877,0.4723308237986467,-0.013010204081632653,0.4798312694393098,0.05,1.645,1.935,scratch,random_low_mixed_10,200
33,2,0.61,0.965,0.93,0.9,4.16,4.435,4.475,0.16775138676166534,0.27465885877609253,0.9003639221191406,0.61,0.05,0.365,0.325,10.0,0.8137755102040817,0.4832978326614198,-0.01091836734693878,0.49900248511694373,0.05,0.8154081632653061,0.4770551926616768,-0.009285714285714291,0.49886592119932177,0.05,1.655,1.815,scratch,random_low_mixed_10,200
34,2,0.58,0.965,0.895,0.895,4.58,4.435,4.42,0.19725975394248962,0.19032599031925201,1.0127654075622559,0.57,0.07,0.4,0.36,10.0,0.8168877551020409,0.4627937118335793,-0.007806122448979598,0.47591398244723676,0.05,0.8183163265306121,0.4600365977488773,-0.0063775510204081695,0.4783168965578079,0.05,1.56,1.7,scratch,random_low_mixed_10,200
35,2,0.62,0.965,0.9,0.895,4.295,4.435,4.29,0.23253792524337769,0.2924686670303345,0.9943521022796631,0.615,0.075,0.36,0.31,10.0,0.8304591836734693,0.5148112723410844,0.005765306122448977,0.5132057678326964,0.05,0.8293877551020408,0.5051129060318753,0.004693877551020402,0.5072781930677592,0.05,1.8,1.695,scratch,random_low_mixed_10,200
36,2,0.605,0.965,0.89,0.895,4.34,4.435,4.495,0.22713591158390045,0.24668292701244354,1.0705698728561401,0.6,0.08,0.375,0.33,10.0,0.8210204081632654,0.4890072238366236,-0.003673469387755104,0.4938641378283501,0.05,0.820561224489796,0.4953660753555151,-0.004132653061224493,0.4983018435910344,0.05,1.775,1.73,scratch,random_low_mixed_10,200
37,2,0.59,0.965,0.895,0.895,4.375,4.435,4.39,0.23151835799217224,0.25312352180480957,1.107729434967041,0.58,0.08,0.39,0.33,10.0,0.8267857142857143,0.48707698514943953,0.0020918367346938775,0.5054834294551983,0.05,0.8281632653061224,0.4886589844459371,0.003469387755102041,0.5077419379912317,0.05,1.675,1.81,scratch,random_low_mixed_10,200
38,2,0.54,0.965,0.92,0.905,5.0,4.435,4.385,0.1292036920785904,0.23207037150859833,1.106553316116333,0.54,0.05,0.435,0.4,10.0,0.8146428571428571,0.459377894506726,-0.010051020408163264,0.47475720431888474,0.05,0.8172959183673469,0.47533171795095086,-0.007397959183673471,0.4878268728032708,0.05,1.61,1.87,scratch,random_low_mixed_10,200
39,2,0.53,0.965,0.915,0.895,4.655,4.435,4.425,0.17012301087379456,0.257448673248291,1.2249923944473267,0.52,0.06,0.45,0.41,10.0,0.8265816326530612,0.49723372197012017,0.0018877551020408123,0.5027679029677529,0.05,0.8263775510204081,0.5034733961869651,0.0016836734693877514,0.5000853931065649,0.05,1.795,1.775,scratch,random_low_mixed_10,200
40,2,0.56,0.965,0.925,0.88,4.285,4.435,4.41,0.20597432553768158,0.31681740283966064,1.1378287076950073,0.565,0.05,0.41,0.375,10.0,0.8283163265306124,0.5117886786346938,0.0036224489795918333,0.5222797861136496,0.05,0.8281122448979591,0.5151056642243883,0.0034183673469387727,0.5273511104099452,0.05,1.705,1.685,scratch,random_low_mixed_10,200
41,2,0.575,0.965,0.9,0.87,4.825,4.435,4.295,0.25042203068733215,0.3417559862136841,1.081489086151123,0.57,0.075,0.4,0.36,10.0,0.8300510204081633,0.5062599201606754,0.00535714285714285,0.5220191526971757,0.05,0.8270408163265307,0.4943880367645616,0.002346938775510198,0.5131587170436979,0.05,1.81,1.515,scratch,random_low_mixed_10,200
42,2,0.57,0.965,0.92,0.91,4.795,4.435,4.32,0.17162072658538818,0.17234393954277039,1.2144039869308472,0.565,0.05,0.405,0.37,10.0,0.8188775510204082,0.4770697929294552,-0.0058163265306122505,0.4872575730457902,0.05,0.8203061224489795,0.4822186659408123,-0.00438775510204082,0.4947549357358366,0.05,1.665,1.805,scratch,random_low_mixed_10,200
43,2,0.58,0.965,0.94,0.9,4.77,4.435,4.425,0.14798370003700256,0.20785009860992432,1.196889042854309,0.575,0.035,0.395,0.375,10.0,0.8203571428571428,0.4855046410420151,-0.004336734693877556,0.4928764720261097,0.05,0.8210714285714286,0.4945499007635278,-0.0036224489795918407,0.5039063090458512,0.05,1.67,1.74,scratch,random_low_mixed_10,200
44,2,0.575,0.965,0.93,0.91,4.965,4.435,4.35,0.15825675427913666,0.2283400595188141,1.1787811517715454,0.575,0.045,0.4,0.375,10.0,0.822295918367347,0.4860046752248847,-0.0023979591836734686,0.49555377712473275,0.05,0.8225,0.4855379794983385,-0.0021938775510204106,0.4971492824330926,0.05,1.71,1.73,scratch,random_low_mixed_10,200
45,2,0.565,0.965,0.91,0.91,4.51,4.435,4.51,0.16658920049667358,0.18358902633190155,1.1484304666519165,0.56,0.055,0.41,0.385,10.0,0.8268877551020407,0.4863045423061604,0.0021938775510204063,0.49845641813240943,0.05,0.825969387755102,0.48914997227608276,0.0012755102040816308,0.49663365563377737,0.05,1.785,1.695,scratch,random_low_mixed_10,200
46,2,0.565,0.965,0.925,0.905,4.465,4.435,4.395,0.1513417661190033,0.2060346007347107,1.221329689025879,0.565,0.045,0.405,0.365,10.0,0.8306122448979592,0.5110000363096797,0.005918367346938771,0.5180268717557192,0.05,0.8307142857142858,0.5150328135215924,0.0060204081632653055,0.5178943832591176,0.05,1.785,1.795,scratch,random_low_mixed_10,200
47,2,0.545,0.965,0.915,0.91,4.435,4.435,4.465,0.13625404238700867,0.17495925724506378,1.2235924005508423,0.55,0.05,0.43,0.405,10.0,0.8231632653061225,0.4777398162911048,-0.0015306122448979658,0.4823281034268439,0.05,0.8241836734693877,0.4782787004746232,-0.000510204081632657,0.48266777757555246,0.05,1.67,1.77,scratch,random_low_mixed_10,200
48,2,0.56,0.965,0.92,0.895,4.795,4.435,4.39,0.1711316555738449,0.2342890352010727,1.245792269706726,0.555,0.055,0.415,0.385,10.0,0.8260714285714285,0.5170197415583162,0.0013775510204081577,0.5174936811067163,0.05,0.825,0.517362440451987,0.00030612244897958884,0.5199153207056224,0.05,1.745,1.64,scratch,random_low_mixed_10,200
49,2,0.585,0.965,0.92,0.895,4.67,4.435,4.35,0.1831900030374527,0.23104099929332733,1.210455298423767,0.595,0.055,0.385,0.35,10.0,0.8232142857142858,0.4966609668413506,-0.0014795918367346977,0.507315209172666,0.05,0.8237244897959184,0.4863506042123153,-0.0009693877551020425,0.5037391001172363,0.05,1.685,1.735,scratch,random_low_mixed_10,200
50,2,0.56,0.965,0.925,0.91,4.805,4.435,4.53,0.15600460767745972,0.20431627333164215,1.1899657249450684,0.56,0.045,0.41,0.375,10.0,0.8268367346938774,0.49160827076253394,0.0021428571428571395,0.49255072882398965,0.05,0.8262755102040816,0.49760502378478466,0.0015816326530612207,0.498509739395231,0.05,1.81,1.755,scratch,random_low_mixed_10,200
51,2,0.565,0.965,0.91,0.89,4.69,4.435,4.515,0.22935153543949127,0.2509823143482208,1.242356777191162,0.56,0.06,0.41,0.36,10.0,0.8173469387755102,0.47881032399830836,-0.007346938775510208,0.4951117426156998,0.05,0.8162755102040816,0.4778065339681566,-0.00841836734693878,0.4935522614978254,0.05,1.715,1.61,scratch,random_low_mixed_10,200
52,2,0.56,0.965,0.89,0.89,4.7,4.435,4.39,0.25606128573417664,0.2457052618265152,1.3016345500946045,0.555,0.08,0.415,0.355,10.0,0.8207653061224491,0.47466282729059456,-0.0039285714285714314,0.48166856952477244,0.05,0.820204081632653,0.47150527728548086,-0.0044897959183673505,0.48724816769827156,0.05,1.65,1.595,scratch,random_low_mixed_10,200
53,2,0.565,0.965,0.885,0.895,4.755,4.435,4.345,0.25966063141822815,0.28525248169898987,1.305178165435791,0.565,0.085,0.41,0.345,10.0,0.8201020408163265,0.4800300245410359,-0.004591836734693878,0.4956390563212335,0.05,0.8214795918367347,0.48619870972223883,-0.0032142857142857207,0.4946353249438107,0.05,1.66,1.795,scratch,random_low_mixed_10,200
54,2,0.55,0.965,0.89,0.9,4.805,4.435,4.37,0.2170601785182953,0.2679121494293213,1.2947032451629639,0.55,0.08,0.425,0.37,10.0,0.8141326530612245,0.4729219679747488,-0.01056122448979592,0.49006975748576226,0.05,0.8153061224489795,0.47886346136335267,-0.009387755102040825,0.4904630541428924,0.05,1.555,1.67,scratch,random_low_mixed_10,200
55,2,0.575,0.965,0.91,0.905,4.45,4.435,4.41,0.17118418216705322,0.2401648759841919,1.2176834344863892,0.575,0.065,0.4,0.345,10.0,0.820561224489796,0.4621499420707242,-0.004132653061224497,0.48526173083111646,0.05,0.8195918367346938,0.4713105704019867,-0.005102040816326532,0.4842404036503285,0.05,1.71,1.615,scratch,random_low_mixed_10,200
56,2,0.605,0.965,0.94,0.925,4.735,4.435,4.405,0.12230785191059113,0.1559358388185501,1.1314221620559692,0.605,0.03,0.365,0.345,10.0,0.8175510204081633,0.4590672528166608,-0.007142857142857142,0.4796271803043783,0.05,0.8178061224489795,0.4725934058647349,-0.00688775510204082,0.48511524783447385,0.05,1.59,1.615,scratch,random_low_mixed_10,200
57,2,0.595,0.965,0.915,0.92,4.585,4.435,4.45,0.17602993547916412,0.18161356449127197,1.1679006814956665,0.595,0.055,0.38,0.34,10.0,0.8260714285714286,0.4907800788240955,0.001377551020408161,0.5031687725149095,0.05,0.8260714285714286,0.4927594866229474,0.0013775510204081598,0.4983956615626812,0.05,1.66,1.66,scratch,random_low_mixed_10,200
58,2,0.595,0.965,0.9,0.9,4.96,4.435,4.335,0.2388405054807663,0.2255122810602188,1.2018650770187378,0.595,0.07,0.38,0.345,10.0,0.8264795918367348,0.4980185309627381,0.0017857142857142837,0.5111206803284586,0.05,0.8249489795918368,0.4949482287997512,0.00025510204081632737,0.5025260267220437,0.05,1.745,1.595,scratch,random_low_mixed_10,200
59,2,0.525,0.965,0.92,0.91,4.61,4.435,4.39,0.14564543962478638,0.184148371219635,1.3687230348587036,0.525,0.045,0.445,0.41,10.0,0.8233163265306124,0.4886177117793157,-0.0013775510204081702,0.49906503949314357,0.05,0.8231632653061223,0.48039355683905666,-0.001530612244897962,0.4910747116059065,0.05,1.63,1.615,scratch,random_low_mixed_10,200
60,2,0.575,0.965,0.89,0.9,4.77,4.435,4.385,0.19975361227989197,0.2050110101699829,1.237914800643921,0.575,0.075,0.395,0.35,10.0,0.8225,0.47191826237233075,-0.002193877551020408,0.4911786706373096,0.05,0.822295918367347,0.47203282945490066,-0.00239795918367347,0.48993834977969525,0.05,1.665,1.645,scratch,random_low_mixed_10,200
61,2,0.595,0.965,0.9,0.89,4.525,4.435,4.385,0.17494775354862213,0.21294833719730377,1.2288109064102173,0.59,0.065,0.385,0.355,10.0,0.8197448979591837,0.47223154968298164,-0.004948979591836741,0.4930703983362764,0.05,0.8192346938775509,0.4720175264139538,-0.00545918367346939,0.4906232480891049,0.05,1.685,1.635,scratch,random_low_mixed_10,200
62,2,0.595,0.965,0.915,0.915,4.61,4.435,4.42,0.2053685039281845,0.19712713360786438,1.2235496044158936,0.595,0.055,0.38,0.345,10.0,0.822908163265306,0.4859444637179188,-0.0017857142857142915,0.4962139362888411,0.05,0.8230102040816328,0.49162409443423993,-0.001683673469387757,0.49584396303165706,0.05,1.58,1.59,scratch,random_low_mixed_10,200
63,2,0.605,0.965,0.905,0.91,4.425,4.435,4.41,0.1709076315164566,0.18168193101882935,1.2078392505645752,0.6,0.065,0.375,0.34,10.0,0.8176530612244898,0.4732442959214865,-0.007040816326530617,0.48129970176145437,0.05,0.8162755102040816,0.46120642756750946,-0.008418367346938776,0.4810508069768548,0.05,1.73,1.595,scratch,random_low_mixed_10,200
64,2,0.6,0.965,0.915,0.895,4.65,4.435,4.47,0.20254571735858917,0.24613620340824127,1.1960644721984863,0.6,0.055,0.375,0.35,10.0,0.8268877551020408,0.4958742433703851,0.002193877551020405,0.5081918054819107,0.05,0.8259693877551021,0.4933372911031059,0.001275510204081628,0.5073215318471194,0.05,1.65,1.56,scratch,random_low_mixed_10,200
65,2,0.6,0.965,0.915,0.905,4.785,4.435,4.325,0.17808009684085846,0.2296379804611206,1.2348324060440063,0.605,0.06,0.38,0.35,10.0,0.8205612244897961,0.4902533268656961,-0.004132653061224491,0.5060073417238891,0.05,0.8200510204081632,0.4842309051815798,-0.0046428571428571465,0.4985525789670646,0.05,1.62,1.57,scratch,random_low_mixed_10,200
66,2,0.595,0.965,0.92,0.905,4.765,4.435,4.4,0.18607349693775177,0.20565170049667358,1.1494516134262085,0.605,0.05,0.375,0.35,10.0,0.8221428571428572,0.4863814977606697,-0.00255102040816327,0.5108026636391878,0.05,0.8205612244897957,0.47127689851107574,-0.004132653061224496,0.5015716448426246,0.05,1.78,1.625,scratch,random_low_mixed_10,200
67,2,0.605,0.965,0.915,0.92,4.62,4.435,4.36,0.16040927171707153,0.18571384251117706,1.1882667541503906,0.605,0.055,0.37,0.34,10.0,0.8196428571428572,0.4653324138465606,-0.005051020408163273,0.48977842586115,0.05,0.8198979591836735,0.47721014216575397,-0.004795918367346946,0.49429560812190176,0.05,1.64,1.665,scratch,random_low_mixed_10,200
68,2,0.585,0.965,0.905,0.905,4.61,4.435,4.425,0.20401908457279205,0.23370933532714844,1.209269404411316,0.59,0.065,0.385,0.36,10.0,0.8139795918367346,0.4573327600579479,-0.010714285714285721,0.477700110017322,0.05,0.8148979591836735,0.4759115844541076,-0.009795918367346945,0.4848152145370841,0.05,1.575,1.665,scratch,random_low_mixed_10,200
69,2,0.59,0.965,0.915,0.91,4.685,4.435,4.37,0.16713440418243408,0.19678883254528046,1.1991207599639893,0.595,0.055,0.385,0.35,10.0,0.8155612244897958,0.47314021026160763,-0.009132653061224493,0.489223790615797,0.05,0.8162755102040816,0.4738733283568435,-0.008418367346938778,0.49185667794197796,0.05,1.725,1.795,scratch,random_low_mixed_10,200
70,2,0.6,0.965,0.91,0.9,4.61,4.435,4.295,0.19810627400875092,0.22830989956855774,1.1892449855804443,0.595,0.06,0.375,0.335,10.0,0.8165816326530612,0.47612600296740765,-0.00811224489795919,0.4846861132699996,0.05,0.8166326530612245,0.4787995942986507,-0.008061224489795923,0.4890998070780188,0.05,1.545,1.55,scratch,random_low_mixed_10,200
71,2,0.63,0.965,0.92,0.92,4.515,4.435,4.315,0.14445003867149353,0.1767280548810959,1.132850170135498,0.625,0.05,0.345,0.325,10.0,0.8199489795918368,0.4823353506569629,-0.00474489795918368,0.4900399712100625,0.05,0.8181632653061226,0.4655740162892988,-0.006530612244897965,0.478079428113997,0.05,1.6,1.425,scratch,random_low_mixed_10,200
72,2,0.56,0.965,0.92,0.905,4.74,4.435,4.325,0.14249248802661896,0.19716045260429382,1.2373270988464355,0.565,0.05,0.41,0.365,10.0,0.8213265306122449,0.48779609783264694,-0.0033673469387755155,0.4951716848090291,0.05,0.8191326530612244,0.47278642601053616,-0.005561224489795927,0.4880116480588913,0.05,1.635,1.42,scratch,random_low_mixed_10,200
73,2,0.595,0.965,0.91,0.915,4.375,4.435,4.44,0.19190187752246857,0.18020498752593994,1.1751320362091064,0.59,0.06,0.38,0.335,10.0,0.8172448979591838,0.46474699539767445,-0.007448979591836737,0.47861213149502874,0.05,0.8161224489795919,0.4593788227073171,-0.008571428571428574,0.4768379253707826,0.05,1.645,1.535,scratch,random_low_mixed_10,200
74,2,0.62,0.965,0.905,0.905,4.71,4.435,4.255,0.18960914015769958,0.2351519614458084,1.171562671661377,0.615,0.06,0.36,0.315,10.0,0.8143367346938775,0.4527174835575376,-0.010357142857142863,0.4666259953379631,0.05,0.8146938775510205,0.4534252763586754,-0.010000000000000009,0.4678996173106134,0.05,1.56,1.595,scratch,random_low_mixed_10,200
75,2,0.635,0.965,0.905,0.9,4.52,4.435,4.445,0.18183092772960663,0.21160951256752014,1.1634705066680908,0.635,0.065,0.335,0.3,10.0,0.8145918367346939,0.46084400089253286,-0.010102040816326534,0.4688228949578479,0.05,0.8130612244897958,0.44726111521253453,-0.011632653061224496,0.4593238805653527,0.05,1.59,1.44,scratch,random_low_mixed_10,200
76,2,0.63,0.965,0.905,0.91,4.695,4.435,4.23,0.19234636425971985,0.192184716463089,1.1741414070129395,0.625,0.06,0.345,0.315,10.0,0.8173979591836735,0.4659484056313109,-0.007295918367346943,0.47841903967782856,0.05,0.8157142857142857,0.45870666773886404,-0.008979591836734697,0.47072474915534257,0.05,1.685,1.52,scratch,random_low_mixed_10,200
77,2,0.625,0.965,0.92,0.9,4.73,4.435,4.38,0.1607581526041031,0.20863845944404602,1.1644335985183716,0.62,0.05,0.35,0.315,10.0,0.8170408163265306,0.4718091578711889,-0.007653061224489801,0.48118995849043134,0.05,0.8158673469387755,0.4628009746791869,-0.008826530612244903,0.47298830691725013,0.05,1.555,1.44,scratch,random_low_mixed_10,200
78,2,0.6,0.965,0.9,0.89,4.545,4.435,4.325,0.18426311016082764,0.24637652933597565,1.168697714805603,0.6,0.065,0.37,0.34,10.0,0.8163775510204081,0.4612603627488334,-0.008316326530612246,0.4782719312235713,0.05,0.8162755102040816,0.4647432867484974,-0.00841836734693878,0.4823101777769625,0.05,1.6,1.59,scratch,random_low_mixed_10,200
79,2,0.61,0.965,0.9,0.89,4.6,4.435,4.385,0.2414388209581375,0.26869896054267883,1.1546777486801147,0.605,0.07,0.365,0.315,10.0,0.8170918367346939,0.4699260684820537,-0.007602040816326534,0.48433225134387614,0.05,0.8154081632653061,0.4657508323654449,-0.009285714285714288,0.4832540503703058,0.05,1.625,1.46,scratch,random_low_mixed_10,200
80,2,0.625,0.965,0.915,0.885,4.675,4.435,4.475,0.19849227368831635,0.27824828028678894,1.175991415977478,0.615,0.06,0.355,0.32,10.0,0.8157653061224489,0.46734783102117144,-0.008928571428571432,0.4855543847568333,0.05,0.8159183673469389,0.46245768005263477,-0.008775510204081637,0.48084224520251156,0.05,1.59,1.605,scratch,random_low_mixed_10,200
81,2,0.6,0.965,0.9,0.89,4.64,4.435,4.305,0.20405156910419464,0.2596343159675598,1.1832067966461182,0.6,0.07,0.37,0.32,10.0,0.8149489795918368,0.4600717850364118,-0.009744897959183676,0.4764303464908153,0.05,0.8150510204081632,0.46336270270094104,-0.009642857142857144,0.4800266304286197,0.05,1.59,1.6,scratch,random_low_mixed_10,200
82,2,0.575,0.965,0.92,0.9,4.74,4.435,4.325,0.18905852735042572,0.22619296610355377,1.1850298643112183,0.575,0.05,0.395,0.375,10.0,0.8137244897959184,0.45895773249520155,-0.010969387755102047,0.47589624799788,0.05,0.8133163265306124,0.4522046576369628,-0.01137755102040817,0.4732901374064386,0.05,1.575,1.535,scratch,random_low_mixed_10,200
83,2,0.61,0.965,0.925,0.905,4.39,4.435,4.355,0.1541959047317505,0.17624244093894958,1.1911078691482544,0.605,0.05,0.365,0.335,10.0,0.8134183673469387,0.4632351758536331,-0.011275510204081636,0.4768415987212211,0.05,0.8146428571428572,0.4621375972689576,-0.01005102040816327,0.4775903686136007,0.05,1.52,1.64,scratch,random_low_mixed_10,200
84,2,0.59,0.965,0.92,0.925,4.445,4.435,4.34,0.17922449111938477,0.15853454172611237,1.177791953086853,0.59,0.05,0.38,0.34,10.0,0.8120408163265306,0.4468809231509908,-0.012653061224489802,0.4622678783442825,0.05,0.8117857142857143,0.4394190763554864,-0.012908163265306128,0.45758337393868714,0.05,1.64,1.615,scratch,random_low_mixed_10,200
85,2,0.6,0.965,0.91,0.89,4.605,4.435,4.425,0.19222675263881683,0.24692124128341675,1.2066763639450073,0.595,0.06,0.375,0.335,10.0,0.814438775510204,0.4704828370833423,-0.010255102040816332,0.48300161386840046,0.05,0.8118877551020408,0.45983038253262676,-0.012806122448979598,0.47509242036379873,0.05,1.71,1.46,scratch,random_low_mixed_10,200
86,2,0.6,0.965,0.905,0.895,4.515,4.435,4.355,0.18285997211933136,0.2494993954896927,1.2094943523406982,0.595,0.06,0.375,0.335,10.0,0.8141326530612244,0.4621276288358057,-0.010561224489795924,0.4781817745696753,0.05,0.8119897959183673,0.4492452928127432,-0.012704081632653064,0.4703259154688567,0.05,1.66,1.45,scratch,random_low_mixed_10,200
87,2,0.59,0.965,0.915,0.9,4.54,4.435,4.295,0.20196084678173065,0.2277229279279709,1.2188969850540161,0.585,0.055,0.385,0.35,10.0,0.8117346938775509,0.4477527154704454,-0.01295918367346939,0.46482116086321185,0.05,0.8122448979591838,0.44638061370976795,-0.012448979591836738,0.46890212676953524,0.05,1.6,1.65,scratch,random_low_mixed_10,200
88,2,0.605,0.965,0.91,0.905,4.555,4.435,4.36,0.19018390774726868,0.22380739450454712,1.1981004476547241,0.6,0.06,0.37,0.335,10.0,0.8107142857142857,0.4459557505912003,-0.0139795918367347,0.46324606182053685,0.05,0.8103571428571428,0.4404610914568321,-0.014336734693877553,0.46055938497185706,0.05,1.625,1.59,scratch,random_low_mixed_10,200
89,2,0.6,0.965,0.93,0.9,4.605,4.435,4.415,0.16348804533481598,0.22594691812992096,1.196635365486145,0.6,0.04,0.37,0.345,10.0,0.8117857142857143,0.45371463617028085,-0.01290816326530613,0.46895067356526854,0.05,0.8119897959183673,0.44172743897437566,-0.012704081632653061,0.46106990104541185,0.05,1.625,1.645,scratch,random_low_mixed_10,200
90,2,0.59,0.965,0.915,0.9,4.565,4.435,4.335,0.17719478905200958,0.21946552395820618,1.2077584266662598,0.585,0.055,0.385,0.34,10.0,0.8106632653061224,0.45011696756152025,-0.014030612244897964,0.46567549515515566,0.05,0.8121938775510205,0.44150263195835765,-0.012500000000000004,0.4628610479272902,0.05,1.58,1.73,scratch,random_low_mixed_10,200
91,2,0.595,0.965,0.92,0.895,4.595,4.435,4.31,0.1691141128540039,0.23529386520385742,1.219679832458496,0.59,0.05,0.38,0.345,10.0,0.8112244897959183,0.45217635860988903,-0.013469387755102046,0.46774219173938036,0.05,0.8112244897959183,0.4418274134700538,-0.013469387755102046,0.4665136083588004,0.05,1.625,1.625,scratch,random_low_mixed_10,200
92,2,0.595,0.965,0.91,0.885,4.625,4.435,4.36,0.17178615927696228,0.24396653473377228,1.1985820531845093,0.59,0.06,0.38,0.345,10.0,0.8119897959183673,0.4535025626279493,-0.012704081632653066,0.47024231757968665,0.05,0.8111224489795918,0.4378295047829304,-0.013571428571428576,0.4624531534314156,0.05,1.62,1.535,scratch,random_low_mixed_10,200
93,2,0.595,0.965,0.92,0.885,4.545,4.435,4.425,0.15629842877388,0.2484080195426941,1.2111506462097168,0.595,0.05,0.38,0.35,10.0,0.8120918367346939,0.4564351476784472,-0.012602040816326529,0.4710081021115184,0.05,0.8126020408163265,0.45026357618710844,-0.012091836734693882,0.46682612705975773,0.05,1.495,1.545,scratch,random_low_mixed_10,200
94,2,0.6,0.965,0.915,0.89,4.535,4.435,4.305,0.19229580461978912,0.23945830762386322,1.2067986726760864,0.595,0.055,0.375,0.345,10.0,0.8114795918367347,0.4563513580926221,-0.013214285714285717,0.47387493221089244,0.05,0.8107653061224491,0.441327781556381,-0.013928571428571433,0.46218357268720867,0.05,1.605,1.535,scratch,random_low_mixed_10,200
95,2,0.595,0.965,0.93,0.88,4.57,4.435,4.395,0.1677923947572708,0.2562170922756195,1.204398512840271,0.59,0.04,0.38,0.355,10.0,0.8117346938775509,0.4561353970723161,-0.01295918367346939,0.4721855302900076,0.05,0.8107142857142857,0.4433114139912576,-0.0139795918367347,0.4626029909774661,0.05,1.56,1.46,scratch,random_low_mixed_10,200
96,2,0.595,0.965,0.92,0.89,4.62,4.435,4.41,0.16030241549015045,0.23249667882919312,1.203680396080017,0.59,0.05,0.38,0.34,10.0,0.8118877551020408,0.4573700746461522,-0.012806122448979596,0.4746837852336466,0.05,0.8109183673469389,0.4444222495047142,-0.01377551020408164,0.46291404612362386,0.05,1.585,1.49,scratch,random_low_mixed_10,200
97,2,0.6,0.965,0.93,0.89,4.595,4.435,4.44,0.15550000965595245,0.23426206409931183,1.2060017585754395,0.595,0.04,0.375,0.345,10.0,0.812142857142857,0.45688766999375585,-0.012551020408163272,0.474770103096962,0.05,0.8096938775510205,0.4356095977646371,-0.015000000000000006,0.4570839739963412,0.05,1.665,1.425,scratch,random_low_mixed_10,200
98,2,0.6,0.965,0.93,0.895,4.595,4.435,4.38,0.1503264605998993,0.2184375822544098,1.2069400548934937,0.595,0.04,0.375,0.345,10.0,0.8120918367346939,0.4556494756272403,-0.012602040816326536,0.4737131343409419,0.05,0.8109183673469389,0.4373828562503626,-0.013775510204081636,0.45905184764415025,0.05,1.585,1.47,scratch,random_low_mixed_10,200
99,2,0.6,0.965,0.925,0.895,4.56,4.435,4.36,0.16050928831100464,0.22875112295150757,1.2052562236785889,0.595,0.045,0.375,0.34,10.0,0.8125,0.4567996819760602,-0.012193877551020414,0.47329488802701236,0.05,0.8111224489795918,0.4381752343548065,-0.013571428571428576,0.45862666074186564,0.05,1.6,1.465,scratch,random_low_mixed_10,200
100,2,0.595,0.965,0.91,0.89,4.6,4.435,4.33,0.17389629781246185,0.23514561355113983,1.2027584314346313,0.59,0.06,0.38,0.34,10.0,0.8130612244897959,0.45884884203603454,-0.011632653061224496,0.4744888408854604,0.05,0.8109183673469387,0.43822299479321825,-0.013775510204081638,0.45818240005522964,0.05,1.62,1.41,scratch,random_low_mixed_10,200
0,2,0.065,0.965,0.91,0.85,4.245,4.435,4.51,0.2247770130634308,0.3516729772090912,1.8255970478057861,0.07,0.07,0.9,0.84,10.0,0.8288265306122449,0.5289082416411598,0.004132653061224483,0.5292614312935621,0.05,0.8279591836734693,0.5297952212841659,0.003265306122448975,0.5325830126926303,0.05,1.7,1.615,scratch,random_rescue_to_low_70,200
1,2,0.315,0.965,0.935,0.92,4.58,4.435,4.33,0.10286311060190201,0.12832732498645782,1.5210692882537842,0.315,0.035,0.655,0.63,10.0,0.8153061224489795,0.4307654636877838,-0.009387755102040818,0.4455255891801789,0.05,0.8172959183673469,0.4424076827328931,-0.007397959183673468,0.4578186474088579,0.05,1.735,1.93,scratch,random_rescue_to_low_70,200
2,2,0.28,0.965,0.955,0.92,4.86,4.435,4.36,0.097547248005867,0.15442146360874176,1.4783108234405518,0.28,0.02,0.69,0.675,10.0,0.8117346938775509,0.4197160101493382,-0.012959183673469394,0.4279412310849875,0.05,0.8137244897959184,0.42942134184885816,-0.010969387755102047,0.4453630488901399,0.05,1.63,1.825,scratch,random_rescue_to_low_70,200
3,2,0.33,0.965,0.91,0.86,4.85,4.435,4.375,0.1829482465982437,0.28538966178894043,1.445106863975525,0.335,0.065,0.635,0.58,10.0,0.8268367346938775,0.4639875125416549,0.0021428571428571395,0.4676043998711975,0.05,0.8264285714285714,0.4870963513961049,0.0017346938775510135,0.4875047032721341,0.05,1.76,1.72,scratch,random_rescue_to_low_70,200
4,2,0.38,0.965,0.875,0.81,5.055,4.435,4.32,0.2986129820346832,0.4403369426727295,1.3847987651824951,0.39,0.1,0.585,0.515,10.0,0.8258673469387756,0.5111691095379207,0.0011734693877551022,0.5170584076357773,0.05,0.8253061224489795,0.5096402263184345,0.0006122448979591793,0.5106152666732668,0.05,1.77,1.715,scratch,random_rescue_to_low_70,200
5,2,0.385,0.965,0.895,0.855,4.855,4.435,4.39,0.24083702266216278,0.32540255784988403,1.4099647998809814,0.395,0.075,0.58,0.52,10.0,0.8255612244897957,0.4956135346715795,0.0008673469387755028,0.5048095755884424,0.05,0.825612244897959,0.5029879989735495,0.0009183673469387705,0.51632553268224,0.05,1.745,1.75,scratch,random_rescue_to_low_70,200
6,2,0.445,0.965,0.89,0.855,3.725,4.435,4.48,0.23968181014060974,0.3902043104171753,1.2384365797042847,0.465,0.085,0.52,0.455,10.0,0.8488265306122449,0.55393308866025,0.024132653061224484,0.5541413111798466,0.05,0.843469387755102,0.548724740128803,0.018775510204081632,0.5487453415617347,0.05,2.035,1.51,scratch,random_rescue_to_low_70,200
7,2,0.48,0.965,0.88,0.84,4.5,4.435,4.44,0.24654167890548706,0.37230247259140015,1.1708112955093384,0.495,0.085,0.485,0.415,10.0,0.8308673469387755,0.5087389314279187,0.0061734693877551,0.5222088475339115,0.05,0.8296938775510205,0.5126039139786416,0.004999999999999999,0.5172130399663001,0.05,1.845,1.73,scratch,random_rescue_to_low_70,200
8,2,0.49,0.965,0.865,0.86,4.435,4.435,4.475,0.275343656539917,0.2768917977809906,1.1337825059890747,0.495,0.1,0.475,0.39,10.0,0.8241836734693877,0.5189608403167881,-0.0005102040816326576,0.5288727000076324,0.05,0.8242346938775511,0.522963405110641,-0.00045918367346939494,0.5249486949201674,0.05,1.8,1.805,scratch,random_rescue_to_low_70,200
9,2,0.475,0.965,0.9,0.87,4.23,4.435,4.445,0.23278766870498657,0.2957434058189392,1.0897635221481323,0.49,0.075,0.49,0.425,10.0,0.8241326530612244,0.5143285767256336,-0.0005612244897959173,0.5168537379521877,0.05,0.8229591836734694,0.5123673104644307,-0.0017346938775510195,0.5122619952633977,0.05,1.765,1.65,scratch,random_rescue_to_low_70,200
10,2,0.535,0.965,0.89,0.88,4.49,4.435,4.49,0.2783266305923462,0.2882138192653656,1.0851571559906006,0.545,0.085,0.43,0.36,10.0,0.8177040816326531,0.5003439025271241,-0.006989795918367354,0.5090017245803028,0.05,0.8194897959183673,0.5021665953820489,-0.005204081632653067,0.5126100819651037,0.05,1.615,1.79,scratch,random_rescue_to_low_70,200
11,2,0.49,0.965,0.895,0.86,4.35,4.435,4.44,0.21683269739151,0.3061014413833618,1.0809297561645508,0.5,0.08,0.475,0.415,10.0,0.8231632653061225,0.5008287715124661,-0.0015306122448979604,0.507332281707786,0.05,0.825,0.5069749845219789,0.0003061224489795866,0.5116646440420299,0.05,1.6,1.78,scratch,random_rescue_to_low_70,200
12,2,0.55,0.965,0.905,0.885,4.43,4.435,4.3,0.18589600920677185,0.2788046598434448,1.044975757598877,0.565,0.07,0.415,0.36,10.0,0.8129081632653061,0.4850575742512521,-0.011785714285714288,0.500484659851063,0.05,0.8148469387755103,0.48501419758280206,-0.00984693877551021,0.49817250880412756,0.05,1.59,1.78,scratch,random_rescue_to_low_70,200
13,2,0.515,0.965,0.9,0.87,5.185,4.435,4.545,0.1965819150209427,0.2606998383998871,1.11734139919281,0.51,0.07,0.46,0.42,10.0,0.8162755102040816,0.49689014177324964,-0.00841836734693878,0.49968109992332754,0.05,0.8165306122448981,0.4988865926373451,-0.008163265306122457,0.4997312273364514,0.05,1.765,1.79,scratch,random_rescue_to_low_70,200
14,2,0.56,0.965,0.92,0.915,4.01,4.435,4.365,0.16750766336917877,0.17281901836395264,1.0359184741973877,0.565,0.06,0.41,0.375,10.0,0.8109183673469389,0.4641902776740341,-0.013775510204081638,0.47620281531475483,0.05,0.8136734693877551,0.47311443653210783,-0.011020408163265313,0.4838648259360343,0.05,1.615,1.885,scratch,random_rescue_to_low_70,200
15,2,0.555,0.965,0.895,0.865,4.15,4.435,4.44,0.1802815943956375,0.2818758189678192,0.9565527439117432,0.565,0.07,0.415,0.365,10.0,0.8157653061224491,0.47138227551163725,-0.008928571428571426,0.49457869090139867,0.05,0.8164285714285714,0.47366102534919186,-0.008265306122448983,0.48907656176015735,0.05,1.715,1.78,scratch,random_rescue_to_low_70,200
16,2,0.555,0.965,0.895,0.87,4.72,4.435,4.3,0.244240403175354,0.2819187641143799,0.9543879628181458,0.555,0.075,0.42,0.36,10.0,0.8194897959183673,0.49890848288354844,-0.005204081632653065,0.5107015821710229,0.05,0.8215306122448979,0.5055641272179089,-0.0031632653061224535,0.5133423143997788,0.05,1.64,1.84,scratch,random_rescue_to_low_70,200
17,2,0.545,0.965,0.92,0.895,4.365,4.435,4.455,0.219680055975914,0.242944598197937,0.9921647906303406,0.55,0.055,0.425,0.37,10.0,0.8191326530612244,0.483175912089573,-0.005561224489795919,0.48606879300437866,0.05,0.8204081632653062,0.48199761631886423,-0.00428571428571429,0.4916525693843141,0.05,1.74,1.865,scratch,random_rescue_to_low_70,200
18,2,0.52,0.965,0.885,0.855,4.345,4.435,4.315,0.22871635854244232,0.2923583686351776,1.0247089862823486,0.525,0.08,0.45,0.395,10.0,0.8332653061224488,0.5233462926803061,0.00857142857142857,0.5257098902761936,0.05,0.8313265306122449,0.5166838751850713,0.006632653061224489,0.5191635575331748,0.05,1.8,1.61,scratch,random_rescue_to_low_70,200
19,2,0.575,0.965,0.91,0.87,4.12,4.435,4.32,0.17584678530693054,0.3283558785915375,0.9244741797447205,0.585,0.06,0.39,0.355,10.0,0.8199489795918368,0.5032276821955087,-0.004744897959183685,0.5157088071620092,0.05,0.8203571428571428,0.4912008370307743,-0.004336734693877559,0.5085106110665947,0.05,1.73,1.77,scratch,random_rescue_to_low_70,200
20,2,0.535,0.965,0.915,0.89,4.505,4.435,4.415,0.1997869312763214,0.269244909286499,1.0844796895980835,0.54,0.06,0.435,0.4,10.0,0.8308163265306122,0.539129033031856,0.0061224489795918295,0.5257755852770061,0.05,0.8302551020408163,0.5424311993749381,0.005561224489795917,0.5286951263900846,0.05,1.775,1.72,scratch,random_rescue_to_low_70,200
21,2,0.565,0.965,0.89,0.835,4.38,4.435,4.385,0.23706687986850739,0.38141852617263794,0.9604418873786926,0.57,0.075,0.405,0.345,10.0,0.8333673469387755,0.5304248734480436,0.008673469387755102,0.5431732813362032,0.05,0.8307653061224489,0.5270999478768186,0.006071428571428572,0.5405199203081429,0.05,1.84,1.585,scratch,random_rescue_to_low_70,200
22,2,0.565,0.965,0.9,0.895,4.465,4.435,4.28,0.21837587654590607,0.2600705027580261,0.9236125946044922,0.58,0.07,0.4,0.35,10.0,0.8140816326530613,0.4666736361027384,-0.010612244897959186,0.48905746712349357,0.05,0.8169387755102039,0.46872107708135824,-0.007755102040816329,0.48987529771402477,0.05,1.56,1.84,scratch,random_rescue_to_low_70,200
23,2,0.525,0.965,0.93,0.875,4.485,4.435,4.535,0.1800769567489624,0.3266589045524597,0.9755895733833313,0.525,0.045,0.445,0.41,10.0,0.8108163265306123,0.4676061869010022,-0.013877551020408165,0.4898822589498013,0.05,0.8130612244897958,0.48118706852539356,-0.011632653061224492,0.49962899449281395,0.05,1.575,1.795,scratch,random_rescue_to_low_70,200
24,2,0.55,0.965,0.905,0.89,4.855,4.435,4.425,0.20798254013061523,0.24812433123588562,0.9815523624420166,0.565,0.065,0.42,0.37,10.0,0.8159183673469387,0.48396127393012084,-0.008775510204081634,0.4973571722954512,0.05,0.8183163265306121,0.49443494598578974,-0.0063775510204081695,0.5050578792206943,0.05,1.67,1.905,scratch,random_rescue_to_low_70,200
25,2,0.575,0.965,0.91,0.88,4.605,4.435,4.405,0.1678602248430252,0.29143717885017395,0.9390142560005188,0.575,0.06,0.4,0.36,10.0,0.8214285714285714,0.4993447781064936,-0.003265306122448983,0.5091980477934703,0.05,0.8223979591836735,0.4939849655164096,-0.00229591836734694,0.5060326688736677,0.05,1.735,1.83,scratch,random_rescue_to_low_70,200
26,2,0.595,0.965,0.92,0.905,4.49,4.435,4.445,0.1953115016222,0.20493274927139282,0.986031711101532,0.595,0.06,0.385,0.34,10.0,0.8164285714285714,0.4862685785586001,-0.008265306122448983,0.49485115461982787,0.05,0.8171428571428572,0.48243772181855926,-0.007551020408163267,0.49656672230921683,0.05,1.64,1.71,scratch,random_rescue_to_low_70,200
27,2,0.565,0.965,0.935,0.895,4.685,4.435,4.385,0.16441327333450317,0.2206604778766632,0.975080132484436,0.565,0.04,0.405,0.38,10.0,0.8142346938775511,0.4629154366820076,-0.01045918367346939,0.48215298283845187,0.05,0.8172959183673468,0.4710449096017339,-0.0073979591836734705,0.4878776213340461,0.05,1.635,1.935,scratch,random_rescue_to_low_70,200
28,2,0.585,0.965,0.9,0.88,4.315,4.435,4.505,0.20258298516273499,0.22138923406600952,0.9765321612358093,0.59,0.07,0.385,0.34,10.0,0.8267857142857141,0.5010226879729119,0.002091836734693879,0.5136303014215082,0.05,0.8261224489795919,0.4990637113854627,0.0014285714285714258,0.5085607797186822,0.05,1.74,1.675,scratch,random_rescue_to_low_70,200
29,2,0.63,0.965,0.915,0.905,4.91,4.435,4.42,0.17731761932373047,0.2275743931531906,0.8958005309104919,0.64,0.06,0.34,0.305,10.0,0.8218877551020408,0.501190532810963,-0.002806122448979599,0.5031800566986203,0.05,0.8221428571428571,0.502257981885514,-0.0025510204081632703,0.5075190375652164,0.05,1.75,1.775,scratch,random_rescue_to_low_70,200
30,2,0.59,0.965,0.935,0.9,4.655,4.435,4.435,0.1508927345275879,0.22322265803813934,1.051026463508606,0.59,0.04,0.38,0.36,10.0,0.8162755102040816,0.48606083637990016,-0.008418367346938781,0.48828985979780554,0.05,0.8168877551020408,0.47728220556831463,-0.007806122448979597,0.4804264918901026,0.05,1.595,1.655,scratch,random_rescue_to_low_70,200
31,2,0.555,0.965,0.92,0.89,4.71,4.435,4.29,0.14771586656570435,0.21224984526634216,0.9979422688484192,0.565,0.045,0.415,0.385,10.0,0.8242346938775509,0.4952471551387994,-0.0004591836734693927,0.5046195196826011,0.05,0.8259693877551021,0.5060287126964577,0.0012755102040816313,0.5048765358980745,0.05,1.655,1.825,scratch,random_rescue_to_low_70,200
32,2,0.615,0.965,0.89,0.88,4.305,4.435,4.255,0.1881108433008194,0.2647974491119385,0.9808691143989563,0.61,0.08,0.36,0.315,10.0,0.8087244897959184,0.4610822045521822,-0.015969387755102045,0.4738702715560794,0.05,0.8116836734693877,0.4723308237986467,-0.013010204081632653,0.4798312694393098,0.05,1.645,1.935,scratch,random_rescue_to_low_70,200
33,2,0.61,0.965,0.93,0.9,4.16,4.435,4.475,0.16775138676166534,0.27465885877609253,0.9003639221191406,0.61,0.05,0.365,0.325,10.0,0.8137755102040817,0.4832978326614198,-0.01091836734693878,0.49900248511694373,0.05,0.8154081632653061,0.4770551926616768,-0.009285714285714291,0.49886592119932177,0.05,1.655,1.815,scratch,random_rescue_to_low_70,200
34,2,0.58,0.965,0.895,0.895,4.58,4.435,4.42,0.19725975394248962,0.19032599031925201,1.0127654075622559,0.57,0.07,0.4,0.36,10.0,0.8168877551020409,0.4627937118335793,-0.007806122448979598,0.47591398244723676,0.05,0.8183163265306121,0.4600365977488773,-0.0063775510204081695,0.4783168965578079,0.05,1.56,1.7,scratch,random_rescue_to_low_70,200
35,2,0.62,0.965,0.9,0.895,4.295,4.435,4.29,0.23253792524337769,0.2924686670303345,0.9943521022796631,0.615,0.075,0.36,0.31,10.0,0.8304591836734693,0.5148112723410844,0.005765306122448977,0.5132057678326964,0.05,0.8293877551020408,0.5051129060318753,0.004693877551020402,0.5072781930677592,0.05,1.8,1.695,scratch,random_rescue_to_low_70,200
36,2,0.605,0.965,0.89,0.895,4.34,4.435,4.495,0.22713591158390045,0.24668292701244354,1.0705698728561401,0.6,0.08,0.375,0.33,10.0,0.8210204081632654,0.4890072238366236,-0.003673469387755104,0.4938641378283501,0.05,0.820561224489796,0.4953660753555151,-0.004132653061224493,0.4983018435910344,0.05,1.775,1.73,scratch,random_rescue_to_low_70,200
37,2,0.59,0.965,0.895,0.895,4.375,4.435,4.39,0.23151835799217224,0.25312352180480957,1.107729434967041,0.58,0.08,0.39,0.33,10.0,0.8267857142857143,0.48707698514943953,0.0020918367346938775,0.5054834294551983,0.05,0.8281632653061224,0.4886589844459371,0.003469387755102041,0.5077419379912317,0.05,1.675,1.81,scratch,random_rescue_to_low_70,200
38,2,0.54,0.965,0.92,0.905,5.0,4.435,4.385,0.1292036920785904,0.23207037150859833,1.106553316116333,0.54,0.05,0.435,0.4,10.0,0.8146428571428571,0.459377894506726,-0.010051020408163264,0.47475720431888474,0.05,0.8172959183673469,0.47533171795095086,-0.007397959183673471,0.4878268728032708,0.05,1.61,1.87,scratch,random_rescue_to_low_70,200
39,2,0.53,0.965,0.915,0.895,4.655,4.435,4.425,0.17012301087379456,0.257448673248291,1.2249923944473267,0.52,0.06,0.45,0.41,10.0,0.8265816326530612,0.49723372197012017,0.0018877551020408123,0.5027679029677529,0.05,0.8263775510204081,0.5034733961869651,0.0016836734693877514,0.5000853931065649,0.05,1.795,1.775,scratch,random_rescue_to_low_70,200
40,2,0.56,0.965,0.925,0.88,4.285,4.435,4.41,0.20597432553768158,0.31681740283966064,1.1378287076950073,0.565,0.05,0.41,0.375,10.0,0.8283163265306124,0.5117886786346938,0.0036224489795918333,0.5222797861136496,0.05,0.8281122448979591,0.5151056642243883,0.0034183673469387727,0.5273511104099452,0.05,1.705,1.685,scratch,random_rescue_to_low_70,200
41,2,0.575,0.965,0.9,0.87,4.825,4.435,4.295,0.25042203068733215,0.3417559862136841,1.081489086151123,0.57,0.075,0.4,0.36,10.0,0.8300510204081633,0.5062599201606754,0.00535714285714285,0.5220191526971757,0.05,0.8270408163265307,0.4943880367645616,0.002346938775510198,0.5131587170436979,0.05,1.81,1.515,scratch,random_rescue_to_low_70,200
42,2,0.57,0.965,0.92,0.91,4.795,4.435,4.32,0.17162072658538818,0.17234393954277039,1.2144039869308472,0.565,0.05,0.405,0.37,10.0,0.8188775510204082,0.4770697929294552,-0.0058163265306122505,0.4872575730457902,0.05,0.8203061224489795,0.4822186659408123,-0.00438775510204082,0.4947549357358366,0.05,1.665,1.805,scratch,random_rescue_to_low_70,200
43,2,0.58,0.965,0.94,0.9,4.77,4.435,4.425,0.14798370003700256,0.20785009860992432,1.196889042854309,0.575,0.035,0.395,0.375,10.0,0.8203571428571428,0.4855046410420151,-0.004336734693877556,0.4928764720261097,0.05,0.8210714285714286,0.4945499007635278,-0.0036224489795918407,0.5039063090458512,0.05,1.67,1.74,scratch,random_rescue_to_low_70,200
44,2,0.575,0.965,0.93,0.91,4.965,4.435,4.35,0.15825675427913666,0.2283400595188141,1.1787811517715454,0.575,0.045,0.4,0.375,10.0,0.822295918367347,0.4860046752248847,-0.0023979591836734686,0.49555377712473275,0.05,0.8225,0.4855379794983385,-0.0021938775510204106,0.4971492824330926,0.05,1.71,1.73,scratch,random_rescue_to_low_70,200
45,2,0.565,0.965,0.91,0.91,4.51,4.435,4.51,0.16658920049667358,0.18358902633190155,1.1484304666519165,0.56,0.055,0.41,0.385,10.0,0.8268877551020407,0.4863045423061604,0.0021938775510204063,0.49845641813240943,0.05,0.825969387755102,0.48914997227608276,0.0012755102040816308,0.49663365563377737,0.05,1.785,1.695,scratch,random_rescue_to_low_70,200
46,2,0.565,0.965,0.925,0.905,4.465,4.435,4.395,0.1513417661190033,0.2060346007347107,1.221329689025879,0.565,0.045,0.405,0.365,10.0,0.8306122448979592,0.5110000363096797,0.005918367346938771,0.5180268717557192,0.05,0.8307142857142858,0.5150328135215924,0.0060204081632653055,0.5178943832591176,0.05,1.785,1.795,scratch,random_rescue_to_low_70,200
47,2,0.545,0.965,0.915,0.91,4.435,4.435,4.465,0.13625404238700867,0.17495925724506378,1.2235924005508423,0.55,0.05,0.43,0.405,10.0,0.8231632653061225,0.4777398162911048,-0.0015306122448979658,0.4823281034268439,0.05,0.8241836734693877,0.4782787004746232,-0.000510204081632657,0.48266777757555246,0.05,1.67,1.77,scratch,random_rescue_to_low_70,200
48,2,0.56,0.965,0.92,0.895,4.795,4.435,4.39,0.1711316555738449,0.2342890352010727,1.245792269706726,0.555,0.055,0.415,0.385,10.0,0.8260714285714285,0.5170197415583162,0.0013775510204081577,0.5174936811067163,0.05,0.825,0.517362440451987,0.00030612244897958884,0.5199153207056224,0.05,1.745,1.64,scratch,random_rescue_to_low_70,200
49,2,0.585,0.965,0.92,0.895,4.67,4.435,4.35,0.1831900030374527,0.23104099929332733,1.210455298423767,0.595,0.055,0.385,0.35,10.0,0.8232142857142858,0.4966609668413506,-0.0014795918367346977,0.507315209172666,0.05,0.8237244897959184,0.4863506042123153,-0.0009693877551020425,0.5037391001172363,0.05,1.685,1.735,scratch,random_rescue_to_low_70,200
50,2,0.56,0.965,0.925,0.91,4.805,4.435,4.53,0.15600460767745972,0.20431627333164215,1.1899657249450684,0.56,0.045,0.41,0.375,10.0,0.8268367346938774,0.49160827076253394,0.0021428571428571395,0.49255072882398965,0.05,0.8262755102040816,0.49760502378478466,0.0015816326530612207,0.498509739395231,0.05,1.81,1.755,scratch,random_rescue_to_low_70,200
51,2,0.58,0.965,0.925,0.915,4.765,4.435,4.375,0.17899078130722046,0.21498292684555054,1.2209875583648682,0.58,0.045,0.39,0.365,10.0,0.8151530612244897,0.4583111042001403,-0.009540816326530612,0.47869758173823357,0.05,0.8183673469387756,0.47507715147113516,-0.006326530612244902,0.4941299570351839,0.05,1.46,1.775,scratch,random_rescue_to_low_70,200
52,2,0.56,0.965,0.945,0.925,4.775,4.435,4.47,0.12754230201244354,0.1682363897562027,1.2117615938186646,0.56,0.03,0.415,0.395,10.0,0.8118877551020408,0.45636070263209527,-0.012806122448979591,0.4636725308280438,0.05,0.8139285714285713,0.468746422030357,-0.010765306122448984,0.47506908036768436,0.05,1.67,1.87,scratch,random_rescue_to_low_70,200
53,2,0.61,0.965,0.92,0.88,4.64,4.435,4.365,0.14578667283058167,0.23606403172016144,1.1003702878952026,0.61,0.05,0.365,0.335,10.0,0.8243367346938776,0.5017840726127868,-0.00035714285714285974,0.5156479579210281,0.05,0.8249489795918368,0.49443047263876566,0.0002551020408163207,0.5104666700586676,0.05,1.75,1.81,scratch,random_rescue_to_low_70,200
54,2,0.6,0.965,0.915,0.9,4.83,4.435,4.42,0.1684809923171997,0.22494100034236908,1.0829899311065674,0.605,0.055,0.37,0.335,10.0,0.8189285714285713,0.4974439399507541,-0.005765306122448985,0.5023973197676241,0.05,0.8205102040816327,0.4962544660402585,-0.004183673469387761,0.49911413772031665,0.05,1.62,1.775,scratch,random_rescue_to_low_70,200
55,2,0.575,0.965,0.91,0.895,4.92,4.435,4.355,0.1777169406414032,0.19570182263851166,1.2197353839874268,0.57,0.06,0.4,0.345,10.0,0.8173469387755102,0.46095216714524073,-0.007346938775510212,0.4803604259947315,0.05,0.8186224489795919,0.4675763252390829,-0.006071428571428577,0.4884687979752198,0.05,1.725,1.85,scratch,random_rescue_to_low_70,200
56,2,0.57,0.965,0.905,0.88,4.315,4.435,4.445,0.14359687268733978,0.256418913602829,1.205388069152832,0.575,0.06,0.4,0.36,10.0,0.815,0.4653726837587196,-0.009693877551020415,0.4808744972804561,0.05,0.8168877551020409,0.4782084939924078,-0.0078061224489795935,0.4873974626138806,0.05,1.615,1.8,scratch,random_rescue_to_low_70,200
57,2,0.585,0.965,0.935,0.94,4.635,4.435,4.555,0.13059182465076447,0.14922809600830078,1.2107665538787842,0.585,0.035,0.39,0.365,10.0,0.8140306122448979,0.4668442442076853,-0.010663265306122452,0.47086070584133266,0.05,0.8162755102040816,0.4778702256689769,-0.00841836734693878,0.47836365792900326,0.05,1.62,1.84,scratch,random_rescue_to_low_70,200
58,2,0.59,0.965,0.935,0.92,4.8,4.435,4.35,0.13815762102603912,0.16455283761024475,1.1547045707702637,0.59,0.035,0.385,0.355,10.0,0.8190306122448979,0.4562661683251816,-0.005663265306122454,0.47042542349547145,0.05,0.8201530612244897,0.4645788052274449,-0.004540816326530613,0.48461381305009127,0.05,1.77,1.88,scratch,random_rescue_to_low_70,200
59,2,0.565,0.965,0.915,0.91,4.27,4.435,4.31,0.17019341886043549,0.19038063287734985,1.1806275844573975,0.575,0.055,0.405,0.375,10.0,0.8158673469387755,0.4811955429465208,-0.008826530612244903,0.48953211669344454,0.05,0.8171938775510205,0.4824837465938546,-0.007500000000000007,0.4953988441824913,0.05,1.635,1.765,scratch,random_rescue_to_low_70,200
60,2,0.565,0.965,0.915,0.915,4.65,4.435,4.395,0.1714523732662201,0.16827590763568878,1.2098584175109863,0.57,0.055,0.405,0.375,10.0,0.8122448979591838,0.46989366075172584,-0.01244897959183674,0.4792620293237269,0.05,0.8136224489795919,0.47477574476744255,-0.011071428571428576,0.4831234796345234,0.05,1.645,1.78,scratch,random_rescue_to_low_70,200
61,2,0.57,0.965,0.905,0.915,4.545,4.435,4.385,0.18398599326610565,0.20059996843338013,1.1991766691207886,0.57,0.065,0.405,0.365,10.0,0.8193367346938775,0.4852294966833308,-0.005357142857142858,0.4924497280083597,0.05,0.8203571428571428,0.49268287522924503,-0.0043367346938775544,0.49181174410507084,0.05,1.635,1.735,scratch,random_rescue_to_low_70,200
62,2,0.58,0.965,0.89,0.89,4.34,4.435,4.4,0.212199866771698,0.21345402300357819,1.202425479888916,0.58,0.08,0.395,0.34,10.0,0.8132142857142857,0.4759207696387256,-0.011479591836734694,0.48991173535585403,0.05,0.8148469387755103,0.4816704079566425,-0.009846938775510206,0.49518915750086306,0.05,1.69,1.85,scratch,random_rescue_to_low_70,200
63,2,0.575,0.965,0.93,0.91,4.555,4.435,4.345,0.13199187815189362,0.1374209076166153,1.212316632270813,0.575,0.04,0.4,0.38,10.0,0.8160714285714286,0.466720182818306,-0.00862244897959184,0.4782835203036666,0.05,0.8171938775510205,0.46540824150521887,-0.007500000000000004,0.4701906091719866,0.05,1.69,1.8,scratch,random_rescue_to_low_70,200
64,2,0.585,0.965,0.91,0.915,5.065,4.435,4.295,0.200663760304451,0.15534472465515137,1.252698540687561,0.59,0.06,0.39,0.365,10.0,0.8147448979591837,0.4625825206916334,-0.009948979591836738,0.4675701478868723,0.05,0.8171428571428571,0.48385609994665985,-0.00755102040816327,0.4873121796362102,0.05,1.56,1.795,scratch,random_rescue_to_low_70,200
65,2,0.575,0.965,0.93,0.92,4.795,4.435,4.26,0.12762746214866638,0.15059427917003632,1.216745138168335,0.575,0.035,0.405,0.38,10.0,0.8137244897959184,0.45822701462382154,-0.010969387755102042,0.4650423851981759,0.05,0.8160714285714286,0.4673092024906204,-0.00862244897959184,0.47773150708992035,0.05,1.665,1.895,scratch,random_rescue_to_low_70,200
66,2,0.605,0.965,0.915,0.92,5.015,4.435,4.365,0.185505211353302,0.19185824692249298,1.1567528247833252,0.61,0.06,0.37,0.34,10.0,0.809795918367347,0.4504130843851517,-0.014897959183673471,0.4639675257541239,0.05,0.8126530612244898,0.4620678560818685,-0.012040816326530614,0.4771894130855799,0.05,1.57,1.85,scratch,random_rescue_to_low_70,200
67,2,0.565,0.965,0.915,0.915,4.73,4.435,4.325,0.1370646059513092,0.15847595036029816,1.2452151775360107,0.565,0.055,0.41,0.38,10.0,0.8100510204081632,0.4501003221991558,-0.014642857142857145,0.46700761875137686,0.05,0.8136734693877551,0.46389564925573357,-0.01102040816326531,0.47840486459434034,0.05,1.565,1.92,scratch,random_rescue_to_low_70,200
68,2,0.565,0.965,0.915,0.895,4.47,4.435,4.365,0.1269562989473343,0.1895959973335266,1.3062753677368164,0.565,0.05,0.41,0.38,10.0,0.8104081632653061,0.44323349778460497,-0.014285714285714285,0.45372741695493457,0.05,0.8146938775510203,0.4648803576765156,-0.010000000000000002,0.47310758274048564,0.05,1.585,2.005,scratch,random_rescue_to_low_70,200
69,2,0.595,0.965,0.93,0.91,4.785,4.435,4.355,0.1501767486333847,0.20415733754634857,1.2369755506515503,0.595,0.045,0.38,0.36,10.0,0.8173469387755102,0.46108636685368876,-0.007346938775510208,0.4739345682039857,0.05,0.8181122448979591,0.46298257682639926,-0.006581632653061227,0.4838382267206907,0.05,1.72,1.795,scratch,random_rescue_to_low_70,200
70,2,0.575,0.965,0.93,0.905,4.58,4.435,4.35,0.1724899858236313,0.23653008043766022,1.264072060585022,0.58,0.045,0.395,0.36,10.0,0.8166836734693877,0.4584835719256078,-0.008010204081632655,0.46628662725910547,0.05,0.8204081632653061,0.4594518789295725,-0.004285714285714285,0.4691218668036163,0.05,1.495,1.86,scratch,random_rescue_to_low_70,200
71,2,0.585,0.965,0.93,0.925,4.5,4.435,4.375,0.15321317315101624,0.18759562075138092,1.2835593223571777,0.585,0.045,0.39,0.37,10.0,0.8136734693877551,0.4556090597550464,-0.01102040816326531,0.46388573640491815,0.05,0.8125510204081633,0.4588230377840428,-0.012142857142857144,0.4669247289374471,0.05,1.64,1.53,scratch,random_rescue_to_low_70,200
72,2,0.57,0.965,0.935,0.92,4.45,4.435,4.45,0.15593187510967255,0.20089469850063324,1.2656041383743286,0.575,0.035,0.4,0.37,10.0,0.8181122448979592,0.4639316118176271,-0.006581632653061225,0.4718293667957187,0.05,0.8138775510204082,0.4564375650947153,-0.01081632653061225,0.46648912070319054,0.05,1.735,1.32,scratch,random_rescue_to_low_70,200
73,2,0.565,0.965,0.91,0.92,4.61,4.435,4.4,0.19879360496997833,0.18478302657604218,1.2854018211364746,0.565,0.06,0.405,0.36,10.0,0.8166836734693876,0.471260621712044,-0.008010204081632659,0.4880313269980252,0.05,0.8142857142857143,0.45779475959538973,-0.010408163265306128,0.4745531623438001,0.05,1.695,1.46,scratch,random_rescue_to_low_70,200
74,2,0.595,0.965,0.925,0.905,4.78,4.435,4.415,0.16055016219615936,0.20976242423057556,1.2942003011703491,0.585,0.045,0.385,0.35,10.0,0.8146428571428572,0.4606445538873606,-0.010051020408163271,0.4751939051784575,0.05,0.8130102040816327,0.4526456738835492,-0.011683673469387758,0.4650886577554047,0.05,1.705,1.545,scratch,random_rescue_to_low_70,200
75,2,0.58,0.965,0.915,0.905,4.66,4.435,4.39,0.15792113542556763,0.20696240663528442,1.2870980501174927,0.575,0.055,0.395,0.365,10.0,0.8133673469387754,0.45980900118785734,-0.011326530612244902,0.4766764614917338,0.05,0.8123979591836735,0.457953616184406,-0.012295918367346942,0.4740284717269242,0.05,1.62,1.525,scratch,random_rescue_to_low_70,200
76,2,0.58,0.965,0.915,0.92,4.66,4.435,4.445,0.23018723726272583,0.2034548968076706,1.2795634269714355,0.58,0.06,0.395,0.365,10.0,0.8114795918367348,0.45487516714169046,-0.01321428571428572,0.45957602571696043,0.05,0.8093877551020409,0.4372791955983639,-0.015306122448979598,0.4518546276912093,0.05,1.605,1.4,scratch,random_rescue_to_low_70,200
77,2,0.555,0.965,0.915,0.905,4.815,4.435,4.33,0.19167056679725647,0.18641041219234467,1.3273359537124634,0.555,0.055,0.415,0.39,10.0,0.8123979591836735,0.45392874756029084,-0.01229591836734694,0.47080113757401704,0.05,0.8099489795918368,0.44616195611785686,-0.014744897959183679,0.4618506987206638,0.05,1.715,1.475,scratch,random_rescue_to_low_70,200
78,2,0.58,0.965,0.925,0.905,4.625,4.435,4.29,0.14316610991954803,0.19835875928401947,1.2658631801605225,0.58,0.045,0.39,0.36,10.0,0.8152551020408163,0.46349619445684065,-0.009438775510204086,0.4793403770402074,0.05,0.8144897959183673,0.46087026117026825,-0.010204081632653064,0.4738253258541226,0.05,1.585,1.51,scratch,random_rescue_to_low_70,200
79,2,0.585,0.965,0.91,0.935,4.545,4.435,4.335,0.19781683385372162,0.19512557983398438,1.3016018867492676,0.58,0.06,0.39,0.35,10.0,0.8131632653061225,0.4550029106264283,-0.011530612244897966,0.4746201707236469,0.05,0.8117346938775509,0.454986063580558,-0.01295918367346939,0.4701037400215864,0.05,1.685,1.545,scratch,random_rescue_to_low_70,200
80,2,0.56,0.965,0.925,0.91,4.54,4.435,4.355,0.1969815492630005,0.23471973836421967,1.3201396465301514,0.555,0.05,0.415,0.385,10.0,0.8158163265306123,0.4615449428362613,-0.008877551020408169,0.4800258352607489,0.05,0.8120408163265307,0.4558248740011162,-0.012653061224489797,0.4735049044620246,0.05,1.77,1.4,scratch,random_rescue_to_low_70,200
81,2,0.58,0.965,0.915,0.925,4.51,4.435,4.41,0.15893445909023285,0.19933736324310303,1.2851699590682983,0.575,0.06,0.395,0.36,10.0,0.8156122448979591,0.4676790523407365,-0.009081632653061231,0.4834682622179389,0.05,0.8129081632653061,0.4549121064195096,-0.011785714285714288,0.47232827756553886,0.05,1.725,1.46,scratch,random_rescue_to_low_70,200
82,2,0.585,0.965,0.905,0.915,4.59,4.435,4.335,0.19253818690776825,0.2245367467403412,1.2888396978378296,0.585,0.065,0.39,0.355,10.0,0.8119897959183673,0.4510895602817517,-0.012704081632653068,0.46979852199554445,0.05,0.8104081632653062,0.4504704110544907,-0.014285714285714289,0.4651548508182168,0.05,1.64,1.485,scratch,random_rescue_to_low_70,200
83,2,0.57,0.965,0.9,0.895,4.45,4.435,4.265,0.19450554251670837,0.24142485857009888,1.324042558670044,0.575,0.07,0.4,0.355,10.0,0.8140306122448979,0.45759757208011964,-0.010663265306122454,0.4769947564974427,0.05,0.8112244897959183,0.4537906709809634,-0.013469387755102046,0.47110850108787417,0.05,1.715,1.44,scratch,random_rescue_to_low_70,200
84,2,0.57,0.965,0.915,0.905,4.51,4.435,4.46,0.15419749915599823,0.22866420447826385,1.3300399780273438,0.565,0.055,0.405,0.37,10.0,0.8143367346938775,0.4601716240543097,-0.01035714285714286,0.4783845462463796,0.05,0.8107142857142855,0.4481369087745894,-0.01397959183673469,0.46541302114725114,0.05,1.755,1.4,scratch,random_rescue_to_low_70,200
85,2,0.565,0.965,0.92,0.895,4.56,4.435,4.255,0.16696155071258545,0.24642008543014526,1.2851895093917847,0.565,0.05,0.41,0.38,10.0,0.8141326530612245,0.4648154714710016,-0.010561224489795922,0.4777450702339411,0.05,0.8107653061224491,0.45026463237245806,-0.013928571428571424,0.4667266872897744,0.05,1.77,1.44,scratch,random_rescue_to_low_70,200
86,2,0.56,0.965,0.915,0.92,4.39,4.435,4.42,0.17679257690906525,0.20146627724170685,1.3010284900665283,0.56,0.055,0.41,0.385,10.0,0.8125510204081633,0.4580612946904399,-0.012142857142857144,0.47641209453344346,0.05,0.8092346938775509,0.45416158939684903,-0.015459183673469386,0.4693323384597898,0.05,1.71,1.385,scratch,random_rescue_to_low_70,200
87,2,0.575,0.965,0.92,0.905,4.67,4.435,4.295,0.13713669776916504,0.21016216278076172,1.3003181219100952,0.57,0.05,0.4,0.375,10.0,0.8122959183673469,0.4522251970714766,-0.01239795918367347,0.4743386241979897,0.05,0.8091326530612245,0.4457965500151358,-0.01556122448979592,0.46434547256678343,0.05,1.715,1.405,scratch,random_rescue_to_low_70,200
88,2,0.55,0.965,0.915,0.91,4.54,4.435,4.275,0.18233564496040344,0.20357804000377655,1.3297839164733887,0.55,0.055,0.42,0.39,10.0,0.8119387755102041,0.44730862762282025,-0.01275510204081633,0.47203519865870475,0.05,0.8088775510204081,0.445103775559386,-0.015816326530612247,0.46545991536229847,0.05,1.775,1.475,scratch,random_rescue_to_low_70,200
89,2,0.56,0.965,0.93,0.91,4.71,4.435,4.355,0.13646842539310455,0.1925286501646042,1.2933839559555054,0.56,0.04,0.415,0.39,10.0,0.8128571428571427,0.45702920864321916,-0.011836734693877556,0.47839752908796074,0.05,0.8101530612244897,0.44065398827452495,-0.014540816326530615,0.4617493641935289,0.05,1.66,1.395,scratch,random_rescue_to_low_70,200
90,2,0.565,0.965,0.93,0.91,4.665,4.435,4.33,0.14345379173755646,0.20190653204917908,1.3324655294418335,0.56,0.04,0.41,0.39,10.0,0.8126020408163265,0.45165256006579996,-0.012091836734693882,0.47501170754432676,0.05,0.8095408163265305,0.4452742485974486,-0.015153061224489797,0.4657525574229658,0.05,1.7,1.4,scratch,random_rescue_to_low_70,200
91,2,0.565,0.965,0.935,0.905,4.73,4.435,4.42,0.16832195222377777,0.1916033923625946,1.3090029954910278,0.56,0.035,0.41,0.385,10.0,0.8128061224489795,0.4522746179485935,-0.011887755102040822,0.4731154001876712,0.05,0.8101020408163265,0.43999499077602516,-0.014591836734693879,0.460437635704875,0.05,1.685,1.42,scratch,random_rescue_to_low_70,200
92,2,0.57,0.965,0.925,0.91,4.69,4.435,4.345,0.15514999628067017,0.20578674972057343,1.3183908462524414,0.565,0.05,0.405,0.385,10.0,0.8108673469387756,0.44702998149719947,-0.013826530612244895,0.46867010194808245,0.05,0.8087244897959184,0.4398703576974045,-0.01596938775510204,0.46204959094524384,0.05,1.61,1.4,scratch,random_rescue_to_low_70,200
93,2,0.56,0.965,0.93,0.905,4.695,4.435,4.39,0.1517849713563919,0.18401402235031128,1.298746943473816,0.555,0.045,0.415,0.395,10.0,0.8106632653061224,0.44407662724031227,-0.01403061224489796,0.46714504338800905,0.05,0.8086224489795919,0.43711718480931894,-0.016071428571428573,0.45853701401501895,0.05,1.64,1.44,scratch,random_rescue_to_low_70,200
94,2,0.565,0.965,0.94,0.905,4.69,4.435,4.355,0.12773451209068298,0.18492889404296875,1.2913832664489746,0.565,0.035,0.41,0.39,10.0,0.8105612244897958,0.4461220412170674,-0.01413265306122449,0.46772729106247424,0.05,0.8088265306122449,0.4395926518448819,-0.015867346938775503,0.45958512360230086,0.05,1.56,1.39,scratch,random_rescue_to_low_70,200
95,2,0.575,0.965,0.92,0.92,4.685,4.435,4.265,0.1407487839460373,0.1859779804944992,1.2880226373672485,0.575,0.055,0.4,0.37,10.0,0.8107653061224491,0.446619923164314,-0.013928571428571427,0.4680374415777624,0.05,0.8088265306122449,0.44047681081803863,-0.01586734693877551,0.460830318313092,0.05,1.575,1.385,scratch,random_rescue_to_low_70,200
96,2,0.57,0.965,0.92,0.91,4.655,4.435,4.285,0.16916532814502716,0.18405498564243317,1.2986154556274414,0.565,0.055,0.405,0.375,10.0,0.8107653061224491,0.4430030217940469,-0.01392857142857143,0.4686455517448485,0.05,0.8086734693877551,0.4373313308239539,-0.016020408163265304,0.45995872078463435,0.05,1.615,1.41,scratch,random_rescue_to_low_70,200
97,2,0.57,0.965,0.925,0.91,4.67,4.435,4.3,0.1579621434211731,0.18409687280654907,1.2983964681625366,0.57,0.05,0.405,0.38,10.0,0.8105612244897958,0.4428809229737823,-0.014132653061224491,0.4685316374711692,0.05,0.809030612244898,0.4405646424978312,-0.015663265306122446,0.46289431912824514,0.05,1.58,1.43,scratch,random_rescue_to_low_70,200
98,2,0.565,0.965,0.925,0.905,4.63,4.435,4.3,0.14668399095535278,0.1943601667881012,1.2976531982421875,0.565,0.045,0.41,0.39,10.0,0.8106122448979591,0.4443649759560682,-0.014081632653061227,0.46944151422008873,0.05,0.8092346938775511,0.4399871048253076,-0.015459183673469386,0.4631816387362778,0.05,1.56,1.425,scratch,random_rescue_to_low_70,200
99,2,0.575,0.965,0.925,0.91,4.685,4.435,4.285,0.14096176624298096,0.18939699232578278,1.2936310768127441,0.575,0.05,0.4,0.38,10.0,0.8104591836734693,0.4433991825487977,-0.014234693877551021,0.46845012521371243,0.05,0.8094897959183674,0.4431543823897462,-0.01520408163265306,0.4653306041099131,0.05,1.555,1.46,scratch,random_rescue_to_low_70,200
100,2,0.575,0.965,0.92,0.91,4.685,4.435,4.265,0.15983161330223083,0.19088773429393768,1.2947204113006592,0.575,0.055,0.4,0.375,10.0,0.8105102040816327,0.44344268144945986,-0.014183673469387759,0.4685364279709756,0.05,0.8098469387755103,0.44375240066617283,-0.014846938775510203,0.46561511090025304,0.05,1.55,1.485,scratch,random_rescue_to_low_70,200
