epoch,seed,student_correct,teacher_full_correct,teacher_masked_correct,teacher_raw_correct,student_prediction,teacher_prediction,teacher_masked_prediction,teacher_mask_kl,teacher_raw_kl,teacher_student_kl,prediction_agreement,teacher_flip,correction_opportunity,correction_signal_preserved,swaps,raw_background_ratio,raw_foreground_missing,raw_background_excess_vs_area,raw_foreground_area_missing,raw_zero_foreground,actual_background_ratio,actual_foreground_missing,actual_background_excess_vs_area,actual_foreground_area_missing,actual_zero_foreground,added_foreground,removed_foreground,initialization,method,n_probe
0,0,0.055,0.98,0.955,0.965,4.295,4.485,4.375,0.07673554122447968,0.04942389577627182,1.9759149551391602,0.055,0.03,0.925,0.895,10.0,0.7058673469387755,0.08231790489358617,-0.1188265306122449,0.11018673395505175,0.05,0.729234693877551,0.1679639018459042,-0.0954591836734694,0.1908127719233744,0.05,0.55,2.84,imagenet,random_anneal_10,200
1,0,0.75,0.98,0.955,0.96,4.455,4.485,4.4,0.06486073136329651,0.060337889939546585,1.0578465461730957,0.75,0.025,0.235,0.225,10.0,0.7025,0.07956746080398516,-0.1221938775510204,0.10392138346331194,0.05,0.7273979591836734,0.17505997373481066,-0.09729591836734695,0.18818330444977618,0.05,0.53,2.97,imagenet,random_anneal_10,200
2,0,0.945,0.98,0.965,0.955,4.4,4.485,4.455,0.036755405366420746,0.04234221577644348,0.24738061428070068,0.945,0.015,0.045,0.045,10.0,0.6980102040816327,0.07467830591872324,-0.12668367346938778,0.09221563921004418,0.05,0.7235204081632653,0.1665751335483588,-0.10117346938775512,0.17334048582008107,0.05,0.5,3.0,imagenet,random_anneal_10,200
3,0,0.955,0.98,0.945,0.96,4.385,4.485,4.41,0.08786217868328094,0.024034852162003517,0.10397077351808548,0.96,0.035,0.03,0.025,10.0,0.6965816326530613,0.06575660670491737,-0.12811224489795917,0.08795723139555775,0.05,0.7237755102040816,0.159866173014558,-0.10091836734693878,0.1751110313180834,0.05,0.475,3.14,imagenet,random_anneal_10,200
4,0,0.955,0.98,0.95,0.965,4.4,4.485,4.395,0.06651370227336884,0.03208934888243675,0.09514395892620087,0.96,0.03,0.03,0.025,10.0,0.6999489795918368,0.07247333608734305,-0.12474489795918366,0.0960707291426661,0.05,0.7265306122448979,0.16771346344654925,-0.09816326530612245,0.18078836644708646,0.05,0.49,3.095,imagenet,random_anneal_10,200
5,0,0.95,0.98,0.955,0.965,4.345,4.485,4.475,0.060827236622571945,0.029763752594590187,0.09153907746076584,0.955,0.03,0.035,0.035,10.0,0.7013265306122449,0.0754330593303232,-0.12336734693877553,0.10066555774508743,0.05,0.7264285714285715,0.17095296964126155,-0.09826530612244898,0.18301172072533517,0.05,0.54,3.0,imagenet,random_anneal_10,200
6,0,0.94,0.98,0.955,0.97,4.415,4.485,4.39,0.05125296488404274,0.0343976765871048,0.12179229408502579,0.945,0.025,0.045,0.04,10.0,0.7038265306122449,0.08399077673617109,-0.1208673469387755,0.10743470850211452,0.05,0.7291326530612244,0.17555727754787548,-0.09556122448979593,0.19104619672871195,0.05,0.575,3.055,imagenet,random_anneal_10,200
7,0,0.955,0.98,0.96,0.96,4.43,4.485,4.365,0.05490095168352127,0.055581435561180115,0.1027597039937973,0.96,0.025,0.03,0.03,10.0,0.7042346938775509,0.08526515571474444,-0.12045918367346939,0.11085743007002748,0.05,0.7280102040816326,0.17517550018149036,-0.09668367346938776,0.1892014044104144,0.05,0.545,2.875,imagenet,random_anneal_10,200
8,0,0.95,0.98,0.965,0.96,4.425,4.485,4.4,0.06156410276889801,0.04458138346672058,0.08987539261579514,0.955,0.02,0.035,0.03,10.0,0.7039285714285716,0.08373910974552472,-0.12076530612244898,0.10841011783821158,0.05,0.7285204081632654,0.17635798712250483,-0.09617346938775512,0.18441329784691335,0.05,0.505,2.915,imagenet,random_anneal_10,200
9,0,0.965,0.98,0.94,0.965,4.36,4.485,4.4,0.10686006397008896,0.04656606540083885,0.0814460813999176,0.97,0.04,0.02,0.015,10.0,0.7046938775510203,0.08463749225791933,-0.12,0.10774936241024989,0.05,0.7284693877551021,0.16928508139801873,-0.09622448979591837,0.18694541130680592,0.05,0.52,2.85,imagenet,random_anneal_10,200
10,0,0.95,0.98,0.945,0.95,4.36,4.485,4.335,0.08271514624357224,0.07260710000991821,0.10406725108623505,0.955,0.04,0.035,0.02,10.0,0.7064795918367346,0.08857490862035833,-0.11821428571428572,0.11290508896330721,0.05,0.7321428571428572,0.19504305028088625,-0.09255102040816326,0.2036634404445067,0.05,0.565,3.08,imagenet,random_anneal_10,200
11,0,0.945,0.98,0.94,0.945,4.5,4.485,4.345,0.08064113557338715,0.07358268648386002,0.12342285364866257,0.95,0.04,0.04,0.025,10.0,0.7052551020408163,0.08885728782004679,-0.1194387755102041,0.11791631226529717,0.05,0.7287244897959184,0.18109066470356275,-0.09596938775510204,0.20110845751594753,0.05,0.62,2.92,imagenet,random_anneal_10,200
12,0,0.95,0.98,0.94,0.96,4.4,4.485,4.355,0.09173710644245148,0.07494612783193588,0.09771169722080231,0.955,0.045,0.035,0.025,10.0,0.7064795918367346,0.09002906579838982,-0.11821428571428572,0.12095975947144325,0.05,0.7312244897959184,0.18560998569751883,-0.09346938775510205,0.2012695278855972,0.05,0.545,2.97,imagenet,random_anneal_10,200
13,0,0.96,0.98,0.95,0.96,4.385,4.485,4.405,0.11351384222507477,0.08509641885757446,0.09346642345190048,0.965,0.035,0.025,0.015,10.0,0.7062755102040816,0.08883666029841084,-0.11841836734693877,0.11899588470390882,0.05,0.7306632653061225,0.18500368740836873,-0.09403061224489796,0.20144382736587432,0.05,0.58,2.97,imagenet,random_anneal_10,200
14,0,0.96,0.98,0.94,0.945,4.39,4.485,4.375,0.0827094167470932,0.09431406855583191,0.09562818706035614,0.965,0.04,0.025,0.025,10.0,0.7065816326530612,0.09217093373863892,-0.11811224489795918,0.11862505390527076,0.05,0.7321428571428572,0.18490593999760188,-0.09255102040816325,0.19814803212648258,0.05,0.53,3.035,imagenet,random_anneal_10,200
15,0,0.96,0.98,0.97,0.96,4.455,4.485,4.425,0.0423753447830677,0.06686266511678696,0.09873992949724197,0.955,0.015,0.03,0.03,10.0,0.7072448979591838,0.08849086639507292,-0.11744897959183674,0.11814812776457984,0.05,0.7315306122448979,0.17140969814576654,-0.09316326530612244,0.1982873139390722,0.05,0.565,2.945,imagenet,random_anneal_10,200
16,0,0.96,0.98,0.945,0.965,4.365,4.485,4.35,0.08746717125177383,0.05422130972146988,0.09796805679798126,0.965,0.04,0.025,0.02,10.0,0.707295918367347,0.0895097426802928,-0.11739795918367346,0.1187507882907812,0.05,0.7314285714285714,0.18114951230174556,-0.09326530612244899,0.20475698935915715,0.05,0.56,2.925,imagenet,random_anneal_10,200
17,0,0.965,0.98,0.945,0.955,4.405,4.485,4.395,0.09951233118772507,0.05153393745422363,0.07039733976125717,0.97,0.04,0.02,0.01,10.0,0.710408163265306,0.09485737247005528,-0.11428571428571428,0.12454113851345028,0.05,0.7332653061224491,0.1802149642261847,-0.09142857142857146,0.20411974017042667,0.05,0.595,2.835,imagenet,random_anneal_10,200
18,0,0.965,0.98,0.97,0.965,4.43,4.485,4.405,0.04821714386343956,0.04612307995557785,0.09518954902887344,0.96,0.015,0.025,0.025,10.0,0.7106122448979594,0.09535991921775715,-0.11408163265306122,0.12878855124698022,0.05,0.7348469387755102,0.18675166315272482,-0.0898469387755102,0.20948968030861578,0.05,0.635,3.01,imagenet,random_anneal_10,200
19,0,0.975,0.98,0.955,0.955,4.455,4.485,4.365,0.058403242379426956,0.055510640144348145,0.0959353893995285,0.97,0.03,0.015,0.01,10.0,0.7096938775510204,0.09638030765591053,-0.115,0.12207785256556235,0.05,0.7325510204081632,0.17734193247597124,-0.09214285714285714,0.19422303040395492,0.05,0.59,2.83,imagenet,random_anneal_10,200
20,0,0.96,0.98,0.94,0.95,4.39,4.485,4.42,0.08124450594186783,0.06049583852291107,0.08919260650873184,0.965,0.04,0.025,0.02,10.0,0.7086224489795918,0.0902518429594311,-0.11607142857142858,0.11709635889623314,0.05,0.7330102040816326,0.18302804607454964,-0.09168367346938776,0.1990925346268341,0.05,0.61,3.0,imagenet,random_anneal_10,200
21,0,0.965,0.98,0.945,0.95,4.41,4.485,4.41,0.08054099231958389,0.06739337742328644,0.11303611099720001,0.96,0.035,0.025,0.02,10.0,0.7075,0.09002042603950591,-0.11719387755102041,0.11917830122692977,0.05,0.7317857142857143,0.1839129033878854,-0.09290816326530611,0.2021155185997486,0.05,0.55,2.93,imagenet,random_anneal_10,200
22,0,0.955,0.98,0.94,0.955,4.405,4.485,4.35,0.07740098237991333,0.05819737911224365,0.1332133263349533,0.95,0.04,0.035,0.025,10.0,0.7094387755102041,0.09281358147469995,-0.11525510204081632,0.12340194715943653,0.05,0.7336734693877551,0.19687269140030453,-0.09102040816326533,0.20861877323841327,0.05,0.545,2.92,imagenet,random_anneal_10,200
23,0,0.965,0.98,0.945,0.955,4.4,4.485,4.485,0.09349224716424942,0.08164725452661514,0.086677186191082,0.97,0.04,0.02,0.02,10.0,0.7070408163265306,0.0875813060932858,-0.11765306122448979,0.11341606859772582,0.05,0.7312755102040817,0.19108641185853104,-0.09341836734693879,0.20853723182110115,0.05,0.59,2.965,imagenet,random_anneal_10,200
24,0,0.955,0.98,0.95,0.96,4.425,4.485,4.385,0.06623289734125137,0.06168721243739128,0.11094770580530167,0.96,0.03,0.03,0.025,10.0,0.7076530612244898,0.09181422668403405,-0.11704081632653061,0.11706628495798213,0.05,0.7316836734693877,0.18959512865477923,-0.09301020408163266,0.20560470898868516,0.05,0.605,2.96,imagenet,random_anneal_10,200
25,0,0.96,0.98,0.965,0.945,4.45,4.485,4.44,0.056263264268636703,0.0753312036395073,0.10139060765504837,0.965,0.02,0.025,0.02,10.0,0.7090306122448979,0.09528929592994058,-0.11566326530612243,0.12178536549312412,0.05,0.7324489795918367,0.1813690702469659,-0.0922448979591837,0.19996489277807997,0.05,0.65,2.945,imagenet,random_anneal_10,200
26,0,0.96,0.98,0.945,0.94,4.355,4.485,4.415,0.08143959194421768,0.06720741093158722,0.09114538133144379,0.965,0.035,0.025,0.02,9.0,0.7088265306122449,0.09503091096879468,-0.11586734693877551,0.12209793480156804,0.05,0.7306122448979592,0.18290255847778375,-0.09408163265306121,0.19653412267565729,0.05,0.525,2.66,imagenet,random_anneal_10,200
27,0,0.965,0.98,0.95,0.945,4.415,4.485,4.425,0.0963054746389389,0.08816318213939667,0.08445225656032562,0.97,0.035,0.02,0.02,9.0,0.7105612244897958,0.09637682449267901,-0.1141326530612245,0.1243904233914509,0.05,0.7315306122448979,0.1858261802487913,-0.09316326530612246,0.2045866309059784,0.05,0.56,2.615,imagenet,random_anneal_10,200
28,0,0.96,0.98,0.945,0.945,4.415,4.485,4.345,0.09115903824567795,0.08697088062763214,0.09319879859685898,0.965,0.04,0.025,0.02,9.0,0.707704081632653,0.09286656160517669,-0.11698979591836736,0.12318911753769499,0.05,0.7309183673469388,0.1821265836346882,-0.09377551020408165,0.2027028341940604,0.05,0.51,2.785,imagenet,random_anneal_10,200
29,0,0.955,0.98,0.94,0.955,4.485,4.485,4.47,0.09963998943567276,0.05637384578585625,0.10583406686782837,0.96,0.045,0.03,0.015,9.0,0.7088775510204082,0.09384578107242919,-0.11581632653061223,0.12518004859550275,0.05,0.7314285714285714,0.17125099208688696,-0.09326530612244899,0.20047035813113326,0.05,0.46,2.67,imagenet,random_anneal_10,200
30,0,0.96,0.98,0.95,0.95,4.415,4.485,4.31,0.0820399820804596,0.08651307225227356,0.06997948884963989,0.965,0.035,0.025,0.02,9.0,0.7067857142857144,0.0910335358994785,-0.11790816326530613,0.12114057606406277,0.05,0.7297448979591837,0.16904991616551093,-0.09494897959183675,0.18868460284778849,0.05,0.475,2.725,imagenet,random_anneal_10,200
31,0,0.965,0.98,0.96,0.95,4.425,4.485,4.45,0.05610102787613869,0.059491075575351715,0.0575152263045311,0.97,0.02,0.02,0.015,9.0,0.7064285714285714,0.08574445860541055,-0.11826530612244898,0.1146033442436601,0.05,0.7296428571428573,0.17528523597709603,-0.0950510204081633,0.20238478782819583,0.05,0.425,2.7,imagenet,random_anneal_10,200
32,0,0.965,0.98,0.94,0.95,4.405,4.485,4.295,0.13469967246055603,0.07045485824346542,0.06654008477926254,0.97,0.045,0.02,0.015,8.0,0.7076530612244898,0.0899929464606996,-0.11704081632653061,0.1178368116664933,0.05,0.7271938775510204,0.16673201967671664,-0.0975,0.18400689758593217,0.05,0.425,2.34,imagenet,random_anneal_10,200
33,0,0.98,0.98,0.945,0.96,4.42,4.485,4.375,0.08073833584785461,0.06158655136823654,0.04709058627486229,0.985,0.035,0.005,0.0,8.0,0.7074489795918367,0.08923887932296332,-0.11724489795918368,0.12067029061334324,0.05,0.7276020408163265,0.16813496867904135,-0.09709183673469388,0.19269898889353498,0.05,0.43,2.405,imagenet,random_anneal_10,200
34,0,0.975,0.98,0.94,0.955,4.395,4.485,4.345,0.08588072657585144,0.053026340901851654,0.037601765245199203,0.98,0.045,0.01,0.005,8.0,0.7066326530612246,0.0907572705126464,-0.11806122448979592,0.11746822413813789,0.05,0.7275510204081632,0.17379395037805898,-0.09714285714285716,0.190063608950004,0.05,0.435,2.485,imagenet,random_anneal_10,200
35,0,0.965,0.98,0.96,0.955,4.44,4.485,4.435,0.05218755081295967,0.053235460072755814,0.0671008750796318,0.97,0.025,0.02,0.015,8.0,0.7072959183673468,0.08820671850729309,-0.11739795918367348,0.11815237762377365,0.05,0.7260204081632654,0.15515311871974935,-0.0986734693877551,0.18655576973280405,0.05,0.475,2.31,imagenet,random_anneal_10,200
36,0,0.965,0.98,0.955,0.955,4.41,4.485,4.36,0.0676836222410202,0.060106344521045685,0.06329864263534546,0.97,0.03,0.02,0.015,8.0,0.7101530612244897,0.09455674725000877,-0.11454081632653061,0.12685032175591915,0.05,0.7298979591836735,0.16195910843051525,-0.09479591836734695,0.19233914280557657,0.05,0.46,2.395,imagenet,random_anneal_10,200
37,0,0.965,0.98,0.955,0.955,4.36,4.485,4.385,0.0791892409324646,0.05572565644979477,0.08067512512207031,0.97,0.025,0.02,0.01,8.0,0.7080102040816325,0.088534785079659,-0.11668367346938777,0.11633101336541586,0.05,0.7266326530612246,0.1672420349911384,-0.09806122448979593,0.18774481622036546,0.05,0.51,2.335,imagenet,random_anneal_10,200
38,0,0.97,0.98,0.945,0.96,4.38,4.485,4.38,0.08028402179479599,0.06745985150337219,0.07521500438451767,0.975,0.035,0.015,0.005,7.0,0.7081122448979593,0.08966886845354279,-0.11658163265306123,0.11676412978646113,0.05,0.7254081632653062,0.15515314744602385,-0.09928571428571428,0.17653772824793124,0.05,0.455,2.15,imagenet,random_anneal_10,200
39,0,0.965,0.98,0.945,0.95,4.375,4.485,4.36,0.05917460843920708,0.07620427757501602,0.0537676140666008,0.97,0.04,0.02,0.015,7.0,0.7084693877551022,0.09026911161207647,-0.11622448979591837,0.11725547189736972,0.05,0.7257653061224489,0.15344763360396743,-0.09892857142857142,0.17498189750127494,0.05,0.42,2.115,imagenet,random_anneal_10,200
40,0,0.97,0.98,0.95,0.945,4.38,4.485,4.36,0.08500076085329056,0.08991707116365433,0.06152968481183052,0.975,0.035,0.015,0.01,7.0,0.7091326530612244,0.09229153395141125,-0.11556122448979593,0.12330887665943009,0.05,0.725561224489796,0.15162506621189478,-0.09913265306122448,0.17628144346454064,0.05,0.43,2.04,imagenet,random_anneal_10,200
41,0,0.965,0.98,0.955,0.955,4.385,4.485,4.335,0.0685366839170456,0.06484616547822952,0.07434964925050735,0.97,0.03,0.02,0.015,7.0,0.7079591836734694,0.09000445390194722,-0.11673469387755102,0.12020885145655484,0.05,0.7238265306122449,0.15128136532548087,-0.10086734693877553,0.1769632615550654,0.05,0.42,1.975,imagenet,random_anneal_10,200
42,0,0.97,0.98,0.95,0.955,4.38,4.485,4.3,0.08650476485490799,0.08976465463638306,0.07222677767276764,0.975,0.035,0.015,0.01,7.0,0.710204081632653,0.09739909034999662,-0.11448979591836736,0.12910162510786904,0.05,0.7259183673469388,0.1583481199770853,-0.09877551020408162,0.18297092262655495,0.05,0.445,1.985,imagenet,random_anneal_10,200
43,0,0.96,0.98,0.955,0.96,4.425,4.485,4.365,0.07316435128450394,0.06714574247598648,0.07883278280496597,0.965,0.03,0.025,0.025,7.0,0.7088775510204082,0.09235882417141246,-0.11581632653061226,0.12296775353941485,0.05,0.7258673469387756,0.15281075158367508,-0.0988265306122449,0.17855562537908554,0.05,0.365,2.03,imagenet,random_anneal_10,200
44,0,0.96,0.98,0.94,0.935,4.38,4.485,4.325,0.08705934882164001,0.10492667555809021,0.09096448123455048,0.965,0.045,0.025,0.015,6.0,0.7089285714285714,0.09389099501363284,-0.11576530612244898,0.12495578984700842,0.05,0.722908163265306,0.1476103749444029,-0.10178571428571431,0.17200613094260916,0.05,0.37,1.74,imagenet,random_anneal_10,200
45,0,0.955,0.98,0.95,0.95,4.44,4.485,4.375,0.0747370570898056,0.062442846596241,0.09878261387348175,0.96,0.035,0.03,0.025,6.0,0.7089795918367346,0.09306121492768721,-0.11571428571428571,0.12353226852224906,0.05,0.7231122448979592,0.15063993330195669,-0.10158163265306124,0.17382277579745278,0.05,0.37,1.755,imagenet,random_anneal_10,200
46,0,0.965,0.98,0.945,0.945,4.385,4.485,4.335,0.08644731342792511,0.0807737186551094,0.08671730011701584,0.97,0.04,0.02,0.015,6.0,0.7097448979591836,0.09500435375679492,-0.11494897959183675,0.12517581744672499,0.05,0.724438775510204,0.14849641396787577,-0.10025510204081632,0.17125111172907054,0.05,0.34,1.78,imagenet,random_anneal_10,200
47,0,0.975,0.98,0.965,0.955,4.425,4.485,4.39,0.04572274535894394,0.061554137617349625,0.04753635823726654,0.98,0.02,0.01,0.01,6.0,0.707704081632653,0.09077696753977725,-0.11698979591836736,0.12102895013900707,0.05,0.7220408163265306,0.14140235773345453,-0.10265306122448979,0.16537735079356936,0.05,0.335,1.74,imagenet,random_anneal_10,200
48,0,0.97,0.98,0.96,0.96,4.425,4.485,4.375,0.07003840804100037,0.0639389306306839,0.06164826452732086,0.975,0.025,0.015,0.015,6.0,0.7080612244897958,0.09405393121438113,-0.11663265306122449,0.12305677716765785,0.05,0.7228571428571428,0.15082162484426404,-0.10183673469387756,0.1773485385789536,0.05,0.345,1.795,imagenet,random_anneal_10,200
49,0,0.955,0.98,0.955,0.95,4.405,4.485,4.34,0.06505639851093292,0.08880525827407837,0.09902314841747284,0.96,0.03,0.03,0.02,6.0,0.7081122448979592,0.09270524082924429,-0.11658163265306122,0.12572888206530478,0.05,0.7232653061224491,0.1454980250105253,-0.10142857142857142,0.17100025397958235,0.05,0.305,1.79,imagenet,random_anneal_10,200
50,0,0.97,0.98,0.955,0.96,4.445,4.485,4.345,0.07006718963384628,0.06816534698009491,0.0660703107714653,0.975,0.03,0.015,0.015,5.0,0.7098469387755102,0.09593503383395227,-0.11484693877551021,0.12848155820945975,0.05,0.7223469387755103,0.14485932962717288,-0.10234693877551021,0.17186633057892323,0.05,0.295,1.52,imagenet,random_anneal_10,200
51,0,0.965,0.98,0.955,0.95,4.42,4.485,4.335,0.06124616786837578,0.06269367039203644,0.07915084809064865,0.97,0.03,0.02,0.02,5.0,0.7090816326530613,0.09334998129391923,-0.11561224489795918,0.12446234724571696,0.05,0.7216326530612244,0.1395325889021185,-0.10306122448979592,0.17058647785917855,0.05,0.3,1.53,imagenet,random_anneal_10,200
52,0,0.97,0.98,0.95,0.955,4.425,4.485,4.355,0.08021777868270874,0.062454480677843094,0.0615973100066185,0.975,0.035,0.015,0.015,5.0,0.7071938775510205,0.08877412618456247,-0.1175,0.12132305911276489,0.05,0.7207653061224489,0.1412660867993549,-0.10392857142857144,0.1691664599836804,0.05,0.27,1.6,imagenet,random_anneal_10,200
53,0,0.97,0.98,0.95,0.945,4.425,4.485,4.35,0.08195162564516068,0.08829046040773392,0.06917745620012283,0.975,0.035,0.015,0.015,5.0,0.709795918367347,0.09310583352824389,-0.11489795918367347,0.1265344982742681,0.05,0.7216326530612246,0.13755565280251456,-0.10306122448979593,0.16490560974925755,0.05,0.29,1.45,imagenet,random_anneal_10,200
54,0,0.975,0.98,0.955,0.95,4.425,4.485,4.355,0.07974734157323837,0.08487002551555634,0.052149396389722824,0.98,0.03,0.01,0.01,5.0,0.7095918367346938,0.09239628662698883,-0.11510204081632654,0.12427554351830622,0.05,0.7217857142857141,0.13680605324896236,-0.10290816326530614,0.17192154831602238,0.05,0.31,1.505,imagenet,random_anneal_10,200
55,0,0.97,0.98,0.945,0.95,4.41,4.485,4.4,0.09058311581611633,0.07971154898405075,0.0733979344367981,0.975,0.04,0.015,0.01,5.0,0.7098979591836735,0.09416269894386176,-0.11479591836734693,0.12524309911066667,0.05,0.7228571428571429,0.1477024093460954,-0.10183673469387756,0.16792983239356546,0.05,0.295,1.565,imagenet,random_anneal_10,200
56,0,0.975,0.98,0.935,0.945,4.415,4.485,4.325,0.10200871527194977,0.09991136193275452,0.04087398573756218,0.98,0.05,0.01,0.0,4.0,0.7088775510204082,0.09003914362495749,-0.11581632653061226,0.12208491507073632,0.05,0.7189285714285714,0.13335835700044166,-0.10576530612244898,0.15721114891581237,0.05,0.235,1.22,imagenet,random_anneal_10,200
57,0,0.97,0.98,0.955,0.945,4.41,4.485,4.35,0.061333369463682175,0.07182706147432327,0.05694169923663139,0.975,0.03,0.015,0.01,4.0,0.7096428571428572,0.09252138561942612,-0.11505102040816327,0.12479279470833717,0.05,0.7193367346938774,0.1325930339879778,-0.10535714285714287,0.1556911835144274,0.05,0.245,1.195,imagenet,random_anneal_10,200
58,0,0.98,0.98,0.945,0.95,4.455,4.485,4.35,0.0990610122680664,0.08360783755779266,0.047788795083761215,0.975,0.04,0.01,0.005,4.0,0.7082142857142857,0.08917014600399,-0.11647959183673469,0.12101854284032015,0.05,0.7185204081632652,0.13644912171421048,-0.1061734693877551,0.158870873976266,0.05,0.22,1.23,imagenet,random_anneal_10,200
59,0,0.97,0.98,0.95,0.945,4.505,4.485,4.35,0.07864641398191452,0.09074118733406067,0.0432998426258564,0.98,0.035,0.015,0.015,4.0,0.7074489795918367,0.08759270511359,-0.11724489795918368,0.11981668483203975,0.05,0.7176020408163265,0.12621202781326643,-0.10709183673469388,0.15432284813075967,0.05,0.24,1.235,imagenet,random_anneal_10,200
60,0,0.97,0.98,0.945,0.945,4.455,4.485,4.365,0.08230189979076385,0.09385020285844803,0.03603538125753403,0.98,0.035,0.015,0.015,4.0,0.7087755102040816,0.08916722345887602,-0.11591836734693878,0.12049819619365736,0.05,0.717908163265306,0.1266780037913807,-0.10678571428571429,0.15381116526201366,0.05,0.235,1.13,imagenet,random_anneal_10,200
61,0,0.975,0.98,0.955,0.95,4.495,4.485,4.32,0.07498941570520401,0.06839986145496368,0.06302282959222794,0.97,0.03,0.015,0.01,4.0,0.7078571428571427,0.08958274621653665,-0.11683673469387756,0.12121196581952973,0.05,0.7171428571428572,0.13440987164911472,-0.10755102040816328,0.15676457431567542,0.05,0.205,1.115,imagenet,random_anneal_10,200
62,0,0.965,0.98,0.945,0.955,4.49,4.485,4.32,0.060300201177597046,0.04879017174243927,0.05730678141117096,0.975,0.04,0.02,0.01,3.0,0.706734693877551,0.08706710664268442,-0.11795918367346939,0.11850933854904724,0.05,0.7139795918367347,0.12060106709005766,-0.11071428571428572,0.1439762912807055,0.05,0.145,0.855,imagenet,random_anneal_10,200
63,0,0.97,0.98,0.945,0.945,4.385,4.485,4.325,0.09844476729631424,0.08334682136774063,0.0616556853055954,0.975,0.04,0.015,0.005,3.0,0.707857142857143,0.08975531989541279,-0.11683673469387756,0.12104007105896017,0.05,0.7147448979591837,0.11525618574298056,-0.10994897959183675,0.14278372644912452,0.05,0.17,0.845,imagenet,random_anneal_10,200
64,0,0.965,0.98,0.955,0.95,4.435,4.485,4.395,0.08021272718906403,0.07949411869049072,0.057100988924503326,0.975,0.03,0.02,0.015,3.0,0.7064285714285714,0.08588492651873758,-0.11826530612244898,0.11676162392803235,0.05,0.7131122448979592,0.11038702052160634,-0.11158163265306122,0.14081007063621656,0.05,0.165,0.82,imagenet,random_anneal_10,200
65,0,0.96,0.98,0.955,0.955,4.47,4.485,4.385,0.07203245162963867,0.05588386952877045,0.05819117650389671,0.97,0.03,0.025,0.02,3.0,0.7065816326530612,0.08522934877223291,-0.11811224489795918,0.11603205428429647,0.05,0.7135714285714286,0.11191304224921933,-0.11112244897959184,0.13859179937979207,0.05,0.175,0.86,imagenet,random_anneal_10,200
66,0,0.965,0.98,0.955,0.96,4.49,4.485,4.35,0.06042596697807312,0.04625692218542099,0.04506509751081467,0.97,0.03,0.02,0.02,3.0,0.7053061224489795,0.08341069674665187,-0.11938775510204082,0.11389306584227597,0.05,0.7125510204081632,0.11593408479279141,-0.11214285714285716,0.1405275422590785,0.05,0.15,0.86,imagenet,random_anneal_10,200
67,0,0.97,0.98,0.95,0.955,4.48,4.485,4.345,0.061833471059799194,0.06823673844337463,0.06570319086313248,0.975,0.03,0.015,0.015,3.0,0.7043877551020407,0.08244153189043472,-0.12030612244897959,0.11347344719659304,0.05,0.7117857142857144,0.11911299780407089,-0.11290816326530613,0.14009097013622523,0.05,0.145,0.87,imagenet,random_anneal_10,200
68,0,0.97,0.98,0.96,0.955,4.425,4.485,4.385,0.05863228440284729,0.056032322347164154,0.06141002103686333,0.975,0.025,0.015,0.015,2.0,0.7038775510204082,0.08049865399816188,-0.12081632653061224,0.11111792300100205,0.05,0.7086734693877551,0.09946458766978837,-0.11602040816326532,0.12702647716505452,0.05,0.105,0.575,imagenet,random_anneal_10,200
69,0,0.975,0.98,0.955,0.955,4.505,4.485,4.39,0.06890573352575302,0.07084767520427704,0.04957936331629753,0.985,0.03,0.01,0.01,2.0,0.7044897959183674,0.08241688857756028,-0.12020408163265305,0.11212990710366284,0.05,0.7092346938775509,0.1065604364853468,-0.11545918367346938,0.13304231043177425,0.05,0.125,0.59,imagenet,random_anneal_10,200
70,0,0.965,0.98,0.94,0.945,4.465,4.485,4.295,0.10327783226966858,0.09104261547327042,0.05937203764915466,0.975,0.045,0.02,0.015,2.0,0.7055102040816326,0.084729005616607,-0.11918367346938774,0.1152116741365171,0.05,0.7103571428571428,0.10529699271137065,-0.11433673469387756,0.13111370337894188,0.05,0.105,0.58,imagenet,random_anneal_10,200
71,0,0.97,0.98,0.94,0.95,4.425,4.485,4.3,0.0928044244647026,0.08800166100263596,0.04927175119519234,0.975,0.045,0.015,0.005,2.0,0.7089285714285714,0.09143677075941327,-0.11576530612244898,0.12235759678267641,0.05,0.7135714285714286,0.10991610926314459,-0.11112244897959184,0.13827698935521768,0.05,0.11,0.565,imagenet,random_anneal_10,200
72,0,0.975,0.98,0.945,0.95,4.44,4.485,4.305,0.10180555284023285,0.08978986740112305,0.04637840390205383,0.98,0.04,0.01,0.005,2.0,0.7076530612244898,0.08844880733068955,-0.11704081632653061,0.12019613660144386,0.05,0.7123469387755103,0.1071898494291988,-0.1123469387755102,0.13383019712753594,0.05,0.12,0.58,imagenet,random_anneal_10,200
73,0,0.975,0.98,0.945,0.945,4.44,4.485,4.34,0.09644261002540588,0.09014595299959183,0.0595596544444561,0.97,0.04,0.015,0.01,2.0,0.7090306122448979,0.0917810214521609,-0.11566326530612243,0.12392825496754085,0.05,0.7139285714285714,0.11337127292027968,-0.11076530612244899,0.13923333479724534,0.05,0.115,0.595,imagenet,random_anneal_10,200
74,0,0.975,0.98,0.945,0.945,4.44,4.485,4.31,0.0997554212808609,0.08994659781455994,0.04540958255529404,0.98,0.04,0.01,0.005,1.0,0.7091326530612244,0.0916918030189377,-0.11556122448979592,0.12325203631742625,0.05,0.711938775510204,0.10566665564375281,-0.11275510204081632,0.13243749225744977,0.05,0.05,0.325,imagenet,random_anneal_10,200
75,0,0.97,0.98,0.95,0.95,4.425,4.485,4.295,0.09418779611587524,0.086107537150383,0.04768562316894531,0.975,0.035,0.015,0.01,1.0,0.7088775510204082,0.09181336849832863,-0.11581632653061223,0.12287287439452484,0.05,0.7114795918367346,0.10321028305221658,-0.11321428571428573,0.13058424112619832,0.05,0.06,0.315,imagenet,random_anneal_10,200
76,0,0.97,0.98,0.945,0.94,4.435,4.485,4.315,0.09005828201770782,0.08864827454090118,0.051419541239738464,0.975,0.04,0.015,0.01,1.0,0.7078571428571427,0.08940470583880622,-0.11683673469387756,0.11706689235521481,0.05,0.710204081632653,0.10099113448246079,-0.11448979591836736,0.12576532242586835,0.05,0.045,0.275,imagenet,random_anneal_10,200
77,0,0.975,0.98,0.955,0.945,4.45,4.485,4.315,0.0795687660574913,0.0760265365242958,0.048814669251441956,0.98,0.03,0.01,0.01,1.0,0.7080102040816325,0.08998506956970047,-0.11668367346938777,0.11722544525022385,0.05,0.7106122448979592,0.10361728691636178,-0.11408163265306123,0.1259799931407906,0.05,0.055,0.31,imagenet,random_anneal_10,200
78,0,0.97,0.98,0.955,0.95,4.455,4.485,4.345,0.07899846136569977,0.08311952650547028,0.05053119361400604,0.975,0.03,0.015,0.015,1.0,0.7076530612244898,0.08863163178249335,-0.11704081632653061,0.11973217518985621,0.05,0.7105102040816326,0.10650868830563166,-0.11418367346938775,0.1305661025737936,0.05,0.025,0.305,imagenet,random_anneal_10,200
79,0,0.97,0.98,0.955,0.95,4.465,4.485,4.32,0.07277058809995651,0.08041324466466904,0.05327744781970978,0.975,0.03,0.015,0.015,1.0,0.7071428571428572,0.08773712277329312,-0.11755102040816327,0.1146137490052206,0.05,0.709795918367347,0.10530860947951913,-0.11489795918367347,0.12608544080299908,0.05,0.04,0.3,imagenet,random_anneal_10,200
80,0,0.975,0.98,0.95,0.95,4.485,4.485,4.3,0.07831729203462601,0.07831729203462601,0.05047491937875748,0.98,0.035,0.01,0.01,0.0,0.7075510204081632,0.08915934082454677,-0.11714285714285713,0.11641788986758911,0.05,0.7075510204081632,0.08915934082454677,-0.11714285714285713,0.11641788986758911,0.05,0.0,0.0,imagenet,random_anneal_10,200
81,0,0.97,0.98,0.94,0.94,4.455,4.485,4.3,0.08731422573328018,0.08731422573328018,0.04794597253203392,0.975,0.045,0.015,0.01,0.0,0.7076530612244898,0.08941291817408469,-0.11704081632653061,0.1163633250548446,0.05,0.7076530612244898,0.08941291817408469,-0.11704081632653061,0.1163633250548446,0.05,0.0,0.0,imagenet,random_anneal_10,200
82,0,0.97,0.98,0.945,0.945,4.455,4.485,4.315,0.0773368552327156,0.0773368552327156,0.04757116734981537,0.975,0.04,0.015,0.01,0.0,0.7076020408163265,0.0886524035889291,-0.11709183673469387,0.1161395246545726,0.05,0.7076020408163265,0.0886524035889291,-0.11709183673469387,0.1161395246545726,0.05,0.0,0.0,imagenet,random_anneal_10,200
83,0,0.97,0.98,0.945,0.945,4.415,4.485,4.32,0.07910025864839554,0.07910025864839554,0.05089470371603966,0.975,0.04,0.015,0.015,0.0,0.7080612244897958,0.08925480694413145,-0.11663265306122447,0.11687365755191421,0.05,0.7080612244897958,0.08925480694413145,-0.11663265306122447,0.11687365755191421,0.05,0.0,0.0,imagenet,random_anneal_10,200
84,0,0.97,0.98,0.935,0.935,4.425,4.485,4.315,0.08202949166297913,0.08202949166297913,0.05031396821141243,0.975,0.045,0.015,0.01,0.0,0.7082142857142857,0.08938256260457608,-0.11647959183673472,0.11653072333530873,0.05,0.7082142857142857,0.08938256260457608,-0.11647959183673472,0.11653072333530873,0.05,0.0,0.0,imagenet,random_anneal_10,200
85,0,0.97,0.98,0.935,0.935,4.415,4.485,4.315,0.07900340855121613,0.07900340855121613,0.05058249458670616,0.975,0.045,0.015,0.01,0.0,0.7085204081632653,0.09069227406435669,-0.11617346938775511,0.11823084512361674,0.05,0.7085204081632653,0.09069227406435669,-0.11617346938775511,0.11823084512361674,0.05,0.0,0.0,imagenet,random_anneal_10,200
86,0,0.975,0.98,0.94,0.94,4.45,4.485,4.3,0.07772090286016464,0.07772090286016464,0.04905511438846588,0.98,0.045,0.01,0.005,0.0,0.7085204081632653,0.09040500567192605,-0.11617346938775511,0.11755862607373274,0.05,0.7085204081632653,0.09040500567192605,-0.11617346938775511,0.11755862607373274,0.05,0.0,0.0,imagenet,random_anneal_10,200
87,0,0.975,0.98,0.935,0.935,4.44,4.485,4.295,0.07893289625644684,0.07893289625644684,0.05034005269408226,0.98,0.05,0.01,0.005,0.0,0.7086224489795918,0.09125511118831636,-0.11607142857142858,0.11839746872647083,0.05,0.7086224489795918,0.09125511118831636,-0.11607142857142858,0.11839746872647083,0.05,0.0,0.0,imagenet,random_anneal_10,200
88,0,0.975,0.98,0.94,0.94,4.44,4.485,4.315,0.07805806398391724,0.07805806398391724,0.05052844434976578,0.98,0.045,0.01,0.01,0.0,0.7080612244897959,0.0896111918668719,-0.11663265306122449,0.11713720142361125,0.05,0.7080612244897959,0.0896111918668719,-0.11663265306122449,0.11713720142361125,0.05,0.0,0.0,imagenet,random_anneal_10,200
89,0,0.97,0.98,0.935,0.935,4.415,4.485,4.295,0.09106004983186722,0.09106004983186722,0.05067257955670357,0.975,0.05,0.015,0.01,0.0,0.708265306122449,0.09042800980235996,-0.11642857142857142,0.11744188610682613,0.05,0.708265306122449,0.09042800980235996,-0.11642857142857142,0.11744188610682613,0.05,0.0,0.0,imagenet,random_anneal_10,200
90,0,0.97,0.98,0.94,0.94,4.415,4.485,4.31,0.08237578719854355,0.08237578719854355,0.05188838392496109,0.975,0.045,0.015,0.01,0.0,0.7086224489795918,0.09121393891217858,-0.11607142857142858,0.118041939309187,0.05,0.7086224489795918,0.09121393891217858,-0.11607142857142858,0.118041939309187,0.05,0.0,0.0,imagenet,random_anneal_10,200
91,0,0.97,0.98,0.945,0.945,4.415,4.485,4.315,0.08472555130720139,0.08472555130720139,0.05274504795670509,0.975,0.04,0.015,0.01,0.0,0.7084183673469389,0.09094032741591178,-0.11627551020408163,0.11796063926056377,0.05,0.7084183673469389,0.09094032741591178,-0.11627551020408163,0.11796063926056377,0.05,0.0,0.0,imagenet,random_anneal_10,200
92,0,0.975,0.98,0.94,0.94,4.44,4.485,4.335,0.0842135027050972,0.0842135027050972,0.052031248807907104,0.98,0.045,0.01,0.005,0.0,0.7085714285714286,0.09129035182476858,-0.11612244897959184,0.1185487126557564,0.05,0.7085714285714286,0.09129035182476858,-0.11612244897959184,0.1185487126557564,0.05,0.0,0.0,imagenet,random_anneal_10,200
93,0,0.975,0.98,0.945,0.945,4.44,4.485,4.31,0.07853914052248001,0.07853914052248001,0.05093688890337944,0.98,0.04,0.01,0.005,0.0,0.7084693877551022,0.0906882975281503,-0.11622448979591836,0.11786463648997597,0.05,0.7084693877551022,0.0906882975281503,-0.11622448979591836,0.11786463648997597,0.05,0.0,0.0,imagenet,random_anneal_10,200
94,0,0.975,0.98,0.945,0.945,4.44,4.485,4.345,0.08291137963533401,0.08291137963533401,0.05050241947174072,0.98,0.04,0.01,0.005,0.0,0.7091326530612244,0.09234987557544752,-0.11556122448979593,0.11916415696949116,0.05,0.7091326530612244,0.09234987557544752,-0.11556122448979593,0.11916415696949116,0.05,0.0,0.0,imagenet,random_anneal_10,200
95,0,0.975,0.98,0.94,0.94,4.44,4.485,4.335,0.09256532788276672,0.09256532788276672,0.05009810999035835,0.98,0.045,0.01,0.005,0.0,0.7086734693877551,0.09136302473636748,-0.11602040816326532,0.11803170200422755,0.05,0.7086734693877551,0.09136302473636748,-0.11602040816326532,0.11803170200422755,0.05,0.0,0.0,imagenet,random_anneal_10,200
96,0,0.975,0.98,0.95,0.95,4.45,4.485,4.35,0.08956016600131989,0.08956016600131989,0.04887115955352783,0.98,0.035,0.01,0.005,0.0,0.7087755102040816,0.09121081234559013,-0.11591836734693878,0.11813247092053643,0.05,0.7087755102040816,0.09121081234559013,-0.11591836734693878,0.11813247092053643,0.05,0.0,0.0,imagenet,random_anneal_10,200
97,0,0.975,0.98,0.945,0.945,4.45,4.485,4.34,0.08380798250436783,0.08380798250436783,0.04927744343876839,0.98,0.04,0.01,0.005,0.0,0.7085204081632653,0.09057448775259133,-0.11617346938775511,0.117558530454844,0.05,0.7085204081632653,0.09057448775259133,-0.11617346938775511,0.117558530454844,0.05,0.0,0.0,imagenet,random_anneal_10,200
98,0,0.975,0.98,0.95,0.95,4.45,4.485,4.35,0.0910162553191185,0.0910162553191185,0.0486072339117527,0.98,0.035,0.01,0.005,0.0,0.7086224489795918,0.09093444908514423,-0.11607142857142858,0.11820098414071253,0.05,0.7086224489795918,0.09093444908514423,-0.11607142857142858,0.11820098414071253,0.05,0.0,0.0,imagenet,random_anneal_10,200
99,0,0.975,0.98,0.95,0.95,4.45,4.485,4.35,0.08788485825061798,0.08788485825061798,0.048467282205820084,0.98,0.035,0.01,0.005,0.0,0.7086224489795918,0.09107145762777329,-0.11607142857142856,0.11803451728294022,0.05,0.7086224489795918,0.09107145762777329,-0.11607142857142856,0.11803451728294022,0.05,0.0,0.0,imagenet,random_anneal_10,200
100,0,0.975,0.98,0.945,0.945,4.45,4.485,4.365,0.09116366505622864,0.09116366505622864,0.04831502586603165,0.98,0.035,0.01,0.005,0.0,0.7084183673469389,0.09030775569790292,-0.11627551020408163,0.11744205114184297,0.05,0.7084183673469389,0.09030775569790292,-0.11627551020408163,0.11744205114184297,0.05,0.0,0.0,imagenet,random_anneal_10,200
0,0,0.055,0.98,0.965,0.965,4.295,4.485,4.43,0.04942389577627182,0.04942389577627182,1.9759149551391602,0.055,0.015,0.925,0.91,0.0,0.7058673469387755,0.08231790489358617,-0.1188265306122449,0.11018673395505175,0.05,0.7058673469387755,0.08231790489358617,-0.1188265306122449,0.11018673395505175,0.05,0.0,0.0,imagenet,student,200
1,0,0.75,0.98,0.96,0.96,4.455,4.485,4.39,0.05563835799694061,0.05563835799694061,1.0579445362091064,0.75,0.02,0.235,0.225,0.0,0.7028061224489796,0.07999168728709943,-0.1218877551020408,0.10415831802078174,0.05,0.7028061224489796,0.07999168728709943,-0.1218877551020408,0.10415831802078174,0.05,0.0,0.0,imagenet,student,200
2,0,0.945,0.98,0.955,0.955,4.355,4.485,4.38,0.04048752784729004,0.04048752784729004,0.2446688413619995,0.945,0.025,0.045,0.04,0.0,0.6980612244897959,0.0736330561725399,-0.1266326530612245,0.09111603811019449,0.05,0.6980612244897959,0.0736330561725399,-0.1266326530612245,0.09111603811019449,0.05,0.0,0.0,imagenet,student,200
3,0,0.955,0.98,0.96,0.96,4.385,4.485,4.4,0.02872656285762787,0.02872656285762787,0.10251083225011826,0.96,0.02,0.03,0.03,0.0,0.6965306122448979,0.06709015013924645,-0.12816326530612243,0.08876814756731619,0.05,0.6965306122448979,0.06709015013924645,-0.12816326530612243,0.08876814756731619,0.05,0.0,0.0,imagenet,student,200
4,0,0.955,0.98,0.965,0.965,4.43,4.485,4.44,0.038413867354393005,0.038413867354393005,0.09435023367404938,0.96,0.015,0.03,0.02,0.0,0.7006632653061226,0.0746997999656173,-0.12403061224489796,0.09841150089909206,0.05,0.7006632653061226,0.0746997999656173,-0.12403061224489796,0.09841150089909206,0.05,0.0,0.0,imagenet,student,200
5,0,0.95,0.98,0.97,0.97,4.38,4.485,4.425,0.01697685569524765,0.01697685569524765,0.08858266472816467,0.955,0.01,0.035,0.03,0.0,0.7020408163265307,0.07802367429609323,-0.1226530612244898,0.10243397193204146,0.05,0.7020408163265307,0.07802367429609323,-0.1226530612244898,0.10243397193204146,0.05,0.0,0.0,imagenet,student,200
6,0,0.95,0.98,0.955,0.955,4.445,4.485,4.38,0.0476466566324234,0.0476466566324234,0.09750442206859589,0.955,0.025,0.035,0.035,0.0,0.7023979591836735,0.07911413096955072,-0.12229591836734693,0.10158417685030145,0.05,0.7023979591836735,0.07911413096955072,-0.12229591836734693,0.10158417685030145,0.05,0.0,0.0,imagenet,student,200
7,0,0.95,0.98,0.96,0.96,4.385,4.485,4.405,0.046194013208150864,0.046194013208150864,0.10553912818431854,0.955,0.025,0.035,0.03,0.0,0.7060204081632654,0.08825311793646466,-0.1186734693877551,0.1140639171609655,0.05,0.7060204081632654,0.08825311793646466,-0.1186734693877551,0.1140639171609655,0.05,0.0,0.0,imagenet,student,200
8,0,0.955,0.98,0.95,0.95,4.35,4.485,4.38,0.0643996074795723,0.0643996074795723,0.09379839152097702,0.96,0.035,0.03,0.025,0.0,0.7038775510204082,0.08271581715256143,-0.12081632653061224,0.10607675046980149,0.05,0.7038775510204082,0.08271581715256143,-0.12081632653061224,0.10607675046980149,0.05,0.0,0.0,imagenet,student,200
9,0,0.96,0.98,0.965,0.965,4.355,4.485,4.38,0.054746776819229126,0.054746776819229126,0.08231572806835175,0.965,0.02,0.025,0.025,0.0,0.7064285714285714,0.08515845871104108,-0.11826530612244898,0.11030190224089892,0.05,0.7064285714285714,0.08515845871104108,-0.11826530612244898,0.11030190224089892,0.05,0.0,0.0,imagenet,student,200
10,0,0.965,0.98,0.95,0.95,4.445,4.485,4.35,0.0746290311217308,0.0746290311217308,0.07061885297298431,0.97,0.035,0.02,0.02,0.0,0.7043367346938776,0.08459679941586704,-0.12035714285714287,0.10976134767930489,0.05,0.7043367346938776,0.08459679941586704,-0.12035714285714287,0.10976134767930489,0.05,0.0,0.0,imagenet,student,200
11,0,0.95,0.98,0.95,0.95,4.405,4.485,4.395,0.05592717230319977,0.05592717230319977,0.09360459446907043,0.955,0.03,0.035,0.015,0.0,0.7024489795918367,0.07979800502953596,-0.12224489795918365,0.10315152711584233,0.05,0.7024489795918367,0.07979800502953596,-0.12224489795918365,0.10315152711584233,0.05,0.0,0.0,imagenet,student,200
12,0,0.96,0.98,0.955,0.955,4.365,4.485,4.395,0.06120990216732025,0.06120990216732025,0.07202006131410599,0.965,0.03,0.025,0.02,0.0,0.704234693877551,0.08429691296688009,-0.12045918367346939,0.10957794752597692,0.05,0.704234693877551,0.08429691296688009,-0.12045918367346939,0.10957794752597692,0.05,0.0,0.0,imagenet,student,200
13,0,0.955,0.98,0.945,0.945,4.34,4.485,4.405,0.05245084688067436,0.05245084688067436,0.0787690281867981,0.96,0.035,0.03,0.025,0.0,0.7066836734693877,0.08785629765199271,-0.11801020408163267,0.11290155753784348,0.05,0.7066836734693877,0.08785629765199271,-0.11801020408163267,0.11290155753784348,0.05,0.0,0.0,imagenet,student,200
14,0,0.955,0.98,0.945,0.945,4.385,4.485,4.38,0.0634489357471466,0.0634489357471466,0.08751848340034485,0.96,0.035,0.03,0.03,0.0,0.7056632653061226,0.08812844624229287,-0.11903061224489797,0.11477855771736359,0.05,0.7056632653061226,0.08812844624229287,-0.11903061224489797,0.11477855771736359,0.05,0.0,0.0,imagenet,student,200
15,0,0.965,0.98,0.96,0.96,4.43,4.485,4.4,0.0477854460477829,0.0477854460477829,0.08819013833999634,0.96,0.025,0.025,0.02,0.0,0.7072959183673468,0.08751893882596175,-0.11739795918367348,0.11856731839070563,0.05,0.7072959183673468,0.08751893882596175,-0.11739795918367348,0.11856731839070563,0.05,0.0,0.0,imagenet,student,200
16,0,0.96,0.98,0.945,0.945,4.38,4.485,4.355,0.06469620764255524,0.06469620764255524,0.09035907685756683,0.965,0.04,0.025,0.015,0.0,0.7078061224489796,0.08802102275562461,-0.11688775510204082,0.11872112862154609,0.05,0.7078061224489796,0.08802102275562461,-0.11688775510204082,0.11872112862154609,0.05,0.0,0.0,imagenet,student,200
17,0,0.97,0.98,0.97,0.97,4.415,4.485,4.395,0.03217397630214691,0.03217397630214691,0.11374808102846146,0.965,0.015,0.02,0.015,0.0,0.7093877551020407,0.09205148163953711,-0.11530612244897959,0.12238230060378555,0.05,0.7093877551020407,0.09205148163953711,-0.11530612244897959,0.12238230060378555,0.05,0.0,0.0,imagenet,student,200
18,0,0.97,0.98,0.95,0.95,4.45,4.485,4.41,0.07808554917573929,0.07808554917573929,0.10123458504676819,0.965,0.035,0.02,0.02,0.0,0.7083673469387755,0.09005512958168392,-0.1163265306122449,0.11481392903617234,0.05,0.7083673469387755,0.09005512958168392,-0.1163265306122449,0.11481392903617234,0.05,0.0,0.0,imagenet,student,200
19,0,0.96,0.98,0.96,0.96,4.45,4.485,4.385,0.054070845246315,0.054070845246315,0.08637868613004684,0.965,0.025,0.025,0.02,0.0,0.7066836734693878,0.08561657797188843,-0.11801020408163267,0.11102612391521688,0.05,0.7066836734693878,0.08561657797188843,-0.11801020408163267,0.11102612391521688,0.05,0.0,0.0,imagenet,student,200
20,0,0.96,0.98,0.955,0.955,4.38,4.485,4.355,0.06872620433568954,0.06872620433568954,0.09863651543855667,0.965,0.03,0.025,0.015,0.0,0.7071428571428572,0.08780296781943134,-0.11755102040816326,0.11410837591967721,0.05,0.7071428571428572,0.08780296781943134,-0.11755102040816326,0.11410837591967721,0.05,0.0,0.0,imagenet,student,200
21,0,0.945,0.98,0.945,0.945,4.375,4.485,4.32,0.06107613444328308,0.06107613444328308,0.13169334828853607,0.95,0.04,0.04,0.03,0.0,0.7097448979591837,0.09439817239005287,-0.11494897959183673,0.12197598690785526,0.05,0.7097448979591837,0.09439817239005287,-0.11494897959183673,0.12197598690785526,0.05,0.0,0.0,imagenet,student,200
22,0,0.95,0.98,0.96,0.96,4.38,4.485,4.355,0.05563034862279892,0.05563034862279892,0.11917860060930252,0.955,0.025,0.035,0.035,0.0,0.7086224489795918,0.09164791204119153,-0.11607142857142858,0.12093594807272894,0.05,0.7086224489795918,0.09164791204119153,-0.11607142857142858,0.12093594807272894,0.05,0.0,0.0,imagenet,student,200
23,0,0.955,0.98,0.96,0.96,4.41,4.485,4.36,0.05320019647479057,0.05320019647479057,0.09173478931188583,0.96,0.025,0.03,0.03,0.0,0.7090816326530611,0.09392484901946294,-0.11561224489795918,0.12266192101043999,0.05,0.7090816326530611,0.09392484901946294,-0.11561224489795918,0.12266192101043999,0.05,0.0,0.0,imagenet,student,200
24,0,0.955,0.98,0.955,0.955,4.44,4.485,4.3,0.07179345190525055,0.07179345190525055,0.1102580651640892,0.96,0.03,0.03,0.025,0.0,0.7116326530612246,0.09887324167789373,-0.11306122448979591,0.1292210362449987,0.05,0.7116326530612246,0.09887324167789373,-0.11306122448979591,0.1292210362449987,0.05,0.0,0.0,imagenet,student,200
25,0,0.965,0.98,0.95,0.95,4.4,4.485,4.34,0.09167661517858505,0.09167661517858505,0.09285040944814682,0.97,0.035,0.02,0.015,0.0,0.7098979591836735,0.09193122984484028,-0.11479591836734696,0.12308046620069944,0.05,0.7098979591836735,0.09193122984484028,-0.11479591836734696,0.12308046620069944,0.05,0.0,0.0,imagenet,student,200
26,0,0.97,0.98,0.96,0.96,4.375,4.485,4.4,0.06734048575162888,0.06734048575162888,0.07213308662176132,0.975,0.025,0.015,0.015,0.0,0.7103061224489795,0.09202331491506276,-0.11438775510204081,0.11931945606127556,0.05,0.7103061224489795,0.09202331491506276,-0.11438775510204081,0.11931945606127556,0.05,0.0,0.0,imagenet,student,200
27,0,0.97,0.98,0.95,0.95,4.445,4.485,4.305,0.11091851443052292,0.11091851443052292,0.06861699372529984,0.98,0.035,0.015,0.015,0.0,0.7145408163265305,0.10165342276047908,-0.1101530612244898,0.13276593022514135,0.05,0.7145408163265305,0.10165342276047908,-0.1101530612244898,0.13276593022514135,0.05,0.0,0.0,imagenet,student,200
28,0,0.955,0.98,0.95,0.95,4.455,4.485,4.41,0.11505331844091415,0.11505331844091415,0.09801405668258667,0.965,0.035,0.03,0.025,0.0,0.7125,0.09750734473048592,-0.11219387755102041,0.13076481403084472,0.05,0.7125,0.09750734473048592,-0.11219387755102041,0.13076481403084472,0.05,0.0,0.0,imagenet,student,200
29,0,0.955,0.98,0.96,0.96,4.43,4.485,4.465,0.07124155759811401,0.07124155759811401,0.09411059319972992,0.965,0.02,0.03,0.03,0.0,0.7103571428571428,0.09309063167006743,-0.11433673469387756,0.12515961642449838,0.05,0.7103571428571428,0.09309063167006743,-0.11433673469387756,0.12515961642449838,0.05,0.0,0.0,imagenet,student,200
30,0,0.96,0.98,0.95,0.95,4.415,4.485,4.375,0.0655144527554512,0.0655144527554512,0.11502624303102493,0.965,0.03,0.025,0.02,0.0,0.7094387755102041,0.0905848680599755,-0.11525510204081633,0.12242332387977513,0.05,0.7094387755102041,0.0905848680599755,-0.11525510204081633,0.12242332387977513,0.05,0.0,0.0,imagenet,student,200
31,0,0.96,0.98,0.94,0.94,4.415,4.485,4.405,0.06623279303312302,0.06623279303312302,0.10008513182401657,0.965,0.04,0.025,0.025,0.0,0.712908163265306,0.09648574066526298,-0.1117857142857143,0.12750297337959637,0.05,0.712908163265306,0.09648574066526298,-0.1117857142857143,0.12750297337959637,0.05,0.0,0.0,imagenet,student,200
32,0,0.965,0.98,0.955,0.955,4.4,4.485,4.395,0.06862586736679077,0.06862586736679077,0.09959724545478821,0.97,0.025,0.02,0.02,0.0,0.7123469387755103,0.10068942997202583,-0.1123469387755102,0.13270528417706373,0.05,0.7123469387755103,0.10068942997202583,-0.1123469387755102,0.13270528417706373,0.05,0.0,0.0,imagenet,student,200
33,0,0.965,0.98,0.965,0.965,4.44,4.485,4.39,0.05646466091275215,0.05646466091275215,0.09056483954191208,0.97,0.02,0.02,0.02,0.0,0.7079591836734693,0.09075829660261633,-0.11673469387755102,0.1259644955782278,0.05,0.7079591836734693,0.09075829660261633,-0.11673469387755102,0.1259644955782278,0.05,0.0,0.0,imagenet,student,200
34,0,0.955,0.98,0.95,0.95,4.39,4.485,4.385,0.07845555990934372,0.07845555990934372,0.09993035346269608,0.96,0.035,0.03,0.025,0.0,0.7081632653061223,0.09024454161367026,-0.11653061224489797,0.11975399445116636,0.05,0.7081632653061223,0.09024454161367026,-0.11653061224489797,0.11975399445116636,0.05,0.0,0.0,imagenet,student,200
35,0,0.965,0.98,0.945,0.945,4.39,4.485,4.365,0.11799934506416321,0.11799934506416321,0.10349717736244202,0.97,0.04,0.02,0.01,0.0,0.7087755102040816,0.09437216514824208,-0.11591836734693878,0.12218971234935452,0.05,0.7087755102040816,0.09437216514824208,-0.11591836734693878,0.12218971234935452,0.05,0.0,0.0,imagenet,student,200
36,0,0.97,0.98,0.945,0.945,4.425,4.485,4.38,0.10443826764822006,0.10443826764822006,0.08715393394231796,0.975,0.04,0.015,0.01,0.0,0.7069897959183674,0.0898666438195599,-0.11770408163265307,0.11968736387760145,0.05,0.7069897959183674,0.0898666438195599,-0.11770408163265307,0.11968736387760145,0.05,0.0,0.0,imagenet,student,200
37,0,0.96,0.98,0.945,0.945,4.39,4.485,4.37,0.10021650046110153,0.10021650046110153,0.11276279389858246,0.965,0.04,0.025,0.02,0.0,0.7084183673469387,0.09490260212079925,-0.11627551020408163,0.12494267732770822,0.05,0.7084183673469387,0.09490260212079925,-0.11627551020408163,0.12494267732770822,0.05,0.0,0.0,imagenet,student,200
38,0,0.955,0.98,0.945,0.945,4.375,4.485,4.33,0.09033361077308655,0.09033361077308655,0.12195150554180145,0.96,0.04,0.03,0.025,0.0,0.7083163265306122,0.09466563068278247,-0.11637755102040817,0.12504395575320815,0.05,0.7083163265306122,0.09466563068278247,-0.11637755102040817,0.12504395575320815,0.05,0.0,0.0,imagenet,student,200
39,0,0.95,0.98,0.945,0.945,4.38,4.485,4.35,0.09168025851249695,0.09168025851249695,0.12536126375198364,0.955,0.04,0.035,0.03,0.0,0.7091836734693878,0.09360771800000059,-0.11551020408163265,0.12457350292766932,0.05,0.7091836734693878,0.09360771800000059,-0.11551020408163265,0.12457350292766932,0.05,0.0,0.0,imagenet,student,200
40,0,0.96,0.98,0.955,0.955,4.39,4.485,4.405,0.0898147001862526,0.0898147001862526,0.10100848227739334,0.965,0.03,0.025,0.025,0.0,0.7125,0.10226695722935827,-0.11219387755102041,0.1315730347050703,0.05,0.7125,0.10226695722935827,-0.11219387755102041,0.1315730347050703,0.05,0.0,0.0,imagenet,student,200
41,0,0.975,0.98,0.95,0.95,4.455,4.485,4.295,0.08131153136491776,0.08131153136491776,0.060816410928964615,0.98,0.035,0.01,0.01,0.0,0.7109693877551021,0.0970629513169014,-0.11372448979591837,0.12775675346289062,0.05,0.7109693877551021,0.0970629513169014,-0.11372448979591837,0.12775675346289062,0.05,0.0,0.0,imagenet,student,200
42,0,0.96,0.98,0.95,0.95,4.38,4.485,4.355,0.08297524601221085,0.08297524601221085,0.09862440079450607,0.965,0.035,0.025,0.02,0.0,0.7100510204081633,0.09499745867982003,-0.11464285714285716,0.12339293361030286,0.05,0.7100510204081633,0.09499745867982003,-0.11464285714285716,0.12339293361030286,0.05,0.0,0.0,imagenet,student,200
43,0,0.97,0.98,0.955,0.955,4.425,4.485,4.375,0.09098540991544724,0.09098540991544724,0.07969923317432404,0.975,0.03,0.015,0.01,0.0,0.7093877551020408,0.09317424165195687,-0.11530612244897959,0.1214432771014981,0.05,0.7093877551020408,0.09317424165195687,-0.11530612244897959,0.1214432771014981,0.05,0.0,0.0,imagenet,student,200
44,0,0.96,0.98,0.965,0.965,4.365,4.485,4.38,0.0650375559926033,0.0650375559926033,0.09079757332801819,0.965,0.02,0.025,0.025,0.0,0.7081632653061224,0.08942065084916231,-0.11653061224489797,0.11635112362448126,0.05,0.7081632653061224,0.08942065084916231,-0.11653061224489797,0.11635112362448126,0.05,0.0,0.0,imagenet,student,200
45,0,0.965,0.98,0.94,0.94,4.4,4.485,4.355,0.13133983314037323,0.13133983314037323,0.09155157953500748,0.97,0.04,0.02,0.01,0.0,0.7084183673469389,0.08966811057603077,-0.11627551020408163,0.11930460833216784,0.05,0.7084183673469389,0.08966811057603077,-0.11627551020408163,0.11930460833216784,0.05,0.0,0.0,imagenet,student,200
46,0,0.955,0.98,0.93,0.93,4.385,4.485,4.365,0.11430801451206207,0.11430801451206207,0.112533338367939,0.96,0.05,0.03,0.02,0.0,0.7075,0.08772566360482349,-0.11719387755102041,0.11665273363003507,0.05,0.7075,0.08772566360482349,-0.11719387755102041,0.11665273363003507,0.05,0.0,0.0,imagenet,student,200
47,0,0.965,0.98,0.965,0.965,4.42,4.485,4.37,0.04719853401184082,0.04719853401184082,0.07664551585912704,0.97,0.02,0.02,0.02,0.0,0.7060714285714285,0.08627816790194456,-0.11862244897959183,0.11382266706204973,0.05,0.7060714285714285,0.08627816790194456,-0.11862244897959183,0.11382266706204973,0.05,0.0,0.0,imagenet,student,200
48,0,0.955,0.98,0.96,0.96,4.395,4.485,4.405,0.05586983636021614,0.05586983636021614,0.10395858436822891,0.96,0.025,0.03,0.025,0.0,0.7069897959183673,0.08727131575446125,-0.11770408163265307,0.11388559264174546,0.05,0.7069897959183673,0.08727131575446125,-0.11770408163265307,0.11388559264174546,0.05,0.0,0.0,imagenet,student,200
49,0,0.97,0.98,0.945,0.945,4.405,4.485,4.31,0.09229189157485962,0.09229189157485962,0.07103750854730606,0.975,0.04,0.015,0.01,0.0,0.7072448979591838,0.08815668228999408,-0.11744897959183673,0.11534150729305111,0.05,0.7072448979591838,0.08815668228999408,-0.11744897959183673,0.11534150729305111,0.05,0.0,0.0,imagenet,student,200
50,0,0.96,0.98,0.96,0.96,4.405,4.485,4.36,0.06565869599580765,0.06565869599580765,0.06798303127288818,0.965,0.025,0.025,0.02,0.0,0.7081122448979592,0.09062741933543317,-0.11658163265306122,0.11949057584744878,0.05,0.7081122448979592,0.09062741933543317,-0.11658163265306122,0.11949057584744878,0.05,0.0,0.0,imagenet,student,200
51,0,0.975,0.98,0.94,0.94,4.415,4.485,4.38,0.08959405869245529,0.08959405869245529,0.057296883314847946,0.98,0.04,0.01,0.0,0.0,0.7076530612244898,0.09131333119924773,-0.11704081632653061,0.11913412109104683,0.05,0.7076530612244898,0.09131333119924773,-0.11704081632653061,0.11913412109104683,0.05,0.0,0.0,imagenet,student,200
52,0,0.975,0.98,0.95,0.95,4.42,4.485,4.41,0.0703023225069046,0.0703023225069046,0.05061351880431175,0.98,0.035,0.01,0.01,0.0,0.707704081632653,0.09143067166279668,-0.11698979591836736,0.12025585789320757,0.05,0.707704081632653,0.09143067166279668,-0.11698979591836736,0.12025585789320757,0.05,0.0,0.0,imagenet,student,200
53,0,0.975,0.98,0.94,0.94,4.445,4.485,4.395,0.09424172341823578,0.09424172341823578,0.05151325836777687,0.98,0.04,0.01,0.01,0.0,0.7105612244897958,0.09875967707539843,-0.1141326530612245,0.1263397515169345,0.05,0.7105612244897958,0.09875967707539843,-0.1141326530612245,0.1263397515169345,0.05,0.0,0.0,imagenet,student,200
54,0,0.965,0.98,0.945,0.945,4.425,4.485,4.32,0.09619402140378952,0.09619402140378952,0.06579779088497162,0.97,0.04,0.02,0.015,0.0,0.7101530612244897,0.09612077190944596,-0.11454081632653061,0.12446822222060291,0.05,0.7101530612244897,0.09612077190944596,-0.11454081632653061,0.12446822222060291,0.05,0.0,0.0,imagenet,student,200
55,0,0.965,0.98,0.945,0.945,4.45,4.485,4.365,0.10554113984107971,0.10554113984107971,0.06990107148885727,0.97,0.035,0.02,0.02,0.0,0.7089795918367348,0.09565010463938142,-0.11571428571428573,0.12470990215864731,0.05,0.7089795918367348,0.09565010463938142,-0.11571428571428573,0.12470990215864731,0.05,0.0,0.0,imagenet,student,200
56,0,0.965,0.98,0.95,0.95,4.45,4.485,4.34,0.10147441923618317,0.10147441923618317,0.07143273204565048,0.97,0.035,0.02,0.02,0.0,0.7084693877551022,0.09371537861192726,-0.11622448979591837,0.12621004892367638,0.05,0.7084693877551022,0.09371537861192726,-0.11622448979591837,0.12621004892367638,0.05,0.0,0.0,imagenet,student,200
57,0,0.965,0.98,0.94,0.94,4.42,4.485,4.395,0.09281238913536072,0.09281238913536072,0.07202276587486267,0.97,0.04,0.02,0.01,0.0,0.7078061224489796,0.09283993126435633,-0.11688775510204082,0.12053457520421944,0.05,0.7078061224489796,0.09283993126435633,-0.11688775510204082,0.12053457520421944,0.05,0.0,0.0,imagenet,student,200
58,0,0.97,0.98,0.945,0.945,4.455,4.485,4.405,0.11121904104948044,0.11121904104948044,0.05961476266384125,0.975,0.035,0.015,0.01,0.0,0.7080102040816325,0.09309785681964218,-0.11668367346938777,0.12132618987525348,0.05,0.7080102040816325,0.09309785681964218,-0.11668367346938777,0.12132618987525348,0.05,0.0,0.0,imagenet,student,200
59,0,0.975,0.98,0.945,0.945,4.45,4.485,4.405,0.10101138800382614,0.10101138800382614,0.05860564112663269,0.98,0.035,0.01,0.005,0.0,0.7068877551020409,0.09106557631898114,-0.11780612244897959,0.11834169913621735,0.05,0.7068877551020409,0.09106557631898114,-0.11780612244897959,0.11834169913621735,0.05,0.0,0.0,imagenet,student,200
60,0,0.97,0.98,0.94,0.94,4.445,4.485,4.36,0.10352527350187302,0.10352527350187302,0.06157956272363663,0.975,0.045,0.015,0.005,0.0,0.7082142857142858,0.09255893716535832,-0.11647959183673469,0.1208525098017708,0.05,0.7082142857142858,0.09255893716535832,-0.11647959183673469,0.1208525098017708,0.05,0.0,0.0,imagenet,student,200
61,0,0.97,0.98,0.955,0.955,4.445,4.485,4.405,0.10243316739797592,0.10243316739797592,0.0605367049574852,0.975,0.03,0.015,0.01,0.0,0.7083163265306124,0.09283380566622088,-0.11637755102040817,0.12028277965218877,0.05,0.7083163265306124,0.09283380566622088,-0.11637755102040817,0.12028277965218877,0.05,0.0,0.0,imagenet,student,200
62,0,0.96,0.98,0.945,0.945,4.42,4.485,4.39,0.11369715631008148,0.11369715631008148,0.07660891860723495,0.965,0.04,0.025,0.02,0.0,0.707704081632653,0.09199834140148759,-0.11698979591836736,0.1186429555225186,0.05,0.707704081632653,0.09199834140148759,-0.11698979591836736,0.1186429555225186,0.05,0.0,0.0,imagenet,student,200
63,0,0.96,0.98,0.95,0.95,4.41,4.485,4.385,0.1038016825914383,0.1038016825914383,0.09598518162965775,0.965,0.035,0.025,0.02,0.0,0.707091836734694,0.08847963676803919,-0.11760204081632654,0.11524262881590402,0.05,0.707091836734694,0.08847963676803919,-0.11760204081632654,0.11524262881590402,0.05,0.0,0.0,imagenet,student,200
64,0,0.965,0.98,0.945,0.945,4.415,4.485,4.42,0.10438922792673111,0.10438922792673111,0.09416542947292328,0.97,0.04,0.02,0.015,0.0,0.7070408163265306,0.08833708892383599,-0.11765306122448979,0.11593621783147683,0.05,0.7070408163265306,0.08833708892383599,-0.11765306122448979,0.11593621783147683,0.05,0.0,0.0,imagenet,student,200
65,0,0.96,0.98,0.95,0.95,4.415,4.485,4.385,0.08959469944238663,0.08959469944238663,0.07575739920139313,0.965,0.035,0.025,0.02,0.0,0.7061734693877552,0.08702294317572033,-0.11852040816326533,0.1142313023423776,0.05,0.7061734693877552,0.08702294317572033,-0.11852040816326533,0.1142313023423776,0.05,0.0,0.0,imagenet,student,200
66,0,0.97,0.98,0.945,0.945,4.425,4.485,4.405,0.11085037142038345,0.11085037142038345,0.05889015272259712,0.975,0.04,0.015,0.01,0.0,0.7077551020408163,0.08834212530878752,-0.11693877551020407,0.11610559278109576,0.05,0.7077551020408163,0.08834212530878752,-0.11693877551020407,0.11610559278109576,0.05,0.0,0.0,imagenet,student,200
67,0,0.96,0.98,0.95,0.95,4.415,4.485,4.385,0.09455520659685135,0.09455520659685135,0.06622989475727081,0.965,0.035,0.025,0.02,0.0,0.7065306122448979,0.08606655917922904,-0.11816326530612244,0.11242700746981427,0.05,0.7065306122448979,0.08606655917922904,-0.11816326530612244,0.11242700746981427,0.05,0.0,0.0,imagenet,student,200
68,0,0.96,0.98,0.95,0.95,4.405,4.485,4.385,0.09291670471429825,0.09291670471429825,0.06930350512266159,0.965,0.035,0.025,0.02,0.0,0.7073979591836735,0.08793474981248497,-0.11729591836734694,0.11500360103411367,0.05,0.7073979591836735,0.08793474981248497,-0.11729591836734694,0.11500360103411367,0.05,0.0,0.0,imagenet,student,200
69,0,0.97,0.98,0.94,0.94,4.435,4.485,4.435,0.08203855156898499,0.08203855156898499,0.05229218304157257,0.975,0.04,0.015,0.01,0.0,0.707295918367347,0.08797292184302292,-0.11739795918367348,0.11587061863174312,0.05,0.707295918367347,0.08797292184302292,-0.11739795918367348,0.11587061863174312,0.05,0.0,0.0,imagenet,student,200
70,0,0.98,0.98,0.95,0.95,4.46,4.485,4.4,0.09896156936883926,0.09896156936883926,0.046446532011032104,0.985,0.035,0.005,0.005,0.0,0.7076020408163265,0.08914270921515255,-0.11709183673469387,0.11566803126770538,0.05,0.7076020408163265,0.08914270921515255,-0.11709183673469387,0.11566803126770538,0.05,0.0,0.0,imagenet,student,200
71,0,0.975,0.98,0.95,0.95,4.445,4.485,4.34,0.09181250631809235,0.09181250631809235,0.051096126437187195,0.98,0.035,0.01,0.01,0.0,0.7075,0.08792572144599362,-0.11719387755102041,0.11535557637456804,0.05,0.7075,0.08792572144599362,-0.11719387755102041,0.11535557637456804,0.05,0.0,0.0,imagenet,student,200
72,0,0.96,0.98,0.94,0.94,4.415,4.485,4.37,0.09942355751991272,0.09942355751991272,0.061798691749572754,0.965,0.045,0.025,0.015,0.0,0.7087244897959184,0.09080566483580996,-0.11596938775510203,0.11675062519745552,0.05,0.7087244897959184,0.09080566483580996,-0.11596938775510203,0.11675062519745552,0.05,0.0,0.0,imagenet,student,200
73,0,0.965,0.98,0.945,0.945,4.4,4.485,4.385,0.09635918587446213,0.09635918587446213,0.06511291861534119,0.97,0.04,0.02,0.015,0.0,0.7096938775510203,0.09242548102282491,-0.115,0.11891237184419878,0.05,0.7096938775510203,0.09242548102282491,-0.115,0.11891237184419878,0.05,0.0,0.0,imagenet,student,200
74,0,0.96,0.98,0.945,0.945,4.405,4.485,4.36,0.10178118944168091,0.10178118944168091,0.07881882786750793,0.965,0.04,0.025,0.02,0.0,0.7091836734693878,0.09138840724985371,-0.11551020408163265,0.11786800866990234,0.05,0.7091836734693878,0.09138840724985371,-0.11551020408163265,0.11786800866990234,0.05,0.0,0.0,imagenet,student,200
75,0,0.965,0.98,0.945,0.945,4.42,4.485,4.36,0.10118447244167328,0.10118447244167328,0.0742201879620552,0.97,0.04,0.02,0.015,0.0,0.7088265306122449,0.09145279177084367,-0.11586734693877551,0.11809875094462768,0.05,0.7088265306122449,0.09145279177084367,-0.11586734693877551,0.11809875094462768,0.05,0.0,0.0,imagenet,student,200
76,0,0.97,0.98,0.945,0.945,4.44,4.485,4.335,0.060659464448690414,0.060659464448690414,0.05255022644996643,0.975,0.04,0.015,0.015,0.0,0.7091836734693877,0.09183746504179302,-0.11551020408163266,0.12049235333819525,0.05,0.7091836734693877,0.09183746504179302,-0.11551020408163266,0.12049235333819525,0.05,0.0,0.0,imagenet,student,200
77,0,0.97,0.98,0.95,0.95,4.44,4.485,4.435,0.08615497499704361,0.08615497499704361,0.05630210041999817,0.975,0.035,0.015,0.01,0.0,0.7096428571428572,0.09214474593119522,-0.11505102040816328,0.12045094930232153,0.05,0.7096428571428572,0.09214474593119522,-0.11505102040816328,0.12045094930232153,0.05,0.0,0.0,imagenet,student,200
78,0,0.975,0.98,0.945,0.945,4.465,4.485,4.43,0.0860428512096405,0.0860428512096405,0.0538247711956501,0.98,0.04,0.01,0.005,0.0,0.7088775510204082,0.09073870071028106,-0.11581632653061223,0.1184698324209603,0.05,0.7088775510204082,0.09073870071028106,-0.11581632653061223,0.1184698324209603,0.05,0.0,0.0,imagenet,student,200
79,0,0.97,0.98,0.955,0.955,4.445,4.485,4.415,0.08351730555295944,0.08351730555295944,0.06011335551738739,0.975,0.03,0.015,0.01,0.0,0.7083673469387756,0.08988591362182882,-0.11632653061224492,0.11747436034274869,0.05,0.7083673469387756,0.08988591362182882,-0.11632653061224492,0.11747436034274869,0.05,0.0,0.0,imagenet,student,200
80,0,0.975,0.98,0.955,0.955,4.465,4.485,4.415,0.08143404126167297,0.08143404126167297,0.04930155724287033,0.98,0.03,0.01,0.005,0.0,0.7086224489795918,0.0901774794331932,-0.11607142857142858,0.11851647752700956,0.05,0.7086224489795918,0.0901774794331932,-0.11607142857142858,0.11851647752700956,0.05,0.0,0.0,imagenet,student,200
81,0,0.975,0.98,0.945,0.945,4.465,4.485,4.45,0.06926536560058594,0.06926536560058594,0.05108458176255226,0.98,0.035,0.01,0.005,0.0,0.7087244897959184,0.09024513870977546,-0.11596938775510203,0.11870381077969797,0.05,0.7087244897959184,0.09024513870977546,-0.11596938775510203,0.11870381077969797,0.05,0.0,0.0,imagenet,student,200
82,0,0.97,0.98,0.955,0.955,4.445,4.485,4.41,0.05829431489109993,0.05829431489109993,0.05539844557642937,0.975,0.025,0.015,0.015,0.0,0.7083673469387755,0.08965183050723766,-0.1163265306122449,0.11748701452874229,0.05,0.7083673469387755,0.08965183050723766,-0.1163265306122449,0.11748701452874229,0.05,0.0,0.0,imagenet,student,200
83,0,0.965,0.98,0.96,0.96,4.42,4.485,4.395,0.060037992894649506,0.060037992894649506,0.05643025040626526,0.97,0.025,0.02,0.02,0.0,0.7081122448979592,0.08931134302718298,-0.11658163265306122,0.11676160477931262,0.05,0.7081122448979592,0.08931134302718298,-0.11658163265306122,0.11676160477931262,0.05,0.0,0.0,imagenet,student,200
84,0,0.975,0.98,0.955,0.955,4.465,4.485,4.41,0.05630728602409363,0.05630728602409363,0.052906583994627,0.98,0.025,0.01,0.01,0.0,0.7081122448979593,0.09001142901578178,-0.11658163265306122,0.11676644140752615,0.05,0.7081122448979593,0.09001142901578178,-0.11658163265306122,0.11676644140752615,0.05,0.0,0.0,imagenet,student,200
85,0,0.97,0.98,0.955,0.955,4.44,4.485,4.41,0.06164116784930229,0.06164116784930229,0.05317659676074982,0.975,0.025,0.015,0.015,0.0,0.7081632653061224,0.08957921320576254,-0.11653061224489797,0.11700591643239022,0.05,0.7081632653061224,0.08957921320576254,-0.11653061224489797,0.11700591643239022,0.05,0.0,0.0,imagenet,student,200
86,0,0.97,0.98,0.96,0.96,4.445,4.485,4.395,0.059843774884939194,0.059843774884939194,0.051698874682188034,0.975,0.025,0.015,0.015,0.0,0.7084693877551022,0.09003281807849542,-0.11622448979591837,0.11673828215236426,0.05,0.7084693877551022,0.09003281807849542,-0.11622448979591837,0.11673828215236426,0.05,0.0,0.0,imagenet,student,200
87,0,0.97,0.98,0.955,0.955,4.445,4.485,4.38,0.07045159488916397,0.07045159488916397,0.056027427315711975,0.975,0.03,0.015,0.015,0.0,0.7086224489795918,0.09125341398759947,-0.11607142857142858,0.1174283718028164,0.05,0.7086224489795918,0.09125341398759947,-0.11607142857142858,0.1174283718028164,0.05,0.0,0.0,imagenet,student,200
88,0,0.965,0.98,0.955,0.955,4.42,4.485,4.38,0.06754757463932037,0.06754757463932037,0.06172474846243858,0.97,0.03,0.02,0.02,0.0,0.7086224489795918,0.08997541702560959,-0.11607142857142858,0.11695167641752051,0.05,0.7086224489795918,0.08997541702560959,-0.11607142857142858,0.11695167641752051,0.05,0.0,0.0,imagenet,student,200
89,0,0.965,0.98,0.955,0.955,4.42,4.485,4.375,0.07258918136358261,0.07258918136358261,0.0640198141336441,0.97,0.03,0.02,0.015,0.0,0.7087244897959184,0.0910004316104456,-0.11596938775510203,0.11747345210867934,0.05,0.7087244897959184,0.0910004316104456,-0.11596938775510203,0.11747345210867934,0.05,0.0,0.0,imagenet,student,200
90,0,0.965,0.98,0.945,0.945,4.42,4.485,4.38,0.07647547870874405,0.07647547870874405,0.06924103200435638,0.97,0.04,0.02,0.01,0.0,0.7085714285714286,0.09090619851496157,-0.11612244897959184,0.11767483656207332,0.05,0.7085714285714286,0.09090619851496157,-0.11612244897959184,0.11767483656207332,0.05,0.0,0.0,imagenet,student,200
91,0,0.965,0.98,0.95,0.95,4.42,4.485,4.4,0.08051528036594391,0.08051528036594391,0.07301328331232071,0.97,0.035,0.02,0.015,0.0,0.7086734693877551,0.09144508132817004,-0.11602040816326531,0.11789388674005749,0.05,0.7086734693877551,0.09144508132817004,-0.11602040816326531,0.11789388674005749,0.05,0.0,0.0,imagenet,student,200
92,0,0.96,0.98,0.95,0.95,4.425,4.485,4.4,0.06940949708223343,0.06940949708223343,0.07410939037799835,0.965,0.035,0.025,0.02,0.0,0.7080102040816327,0.09001478009542979,-0.11668367346938777,0.11674633225120487,0.05,0.7080102040816327,0.09001478009542979,-0.11668367346938777,0.11674633225120487,0.05,0.0,0.0,imagenet,student,200
93,0,0.965,0.98,0.96,0.96,4.42,4.485,4.395,0.07071152329444885,0.07071152329444885,0.07476788014173508,0.97,0.025,0.02,0.02,0.0,0.7083163265306124,0.09096673558904662,-0.11637755102040817,0.1173752380318183,0.05,0.7083163265306124,0.09096673558904662,-0.11637755102040817,0.1173752380318183,0.05,0.0,0.0,imagenet,student,200
94,0,0.965,0.98,0.955,0.955,4.42,4.485,4.41,0.05983499437570572,0.05983499437570572,0.07128658145666122,0.97,0.025,0.02,0.02,0.0,0.7078061224489796,0.0889637267840429,-0.11688775510204082,0.11597896653271164,0.05,0.7078061224489796,0.0889637267840429,-0.11688775510204082,0.11597896653271164,0.05,0.0,0.0,imagenet,student,200
95,0,0.965,0.98,0.96,0.96,4.42,4.485,4.395,0.06269872933626175,0.06269872933626175,0.06665437668561935,0.97,0.025,0.02,0.02,0.0,0.7078571428571427,0.08937835387236642,-0.11683673469387756,0.11652854731815751,0.05,0.7078571428571427,0.08937835387236642,-0.11683673469387756,0.11652854731815751,0.05,0.0,0.0,imagenet,student,200
96,0,0.965,0.98,0.955,0.955,4.42,4.485,4.41,0.06277067214250565,0.06277067214250565,0.06469817459583282,0.97,0.025,0.02,0.02,0.0,0.708061224489796,0.08963668933480894,-0.11663265306122449,0.11665827516975696,0.05,0.708061224489796,0.08963668933480894,-0.11663265306122449,0.11665827516975696,0.05,0.0,0.0,imagenet,student,200
97,0,0.965,0.98,0.96,0.96,4.42,4.485,4.395,0.06308390945196152,0.06308390945196152,0.06753018498420715,0.97,0.025,0.02,0.02,0.0,0.7080612244897959,0.08979111423540143,-0.11663265306122449,0.11687883498889277,0.05,0.7080612244897959,0.08979111423540143,-0.11663265306122449,0.11687883498889277,0.05,0.0,0.0,imagenet,student,200
98,0,0.965,0.98,0.96,0.96,4.42,4.485,4.395,0.06210549175739288,0.06210549175739288,0.06544849276542664,0.97,0.025,0.02,0.02,0.0,0.7081122448979592,0.08924251868582615,-0.11658163265306122,0.11679150128315087,0.05,0.7081122448979592,0.08924251868582615,-0.11658163265306122,0.11679150128315087,0.05,0.0,0.0,imagenet,student,200
99,0,0.965,0.98,0.96,0.96,4.42,4.485,4.395,0.05147206783294678,0.05147206783294678,0.06423209607601166,0.97,0.025,0.02,0.02,0.0,0.7078571428571427,0.08874685359737902,-0.11683673469387756,0.11613083762626047,0.05,0.7078571428571427,0.08874685359737902,-0.11683673469387756,0.11613083762626047,0.05,0.0,0.0,imagenet,student,200
100,0,0.965,0.98,0.96,0.96,4.42,4.485,4.395,0.06483963131904602,0.06483963131904602,0.06445299834012985,0.97,0.025,0.02,0.02,0.0,0.7080612244897959,0.08914376325284389,-0.11663265306122449,0.11577011274683173,0.05,0.7080612244897959,0.08914376325284389,-0.11663265306122449,0.11577011274683173,0.05,0.0,0.0,imagenet,student,200
0,0,0.085,0.98,0.895,0.875,5.92,4.485,4.39,0.20119835436344147,0.329533189535141,1.8394066095352173,0.09,0.085,0.895,0.815,10.0,0.850561224489796,0.5981794121635886,0.025867346938775508,0.5913978515937924,0.05,0.8451530612244897,0.5638985049597482,0.020459183673469387,0.5647438720613718,0.05,1.99,1.46,scratch,random_anneal_10,200
1,0,0.25,0.98,0.925,0.91,5.17,4.485,4.375,0.1397467404603958,0.18974658846855164,1.5559085607528687,0.255,0.055,0.73,0.69,10.0,0.8192857142857143,0.44253386484955654,-0.0054081632653061274,0.44515552612690956,0.05,0.8188775510204082,0.45289289611082933,-0.0058163265306122565,0.4535381683334708,0.05,1.8,1.76,scratch,random_anneal_10,200
2,0,0.31,0.98,0.915,0.905,4.005,4.485,4.325,0.1600765436887741,0.17730671167373657,1.4435778856277466,0.31,0.065,0.675,0.61,10.0,0.8252551020408163,0.4614043231097839,0.0005612244897959157,0.4574831397869275,0.05,0.8248979591836735,0.4568766597825378,0.00020408163265305811,0.46061142347112766,0.05,1.745,1.71,scratch,random_anneal_10,200
3,0,0.335,0.98,0.94,0.92,4.5,4.485,4.365,0.09729637950658798,0.1506086140871048,1.4062632322311401,0.345,0.04,0.645,0.61,10.0,0.8127040816326531,0.4230614488743799,-0.011989795918367352,0.4270067764208943,0.05,0.8147448979591837,0.44471967405524365,-0.009948979591836736,0.44636278491467235,0.05,1.78,1.98,scratch,random_anneal_10,200
4,0,0.36,0.98,0.91,0.875,3.685,4.485,4.355,0.20263896882534027,0.28843292593955994,1.4084036350250244,0.37,0.075,0.62,0.555,10.0,0.8378061224489796,0.49907608251577934,0.013112244897959178,0.49416106564574874,0.05,0.8361224489795919,0.5016857534559459,0.011428571428571429,0.49694145674817264,0.05,1.795,1.63,scratch,random_anneal_10,200
5,0,0.38,0.98,0.915,0.875,4.48,4.485,4.38,0.20414306223392487,0.284988671541214,1.3911062479019165,0.385,0.065,0.6,0.55,10.0,0.8339285714285714,0.4931976624221983,0.009234693877551017,0.4832992050203029,0.05,0.8300510204081633,0.4861384384682095,0.005357142857142849,0.4811534300725907,0.05,1.925,1.545,scratch,random_anneal_10,200
6,0,0.4,0.98,0.945,0.9,4.91,4.485,4.4,0.11550528556108475,0.19640028476715088,1.328955054283142,0.41,0.04,0.58,0.555,10.0,0.8255102040816326,0.44977772687823453,0.0008163265306122403,0.4418469706561882,0.05,0.8263775510204081,0.4698629693526141,0.0016836734693877536,0.4616647955123335,0.05,1.775,1.86,scratch,random_anneal_10,200
7,0,0.455,0.98,0.915,0.9,4.37,4.485,4.4,0.17311209440231323,0.2565496563911438,1.2099472284317017,0.47,0.065,0.525,0.48,10.0,0.8306122448979592,0.4677766735269222,0.005918367346938772,0.457377926784684,0.05,0.8288775510204082,0.4757066065426234,0.0041836734693877515,0.4666384163277689,0.05,1.88,1.71,scratch,random_anneal_10,200
8,0,0.45,0.98,0.9,0.89,4.785,4.485,4.295,0.23322376608848572,0.23782718181610107,1.2464220523834229,0.45,0.08,0.535,0.47,10.0,0.8342346938775509,0.4749584161017114,0.009540816326530605,0.47023399312398395,0.05,0.8326530612244898,0.48957320035754054,0.00795918367346938,0.4869261832162738,0.05,1.865,1.71,scratch,random_anneal_10,200
9,0,0.445,0.98,0.895,0.89,4.945,4.485,4.37,0.24527153372764587,0.23363345861434937,1.2105995416641235,0.45,0.09,0.535,0.455,10.0,0.8399489795918368,0.5158992702140535,0.015255102040816322,0.5039818230702076,0.05,0.8364285714285714,0.5204310263737914,0.011734693877551017,0.509947295607999,0.05,1.97,1.625,scratch,random_anneal_10,200
10,0,0.49,0.98,0.88,0.865,4.615,4.485,4.33,0.2727859616279602,0.32339295744895935,1.1168584823608398,0.505,0.1,0.49,0.425,10.0,0.8430102040816326,0.531897849378241,0.01831632653061224,0.5237332978434278,0.05,0.8405102040816327,0.529602010454127,0.015816326530612233,0.525638856436126,0.05,1.905,1.66,scratch,random_anneal_10,200
11,0,0.45,0.98,0.88,0.87,5.415,4.485,4.405,0.29166096448898315,0.2943294644355774,1.129172921180725,0.455,0.1,0.53,0.465,10.0,0.8354591836734694,0.4971732971977871,0.010765306122448977,0.48665747441351415,0.05,0.8326530612244898,0.5143578138629177,0.007959183673469386,0.500246001536143,0.05,1.91,1.635,scratch,random_anneal_10,200
12,0,0.545,0.98,0.9,0.89,4.57,4.485,4.335,0.1831260621547699,0.23962274193763733,1.0465502738952637,0.545,0.08,0.44,0.385,10.0,0.8240306122448979,0.4783290102728028,-0.0006632653061224558,0.46749862221098737,0.05,0.8241836734693878,0.492043766913241,-0.0005102040816326592,0.48014081973815337,0.05,1.755,1.77,scratch,random_anneal_10,200
13,0,0.51,0.98,0.89,0.89,5.005,4.485,4.475,0.22304603457450867,0.2557232677936554,1.0991986989974976,0.515,0.095,0.47,0.41,10.0,0.8281632653061223,0.49499276216384575,0.0034693877551020347,0.49037686225492505,0.05,0.8269387755102042,0.5009471144981129,0.00224489795918367,0.49511553303338585,0.05,1.81,1.69,scratch,random_anneal_10,200
14,0,0.51,0.98,0.88,0.865,4.47,4.485,4.365,0.24131613969802856,0.3162876069545746,1.0432631969451904,0.51,0.1,0.475,0.415,10.0,0.8497448979591836,0.5146090790016024,0.025051020408163264,0.5059080491028726,0.05,0.842908163265306,0.508340687338116,0.01821428571428571,0.5012492524646223,0.05,2.145,1.475,scratch,random_anneal_10,200
15,0,0.53,0.98,0.92,0.89,4.21,4.485,4.41,0.17232075333595276,0.21505378186702728,1.0429847240447998,0.54,0.06,0.45,0.415,10.0,0.8314285714285714,0.502230564243104,0.006734693877551017,0.48904320609755814,0.05,0.8288775510204082,0.49140628050479296,0.004183673469387752,0.48826135164592416,0.05,1.835,1.585,scratch,random_anneal_10,200
16,0,0.535,0.98,0.91,0.91,4.805,4.485,4.37,0.20656470954418182,0.21343034505844116,1.0000195503234863,0.535,0.07,0.45,0.41,10.0,0.8323469387755102,0.49685398474072895,0.007653061224489793,0.48996331897797063,0.05,0.8307142857142858,0.5052434940275273,0.0060204081632652985,0.4981190187577158,0.05,1.885,1.725,scratch,random_anneal_10,200
17,0,0.585,0.98,0.91,0.89,4.585,4.485,4.36,0.18683066964149475,0.2493186742067337,0.9854557514190674,0.59,0.07,0.395,0.34,10.0,0.825561224489796,0.48691470833681705,0.0008673469387755017,0.491098849310074,0.05,0.8223469387755102,0.47688163970973946,-0.0023469387755102084,0.486265108641237,0.05,1.985,1.67,scratch,random_anneal_10,200
18,0,0.56,0.98,0.9,0.89,4.395,4.485,4.41,0.18263095617294312,0.25685417652130127,1.0151175260543823,0.57,0.08,0.42,0.37,10.0,0.8281122448979592,0.4846117072964296,0.0034183673469387727,0.484403335407842,0.05,0.8267857142857141,0.48513083716369915,0.0020918367346938736,0.48185420100577175,0.05,1.875,1.745,scratch,random_anneal_10,200
19,0,0.58,0.98,0.92,0.905,4.595,4.485,4.255,0.16073521971702576,0.23639293015003204,0.9853146076202393,0.575,0.065,0.41,0.365,10.0,0.8363775510204081,0.5252170483845134,0.01168367346938775,0.5197847130149603,0.05,0.8330102040816327,0.5104391056259262,0.008316326530612244,0.5104369239881634,0.05,2.0,1.67,scratch,random_anneal_10,200
20,0,0.56,0.98,0.9,0.9,4.615,4.485,4.4,0.21319961547851562,0.2278076410293579,0.9809061288833618,0.57,0.08,0.42,0.375,10.0,0.8240816326530611,0.5087681843912245,-0.000612244897959186,0.5072509006923065,0.05,0.8231122448979592,0.5063929820167758,-0.0015816326530612263,0.5083378664404153,0.05,1.85,1.755,scratch,random_anneal_10,200
21,0,0.545,0.98,0.92,0.885,4.715,4.485,4.38,0.1760271042585373,0.24869021773338318,1.0421786308288574,0.55,0.06,0.44,0.395,10.0,0.8305102040816328,0.4980415121855684,0.005816326530612238,0.50687308346387,0.05,0.829234693877551,0.5036156422185184,0.004540816326530606,0.5077267554821446,0.05,1.845,1.72,scratch,random_anneal_10,200
22,0,0.545,0.98,0.905,0.88,4.85,4.485,4.33,0.19674544036388397,0.26557567715644836,1.0350652933120728,0.55,0.075,0.435,0.38,10.0,0.8252551020408163,0.49195959906979764,0.0005612244897959173,0.4925377459079027,0.05,0.8235204081632653,0.49102645444571746,-0.0011734693877551044,0.4854727182537317,0.05,1.82,1.65,scratch,random_anneal_10,200
23,0,0.575,0.98,0.91,0.905,4.465,4.485,4.36,0.16048651933670044,0.1952727735042572,0.9753479957580566,0.595,0.07,0.405,0.35,10.0,0.8299489795918368,0.517681941470971,0.005255102040816324,0.5092575962236151,0.05,0.8277551020408163,0.5140781328720543,0.0030612244897959147,0.5064315321482717,0.05,1.935,1.72,scratch,random_anneal_10,200
24,0,0.535,0.98,0.895,0.905,4.84,4.485,4.31,0.26024332642555237,0.2214658111333847,1.0107088088989258,0.54,0.085,0.445,0.405,10.0,0.8311224489795919,0.5296304279779629,0.006428571428571425,0.5227066498622298,0.05,0.8310204081632654,0.5328568628558567,0.006326530612244894,0.5152193650044501,0.05,1.75,1.74,scratch,random_anneal_10,200
25,0,0.58,0.98,0.905,0.91,4.495,4.485,4.435,0.19967029988765717,0.207972913980484,0.9791120886802673,0.6,0.075,0.4,0.355,10.0,0.8277551020408163,0.5059120100377729,0.003061224489795921,0.5004686417712947,0.05,0.8266326530612244,0.5066860124191418,0.00193877551020408,0.5020254954695702,0.05,1.795,1.685,scratch,random_anneal_10,200
26,0,0.56,0.98,0.91,0.905,4.195,4.485,4.455,0.16244563460350037,0.22607341408729553,1.0370500087738037,0.57,0.07,0.42,0.385,9.0,0.822908163265306,0.503905415690209,-0.0017857142857142883,0.49656343169510364,0.05,0.8235204081632653,0.5011182038720805,-0.0011734693877551066,0.49750145500525833,0.05,1.55,1.61,scratch,random_anneal_10,200
27,0,0.59,0.98,0.905,0.885,4.145,4.485,4.435,0.18723221123218536,0.25462979078292847,1.03691828250885,0.6,0.075,0.39,0.345,9.0,0.8239285714285713,0.5067130655614469,-0.0007653061224489822,0.49724711330141874,0.05,0.8239285714285713,0.5017425033413917,-0.0007653061224489804,0.49495540983974934,0.05,1.585,1.585,scratch,random_anneal_10,200
28,0,0.58,0.98,0.89,0.895,4.495,4.485,4.425,0.25099271535873413,0.28028011322021484,1.0030959844589233,0.59,0.09,0.4,0.355,9.0,0.8367857142857144,0.5400339253765157,0.01209183673469387,0.523174429689534,0.05,0.8340816326530611,0.5281939881402701,0.009387755102040811,0.5186736051831394,0.05,1.615,1.35,scratch,random_anneal_10,200
29,0,0.59,0.98,0.905,0.905,4.525,4.485,4.495,0.15935850143432617,0.21913407742977142,1.003524899482727,0.59,0.075,0.395,0.35,9.0,0.8361224489795919,0.5216447048431287,0.011428571428571425,0.5017423493415117,0.05,0.8336224489795918,0.5202502357873623,0.008928571428571425,0.5072680053859949,0.05,1.72,1.475,scratch,random_anneal_10,200
30,0,0.56,0.98,0.91,0.9,4.52,4.485,4.395,0.20944567024707794,0.2349226027727127,1.0539696216583252,0.565,0.075,0.42,0.375,9.0,0.8248469387755102,0.48543788966573226,0.00015306122448979109,0.4798982507828623,0.05,0.8253061224489797,0.4887536381620499,0.000612244897959181,0.48131540332920847,0.05,1.63,1.675,scratch,random_anneal_10,200
31,0,0.565,0.98,0.92,0.895,4.57,4.485,4.475,0.18373368680477142,0.21342898905277252,1.0364439487457275,0.57,0.065,0.415,0.365,9.0,0.8215306122448979,0.48605118905233285,-0.0031632653061224526,0.47922378696675877,0.05,0.8224489795918367,0.5007583671501344,-0.002244897959183675,0.489107249956578,0.05,1.46,1.55,scratch,random_anneal_10,200
32,0,0.615,0.98,0.915,0.905,4.42,4.485,4.415,0.2087993174791336,0.21161380410194397,0.9942750334739685,0.62,0.07,0.37,0.32,8.0,0.8289285714285713,0.5026485541360866,0.004234693877551019,0.4975434174016118,0.05,0.8270408163265307,0.49471885979013136,0.0023469387755102027,0.5022628648206592,0.05,1.495,1.31,scratch,random_anneal_10,200
33,0,0.605,0.98,0.925,0.89,4.29,4.485,4.455,0.15745532512664795,0.2207256257534027,0.9539726376533508,0.615,0.055,0.375,0.35,8.0,0.8334183673469389,0.526965928002378,0.008724489795918363,0.5203652469441294,0.05,0.8330612244897959,0.5229459598661859,0.008367346938775501,0.5174164429865777,0.05,1.37,1.335,scratch,random_anneal_10,200
34,0,0.565,0.98,0.91,0.895,4.52,4.485,4.41,0.14471127092838287,0.19556228816509247,1.071800947189331,0.575,0.07,0.415,0.37,8.0,0.820204081632653,0.488821080510548,-0.004489795918367354,0.48234604723751545,0.05,0.8216836734693876,0.49114836257842676,-0.003010204081632656,0.48078445736318826,0.05,1.255,1.4,scratch,random_anneal_10,200
35,0,0.61,0.98,0.92,0.915,4.49,4.485,4.37,0.18498440086841583,0.2216767519712448,1.042253851890564,0.605,0.065,0.375,0.33,8.0,0.8311224489795919,0.504447520025276,0.006428571428571423,0.49413119500502944,0.05,0.8301530612244897,0.5111133167999115,0.0054591836734693856,0.5030707278288901,0.05,1.445,1.35,scratch,random_anneal_10,200
36,0,0.585,0.98,0.915,0.905,4.18,4.485,4.37,0.18430574238300323,0.23422245681285858,1.0557340383529663,0.595,0.065,0.395,0.35,8.0,0.8245918367346938,0.5039916504372687,-0.00010204081632653072,0.4881437052227557,0.05,0.8246938775510203,0.505003337710143,5.551115123125783e-19,0.49419269571080804,0.05,1.345,1.355,scratch,random_anneal_10,200
37,0,0.565,0.98,0.92,0.925,4.69,4.485,4.425,0.18293720483779907,0.19251251220703125,1.0595779418945312,0.57,0.06,0.415,0.37,8.0,0.8212755102040816,0.4905335754734966,-0.0034183673469387753,0.48812494713813065,0.05,0.8216836734693878,0.49886053066530545,-0.0030102040816326536,0.4921525859832764,0.05,1.34,1.38,scratch,random_anneal_10,200
38,0,0.59,0.98,0.935,0.92,4.64,4.485,4.415,0.1489577293395996,0.16835950314998627,0.9703211784362793,0.605,0.055,0.39,0.345,7.0,0.8296428571428571,0.5206409203440435,0.004948979591836735,0.5089539440162479,0.05,0.8294897959183674,0.5264675569672551,0.00479591836734693,0.5101142475008964,0.05,1.285,1.27,scratch,random_anneal_10,200
39,0,0.605,0.98,0.91,0.915,4.4,4.485,4.43,0.15883712470531464,0.19233188033103943,0.9817756414413452,0.605,0.07,0.38,0.335,7.0,0.829795918367347,0.5160805368028876,0.005102040816326523,0.49905619911849497,0.05,0.8287244897959184,0.5110369831636924,0.004030612244897951,0.4981459840759635,0.05,1.31,1.205,scratch,random_anneal_10,200
40,0,0.605,0.98,0.915,0.895,4.815,4.485,4.465,0.17494025826454163,0.23172882199287415,1.0667588710784912,0.61,0.065,0.375,0.34,7.0,0.8301020408163265,0.49832758465136573,0.0054081632653061205,0.4947714922018349,0.05,0.8284693877551021,0.49893176029854835,0.0037755102040816307,0.4987625933624804,0.05,1.255,1.095,scratch,random_anneal_10,200
41,0,0.615,0.98,0.9,0.895,4.53,4.485,4.4,0.1761859506368637,0.20304633677005768,0.9959957599639893,0.625,0.08,0.365,0.315,7.0,0.8229081632653061,0.4852923230812865,-0.0017857142857142826,0.480099172834307,0.05,0.8220918367346939,0.48729274493917285,-0.00260204081632653,0.48071214761584996,0.05,1.24,1.16,scratch,random_anneal_10,200
42,0,0.595,0.98,0.93,0.93,4.48,4.485,4.45,0.14448215067386627,0.13678069412708282,1.0031790733337402,0.605,0.05,0.385,0.355,7.0,0.8260714285714286,0.4820123144783436,0.0013775510204081598,0.47519231904763726,0.05,0.8270408163265307,0.4864018003861629,0.002346938775510201,0.47943381579592825,0.05,1.145,1.24,scratch,random_anneal_10,200
43,0,0.6,0.98,0.935,0.92,4.365,4.485,4.405,0.10113085806369781,0.14347973465919495,0.9914183020591736,0.61,0.045,0.38,0.345,7.0,0.8231122448979591,0.4901451446379318,-0.0015816326530612285,0.4810861290805042,0.05,0.8242857142857143,0.4925480710427974,-0.0004081632653061268,0.4846040618605912,0.05,1.14,1.255,scratch,random_anneal_10,200
44,0,0.595,0.98,0.945,0.95,4.15,4.485,4.44,0.11872103065252304,0.1082020178437233,1.0772638320922852,0.6,0.035,0.385,0.365,6.0,0.8221428571428572,0.4845943318257514,-0.002551020408163267,0.4712098782649264,0.05,0.8226020408163265,0.48780524607646336,-0.00209183673469388,0.47387630864977837,0.05,1.105,1.15,scratch,random_anneal_10,200
45,0,0.59,0.98,0.925,0.915,4.4,4.485,4.5,0.12437675148248672,0.18253426253795624,1.0921571254730225,0.6,0.055,0.39,0.35,6.0,0.8309693877551021,0.5201147418196831,0.006275510204081629,0.4985499724885449,0.05,0.8288775510204082,0.5042061010699068,0.004183673469387757,0.4911848089285195,0.05,1.175,0.97,scratch,random_anneal_10,200
46,0,0.585,0.98,0.915,0.925,4.35,4.485,4.43,0.1526416838169098,0.12380538880825043,1.025416374206543,0.595,0.065,0.395,0.345,6.0,0.8410714285714286,0.5400594166780351,0.01637755102040816,0.5179844544292428,0.05,0.8391326530612244,0.5390980668408486,0.014438775510204076,0.518351255916059,0.05,1.105,0.915,scratch,random_anneal_10,200
47,0,0.595,0.98,0.94,0.93,4.225,4.485,4.375,0.11002040654420853,0.1481391191482544,1.102056622505188,0.595,0.04,0.39,0.36,6.0,0.8229591836734694,0.4862853595671964,-0.001734693877551023,0.4823123925318942,0.05,0.8235204081632653,0.49044131664469,-0.0011734693877551055,0.48388369552791116,0.05,0.97,1.025,scratch,random_anneal_10,200
48,0,0.58,0.98,0.94,0.925,4.4,4.485,4.42,0.11142830550670624,0.13348154723644257,1.126259684562683,0.59,0.04,0.4,0.38,6.0,0.8189285714285713,0.47947002673242217,-0.0057653061224489845,0.46828356583602726,0.05,0.8187244897959184,0.474314449177669,-0.005969387755102042,0.46912760263308884,0.05,1.01,0.99,scratch,random_anneal_10,200
49,0,0.6,0.98,0.935,0.905,4.68,4.485,4.445,0.11317140609025955,0.15573787689208984,1.0563055276870728,0.615,0.045,0.38,0.345,6.0,0.8207142857142857,0.4730282755262359,-0.003979591836734695,0.4721902429312468,0.05,0.8223469387755102,0.48072679992851824,-0.002346938775510207,0.47940901244059203,0.05,0.96,1.12,scratch,random_anneal_10,200
50,0,0.63,0.98,0.925,0.915,4.325,4.485,4.485,0.16781698167324066,0.18920978903770447,0.9977188110351562,0.64,0.055,0.35,0.32,5.0,0.829234693877551,0.5008925424865431,0.004540816326530606,0.48725451653823254,0.05,0.8300510204081633,0.4957559203649802,0.005357142857142854,0.48658821018412707,0.05,0.865,0.945,scratch,random_anneal_10,200
51,0,0.605,0.98,0.91,0.92,4.31,4.485,4.445,0.15053410828113556,0.1803630292415619,1.073518991470337,0.605,0.07,0.38,0.34,5.0,0.8207653061224491,0.4875982144946742,-0.003928571428571431,0.4786159410048276,0.05,0.8213775510204081,0.49217265935806365,-0.003316326530612249,0.4822650541178882,0.05,0.89,0.95,scratch,random_anneal_10,200
52,0,0.615,0.98,0.91,0.92,4.505,4.485,4.38,0.1824304610490799,0.17854084074497223,1.090938687324524,0.62,0.075,0.365,0.32,5.0,0.8246938775510205,0.5002755303781947,-2.7755575615628915e-18,0.49287123751360923,0.05,0.8253571428571429,0.5030978995991149,0.0006632653061224486,0.4980307091027498,0.05,0.825,0.89,scratch,random_anneal_10,200
53,0,0.605,0.98,0.92,0.915,4.195,4.485,4.465,0.16755253076553345,0.16369609534740448,1.11872398853302,0.605,0.06,0.38,0.34,5.0,0.8245408163265308,0.4972352427291589,-0.0001530612244898033,0.49165331067342777,0.05,0.8244897959183674,0.49644605969750233,-0.00020408163265306202,0.48955690518021583,0.05,0.86,0.855,scratch,random_anneal_10,200
54,0,0.605,0.98,0.875,0.88,4.415,4.485,4.465,0.2834576368331909,0.25341561436653137,1.059177041053772,0.615,0.11,0.375,0.315,5.0,0.83,0.5011162850596402,0.005306122448979589,0.4953070656303316,0.05,0.8305102040816327,0.5058962418863099,0.005816326530612243,0.4960506975837052,0.05,0.865,0.915,scratch,random_anneal_10,200
55,0,0.565,0.98,0.915,0.92,4.66,4.485,4.55,0.19408661127090454,0.18325282633304596,1.147591233253479,0.58,0.07,0.415,0.365,5.0,0.8210714285714286,0.49371817784267596,-0.003622448979591842,0.4875908582267584,0.05,0.821734693877551,0.496795187158593,-0.0029591836734693933,0.4899131241627038,0.05,0.86,0.925,scratch,random_anneal_10,200
56,0,0.605,0.98,0.91,0.905,4.325,4.485,4.6,0.16562031209468842,0.19038867950439453,1.0954540967941284,0.615,0.07,0.375,0.33,4.0,0.8243877551020408,0.4982413283109567,-0.0003061224489795966,0.4841447607037844,0.05,0.8245408163265308,0.5032627055292993,-0.00015306122448980163,0.4825684395059943,0.05,0.67,0.685,scratch,random_anneal_10,200
57,0,0.605,0.98,0.915,0.9,4.29,4.485,4.505,0.20884977281093597,0.233922079205513,1.0567469596862793,0.615,0.065,0.375,0.325,4.0,0.8233163265306124,0.48105634357825067,-0.001377551020408166,0.47947540565219243,0.05,0.8235714285714286,0.48462977255545503,-0.0011224489795918396,0.4832416755519807,0.05,0.695,0.72,scratch,random_anneal_10,200
58,0,0.56,0.98,0.915,0.9,4.82,4.485,4.465,0.1934279203414917,0.2242385298013687,1.1488665342330933,0.575,0.065,0.42,0.37,4.0,0.8176020408163265,0.48025125753481507,-0.00709183673469388,0.47398502111434937,0.05,0.8180612244897958,0.4817334911636805,-0.006632653061224491,0.47965751733630896,0.05,0.625,0.67,scratch,random_anneal_10,200
59,0,0.615,0.98,0.92,0.92,4.42,4.485,4.475,0.20941470563411713,0.21143771708011627,1.0186294317245483,0.63,0.065,0.365,0.325,4.0,0.8178061224489795,0.4695541343605146,-0.006887755102040816,0.45715718653984366,0.05,0.8187755102040817,0.47150603987572065,-0.00591836734693878,0.4628227065037936,0.05,0.68,0.775,scratch,random_anneal_10,200
60,0,0.57,0.98,0.905,0.9,4.705,4.485,4.475,0.18287807703018188,0.18826550245285034,1.1294951438903809,0.585,0.075,0.41,0.35,4.0,0.8181632653061223,0.4787105625778214,-0.006530612244897962,0.47354443962685766,0.05,0.8190816326530611,0.4766563189406964,-0.005612244897959184,0.4739576348010451,0.05,0.58,0.67,scratch,random_anneal_10,200
61,0,0.575,0.98,0.885,0.89,4.575,4.485,4.465,0.2236625701189041,0.2597835958003998,1.1465040445327759,0.58,0.095,0.405,0.345,4.0,0.8173979591836735,0.491520174444775,-0.00729591836734694,0.48093488346610686,0.05,0.8186734693877551,0.48684294734987227,-0.006020408163265308,0.48087300376500935,0.05,0.66,0.785,scratch,random_anneal_10,200
62,0,0.58,0.98,0.935,0.91,4.56,4.485,4.48,0.12613560259342194,0.17412689328193665,1.126142144203186,0.59,0.045,0.4,0.38,3.0,0.8288775510204082,0.5146579752705209,0.004183673469387752,0.49990425145253536,0.05,0.8285714285714286,0.5138040457030274,0.0038775510204081616,0.4970499954558909,0.05,0.54,0.51,scratch,random_anneal_10,200
63,0,0.58,0.98,0.885,0.885,4.515,4.485,4.47,0.2667294144630432,0.27166417241096497,1.145942211151123,0.585,0.095,0.4,0.35,3.0,0.8240816326530613,0.5011849144018091,-0.0006122448979591827,0.4853161667846143,0.05,0.8248469387755102,0.506784867833553,0.00015306122448979553,0.48851123167201876,0.05,0.52,0.595,scratch,random_anneal_10,200
64,0,0.595,0.98,0.915,0.915,4.745,4.485,4.44,0.1738032102584839,0.20811572670936584,1.1697070598602295,0.595,0.065,0.39,0.345,3.0,0.8248979591836735,0.4988540719658925,0.00020408163265305535,0.4800827904511243,0.05,0.8256632653061223,0.5016616186132278,0.0009693877551020425,0.4826752115506679,0.05,0.475,0.55,scratch,random_anneal_10,200
65,0,0.595,0.98,0.895,0.895,4.77,4.485,4.425,0.2277432233095169,0.23157787322998047,1.146499752998352,0.605,0.085,0.385,0.34,3.0,0.8235204081632653,0.5002252008908123,-0.0011734693877551033,0.48589509676516174,0.05,0.8239795918367346,0.5044867719994203,-0.0007142857142857207,0.4866971029154956,0.05,0.5,0.545,scratch,random_anneal_10,200
66,0,0.615,0.98,0.915,0.9,4.57,4.485,4.375,0.1659543663263321,0.2079765498638153,1.1655198335647583,0.625,0.065,0.365,0.325,3.0,0.8269897959183673,0.514200328046507,0.002295918367346933,0.49922598896548154,0.05,0.826683673469388,0.5091904152162778,0.0019897959183673448,0.49411688920110464,0.05,0.515,0.485,scratch,random_anneal_10,200
67,0,0.605,0.98,0.92,0.9,4.705,4.485,4.305,0.17290109395980835,0.1937636137008667,1.1514226198196411,0.61,0.06,0.375,0.355,3.0,0.8213775510204081,0.4990215498590147,-0.0033163265306122495,0.4868744656466879,0.05,0.8230102040816327,0.5051881540326344,-0.0016836734693877592,0.49535306058824063,0.05,0.435,0.595,scratch,random_anneal_10,200
68,0,0.585,0.98,0.935,0.925,4.285,4.485,4.43,0.16141194105148315,0.1854318231344223,1.1704230308532715,0.59,0.05,0.395,0.375,2.0,0.8215816326530612,0.5111214622721728,-0.003112244897959186,0.4938110529817641,0.05,0.8214795918367347,0.506777524639596,-0.003214285714285717,0.49812674138695,0.05,0.345,0.335,scratch,random_anneal_10,200
69,0,0.62,0.98,0.9,0.905,4.73,4.485,4.415,0.2302398830652237,0.22321410477161407,1.1308112144470215,0.625,0.08,0.365,0.32,2.0,0.8225,0.5082621048857895,-0.002193877551020411,0.49429482002859004,0.05,0.8226530612244898,0.5102398468940963,-0.002040816326530615,0.4963169069681317,0.05,0.3,0.315,scratch,random_anneal_10,200
70,0,0.59,0.98,0.905,0.905,4.585,4.485,4.44,0.17690420150756836,0.1990261673927307,1.1677160263061523,0.59,0.075,0.395,0.355,2.0,0.8170408163265306,0.484700078181446,-0.0076530612244898,0.4744869215413928,0.05,0.8176530612244898,0.4846118339519557,-0.0070408163265306125,0.4752152948640287,0.05,0.325,0.385,scratch,random_anneal_10,200
71,0,0.62,0.98,0.915,0.915,4.41,4.485,4.43,0.20423728227615356,0.20616933703422546,1.1546015739440918,0.62,0.07,0.365,0.32,2.0,0.8201020408163265,0.4924825690301328,-0.0045918367346938814,0.47757896277820694,0.05,0.8216836734693876,0.49714441167240925,-0.0030102040816326553,0.479712581129279,0.05,0.275,0.43,scratch,random_anneal_10,200
72,0,0.615,0.98,0.895,0.895,4.535,4.485,4.38,0.20693515241146088,0.2532406151294708,1.1073063611984253,0.62,0.085,0.365,0.31,2.0,0.8189285714285716,0.48603386862388903,-0.005765306122448982,0.4763303356291726,0.05,0.8195408163265308,0.48764094965393084,-0.005153061224489802,0.4766767959296703,0.05,0.295,0.355,scratch,random_anneal_10,200
73,0,0.605,0.98,0.89,0.885,4.725,4.485,4.27,0.23358997702598572,0.24646948277950287,1.1278176307678223,0.61,0.095,0.38,0.31,2.0,0.8184693877551021,0.4865275754596907,-0.006224489795918371,0.4678693815908628,0.05,0.8191836734693878,0.48641273785953504,-0.005510204081632656,0.46707774604205043,0.05,0.335,0.405,scratch,random_anneal_10,200
74,0,0.6,0.98,0.92,0.92,4.61,4.485,4.35,0.1833856999874115,0.18580509722232819,1.1821421384811401,0.605,0.065,0.38,0.345,1.0,0.8177551020408163,0.47666065644667066,-0.006938775510204086,0.4596991595765576,0.05,0.8191326530612244,0.4803994823261733,-0.005561224489795919,0.46616863830015065,0.05,0.125,0.26,scratch,random_anneal_10,200
75,0,0.6,0.98,0.91,0.91,4.515,4.485,4.45,0.22122928500175476,0.2385052889585495,1.1960551738739014,0.6,0.075,0.385,0.33,1.0,0.8162755102040816,0.47764681057742625,-0.008418367346938783,0.46874364018440245,0.05,0.8169897959183673,0.4807170236149753,-0.007704081632653066,0.46984033949673176,0.05,0.17,0.24,scratch,random_anneal_10,200
76,0,0.6,0.98,0.905,0.89,4.535,4.485,4.29,0.23854121565818787,0.2575097978115082,1.1270331144332886,0.615,0.08,0.38,0.33,1.0,0.8159693877551021,0.472082507362579,-0.008724489795918375,0.4649128013197333,0.05,0.8166836734693876,0.4756417983501107,-0.00801020408163266,0.4685255450475961,0.05,0.14,0.21,scratch,random_anneal_10,200
77,0,0.6,0.98,0.905,0.91,4.47,4.485,4.35,0.21056872606277466,0.21700750291347504,1.196898341178894,0.6,0.075,0.385,0.325,1.0,0.8186224489795919,0.4846920523228204,-0.006071428571428574,0.47733737050555647,0.05,0.8193877551020408,0.48773698056919645,-0.0053061224489796,0.4793352242093533,0.05,0.14,0.215,scratch,random_anneal_10,200
78,0,0.585,0.98,0.905,0.9,4.475,4.485,4.345,0.20236292481422424,0.22578328847885132,1.2173618078231812,0.585,0.08,0.4,0.335,1.0,0.8172448979591835,0.4907141071612401,-0.0074489795918367355,0.4791141932178289,0.05,0.8182653061224491,0.4894327624372483,-0.006428571428571428,0.48074544835370037,0.05,0.14,0.24,scratch,random_anneal_10,200
79,0,0.58,0.98,0.91,0.9,4.49,4.485,4.42,0.17515520751476288,0.18398326635360718,1.1729027032852173,0.585,0.07,0.4,0.34,1.0,0.8171428571428572,0.4734348874114462,-0.007551020408163269,0.46448522999417036,0.05,0.8173979591836735,0.4758060235793643,-0.007295918367346943,0.4690206963894889,0.05,0.15,0.175,scratch,random_anneal_10,200
80,0,0.595,0.98,0.905,0.905,4.65,4.485,4.405,0.20384445786476135,0.20384445786476135,1.1704118251800537,0.595,0.08,0.39,0.335,0.0,0.8226530612244899,0.4986843933660283,-0.0020408163265306194,0.4859089726628736,0.05,0.8226530612244899,0.4986843933660283,-0.0020408163265306194,0.4859089726628736,0.05,0.0,0.0,scratch,random_anneal_10,200
81,0,0.605,0.98,0.89,0.89,4.6,4.485,4.38,0.21035590767860413,0.21035590767860413,1.1272941827774048,0.605,0.095,0.38,0.315,0.0,0.8214795918367347,0.49290089227278605,-0.0032142857142857173,0.48250283491797746,0.05,0.8214795918367347,0.49290089227278605,-0.0032142857142857173,0.48250283491797746,0.05,0.0,0.0,scratch,random_anneal_10,200
82,0,0.59,0.98,0.915,0.915,4.465,4.485,4.35,0.19686774909496307,0.19686774909496307,1.1741281747817993,0.59,0.07,0.395,0.35,0.0,0.8191326530612244,0.48269021684426344,-0.005561224489795915,0.4775485922163352,0.05,0.8191326530612244,0.48269021684426344,-0.005561224489795915,0.4775485922163352,0.05,0.0,0.0,scratch,random_anneal_10,200
83,0,0.59,0.98,0.905,0.905,4.52,4.485,4.36,0.22222162783145905,0.22222162783145905,1.1710858345031738,0.59,0.08,0.395,0.35,0.0,0.8214285714285714,0.4984955353979796,-0.0032653061224489793,0.48855099867796525,0.05,0.8214285714285714,0.4984955353979796,-0.0032653061224489793,0.48855099867796525,0.05,0.0,0.0,scratch,random_anneal_10,200
84,0,0.625,0.98,0.895,0.895,4.65,4.485,4.365,0.24782611429691315,0.24782611429691315,1.1050231456756592,0.625,0.09,0.36,0.305,0.0,0.8191326530612245,0.49100792118012193,-0.005561224489795915,0.4823762141726911,0.05,0.8191326530612245,0.49100792118012193,-0.005561224489795915,0.4823762141726911,0.05,0.0,0.0,scratch,random_anneal_10,200
85,0,0.61,0.98,0.915,0.915,4.69,4.485,4.4,0.22023628652095795,0.22023628652095795,1.0849275588989258,0.61,0.07,0.375,0.335,0.0,0.8179591836734694,0.4927717010739451,-0.006734693877551018,0.4825551104871556,0.05,0.8179591836734694,0.4927717010739451,-0.006734693877551018,0.4825551104871556,0.05,0.0,0.0,scratch,random_anneal_10,200
86,0,0.62,0.98,0.9,0.9,4.625,4.485,4.39,0.24246497452259064,0.24246497452259064,1.0825722217559814,0.62,0.08,0.365,0.32,0.0,0.8188265306122449,0.48384794834762546,-0.00586734693877551,0.47788128378335387,0.05,0.8188265306122449,0.48384794834762546,-0.00586734693877551,0.47788128378335387,0.05,0.0,0.0,scratch,random_anneal_10,200
87,0,0.6,0.98,0.915,0.915,4.66,4.485,4.44,0.2063603550195694,0.2063603550195694,1.1317607164382935,0.6,0.07,0.385,0.345,0.0,0.8187244897959184,0.4933626039705292,-0.00596938775510204,0.484173218565993,0.05,0.8187244897959184,0.4933626039705292,-0.00596938775510204,0.484173218565993,0.05,0.0,0.0,scratch,random_anneal_10,200
88,0,0.6,0.98,0.905,0.905,4.505,4.485,4.4,0.21722690761089325,0.21722690761089325,1.1553144454956055,0.6,0.08,0.385,0.335,0.0,0.8191836734693878,0.49154824906750605,-0.005510204081632651,0.4825496317492798,0.05,0.8191836734693878,0.49154824906750605,-0.005510204081632651,0.4825496317492798,0.05,0.0,0.0,scratch,random_anneal_10,200
89,0,0.61,0.98,0.91,0.91,4.665,4.485,4.43,0.21236547827720642,0.21236547827720642,1.1251020431518555,0.61,0.07,0.375,0.335,0.0,0.8199489795918368,0.4905747337166377,-0.004744897959183674,0.4837768253101967,0.05,0.8199489795918368,0.4905747337166377,-0.004744897959183674,0.4837768253101967,0.05,0.0,0.0,scratch,random_anneal_10,200
90,0,0.61,0.98,0.895,0.895,4.5,4.485,4.42,0.2328723520040512,0.2328723520040512,1.1317613124847412,0.61,0.085,0.375,0.32,0.0,0.8187244897959184,0.48686583702515795,-0.00596938775510204,0.47959416310768577,0.05,0.8187244897959184,0.48686583702515795,-0.00596938775510204,0.47959416310768577,0.05,0.0,0.0,scratch,random_anneal_10,200
91,0,0.61,0.98,0.915,0.915,4.62,4.485,4.41,0.2275264710187912,0.2275264710187912,1.1380544900894165,0.61,0.07,0.375,0.335,0.0,0.819795918367347,0.4912332424279746,-0.004897959183673472,0.4839609632920474,0.05,0.819795918367347,0.4912332424279746,-0.004897959183673472,0.4839609632920474,0.05,0.0,0.0,scratch,random_anneal_10,200
92,0,0.615,0.98,0.895,0.895,4.635,4.485,4.4,0.24075712263584137,0.24075712263584137,1.1380133628845215,0.615,0.09,0.37,0.32,0.0,0.8210714285714285,0.49655452754343277,-0.003622448979591838,0.48721223826985804,0.05,0.8210714285714285,0.49655452754343277,-0.003622448979591838,0.48721223826985804,0.05,0.0,0.0,scratch,random_anneal_10,200
93,0,0.62,0.98,0.895,0.895,4.555,4.485,4.405,0.2460414469242096,0.2460414469242096,1.1182775497436523,0.62,0.09,0.365,0.315,0.0,0.8214285714285714,0.4956817781120504,-0.0032653061224489823,0.4865058319224045,0.05,0.8214285714285714,0.4956817781120504,-0.0032653061224489823,0.4865058319224045,0.05,0.0,0.0,scratch,random_anneal_10,200
94,0,0.61,0.98,0.91,0.91,4.61,4.485,4.385,0.22040197253227234,0.22040197253227234,1.1235469579696655,0.61,0.075,0.375,0.335,0.0,0.8206122448979591,0.49294054670453497,-0.004081632653061228,0.4851826688554138,0.05,0.8206122448979591,0.49294054670453497,-0.004081632653061228,0.4851826688554138,0.05,0.0,0.0,scratch,random_anneal_10,200
95,0,0.615,0.98,0.9,0.9,4.57,4.485,4.375,0.22848372161388397,0.22848372161388397,1.130712628364563,0.615,0.085,0.37,0.32,0.0,0.8207653061224489,0.4934580377085868,-0.00392857142857143,0.4863438608404249,0.05,0.8207653061224489,0.4934580377085868,-0.00392857142857143,0.4863438608404249,0.05,0.0,0.0,scratch,random_anneal_10,200
96,0,0.615,0.98,0.9,0.9,4.57,4.485,4.38,0.2353658229112625,0.2353658229112625,1.1325987577438354,0.615,0.085,0.37,0.315,0.0,0.8208673469387755,0.49528438823952897,-0.0038265306122449005,0.4857139413710684,0.05,0.8208673469387755,0.49528438823952897,-0.0038265306122449005,0.4857139413710684,0.05,0.0,0.0,scratch,random_anneal_10,200
97,0,0.62,0.98,0.91,0.91,4.555,4.485,4.415,0.22420208156108856,0.22420208156108856,1.1304025650024414,0.62,0.075,0.365,0.32,0.0,0.820969387755102,0.49627771821865685,-0.0037244897959183725,0.4861646392848343,0.05,0.820969387755102,0.49627771821865685,-0.0037244897959183725,0.4861646392848343,0.05,0.0,0.0,scratch,random_anneal_10,200
98,0,0.62,0.98,0.905,0.905,4.555,4.485,4.395,0.2358333021402359,0.2358333021402359,1.1300559043884277,0.62,0.08,0.365,0.315,0.0,0.8206122448979591,0.4959090058750719,-0.004081632653061227,0.485660994341597,0.05,0.8206122448979591,0.4959090058750719,-0.004081632653061227,0.485660994341597,0.05,0.0,0.0,scratch,random_anneal_10,200
99,0,0.62,0.98,0.91,0.91,4.555,4.485,4.415,0.22192613780498505,0.22192613780498505,1.1304082870483398,0.62,0.075,0.365,0.32,0.0,0.8204081632653062,0.4950967827789357,-0.004285714285714285,0.4849758206913248,0.05,0.8204081632653062,0.4950967827789357,-0.004285714285714285,0.4849758206913248,0.05,0.0,0.0,scratch,random_anneal_10,200
100,0,0.62,0.98,0.905,0.905,4.555,4.485,4.395,0.23689289391040802,0.23689289391040802,1.1294224262237549,0.62,0.08,0.365,0.315,0.0,0.8205612244897957,0.49538448226336024,-0.004132653061224491,0.4849995985487476,0.05,0.8205612244897957,0.49538448226336024,-0.004132653061224491,0.4849995985487476,0.05,0.0,0.0,scratch,random_anneal_10,200
0,0,0.085,0.98,0.875,0.875,5.92,4.485,4.39,0.329533189535141,0.329533189535141,1.8394066095352173,0.09,0.105,0.895,0.8,0.0,0.850561224489796,0.5981794121635886,0.025867346938775508,0.5913978515937924,0.05,0.850561224489796,0.5981794121635886,0.025867346938775508,0.5913978515937924,0.05,0.0,0.0,scratch,student,200
1,0,0.24,0.98,0.895,0.895,5.31,4.485,4.45,0.2119244635105133,0.2119244635105133,1.5595855712890625,0.25,0.085,0.74,0.675,0.0,0.8160714285714286,0.43571191660479686,-0.008622448979591841,0.43717105424788316,0.05,0.8160714285714286,0.43571191660479686,-0.008622448979591841,0.43717105424788316,0.05,0.0,0.0,scratch,student,200
2,0,0.33,0.98,0.925,0.925,4.02,4.485,4.365,0.156127467751503,0.156127467751503,1.4207245111465454,0.33,0.055,0.655,0.605,0.0,0.8197448979591837,0.454392886044011,-0.0049489795918367385,0.4498625203562551,0.05,0.8197448979591837,0.454392886044011,-0.0049489795918367385,0.4498625203562551,0.05,0.0,0.0,scratch,student,200
3,0,0.41,0.98,0.91,0.91,4.13,4.485,4.47,0.20856481790542603,0.20856481790542603,1.3689841032028198,0.41,0.075,0.575,0.52,0.0,0.8014285714285714,0.40702577756607367,-0.023265306122448984,0.4247380812554911,0.05,0.8014285714285714,0.40702577756607367,-0.023265306122448984,0.4247380812554911,0.05,0.0,0.0,scratch,student,200
4,0,0.36,0.98,0.875,0.875,3.9,4.485,4.315,0.29701516032218933,0.29701516032218933,1.3847683668136597,0.365,0.105,0.62,0.52,0.0,0.8285714285714286,0.49728377254060524,0.003877551020408162,0.4946060840548307,0.05,0.8285714285714286,0.49728377254060524,0.003877551020408162,0.4946060840548307,0.05,0.0,0.0,scratch,student,200
5,0,0.375,0.98,0.86,0.86,4.16,4.485,4.45,0.31119582056999207,0.31119582056999207,1.3587907552719116,0.375,0.12,0.61,0.515,0.0,0.8321428571428572,0.5031208410041542,0.007448979591836729,0.4945377098834433,0.05,0.8321428571428572,0.5031208410041542,0.007448979591836729,0.4945377098834433,0.05,0.0,0.0,scratch,student,200
6,0,0.395,0.98,0.905,0.905,4.39,4.485,4.36,0.21704208850860596,0.21704208850860596,1.314875841140747,0.4,0.075,0.59,0.535,0.0,0.8315816326530612,0.4431210290003979,0.006887755102040811,0.4512800106387294,0.05,0.8315816326530612,0.4431210290003979,0.006887755102040811,0.4512800106387294,0.05,0.0,0.0,scratch,student,200
7,0,0.44,0.98,0.88,0.88,4.64,4.485,4.345,0.2737780809402466,0.2737780809402466,1.1887112855911255,0.45,0.105,0.54,0.45,0.0,0.8165306122448979,0.4352736032660655,-0.008163265306122453,0.44618037955020556,0.05,0.8165306122448979,0.4352736032660655,-0.008163265306122453,0.44618037955020556,0.05,0.0,0.0,scratch,student,200
8,0,0.43,0.98,0.895,0.895,4.655,4.485,4.43,0.26901814341545105,0.26901814341545105,1.2101768255233765,0.445,0.09,0.55,0.49,0.0,0.8284183673469387,0.5084359209398142,0.0037244897959183643,0.5124674543901346,0.05,0.8284183673469387,0.5084359209398142,0.0037244897959183643,0.5124674543901346,0.05,0.0,0.0,scratch,student,200
9,0,0.485,0.98,0.865,0.865,4.625,4.485,4.35,0.3097420930862427,0.3097420930862427,1.1775773763656616,0.49,0.115,0.495,0.4,0.0,0.8164795918367347,0.4510191062021435,-0.008214285714285719,0.4566286379634403,0.05,0.8164795918367347,0.4510191062021435,-0.008214285714285719,0.4566286379634403,0.05,0.0,0.0,scratch,student,200
10,0,0.465,0.98,0.875,0.875,4.39,4.485,4.4,0.24826712906360626,0.24826712906360626,1.1555958986282349,0.48,0.105,0.515,0.42,0.0,0.8229081632653061,0.49104232563855293,-0.0017857142857142872,0.4873155975528061,0.05,0.8229081632653061,0.49104232563855293,-0.0017857142857142872,0.4873155975528061,0.05,0.0,0.0,scratch,student,200
11,0,0.49,0.98,0.91,0.91,5.675,4.485,4.425,0.17809686064720154,0.17809686064720154,1.1050833463668823,0.495,0.07,0.49,0.44,0.0,0.8217857142857141,0.47980815048079356,-0.002908163265306128,0.4736906599160284,0.05,0.8217857142857141,0.47980815048079356,-0.002908163265306128,0.4736906599160284,0.05,0.0,0.0,scratch,student,200
12,0,0.49,0.98,0.89,0.89,4.005,4.485,4.46,0.18276186287403107,0.18276186287403107,1.0662730932235718,0.495,0.09,0.495,0.435,0.0,0.8276530612244898,0.49439380843098746,0.002959183673469381,0.48888881077757107,0.05,0.8276530612244898,0.49439380843098746,0.002959183673469381,0.48888881077757107,0.05,0.0,0.0,scratch,student,200
13,0,0.5,0.98,0.87,0.87,4.455,4.485,4.405,0.33811473846435547,0.33811473846435547,1.151853322982788,0.51,0.11,0.48,0.385,0.0,0.8357142857142859,0.5222300798939004,0.011020408163265301,0.5134316205140204,0.05,0.8357142857142859,0.5222300798939004,0.011020408163265301,0.5134316205140204,0.05,0.0,0.0,scratch,student,200
14,0,0.515,0.98,0.9,0.9,4.515,4.485,4.47,0.1752597838640213,0.1752597838640213,1.0472571849822998,0.515,0.08,0.47,0.405,0.0,0.8276530612244898,0.5022272387781919,0.0029591836734693838,0.4933294134773314,0.05,0.8276530612244898,0.5022272387781919,0.0029591836734693838,0.4933294134773314,0.05,0.0,0.0,scratch,student,200
15,0,0.525,0.98,0.905,0.905,3.985,4.485,4.385,0.21866309642791748,0.21866309642791748,1.0713902711868286,0.535,0.075,0.455,0.4,0.0,0.8321428571428571,0.5168370685400899,0.007448979591836729,0.5101611113781109,0.05,0.8321428571428571,0.5168370685400899,0.007448979591836729,0.5101611113781109,0.05,0.0,0.0,scratch,student,200
16,0,0.54,0.98,0.89,0.89,3.8,4.485,4.455,0.28571411967277527,0.28571411967277527,1.0081363916397095,0.545,0.09,0.44,0.38,0.0,0.8381632653061226,0.5463280575981545,0.013469387755102038,0.5322135410737246,0.05,0.8381632653061226,0.5463280575981545,0.013469387755102038,0.5322135410737246,0.05,0.0,0.0,scratch,student,200
17,0,0.545,0.98,0.91,0.91,4.41,4.485,4.435,0.13981544971466064,0.13981544971466064,1.0377779006958008,0.55,0.07,0.435,0.385,0.0,0.8188265306122449,0.48533891952528346,-0.005867346938775513,0.46887888468219896,0.05,0.8188265306122449,0.48533891952528346,-0.005867346938775513,0.46887888468219896,0.05,0.0,0.0,scratch,student,200
18,0,0.53,0.98,0.885,0.885,4.715,4.485,4.48,0.3080157935619354,0.3080157935619354,1.0834121704101562,0.54,0.095,0.45,0.38,0.0,0.8407142857142857,0.5449278601128936,0.016020408163265304,0.5408101913705469,0.05,0.8407142857142857,0.5449278601128936,0.016020408163265304,0.5408101913705469,0.05,0.0,0.0,scratch,student,200
19,0,0.56,0.98,0.905,0.905,5.175,4.485,4.34,0.17765535414218903,0.17765535414218903,0.9742185473442078,0.57,0.075,0.42,0.36,0.0,0.8233163265306122,0.5142535021589907,-0.001377551020408168,0.5089532300364226,0.05,0.8233163265306122,0.5142535021589907,-0.001377551020408168,0.5089532300364226,0.05,0.0,0.0,scratch,student,200
20,0,0.595,0.98,0.92,0.92,4.465,4.485,4.4,0.15839837491512299,0.15839837491512299,0.9601362347602844,0.61,0.06,0.385,0.35,0.0,0.8332142857142857,0.5214152521421667,0.008520408163265304,0.5119763334095478,0.05,0.8332142857142857,0.5214152521421667,0.008520408163265304,0.5119763334095478,0.05,0.0,0.0,scratch,student,200
21,0,0.565,0.98,0.905,0.905,4.97,4.485,4.375,0.22793209552764893,0.22793209552764893,0.9233435988426208,0.58,0.075,0.415,0.37,0.0,0.814795918367347,0.48253040579857015,-0.009897959183673475,0.48302632103208454,0.05,0.814795918367347,0.48253040579857015,-0.009897959183673475,0.48302632103208454,0.05,0.0,0.0,scratch,student,200
22,0,0.54,0.98,0.885,0.885,4.935,4.485,4.295,0.20295074582099915,0.20295074582099915,1.0612164735794067,0.545,0.095,0.44,0.38,0.0,0.8212755102040816,0.5016509462234343,-0.003418367346938779,0.496874155565165,0.05,0.8212755102040816,0.5016509462234343,-0.003418367346938779,0.496874155565165,0.05,0.0,0.0,scratch,student,200
23,0,0.58,0.98,0.87,0.87,3.95,4.485,4.4,0.2964067757129669,0.2964067757129669,0.9522523283958435,0.595,0.11,0.4,0.325,0.0,0.8272448979591838,0.5385115692385359,0.002551020408163263,0.5282537080720067,0.05,0.8272448979591838,0.5385115692385359,0.002551020408163263,0.5282537080720067,0.05,0.0,0.0,scratch,student,200
24,0,0.54,0.98,0.9,0.9,4.335,4.485,4.35,0.25077903270721436,0.25077903270721436,1.070642352104187,0.54,0.08,0.445,0.385,0.0,0.8180102040816328,0.49788110313644207,-0.006683673469387761,0.5014850052585825,0.05,0.8180102040816328,0.49788110313644207,-0.006683673469387761,0.5014850052585825,0.05,0.0,0.0,scratch,student,200
25,0,0.56,0.98,0.855,0.855,4.455,4.485,4.445,0.3268667459487915,0.3268667459487915,1.011478304862976,0.58,0.125,0.42,0.32,0.0,0.8257653061224491,0.5185421298498762,0.0010714285714285676,0.5175779994623736,0.05,0.8257653061224491,0.5185421298498762,0.0010714285714285676,0.5175779994623736,0.05,0.0,0.0,scratch,student,200
26,0,0.54,0.98,0.865,0.865,4.08,4.485,4.295,0.3127410411834717,0.3127410411834717,0.9889066815376282,0.555,0.115,0.44,0.355,0.0,0.8194897959183671,0.4907457210754009,-0.005204081632653061,0.49743456915253775,0.05,0.8194897959183671,0.4907457210754009,-0.005204081632653061,0.49743456915253775,0.05,0.0,0.0,scratch,student,200
27,0,0.52,0.98,0.86,0.86,4.325,4.485,4.375,0.2685844302177429,0.2685844302177429,1.046126365661621,0.54,0.12,0.46,0.35,0.0,0.8237755102040816,0.49141244524100686,-0.0009183673469387799,0.5028277270798571,0.05,0.8237755102040816,0.49141244524100686,-0.0009183673469387799,0.5028277270798571,0.05,0.0,0.0,scratch,student,200
28,0,0.575,0.98,0.9,0.9,4.43,4.485,4.46,0.19459640979766846,0.19459640979766846,1.027836799621582,0.59,0.085,0.405,0.345,0.0,0.8033673469387754,0.4301806599498952,-0.021326530612244904,0.44589083711616695,0.05,0.8033673469387754,0.4301806599498952,-0.021326530612244904,0.44589083711616695,0.05,0.0,0.0,scratch,student,200
29,0,0.57,0.98,0.915,0.915,4.27,4.485,4.285,0.21396051347255707,0.21396051347255707,1.0483561754226685,0.58,0.07,0.41,0.355,0.0,0.8293877551020408,0.5186290269576933,0.004693877551020402,0.522881222628057,0.05,0.8293877551020408,0.5186290269576933,0.004693877551020402,0.522881222628057,0.05,0.0,0.0,scratch,student,200
30,0,0.55,0.98,0.91,0.91,4.07,4.485,4.35,0.2043115198612213,0.2043115198612213,1.0506277084350586,0.56,0.07,0.43,0.37,0.0,0.8206632653061224,0.48336881311915275,-0.004030612244897959,0.4839111578930169,0.05,0.8206632653061224,0.48336881311915275,-0.004030612244897959,0.4839111578930169,0.05,0.0,0.0,scratch,student,200
31,0,0.55,0.98,0.87,0.87,4.535,4.485,4.385,0.30448615550994873,0.30448615550994873,1.016890525817871,0.565,0.11,0.43,0.345,0.0,0.8328061224489797,0.5253467569862547,0.008112244897959179,0.5278132524935063,0.05,0.8328061224489797,0.5253467569862547,0.008112244897959179,0.5278132524935063,0.05,0.0,0.0,scratch,student,200
32,0,0.575,0.98,0.88,0.88,4.1,4.485,4.445,0.2607262134552002,0.2607262134552002,1.0426924228668213,0.585,0.1,0.405,0.335,0.0,0.8247448979591836,0.4926090036721773,5.102040816326037e-05,0.497059212224558,0.05,0.8247448979591836,0.4926090036721773,5.102040816326037e-05,0.497059212224558,0.05,0.0,0.0,scratch,student,200
33,0,0.565,0.98,0.915,0.915,4.54,4.485,4.39,0.22395476698875427,0.22395476698875427,0.9502273797988892,0.58,0.07,0.415,0.355,0.0,0.8209693877551021,0.4711310164321723,-0.0037244897959183686,0.48820250274613497,0.05,0.8209693877551021,0.4711310164321723,-0.0037244897959183686,0.48820250274613497,0.05,0.0,0.0,scratch,student,200
34,0,0.575,0.98,0.88,0.88,4.105,4.485,4.25,0.289607971906662,0.289607971906662,1.018354058265686,0.585,0.105,0.405,0.33,0.0,0.825,0.5027190770699905,0.0003061224489795866,0.5040648553520441,0.05,0.825,0.5027190770699905,0.0003061224489795866,0.5040648553520441,0.05,0.0,0.0,scratch,student,200
35,0,0.585,0.98,0.91,0.91,4.11,4.485,4.44,0.1843021810054779,0.1843021810054779,1.007026195526123,0.59,0.075,0.395,0.34,0.0,0.814438775510204,0.4773726083321793,-0.010255102040816333,0.485302755353041,0.05,0.814438775510204,0.4773726083321793,-0.010255102040816333,0.485302755353041,0.05,0.0,0.0,scratch,student,200
36,0,0.57,0.98,0.885,0.885,4.15,4.485,4.17,0.2563666105270386,0.2563666105270386,1.0652525424957275,0.58,0.1,0.41,0.34,0.0,0.8278061224489796,0.5127554481782466,0.003112244897959183,0.5144231875613332,0.05,0.8278061224489796,0.5127554481782466,0.003112244897959183,0.5144231875613332,0.05,0.0,0.0,scratch,student,200
37,0,0.525,0.98,0.905,0.905,4.315,4.485,4.325,0.24939638376235962,0.24939638376235962,1.1714154481887817,0.535,0.08,0.455,0.385,0.0,0.817908163265306,0.47219262838934645,-0.006785714285714287,0.48581681214272976,0.05,0.817908163265306,0.47219262838934645,-0.006785714285714287,0.48581681214272976,0.05,0.0,0.0,scratch,student,200
38,0,0.57,0.98,0.9,0.9,4.585,4.485,4.355,0.28450220823287964,0.28450220823287964,0.9987134337425232,0.58,0.085,0.41,0.36,0.0,0.8233163265306124,0.49629507985984084,-0.0013775510204081648,0.5010293539427221,0.05,0.8233163265306124,0.49629507985984084,-0.0013775510204081648,0.5010293539427221,0.05,0.0,0.0,scratch,student,200
39,0,0.565,0.98,0.89,0.89,4.275,4.485,4.315,0.24677421152591705,0.24677421152591705,1.0530710220336914,0.57,0.095,0.415,0.355,0.0,0.8235714285714286,0.4885004634800341,-0.0011224489795918402,0.5008301872387528,0.05,0.8235714285714286,0.4885004634800341,-0.0011224489795918402,0.5008301872387528,0.05,0.0,0.0,scratch,student,200
40,0,0.605,0.98,0.89,0.89,4.3,4.485,4.28,0.22826099395751953,0.22826099395751953,1.0627861022949219,0.61,0.09,0.375,0.32,0.0,0.8202551020408163,0.48490717620880297,-0.004438775510204084,0.5005801505967975,0.05,0.8202551020408163,0.48490717620880297,-0.004438775510204084,0.5005801505967975,0.05,0.0,0.0,scratch,student,200
41,0,0.56,0.98,0.88,0.88,4.445,4.485,4.425,0.2987937331199646,0.2987937331199646,1.1084022521972656,0.57,0.1,0.42,0.345,0.0,0.8298979591836734,0.5222148104944138,0.005204081632653057,0.5366805139929056,0.05,0.8298979591836734,0.5222148104944138,0.005204081632653057,0.5366805139929056,0.05,0.0,0.0,scratch,student,200
42,0,0.545,0.98,0.915,0.915,4.12,4.485,4.52,0.20987850427627563,0.20987850427627563,1.1024751663208008,0.555,0.065,0.435,0.39,0.0,0.8185204081632653,0.4766198042353973,-0.006173469387755108,0.4907182615436614,0.05,0.8185204081632653,0.4766198042353973,-0.006173469387755108,0.4907182615436614,0.05,0.0,0.0,scratch,student,200
43,0,0.545,0.98,0.895,0.895,4.15,4.485,4.315,0.20623044669628143,0.20623044669628143,1.0708378553390503,0.555,0.09,0.435,0.365,0.0,0.8147448979591836,0.4649826355708604,-0.009948979591836736,0.4748159790225327,0.05,0.8147448979591836,0.4649826355708604,-0.009948979591836736,0.4748159790225327,0.05,0.0,0.0,scratch,student,200
44,0,0.545,0.98,0.88,0.88,4.275,4.485,4.435,0.25739067792892456,0.25739067792892456,1.2428581714630127,0.55,0.1,0.435,0.37,0.0,0.8200510204081632,0.48353700134404315,-0.004642857142857146,0.489974124263972,0.05,0.8200510204081632,0.48353700134404315,-0.004642857142857146,0.489974124263972,0.05,0.0,0.0,scratch,student,200
45,0,0.58,0.98,0.895,0.895,4.335,4.485,4.4,0.20656298100948334,0.20656298100948334,1.1250780820846558,0.59,0.09,0.4,0.33,0.0,0.8155102040816326,0.48286889809680883,-0.00918367346938776,0.4879738911613822,0.05,0.8155102040816326,0.48286889809680883,-0.00918367346938776,0.4879738911613822,0.05,0.0,0.0,scratch,student,200
46,0,0.575,0.98,0.9,0.9,4.44,4.485,4.39,0.22827529907226562,0.22827529907226562,1.1370834112167358,0.585,0.085,0.405,0.345,0.0,0.8222959183673468,0.4959860461307022,-0.0023979591836734704,0.5008402396808378,0.05,0.8222959183673468,0.4959860461307022,-0.0023979591836734704,0.5008402396808378,0.05,0.0,0.0,scratch,student,200
47,0,0.595,0.98,0.91,0.91,4.36,4.485,4.44,0.19779036939144135,0.19779036939144135,1.0484329462051392,0.605,0.075,0.385,0.34,0.0,0.8159183673469387,0.4824895049885857,-0.008775510204081637,0.4886457719653845,0.05,0.8159183673469387,0.4824895049885857,-0.008775510204081637,0.4886457719653845,0.05,0.0,0.0,scratch,student,200
48,0,0.575,0.98,0.905,0.905,4.635,4.485,4.38,0.2092587649822235,0.2092587649822235,1.113316535949707,0.59,0.075,0.405,0.345,0.0,0.8236224489795919,0.504336040331287,-0.001071428571428576,0.5020992447098251,0.05,0.8236224489795919,0.504336040331287,-0.001071428571428576,0.5020992447098251,0.05,0.0,0.0,scratch,student,200
49,0,0.58,0.98,0.905,0.905,4.38,4.485,4.41,0.17364268004894257,0.17364268004894257,1.0962027311325073,0.59,0.075,0.4,0.355,0.0,0.8139795918367346,0.485095837334531,-0.010714285714285716,0.48608532248064873,0.05,0.8139795918367346,0.485095837334531,-0.010714285714285716,0.48608532248064873,0.05,0.0,0.0,scratch,student,200
50,0,0.57,0.98,0.91,0.91,4.475,4.485,4.41,0.18574047088623047,0.18574047088623047,1.1178127527236938,0.585,0.07,0.41,0.36,0.0,0.8140306122448979,0.4569634258315652,-0.010663265306122448,0.4636167732696049,0.05,0.8140306122448979,0.4569634258315652,-0.010663265306122448,0.4636167732696049,0.05,0.0,0.0,scratch,student,200
51,0,0.57,0.98,0.925,0.925,4.22,4.485,4.315,0.20433080196380615,0.20433080196380615,1.1767292022705078,0.58,0.06,0.41,0.365,0.0,0.8113775510204081,0.4692376895439066,-0.01331632653061225,0.4765159963257611,0.05,0.8113775510204081,0.4692376895439066,-0.01331632653061225,0.4765159963257611,0.05,0.0,0.0,scratch,student,200
52,0,0.565,0.98,0.925,0.925,4.065,4.485,4.435,0.12691102921962738,0.12691102921962738,1.1914446353912354,0.57,0.055,0.415,0.38,0.0,0.8212755102040816,0.49470180826242555,-0.0034183673469387805,0.5016031010262668,0.05,0.8212755102040816,0.49470180826242555,-0.0034183673469387805,0.5016031010262668,0.05,0.0,0.0,scratch,student,200
53,0,0.575,0.98,0.92,0.92,4.255,4.485,4.36,0.16942092776298523,0.16942092776298523,1.143114447593689,0.585,0.06,0.405,0.37,0.0,0.8286224489795919,0.5179482606735395,0.003928571428571422,0.5266620760411024,0.05,0.8286224489795919,0.5179482606735395,0.003928571428571422,0.5266620760411024,0.05,0.0,0.0,scratch,student,200
54,0,0.555,0.98,0.925,0.925,4.215,4.485,4.295,0.15375594794750214,0.15375594794750214,1.1996948719024658,0.565,0.06,0.425,0.385,0.0,0.8245918367346938,0.500912152194667,-0.00010204081632653406,0.5056420287117362,0.05,0.8245918367346938,0.500912152194667,-0.00010204081632653406,0.5056420287117362,0.05,0.0,0.0,scratch,student,200
55,0,0.59,0.98,0.9,0.9,4.33,4.485,4.485,0.19239845871925354,0.19239845871925354,1.1493571996688843,0.6,0.08,0.39,0.33,0.0,0.8154081632653061,0.4881351614787229,-0.009285714285714291,0.48949153643101456,0.05,0.8154081632653061,0.4881351614787229,-0.009285714285714291,0.48949153643101456,0.05,0.0,0.0,scratch,student,200
56,0,0.585,0.98,0.915,0.915,4.2,4.485,4.325,0.22538629174232483,0.22538629174232483,1.1742726564407349,0.6,0.07,0.395,0.355,0.0,0.8198469387755103,0.48876450752968775,-0.004846938775510205,0.49555552065372466,0.05,0.8198469387755103,0.48876450752968775,-0.004846938775510205,0.49555552065372466,0.05,0.0,0.0,scratch,student,200
57,0,0.575,0.98,0.885,0.885,4.35,4.485,4.375,0.23986148834228516,0.23986148834228516,1.1865851879119873,0.59,0.1,0.405,0.34,0.0,0.8268877551020408,0.5248774101520217,0.0021938775510204067,0.5315755118988454,0.05,0.8268877551020408,0.5248774101520217,0.0021938775510204067,0.5315755118988454,0.05,0.0,0.0,scratch,student,200
58,0,0.59,0.98,0.91,0.91,4.59,4.485,4.3,0.21793092787265778,0.21793092787265778,1.1670424938201904,0.605,0.07,0.39,0.35,0.0,0.8185714285714286,0.49577734142360014,-0.006122448979591837,0.4977509394753724,0.05,0.8185714285714286,0.49577734142360014,-0.006122448979591837,0.4977509394753724,0.05,0.0,0.0,scratch,student,200
59,0,0.585,0.98,0.885,0.885,4.225,4.485,4.28,0.22208520770072937,0.22208520770072937,1.1396610736846924,0.6,0.095,0.395,0.33,0.0,0.822704081632653,0.4988173355350843,-0.0019897959183673456,0.5040818349644541,0.05,0.822704081632653,0.4988173355350843,-0.0019897959183673456,0.5040818349644541,0.05,0.0,0.0,scratch,student,200
60,0,0.555,0.98,0.91,0.91,4.525,4.485,4.385,0.18271072208881378,0.18271072208881378,1.2667995691299438,0.57,0.075,0.425,0.38,0.0,0.8249489795918368,0.5118913892953284,0.0002551020408163224,0.5068546916916966,0.05,0.8249489795918368,0.5118913892953284,0.0002551020408163224,0.5068546916916966,0.05,0.0,0.0,scratch,student,200
61,0,0.59,0.98,0.9,0.9,4.53,4.485,4.425,0.21742847561836243,0.21742847561836243,1.2171635627746582,0.595,0.08,0.39,0.335,0.0,0.8242857142857142,0.5120321312138923,-0.00040816326530612566,0.5167249946109951,0.05,0.8242857142857142,0.5120321312138923,-0.00040816326530612566,0.5167249946109951,0.05,0.0,0.0,scratch,student,200
62,0,0.575,0.98,0.92,0.92,4.325,4.485,4.44,0.18174625933170319,0.18174625933170319,1.169368028640747,0.585,0.065,0.405,0.35,0.0,0.8173469387755102,0.48616163999677,-0.007346938775510208,0.48601031763479113,0.05,0.8173469387755102,0.48616163999677,-0.007346938775510208,0.48601031763479113,0.05,0.0,0.0,scratch,student,200
63,0,0.595,0.98,0.935,0.935,4.64,4.485,4.36,0.16961145401000977,0.16961145401000977,1.1243197917938232,0.61,0.05,0.385,0.345,0.0,0.8147448979591837,0.4660180959759613,-0.009948979591836738,0.4761344511655625,0.05,0.8147448979591837,0.4660180959759613,-0.009948979591836738,0.4761344511655625,0.05,0.0,0.0,scratch,student,200
64,0,0.575,0.98,0.92,0.92,4.3,4.485,4.36,0.17712444067001343,0.17712444067001343,1.2188384532928467,0.585,0.065,0.405,0.355,0.0,0.817908163265306,0.4836939467916481,-0.006785714285714291,0.4930701813288033,0.05,0.817908163265306,0.4836939467916481,-0.006785714285714291,0.4930701813288033,0.05,0.0,0.0,scratch,student,200
65,0,0.555,0.98,0.905,0.905,4.225,4.485,4.315,0.1925307810306549,0.1925307810306549,1.2410759925842285,0.57,0.08,0.425,0.355,0.0,0.8164795918367347,0.4767406948861816,-0.008214285714285716,0.48457816686015576,0.05,0.8164795918367347,0.4767406948861816,-0.008214285714285716,0.48457816686015576,0.05,0.0,0.0,scratch,student,200
66,0,0.575,0.98,0.89,0.89,4.445,4.485,4.405,0.24887627363204956,0.24887627363204956,1.2255027294158936,0.59,0.09,0.405,0.35,0.0,0.8227551020408163,0.4959279894425054,-0.0019387755102040815,0.5069136453419923,0.05,0.8227551020408163,0.4959279894425054,-0.0019387755102040815,0.5069136453419923,0.05,0.0,0.0,scratch,student,200
67,0,0.565,0.98,0.905,0.905,4.33,4.485,4.4,0.20714540779590607,0.20714540779590607,1.1487067937850952,0.575,0.08,0.415,0.36,0.0,0.8166326530612245,0.47921850315201064,-0.008061224489795918,0.49027446542866526,0.05,0.8166326530612245,0.47921850315201064,-0.008061224489795918,0.49027446542866526,0.05,0.0,0.0,scratch,student,200
68,0,0.58,0.98,0.92,0.92,4.435,4.485,4.405,0.14949388802051544,0.14949388802051544,1.1852977275848389,0.59,0.06,0.4,0.35,0.0,0.8146428571428571,0.4737851612686234,-0.01005102040816327,0.4798313869722188,0.05,0.8146428571428571,0.4737851612686234,-0.01005102040816327,0.4798313869722188,0.05,0.0,0.0,scratch,student,200
69,0,0.585,0.98,0.93,0.93,4.3,4.485,4.33,0.16887453198432922,0.16887453198432922,1.2221648693084717,0.6,0.055,0.395,0.355,0.0,0.8189285714285716,0.4834807993393641,-0.005765306122448981,0.49143961195251906,0.05,0.8189285714285716,0.4834807993393641,-0.005765306122448981,0.49143961195251906,0.05,0.0,0.0,scratch,student,200
70,0,0.56,0.98,0.91,0.91,4.415,4.485,4.365,0.20169325172901154,0.20169325172901154,1.2196104526519775,0.57,0.07,0.42,0.37,0.0,0.8172448979591838,0.4820114525640448,-0.0074489795918367355,0.489989312220132,0.05,0.8172448979591838,0.4820114525640448,-0.0074489795918367355,0.489989312220132,0.05,0.0,0.0,scratch,student,200
71,0,0.605,0.98,0.91,0.91,4.405,4.485,4.305,0.18912696838378906,0.18912696838378906,1.1664438247680664,0.62,0.07,0.375,0.315,0.0,0.8184693877551021,0.48843964663381095,-0.0062244897959183735,0.4905045332852751,0.05,0.8184693877551021,0.48843964663381095,-0.0062244897959183735,0.4905045332852751,0.05,0.0,0.0,scratch,student,200
72,0,0.58,0.98,0.925,0.925,4.42,4.485,4.285,0.2000228464603424,0.2000228464603424,1.2177293300628662,0.595,0.06,0.4,0.35,0.0,0.8187755102040817,0.4933142461950354,-0.00591836734693878,0.4912483168859035,0.05,0.8187755102040817,0.4933142461950354,-0.00591836734693878,0.4912483168859035,0.05,0.0,0.0,scratch,student,200
73,0,0.575,0.98,0.905,0.905,4.415,4.485,4.415,0.21257701516151428,0.21257701516151428,1.2247962951660156,0.59,0.075,0.405,0.355,0.0,0.8187755102040817,0.48502281979080464,-0.005918367346938778,0.48885191296576525,0.05,0.8187755102040817,0.48502281979080464,-0.005918367346938778,0.48885191296576525,0.05,0.0,0.0,scratch,student,200
74,0,0.565,0.98,0.9,0.9,4.42,4.485,4.3,0.2224792093038559,0.2224792093038559,1.245930552482605,0.58,0.08,0.415,0.345,0.0,0.8206122448979591,0.4915764529100952,-0.004081632653061229,0.49423595320782626,0.05,0.8206122448979591,0.4915764529100952,-0.004081632653061229,0.49423595320782626,0.05,0.0,0.0,scratch,student,200
75,0,0.585,0.98,0.9,0.9,4.445,4.485,4.275,0.25428929924964905,0.25428929924964905,1.1145923137664795,0.6,0.08,0.395,0.34,0.0,0.8230612244897959,0.4975806249296574,-0.0016326530612244883,0.5003912884776947,0.05,0.8230612244897959,0.4975806249296574,-0.0016326530612244883,0.5003912884776947,0.05,0.0,0.0,scratch,student,200
76,0,0.58,0.98,0.915,0.915,4.345,4.485,4.3,0.2169753909111023,0.2169753909111023,1.1623296737670898,0.595,0.065,0.4,0.345,0.0,0.8221428571428572,0.49415083129624854,-0.0025510204081632716,0.49926157055422665,0.05,0.8221428571428572,0.49415083129624854,-0.0025510204081632716,0.49926157055422665,0.05,0.0,0.0,scratch,student,200
77,0,0.56,0.98,0.91,0.91,4.495,4.485,4.33,0.2576568126678467,0.2576568126678467,1.1891990900039673,0.575,0.07,0.42,0.37,0.0,0.8201530612244897,0.4850297164030374,-0.004540816326530613,0.4932442274910864,0.05,0.8201530612244897,0.4850297164030374,-0.004540816326530613,0.4932442274910864,0.05,0.0,0.0,scratch,student,200
78,0,0.555,0.98,0.925,0.925,4.34,4.485,4.265,0.19140422344207764,0.19140422344207764,1.261757493019104,0.57,0.055,0.425,0.375,0.0,0.8207142857142857,0.48679951902110175,-0.003979591836734695,0.4904702338238712,0.05,0.8207142857142857,0.48679951902110175,-0.003979591836734695,0.4904702338238712,0.05,0.0,0.0,scratch,student,200
79,0,0.56,0.98,0.92,0.92,4.375,4.485,4.355,0.21415205299854279,0.21415205299854279,1.2643280029296875,0.57,0.06,0.42,0.375,0.0,0.8194897959183673,0.4843952416717292,-0.00520408163265306,0.4898046005459037,0.05,0.8194897959183673,0.4843952416717292,-0.00520408163265306,0.4898046005459037,0.05,0.0,0.0,scratch,student,200
80,0,0.58,0.98,0.915,0.915,4.52,4.485,4.25,0.22746047377586365,0.22746047377586365,1.2244861125946045,0.59,0.065,0.4,0.35,0.0,0.8199489795918368,0.4895862347792989,-0.004744897959183675,0.4899769361631479,0.05,0.8199489795918368,0.4895862347792989,-0.004744897959183675,0.4899769361631479,0.05,0.0,0.0,scratch,student,200
81,0,0.55,0.98,0.915,0.915,4.24,4.485,4.37,0.20665813982486725,0.20665813982486725,1.263604760169983,0.56,0.065,0.43,0.385,0.0,0.8192346938775511,0.49251252434320214,-0.00545918367346939,0.49484651026665233,0.05,0.8192346938775511,0.49251252434320214,-0.00545918367346939,0.49484651026665233,0.05,0.0,0.0,scratch,student,200
82,0,0.565,0.98,0.91,0.91,4.465,4.485,4.34,0.23530369997024536,0.23530369997024536,1.231711983680725,0.58,0.075,0.415,0.365,0.0,0.8179591836734694,0.4879607752835893,-0.006734693877551023,0.4888666285702493,0.05,0.8179591836734694,0.4879607752835893,-0.006734693877551023,0.4888666285702493,0.05,0.0,0.0,scratch,student,200
83,0,0.57,0.98,0.91,0.91,4.44,4.485,4.385,0.19832167029380798,0.19832167029380798,1.2283779382705688,0.585,0.07,0.41,0.355,0.0,0.8210204081632654,0.49032893341829553,-0.003673469387755105,0.4943374511692673,0.05,0.8210204081632654,0.49032893341829553,-0.003673469387755105,0.4943374511692673,0.05,0.0,0.0,scratch,student,200
84,0,0.58,0.98,0.91,0.91,4.425,4.485,4.4,0.19900956749916077,0.19900956749916077,1.2379662990570068,0.595,0.07,0.4,0.345,0.0,0.8219897959183673,0.4972383236917464,-0.0027040816326530655,0.49910213847644624,0.05,0.8219897959183673,0.4972383236917464,-0.0027040816326530655,0.49910213847644624,0.05,0.0,0.0,scratch,student,200
85,0,0.585,0.98,0.895,0.895,4.54,4.485,4.35,0.24385055899620056,0.24385055899620056,1.1812584400177002,0.6,0.085,0.395,0.335,0.0,0.8208673469387755,0.4898758619086768,-0.0038265306122449018,0.493950590826571,0.05,0.8208673469387755,0.4898758619086768,-0.0038265306122449018,0.493950590826571,0.05,0.0,0.0,scratch,student,200
86,0,0.585,0.98,0.905,0.905,4.345,4.485,4.33,0.21573413908481598,0.21573413908481598,1.2245429754257202,0.595,0.075,0.395,0.335,0.0,0.8188265306122449,0.48775324225315325,-0.005867346938775512,0.4886108765564859,0.05,0.8188265306122449,0.48775324225315325,-0.005867346938775512,0.4886108765564859,0.05,0.0,0.0,scratch,student,200
87,0,0.59,0.98,0.895,0.895,4.44,4.485,4.375,0.22944122552871704,0.22944122552871704,1.199239730834961,0.605,0.085,0.39,0.335,0.0,0.8203061224489797,0.4882990589091201,-0.004387755102040818,0.49182296492159366,0.05,0.8203061224489797,0.4882990589091201,-0.004387755102040818,0.49182296492159366,0.05,0.0,0.0,scratch,student,200
88,0,0.565,0.98,0.905,0.905,4.37,4.485,4.325,0.22619976103305817,0.22619976103305817,1.212204098701477,0.575,0.075,0.415,0.355,0.0,0.8192346938775511,0.48789443670341803,-0.005459183673469387,0.4909330457018223,0.05,0.8192346938775511,0.48789443670341803,-0.005459183673469387,0.4909330457018223,0.05,0.0,0.0,scratch,student,200
89,0,0.575,0.98,0.9,0.9,4.355,4.485,4.34,0.23080146312713623,0.23080146312713623,1.1994949579238892,0.59,0.08,0.405,0.345,0.0,0.8211734693877552,0.4904607090207023,-0.003520408163265311,0.4949651321675628,0.05,0.8211734693877552,0.4904607090207023,-0.003520408163265311,0.4949651321675628,0.05,0.0,0.0,scratch,student,200
90,0,0.575,0.98,0.9,0.9,4.4,4.485,4.37,0.21445922553539276,0.21445922553539276,1.2203168869018555,0.59,0.08,0.405,0.35,0.0,0.8205102040816326,0.48906236028572025,-0.004183673469387757,0.4941463728155941,0.05,0.8205102040816326,0.48906236028572025,-0.004183673469387757,0.4941463728155941,0.05,0.0,0.0,scratch,student,200
91,0,0.575,0.98,0.9,0.9,4.445,4.485,4.37,0.22217592597007751,0.22217592597007751,1.2304267883300781,0.585,0.08,0.405,0.35,0.0,0.8197448979591837,0.4884342748913425,-0.004948979591836737,0.4938307288382202,0.05,0.8197448979591837,0.4884342748913425,-0.004948979591836737,0.4938307288382202,0.05,0.0,0.0,scratch,student,200
92,0,0.58,0.98,0.905,0.905,4.435,4.485,4.345,0.20345965027809143,0.20345965027809143,1.2345470190048218,0.59,0.075,0.4,0.345,0.0,0.819795918367347,0.485164286791816,-0.004897959183673468,0.49179591516032817,0.05,0.819795918367347,0.485164286791816,-0.004897959183673468,0.49179591516032817,0.05,0.0,0.0,scratch,student,200
93,0,0.575,0.98,0.915,0.915,4.465,4.485,4.4,0.20168045163154602,0.20168045163154602,1.224571943283081,0.59,0.065,0.405,0.355,0.0,0.8204591836734694,0.49057668460703435,-0.004234693877551022,0.4948359147401061,0.05,0.8204591836734694,0.49057668460703435,-0.004234693877551022,0.4948359147401061,0.05,0.0,0.0,scratch,student,200
94,0,0.58,0.98,0.91,0.91,4.425,4.485,4.325,0.21541018784046173,0.21541018784046173,1.2210050821304321,0.59,0.07,0.4,0.35,0.0,0.8207142857142855,0.49046376870292147,-0.003979591836734695,0.49560266542597675,0.05,0.8207142857142855,0.49046376870292147,-0.003979591836734695,0.49560266542597675,0.05,0.0,0.0,scratch,student,200
95,0,0.58,0.98,0.91,0.91,4.37,4.485,4.325,0.2073921263217926,0.2073921263217926,1.2203114032745361,0.59,0.07,0.4,0.345,0.0,0.8197448979591837,0.48406326857539933,-0.004948979591836735,0.49118910263641735,0.05,0.8197448979591837,0.48406326857539933,-0.004948979591836735,0.49118910263641735,0.05,0.0,0.0,scratch,student,200
96,0,0.585,0.98,0.905,0.905,4.365,4.485,4.34,0.20219749212265015,0.20219749212265015,1.225712776184082,0.595,0.075,0.395,0.335,0.0,0.8191836734693878,0.48316095222256705,-0.005510204081632655,0.48987691502436065,0.05,0.8191836734693878,0.48316095222256705,-0.005510204081632655,0.48987691502436065,0.05,0.0,0.0,scratch,student,200
97,0,0.59,0.98,0.905,0.905,4.405,4.485,4.285,0.20799052715301514,0.20799052715301514,1.2245866060256958,0.6,0.075,0.39,0.33,0.0,0.8191326530612244,0.4830300120188373,-0.005561224489795919,0.48983015860780144,0.05,0.8191326530612244,0.4830300120188373,-0.005561224489795919,0.48983015860780144,0.05,0.0,0.0,scratch,student,200
98,0,0.585,0.98,0.905,0.905,4.395,4.485,4.285,0.20845653116703033,0.20845653116703033,1.2223501205444336,0.595,0.075,0.395,0.34,0.0,0.8190306122448979,0.48279292732558743,-0.005663265306122449,0.48968317653401755,0.05,0.8190306122448979,0.48279292732558743,-0.005663265306122449,0.48968317653401755,0.05,0.0,0.0,scratch,student,200
99,0,0.585,0.98,0.905,0.905,4.35,4.485,4.285,0.21272695064544678,0.21272695064544678,1.2221543788909912,0.595,0.075,0.395,0.335,0.0,0.8189795918367347,0.4826480406583562,-0.005714285714285714,0.4899305641592946,0.05,0.8189795918367347,0.4826480406583562,-0.005714285714285714,0.4899305641592946,0.05,0.0,0.0,scratch,student,200
100,0,0.585,0.98,0.905,0.905,4.395,4.485,4.285,0.2129812240600586,0.2129812240600586,1.2222284078598022,0.595,0.075,0.395,0.34,0.0,0.8190816326530611,0.4831366734879809,-0.005612244897959184,0.49039089887752196,0.05,0.8190816326530611,0.4831366734879809,-0.005612244897959184,0.49039089887752196,0.05,0.0,0.0,scratch,student,200
