seed,initialization,method,epoch,mask,repeat,teacher_accuracy,teacher_full_accuracy,kl,full_correct_to_wrong,background_ratio,foreground_missing,swaps
0,imagenet,ce,0,student,0,0.965,0.98,0.049423896,0.015,0.7058673469387755,0.08231790489358617,0.0
0,imagenet,ce,0,student,1,0.965,0.98,0.049423896,0.015,0.7058673469387755,0.08231790489358617,0.0
0,imagenet,ce,0,student,2,0.965,0.98,0.049423896,0.015,0.7058673469387755,0.08231790489358617,0.0
0,imagenet,ce,0,student,3,0.965,0.98,0.049423896,0.015,0.7058673469387755,0.08231790489358617,0.0
0,imagenet,ce,0,student,4,0.965,0.98,0.049423896,0.015,0.7058673469387755,0.08231790489358617,0.0
0,imagenet,ce,0,random,0,0.95,0.98,0.07085513,0.03,0.8246938775510205,0.48994748795493875,0.0
0,imagenet,ce,0,random,1,0.965,0.98,0.06002661,0.02,0.8235204081632653,0.4946262972715817,0.0
0,imagenet,ce,0,random,2,0.945,0.98,0.086035594,0.035,0.8219387755102041,0.47777470733476307,0.0
0,imagenet,ce,0,random,3,0.93,0.98,0.11281219,0.05,0.822857142857143,0.4756299304983063,0.0
0,imagenet,ce,0,random,4,0.945,0.98,0.12285635,0.04,0.8268877551020407,0.5175266882325791,0.0
0,imagenet,ce,0,random_rescue_10,0,0.955,0.98,0.07673554,0.03,0.729234693877551,0.1679639018459042,10.0
0,imagenet,ce,0,random_rescue_10,1,0.96,0.98,0.05731293,0.02,0.7321428571428572,0.17112982691976839,10.0
0,imagenet,ce,0,random_rescue_10,2,0.955,0.98,0.07880971,0.025,0.7311224489795919,0.17162426857917626,10.0
0,imagenet,ce,0,random_rescue_10,3,0.955,0.98,0.0690822,0.025,0.7294897959183675,0.17406355448185729,10.0
0,imagenet,ce,0,random_rescue_10,4,0.94,0.98,0.09882484,0.04,0.7296428571428573,0.15813417548845027,10.0
0,imagenet,ce,0,foreground_rescue_10,0,0.96,0.98,0.052042674,0.02,0.677295918367347,0.025096868132710646,2.8
0,imagenet,ce,0,foreground_rescue_10,1,0.96,0.98,0.061706647,0.02,0.677295918367347,0.025096868132710646,2.8
0,imagenet,ce,0,foreground_rescue_10,2,0.96,0.98,0.057614543,0.02,0.677295918367347,0.025096868132710646,2.8
0,imagenet,ce,0,foreground_rescue_10,3,0.96,0.98,0.062874764,0.02,0.677295918367347,0.025096868132710646,2.8
0,imagenet,ce,0,foreground_rescue_10,4,0.96,0.98,0.063759096,0.02,0.677295918367347,0.025096868132710646,2.8
0,imagenet,ce,0,low_score_rescue_10,0,0.95,0.98,0.07409613,0.03,0.7128571428571427,0.09592084560465473,10.0
0,imagenet,ce,0,low_score_rescue_10,1,0.96,0.98,0.048454687,0.02,0.7136734693877551,0.09635290260200267,10.0
0,imagenet,ce,0,low_score_rescue_10,2,0.95,0.98,0.061150827,0.03,0.7132142857142857,0.09623877203175696,10.0
0,imagenet,ce,0,low_score_rescue_10,3,0.955,0.98,0.07511786,0.025,0.7127551020408163,0.09565284000194518,10.0
0,imagenet,ce,0,low_score_rescue_10,4,0.955,0.98,0.06678594,0.025,0.7127551020408163,0.09502717675311124,10.0
0,imagenet,ce,0,random_matched,0,0.96,0.98,0.05148281,0.02,0.7163775510204081,0.09909034654213109,2.8
0,imagenet,ce,0,random_matched,1,0.965,0.98,0.051132623,0.015,0.7163775510204081,0.10026353536070877,2.8
0,imagenet,ce,0,random_matched,2,0.95,0.98,0.06500979,0.03,0.7168877551020408,0.10060035762440128,2.8
0,imagenet,ce,0,random_matched,3,0.96,0.98,0.05155242,0.02,0.7167346938775511,0.10205323439281039,2.8
0,imagenet,ce,0,random_matched,4,0.955,0.98,0.055842362,0.025,0.7166836734693877,0.09952487927668469,2.8
0,imagenet,ce,10,student,0,0.955,0.98,0.08192318,0.03,0.705408163265306,0.08468321116681247,0.0
0,imagenet,ce,10,student,1,0.955,0.98,0.08192318,0.03,0.705408163265306,0.08468321116681247,0.0
0,imagenet,ce,10,student,2,0.955,0.98,0.08192318,0.03,0.705408163265306,0.08468321116681247,0.0
0,imagenet,ce,10,student,3,0.955,0.98,0.08192318,0.03,0.705408163265306,0.08468321116681247,0.0
0,imagenet,ce,10,student,4,0.955,0.98,0.08192318,0.03,0.705408163265306,0.08468321116681247,0.0
0,imagenet,ce,10,random,0,0.95,0.98,0.07085513,0.03,0.8246938775510205,0.48994748795493875,0.0
0,imagenet,ce,10,random,1,0.965,0.98,0.06002661,0.02,0.8235204081632653,0.4946262972715817,0.0
0,imagenet,ce,10,random,2,0.945,0.98,0.086035594,0.035,0.8219387755102041,0.47777470733476307,0.0
0,imagenet,ce,10,random,3,0.93,0.98,0.11281219,0.05,0.822857142857143,0.4756299304983063,0.0
0,imagenet,ce,10,random,4,0.945,0.98,0.12285635,0.04,0.8268877551020407,0.5175266882325791,0.0
0,imagenet,ce,10,random_rescue_10,0,0.95,0.98,0.080035515,0.03,0.7301530612244899,0.17884401771669262,10.0
0,imagenet,ce,10,random_rescue_10,1,0.95,0.98,0.091343194,0.035,0.7306632653061225,0.17200635331613057,10.0
0,imagenet,ce,10,random_rescue_10,2,0.955,0.98,0.067005046,0.03,0.7298469387755102,0.16243118625368733,10.0
0,imagenet,ce,10,random_rescue_10,3,0.97,0.98,0.04513753,0.01,0.7308673469387754,0.18090810323842754,10.0
0,imagenet,ce,10,random_rescue_10,4,0.94,0.98,0.08403427,0.04,0.7306632653061226,0.16443499450058174,10.0
0,imagenet,ce,10,foreground_rescue_10,0,0.96,0.98,0.07563601,0.025,0.6773469387755102,0.025857943921759784,2.75
0,imagenet,ce,10,foreground_rescue_10,1,0.965,0.98,0.060224973,0.02,0.6773469387755102,0.025857943921759784,2.75
0,imagenet,ce,10,foreground_rescue_10,2,0.96,0.98,0.079751655,0.025,0.6773469387755102,0.025857943921759784,2.75
0,imagenet,ce,10,foreground_rescue_10,3,0.955,0.98,0.0802584,0.03,0.6773469387755102,0.025857943921759784,2.75
0,imagenet,ce,10,foreground_rescue_10,4,0.955,0.98,0.06608632,0.03,0.6773469387755102,0.025857943921759784,2.75
0,imagenet,ce,10,low_score_rescue_10,0,0.945,0.98,0.09068374,0.04,0.7117857142857141,0.0974540645249796,10.0
0,imagenet,ce,10,low_score_rescue_10,1,0.945,0.98,0.09724228,0.04,0.712295918367347,0.09831514471709431,10.0
0,imagenet,ce,10,low_score_rescue_10,2,0.95,0.98,0.091100976,0.035,0.7116326530612246,0.09825617758891132,10.0
0,imagenet,ce,10,low_score_rescue_10,3,0.945,0.98,0.09269806,0.035,0.7117857142857144,0.09827458932631793,10.0
0,imagenet,ce,10,low_score_rescue_10,4,0.95,0.98,0.09794483,0.035,0.7108163265306122,0.0968480418781382,10.0
0,imagenet,ce,10,random_matched,0,0.96,0.98,0.07005597,0.025,0.715408163265306,0.10075986092372732,2.75
0,imagenet,ce,10,random_matched,1,0.955,0.98,0.07844166,0.03,0.7155612244897958,0.10177737484600581,2.75
0,imagenet,ce,10,random_matched,2,0.96,0.98,0.065801054,0.025,0.714795918367347,0.09979579905380341,2.75
0,imagenet,ce,10,random_matched,3,0.955,0.98,0.08546059,0.03,0.7156122448979592,0.10246383892224988,2.75
0,imagenet,ce,10,random_matched,4,0.955,0.98,0.083657056,0.03,0.7146428571428572,0.09937446950486858,2.75
0,imagenet,ce,25,student,0,0.945,0.98,0.08596955,0.035,0.7075510204081632,0.0908596502513223,0.0
0,imagenet,ce,25,student,1,0.945,0.98,0.08596955,0.035,0.7075510204081632,0.0908596502513223,0.0
0,imagenet,ce,25,student,2,0.945,0.98,0.08596955,0.035,0.7075510204081632,0.0908596502513223,0.0
0,imagenet,ce,25,student,3,0.945,0.98,0.08596955,0.035,0.7075510204081632,0.0908596502513223,0.0
0,imagenet,ce,25,student,4,0.945,0.98,0.08596955,0.035,0.7075510204081632,0.0908596502513223,0.0
0,imagenet,ce,25,random,0,0.95,0.98,0.07085513,0.03,0.8246938775510205,0.48994748795493875,0.0
0,imagenet,ce,25,random,1,0.965,0.98,0.06002661,0.02,0.8235204081632653,0.4946262972715817,0.0
0,imagenet,ce,25,random,2,0.945,0.98,0.086035594,0.035,0.8219387755102041,0.47777470733476307,0.0
0,imagenet,ce,25,random,3,0.93,0.98,0.11281219,0.05,0.822857142857143,0.4756299304983063,0.0
0,imagenet,ce,25,random,4,0.945,0.98,0.12285635,0.04,0.8268877551020407,0.5175266882325791,0.0
0,imagenet,ce,25,random_rescue_10,0,0.955,0.98,0.090954244,0.025,0.7308673469387754,0.18001297884163736,10.0
0,imagenet,ce,25,random_rescue_10,1,0.945,0.98,0.09554368,0.035,0.7325510204081632,0.1698949971384164,10.0
0,imagenet,ce,25,random_rescue_10,2,0.96,0.98,0.07305028,0.025,0.7332142857142857,0.16923068529443794,10.0
0,imagenet,ce,25,random_rescue_10,3,0.955,0.98,0.068748906,0.03,0.7307653061224488,0.16511223458702884,10.0
0,imagenet,ce,25,random_rescue_10,4,0.93,0.98,0.12560782,0.05,0.7313265306122448,0.17301057175081053,10.0
0,imagenet,ce,25,foreground_rescue_10,0,0.945,0.98,0.08905892,0.035,0.6778061224489795,0.02683701320207757,2.915
0,imagenet,ce,25,foreground_rescue_10,1,0.945,0.98,0.08827307,0.035,0.6778061224489795,0.02683701320207757,2.915
0,imagenet,ce,25,foreground_rescue_10,2,0.945,0.98,0.08440569,0.035,0.6778061224489795,0.02683701320207757,2.915
0,imagenet,ce,25,foreground_rescue_10,3,0.945,0.98,0.08302827,0.035,0.6778061224489795,0.02683701320207757,2.915
0,imagenet,ce,25,foreground_rescue_10,4,0.945,0.98,0.072976544,0.035,0.6778061224489795,0.02683701320207757,2.915
0,imagenet,ce,25,low_score_rescue_10,0,0.945,0.98,0.09042313,0.035,0.715204081632653,0.10459234495558105,10.0
0,imagenet,ce,25,low_score_rescue_10,1,0.94,0.98,0.09425967,0.04,0.7151020408163266,0.10468311373087948,10.0
0,imagenet,ce,25,low_score_rescue_10,2,0.95,0.98,0.08343708,0.03,0.7147448979591837,0.10432606651751018,10.0
0,imagenet,ce,25,low_score_rescue_10,3,0.945,0.98,0.08381445,0.035,0.7142857142857143,0.103872256142854,10.0
0,imagenet,ce,25,low_score_rescue_10,4,0.95,0.98,0.088529915,0.03,0.7156122448979592,0.10550363597218021,10.0
0,imagenet,ce,25,random_matched,0,0.95,0.98,0.084371895,0.03,0.7180102040816326,0.10826040474668772,2.915
0,imagenet,ce,25,random_matched,1,0.95,0.98,0.08746748,0.03,0.717295918367347,0.10735331361846472,2.915
0,imagenet,ce,25,random_matched,2,0.945,0.98,0.08908959,0.035,0.717704081632653,0.10758096064196854,2.915
0,imagenet,ce,25,random_matched,3,0.945,0.98,0.08641607,0.035,0.7181122448979592,0.10839830865685579,2.915
0,imagenet,ce,25,random_matched,4,0.95,0.98,0.08055636,0.03,0.716734693877551,0.10723748949580111,2.915
0,imagenet,ce,50,student,0,0.94,0.98,0.09596333,0.045,0.7120408163265307,0.09597790557025924,0.0
0,imagenet,ce,50,student,1,0.94,0.98,0.09596333,0.045,0.7120408163265307,0.09597790557025924,0.0
0,imagenet,ce,50,student,2,0.94,0.98,0.09596333,0.045,0.7120408163265307,0.09597790557025924,0.0
0,imagenet,ce,50,student,3,0.94,0.98,0.09596333,0.045,0.7120408163265307,0.09597790557025924,0.0
0,imagenet,ce,50,student,4,0.94,0.98,0.09596333,0.045,0.7120408163265307,0.09597790557025924,0.0
0,imagenet,ce,50,random,0,0.95,0.98,0.07085513,0.03,0.8246938775510205,0.48994748795493875,0.0
0,imagenet,ce,50,random,1,0.965,0.98,0.06002661,0.02,0.8235204081632653,0.4946262972715817,0.0
0,imagenet,ce,50,random,2,0.945,0.98,0.086035594,0.035,0.8219387755102041,0.47777470733476307,0.0
0,imagenet,ce,50,random,3,0.93,0.98,0.11281219,0.05,0.822857142857143,0.4756299304983063,0.0
0,imagenet,ce,50,random,4,0.945,0.98,0.12285635,0.04,0.8268877551020407,0.5175266882325791,0.0
0,imagenet,ce,50,random_rescue_10,0,0.935,0.98,0.13180052,0.05,0.7346428571428573,0.17656054598552784,10.0
0,imagenet,ce,50,random_rescue_10,1,0.945,0.98,0.09746995,0.04,0.7361734693877551,0.18285807944377155,10.0
0,imagenet,ce,50,random_rescue_10,2,0.94,0.98,0.09107059,0.045,0.7346428571428573,0.16899768172312776,10.0
0,imagenet,ce,50,random_rescue_10,3,0.955,0.98,0.068747684,0.03,0.7344387755102041,0.16866423306818762,10.0
0,imagenet,ce,50,random_rescue_10,4,0.96,0.98,0.06976136,0.025,0.7346428571428573,0.17678611684951417,10.0
0,imagenet,ce,50,foreground_rescue_10,0,0.945,0.98,0.07789998,0.04,0.6812244897959183,0.03180385009051731,3.02
0,imagenet,ce,50,foreground_rescue_10,1,0.945,0.98,0.07380982,0.04,0.6812244897959183,0.03180385009051731,3.02
0,imagenet,ce,50,foreground_rescue_10,2,0.945,0.98,0.076636255,0.04,0.6812244897959183,0.03180385009051731,3.02
0,imagenet,ce,50,foreground_rescue_10,3,0.95,0.98,0.078533076,0.035,0.6812244897959183,0.03180385009051731,3.02
0,imagenet,ce,50,foreground_rescue_10,4,0.945,0.98,0.08134579,0.04,0.6812244897959183,0.03180385009051731,3.02
0,imagenet,ce,50,low_score_rescue_10,0,0.94,0.98,0.09455076,0.045,0.7202551020408162,0.11262470600811232,10.0
0,imagenet,ce,50,low_score_rescue_10,1,0.945,0.98,0.100469485,0.04,0.7198469387755102,0.11226392953027085,10.0
0,imagenet,ce,50,low_score_rescue_10,2,0.94,0.98,0.09117771,0.045,0.7199489795918368,0.11225163958377762,10.0
0,imagenet,ce,50,low_score_rescue_10,3,0.94,0.98,0.10388045,0.045,0.7201020408163266,0.11183294390985063,10.0
0,imagenet,ce,50,low_score_rescue_10,4,0.935,0.98,0.101907656,0.05,0.7201020408163266,0.11283579724990038,10.0
0,imagenet,ce,50,random_matched,0,0.945,0.98,0.08982866,0.04,0.7222448979591838,0.11297080668589742,3.02
0,imagenet,ce,50,random_matched,1,0.95,0.98,0.07329752,0.035,0.7214285714285714,0.11188649867977005,3.02
0,imagenet,ce,50,random_matched,2,0.94,0.98,0.08804477,0.045,0.7226530612244898,0.11508259575451626,3.02
0,imagenet,ce,50,random_matched,3,0.94,0.98,0.09677906,0.045,0.7220918367346938,0.11474696633367044,3.02
0,imagenet,ce,50,random_matched,4,0.95,0.98,0.07415956,0.035,0.7204591836734693,0.11038384544481364,3.02
0,imagenet,ce,75,student,0,0.955,0.98,0.081569865,0.035,0.7114795918367346,0.0949351062880036,0.0
0,imagenet,ce,75,student,1,0.955,0.98,0.081569865,0.035,0.7114795918367346,0.0949351062880036,0.0
0,imagenet,ce,75,student,2,0.955,0.98,0.081569865,0.035,0.7114795918367346,0.0949351062880036,0.0
0,imagenet,ce,75,student,3,0.955,0.98,0.081569865,0.035,0.7114795918367346,0.0949351062880036,0.0
0,imagenet,ce,75,student,4,0.955,0.98,0.081569865,0.035,0.7114795918367346,0.0949351062880036,0.0
0,imagenet,ce,75,random,0,0.95,0.98,0.07085513,0.03,0.8246938775510205,0.48994748795493875,0.0
0,imagenet,ce,75,random,1,0.965,0.98,0.06002661,0.02,0.8235204081632653,0.4946262972715817,0.0
0,imagenet,ce,75,random,2,0.945,0.98,0.086035594,0.035,0.8219387755102041,0.47777470733476307,0.0
0,imagenet,ce,75,random,3,0.93,0.98,0.11281219,0.05,0.822857142857143,0.4756299304983063,0.0
0,imagenet,ce,75,random,4,0.945,0.98,0.12285635,0.04,0.8268877551020407,0.5175266882325791,0.0
0,imagenet,ce,75,random_rescue_10,0,0.945,0.98,0.08477606,0.035,0.7338775510204081,0.18572402015569503,10.0
0,imagenet,ce,75,random_rescue_10,1,0.945,0.98,0.091369726,0.04,0.7348979591836735,0.17727589332839094,10.0
0,imagenet,ce,75,random_rescue_10,2,0.94,0.98,0.09374781,0.045,0.7342346938775509,0.17213671003691663,10.0
0,imagenet,ce,75,random_rescue_10,3,0.965,0.98,0.07060876,0.025,0.7362244897959184,0.1864691810099975,10.0
0,imagenet,ce,75,random_rescue_10,4,0.965,0.98,0.045856338,0.02,0.7330612244897959,0.1663363488934387,10.0
0,imagenet,ce,75,foreground_rescue_10,0,0.95,0.98,0.065143965,0.035,0.6804591836734692,0.030429515777909442,3.04
0,imagenet,ce,75,foreground_rescue_10,1,0.95,0.98,0.07175331,0.035,0.6804591836734692,0.030429515777909442,3.04
0,imagenet,ce,75,foreground_rescue_10,2,0.95,0.98,0.06680325,0.035,0.6804591836734692,0.030429515777909442,3.04
0,imagenet,ce,75,foreground_rescue_10,3,0.955,0.98,0.05646758,0.03,0.6804591836734692,0.030429515777909442,3.04
0,imagenet,ce,75,foreground_rescue_10,4,0.955,0.98,0.054647584,0.03,0.6804591836734692,0.030429515777909442,3.04
0,imagenet,ce,75,low_score_rescue_10,0,0.95,0.98,0.09849769,0.035,0.7198979591836735,0.1121081939902493,10.0
0,imagenet,ce,75,low_score_rescue_10,1,0.96,0.98,0.10556466,0.03,0.7197448979591837,0.11143006933340811,10.0
0,imagenet,ce,75,low_score_rescue_10,2,0.955,0.98,0.094361074,0.035,0.7195408163265307,0.11256894070720251,10.0
0,imagenet,ce,75,low_score_rescue_10,3,0.95,0.98,0.083272286,0.04,0.719030612244898,0.11065166995862276,10.0
0,imagenet,ce,75,low_score_rescue_10,4,0.945,0.98,0.10458695,0.04,0.720204081632653,0.1130425551255643,10.0
0,imagenet,ce,75,random_matched,0,0.955,0.98,0.071928754,0.035,0.7224489795918367,0.11320082321275521,3.04
0,imagenet,ce,75,random_matched,1,0.96,0.98,0.075359456,0.03,0.7219387755102042,0.11281714662927675,3.04
0,imagenet,ce,75,random_matched,2,0.955,0.98,0.08134659,0.035,0.7209693877551021,0.11074947483789475,3.04
0,imagenet,ce,75,random_matched,3,0.96,0.98,0.08676107,0.03,0.7217857142857143,0.11382727951895018,3.04
0,imagenet,ce,75,random_matched,4,0.965,0.98,0.05689777,0.025,0.7208163265306122,0.1112668030554324,3.04
0,imagenet,ce,100,student,0,0.955,0.98,0.08717087,0.03,0.7115816326530612,0.09465999335880841,0.0
0,imagenet,ce,100,student,1,0.955,0.98,0.08717087,0.03,0.7115816326530612,0.09465999335880841,0.0
0,imagenet,ce,100,student,2,0.955,0.98,0.08717087,0.03,0.7115816326530612,0.09465999335880841,0.0
0,imagenet,ce,100,student,3,0.955,0.98,0.08717087,0.03,0.7115816326530612,0.09465999335880841,0.0
0,imagenet,ce,100,student,4,0.955,0.98,0.08717087,0.03,0.7115816326530612,0.09465999335880841,0.0
0,imagenet,ce,100,random,0,0.95,0.98,0.07085513,0.03,0.8246938775510205,0.48994748795493875,0.0
0,imagenet,ce,100,random,1,0.965,0.98,0.06002661,0.02,0.8235204081632653,0.4946262972715817,0.0
0,imagenet,ce,100,random,2,0.945,0.98,0.086035594,0.035,0.8219387755102041,0.47777470733476307,0.0
0,imagenet,ce,100,random,3,0.93,0.98,0.11281219,0.05,0.822857142857143,0.4756299304983063,0.0
0,imagenet,ce,100,random,4,0.945,0.98,0.12285635,0.04,0.8268877551020407,0.5175266882325791,0.0
0,imagenet,ce,100,random_rescue_10,0,0.955,0.98,0.10446842,0.035,0.7367346938775509,0.19600134387399684,10.0
0,imagenet,ce,100,random_rescue_10,1,0.94,0.98,0.09357442,0.045,0.7348979591836735,0.17841677756805072,10.0
0,imagenet,ce,100,random_rescue_10,2,0.965,0.98,0.05664802,0.02,0.7353571428571428,0.17649988004592163,10.0
0,imagenet,ce,100,random_rescue_10,3,0.955,0.98,0.07858337,0.03,0.7354591836734693,0.17488549391361427,10.0
0,imagenet,ce,100,random_rescue_10,4,0.935,0.98,0.12069565,0.05,0.7331632653061224,0.16767921302991817,10.0
0,imagenet,ce,100,foreground_rescue_10,0,0.965,0.98,0.05548232,0.02,0.6810204081632654,0.03136577160508486,2.995
0,imagenet,ce,100,foreground_rescue_10,1,0.96,0.98,0.06284861,0.025,0.6810204081632654,0.03136577160508486,2.995
0,imagenet,ce,100,foreground_rescue_10,2,0.955,0.98,0.066241644,0.03,0.6810204081632654,0.03136577160508486,2.995
0,imagenet,ce,100,foreground_rescue_10,3,0.96,0.98,0.06892512,0.025,0.6810204081632654,0.03136577160508486,2.995
0,imagenet,ce,100,foreground_rescue_10,4,0.96,0.98,0.06845483,0.025,0.6810204081632654,0.03136577160508486,2.995
0,imagenet,ce,100,low_score_rescue_10,0,0.94,0.98,0.09598413,0.045,0.7198469387755102,0.11095961870232526,10.0
0,imagenet,ce,100,low_score_rescue_10,1,0.935,0.98,0.104780234,0.05,0.720204081632653,0.11231236271216428,10.0
0,imagenet,ce,100,low_score_rescue_10,2,0.935,0.98,0.11183889,0.055,0.7190306122448981,0.11099263822284752,10.0
0,imagenet,ce,100,low_score_rescue_10,3,0.945,0.98,0.07859301,0.04,0.7193367346938777,0.11049741855181212,10.0
0,imagenet,ce,100,low_score_rescue_10,4,0.94,0.98,0.12343029,0.045,0.7207142857142856,0.11346420827029848,10.0
0,imagenet,ce,100,random_matched,0,0.965,0.98,0.05305757,0.02,0.7235714285714286,0.11649314692178056,2.995
0,imagenet,ce,100,random_matched,1,0.96,0.98,0.07721465,0.025,0.7207653061224489,0.1096762403275406,2.995
0,imagenet,ce,100,random_matched,2,0.955,0.98,0.080648735,0.03,0.720408163265306,0.10979905815861644,2.995
0,imagenet,ce,100,random_matched,3,0.955,0.98,0.082831375,0.03,0.7224489795918367,0.11432617252021622,2.995
0,imagenet,ce,100,random_matched,4,0.955,0.98,0.083172806,0.03,0.72,0.10937333083971332,2.995
0,imagenet,foreground_rescue_10,0,student,0,0.965,0.98,0.049423896,0.015,0.7058673469387755,0.08231790489358617,0.0
0,imagenet,foreground_rescue_10,0,student,1,0.965,0.98,0.049423896,0.015,0.7058673469387755,0.08231790489358617,0.0
0,imagenet,foreground_rescue_10,0,student,2,0.965,0.98,0.049423896,0.015,0.7058673469387755,0.08231790489358617,0.0
0,imagenet,foreground_rescue_10,0,student,3,0.965,0.98,0.049423896,0.015,0.7058673469387755,0.08231790489358617,0.0
0,imagenet,foreground_rescue_10,0,student,4,0.965,0.98,0.049423896,0.015,0.7058673469387755,0.08231790489358617,0.0
0,imagenet,foreground_rescue_10,0,random,0,0.95,0.98,0.07085513,0.03,0.8246938775510205,0.48994748795493875,0.0
0,imagenet,foreground_rescue_10,0,random,1,0.965,0.98,0.06002661,0.02,0.8235204081632653,0.4946262972715817,0.0
0,imagenet,foreground_rescue_10,0,random,2,0.945,0.98,0.086035594,0.035,0.8219387755102041,0.47777470733476307,0.0
0,imagenet,foreground_rescue_10,0,random,3,0.93,0.98,0.11281219,0.05,0.822857142857143,0.4756299304983063,0.0
0,imagenet,foreground_rescue_10,0,random,4,0.945,0.98,0.12285635,0.04,0.8268877551020407,0.5175266882325791,0.0
0,imagenet,foreground_rescue_10,0,random_rescue_10,0,0.955,0.98,0.07673554,0.03,0.729234693877551,0.1679639018459042,10.0
0,imagenet,foreground_rescue_10,0,random_rescue_10,1,0.96,0.98,0.05731293,0.02,0.7321428571428572,0.17112982691976839,10.0
0,imagenet,foreground_rescue_10,0,random_rescue_10,2,0.955,0.98,0.07880971,0.025,0.7311224489795919,0.17162426857917626,10.0
0,imagenet,foreground_rescue_10,0,random_rescue_10,3,0.955,0.98,0.0690822,0.025,0.7294897959183675,0.17406355448185729,10.0
0,imagenet,foreground_rescue_10,0,random_rescue_10,4,0.94,0.98,0.09882484,0.04,0.7296428571428573,0.15813417548845027,10.0
0,imagenet,foreground_rescue_10,0,foreground_rescue_10,0,0.96,0.98,0.052042674,0.02,0.677295918367347,0.025096868132710646,2.8
0,imagenet,foreground_rescue_10,0,foreground_rescue_10,1,0.96,0.98,0.061706647,0.02,0.677295918367347,0.025096868132710646,2.8
0,imagenet,foreground_rescue_10,0,foreground_rescue_10,2,0.96,0.98,0.057614543,0.02,0.677295918367347,0.025096868132710646,2.8
0,imagenet,foreground_rescue_10,0,foreground_rescue_10,3,0.96,0.98,0.062874764,0.02,0.677295918367347,0.025096868132710646,2.8
0,imagenet,foreground_rescue_10,0,foreground_rescue_10,4,0.96,0.98,0.063759096,0.02,0.677295918367347,0.025096868132710646,2.8
0,imagenet,foreground_rescue_10,0,low_score_rescue_10,0,0.95,0.98,0.07409613,0.03,0.7128571428571427,0.09592084560465473,10.0
0,imagenet,foreground_rescue_10,0,low_score_rescue_10,1,0.96,0.98,0.048454687,0.02,0.7136734693877551,0.09635290260200267,10.0
0,imagenet,foreground_rescue_10,0,low_score_rescue_10,2,0.95,0.98,0.061150827,0.03,0.7132142857142857,0.09623877203175696,10.0
0,imagenet,foreground_rescue_10,0,low_score_rescue_10,3,0.955,0.98,0.07511786,0.025,0.7127551020408163,0.09565284000194518,10.0
0,imagenet,foreground_rescue_10,0,low_score_rescue_10,4,0.955,0.98,0.06678594,0.025,0.7127551020408163,0.09502717675311124,10.0
0,imagenet,foreground_rescue_10,0,random_matched,0,0.96,0.98,0.05148281,0.02,0.7163775510204081,0.09909034654213109,2.8
0,imagenet,foreground_rescue_10,0,random_matched,1,0.965,0.98,0.051132623,0.015,0.7163775510204081,0.10026353536070877,2.8
0,imagenet,foreground_rescue_10,0,random_matched,2,0.95,0.98,0.06500979,0.03,0.7168877551020408,0.10060035762440128,2.8
0,imagenet,foreground_rescue_10,0,random_matched,3,0.96,0.98,0.05155242,0.02,0.7167346938775511,0.10205323439281039,2.8
0,imagenet,foreground_rescue_10,0,random_matched,4,0.955,0.98,0.055842362,0.025,0.7166836734693877,0.09952487927668469,2.8
0,imagenet,foreground_rescue_10,10,student,0,0.965,0.98,0.04794262,0.02,0.7090306122448979,0.09183446103692364,0.0
0,imagenet,foreground_rescue_10,10,student,1,0.965,0.98,0.04794262,0.02,0.7090306122448979,0.09183446103692364,0.0
0,imagenet,foreground_rescue_10,10,student,2,0.965,0.98,0.04794262,0.02,0.7090306122448979,0.09183446103692364,0.0
0,imagenet,foreground_rescue_10,10,student,3,0.965,0.98,0.04794262,0.02,0.7090306122448979,0.09183446103692364,0.0
0,imagenet,foreground_rescue_10,10,student,4,0.965,0.98,0.04794262,0.02,0.7090306122448979,0.09183446103692364,0.0
0,imagenet,foreground_rescue_10,10,random,0,0.95,0.98,0.07085513,0.03,0.8246938775510205,0.48994748795493875,0.0
0,imagenet,foreground_rescue_10,10,random,1,0.965,0.98,0.06002661,0.02,0.8235204081632653,0.4946262972715817,0.0
0,imagenet,foreground_rescue_10,10,random,2,0.945,0.98,0.086035594,0.035,0.8219387755102041,0.47777470733476307,0.0
0,imagenet,foreground_rescue_10,10,random,3,0.93,0.98,0.11281219,0.05,0.822857142857143,0.4756299304983063,0.0
0,imagenet,foreground_rescue_10,10,random,4,0.945,0.98,0.12285635,0.04,0.8268877551020407,0.5175266882325791,0.0
0,imagenet,foreground_rescue_10,10,random_rescue_10,0,0.975,0.98,0.029289912,0.01,0.7334693877551021,0.17824966762523248,10.0
0,imagenet,foreground_rescue_10,10,random_rescue_10,1,0.955,0.98,0.06613955,0.03,0.7327551020408164,0.1712162285700103,10.0
0,imagenet,foreground_rescue_10,10,random_rescue_10,2,0.955,0.98,0.05044605,0.03,0.7345408163265306,0.1737513073467883,10.0
0,imagenet,foreground_rescue_10,10,random_rescue_10,3,0.96,0.98,0.04195421,0.025,0.7344387755102041,0.18474904476169118,10.0
0,imagenet,foreground_rescue_10,10,random_rescue_10,4,0.96,0.98,0.045331024,0.025,0.7325,0.17515826534876125,10.0
0,imagenet,foreground_rescue_10,10,foreground_rescue_10,0,0.96,0.98,0.05907972,0.025,0.6798469387755103,0.029722935886418084,2.86
0,imagenet,foreground_rescue_10,10,foreground_rescue_10,1,0.955,0.98,0.056627966,0.03,0.6798469387755103,0.029722935886418084,2.86
0,imagenet,foreground_rescue_10,10,foreground_rescue_10,2,0.965,0.98,0.050536476,0.02,0.6798469387755103,0.029722935886418084,2.86
0,imagenet,foreground_rescue_10,10,foreground_rescue_10,3,0.96,0.98,0.060294062,0.025,0.6798469387755103,0.029722935886418084,2.86
0,imagenet,foreground_rescue_10,10,foreground_rescue_10,4,0.96,0.98,0.04636863,0.025,0.6798469387755103,0.029722935886418084,2.86
0,imagenet,foreground_rescue_10,10,low_score_rescue_10,0,0.96,0.98,0.076694064,0.025,0.716734693877551,0.10581656359024048,10.0
0,imagenet,foreground_rescue_10,10,low_score_rescue_10,1,0.95,0.98,0.0777832,0.035,0.7162755102040816,0.10499886872891989,10.0
0,imagenet,foreground_rescue_10,10,low_score_rescue_10,2,0.95,0.98,0.083265156,0.035,0.7163775510204081,0.10555860762506601,10.0
0,imagenet,foreground_rescue_10,10,low_score_rescue_10,3,0.96,0.98,0.073325686,0.025,0.7163265306122448,0.10496346906325292,10.0
0,imagenet,foreground_rescue_10,10,low_score_rescue_10,4,0.945,0.98,0.08371416,0.04,0.7164795918367346,0.10609884839688559,10.0
0,imagenet,foreground_rescue_10,10,random_matched,0,0.965,0.98,0.0411817,0.02,0.7203061224489795,0.11173401237980585,2.86
0,imagenet,foreground_rescue_10,10,random_matched,1,0.965,0.98,0.05090082,0.02,0.7187755102040816,0.1081228865747325,2.86
0,imagenet,foreground_rescue_10,10,random_matched,2,0.965,0.98,0.048589572,0.02,0.7183673469387755,0.10686007190987769,2.86
0,imagenet,foreground_rescue_10,10,random_matched,3,0.96,0.98,0.07381081,0.025,0.719387755102041,0.11023313512396501,2.86
0,imagenet,foreground_rescue_10,10,random_matched,4,0.96,0.98,0.0540106,0.025,0.7189285714285714,0.10752386120480505,2.86
0,imagenet,foreground_rescue_10,25,student,0,0.95,0.98,0.059878163,0.035,0.7099489795918368,0.09390110888344566,0.0
0,imagenet,foreground_rescue_10,25,student,1,0.95,0.98,0.059878163,0.035,0.7099489795918368,0.09390110888344566,0.0
0,imagenet,foreground_rescue_10,25,student,2,0.95,0.98,0.059878163,0.035,0.7099489795918368,0.09390110888344566,0.0
0,imagenet,foreground_rescue_10,25,student,3,0.95,0.98,0.059878163,0.035,0.7099489795918368,0.09390110888344566,0.0
0,imagenet,foreground_rescue_10,25,student,4,0.95,0.98,0.059878163,0.035,0.7099489795918368,0.09390110888344566,0.0
0,imagenet,foreground_rescue_10,25,random,0,0.95,0.98,0.07085513,0.03,0.8246938775510205,0.48994748795493875,0.0
0,imagenet,foreground_rescue_10,25,random,1,0.965,0.98,0.06002661,0.02,0.8235204081632653,0.4946262972715817,0.0
0,imagenet,foreground_rescue_10,25,random,2,0.945,0.98,0.086035594,0.035,0.8219387755102041,0.47777470733476307,0.0
0,imagenet,foreground_rescue_10,25,random,3,0.93,0.98,0.11281219,0.05,0.822857142857143,0.4756299304983063,0.0
0,imagenet,foreground_rescue_10,25,random,4,0.945,0.98,0.12285635,0.04,0.8268877551020407,0.5175266882325791,0.0
0,imagenet,foreground_rescue_10,25,random_rescue_10,0,0.95,0.98,0.10217773,0.035,0.7341326530612245,0.18868373145579084,10.0
0,imagenet,foreground_rescue_10,25,random_rescue_10,1,0.95,0.98,0.07016298,0.035,0.7332142857142858,0.1750070089927552,10.0
0,imagenet,foreground_rescue_10,25,random_rescue_10,2,0.96,0.98,0.052200567,0.025,0.7348469387755102,0.18549377969649777,10.0
0,imagenet,foreground_rescue_10,25,random_rescue_10,3,0.945,0.98,0.0681777,0.035,0.7334183673469387,0.17881592835971538,10.0
0,imagenet,foreground_rescue_10,25,random_rescue_10,4,0.955,0.98,0.047222063,0.025,0.7342857142857143,0.16845378326125002,10.0
0,imagenet,foreground_rescue_10,25,foreground_rescue_10,0,0.96,0.98,0.0493057,0.025,0.6796938775510205,0.029372612191847173,2.965
0,imagenet,foreground_rescue_10,25,foreground_rescue_10,1,0.96,0.98,0.0549844,0.025,0.6796938775510205,0.029372612191847173,2.965
0,imagenet,foreground_rescue_10,25,foreground_rescue_10,2,0.96,0.98,0.050877742,0.025,0.6796938775510205,0.029372612191847173,2.965
0,imagenet,foreground_rescue_10,25,foreground_rescue_10,3,0.96,0.98,0.058615174,0.025,0.6796938775510205,0.029372612191847173,2.965
0,imagenet,foreground_rescue_10,25,foreground_rescue_10,4,0.96,0.98,0.058810554,0.025,0.6796938775510205,0.029372612191847173,2.965
0,imagenet,foreground_rescue_10,25,low_score_rescue_10,0,0.94,0.98,0.07004764,0.04,0.7180102040816325,0.10954916627066369,10.0
0,imagenet,foreground_rescue_10,25,low_score_rescue_10,1,0.945,0.98,0.050356768,0.035,0.7181632653061224,0.11060160521934688,10.0
0,imagenet,foreground_rescue_10,25,low_score_rescue_10,2,0.945,0.98,0.0706242,0.035,0.7173979591836734,0.11084420321340882,10.0
0,imagenet,foreground_rescue_10,25,low_score_rescue_10,3,0.95,0.98,0.07363055,0.035,0.7175,0.1093562841999495,10.0
0,imagenet,foreground_rescue_10,25,low_score_rescue_10,4,0.94,0.98,0.07982382,0.04,0.7181632653061224,0.11072408391432607,10.0
0,imagenet,foreground_rescue_10,25,random_matched,0,0.955,0.98,0.061363515,0.03,0.7199489795918368,0.11107321329755541,2.965
0,imagenet,foreground_rescue_10,25,random_matched,1,0.96,0.98,0.048109934,0.025,0.7211734693877552,0.11305878123087792,2.965
0,imagenet,foreground_rescue_10,25,random_matched,2,0.96,0.98,0.049570337,0.025,0.7206122448979592,0.1116558397997071,2.965
0,imagenet,foreground_rescue_10,25,random_matched,3,0.96,0.98,0.046493337,0.025,0.7201530612244897,0.1113613850572515,2.965
0,imagenet,foreground_rescue_10,25,random_matched,4,0.955,0.98,0.057341494,0.03,0.7197448979591837,0.10978164154588332,2.965
0,imagenet,foreground_rescue_10,50,student,0,0.94,0.98,0.09802032,0.045,0.7091836734693878,0.09623287041457369,0.0
0,imagenet,foreground_rescue_10,50,student,1,0.94,0.98,0.09802032,0.045,0.7091836734693878,0.09623287041457369,0.0
0,imagenet,foreground_rescue_10,50,student,2,0.94,0.98,0.09802032,0.045,0.7091836734693878,0.09623287041457369,0.0
0,imagenet,foreground_rescue_10,50,student,3,0.94,0.98,0.09802032,0.045,0.7091836734693878,0.09623287041457369,0.0
0,imagenet,foreground_rescue_10,50,student,4,0.94,0.98,0.09802032,0.045,0.7091836734693878,0.09623287041457369,0.0
0,imagenet,foreground_rescue_10,50,random,0,0.95,0.98,0.07085513,0.03,0.8246938775510205,0.48994748795493875,0.0
0,imagenet,foreground_rescue_10,50,random,1,0.965,0.98,0.06002661,0.02,0.8235204081632653,0.4946262972715817,0.0
0,imagenet,foreground_rescue_10,50,random,2,0.945,0.98,0.086035594,0.035,0.8219387755102041,0.47777470733476307,0.0
0,imagenet,foreground_rescue_10,50,random,3,0.93,0.98,0.11281219,0.05,0.822857142857143,0.4756299304983063,0.0
0,imagenet,foreground_rescue_10,50,random,4,0.945,0.98,0.12285635,0.04,0.8268877551020407,0.5175266882325791,0.0
0,imagenet,foreground_rescue_10,50,random_rescue_10,0,0.95,0.98,0.083019905,0.035,0.7327551020408163,0.1817032009092114,10.0
0,imagenet,foreground_rescue_10,50,random_rescue_10,1,0.95,0.98,0.07402797,0.03,0.7340816326530613,0.18186294128310684,10.0
0,imagenet,foreground_rescue_10,50,random_rescue_10,2,0.945,0.98,0.1117964,0.04,0.733265306122449,0.1747248777228782,10.0
0,imagenet,foreground_rescue_10,50,random_rescue_10,3,0.95,0.98,0.08326867,0.035,0.7344387755102041,0.17804591226605992,10.0
0,imagenet,foreground_rescue_10,50,random_rescue_10,4,0.945,0.98,0.11010374,0.045,0.7324489795918367,0.17818504853271414,10.0
0,imagenet,foreground_rescue_10,50,foreground_rescue_10,0,0.95,0.98,0.06682448,0.035,0.6789285714285714,0.02837499316824457,2.965
0,imagenet,foreground_rescue_10,50,foreground_rescue_10,1,0.945,0.98,0.07943737,0.04,0.6789285714285714,0.02837499316824457,2.965
0,imagenet,foreground_rescue_10,50,foreground_rescue_10,2,0.95,0.98,0.06771888,0.035,0.6789285714285714,0.02837499316824457,2.965
0,imagenet,foreground_rescue_10,50,foreground_rescue_10,3,0.94,0.98,0.07109313,0.045,0.6789285714285714,0.02837499316824457,2.965
0,imagenet,foreground_rescue_10,50,foreground_rescue_10,4,0.955,0.98,0.052690946,0.03,0.6789285714285714,0.02837499316824457,2.965
0,imagenet,foreground_rescue_10,50,low_score_rescue_10,0,0.95,0.98,0.08015906,0.035,0.7175,0.11234659125667307,10.0
0,imagenet,foreground_rescue_10,50,low_score_rescue_10,1,0.945,0.98,0.08785033,0.04,0.7176020408163265,0.1124809189946551,10.0
0,imagenet,foreground_rescue_10,50,low_score_rescue_10,2,0.955,0.98,0.07007423,0.03,0.717295918367347,0.11455526465520871,10.0
0,imagenet,foreground_rescue_10,50,low_score_rescue_10,3,0.95,0.98,0.068352096,0.035,0.7173979591836734,0.11434026474291278,10.0
0,imagenet,foreground_rescue_10,50,low_score_rescue_10,4,0.94,0.98,0.09857778,0.045,0.7174489795918367,0.11390024752914346,10.0
0,imagenet,foreground_rescue_10,50,random_matched,0,0.94,0.98,0.08828834,0.045,0.7198979591836735,0.11514451437310756,2.965
0,imagenet,foreground_rescue_10,50,random_matched,1,0.945,0.98,0.08899136,0.04,0.7192857142857143,0.11477385470918994,2.965
0,imagenet,foreground_rescue_10,50,random_matched,2,0.945,0.98,0.067171685,0.04,0.7190816326530611,0.11383755355810313,2.965
0,imagenet,foreground_rescue_10,50,random_matched,3,0.95,0.98,0.06106861,0.035,0.7188265306122449,0.11205478821675532,2.965
0,imagenet,foreground_rescue_10,50,random_matched,4,0.945,0.98,0.066329256,0.04,0.718112244897959,0.11116392748422199,2.965
0,imagenet,foreground_rescue_10,75,student,0,0.945,0.98,0.08841474,0.035,0.707295918367347,0.09123239309628392,0.0
0,imagenet,foreground_rescue_10,75,student,1,0.945,0.98,0.08841474,0.035,0.707295918367347,0.09123239309628392,0.0
0,imagenet,foreground_rescue_10,75,student,2,0.945,0.98,0.08841474,0.035,0.707295918367347,0.09123239309628392,0.0
0,imagenet,foreground_rescue_10,75,student,3,0.945,0.98,0.08841474,0.035,0.707295918367347,0.09123239309628392,0.0
0,imagenet,foreground_rescue_10,75,student,4,0.945,0.98,0.08841474,0.035,0.707295918367347,0.09123239309628392,0.0
0,imagenet,foreground_rescue_10,75,random,0,0.95,0.98,0.07085513,0.03,0.8246938775510205,0.48994748795493875,0.0
0,imagenet,foreground_rescue_10,75,random,1,0.965,0.98,0.06002661,0.02,0.8235204081632653,0.4946262972715817,0.0
0,imagenet,foreground_rescue_10,75,random,2,0.945,0.98,0.086035594,0.035,0.8219387755102041,0.47777470733476307,0.0
0,imagenet,foreground_rescue_10,75,random,3,0.93,0.98,0.11281219,0.05,0.822857142857143,0.4756299304983063,0.0
0,imagenet,foreground_rescue_10,75,random,4,0.945,0.98,0.12285635,0.04,0.8268877551020407,0.5175266882325791,0.0
0,imagenet,foreground_rescue_10,75,random_rescue_10,0,0.95,0.98,0.059322547,0.03,0.7291326530612245,0.16817872726707375,10.0
0,imagenet,foreground_rescue_10,75,random_rescue_10,1,0.95,0.98,0.07880188,0.035,0.7319897959183673,0.17480371947284826,10.0
0,imagenet,foreground_rescue_10,75,random_rescue_10,2,0.945,0.98,0.08981818,0.04,0.7323979591836735,0.17370772942914325,10.0
0,imagenet,foreground_rescue_10,75,random_rescue_10,3,0.955,0.98,0.07470959,0.025,0.7321428571428571,0.1756102660692183,10.0
0,imagenet,foreground_rescue_10,75,random_rescue_10,4,0.965,0.98,0.032191448,0.015,0.7306122448979591,0.1624306669066149,10.0
0,imagenet,foreground_rescue_10,75,foreground_rescue_10,0,0.945,0.98,0.07900264,0.035,0.6783673469387754,0.02744556860083684,2.835
0,imagenet,foreground_rescue_10,75,foreground_rescue_10,1,0.95,0.98,0.06238535,0.03,0.6783673469387754,0.02744556860083684,2.835
0,imagenet,foreground_rescue_10,75,foreground_rescue_10,2,0.955,0.98,0.05982048,0.025,0.6783673469387754,0.02744556860083684,2.835
0,imagenet,foreground_rescue_10,75,foreground_rescue_10,3,0.945,0.98,0.08321453,0.035,0.6783673469387754,0.02744556860083684,2.835
0,imagenet,foreground_rescue_10,75,foreground_rescue_10,4,0.945,0.98,0.08002045,0.035,0.6783673469387754,0.02744556860083684,2.835
0,imagenet,foreground_rescue_10,75,low_score_rescue_10,0,0.945,0.98,0.0675876,0.035,0.7146938775510204,0.106009776430552,10.0
0,imagenet,foreground_rescue_10,75,low_score_rescue_10,1,0.945,0.98,0.07978488,0.04,0.7154081632653062,0.10791429282901097,10.0
0,imagenet,foreground_rescue_10,75,low_score_rescue_10,2,0.95,0.98,0.07909232,0.035,0.7143877551020408,0.1067984247235417,10.0
0,imagenet,foreground_rescue_10,75,low_score_rescue_10,3,0.955,0.98,0.08803415,0.03,0.7148469387755102,0.10651781125967717,10.0
0,imagenet,foreground_rescue_10,75,low_score_rescue_10,4,0.94,0.98,0.1132243,0.045,0.7141836734693878,0.10517134980529709,10.0
0,imagenet,foreground_rescue_10,75,random_matched,0,0.94,0.98,0.09851275,0.04,0.7180102040816326,0.1101262122725506,2.835
0,imagenet,foreground_rescue_10,75,random_matched,1,0.945,0.98,0.08022296,0.035,0.7164285714285714,0.10759783650624792,2.835
0,imagenet,foreground_rescue_10,75,random_matched,2,0.945,0.98,0.082782194,0.035,0.7162755102040816,0.1064510721433535,2.835
0,imagenet,foreground_rescue_10,75,random_matched,3,0.94,0.98,0.103556894,0.04,0.717295918367347,0.10965288251554597,2.835
0,imagenet,foreground_rescue_10,75,random_matched,4,0.945,0.98,0.08215539,0.035,0.7156632653061225,0.10565876890307382,2.835
0,imagenet,foreground_rescue_10,100,student,0,0.94,0.98,0.080231644,0.04,0.707857142857143,0.09244422786717035,0.0
0,imagenet,foreground_rescue_10,100,student,1,0.94,0.98,0.080231644,0.04,0.707857142857143,0.09244422786717035,0.0
0,imagenet,foreground_rescue_10,100,student,2,0.94,0.98,0.080231644,0.04,0.707857142857143,0.09244422786717035,0.0
0,imagenet,foreground_rescue_10,100,student,3,0.94,0.98,0.080231644,0.04,0.707857142857143,0.09244422786717035,0.0
0,imagenet,foreground_rescue_10,100,student,4,0.94,0.98,0.080231644,0.04,0.707857142857143,0.09244422786717035,0.0
0,imagenet,foreground_rescue_10,100,random,0,0.95,0.98,0.07085513,0.03,0.8246938775510205,0.48994748795493875,0.0
0,imagenet,foreground_rescue_10,100,random,1,0.965,0.98,0.06002661,0.02,0.8235204081632653,0.4946262972715817,0.0
0,imagenet,foreground_rescue_10,100,random,2,0.945,0.98,0.086035594,0.035,0.8219387755102041,0.47777470733476307,0.0
0,imagenet,foreground_rescue_10,100,random,3,0.93,0.98,0.11281219,0.05,0.822857142857143,0.4756299304983063,0.0
0,imagenet,foreground_rescue_10,100,random,4,0.945,0.98,0.12285635,0.04,0.8268877551020407,0.5175266882325791,0.0
0,imagenet,foreground_rescue_10,100,random_rescue_10,0,0.95,0.98,0.058215026,0.03,0.7313265306122448,0.17362285124304203,10.0
0,imagenet,foreground_rescue_10,100,random_rescue_10,1,0.95,0.98,0.06297834,0.03,0.7324489795918367,0.17918283555760117,10.0
0,imagenet,foreground_rescue_10,100,random_rescue_10,2,0.95,0.98,0.06055536,0.03,0.732295918367347,0.17141861002424202,10.0
0,imagenet,foreground_rescue_10,100,random_rescue_10,3,0.955,0.98,0.062328376,0.025,0.7322448979591837,0.17450740234956658,10.0
0,imagenet,foreground_rescue_10,100,random_rescue_10,4,0.95,0.98,0.072636336,0.035,0.7315306122448979,0.16653194753652475,10.0
0,imagenet,foreground_rescue_10,100,foreground_rescue_10,0,0.955,0.98,0.064872056,0.025,0.6786224489795919,0.02833324959322584,2.865
0,imagenet,foreground_rescue_10,100,foreground_rescue_10,1,0.945,0.98,0.064495094,0.035,0.6786224489795919,0.02833324959322584,2.865
0,imagenet,foreground_rescue_10,100,foreground_rescue_10,2,0.945,0.98,0.08663216,0.035,0.6786224489795919,0.02833324959322584,2.865
0,imagenet,foreground_rescue_10,100,foreground_rescue_10,3,0.95,0.98,0.061420523,0.03,0.6786224489795919,0.02833324959322584,2.865
0,imagenet,foreground_rescue_10,100,foreground_rescue_10,4,0.955,0.98,0.06007218,0.025,0.6786224489795919,0.02833324959322584,2.865
0,imagenet,foreground_rescue_10,100,low_score_rescue_10,0,0.95,0.98,0.071297556,0.035,0.7144897959183674,0.1029276270873782,10.0
0,imagenet,foreground_rescue_10,100,low_score_rescue_10,1,0.945,0.98,0.06386792,0.035,0.7144897959183675,0.1023311325666573,10.0
0,imagenet,foreground_rescue_10,100,low_score_rescue_10,2,0.95,0.98,0.07458116,0.035,0.7131122448979592,0.10053541321514366,10.0
0,imagenet,foreground_rescue_10,100,low_score_rescue_10,3,0.95,0.98,0.07705745,0.035,0.7143367346938776,0.10285660813543711,10.0
0,imagenet,foreground_rescue_10,100,low_score_rescue_10,4,0.945,0.98,0.104016475,0.04,0.7139795918367347,0.10229840102101294,10.0
0,imagenet,foreground_rescue_10,100,random_matched,0,0.95,0.98,0.06255161,0.03,0.7177551020408163,0.10802752106392804,2.865
0,imagenet,foreground_rescue_10,100,random_matched,1,0.95,0.98,0.058125924,0.03,0.7180612244897958,0.10927929365779636,2.865
0,imagenet,foreground_rescue_10,100,random_matched,2,0.95,0.98,0.05845393,0.03,0.7170408163265306,0.10838875750289663,2.865
0,imagenet,foreground_rescue_10,100,random_matched,3,0.94,0.98,0.10742617,0.04,0.7176530612244898,0.10879752737481586,2.865
0,imagenet,foreground_rescue_10,100,random_matched,4,0.945,0.98,0.08292324,0.035,0.717091836734694,0.10737006779542721,2.865
0,imagenet,full,0,student,0,0.965,0.98,0.049423896,0.015,0.7058673469387755,0.08231790489358617,0.0
0,imagenet,full,0,student,1,0.965,0.98,0.049423896,0.015,0.7058673469387755,0.08231790489358617,0.0
0,imagenet,full,0,student,2,0.965,0.98,0.049423896,0.015,0.7058673469387755,0.08231790489358617,0.0
0,imagenet,full,0,student,3,0.965,0.98,0.049423896,0.015,0.7058673469387755,0.08231790489358617,0.0
0,imagenet,full,0,student,4,0.965,0.98,0.049423896,0.015,0.7058673469387755,0.08231790489358617,0.0
0,imagenet,full,0,random,0,0.95,0.98,0.07085513,0.03,0.8246938775510205,0.48994748795493875,0.0
0,imagenet,full,0,random,1,0.965,0.98,0.06002661,0.02,0.8235204081632653,0.4946262972715817,0.0
0,imagenet,full,0,random,2,0.945,0.98,0.086035594,0.035,0.8219387755102041,0.47777470733476307,0.0
0,imagenet,full,0,random,3,0.93,0.98,0.11281219,0.05,0.822857142857143,0.4756299304983063,0.0
0,imagenet,full,0,random,4,0.945,0.98,0.12285635,0.04,0.8268877551020407,0.5175266882325791,0.0
0,imagenet,full,0,random_rescue_10,0,0.955,0.98,0.07673554,0.03,0.729234693877551,0.1679639018459042,10.0
0,imagenet,full,0,random_rescue_10,1,0.96,0.98,0.05731293,0.02,0.7321428571428572,0.17112982691976839,10.0
0,imagenet,full,0,random_rescue_10,2,0.955,0.98,0.07880971,0.025,0.7311224489795919,0.17162426857917626,10.0
0,imagenet,full,0,random_rescue_10,3,0.955,0.98,0.0690822,0.025,0.7294897959183675,0.17406355448185729,10.0
0,imagenet,full,0,random_rescue_10,4,0.94,0.98,0.09882484,0.04,0.7296428571428573,0.15813417548845027,10.0
0,imagenet,full,0,foreground_rescue_10,0,0.96,0.98,0.052042674,0.02,0.677295918367347,0.025096868132710646,2.8
0,imagenet,full,0,foreground_rescue_10,1,0.96,0.98,0.061706647,0.02,0.677295918367347,0.025096868132710646,2.8
0,imagenet,full,0,foreground_rescue_10,2,0.96,0.98,0.057614543,0.02,0.677295918367347,0.025096868132710646,2.8
0,imagenet,full,0,foreground_rescue_10,3,0.96,0.98,0.062874764,0.02,0.677295918367347,0.025096868132710646,2.8
0,imagenet,full,0,foreground_rescue_10,4,0.96,0.98,0.063759096,0.02,0.677295918367347,0.025096868132710646,2.8
0,imagenet,full,0,low_score_rescue_10,0,0.95,0.98,0.07409613,0.03,0.7128571428571427,0.09592084560465473,10.0
0,imagenet,full,0,low_score_rescue_10,1,0.96,0.98,0.048454687,0.02,0.7136734693877551,0.09635290260200267,10.0
0,imagenet,full,0,low_score_rescue_10,2,0.95,0.98,0.061150827,0.03,0.7132142857142857,0.09623877203175696,10.0
0,imagenet,full,0,low_score_rescue_10,3,0.955,0.98,0.07511786,0.025,0.7127551020408163,0.09565284000194518,10.0
0,imagenet,full,0,low_score_rescue_10,4,0.955,0.98,0.06678594,0.025,0.7127551020408163,0.09502717675311124,10.0
0,imagenet,full,0,random_matched,0,0.96,0.98,0.05148281,0.02,0.7163775510204081,0.09909034654213109,2.8
0,imagenet,full,0,random_matched,1,0.965,0.98,0.051132623,0.015,0.7163775510204081,0.10026353536070877,2.8
0,imagenet,full,0,random_matched,2,0.95,0.98,0.06500979,0.03,0.7168877551020408,0.10060035762440128,2.8
0,imagenet,full,0,random_matched,3,0.96,0.98,0.05155242,0.02,0.7167346938775511,0.10205323439281039,2.8
0,imagenet,full,0,random_matched,4,0.955,0.98,0.055842362,0.025,0.7166836734693877,0.09952487927668469,2.8
0,imagenet,full,10,student,0,0.95,0.98,0.08001128,0.035,0.7087755102040816,0.09239107608465587,0.0
0,imagenet,full,10,student,1,0.95,0.98,0.08001128,0.035,0.7087755102040816,0.09239107608465587,0.0
0,imagenet,full,10,student,2,0.95,0.98,0.08001128,0.035,0.7087755102040816,0.09239107608465587,0.0
0,imagenet,full,10,student,3,0.95,0.98,0.08001128,0.035,0.7087755102040816,0.09239107608465587,0.0
0,imagenet,full,10,student,4,0.95,0.98,0.08001128,0.035,0.7087755102040816,0.09239107608465587,0.0
0,imagenet,full,10,random,0,0.95,0.98,0.07085513,0.03,0.8246938775510205,0.48994748795493875,0.0
0,imagenet,full,10,random,1,0.965,0.98,0.06002661,0.02,0.8235204081632653,0.4946262972715817,0.0
0,imagenet,full,10,random,2,0.945,0.98,0.086035594,0.035,0.8219387755102041,0.47777470733476307,0.0
0,imagenet,full,10,random,3,0.93,0.98,0.11281219,0.05,0.822857142857143,0.4756299304983063,0.0
0,imagenet,full,10,random,4,0.945,0.98,0.12285635,0.04,0.8268877551020407,0.5175266882325791,0.0
0,imagenet,full,10,random_rescue_10,0,0.955,0.98,0.08324489,0.03,0.7326530612244898,0.18087001644815628,10.0
0,imagenet,full,10,random_rescue_10,1,0.955,0.98,0.08024567,0.03,0.7340816326530611,0.17662637025688546,10.0
0,imagenet,full,10,random_rescue_10,2,0.95,0.98,0.07434491,0.035,0.7336734693877551,0.1724468075888917,10.0
0,imagenet,full,10,random_rescue_10,3,0.95,0.98,0.08235485,0.03,0.7339795918367347,0.18832859827670487,10.0
0,imagenet,full,10,random_rescue_10,4,0.945,0.98,0.090042055,0.04,0.7315816326530612,0.1653831995418433,10.0
0,imagenet,full,10,foreground_rescue_10,0,0.955,0.98,0.07820562,0.03,0.6792346938775511,0.028570251882664592,2.895
0,imagenet,full,10,foreground_rescue_10,1,0.955,0.98,0.08256508,0.03,0.6792346938775511,0.028570251882664592,2.895
0,imagenet,full,10,foreground_rescue_10,2,0.955,0.98,0.06937948,0.03,0.6792346938775511,0.028570251882664592,2.895
0,imagenet,full,10,foreground_rescue_10,3,0.95,0.98,0.06952271,0.035,0.6792346938775511,0.028570251882664592,2.895
0,imagenet,full,10,foreground_rescue_10,4,0.95,0.98,0.06929174,0.035,0.6792346938775511,0.028570251882664592,2.895
0,imagenet,full,10,low_score_rescue_10,0,0.94,0.98,0.090815544,0.04,0.7153061224489795,0.10546328266857999,10.0
0,imagenet,full,10,low_score_rescue_10,1,0.94,0.98,0.08435511,0.04,0.715,0.10434281158471023,10.0
0,imagenet,full,10,low_score_rescue_10,2,0.945,0.98,0.08424065,0.04,0.7143367346938776,0.10404052967560574,10.0
0,imagenet,full,10,low_score_rescue_10,3,0.94,0.98,0.080029055,0.045,0.7151530612244897,0.10535238088125691,10.0
0,imagenet,full,10,low_score_rescue_10,4,0.94,0.98,0.12706026,0.045,0.7160204081632652,0.10602911031822859,10.0
0,imagenet,full,10,random_matched,0,0.95,0.98,0.083565086,0.035,0.7193367346938776,0.11066267678275377,2.895
0,imagenet,full,10,random_matched,1,0.955,0.98,0.06497635,0.03,0.7175,0.10664372852447389,2.895
0,imagenet,full,10,random_matched,2,0.95,0.98,0.08022987,0.035,0.7194897959183675,0.11059572934880547,2.895
0,imagenet,full,10,random_matched,3,0.95,0.98,0.075622365,0.035,0.7189285714285714,0.10954109542959152,2.895
0,imagenet,full,10,random_matched,4,0.965,0.98,0.05094786,0.02,0.718112244897959,0.1073084077048046,2.895
0,imagenet,full,25,student,0,0.955,0.98,0.05852972,0.03,0.7098469387755102,0.10245349170958128,0.0
0,imagenet,full,25,student,1,0.955,0.98,0.05852972,0.03,0.7098469387755102,0.10245349170958128,0.0
0,imagenet,full,25,student,2,0.955,0.98,0.05852972,0.03,0.7098469387755102,0.10245349170958128,0.0
0,imagenet,full,25,student,3,0.955,0.98,0.05852972,0.03,0.7098469387755102,0.10245349170958128,0.0
0,imagenet,full,25,student,4,0.955,0.98,0.05852972,0.03,0.7098469387755102,0.10245349170958128,0.0
0,imagenet,full,25,random,0,0.95,0.98,0.07085513,0.03,0.8246938775510205,0.48994748795493875,0.0
0,imagenet,full,25,random,1,0.965,0.98,0.06002661,0.02,0.8235204081632653,0.4946262972715817,0.0
0,imagenet,full,25,random,2,0.945,0.98,0.086035594,0.035,0.8219387755102041,0.47777470733476307,0.0
0,imagenet,full,25,random,3,0.93,0.98,0.11281219,0.05,0.822857142857143,0.4756299304983063,0.0
0,imagenet,full,25,random,4,0.945,0.98,0.12285635,0.04,0.8268877551020407,0.5175266882325791,0.0
0,imagenet,full,25,random_rescue_10,0,0.96,0.98,0.05765748,0.025,0.7353061224489795,0.20537378049576455,10.0
0,imagenet,full,25,random_rescue_10,1,0.945,0.98,0.06879852,0.04,0.7334183673469389,0.18358393106991697,10.0
0,imagenet,full,25,random_rescue_10,2,0.95,0.98,0.057400826,0.035,0.7329081632653062,0.18034329316210326,10.0
0,imagenet,full,25,random_rescue_10,3,0.955,0.98,0.07337731,0.035,0.7328571428571428,0.18070018904940563,10.0
0,imagenet,full,25,random_rescue_10,4,0.965,0.98,0.031989068,0.02,0.7327551020408163,0.18048287289109508,10.0
0,imagenet,full,25,foreground_rescue_10,0,0.955,0.98,0.06317855,0.03,0.6796428571428572,0.02926470222694431,2.96
0,imagenet,full,25,foreground_rescue_10,1,0.95,0.98,0.07217168,0.035,0.6796428571428572,0.02926470222694431,2.96
0,imagenet,full,25,foreground_rescue_10,2,0.955,0.98,0.062474653,0.03,0.6796428571428572,0.02926470222694431,2.96
0,imagenet,full,25,foreground_rescue_10,3,0.95,0.98,0.07477695,0.035,0.6796428571428572,0.02926470222694431,2.96
0,imagenet,full,25,foreground_rescue_10,4,0.96,0.98,0.05500264,0.025,0.6796428571428572,0.02926470222694431,2.96
0,imagenet,full,25,low_score_rescue_10,0,0.965,0.98,0.048672322,0.02,0.7176020408163265,0.11659314199379996,10.0
0,imagenet,full,25,low_score_rescue_10,1,0.96,0.98,0.044807024,0.025,0.7176530612244898,0.11728696976529089,10.0
0,imagenet,full,25,low_score_rescue_10,2,0.96,0.98,0.052425813,0.025,0.7171428571428571,0.11499837466819826,10.0
0,imagenet,full,25,low_score_rescue_10,3,0.95,0.98,0.070232935,0.035,0.7176020408163265,0.11709667919623232,10.0
0,imagenet,full,25,low_score_rescue_10,4,0.945,0.98,0.07747044,0.035,0.7170408163265307,0.11494954790891429,10.0
0,imagenet,full,25,random_matched,0,0.95,0.98,0.06462939,0.035,0.7211224489795919,0.12208651963670411,2.96
0,imagenet,full,25,random_matched,1,0.945,0.98,0.07078146,0.04,0.7196938775510204,0.11925477351612779,2.96
0,imagenet,full,25,random_matched,2,0.95,0.98,0.06540214,0.035,0.7205102040816327,0.12096401295367581,2.96
0,imagenet,full,25,random_matched,3,0.95,0.98,0.07211087,0.035,0.719234693877551,0.11889896891762304,2.96
0,imagenet,full,25,random_matched,4,0.945,0.98,0.06418997,0.04,0.7189795918367347,0.1175757785973648,2.96
0,imagenet,full,50,student,0,0.95,0.98,0.08641522,0.035,0.7145918367346938,0.1035609123515354,0.0
0,imagenet,full,50,student,1,0.95,0.98,0.08641522,0.035,0.7145918367346938,0.1035609123515354,0.0
0,imagenet,full,50,student,2,0.95,0.98,0.08641522,0.035,0.7145918367346938,0.1035609123515354,0.0
0,imagenet,full,50,student,3,0.95,0.98,0.08641522,0.035,0.7145918367346938,0.1035609123515354,0.0
0,imagenet,full,50,student,4,0.95,0.98,0.08641522,0.035,0.7145918367346938,0.1035609123515354,0.0
0,imagenet,full,50,random,0,0.95,0.98,0.07085513,0.03,0.8246938775510205,0.48994748795493875,0.0
0,imagenet,full,50,random,1,0.965,0.98,0.06002661,0.02,0.8235204081632653,0.4946262972715817,0.0
0,imagenet,full,50,random,2,0.945,0.98,0.086035594,0.035,0.8219387755102041,0.47777470733476307,0.0
0,imagenet,full,50,random,3,0.93,0.98,0.11281219,0.05,0.822857142857143,0.4756299304983063,0.0
0,imagenet,full,50,random,4,0.945,0.98,0.12285635,0.04,0.8268877551020407,0.5175266882325791,0.0
0,imagenet,full,50,random_rescue_10,0,0.95,0.98,0.08337081,0.035,0.7377551020408163,0.1940533310944018,10.0
0,imagenet,full,50,random_rescue_10,1,0.95,0.98,0.0848888,0.035,0.7365816326530613,0.17965654091419114,10.0
0,imagenet,full,50,random_rescue_10,2,0.945,0.98,0.058048747,0.04,0.737704081632653,0.17724297406282455,10.0
0,imagenet,full,50,random_rescue_10,3,0.96,0.98,0.07224193,0.025,0.7379591836734695,0.17991169684212116,10.0
0,imagenet,full,50,random_rescue_10,4,0.955,0.98,0.09231735,0.035,0.738112244897959,0.1906878322940314,10.0
0,imagenet,full,50,foreground_rescue_10,0,0.95,0.98,0.09623523,0.035,0.6816836734693879,0.03179240277171597,3.225
0,imagenet,full,50,foreground_rescue_10,1,0.945,0.98,0.090929404,0.04,0.6816836734693879,0.03179240277171597,3.225
0,imagenet,full,50,foreground_rescue_10,2,0.955,0.98,0.08639118,0.03,0.6816836734693879,0.03179240277171597,3.225
0,imagenet,full,50,foreground_rescue_10,3,0.955,0.98,0.08324682,0.03,0.6816836734693879,0.03179240277171597,3.225
0,imagenet,full,50,foreground_rescue_10,4,0.955,0.98,0.07337808,0.03,0.6816836734693879,0.03179240277171597,3.225
0,imagenet,full,50,low_score_rescue_10,0,0.93,0.98,0.09530176,0.05,0.7237755102040816,0.12219475661156365,10.0
0,imagenet,full,50,low_score_rescue_10,1,0.935,0.98,0.09622662,0.05,0.7233673469387755,0.12266499797102406,10.0
0,imagenet,full,50,low_score_rescue_10,2,0.945,0.98,0.097696744,0.04,0.7230102040816326,0.120987805131354,10.0
0,imagenet,full,50,low_score_rescue_10,3,0.94,0.98,0.12069682,0.045,0.7233673469387756,0.12174555369864058,10.0
0,imagenet,full,50,low_score_rescue_10,4,0.945,0.98,0.10326141,0.04,0.7237244897959184,0.12132742843783756,10.0
0,imagenet,full,50,random_matched,0,0.95,0.98,0.0922385,0.035,0.7258163265306123,0.12221563866626331,3.225
0,imagenet,full,50,random_matched,1,0.95,0.98,0.0880344,0.035,0.7247448979591837,0.12232197224045266,3.225
0,imagenet,full,50,random_matched,2,0.955,0.98,0.08348515,0.03,0.7255102040816327,0.12309778280036114,3.225
0,imagenet,full,50,random_matched,3,0.945,0.98,0.081106775,0.04,0.7251530612244897,0.12390636994076303,3.225
0,imagenet,full,50,random_matched,4,0.955,0.98,0.08262383,0.03,0.7242346938775509,0.1199523078891625,3.225
0,imagenet,full,75,student,0,0.945,0.98,0.0763968,0.04,0.714795918367347,0.10501550486248504,0.0
0,imagenet,full,75,student,1,0.945,0.98,0.0763968,0.04,0.714795918367347,0.10501550486248504,0.0
0,imagenet,full,75,student,2,0.945,0.98,0.0763968,0.04,0.714795918367347,0.10501550486248504,0.0
0,imagenet,full,75,student,3,0.945,0.98,0.0763968,0.04,0.714795918367347,0.10501550486248504,0.0
0,imagenet,full,75,student,4,0.945,0.98,0.0763968,0.04,0.714795918367347,0.10501550486248504,0.0
0,imagenet,full,75,random,0,0.95,0.98,0.07085513,0.03,0.8246938775510205,0.48994748795493875,0.0
0,imagenet,full,75,random,1,0.965,0.98,0.06002661,0.02,0.8235204081632653,0.4946262972715817,0.0
0,imagenet,full,75,random,2,0.945,0.98,0.086035594,0.035,0.8219387755102041,0.47777470733476307,0.0
0,imagenet,full,75,random,3,0.93,0.98,0.11281219,0.05,0.822857142857143,0.4756299304983063,0.0
0,imagenet,full,75,random,4,0.945,0.98,0.12285635,0.04,0.8268877551020407,0.5175266882325791,0.0
0,imagenet,full,75,random_rescue_10,0,0.945,0.98,0.085075445,0.035,0.7388265306122449,0.20629882100589478,10.0
0,imagenet,full,75,random_rescue_10,1,0.95,0.98,0.073698856,0.035,0.737704081632653,0.17927989684343199,10.0
0,imagenet,full,75,random_rescue_10,2,0.94,0.98,0.101981774,0.045,0.7359183673469387,0.17644893204795292,10.0
0,imagenet,full,75,random_rescue_10,3,0.96,0.98,0.06161675,0.025,0.7376020408163265,0.1814942186747443,10.0
0,imagenet,full,75,random_rescue_10,4,0.945,0.98,0.087435335,0.04,0.7370918367346939,0.18943582799468678,10.0
0,imagenet,full,75,foreground_rescue_10,0,0.945,0.98,0.069647595,0.04,0.6816326530612246,0.031961035764594935,3.25
0,imagenet,full,75,foreground_rescue_10,1,0.93,0.98,0.08284392,0.055,0.6816326530612246,0.031961035764594935,3.25
0,imagenet,full,75,foreground_rescue_10,2,0.945,0.98,0.07317039,0.04,0.6816326530612246,0.031961035764594935,3.25
0,imagenet,full,75,foreground_rescue_10,3,0.945,0.98,0.071097575,0.04,0.6816326530612246,0.031961035764594935,3.25
0,imagenet,full,75,foreground_rescue_10,4,0.95,0.98,0.07134265,0.035,0.6816326530612246,0.031961035764594935,3.25
0,imagenet,full,75,low_score_rescue_10,0,0.94,0.98,0.10083708,0.045,0.7222448979591838,0.11876911540180689,10.0
0,imagenet,full,75,low_score_rescue_10,1,0.94,0.98,0.08709131,0.045,0.7227551020408163,0.11881357805691248,10.0
0,imagenet,full,75,low_score_rescue_10,2,0.94,0.98,0.084526606,0.045,0.7225510204081632,0.12039387275846,10.0
0,imagenet,full,75,low_score_rescue_10,3,0.945,0.98,0.100656435,0.04,0.7233673469387756,0.1215278594336368,10.0
0,imagenet,full,75,low_score_rescue_10,4,0.935,0.98,0.1009025,0.05,0.7227551020408163,0.12062933871597427,10.0
0,imagenet,full,75,random_matched,0,0.94,0.98,0.08957845,0.045,0.7254591836734693,0.12233379783221861,3.25
0,imagenet,full,75,random_matched,1,0.945,0.98,0.07537473,0.04,0.725816326530612,0.12617976215479898,3.25
0,imagenet,full,75,random_matched,2,0.94,0.98,0.07702076,0.045,0.7234183673469389,0.11936470858569194,3.25
0,imagenet,full,75,random_matched,3,0.94,0.98,0.06809494,0.045,0.7261224489795919,0.12670395368715331,3.25
0,imagenet,full,75,random_matched,4,0.945,0.98,0.076382294,0.04,0.724591836734694,0.12211695308048355,3.25
0,imagenet,full,100,student,0,0.94,0.98,0.09850869,0.045,0.7143877551020408,0.10238028370137105,0.0
0,imagenet,full,100,student,1,0.94,0.98,0.09850869,0.045,0.7143877551020408,0.10238028370137105,0.0
0,imagenet,full,100,student,2,0.94,0.98,0.09850869,0.045,0.7143877551020408,0.10238028370137105,0.0
0,imagenet,full,100,student,3,0.94,0.98,0.09850869,0.045,0.7143877551020408,0.10238028370137105,0.0
0,imagenet,full,100,student,4,0.94,0.98,0.09850869,0.045,0.7143877551020408,0.10238028370137105,0.0
0,imagenet,full,100,random,0,0.95,0.98,0.07085513,0.03,0.8246938775510205,0.48994748795493875,0.0
0,imagenet,full,100,random,1,0.965,0.98,0.06002661,0.02,0.8235204081632653,0.4946262972715817,0.0
0,imagenet,full,100,random,2,0.945,0.98,0.086035594,0.035,0.8219387755102041,0.47777470733476307,0.0
0,imagenet,full,100,random,3,0.93,0.98,0.11281219,0.05,0.822857142857143,0.4756299304983063,0.0
0,imagenet,full,100,random,4,0.945,0.98,0.12285635,0.04,0.8268877551020407,0.5175266882325791,0.0
0,imagenet,full,100,random_rescue_10,0,0.95,0.98,0.10735683,0.035,0.7380102040816326,0.20032002956688158,10.0
0,imagenet,full,100,random_rescue_10,1,0.94,0.98,0.10885004,0.045,0.736887755102041,0.18069671108518262,10.0
0,imagenet,full,100,random_rescue_10,2,0.945,0.98,0.09024957,0.045,0.7358673469387756,0.1767514682131575,10.0
0,imagenet,full,100,random_rescue_10,3,0.955,0.98,0.0717582,0.03,0.7356632653061225,0.18238461665199565,10.0
0,imagenet,full,100,random_rescue_10,4,0.935,0.98,0.11072102,0.05,0.7370918367346938,0.1839653337915956,10.0
0,imagenet,full,100,foreground_rescue_10,0,0.945,0.98,0.07844159,0.04,0.6816836734693876,0.03196794584065742,3.205
0,imagenet,full,100,foreground_rescue_10,1,0.94,0.98,0.10436624,0.045,0.6816836734693876,0.03196794584065742,3.205
0,imagenet,full,100,foreground_rescue_10,2,0.94,0.98,0.08823648,0.045,0.6816836734693876,0.03196794584065742,3.205
0,imagenet,full,100,foreground_rescue_10,3,0.94,0.98,0.091535844,0.045,0.6816836734693876,0.03196794584065742,3.205
0,imagenet,full,100,foreground_rescue_10,4,0.94,0.98,0.08689692,0.045,0.6816836734693876,0.03196794584065742,3.205
0,imagenet,full,100,low_score_rescue_10,0,0.95,0.98,0.06863579,0.035,0.7231122448979592,0.12031976875862553,10.0
0,imagenet,full,100,low_score_rescue_10,1,0.93,0.98,0.093703635,0.055,0.7231122448979592,0.12042911294585615,10.0
0,imagenet,full,100,low_score_rescue_10,2,0.935,0.98,0.09379071,0.05,0.7227551020408163,0.12046773168176832,10.0
0,imagenet,full,100,low_score_rescue_10,3,0.94,0.98,0.09313449,0.045,0.7229591836734692,0.11984505883298553,10.0
0,imagenet,full,100,low_score_rescue_10,4,0.945,0.98,0.09382259,0.04,0.7227551020408163,0.12038698578518948,10.0
0,imagenet,full,100,random_matched,0,0.935,0.98,0.09115822,0.05,0.7255102040816327,0.12203959721066941,3.205
0,imagenet,full,100,random_matched,1,0.935,0.98,0.10792507,0.05,0.7259183673469387,0.1220405631750056,3.205
0,imagenet,full,100,random_matched,2,0.94,0.98,0.09267168,0.045,0.7241326530612244,0.11904123874976758,3.205
0,imagenet,full,100,random_matched,3,0.94,0.98,0.0928322,0.045,0.7247448979591837,0.1210156631244349,3.205
0,imagenet,full,100,random_matched,4,0.94,0.98,0.09533991,0.045,0.7233163265306122,0.11861819412396521,3.205
0,imagenet,low_score_rescue_10,0,student,0,0.965,0.98,0.049423896,0.015,0.7058673469387755,0.08231790489358617,0.0
0,imagenet,low_score_rescue_10,0,student,1,0.965,0.98,0.049423896,0.015,0.7058673469387755,0.08231790489358617,0.0
0,imagenet,low_score_rescue_10,0,student,2,0.965,0.98,0.049423896,0.015,0.7058673469387755,0.08231790489358617,0.0
0,imagenet,low_score_rescue_10,0,student,3,0.965,0.98,0.049423896,0.015,0.7058673469387755,0.08231790489358617,0.0
0,imagenet,low_score_rescue_10,0,student,4,0.965,0.98,0.049423896,0.015,0.7058673469387755,0.08231790489358617,0.0
0,imagenet,low_score_rescue_10,0,random,0,0.95,0.98,0.07085513,0.03,0.8246938775510205,0.48994748795493875,0.0
0,imagenet,low_score_rescue_10,0,random,1,0.965,0.98,0.06002661,0.02,0.8235204081632653,0.4946262972715817,0.0
0,imagenet,low_score_rescue_10,0,random,2,0.945,0.98,0.086035594,0.035,0.8219387755102041,0.47777470733476307,0.0
0,imagenet,low_score_rescue_10,0,random,3,0.93,0.98,0.11281219,0.05,0.822857142857143,0.4756299304983063,0.0
0,imagenet,low_score_rescue_10,0,random,4,0.945,0.98,0.12285635,0.04,0.8268877551020407,0.5175266882325791,0.0
0,imagenet,low_score_rescue_10,0,random_rescue_10,0,0.955,0.98,0.07673554,0.03,0.729234693877551,0.1679639018459042,10.0
0,imagenet,low_score_rescue_10,0,random_rescue_10,1,0.96,0.98,0.05731293,0.02,0.7321428571428572,0.17112982691976839,10.0
0,imagenet,low_score_rescue_10,0,random_rescue_10,2,0.955,0.98,0.07880971,0.025,0.7311224489795919,0.17162426857917626,10.0
0,imagenet,low_score_rescue_10,0,random_rescue_10,3,0.955,0.98,0.0690822,0.025,0.7294897959183675,0.17406355448185729,10.0
0,imagenet,low_score_rescue_10,0,random_rescue_10,4,0.94,0.98,0.09882484,0.04,0.7296428571428573,0.15813417548845027,10.0
0,imagenet,low_score_rescue_10,0,foreground_rescue_10,0,0.96,0.98,0.052042674,0.02,0.677295918367347,0.025096868132710646,2.8
0,imagenet,low_score_rescue_10,0,foreground_rescue_10,1,0.96,0.98,0.061706647,0.02,0.677295918367347,0.025096868132710646,2.8
0,imagenet,low_score_rescue_10,0,foreground_rescue_10,2,0.96,0.98,0.057614543,0.02,0.677295918367347,0.025096868132710646,2.8
0,imagenet,low_score_rescue_10,0,foreground_rescue_10,3,0.96,0.98,0.062874764,0.02,0.677295918367347,0.025096868132710646,2.8
0,imagenet,low_score_rescue_10,0,foreground_rescue_10,4,0.96,0.98,0.063759096,0.02,0.677295918367347,0.025096868132710646,2.8
0,imagenet,low_score_rescue_10,0,low_score_rescue_10,0,0.95,0.98,0.07409613,0.03,0.7128571428571427,0.09592084560465473,10.0
0,imagenet,low_score_rescue_10,0,low_score_rescue_10,1,0.96,0.98,0.048454687,0.02,0.7136734693877551,0.09635290260200267,10.0
0,imagenet,low_score_rescue_10,0,low_score_rescue_10,2,0.95,0.98,0.061150827,0.03,0.7132142857142857,0.09623877203175696,10.0
0,imagenet,low_score_rescue_10,0,low_score_rescue_10,3,0.955,0.98,0.07511786,0.025,0.7127551020408163,0.09565284000194518,10.0
0,imagenet,low_score_rescue_10,0,low_score_rescue_10,4,0.955,0.98,0.06678594,0.025,0.7127551020408163,0.09502717675311124,10.0
0,imagenet,low_score_rescue_10,0,random_matched,0,0.96,0.98,0.05148281,0.02,0.7163775510204081,0.09909034654213109,2.8
0,imagenet,low_score_rescue_10,0,random_matched,1,0.965,0.98,0.051132623,0.015,0.7163775510204081,0.10026353536070877,2.8
0,imagenet,low_score_rescue_10,0,random_matched,2,0.95,0.98,0.06500979,0.03,0.7168877551020408,0.10060035762440128,2.8
0,imagenet,low_score_rescue_10,0,random_matched,3,0.96,0.98,0.05155242,0.02,0.7167346938775511,0.10205323439281039,2.8
0,imagenet,low_score_rescue_10,0,random_matched,4,0.955,0.98,0.055842362,0.025,0.7166836734693877,0.09952487927668469,2.8
0,imagenet,low_score_rescue_10,10,student,0,0.955,0.98,0.067555636,0.03,0.7065816326530612,0.08708846369085477,0.0
0,imagenet,low_score_rescue_10,10,student,1,0.955,0.98,0.067555636,0.03,0.7065816326530612,0.08708846369085477,0.0
0,imagenet,low_score_rescue_10,10,student,2,0.955,0.98,0.067555636,0.03,0.7065816326530612,0.08708846369085477,0.0
0,imagenet,low_score_rescue_10,10,student,3,0.955,0.98,0.067555636,0.03,0.7065816326530612,0.08708846369085477,0.0
0,imagenet,low_score_rescue_10,10,student,4,0.955,0.98,0.067555636,0.03,0.7065816326530612,0.08708846369085477,0.0
0,imagenet,low_score_rescue_10,10,random,0,0.95,0.98,0.07085513,0.03,0.8246938775510205,0.48994748795493875,0.0
0,imagenet,low_score_rescue_10,10,random,1,0.965,0.98,0.06002661,0.02,0.8235204081632653,0.4946262972715817,0.0
0,imagenet,low_score_rescue_10,10,random,2,0.945,0.98,0.086035594,0.035,0.8219387755102041,0.47777470733476307,0.0
0,imagenet,low_score_rescue_10,10,random,3,0.93,0.98,0.11281219,0.05,0.822857142857143,0.4756299304983063,0.0
0,imagenet,low_score_rescue_10,10,random,4,0.945,0.98,0.12285635,0.04,0.8268877551020407,0.5175266882325791,0.0
0,imagenet,low_score_rescue_10,10,random_rescue_10,0,0.96,0.98,0.07398785,0.025,0.7308163265306123,0.1829340854556846,10.0
0,imagenet,low_score_rescue_10,10,random_rescue_10,1,0.955,0.98,0.06649063,0.03,0.7308673469387756,0.16612577156200128,10.0
0,imagenet,low_score_rescue_10,10,random_rescue_10,2,0.96,0.98,0.049521483,0.02,0.7317346938775511,0.16347651423482787,10.0
0,imagenet,low_score_rescue_10,10,random_rescue_10,3,0.955,0.98,0.08078581,0.03,0.7313265306122448,0.17613327973263282,10.0
0,imagenet,low_score_rescue_10,10,random_rescue_10,4,0.95,0.98,0.09240548,0.03,0.7306632653061225,0.17383194510323646,10.0
0,imagenet,low_score_rescue_10,10,foreground_rescue_10,0,0.955,0.98,0.07292128,0.03,0.6777551020408165,0.026465067040996913,2.825
0,imagenet,low_score_rescue_10,10,foreground_rescue_10,1,0.955,0.98,0.06672767,0.03,0.6777551020408165,0.026465067040996913,2.825
0,imagenet,low_score_rescue_10,10,foreground_rescue_10,2,0.96,0.98,0.050339166,0.025,0.6777551020408165,0.026465067040996913,2.825
0,imagenet,low_score_rescue_10,10,foreground_rescue_10,3,0.96,0.98,0.05516709,0.025,0.6777551020408165,0.026465067040996913,2.825
0,imagenet,low_score_rescue_10,10,foreground_rescue_10,4,0.955,0.98,0.073870294,0.03,0.6777551020408165,0.026465067040996913,2.825
0,imagenet,low_score_rescue_10,10,low_score_rescue_10,0,0.94,0.98,0.10567767,0.04,0.7157653061224489,0.10508701467385266,10.0
0,imagenet,low_score_rescue_10,10,low_score_rescue_10,1,0.95,0.98,0.09247023,0.035,0.7146938775510204,0.1028695401000597,10.0
0,imagenet,low_score_rescue_10,10,low_score_rescue_10,2,0.94,0.98,0.08296663,0.04,0.714795918367347,0.10385817607494707,10.0
0,imagenet,low_score_rescue_10,10,low_score_rescue_10,3,0.95,0.98,0.07464416,0.03,0.715408163265306,0.1049166976873524,10.0
0,imagenet,low_score_rescue_10,10,low_score_rescue_10,4,0.95,0.98,0.09577529,0.035,0.7148469387755102,0.10275493666567566,10.0
0,imagenet,low_score_rescue_10,10,random_matched,0,0.965,0.98,0.053898014,0.02,0.717908163265306,0.10610625840131019,2.825
0,imagenet,low_score_rescue_10,10,random_matched,1,0.965,0.98,0.05470897,0.02,0.7168367346938774,0.10402005648013943,2.825
0,imagenet,low_score_rescue_10,10,random_matched,2,0.955,0.98,0.06466349,0.03,0.7163775510204082,0.10376166171151219,2.825
0,imagenet,low_score_rescue_10,10,random_matched,3,0.96,0.98,0.05397012,0.025,0.7161224489795918,0.10332329823685849,2.825
0,imagenet,low_score_rescue_10,10,random_matched,4,0.955,0.98,0.06701307,0.03,0.7164285714285714,0.1024786261896156,2.825
0,imagenet,low_score_rescue_10,25,student,0,0.95,0.98,0.075984955,0.035,0.7075510204081632,0.08873379549886387,0.0
0,imagenet,low_score_rescue_10,25,student,1,0.95,0.98,0.075984955,0.035,0.7075510204081632,0.08873379549886387,0.0
0,imagenet,low_score_rescue_10,25,student,2,0.95,0.98,0.075984955,0.035,0.7075510204081632,0.08873379549886387,0.0
0,imagenet,low_score_rescue_10,25,student,3,0.95,0.98,0.075984955,0.035,0.7075510204081632,0.08873379549886387,0.0
0,imagenet,low_score_rescue_10,25,student,4,0.95,0.98,0.075984955,0.035,0.7075510204081632,0.08873379549886387,0.0
0,imagenet,low_score_rescue_10,25,random,0,0.95,0.98,0.07085513,0.03,0.8246938775510205,0.48994748795493875,0.0
0,imagenet,low_score_rescue_10,25,random,1,0.965,0.98,0.06002661,0.02,0.8235204081632653,0.4946262972715817,0.0
0,imagenet,low_score_rescue_10,25,random,2,0.945,0.98,0.086035594,0.035,0.8219387755102041,0.47777470733476307,0.0
0,imagenet,low_score_rescue_10,25,random,3,0.93,0.98,0.11281219,0.05,0.822857142857143,0.4756299304983063,0.0
0,imagenet,low_score_rescue_10,25,random,4,0.945,0.98,0.12285635,0.04,0.8268877551020407,0.5175266882325791,0.0
0,imagenet,low_score_rescue_10,25,random_rescue_10,0,0.945,0.98,0.11305363,0.04,0.7316836734693877,0.1842610640124427,10.0
0,imagenet,low_score_rescue_10,25,random_rescue_10,1,0.95,0.98,0.06633281,0.03,0.7302551020408162,0.16917146271275602,10.0
0,imagenet,low_score_rescue_10,25,random_rescue_10,2,0.95,0.98,0.087645836,0.035,0.7328061224489795,0.16341261457387893,10.0
0,imagenet,low_score_rescue_10,25,random_rescue_10,3,0.955,0.98,0.05204667,0.03,0.7323469387755103,0.1851336806475179,10.0
0,imagenet,low_score_rescue_10,25,random_rescue_10,4,0.945,0.98,0.08140482,0.035,0.7308673469387754,0.16687072228486258,10.0
0,imagenet,low_score_rescue_10,25,foreground_rescue_10,0,0.945,0.98,0.072786346,0.04,0.6785714285714286,0.0282415410010903,2.84
0,imagenet,low_score_rescue_10,25,foreground_rescue_10,1,0.95,0.98,0.06596793,0.035,0.6785714285714286,0.0282415410010903,2.84
0,imagenet,low_score_rescue_10,25,foreground_rescue_10,2,0.945,0.98,0.06679289,0.04,0.6785714285714286,0.0282415410010903,2.84
0,imagenet,low_score_rescue_10,25,foreground_rescue_10,3,0.95,0.98,0.05582482,0.035,0.6785714285714286,0.0282415410010903,2.84
0,imagenet,low_score_rescue_10,25,foreground_rescue_10,4,0.95,0.98,0.06631941,0.035,0.6785714285714286,0.0282415410010903,2.84
0,imagenet,low_score_rescue_10,25,low_score_rescue_10,0,0.955,0.98,0.06480488,0.03,0.7153061224489795,0.1027271868642707,10.0
0,imagenet,low_score_rescue_10,25,low_score_rescue_10,1,0.955,0.98,0.065978795,0.03,0.7152551020408162,0.10373200048177005,10.0
0,imagenet,low_score_rescue_10,25,low_score_rescue_10,2,0.955,0.98,0.077513665,0.03,0.7155612244897958,0.10363178807746128,10.0
0,imagenet,low_score_rescue_10,25,low_score_rescue_10,3,0.96,0.98,0.06523263,0.025,0.715561224489796,0.10350131937429204,10.0
0,imagenet,low_score_rescue_10,25,low_score_rescue_10,4,0.95,0.98,0.085922584,0.035,0.7154591836734694,0.10375534819448796,10.0
0,imagenet,low_score_rescue_10,25,random_matched,0,0.945,0.98,0.1048023,0.04,0.717857142857143,0.10513709468079697,2.84
0,imagenet,low_score_rescue_10,25,random_matched,1,0.945,0.98,0.07088808,0.04,0.7181122448979592,0.10625488161937058,2.84
0,imagenet,low_score_rescue_10,25,random_matched,2,0.945,0.98,0.09200757,0.04,0.7173469387755103,0.1052962744982872,2.84
0,imagenet,low_score_rescue_10,25,random_matched,3,0.95,0.98,0.06703698,0.035,0.7169897959183673,0.1044245580382953,2.84
0,imagenet,low_score_rescue_10,25,random_matched,4,0.95,0.98,0.08471656,0.035,0.7167346938775511,0.10353653418424869,2.84
0,imagenet,low_score_rescue_10,50,student,0,0.945,0.98,0.11033008,0.04,0.7081122448979592,0.09168713212176158,0.0
0,imagenet,low_score_rescue_10,50,student,1,0.945,0.98,0.11033008,0.04,0.7081122448979592,0.09168713212176158,0.0
0,imagenet,low_score_rescue_10,50,student,2,0.945,0.98,0.11033008,0.04,0.7081122448979592,0.09168713212176158,0.0
0,imagenet,low_score_rescue_10,50,student,3,0.945,0.98,0.11033008,0.04,0.7081122448979592,0.09168713212176158,0.0
0,imagenet,low_score_rescue_10,50,student,4,0.945,0.98,0.11033008,0.04,0.7081122448979592,0.09168713212176158,0.0
0,imagenet,low_score_rescue_10,50,random,0,0.95,0.98,0.07085513,0.03,0.8246938775510205,0.48994748795493875,0.0
0,imagenet,low_score_rescue_10,50,random,1,0.965,0.98,0.06002661,0.02,0.8235204081632653,0.4946262972715817,0.0
0,imagenet,low_score_rescue_10,50,random,2,0.945,0.98,0.086035594,0.035,0.8219387755102041,0.47777470733476307,0.0
0,imagenet,low_score_rescue_10,50,random,3,0.93,0.98,0.11281219,0.05,0.822857142857143,0.4756299304983063,0.0
0,imagenet,low_score_rescue_10,50,random,4,0.945,0.98,0.12285635,0.04,0.8268877551020407,0.5175266882325791,0.0
0,imagenet,low_score_rescue_10,50,random_rescue_10,0,0.95,0.98,0.096991844,0.035,0.7321428571428571,0.1976115258557909,10.0
0,imagenet,low_score_rescue_10,50,random_rescue_10,1,0.93,0.98,0.11843069,0.055,0.7321428571428572,0.17951909009787748,10.0
0,imagenet,low_score_rescue_10,50,random_rescue_10,2,0.955,0.98,0.0670327,0.03,0.7332653061224491,0.17254971720258158,10.0
0,imagenet,low_score_rescue_10,50,random_rescue_10,3,0.95,0.98,0.1036017,0.035,0.7319897959183673,0.1754503363317065,10.0
0,imagenet,low_score_rescue_10,50,random_rescue_10,4,0.93,0.98,0.11624836,0.05,0.7321428571428571,0.1737865741536795,10.0
0,imagenet,low_score_rescue_10,50,foreground_rescue_10,0,0.945,0.98,0.10027534,0.04,0.6786224489795919,0.028748260095687563,2.89
0,imagenet,low_score_rescue_10,50,foreground_rescue_10,1,0.95,0.98,0.074737065,0.035,0.6786224489795919,0.028748260095687563,2.89
0,imagenet,low_score_rescue_10,50,foreground_rescue_10,2,0.95,0.98,0.07617548,0.035,0.6786224489795919,0.028748260095687563,2.89
0,imagenet,low_score_rescue_10,50,foreground_rescue_10,3,0.94,0.98,0.09429556,0.045,0.6786224489795919,0.028748260095687563,2.89
0,imagenet,low_score_rescue_10,50,foreground_rescue_10,4,0.945,0.98,0.09025056,0.04,0.6786224489795919,0.028748260095687563,2.89
0,imagenet,low_score_rescue_10,50,low_score_rescue_10,0,0.935,0.98,0.11189463,0.05,0.7161734693877552,0.10814477514620181,10.0
0,imagenet,low_score_rescue_10,50,low_score_rescue_10,1,0.94,0.98,0.106230356,0.045,0.7162244897959184,0.10872441914708897,10.0
0,imagenet,low_score_rescue_10,50,low_score_rescue_10,2,0.945,0.98,0.10395362,0.04,0.715561224489796,0.10756537233165489,10.0
0,imagenet,low_score_rescue_10,50,low_score_rescue_10,3,0.95,0.98,0.07576104,0.035,0.7163265306122448,0.10935761109092071,10.0
0,imagenet,low_score_rescue_10,50,low_score_rescue_10,4,0.945,0.98,0.091821775,0.04,0.7157142857142855,0.10921492857595044,10.0
0,imagenet,low_score_rescue_10,50,random_matched,0,0.945,0.98,0.09682694,0.04,0.7184183673469389,0.10854325528780434,2.89
0,imagenet,low_score_rescue_10,50,random_matched,1,0.945,0.98,0.103327125,0.04,0.7183163265306124,0.10721249736850946,2.89
0,imagenet,low_score_rescue_10,50,random_matched,2,0.945,0.98,0.0942545,0.04,0.7169897959183673,0.10575792706090846,2.89
0,imagenet,low_score_rescue_10,50,random_matched,3,0.935,0.98,0.11623249,0.05,0.7176020408163265,0.1089200151485177,2.89
0,imagenet,low_score_rescue_10,50,random_matched,4,0.94,0.98,0.111468695,0.045,0.7181122448979592,0.10815388077703937,2.89
0,imagenet,low_score_rescue_10,75,student,0,0.94,0.98,0.087835066,0.04,0.7091326530612245,0.09456043084185349,0.0
0,imagenet,low_score_rescue_10,75,student,1,0.94,0.98,0.087835066,0.04,0.7091326530612245,0.09456043084185349,0.0
0,imagenet,low_score_rescue_10,75,student,2,0.94,0.98,0.087835066,0.04,0.7091326530612245,0.09456043084185349,0.0
0,imagenet,low_score_rescue_10,75,student,3,0.94,0.98,0.087835066,0.04,0.7091326530612245,0.09456043084185349,0.0
0,imagenet,low_score_rescue_10,75,student,4,0.94,0.98,0.087835066,0.04,0.7091326530612245,0.09456043084185349,0.0
0,imagenet,low_score_rescue_10,75,random,0,0.95,0.98,0.07085513,0.03,0.8246938775510205,0.48994748795493875,0.0
0,imagenet,low_score_rescue_10,75,random,1,0.965,0.98,0.06002661,0.02,0.8235204081632653,0.4946262972715817,0.0
0,imagenet,low_score_rescue_10,75,random,2,0.945,0.98,0.086035594,0.035,0.8219387755102041,0.47777470733476307,0.0
0,imagenet,low_score_rescue_10,75,random,3,0.93,0.98,0.11281219,0.05,0.822857142857143,0.4756299304983063,0.0
0,imagenet,low_score_rescue_10,75,random,4,0.945,0.98,0.12285635,0.04,0.8268877551020407,0.5175266882325791,0.0
0,imagenet,low_score_rescue_10,75,random_rescue_10,0,0.94,0.98,0.11778885,0.045,0.7337755102040816,0.1967709254945077,10.0
0,imagenet,low_score_rescue_10,75,random_rescue_10,1,0.945,0.98,0.093675114,0.035,0.7345408163265306,0.18307693825933283,10.0
0,imagenet,low_score_rescue_10,75,random_rescue_10,2,0.95,0.98,0.05290985,0.03,0.7331632653061226,0.1769625616133705,10.0
0,imagenet,low_score_rescue_10,75,random_rescue_10,3,0.935,0.98,0.082991466,0.045,0.7328571428571429,0.1816094394207702,10.0
0,imagenet,low_score_rescue_10,75,random_rescue_10,4,0.945,0.98,0.07379257,0.035,0.7325,0.1702738909208034,10.0
0,imagenet,low_score_rescue_10,75,foreground_rescue_10,0,0.95,0.98,0.06720752,0.03,0.6793367346938775,0.02953345594101164,2.92
0,imagenet,low_score_rescue_10,75,foreground_rescue_10,1,0.955,0.98,0.051860385,0.025,0.6793367346938775,0.02953345594101164,2.92
0,imagenet,low_score_rescue_10,75,foreground_rescue_10,2,0.945,0.98,0.059726745,0.035,0.6793367346938775,0.02953345594101164,2.92
0,imagenet,low_score_rescue_10,75,foreground_rescue_10,3,0.945,0.98,0.07125309,0.035,0.6793367346938775,0.02953345594101164,2.92
0,imagenet,low_score_rescue_10,75,foreground_rescue_10,4,0.945,0.98,0.074325025,0.035,0.6793367346938775,0.02953345594101164,2.92
0,imagenet,low_score_rescue_10,75,low_score_rescue_10,0,0.94,0.98,0.088286035,0.04,0.716938775510204,0.10858543232670903,10.0
0,imagenet,low_score_rescue_10,75,low_score_rescue_10,1,0.95,0.98,0.06683784,0.035,0.718265306122449,0.1131019186198205,10.0
0,imagenet,low_score_rescue_10,75,low_score_rescue_10,2,0.94,0.98,0.08069502,0.04,0.7169897959183673,0.10954905309631414,10.0
0,imagenet,low_score_rescue_10,75,low_score_rescue_10,3,0.945,0.98,0.05790496,0.035,0.7180102040816325,0.11151909680380469,10.0
0,imagenet,low_score_rescue_10,75,low_score_rescue_10,4,0.94,0.98,0.09457329,0.04,0.7174489795918367,0.11062395759909593,10.0
0,imagenet,low_score_rescue_10,75,random_matched,0,0.94,0.98,0.07915273,0.04,0.7187755102040816,0.11059796984275441,2.92
0,imagenet,low_score_rescue_10,75,random_matched,1,0.945,0.98,0.07453337,0.035,0.7196428571428573,0.11396317971292412,2.92
0,imagenet,low_score_rescue_10,75,random_matched,2,0.945,0.98,0.058624715,0.035,0.7189285714285714,0.11136955669506515,2.92
0,imagenet,low_score_rescue_10,75,random_matched,3,0.95,0.98,0.076731205,0.03,0.7191326530612245,0.11153569419444063,2.92
0,imagenet,low_score_rescue_10,75,random_matched,4,0.945,0.98,0.07280914,0.035,0.7185204081632653,0.11140299703688275,2.92
0,imagenet,low_score_rescue_10,100,student,0,0.94,0.98,0.10274462,0.04,0.7085204081632653,0.09210292476140396,0.0
0,imagenet,low_score_rescue_10,100,student,1,0.94,0.98,0.10274462,0.04,0.7085204081632653,0.09210292476140396,0.0
0,imagenet,low_score_rescue_10,100,student,2,0.94,0.98,0.10274462,0.04,0.7085204081632653,0.09210292476140396,0.0
0,imagenet,low_score_rescue_10,100,student,3,0.94,0.98,0.10274462,0.04,0.7085204081632653,0.09210292476140396,0.0
0,imagenet,low_score_rescue_10,100,student,4,0.94,0.98,0.10274462,0.04,0.7085204081632653,0.09210292476140396,0.0
0,imagenet,low_score_rescue_10,100,random,0,0.95,0.98,0.07085513,0.03,0.8246938775510205,0.48994748795493875,0.0
0,imagenet,low_score_rescue_10,100,random,1,0.965,0.98,0.06002661,0.02,0.8235204081632653,0.4946262972715817,0.0
0,imagenet,low_score_rescue_10,100,random,2,0.945,0.98,0.086035594,0.035,0.8219387755102041,0.47777470733476307,0.0
0,imagenet,low_score_rescue_10,100,random,3,0.93,0.98,0.11281219,0.05,0.822857142857143,0.4756299304983063,0.0
0,imagenet,low_score_rescue_10,100,random,4,0.945,0.98,0.12285635,0.04,0.8268877551020407,0.5175266882325791,0.0
0,imagenet,low_score_rescue_10,100,random_rescue_10,0,0.94,0.98,0.09408777,0.045,0.7317346938775509,0.17958090761536746,10.0
0,imagenet,low_score_rescue_10,100,random_rescue_10,1,0.945,0.98,0.12521027,0.04,0.7329081632653062,0.17527158969984952,10.0
0,imagenet,low_score_rescue_10,100,random_rescue_10,2,0.945,0.98,0.08086447,0.035,0.732704081632653,0.1713531316628574,10.0
0,imagenet,low_score_rescue_10,100,random_rescue_10,3,0.95,0.98,0.107851654,0.035,0.7324489795918367,0.16946263050288643,10.0
0,imagenet,low_score_rescue_10,100,random_rescue_10,4,0.94,0.98,0.11761164,0.04,0.7325,0.16965452811114606,10.0
0,imagenet,low_score_rescue_10,100,foreground_rescue_10,0,0.95,0.98,0.08158064,0.03,0.6791836734693877,0.02942930418565418,2.875
0,imagenet,low_score_rescue_10,100,foreground_rescue_10,1,0.945,0.98,0.07496317,0.035,0.6791836734693877,0.02942930418565418,2.875
0,imagenet,low_score_rescue_10,100,foreground_rescue_10,2,0.95,0.98,0.08855888,0.03,0.6791836734693877,0.02942930418565418,2.875
0,imagenet,low_score_rescue_10,100,foreground_rescue_10,3,0.95,0.98,0.08085821,0.03,0.6791836734693877,0.02942930418565418,2.875
0,imagenet,low_score_rescue_10,100,foreground_rescue_10,4,0.945,0.98,0.09380282,0.035,0.6791836734693877,0.02942930418565418,2.875
0,imagenet,low_score_rescue_10,100,low_score_rescue_10,0,0.94,0.98,0.07160482,0.045,0.7169897959183673,0.10881459124053026,10.0
0,imagenet,low_score_rescue_10,100,low_score_rescue_10,1,0.94,0.98,0.079105414,0.045,0.717091836734694,0.10761124681990263,10.0
0,imagenet,low_score_rescue_10,100,low_score_rescue_10,2,0.935,0.98,0.08529667,0.045,0.7168877551020408,0.10780162504043676,10.0
0,imagenet,low_score_rescue_10,100,low_score_rescue_10,3,0.95,0.98,0.070692085,0.035,0.7164285714285714,0.10683278389375143,10.0
0,imagenet,low_score_rescue_10,100,low_score_rescue_10,4,0.945,0.98,0.09693071,0.04,0.7167346938775511,0.10802456814026132,10.0
0,imagenet,low_score_rescue_10,100,random_matched,0,0.94,0.98,0.10859707,0.04,0.7184183673469388,0.1092229703511609,2.875
0,imagenet,low_score_rescue_10,100,random_matched,1,0.945,0.98,0.10009901,0.035,0.7181632653061224,0.10797125867098159,2.875
0,imagenet,low_score_rescue_10,100,random_matched,2,0.94,0.98,0.08580656,0.04,0.7187244897959184,0.10932727636836126,2.875
0,imagenet,low_score_rescue_10,100,random_matched,3,0.95,0.98,0.08623232,0.03,0.7187244897959184,0.1106096592618083,2.875
0,imagenet,low_score_rescue_10,100,random_matched,4,0.945,0.98,0.097583316,0.035,0.7177551020408164,0.10793829390629922,2.875
0,imagenet,random,0,student,0,0.965,0.98,0.049423896,0.015,0.7058673469387755,0.08231790489358617,0.0
0,imagenet,random,0,student,1,0.965,0.98,0.049423896,0.015,0.7058673469387755,0.08231790489358617,0.0
0,imagenet,random,0,student,2,0.965,0.98,0.049423896,0.015,0.7058673469387755,0.08231790489358617,0.0
0,imagenet,random,0,student,3,0.965,0.98,0.049423896,0.015,0.7058673469387755,0.08231790489358617,0.0
0,imagenet,random,0,student,4,0.965,0.98,0.049423896,0.015,0.7058673469387755,0.08231790489358617,0.0
0,imagenet,random,0,random,0,0.95,0.98,0.07085513,0.03,0.8246938775510205,0.48994748795493875,0.0
0,imagenet,random,0,random,1,0.965,0.98,0.06002661,0.02,0.8235204081632653,0.4946262972715817,0.0
0,imagenet,random,0,random,2,0.945,0.98,0.086035594,0.035,0.8219387755102041,0.47777470733476307,0.0
0,imagenet,random,0,random,3,0.93,0.98,0.11281219,0.05,0.822857142857143,0.4756299304983063,0.0
0,imagenet,random,0,random,4,0.945,0.98,0.12285635,0.04,0.8268877551020407,0.5175266882325791,0.0
0,imagenet,random,0,random_rescue_10,0,0.955,0.98,0.07673554,0.03,0.729234693877551,0.1679639018459042,10.0
0,imagenet,random,0,random_rescue_10,1,0.96,0.98,0.05731293,0.02,0.7321428571428572,0.17112982691976839,10.0
0,imagenet,random,0,random_rescue_10,2,0.955,0.98,0.07880971,0.025,0.7311224489795919,0.17162426857917626,10.0
0,imagenet,random,0,random_rescue_10,3,0.955,0.98,0.0690822,0.025,0.7294897959183675,0.17406355448185729,10.0
0,imagenet,random,0,random_rescue_10,4,0.94,0.98,0.09882484,0.04,0.7296428571428573,0.15813417548845027,10.0
0,imagenet,random,0,foreground_rescue_10,0,0.96,0.98,0.052042674,0.02,0.677295918367347,0.025096868132710646,2.8
0,imagenet,random,0,foreground_rescue_10,1,0.96,0.98,0.061706647,0.02,0.677295918367347,0.025096868132710646,2.8
0,imagenet,random,0,foreground_rescue_10,2,0.96,0.98,0.057614543,0.02,0.677295918367347,0.025096868132710646,2.8
0,imagenet,random,0,foreground_rescue_10,3,0.96,0.98,0.062874764,0.02,0.677295918367347,0.025096868132710646,2.8
0,imagenet,random,0,foreground_rescue_10,4,0.96,0.98,0.063759096,0.02,0.677295918367347,0.025096868132710646,2.8
0,imagenet,random,0,low_score_rescue_10,0,0.95,0.98,0.07409613,0.03,0.7128571428571427,0.09592084560465473,10.0
0,imagenet,random,0,low_score_rescue_10,1,0.96,0.98,0.048454687,0.02,0.7136734693877551,0.09635290260200267,10.0
0,imagenet,random,0,low_score_rescue_10,2,0.95,0.98,0.061150827,0.03,0.7132142857142857,0.09623877203175696,10.0
0,imagenet,random,0,low_score_rescue_10,3,0.955,0.98,0.07511786,0.025,0.7127551020408163,0.09565284000194518,10.0
0,imagenet,random,0,low_score_rescue_10,4,0.955,0.98,0.06678594,0.025,0.7127551020408163,0.09502717675311124,10.0
0,imagenet,random,0,random_matched,0,0.96,0.98,0.05148281,0.02,0.7163775510204081,0.09909034654213109,2.8
0,imagenet,random,0,random_matched,1,0.965,0.98,0.051132623,0.015,0.7163775510204081,0.10026353536070877,2.8
0,imagenet,random,0,random_matched,2,0.95,0.98,0.06500979,0.03,0.7168877551020408,0.10060035762440128,2.8
0,imagenet,random,0,random_matched,3,0.96,0.98,0.05155242,0.02,0.7167346938775511,0.10205323439281039,2.8
0,imagenet,random,0,random_matched,4,0.955,0.98,0.055842362,0.025,0.7166836734693877,0.09952487927668469,2.8
0,imagenet,random,10,student,0,0.955,0.98,0.06007116,0.025,0.7049489795918368,0.08322334942729757,0.0
0,imagenet,random,10,student,1,0.955,0.98,0.06007116,0.025,0.7049489795918368,0.08322334942729757,0.0
0,imagenet,random,10,student,2,0.955,0.98,0.06007116,0.025,0.7049489795918368,0.08322334942729757,0.0
0,imagenet,random,10,student,3,0.955,0.98,0.06007116,0.025,0.7049489795918368,0.08322334942729757,0.0
0,imagenet,random,10,student,4,0.955,0.98,0.06007116,0.025,0.7049489795918368,0.08322334942729757,0.0
0,imagenet,random,10,random,0,0.95,0.98,0.07085513,0.03,0.8246938775510205,0.48994748795493875,0.0
0,imagenet,random,10,random,1,0.965,0.98,0.06002661,0.02,0.8235204081632653,0.4946262972715817,0.0
0,imagenet,random,10,random,2,0.945,0.98,0.086035594,0.035,0.8219387755102041,0.47777470733476307,0.0
0,imagenet,random,10,random,3,0.93,0.98,0.11281219,0.05,0.822857142857143,0.4756299304983063,0.0
0,imagenet,random,10,random,4,0.945,0.98,0.12285635,0.04,0.8268877551020407,0.5175266882325791,0.0
0,imagenet,random,10,random_rescue_10,0,0.95,0.98,0.06678291,0.03,0.7300510204081633,0.167723598000008,10.0
0,imagenet,random,10,random_rescue_10,1,0.955,0.98,0.06470373,0.025,0.7307653061224489,0.16461448333338874,10.0
0,imagenet,random,10,random_rescue_10,2,0.955,0.98,0.07092918,0.03,0.729642857142857,0.16754518979743993,10.0
0,imagenet,random,10,random_rescue_10,3,0.95,0.98,0.061081048,0.03,0.7306122448979592,0.16445609292754823,10.0
0,imagenet,random,10,random_rescue_10,4,0.945,0.98,0.100805275,0.035,0.729795918367347,0.1764096352149771,10.0
0,imagenet,random,10,foreground_rescue_10,0,0.95,0.98,0.07254322,0.03,0.6771428571428573,0.02582483150695528,2.725
0,imagenet,random,10,foreground_rescue_10,1,0.95,0.98,0.076494016,0.03,0.6771428571428573,0.02582483150695528,2.725
0,imagenet,random,10,foreground_rescue_10,2,0.955,0.98,0.05644253,0.025,0.6771428571428573,0.02582483150695528,2.725
0,imagenet,random,10,foreground_rescue_10,3,0.95,0.98,0.07192197,0.03,0.6771428571428573,0.02582483150695528,2.725
0,imagenet,random,10,foreground_rescue_10,4,0.95,0.98,0.08356356,0.03,0.6771428571428573,0.02582483150695528,2.725
0,imagenet,random,10,low_score_rescue_10,0,0.965,0.98,0.04290597,0.02,0.7120408163265306,0.09721269616495583,10.0
0,imagenet,random,10,low_score_rescue_10,1,0.955,0.98,0.053791698,0.03,0.712704081632653,0.09717323388503202,10.0
0,imagenet,random,10,low_score_rescue_10,2,0.965,0.98,0.041572344,0.02,0.7116326530612244,0.0969794616182298,10.0
0,imagenet,random,10,low_score_rescue_10,3,0.97,0.98,0.036916256,0.015,0.7121938775510205,0.09686616822345373,10.0
0,imagenet,random,10,low_score_rescue_10,4,0.96,0.98,0.049321964,0.025,0.7130102040816325,0.09925861977986077,10.0
0,imagenet,random,10,random_matched,0,0.955,0.98,0.05457909,0.025,0.715765306122449,0.10044361414844567,2.725
0,imagenet,random,10,random_matched,1,0.955,0.98,0.06193794,0.025,0.714591836734694,0.09848876287913824,2.725
0,imagenet,random,10,random_matched,2,0.95,0.98,0.065261945,0.03,0.7145408163265308,0.0980974994465466,2.725
0,imagenet,random,10,random_matched,3,0.95,0.98,0.06546906,0.03,0.714795918367347,0.09915110915669226,2.725
0,imagenet,random,10,random_matched,4,0.95,0.98,0.060205534,0.03,0.7137755102040816,0.09619806964488513,2.725
0,imagenet,random,25,student,0,0.94,0.98,0.073724054,0.04,0.7040816326530611,0.08043367897344751,0.0
0,imagenet,random,25,student,1,0.94,0.98,0.073724054,0.04,0.7040816326530611,0.08043367897344751,0.0
0,imagenet,random,25,student,2,0.94,0.98,0.073724054,0.04,0.7040816326530611,0.08043367897344751,0.0
0,imagenet,random,25,student,3,0.94,0.98,0.073724054,0.04,0.7040816326530611,0.08043367897344751,0.0
0,imagenet,random,25,student,4,0.94,0.98,0.073724054,0.04,0.7040816326530611,0.08043367897344751,0.0
0,imagenet,random,25,random,0,0.95,0.98,0.07085513,0.03,0.8246938775510205,0.48994748795493875,0.0
0,imagenet,random,25,random,1,0.965,0.98,0.06002661,0.02,0.8235204081632653,0.4946262972715817,0.0
0,imagenet,random,25,random,2,0.945,0.98,0.086035594,0.035,0.8219387755102041,0.47777470733476307,0.0
0,imagenet,random,25,random,3,0.93,0.98,0.11281219,0.05,0.822857142857143,0.4756299304983063,0.0
0,imagenet,random,25,random,4,0.945,0.98,0.12285635,0.04,0.8268877551020407,0.5175266882325791,0.0
0,imagenet,random,25,random_rescue_10,0,0.955,0.98,0.040267363,0.025,0.7307142857142856,0.18429756445294088,10.0
0,imagenet,random,25,random_rescue_10,1,0.945,0.98,0.076686956,0.035,0.7280612244897959,0.1599457539279888,10.0
0,imagenet,random,25,random_rescue_10,2,0.945,0.98,0.06139394,0.035,0.7296938775510204,0.163229737310213,10.0
0,imagenet,random,25,random_rescue_10,3,0.96,0.98,0.050502777,0.02,0.7292857142857143,0.1656983020887046,10.0
0,imagenet,random,25,random_rescue_10,4,0.935,0.98,0.08287406,0.045,0.7288265306122449,0.17349525973538574,10.0
0,imagenet,random,25,foreground_rescue_10,0,0.935,0.98,0.09383945,0.045,0.6766326530612244,0.024963763059883994,2.69
0,imagenet,random,25,foreground_rescue_10,1,0.935,0.98,0.079833955,0.045,0.6766326530612244,0.024963763059883994,2.69
0,imagenet,random,25,foreground_rescue_10,2,0.94,0.98,0.066403724,0.04,0.6766326530612244,0.024963763059883994,2.69
0,imagenet,random,25,foreground_rescue_10,3,0.94,0.98,0.07257231,0.04,0.6766326530612244,0.024963763059883994,2.69
0,imagenet,random,25,foreground_rescue_10,4,0.94,0.98,0.07573588,0.04,0.6766326530612244,0.024963763059883994,2.69
0,imagenet,random,25,low_score_rescue_10,0,0.94,0.98,0.06498491,0.045,0.7107142857142857,0.09297196956717207,10.0
0,imagenet,random,25,low_score_rescue_10,1,0.945,0.98,0.04756801,0.035,0.7107653061224489,0.09312355383894606,10.0
0,imagenet,random,25,low_score_rescue_10,2,0.95,0.98,0.05763725,0.035,0.7101530612244897,0.09234192325777293,10.0
0,imagenet,random,25,low_score_rescue_10,3,0.96,0.98,0.043683168,0.02,0.7110204081632654,0.09395698123776615,10.0
0,imagenet,random,25,low_score_rescue_10,4,0.94,0.98,0.088493064,0.04,0.7108673469387756,0.09404027921646693,10.0
0,imagenet,random,25,random_matched,0,0.94,0.98,0.07475741,0.04,0.714234693877551,0.09721904264999993,2.69
0,imagenet,random,25,random_matched,1,0.95,0.98,0.06503126,0.03,0.7150510204081633,0.09810857216402566,2.69
0,imagenet,random,25,random_matched,2,0.935,0.98,0.092210084,0.045,0.7145408163265305,0.09927174885316341,2.69
0,imagenet,random,25,random_matched,3,0.935,0.98,0.074753694,0.045,0.715,0.09902334904512372,2.69
0,imagenet,random,25,random_matched,4,0.945,0.98,0.07361255,0.035,0.7132142857142857,0.09593824183686442,2.69
0,imagenet,random,50,student,0,0.955,0.98,0.056786694,0.025,0.7085204081632653,0.09043565060964394,0.0
0,imagenet,random,50,student,1,0.955,0.98,0.056786694,0.025,0.7085204081632653,0.09043565060964394,0.0
0,imagenet,random,50,student,2,0.955,0.98,0.056786694,0.025,0.7085204081632653,0.09043565060964394,0.0
0,imagenet,random,50,student,3,0.955,0.98,0.056786694,0.025,0.7085204081632653,0.09043565060964394,0.0
0,imagenet,random,50,student,4,0.955,0.98,0.056786694,0.025,0.7085204081632653,0.09043565060964394,0.0
0,imagenet,random,50,random,0,0.95,0.98,0.07085513,0.03,0.8246938775510205,0.48994748795493875,0.0
0,imagenet,random,50,random,1,0.965,0.98,0.06002661,0.02,0.8235204081632653,0.4946262972715817,0.0
0,imagenet,random,50,random,2,0.945,0.98,0.086035594,0.035,0.8219387755102041,0.47777470733476307,0.0
0,imagenet,random,50,random,3,0.93,0.98,0.11281219,0.05,0.822857142857143,0.4756299304983063,0.0
0,imagenet,random,50,random,4,0.945,0.98,0.12285635,0.04,0.8268877551020407,0.5175266882325791,0.0
0,imagenet,random,50,random_rescue_10,0,0.955,0.98,0.061381437,0.025,0.732704081632653,0.17271622413014032,10.0
0,imagenet,random,50,random_rescue_10,1,0.955,0.98,0.07245949,0.025,0.7333163265306122,0.16416070618713638,10.0
0,imagenet,random,50,random_rescue_10,2,0.965,0.98,0.063835524,0.02,0.7326020408163265,0.17548070193732243,10.0
0,imagenet,random,50,random_rescue_10,3,0.95,0.98,0.06507551,0.03,0.7335714285714287,0.1740625652865078,10.0
0,imagenet,random,50,random_rescue_10,4,0.955,0.98,0.07422517,0.025,0.7316836734693878,0.1663588382254292,10.0
0,imagenet,random,50,foreground_rescue_10,0,0.95,0.98,0.057965353,0.03,0.6792346938775511,0.028683860504874023,2.87
0,imagenet,random,50,foreground_rescue_10,1,0.95,0.98,0.056396667,0.03,0.6792346938775511,0.028683860504874023,2.87
0,imagenet,random,50,foreground_rescue_10,2,0.95,0.98,0.05921316,0.03,0.6792346938775511,0.028683860504874023,2.87
0,imagenet,random,50,foreground_rescue_10,3,0.955,0.98,0.052275646,0.025,0.6792346938775511,0.028683860504874023,2.87
0,imagenet,random,50,foreground_rescue_10,4,0.95,0.98,0.054146506,0.03,0.6792346938775511,0.028683860504874023,2.87
0,imagenet,random,50,low_score_rescue_10,0,0.955,0.98,0.044246074,0.03,0.7163775510204081,0.1066297709167268,10.0
0,imagenet,random,50,low_score_rescue_10,1,0.975,0.98,0.025079124,0.01,0.7165306122448979,0.1058982524624475,10.0
0,imagenet,random,50,low_score_rescue_10,2,0.96,0.98,0.05073863,0.025,0.7157142857142855,0.10504296800774124,10.0
0,imagenet,random,50,low_score_rescue_10,3,0.955,0.98,0.04186954,0.025,0.7155102040816326,0.10423718049429706,10.0
0,imagenet,random,50,low_score_rescue_10,4,0.955,0.98,0.044389244,0.03,0.7163265306122448,0.10729215083504481,10.0
0,imagenet,random,50,random_matched,0,0.95,0.98,0.046083346,0.03,0.718469387755102,0.1081324320876689,2.87
0,imagenet,random,50,random_matched,1,0.95,0.98,0.050957583,0.03,0.7182142857142857,0.10710312419871677,2.87
0,imagenet,random,50,random_matched,2,0.95,0.98,0.048481684,0.03,0.7184183673469388,0.1071432924258456,2.87
0,imagenet,random,50,random_matched,3,0.945,0.98,0.06360673,0.035,0.7180612244897958,0.10558437915277176,2.87
0,imagenet,random,50,random_matched,4,0.95,0.98,0.04366268,0.03,0.7181632653061224,0.10751635504788552,2.87
0,imagenet,random,75,student,0,0.96,0.98,0.04592648,0.025,0.7075,0.08576951869956481,0.0
0,imagenet,random,75,student,1,0.96,0.98,0.04592648,0.025,0.7075,0.08576951869956481,0.0
0,imagenet,random,75,student,2,0.96,0.98,0.04592648,0.025,0.7075,0.08576951869956481,0.0
0,imagenet,random,75,student,3,0.96,0.98,0.04592648,0.025,0.7075,0.08576951869956481,0.0
0,imagenet,random,75,student,4,0.96,0.98,0.04592648,0.025,0.7075,0.08576951869956481,0.0
0,imagenet,random,75,random,0,0.95,0.98,0.07085513,0.03,0.8246938775510205,0.48994748795493875,0.0
0,imagenet,random,75,random,1,0.965,0.98,0.06002661,0.02,0.8235204081632653,0.4946262972715817,0.0
0,imagenet,random,75,random,2,0.945,0.98,0.086035594,0.035,0.8219387755102041,0.47777470733476307,0.0
0,imagenet,random,75,random,3,0.93,0.98,0.11281219,0.05,0.822857142857143,0.4756299304983063,0.0
0,imagenet,random,75,random,4,0.945,0.98,0.12285635,0.04,0.8268877551020407,0.5175266882325791,0.0
0,imagenet,random,75,random_rescue_10,0,0.955,0.98,0.051253647,0.03,0.7314795918367346,0.17517096250100223,10.0
0,imagenet,random,75,random_rescue_10,1,0.95,0.98,0.080787905,0.03,0.7317346938775509,0.16931626992285426,10.0
0,imagenet,random,75,random_rescue_10,2,0.965,0.98,0.05103503,0.02,0.7325,0.1667390961063265,10.0
0,imagenet,random,75,random_rescue_10,3,0.955,0.98,0.06599069,0.03,0.7317346938775511,0.1670327013657066,10.0
0,imagenet,random,75,random_rescue_10,4,0.945,0.98,0.082712285,0.035,0.7314285714285714,0.17653689130642916,10.0
0,imagenet,random,75,foreground_rescue_10,0,0.965,0.98,0.035646025,0.02,0.6786734693877551,0.027857395059194306,2.825
0,imagenet,random,75,foreground_rescue_10,1,0.96,0.98,0.054780256,0.025,0.6786734693877551,0.027857395059194306,2.825
0,imagenet,random,75,foreground_rescue_10,2,0.96,0.98,0.040858094,0.025,0.6786734693877551,0.027857395059194306,2.825
0,imagenet,random,75,foreground_rescue_10,3,0.96,0.98,0.055672817,0.025,0.6786734693877551,0.027857395059194306,2.825
0,imagenet,random,75,foreground_rescue_10,4,0.965,0.98,0.03684401,0.02,0.6786734693877551,0.027857395059194306,2.825
0,imagenet,random,75,low_score_rescue_10,0,0.95,0.98,0.06085628,0.035,0.7156632653061223,0.10212255140656146,10.0
0,imagenet,random,75,low_score_rescue_10,1,0.95,0.98,0.040834974,0.035,0.7163265306122448,0.10347430104852932,10.0
0,imagenet,random,75,low_score_rescue_10,2,0.955,0.98,0.050252937,0.03,0.7156632653061226,0.10172347536139943,10.0
0,imagenet,random,75,low_score_rescue_10,3,0.95,0.98,0.045045644,0.03,0.7162755102040816,0.10312410808766985,10.0
0,imagenet,random,75,low_score_rescue_10,4,0.955,0.98,0.047695894,0.03,0.7161224489795919,0.10263814049083878,10.0
0,imagenet,random,75,random_matched,0,0.96,0.98,0.06250407,0.025,0.7173979591836734,0.1029016587676465,2.825
0,imagenet,random,75,random_matched,1,0.965,0.98,0.039315462,0.02,0.7171428571428572,0.10196485543352679,2.825
0,imagenet,random,75,random_matched,2,0.96,0.98,0.05382655,0.025,0.716887755102041,0.10155243963438014,2.825
0,imagenet,random,75,random_matched,3,0.96,0.98,0.061851107,0.025,0.717091836734694,0.10159687007765046,2.825
0,imagenet,random,75,random_matched,4,0.955,0.98,0.06335042,0.03,0.7156122448979592,0.09930929270716987,2.825
0,imagenet,random,100,student,0,0.96,0.98,0.059982948,0.025,0.7068367346938775,0.08360773498370325,0.0
0,imagenet,random,100,student,1,0.96,0.98,0.059982948,0.025,0.7068367346938775,0.08360773498370325,0.0
0,imagenet,random,100,student,2,0.96,0.98,0.059982948,0.025,0.7068367346938775,0.08360773498370325,0.0
0,imagenet,random,100,student,3,0.96,0.98,0.059982948,0.025,0.7068367346938775,0.08360773498370325,0.0
0,imagenet,random,100,student,4,0.96,0.98,0.059982948,0.025,0.7068367346938775,0.08360773498370325,0.0
0,imagenet,random,100,random,0,0.95,0.98,0.07085513,0.03,0.8246938775510205,0.48994748795493875,0.0
0,imagenet,random,100,random,1,0.965,0.98,0.06002661,0.02,0.8235204081632653,0.4946262972715817,0.0
0,imagenet,random,100,random,2,0.945,0.98,0.086035594,0.035,0.8219387755102041,0.47777470733476307,0.0
0,imagenet,random,100,random,3,0.93,0.98,0.11281219,0.05,0.822857142857143,0.4756299304983063,0.0
0,imagenet,random,100,random,4,0.945,0.98,0.12285635,0.04,0.8268877551020407,0.5175266882325791,0.0
0,imagenet,random,100,random_rescue_10,0,0.97,0.98,0.055679675,0.015,0.7310714285714286,0.16965106302121424,10.0
0,imagenet,random,100,random_rescue_10,1,0.96,0.98,0.056557484,0.025,0.7326020408163265,0.17340228649288256,10.0
0,imagenet,random,100,random_rescue_10,2,0.95,0.98,0.0891455,0.035,0.7315816326530612,0.16435288701549836,10.0
0,imagenet,random,100,random_rescue_10,3,0.95,0.98,0.059185676,0.03,0.7303061224489795,0.16344294739055976,10.0
0,imagenet,random,100,random_rescue_10,4,0.955,0.98,0.054337114,0.025,0.730765306122449,0.16999980472891515,10.0
0,imagenet,random,100,foreground_rescue_10,0,0.965,0.98,0.042352274,0.02,0.6787755102040817,0.027851007637175632,2.75
0,imagenet,random,100,foreground_rescue_10,1,0.96,0.98,0.057326898,0.025,0.6787755102040817,0.027851007637175632,2.75
0,imagenet,random,100,foreground_rescue_10,2,0.96,0.98,0.065535516,0.025,0.6787755102040817,0.027851007637175632,2.75
0,imagenet,random,100,foreground_rescue_10,3,0.965,0.98,0.04211852,0.02,0.6787755102040817,0.027851007637175632,2.75
0,imagenet,random,100,foreground_rescue_10,4,0.955,0.98,0.056399755,0.03,0.6787755102040817,0.027851007637175632,2.75
0,imagenet,random,100,low_score_rescue_10,0,0.94,0.98,0.06439452,0.04,0.7148469387755102,0.09852141866520246,10.0
0,imagenet,random,100,low_score_rescue_10,1,0.96,0.98,0.037723597,0.02,0.7145408163265308,0.09852453506052526,10.0
0,imagenet,random,100,low_score_rescue_10,2,0.95,0.98,0.060469106,0.035,0.7148469387755102,0.09811809933316785,10.0
0,imagenet,random,100,low_score_rescue_10,3,0.945,0.98,0.07792995,0.04,0.7147448979591836,0.09805283323609622,10.0
0,imagenet,random,100,low_score_rescue_10,4,0.965,0.98,0.033705328,0.02,0.7151020408163266,0.09877000021388051,10.0
0,imagenet,random,100,random_matched,0,0.965,0.98,0.051470045,0.02,0.7171938775510205,0.10078669738437235,2.75
0,imagenet,random,100,random_matched,1,0.96,0.98,0.042287525,0.025,0.7170408163265306,0.1017911236703818,2.75
0,imagenet,random,100,random_matched,2,0.955,0.98,0.052204162,0.03,0.7160714285714286,0.09950820189847116,2.75
0,imagenet,random,100,random_matched,3,0.965,0.98,0.037979472,0.02,0.7175510204081632,0.10156058511123095,2.75
0,imagenet,random,100,random_matched,4,0.965,0.98,0.036582153,0.02,0.7152551020408162,0.0979086260968147,2.75
0,imagenet,random_rescue_10,0,student,0,0.965,0.98,0.049423896,0.015,0.7058673469387755,0.08231790489358617,0.0
0,imagenet,random_rescue_10,0,student,1,0.965,0.98,0.049423896,0.015,0.7058673469387755,0.08231790489358617,0.0
0,imagenet,random_rescue_10,0,student,2,0.965,0.98,0.049423896,0.015,0.7058673469387755,0.08231790489358617,0.0
0,imagenet,random_rescue_10,0,student,3,0.965,0.98,0.049423896,0.015,0.7058673469387755,0.08231790489358617,0.0
0,imagenet,random_rescue_10,0,student,4,0.965,0.98,0.049423896,0.015,0.7058673469387755,0.08231790489358617,0.0
0,imagenet,random_rescue_10,0,random,0,0.95,0.98,0.07085513,0.03,0.8246938775510205,0.48994748795493875,0.0
0,imagenet,random_rescue_10,0,random,1,0.965,0.98,0.06002661,0.02,0.8235204081632653,0.4946262972715817,0.0
0,imagenet,random_rescue_10,0,random,2,0.945,0.98,0.086035594,0.035,0.8219387755102041,0.47777470733476307,0.0
0,imagenet,random_rescue_10,0,random,3,0.93,0.98,0.11281219,0.05,0.822857142857143,0.4756299304983063,0.0
0,imagenet,random_rescue_10,0,random,4,0.945,0.98,0.12285635,0.04,0.8268877551020407,0.5175266882325791,0.0
0,imagenet,random_rescue_10,0,random_rescue_10,0,0.955,0.98,0.07673554,0.03,0.729234693877551,0.1679639018459042,10.0
0,imagenet,random_rescue_10,0,random_rescue_10,1,0.96,0.98,0.05731293,0.02,0.7321428571428572,0.17112982691976839,10.0
0,imagenet,random_rescue_10,0,random_rescue_10,2,0.955,0.98,0.07880971,0.025,0.7311224489795919,0.17162426857917626,10.0
0,imagenet,random_rescue_10,0,random_rescue_10,3,0.955,0.98,0.0690822,0.025,0.7294897959183675,0.17406355448185729,10.0
0,imagenet,random_rescue_10,0,random_rescue_10,4,0.94,0.98,0.09882484,0.04,0.7296428571428573,0.15813417548845027,10.0
0,imagenet,random_rescue_10,0,foreground_rescue_10,0,0.96,0.98,0.052042674,0.02,0.677295918367347,0.025096868132710646,2.8
0,imagenet,random_rescue_10,0,foreground_rescue_10,1,0.96,0.98,0.061706647,0.02,0.677295918367347,0.025096868132710646,2.8
0,imagenet,random_rescue_10,0,foreground_rescue_10,2,0.96,0.98,0.057614543,0.02,0.677295918367347,0.025096868132710646,2.8
0,imagenet,random_rescue_10,0,foreground_rescue_10,3,0.96,0.98,0.062874764,0.02,0.677295918367347,0.025096868132710646,2.8
0,imagenet,random_rescue_10,0,foreground_rescue_10,4,0.96,0.98,0.063759096,0.02,0.677295918367347,0.025096868132710646,2.8
0,imagenet,random_rescue_10,0,low_score_rescue_10,0,0.95,0.98,0.07409613,0.03,0.7128571428571427,0.09592084560465473,10.0
0,imagenet,random_rescue_10,0,low_score_rescue_10,1,0.96,0.98,0.048454687,0.02,0.7136734693877551,0.09635290260200267,10.0
0,imagenet,random_rescue_10,0,low_score_rescue_10,2,0.95,0.98,0.061150827,0.03,0.7132142857142857,0.09623877203175696,10.0
0,imagenet,random_rescue_10,0,low_score_rescue_10,3,0.955,0.98,0.07511786,0.025,0.7127551020408163,0.09565284000194518,10.0
0,imagenet,random_rescue_10,0,low_score_rescue_10,4,0.955,0.98,0.06678594,0.025,0.7127551020408163,0.09502717675311124,10.0
0,imagenet,random_rescue_10,0,random_matched,0,0.96,0.98,0.05148281,0.02,0.7163775510204081,0.09909034654213109,2.8
0,imagenet,random_rescue_10,0,random_matched,1,0.965,0.98,0.051132623,0.015,0.7163775510204081,0.10026353536070877,2.8
0,imagenet,random_rescue_10,0,random_matched,2,0.95,0.98,0.06500979,0.03,0.7168877551020408,0.10060035762440128,2.8
0,imagenet,random_rescue_10,0,random_matched,3,0.96,0.98,0.05155242,0.02,0.7167346938775511,0.10205323439281039,2.8
0,imagenet,random_rescue_10,0,random_matched,4,0.955,0.98,0.055842362,0.025,0.7166836734693877,0.09952487927668469,2.8
0,imagenet,random_rescue_10,10,student,0,0.95,0.98,0.0726071,0.035,0.7064795918367346,0.08857490862035833,0.0
0,imagenet,random_rescue_10,10,student,1,0.95,0.98,0.0726071,0.035,0.7064795918367346,0.08857490862035833,0.0
0,imagenet,random_rescue_10,10,student,2,0.95,0.98,0.0726071,0.035,0.7064795918367346,0.08857490862035833,0.0
0,imagenet,random_rescue_10,10,student,3,0.95,0.98,0.0726071,0.035,0.7064795918367346,0.08857490862035833,0.0
0,imagenet,random_rescue_10,10,student,4,0.95,0.98,0.0726071,0.035,0.7064795918367346,0.08857490862035833,0.0
0,imagenet,random_rescue_10,10,random,0,0.95,0.98,0.07085513,0.03,0.8246938775510205,0.48994748795493875,0.0
0,imagenet,random_rescue_10,10,random,1,0.965,0.98,0.06002661,0.02,0.8235204081632653,0.4946262972715817,0.0
0,imagenet,random_rescue_10,10,random,2,0.945,0.98,0.086035594,0.035,0.8219387755102041,0.47777470733476307,0.0
0,imagenet,random_rescue_10,10,random,3,0.93,0.98,0.11281219,0.05,0.822857142857143,0.4756299304983063,0.0
0,imagenet,random_rescue_10,10,random,4,0.945,0.98,0.12285635,0.04,0.8268877551020407,0.5175266882325791,0.0
0,imagenet,random_rescue_10,10,random_rescue_10,0,0.945,0.98,0.082715146,0.04,0.7321428571428572,0.19504305028088625,10.0
0,imagenet,random_rescue_10,10,random_rescue_10,1,0.945,0.98,0.099663965,0.04,0.7320408163265307,0.16685239036112534,10.0
0,imagenet,random_rescue_10,10,random_rescue_10,2,0.955,0.98,0.074978724,0.03,0.7307142857142856,0.16671803207749425,10.0
0,imagenet,random_rescue_10,10,random_rescue_10,3,0.955,0.98,0.073941395,0.03,0.7328061224489797,0.18273745356554566,10.0
0,imagenet,random_rescue_10,10,random_rescue_10,4,0.955,0.98,0.056790918,0.03,0.7308163265306123,0.16669469627910619,10.0
0,imagenet,random_rescue_10,10,foreground_rescue_10,0,0.955,0.98,0.07088229,0.03,0.6780102040816325,0.02687322305289618,2.79
0,imagenet,random_rescue_10,10,foreground_rescue_10,1,0.95,0.98,0.10198147,0.035,0.6780102040816325,0.02687322305289618,2.79
0,imagenet,random_rescue_10,10,foreground_rescue_10,2,0.955,0.98,0.072889455,0.03,0.6780102040816325,0.02687322305289618,2.79
0,imagenet,random_rescue_10,10,foreground_rescue_10,3,0.95,0.98,0.08966767,0.035,0.6780102040816325,0.02687322305289618,2.79
0,imagenet,random_rescue_10,10,foreground_rescue_10,4,0.95,0.98,0.08825701,0.035,0.6780102040816325,0.02687322305289618,2.79
0,imagenet,random_rescue_10,10,low_score_rescue_10,0,0.95,0.98,0.07754772,0.035,0.7148979591836735,0.10499313828793089,10.0
0,imagenet,random_rescue_10,10,low_score_rescue_10,1,0.96,0.98,0.058824945,0.03,0.7149489795918368,0.1046009423037973,10.0
0,imagenet,random_rescue_10,10,low_score_rescue_10,2,0.96,0.98,0.05479487,0.025,0.7145918367346937,0.10565940472286499,10.0
0,imagenet,random_rescue_10,10,low_score_rescue_10,3,0.955,0.98,0.06992187,0.03,0.714795918367347,0.10583824298936227,10.0
0,imagenet,random_rescue_10,10,low_score_rescue_10,4,0.965,0.98,0.060370177,0.02,0.714795918367347,0.10593616156137181,10.0
0,imagenet,random_rescue_10,10,random_matched,0,0.955,0.98,0.07284911,0.03,0.7167857142857144,0.10490944470371126,2.79
0,imagenet,random_rescue_10,10,random_matched,1,0.96,0.98,0.06699766,0.025,0.7161224489795919,0.10528644456929862,2.79
0,imagenet,random_rescue_10,10,random_matched,2,0.96,0.98,0.063927524,0.025,0.7168877551020408,0.10603604492432964,2.79
0,imagenet,random_rescue_10,10,random_matched,3,0.955,0.98,0.073522225,0.03,0.715561224489796,0.10356750528003786,2.79
0,imagenet,random_rescue_10,10,random_matched,4,0.965,0.98,0.06551552,0.02,0.7159183673469387,0.10371169878875015,2.79
0,imagenet,random_rescue_10,25,student,0,0.945,0.98,0.0753312,0.04,0.7090306122448979,0.09528929592994058,0.0
0,imagenet,random_rescue_10,25,student,1,0.945,0.98,0.0753312,0.04,0.7090306122448979,0.09528929592994058,0.0
0,imagenet,random_rescue_10,25,student,2,0.945,0.98,0.0753312,0.04,0.7090306122448979,0.09528929592994058,0.0
0,imagenet,random_rescue_10,25,student,3,0.945,0.98,0.0753312,0.04,0.7090306122448979,0.09528929592994058,0.0
0,imagenet,random_rescue_10,25,student,4,0.945,0.98,0.0753312,0.04,0.7090306122448979,0.09528929592994058,0.0
0,imagenet,random_rescue_10,25,random,0,0.95,0.98,0.07085513,0.03,0.8246938775510205,0.48994748795493875,0.0
0,imagenet,random_rescue_10,25,random,1,0.965,0.98,0.06002661,0.02,0.8235204081632653,0.4946262972715817,0.0
0,imagenet,random_rescue_10,25,random,2,0.945,0.98,0.086035594,0.035,0.8219387755102041,0.47777470733476307,0.0
0,imagenet,random_rescue_10,25,random,3,0.93,0.98,0.11281219,0.05,0.822857142857143,0.4756299304983063,0.0
0,imagenet,random_rescue_10,25,random,4,0.945,0.98,0.12285635,0.04,0.8268877551020407,0.5175266882325791,0.0
0,imagenet,random_rescue_10,25,random_rescue_10,0,0.965,0.98,0.056263264,0.02,0.7324489795918367,0.1813690702469659,10.0
0,imagenet,random_rescue_10,25,random_rescue_10,1,0.945,0.98,0.084839776,0.04,0.7328571428571431,0.1903137391098913,10.0
0,imagenet,random_rescue_10,25,random_rescue_10,2,0.95,0.98,0.062013883,0.03,0.7334183673469389,0.1832611139225244,10.0
0,imagenet,random_rescue_10,25,random_rescue_10,3,0.965,0.98,0.055901412,0.025,0.7331122448979592,0.1703499065519075,10.0
0,imagenet,random_rescue_10,25,random_rescue_10,4,0.945,0.98,0.07862591,0.035,0.7323469387755103,0.17428399208964357,10.0
0,imagenet,random_rescue_10,25,foreground_rescue_10,0,0.95,0.98,0.058499493,0.035,0.6785204081632653,0.027946590205108354,2.99
0,imagenet,random_rescue_10,25,foreground_rescue_10,1,0.96,0.98,0.05928665,0.025,0.6785204081632653,0.027946590205108354,2.99
0,imagenet,random_rescue_10,25,foreground_rescue_10,2,0.96,0.98,0.0582099,0.025,0.6785204081632653,0.027946590205108354,2.99
0,imagenet,random_rescue_10,25,foreground_rescue_10,3,0.95,0.98,0.071008295,0.035,0.6785204081632653,0.027946590205108354,2.99
0,imagenet,random_rescue_10,25,foreground_rescue_10,4,0.96,0.98,0.05866457,0.025,0.6785204081632653,0.027946590205108354,2.99
0,imagenet,random_rescue_10,25,low_score_rescue_10,0,0.935,0.98,0.09708025,0.045,0.7162755102040816,0.10963237168557775,10.0
0,imagenet,random_rescue_10,25,low_score_rescue_10,1,0.95,0.98,0.0745128,0.03,0.7157142857142859,0.10993757551439724,10.0
0,imagenet,random_rescue_10,25,low_score_rescue_10,2,0.935,0.98,0.10682287,0.05,0.715204081632653,0.10831093844766554,10.0
0,imagenet,random_rescue_10,25,low_score_rescue_10,3,0.935,0.98,0.105917715,0.045,0.7149489795918368,0.10698878580860936,10.0
0,imagenet,random_rescue_10,25,low_score_rescue_10,4,0.94,0.98,0.10995746,0.045,0.7159183673469388,0.11020314787963637,10.0
0,imagenet,random_rescue_10,25,random_matched,0,0.95,0.98,0.08053255,0.035,0.720408163265306,0.11463119076035429,2.99
0,imagenet,random_rescue_10,25,random_matched,1,0.95,0.98,0.07312407,0.035,0.7194897959183674,0.11310706438723866,2.99
0,imagenet,random_rescue_10,25,random_matched,2,0.94,0.98,0.10181261,0.045,0.7186734693877551,0.11086888584351233,2.99
0,imagenet,random_rescue_10,25,random_matched,3,0.945,0.98,0.08289916,0.04,0.7189285714285714,0.11193589656360883,2.99
0,imagenet,random_rescue_10,25,random_matched,4,0.95,0.98,0.08477436,0.035,0.7183673469387756,0.11183693699499783,2.99
0,imagenet,random_rescue_10,50,student,0,0.95,0.98,0.067873865,0.03,0.7090816326530613,0.09314778817381146,0.0
0,imagenet,random_rescue_10,50,student,1,0.95,0.98,0.067873865,0.03,0.7090816326530613,0.09314778817381146,0.0
0,imagenet,random_rescue_10,50,student,2,0.95,0.98,0.067873865,0.03,0.7090816326530613,0.09314778817381146,0.0
0,imagenet,random_rescue_10,50,student,3,0.95,0.98,0.067873865,0.03,0.7090816326530613,0.09314778817381146,0.0
0,imagenet,random_rescue_10,50,student,4,0.95,0.98,0.067873865,0.03,0.7090816326530613,0.09314778817381146,0.0
0,imagenet,random_rescue_10,50,random,0,0.95,0.98,0.07085513,0.03,0.8246938775510205,0.48994748795493875,0.0
0,imagenet,random_rescue_10,50,random,1,0.965,0.98,0.06002661,0.02,0.8235204081632653,0.4946262972715817,0.0
0,imagenet,random_rescue_10,50,random,2,0.945,0.98,0.086035594,0.035,0.8219387755102041,0.47777470733476307,0.0
0,imagenet,random_rescue_10,50,random,3,0.93,0.98,0.11281219,0.05,0.822857142857143,0.4756299304983063,0.0
0,imagenet,random_rescue_10,50,random,4,0.945,0.98,0.12285635,0.04,0.8268877551020407,0.5175266882325791,0.0
0,imagenet,random_rescue_10,50,random_rescue_10,0,0.945,0.98,0.092065275,0.035,0.7331122448979592,0.18570360240628758,10.0
0,imagenet,random_rescue_10,50,random_rescue_10,1,0.96,0.98,0.058033947,0.025,0.7328061224489795,0.16744929625920774,10.0
0,imagenet,random_rescue_10,50,random_rescue_10,2,0.965,0.98,0.05578063,0.025,0.7334183673469389,0.17949729539586426,10.0
0,imagenet,random_rescue_10,50,random_rescue_10,3,0.955,0.98,0.070702665,0.03,0.7336734693877551,0.18022879850584256,10.0
0,imagenet,random_rescue_10,50,random_rescue_10,4,0.955,0.98,0.06449047,0.03,0.7331122448979592,0.18347409287381372,10.0
0,imagenet,random_rescue_10,50,foreground_rescue_10,0,0.95,0.98,0.058070116,0.03,0.6788775510204081,0.0280102823680705,2.96
0,imagenet,random_rescue_10,50,foreground_rescue_10,1,0.945,0.98,0.07665093,0.035,0.6788775510204081,0.0280102823680705,2.96
0,imagenet,random_rescue_10,50,foreground_rescue_10,2,0.945,0.98,0.06853154,0.035,0.6788775510204081,0.0280102823680705,2.96
0,imagenet,random_rescue_10,50,foreground_rescue_10,3,0.94,0.98,0.07126091,0.04,0.6788775510204081,0.0280102823680705,2.96
0,imagenet,random_rescue_10,50,foreground_rescue_10,4,0.945,0.98,0.07766655,0.035,0.6788775510204081,0.0280102823680705,2.96
0,imagenet,random_rescue_10,50,low_score_rescue_10,0,0.95,0.98,0.069692105,0.03,0.7170408163265307,0.10884029475704474,10.0
0,imagenet,random_rescue_10,50,low_score_rescue_10,1,0.96,0.98,0.04829737,0.02,0.7171428571428572,0.10946111823594244,10.0
0,imagenet,random_rescue_10,50,low_score_rescue_10,2,0.95,0.98,0.06628799,0.03,0.7168877551020407,0.10978019109370538,10.0
0,imagenet,random_rescue_10,50,low_score_rescue_10,3,0.945,0.98,0.079332836,0.035,0.7161734693877552,0.1072898281575783,10.0
0,imagenet,random_rescue_10,50,low_score_rescue_10,4,0.955,0.98,0.054372016,0.025,0.7161224489795919,0.10760698216774786,10.0
0,imagenet,random_rescue_10,50,random_matched,0,0.945,0.98,0.07155619,0.035,0.7192857142857142,0.10963703279189478,2.96
0,imagenet,random_rescue_10,50,random_matched,1,0.955,0.98,0.059719156,0.025,0.7179591836734693,0.10695986354512521,2.96
0,imagenet,random_rescue_10,50,random_matched,2,0.955,0.98,0.06061264,0.025,0.7186224489795918,0.10981062949318465,2.96
0,imagenet,random_rescue_10,50,random_matched,3,0.945,0.98,0.07800111,0.035,0.7191836734693876,0.11081876584617703,2.96
0,imagenet,random_rescue_10,50,random_matched,4,0.96,0.98,0.05200662,0.02,0.717704081632653,0.10894552745183275,2.96
0,imagenet,random_rescue_10,75,student,0,0.955,0.98,0.055090923,0.03,0.7076530612244898,0.0886042433958524,0.0
0,imagenet,random_rescue_10,75,student,1,0.955,0.98,0.055090923,0.03,0.7076530612244898,0.0886042433958524,0.0
0,imagenet,random_rescue_10,75,student,2,0.955,0.98,0.055090923,0.03,0.7076530612244898,0.0886042433958524,0.0
0,imagenet,random_rescue_10,75,student,3,0.955,0.98,0.055090923,0.03,0.7076530612244898,0.0886042433958524,0.0
0,imagenet,random_rescue_10,75,student,4,0.955,0.98,0.055090923,0.03,0.7076530612244898,0.0886042433958524,0.0
0,imagenet,random_rescue_10,75,random,0,0.95,0.98,0.07085513,0.03,0.8246938775510205,0.48994748795493875,0.0
0,imagenet,random_rescue_10,75,random,1,0.965,0.98,0.06002661,0.02,0.8235204081632653,0.4946262972715817,0.0
0,imagenet,random_rescue_10,75,random,2,0.945,0.98,0.086035594,0.035,0.8219387755102041,0.47777470733476307,0.0
0,imagenet,random_rescue_10,75,random,3,0.93,0.98,0.11281219,0.05,0.822857142857143,0.4756299304983063,0.0
0,imagenet,random_rescue_10,75,random,4,0.945,0.98,0.12285635,0.04,0.8268877551020407,0.5175266882325791,0.0
0,imagenet,random_rescue_10,75,random_rescue_10,0,0.955,0.98,0.04447603,0.025,0.7304591836734694,0.17433144817199162,10.0
0,imagenet,random_rescue_10,75,random_rescue_10,1,0.97,0.98,0.033907298,0.015,0.7315816326530613,0.16943248115908224,10.0
0,imagenet,random_rescue_10,75,random_rescue_10,2,0.97,0.98,0.03353117,0.015,0.7330102040816326,0.17036633820388014,10.0
0,imagenet,random_rescue_10,75,random_rescue_10,3,0.94,0.98,0.09132579,0.04,0.7310204081632654,0.16868807884939577,10.0
0,imagenet,random_rescue_10,75,random_rescue_10,4,0.965,0.98,0.06759946,0.025,0.7296938775510203,0.166730999406234,10.0
0,imagenet,random_rescue_10,75,foreground_rescue_10,0,0.955,0.98,0.057549983,0.03,0.6777551020408162,0.026868168126210866,2.93
0,imagenet,random_rescue_10,75,foreground_rescue_10,1,0.95,0.98,0.07472032,0.035,0.6777551020408162,0.026868168126210866,2.93
0,imagenet,random_rescue_10,75,foreground_rescue_10,2,0.96,0.98,0.044460535,0.025,0.6777551020408162,0.026868168126210866,2.93
0,imagenet,random_rescue_10,75,foreground_rescue_10,3,0.95,0.98,0.075230844,0.035,0.6777551020408162,0.026868168126210866,2.93
0,imagenet,random_rescue_10,75,foreground_rescue_10,4,0.95,0.98,0.06406437,0.035,0.6777551020408162,0.026868168126210866,2.93
0,imagenet,random_rescue_10,75,low_score_rescue_10,0,0.945,0.98,0.06872888,0.035,0.7163775510204081,0.10704763687167505,10.0
0,imagenet,random_rescue_10,75,low_score_rescue_10,1,0.945,0.98,0.06289675,0.035,0.7162244897959184,0.10645769683855708,10.0
0,imagenet,random_rescue_10,75,low_score_rescue_10,2,0.95,0.98,0.08708749,0.035,0.7157142857142859,0.10546459219528609,10.0
0,imagenet,random_rescue_10,75,low_score_rescue_10,3,0.955,0.98,0.06010766,0.03,0.7164795918367346,0.10748705650327649,10.0
0,imagenet,random_rescue_10,75,low_score_rescue_10,4,0.945,0.98,0.08253748,0.035,0.7167857142857145,0.10679017172305608,10.0
0,imagenet,random_rescue_10,75,random_matched,0,0.96,0.98,0.047336403,0.025,0.7192346938775509,0.10645427004406471,2.93
0,imagenet,random_rescue_10,75,random_matched,1,0.955,0.98,0.049121905,0.03,0.717704081632653,0.10489443382383432,2.93
0,imagenet,random_rescue_10,75,random_matched,2,0.955,0.98,0.04777257,0.03,0.7181632653061224,0.1060129464576974,2.93
0,imagenet,random_rescue_10,75,random_matched,3,0.955,0.98,0.053589888,0.03,0.7180612244897958,0.10693125884027134,2.93
0,imagenet,random_rescue_10,75,random_matched,4,0.955,0.98,0.0610987,0.03,0.7168877551020408,0.10501545243900341,2.93
0,imagenet,random_rescue_10,100,student,0,0.955,0.98,0.043400727,0.03,0.7054591836734693,0.08306310197667795,0.0
0,imagenet,random_rescue_10,100,student,1,0.955,0.98,0.043400727,0.03,0.7054591836734693,0.08306310197667795,0.0
0,imagenet,random_rescue_10,100,student,2,0.955,0.98,0.043400727,0.03,0.7054591836734693,0.08306310197667795,0.0
0,imagenet,random_rescue_10,100,student,3,0.955,0.98,0.043400727,0.03,0.7054591836734693,0.08306310197667795,0.0
0,imagenet,random_rescue_10,100,student,4,0.955,0.98,0.043400727,0.03,0.7054591836734693,0.08306310197667795,0.0
0,imagenet,random_rescue_10,100,random,0,0.95,0.98,0.07085513,0.03,0.8246938775510205,0.48994748795493875,0.0
0,imagenet,random_rescue_10,100,random,1,0.965,0.98,0.06002661,0.02,0.8235204081632653,0.4946262972715817,0.0
0,imagenet,random_rescue_10,100,random,2,0.945,0.98,0.086035594,0.035,0.8219387755102041,0.47777470733476307,0.0
0,imagenet,random_rescue_10,100,random,3,0.93,0.98,0.11281219,0.05,0.822857142857143,0.4756299304983063,0.0
0,imagenet,random_rescue_10,100,random,4,0.945,0.98,0.12285635,0.04,0.8268877551020407,0.5175266882325791,0.0
0,imagenet,random_rescue_10,100,random_rescue_10,0,0.96,0.98,0.042542733,0.025,0.7293367346938774,0.16019224025141504,10.0
0,imagenet,random_rescue_10,100,random_rescue_10,1,0.955,0.98,0.07438634,0.03,0.7297448979591837,0.1632204303124369,10.0
0,imagenet,random_rescue_10,100,random_rescue_10,2,0.965,0.98,0.0474854,0.02,0.729234693877551,0.161492165098582,10.0
0,imagenet,random_rescue_10,100,random_rescue_10,3,0.95,0.98,0.05064785,0.03,0.7313265306122448,0.17032422594991053,10.0
0,imagenet,random_rescue_10,100,random_rescue_10,4,0.96,0.98,0.069906294,0.02,0.7293877551020408,0.16124550070608853,10.0
0,imagenet,random_rescue_10,100,foreground_rescue_10,0,0.955,0.98,0.059473988,0.03,0.6768877551020408,0.02549415187237077,2.8
0,imagenet,random_rescue_10,100,foreground_rescue_10,1,0.955,0.98,0.04654883,0.03,0.6768877551020408,0.02549415187237077,2.8
0,imagenet,random_rescue_10,100,foreground_rescue_10,2,0.955,0.98,0.05064825,0.03,0.6768877551020408,0.02549415187237077,2.8
0,imagenet,random_rescue_10,100,foreground_rescue_10,3,0.96,0.98,0.046901718,0.025,0.6768877551020408,0.02549415187237077,2.8
0,imagenet,random_rescue_10,100,foreground_rescue_10,4,0.96,0.98,0.049080644,0.025,0.6768877551020408,0.02549415187237077,2.8
0,imagenet,random_rescue_10,100,low_score_rescue_10,0,0.95,0.98,0.06803212,0.035,0.712908163265306,0.09778145504326242,10.0
0,imagenet,random_rescue_10,100,low_score_rescue_10,1,0.955,0.98,0.031001711,0.025,0.7137244897959184,0.09927672531882434,10.0
0,imagenet,random_rescue_10,100,low_score_rescue_10,2,0.955,0.98,0.048881512,0.03,0.7137244897959184,0.10024703791206523,10.0
0,imagenet,random_rescue_10,100,low_score_rescue_10,3,0.965,0.98,0.034224592,0.02,0.7135714285714286,0.09911258033180345,10.0
0,imagenet,random_rescue_10,100,low_score_rescue_10,4,0.96,0.98,0.05120195,0.025,0.7133673469387756,0.09779342826919969,10.0
0,imagenet,random_rescue_10,100,random_matched,0,0.955,0.98,0.04265149,0.03,0.7159183673469388,0.09973985607811929,2.8
0,imagenet,random_rescue_10,100,random_matched,1,0.965,0.98,0.047287714,0.02,0.7161734693877552,0.10110839726053653,2.8
0,imagenet,random_rescue_10,100,random_matched,2,0.955,0.98,0.048581,0.03,0.7151530612244897,0.09904517063248502,2.8
0,imagenet,random_rescue_10,100,random_matched,3,0.965,0.98,0.03969544,0.02,0.7159693877551021,0.10144761679827997,2.8
0,imagenet,random_rescue_10,100,random_matched,4,0.955,0.98,0.055808358,0.03,0.714795918367347,0.09763002984988516,2.8
0,imagenet,student,0,student,0,0.965,0.98,0.049423896,0.015,0.7058673469387755,0.08231790489358617,0.0
0,imagenet,student,0,student,1,0.965,0.98,0.049423896,0.015,0.7058673469387755,0.08231790489358617,0.0
0,imagenet,student,0,student,2,0.965,0.98,0.049423896,0.015,0.7058673469387755,0.08231790489358617,0.0
0,imagenet,student,0,student,3,0.965,0.98,0.049423896,0.015,0.7058673469387755,0.08231790489358617,0.0
0,imagenet,student,0,student,4,0.965,0.98,0.049423896,0.015,0.7058673469387755,0.08231790489358617,0.0
0,imagenet,student,0,random,0,0.95,0.98,0.07085513,0.03,0.8246938775510205,0.48994748795493875,0.0
0,imagenet,student,0,random,1,0.965,0.98,0.06002661,0.02,0.8235204081632653,0.4946262972715817,0.0
0,imagenet,student,0,random,2,0.945,0.98,0.086035594,0.035,0.8219387755102041,0.47777470733476307,0.0
0,imagenet,student,0,random,3,0.93,0.98,0.11281219,0.05,0.822857142857143,0.4756299304983063,0.0
0,imagenet,student,0,random,4,0.945,0.98,0.12285635,0.04,0.8268877551020407,0.5175266882325791,0.0
0,imagenet,student,0,random_rescue_10,0,0.955,0.98,0.07673554,0.03,0.729234693877551,0.1679639018459042,10.0
0,imagenet,student,0,random_rescue_10,1,0.96,0.98,0.05731293,0.02,0.7321428571428572,0.17112982691976839,10.0
0,imagenet,student,0,random_rescue_10,2,0.955,0.98,0.07880971,0.025,0.7311224489795919,0.17162426857917626,10.0
0,imagenet,student,0,random_rescue_10,3,0.955,0.98,0.0690822,0.025,0.7294897959183675,0.17406355448185729,10.0
0,imagenet,student,0,random_rescue_10,4,0.94,0.98,0.09882484,0.04,0.7296428571428573,0.15813417548845027,10.0
0,imagenet,student,0,foreground_rescue_10,0,0.96,0.98,0.052042674,0.02,0.677295918367347,0.025096868132710646,2.8
0,imagenet,student,0,foreground_rescue_10,1,0.96,0.98,0.061706647,0.02,0.677295918367347,0.025096868132710646,2.8
0,imagenet,student,0,foreground_rescue_10,2,0.96,0.98,0.057614543,0.02,0.677295918367347,0.025096868132710646,2.8
0,imagenet,student,0,foreground_rescue_10,3,0.96,0.98,0.062874764,0.02,0.677295918367347,0.025096868132710646,2.8
0,imagenet,student,0,foreground_rescue_10,4,0.96,0.98,0.063759096,0.02,0.677295918367347,0.025096868132710646,2.8
0,imagenet,student,0,low_score_rescue_10,0,0.95,0.98,0.07409613,0.03,0.7128571428571427,0.09592084560465473,10.0
0,imagenet,student,0,low_score_rescue_10,1,0.96,0.98,0.048454687,0.02,0.7136734693877551,0.09635290260200267,10.0
0,imagenet,student,0,low_score_rescue_10,2,0.95,0.98,0.061150827,0.03,0.7132142857142857,0.09623877203175696,10.0
0,imagenet,student,0,low_score_rescue_10,3,0.955,0.98,0.07511786,0.025,0.7127551020408163,0.09565284000194518,10.0
0,imagenet,student,0,low_score_rescue_10,4,0.955,0.98,0.06678594,0.025,0.7127551020408163,0.09502717675311124,10.0
0,imagenet,student,0,random_matched,0,0.96,0.98,0.05148281,0.02,0.7163775510204081,0.09909034654213109,2.8
0,imagenet,student,0,random_matched,1,0.965,0.98,0.051132623,0.015,0.7163775510204081,0.10026353536070877,2.8
0,imagenet,student,0,random_matched,2,0.95,0.98,0.06500979,0.03,0.7168877551020408,0.10060035762440128,2.8
0,imagenet,student,0,random_matched,3,0.96,0.98,0.05155242,0.02,0.7167346938775511,0.10205323439281039,2.8
0,imagenet,student,0,random_matched,4,0.955,0.98,0.055842362,0.025,0.7166836734693877,0.09952487927668469,2.8
0,imagenet,student,10,student,0,0.95,0.98,0.07462903,0.035,0.7043367346938776,0.08459679941586704,0.0
0,imagenet,student,10,student,1,0.95,0.98,0.07462903,0.035,0.7043367346938776,0.08459679941586704,0.0
0,imagenet,student,10,student,2,0.95,0.98,0.07462903,0.035,0.7043367346938776,0.08459679941586704,0.0
0,imagenet,student,10,student,3,0.95,0.98,0.07462903,0.035,0.7043367346938776,0.08459679941586704,0.0
0,imagenet,student,10,student,4,0.95,0.98,0.07462903,0.035,0.7043367346938776,0.08459679941586704,0.0
0,imagenet,student,10,random,0,0.95,0.98,0.07085513,0.03,0.8246938775510205,0.48994748795493875,0.0
0,imagenet,student,10,random,1,0.965,0.98,0.06002661,0.02,0.8235204081632653,0.4946262972715817,0.0
0,imagenet,student,10,random,2,0.945,0.98,0.086035594,0.035,0.8219387755102041,0.47777470733476307,0.0
0,imagenet,student,10,random,3,0.93,0.98,0.11281219,0.05,0.822857142857143,0.4756299304983063,0.0
0,imagenet,student,10,random,4,0.945,0.98,0.12285635,0.04,0.8268877551020407,0.5175266882325791,0.0
0,imagenet,student,10,random_rescue_10,0,0.95,0.98,0.068251245,0.03,0.7294897959183673,0.17784356488856984,10.0
0,imagenet,student,10,random_rescue_10,1,0.945,0.98,0.07426259,0.035,0.730204081632653,0.16277866135301636,10.0
0,imagenet,student,10,random_rescue_10,2,0.945,0.98,0.07552113,0.04,0.7296938775510204,0.16499227029115762,10.0
0,imagenet,student,10,random_rescue_10,3,0.955,0.98,0.073471144,0.03,0.7299489795918368,0.18239938804816241,10.0
0,imagenet,student,10,random_rescue_10,4,0.94,0.98,0.07383552,0.04,0.7274489795918367,0.16228637577636554,10.0
0,imagenet,student,10,foreground_rescue_10,0,0.955,0.98,0.08046829,0.03,0.6764285714285715,0.024868135209452826,2.735
0,imagenet,student,10,foreground_rescue_10,1,0.955,0.98,0.07023456,0.03,0.6764285714285715,0.024868135209452826,2.735
0,imagenet,student,10,foreground_rescue_10,2,0.955,0.98,0.07060592,0.03,0.6764285714285715,0.024868135209452826,2.735
0,imagenet,student,10,foreground_rescue_10,3,0.955,0.98,0.072020315,0.03,0.6764285714285715,0.024868135209452826,2.735
0,imagenet,student,10,foreground_rescue_10,4,0.95,0.98,0.08638971,0.035,0.6764285714285715,0.024868135209452826,2.735
0,imagenet,student,10,low_score_rescue_10,0,0.94,0.98,0.09628811,0.04,0.710765306122449,0.09691179322100486,10.0
0,imagenet,student,10,low_score_rescue_10,1,0.95,0.98,0.050692085,0.03,0.7113265306122449,0.09875855365244494,10.0
0,imagenet,student,10,low_score_rescue_10,2,0.935,0.98,0.079536565,0.045,0.710969387755102,0.09721164254686,10.0
0,imagenet,student,10,low_score_rescue_10,3,0.945,0.98,0.07893399,0.035,0.710612244897959,0.09620616802177129,10.0
0,imagenet,student,10,low_score_rescue_10,4,0.945,0.98,0.08276722,0.04,0.7110204081632654,0.09720995468056201,10.0
0,imagenet,student,10,random_matched,0,0.95,0.98,0.08346426,0.035,0.7144387755102041,0.10101487015646961,2.735
0,imagenet,student,10,random_matched,1,0.955,0.98,0.06786136,0.03,0.7149489795918368,0.10253174004780087,2.735
0,imagenet,student,10,random_matched,2,0.955,0.98,0.064013764,0.03,0.7151020408163266,0.10273438419819143,2.735
0,imagenet,student,10,random_matched,3,0.955,0.98,0.06846103,0.03,0.7144387755102041,0.10112063917621109,2.735
0,imagenet,student,10,random_matched,4,0.955,0.98,0.07441875,0.03,0.7126530612244898,0.09788385226213371,2.735
0,imagenet,student,25,student,0,0.95,0.98,0.091676615,0.035,0.7098979591836735,0.09193122984484028,0.0
0,imagenet,student,25,student,1,0.95,0.98,0.091676615,0.035,0.7098979591836735,0.09193122984484028,0.0
0,imagenet,student,25,student,2,0.95,0.98,0.091676615,0.035,0.7098979591836735,0.09193122984484028,0.0
0,imagenet,student,25,student,3,0.95,0.98,0.091676615,0.035,0.7098979591836735,0.09193122984484028,0.0
0,imagenet,student,25,student,4,0.95,0.98,0.091676615,0.035,0.7098979591836735,0.09193122984484028,0.0
0,imagenet,student,25,random,0,0.95,0.98,0.07085513,0.03,0.8246938775510205,0.48994748795493875,0.0
0,imagenet,student,25,random,1,0.965,0.98,0.06002661,0.02,0.8235204081632653,0.4946262972715817,0.0
0,imagenet,student,25,random,2,0.945,0.98,0.086035594,0.035,0.8219387755102041,0.47777470733476307,0.0
0,imagenet,student,25,random,3,0.93,0.98,0.11281219,0.05,0.822857142857143,0.4756299304983063,0.0
0,imagenet,student,25,random,4,0.945,0.98,0.12285635,0.04,0.8268877551020407,0.5175266882325791,0.0
0,imagenet,student,25,random_rescue_10,0,0.94,0.98,0.10644577,0.045,0.735765306122449,0.19780257891005737,10.0
0,imagenet,student,25,random_rescue_10,1,0.955,0.98,0.07013989,0.03,0.7359183673469388,0.17784820786162583,10.0
0,imagenet,student,25,random_rescue_10,2,0.96,0.98,0.07974999,0.025,0.7351530612244898,0.18618987076530966,10.0
0,imagenet,student,25,random_rescue_10,3,0.95,0.98,0.07067586,0.035,0.7330612244897959,0.1690897564071433,10.0
0,imagenet,student,25,random_rescue_10,4,0.94,0.98,0.13278764,0.045,0.7338265306122449,0.17046974437328724,10.0
0,imagenet,student,25,foreground_rescue_10,0,0.96,0.98,0.05396829,0.025,0.6802551020408164,0.02967194426843009,2.905
0,imagenet,student,25,foreground_rescue_10,1,0.955,0.98,0.063046835,0.03,0.6802551020408164,0.02967194426843009,2.905
0,imagenet,student,25,foreground_rescue_10,2,0.955,0.98,0.07221364,0.03,0.6802551020408164,0.02967194426843009,2.905
0,imagenet,student,25,foreground_rescue_10,3,0.955,0.98,0.077537045,0.03,0.6802551020408164,0.02967194426843009,2.905
0,imagenet,student,25,foreground_rescue_10,4,0.955,0.98,0.073157065,0.03,0.6802551020408164,0.02967194426843009,2.905
0,imagenet,student,25,low_score_rescue_10,0,0.935,0.98,0.07796397,0.05,0.7159693877551021,0.10598161643502788,10.0
0,imagenet,student,25,low_score_rescue_10,1,0.95,0.98,0.056744557,0.035,0.7165306122448979,0.10564941980268158,10.0
0,imagenet,student,25,low_score_rescue_10,2,0.945,0.98,0.07701168,0.04,0.7157653061224488,0.10582198500380838,10.0
0,imagenet,student,25,low_score_rescue_10,3,0.945,0.98,0.0806707,0.04,0.7165816326530612,0.10675529356906172,10.0
0,imagenet,student,25,low_score_rescue_10,4,0.955,0.98,0.08136374,0.03,0.716734693877551,0.10754325986501603,10.0
0,imagenet,student,25,random_matched,0,0.945,0.98,0.0889227,0.04,0.7195408163265306,0.10822557066865536,2.905
0,imagenet,student,25,random_matched,1,0.95,0.98,0.09026568,0.035,0.7186224489795918,0.10656444199051229,2.905
0,imagenet,student,25,random_matched,2,0.96,0.98,0.06256402,0.025,0.7210204081632652,0.11009034392107066,2.905
0,imagenet,student,25,random_matched,3,0.95,0.98,0.08721625,0.035,0.7205612244897958,0.10907968029798659,2.905
0,imagenet,student,25,random_matched,4,0.955,0.98,0.056321744,0.03,0.719795918367347,0.10858664980127561,2.905
0,imagenet,student,50,student,0,0.96,0.98,0.065658696,0.025,0.7081122448979592,0.09062741933543317,0.0
0,imagenet,student,50,student,1,0.96,0.98,0.065658696,0.025,0.7081122448979592,0.09062741933543317,0.0
0,imagenet,student,50,student,2,0.96,0.98,0.065658696,0.025,0.7081122448979592,0.09062741933543317,0.0
0,imagenet,student,50,student,3,0.96,0.98,0.065658696,0.025,0.7081122448979592,0.09062741933543317,0.0
0,imagenet,student,50,student,4,0.96,0.98,0.065658696,0.025,0.7081122448979592,0.09062741933543317,0.0
0,imagenet,student,50,random,0,0.95,0.98,0.07085513,0.03,0.8246938775510205,0.48994748795493875,0.0
0,imagenet,student,50,random,1,0.965,0.98,0.06002661,0.02,0.8235204081632653,0.4946262972715817,0.0
0,imagenet,student,50,random,2,0.945,0.98,0.086035594,0.035,0.8219387755102041,0.47777470733476307,0.0
0,imagenet,student,50,random,3,0.93,0.98,0.11281219,0.05,0.822857142857143,0.4756299304983063,0.0
0,imagenet,student,50,random,4,0.945,0.98,0.12285635,0.04,0.8268877551020407,0.5175266882325791,0.0
0,imagenet,student,50,random_rescue_10,0,0.955,0.98,0.07204784,0.03,0.7321428571428572,0.17673743974662964,10.0
0,imagenet,student,50,random_rescue_10,1,0.96,0.98,0.045272354,0.02,0.7334693877551021,0.18208700622500912,10.0
0,imagenet,student,50,random_rescue_10,2,0.955,0.98,0.07148567,0.03,0.7326530612244898,0.1733256459781993,10.0
0,imagenet,student,50,random_rescue_10,3,0.945,0.98,0.07468117,0.035,0.7328061224489795,0.16929017979163002,10.0
0,imagenet,student,50,random_rescue_10,4,0.96,0.98,0.05970733,0.025,0.7321428571428571,0.18037813259967225,10.0
0,imagenet,student,50,foreground_rescue_10,0,0.95,0.98,0.06298157,0.03,0.6785714285714286,0.027808335239701026,2.895
0,imagenet,student,50,foreground_rescue_10,1,0.955,0.98,0.078321286,0.03,0.6785714285714286,0.027808335239701026,2.895
0,imagenet,student,50,foreground_rescue_10,2,0.96,0.98,0.059972826,0.025,0.6785714285714286,0.027808335239701026,2.895
0,imagenet,student,50,foreground_rescue_10,3,0.96,0.98,0.06369137,0.025,0.6785714285714286,0.027808335239701026,2.895
0,imagenet,student,50,foreground_rescue_10,4,0.96,0.98,0.06291382,0.025,0.6785714285714286,0.027808335239701026,2.895
0,imagenet,student,50,low_score_rescue_10,0,0.95,0.98,0.06138027,0.03,0.7158673469387754,0.10552923383732392,10.0
0,imagenet,student,50,low_score_rescue_10,1,0.94,0.98,0.08894546,0.04,0.715561224489796,0.10454777824184823,10.0
0,imagenet,student,50,low_score_rescue_10,2,0.95,0.98,0.055001955,0.035,0.7158163265306123,0.10684853290032502,10.0
0,imagenet,student,50,low_score_rescue_10,3,0.955,0.98,0.054705676,0.025,0.7150510204081633,0.10637184435001215,10.0
0,imagenet,student,50,low_score_rescue_10,4,0.955,0.98,0.0672724,0.025,0.7155102040816327,0.10734647191732138,10.0
0,imagenet,student,50,random_matched,0,0.96,0.98,0.063764326,0.025,0.7198979591836735,0.11037992519399448,2.895
0,imagenet,student,50,random_matched,1,0.96,0.98,0.059674926,0.02,0.718265306122449,0.1074829256015943,2.895
0,imagenet,student,50,random_matched,2,0.965,0.98,0.04745083,0.02,0.7188775510204082,0.10840062349373905,2.895
0,imagenet,student,50,random_matched,3,0.96,0.98,0.07044109,0.025,0.7181632653061224,0.10819432041037584,2.895
0,imagenet,student,50,random_matched,4,0.955,0.98,0.07194188,0.03,0.7178571428571427,0.10603569033569367,2.895
0,imagenet,student,75,student,0,0.945,0.98,0.10118447,0.04,0.7088265306122449,0.09145279177084367,0.0
0,imagenet,student,75,student,1,0.945,0.98,0.10118447,0.04,0.7088265306122449,0.09145279177084367,0.0
0,imagenet,student,75,student,2,0.945,0.98,0.10118447,0.04,0.7088265306122449,0.09145279177084367,0.0
0,imagenet,student,75,student,3,0.945,0.98,0.10118447,0.04,0.7088265306122449,0.09145279177084367,0.0
0,imagenet,student,75,student,4,0.945,0.98,0.10118447,0.04,0.7088265306122449,0.09145279177084367,0.0
0,imagenet,student,75,random,0,0.95,0.98,0.07085513,0.03,0.8246938775510205,0.48994748795493875,0.0
0,imagenet,student,75,random,1,0.965,0.98,0.06002661,0.02,0.8235204081632653,0.4946262972715817,0.0
0,imagenet,student,75,random,2,0.945,0.98,0.086035594,0.035,0.8219387755102041,0.47777470733476307,0.0
0,imagenet,student,75,random,3,0.93,0.98,0.11281219,0.05,0.822857142857143,0.4756299304983063,0.0
0,imagenet,student,75,random,4,0.945,0.98,0.12285635,0.04,0.8268877551020407,0.5175266882325791,0.0
0,imagenet,student,75,random_rescue_10,0,0.94,0.98,0.13272941,0.045,0.7326530612244898,0.19649807843467723,10.0
0,imagenet,student,75,random_rescue_10,1,0.95,0.98,0.08402764,0.035,0.7326530612244898,0.1749422632940241,10.0
0,imagenet,student,75,random_rescue_10,2,0.965,0.98,0.057090186,0.02,0.7341326530612245,0.17899321316050673,10.0
0,imagenet,student,75,random_rescue_10,3,0.935,0.98,0.06855039,0.045,0.7329591836734692,0.17226543552589368,10.0
0,imagenet,student,75,random_rescue_10,4,0.95,0.98,0.059031487,0.035,0.7318367346938776,0.1851472048060872,10.0
0,imagenet,student,75,foreground_rescue_10,0,0.955,0.98,0.08581685,0.03,0.6792857142857142,0.028615049809076424,2.895
0,imagenet,student,75,foreground_rescue_10,1,0.955,0.98,0.07933037,0.03,0.6792857142857142,0.028615049809076424,2.895
0,imagenet,student,75,foreground_rescue_10,2,0.95,0.98,0.075903185,0.035,0.6792857142857142,0.028615049809076424,2.895
0,imagenet,student,75,foreground_rescue_10,3,0.955,0.98,0.07646788,0.03,0.6792857142857142,0.028615049809076424,2.895
0,imagenet,student,75,foreground_rescue_10,4,0.95,0.98,0.07557173,0.035,0.6792857142857142,0.028615049809076424,2.895
0,imagenet,student,75,low_score_rescue_10,0,0.93,0.98,0.098760344,0.05,0.7161734693877552,0.10359805034586185,10.0
0,imagenet,student,75,low_score_rescue_10,1,0.945,0.98,0.07652393,0.04,0.7161734693877552,0.1040634415335814,10.0
0,imagenet,student,75,low_score_rescue_10,2,0.935,0.98,0.098273546,0.045,0.7164795918367346,0.10463522453576164,10.0
0,imagenet,student,75,low_score_rescue_10,3,0.955,0.98,0.06409998,0.03,0.7161224489795919,0.10420109406967486,10.0
0,imagenet,student,75,low_score_rescue_10,4,0.945,0.98,0.0911059,0.04,0.7163265306122448,0.1048526689034361,10.0
0,imagenet,student,75,random_matched,0,0.945,0.98,0.10317705,0.04,0.7207142857142856,0.11223886128731903,2.895
0,imagenet,student,75,random_matched,1,0.955,0.98,0.08683967,0.03,0.7176020408163265,0.10588773833053657,2.895
0,imagenet,student,75,random_matched,2,0.955,0.98,0.08756434,0.03,0.7174489795918367,0.10615457734249756,2.895
0,imagenet,student,75,random_matched,3,0.95,0.98,0.09037168,0.035,0.7185204081632652,0.10790415041758744,2.895
0,imagenet,student,75,random_matched,4,0.955,0.98,0.0871483,0.03,0.7180102040816326,0.10614076102947029,2.895
0,imagenet,student,100,student,0,0.96,0.98,0.06483963,0.025,0.7080612244897959,0.08914376325284389,0.0
0,imagenet,student,100,student,1,0.96,0.98,0.06483963,0.025,0.7080612244897959,0.08914376325284389,0.0
0,imagenet,student,100,student,2,0.96,0.98,0.06483963,0.025,0.7080612244897959,0.08914376325284389,0.0
0,imagenet,student,100,student,3,0.96,0.98,0.06483963,0.025,0.7080612244897959,0.08914376325284389,0.0
0,imagenet,student,100,student,4,0.96,0.98,0.06483963,0.025,0.7080612244897959,0.08914376325284389,0.0
0,imagenet,student,100,random,0,0.95,0.98,0.07085513,0.03,0.8246938775510205,0.48994748795493875,0.0
0,imagenet,student,100,random,1,0.965,0.98,0.06002661,0.02,0.8235204081632653,0.4946262972715817,0.0
0,imagenet,student,100,random,2,0.945,0.98,0.086035594,0.035,0.8219387755102041,0.47777470733476307,0.0
0,imagenet,student,100,random,3,0.93,0.98,0.11281219,0.05,0.822857142857143,0.4756299304983063,0.0
0,imagenet,student,100,random,4,0.945,0.98,0.12285635,0.04,0.8268877551020407,0.5175266882325791,0.0
0,imagenet,student,100,random_rescue_10,0,0.965,0.98,0.048408117,0.02,0.7311734693877551,0.1666484119109423,10.0
0,imagenet,student,100,random_rescue_10,1,0.955,0.98,0.089068964,0.03,0.7330102040816326,0.17708234272152915,10.0
0,imagenet,student,100,random_rescue_10,2,0.96,0.98,0.053988673,0.025,0.7326530612244899,0.16973131342127332,10.0
0,imagenet,student,100,random_rescue_10,3,0.95,0.98,0.067949064,0.035,0.7322448979591836,0.1648512767773482,10.0
0,imagenet,student,100,random_rescue_10,4,0.95,0.98,0.07650742,0.035,0.7313265306122448,0.16606038702179368,10.0
0,imagenet,student,100,foreground_rescue_10,0,0.96,0.98,0.06344936,0.025,0.6786224489795919,0.02788394141400983,2.885
0,imagenet,student,100,foreground_rescue_10,1,0.965,0.98,0.055432253,0.02,0.6786224489795919,0.02788394141400983,2.885
0,imagenet,student,100,foreground_rescue_10,2,0.96,0.98,0.062111493,0.025,0.6786224489795919,0.02788394141400983,2.885
0,imagenet,student,100,foreground_rescue_10,3,0.96,0.98,0.07498359,0.025,0.6786224489795919,0.02788394141400983,2.885
0,imagenet,student,100,foreground_rescue_10,4,0.965,0.98,0.061785888,0.02,0.6786224489795919,0.02788394141400983,2.885
0,imagenet,student,100,low_score_rescue_10,0,0.955,0.98,0.086231135,0.035,0.7168367346938775,0.10419261002039056,10.0
0,imagenet,student,100,low_score_rescue_10,1,0.945,0.98,0.085164264,0.04,0.7165306122448979,0.10311636125160878,10.0
0,imagenet,student,100,low_score_rescue_10,2,0.945,0.98,0.08629745,0.035,0.7167857142857144,0.10456685288190251,10.0
0,imagenet,student,100,low_score_rescue_10,3,0.965,0.98,0.08261627,0.025,0.7164795918367346,0.10466870963748978,10.0
0,imagenet,student,100,low_score_rescue_10,4,0.95,0.98,0.11175928,0.035,0.7171938775510204,0.10510272505091406,10.0
0,imagenet,student,100,random_matched,0,0.96,0.98,0.08108412,0.025,0.7193877551020408,0.10826825042342803,2.885
0,imagenet,student,100,random_matched,1,0.95,0.98,0.07869035,0.035,0.7173469387755103,0.1047450870192404,2.885
0,imagenet,student,100,random_matched,2,0.965,0.98,0.060493898,0.02,0.7181122448979592,0.10646743193937612,2.885
0,imagenet,student,100,random_matched,3,0.965,0.98,0.058765084,0.02,0.7180612244897958,0.10671031334386749,2.885
0,imagenet,student,100,random_matched,4,0.955,0.98,0.068260446,0.03,0.7174489795918367,0.10376140599752882,2.885
0,scratch,ce,0,student,0,0.875,0.98,0.3295332,0.105,0.850561224489796,0.5981794121635886,0.0
0,scratch,ce,0,student,1,0.875,0.98,0.3295332,0.105,0.850561224489796,0.5981794121635886,0.0
0,scratch,ce,0,student,2,0.875,0.98,0.3295332,0.105,0.850561224489796,0.5981794121635886,0.0
0,scratch,ce,0,student,3,0.875,0.98,0.3295332,0.105,0.850561224489796,0.5981794121635886,0.0
0,scratch,ce,0,student,4,0.875,0.98,0.3295332,0.105,0.850561224489796,0.5981794121635886,0.0
0,scratch,ce,0,random,0,0.95,0.98,0.07085513,0.03,0.8246938775510205,0.48994748795493875,0.0
0,scratch,ce,0,random,1,0.965,0.98,0.06002661,0.02,0.8235204081632653,0.4946262972715817,0.0
0,scratch,ce,0,random,2,0.945,0.98,0.086035594,0.035,0.8219387755102041,0.47777470733476307,0.0
0,scratch,ce,0,random,3,0.93,0.98,0.11281219,0.05,0.822857142857143,0.4756299304983063,0.0
0,scratch,ce,0,random,4,0.945,0.98,0.12285635,0.04,0.8268877551020407,0.5175266882325791,0.0
0,scratch,ce,0,random_rescue_10,0,0.895,0.98,0.20119835,0.085,0.8451530612244897,0.5638985049597482,10.0
0,scratch,ce,0,random_rescue_10,1,0.87,0.98,0.2869938,0.11,0.8446428571428573,0.5759229810069456,10.0
0,scratch,ce,0,random_rescue_10,2,0.905,0.98,0.23440336,0.075,0.846887755102041,0.5871443738245714,10.0
0,scratch,ce,0,random_rescue_10,3,0.88,0.98,0.26195306,0.1,0.845,0.5784158401279986,10.0
0,scratch,ce,0,random_rescue_10,4,0.88,0.98,0.28184977,0.1,0.8460204081632652,0.5803594066019169,10.0
0,scratch,ce,0,foreground_rescue_10,0,0.925,0.98,0.12588541,0.055,0.775,0.23701169783036988,7.405
0,scratch,ce,0,foreground_rescue_10,1,0.94,0.98,0.08395754,0.04,0.775,0.23701169783036988,7.405
0,scratch,ce,0,foreground_rescue_10,2,0.96,0.98,0.06074478,0.02,0.775,0.23701169783036988,7.405
0,scratch,ce,0,foreground_rescue_10,3,0.94,0.98,0.0930003,0.04,0.775,0.23701169783036988,7.405
0,scratch,ce,0,foreground_rescue_10,4,0.965,0.98,0.049069263,0.015,0.775,0.23701169783036988,7.405
0,scratch,ce,0,low_score_rescue_10,0,0.88,0.98,0.27229047,0.1,0.844795918367347,0.5859170772430334,10.0
0,scratch,ce,0,low_score_rescue_10,1,0.865,0.98,0.30525488,0.115,0.8471428571428572,0.5853980915056881,10.0
0,scratch,ce,0,low_score_rescue_10,2,0.865,0.98,0.30834445,0.115,0.8455102040816327,0.5882467356657168,10.0
0,scratch,ce,0,low_score_rescue_10,3,0.885,0.98,0.2842727,0.095,0.844795918367347,0.5901691631743473,10.0
0,scratch,ce,0,low_score_rescue_10,4,0.885,0.98,0.2839457,0.095,0.8456122448979592,0.585626088587124,10.0
0,scratch,ce,0,random_matched,0,0.9,0.98,0.24033962,0.08,0.8449489795918368,0.5758685372196981,7.405
0,scratch,ce,0,random_matched,1,0.885,0.98,0.2601635,0.095,0.8442346938775509,0.5774126876148028,7.405
0,scratch,ce,0,random_matched,2,0.89,0.98,0.24671143,0.09,0.8443877551020408,0.5767761202652227,7.405
0,scratch,ce,0,random_matched,3,0.91,0.98,0.23422426,0.07,0.8472448979591838,0.5843409831688942,7.405
0,scratch,ce,0,random_matched,4,0.895,0.98,0.23182735,0.085,0.8461224489795919,0.5820094300469554,7.405
0,scratch,ce,10,student,0,0.875,0.98,0.24593277,0.105,0.827908163265306,0.5174438637557487,0.0
0,scratch,ce,10,student,1,0.875,0.98,0.24593277,0.105,0.827908163265306,0.5174438637557487,0.0
0,scratch,ce,10,student,2,0.875,0.98,0.24593277,0.105,0.827908163265306,0.5174438637557487,0.0
0,scratch,ce,10,student,3,0.875,0.98,0.24593277,0.105,0.827908163265306,0.5174438637557487,0.0
0,scratch,ce,10,student,4,0.875,0.98,0.24593277,0.105,0.827908163265306,0.5174438637557487,0.0
0,scratch,ce,10,random,0,0.95,0.98,0.07085513,0.03,0.8246938775510205,0.48994748795493875,0.0
0,scratch,ce,10,random,1,0.965,0.98,0.06002661,0.02,0.8235204081632653,0.4946262972715817,0.0
0,scratch,ce,10,random,2,0.945,0.98,0.086035594,0.035,0.8219387755102041,0.47777470733476307,0.0
0,scratch,ce,10,random,3,0.93,0.98,0.11281219,0.05,0.822857142857143,0.4756299304983063,0.0
0,scratch,ce,10,random,4,0.945,0.98,0.12285635,0.04,0.8268877551020407,0.5175266882325791,0.0
0,scratch,ce,10,random_rescue_10,0,0.935,0.98,0.13068855,0.045,0.8280102040816327,0.5200830319148615,10.0
0,scratch,ce,10,random_rescue_10,1,0.925,0.98,0.14272213,0.055,0.8279591836734693,0.5281887055034289,10.0
0,scratch,ce,10,random_rescue_10,2,0.92,0.98,0.16527012,0.06,0.8283673469387755,0.5237408937643561,10.0
0,scratch,ce,10,random_rescue_10,3,0.925,0.98,0.14782429,0.055,0.8271428571428572,0.5276003984863036,10.0
0,scratch,ce,10,random_rescue_10,4,0.91,0.98,0.13979574,0.07,0.827295918367347,0.513450539292475,10.0
0,scratch,ce,10,foreground_rescue_10,0,0.955,0.98,0.05761833,0.025,0.7546428571428572,0.189642274419204,7.18
0,scratch,ce,10,foreground_rescue_10,1,0.955,0.98,0.06892867,0.025,0.7546428571428572,0.189642274419204,7.18
0,scratch,ce,10,foreground_rescue_10,2,0.95,0.98,0.060375277,0.03,0.7546428571428572,0.189642274419204,7.18
0,scratch,ce,10,foreground_rescue_10,3,0.96,0.98,0.054155126,0.02,0.7546428571428572,0.189642274419204,7.18
0,scratch,ce,10,foreground_rescue_10,4,0.96,0.98,0.050134018,0.02,0.7546428571428572,0.189642274419204,7.18
0,scratch,ce,10,low_score_rescue_10,0,0.895,0.98,0.19958076,0.085,0.8246938775510203,0.49629966664019065,10.0
0,scratch,ce,10,low_score_rescue_10,1,0.925,0.98,0.16072872,0.055,0.8228061224489795,0.4952801252039929,10.0
0,scratch,ce,10,low_score_rescue_10,2,0.92,0.98,0.14362463,0.06,0.8253061224489795,0.4966722312232527,10.0
0,scratch,ce,10,low_score_rescue_10,3,0.91,0.98,0.1423194,0.07,0.8239795918367346,0.4992632994636807,10.0
0,scratch,ce,10,low_score_rescue_10,4,0.925,0.98,0.14411093,0.055,0.8230612244897959,0.4977217441070562,10.0
0,scratch,ce,10,random_matched,0,0.91,0.98,0.16140075,0.07,0.8260204081632652,0.5080000063558858,7.18
0,scratch,ce,10,random_matched,1,0.91,0.98,0.16302899,0.07,0.826530612244898,0.5066973269132913,7.18
0,scratch,ce,10,random_matched,2,0.925,0.98,0.12408093,0.055,0.8263265306122449,0.5106599683856731,7.18
0,scratch,ce,10,random_matched,3,0.905,0.98,0.1689164,0.075,0.8270408163265307,0.5098751715589532,7.18
0,scratch,ce,10,random_matched,4,0.91,0.98,0.14818871,0.07,0.8265816326530612,0.5053041109018772,7.18
0,scratch,ce,25,student,0,0.9,0.98,0.21896835,0.08,0.8334183673469387,0.4979023024441508,0.0
0,scratch,ce,25,student,1,0.9,0.98,0.21896835,0.08,0.8334183673469387,0.4979023024441508,0.0
0,scratch,ce,25,student,2,0.9,0.98,0.21896835,0.08,0.8334183673469387,0.4979023024441508,0.0
0,scratch,ce,25,student,3,0.9,0.98,0.21896835,0.08,0.8334183673469387,0.4979023024441508,0.0
0,scratch,ce,25,student,4,0.9,0.98,0.21896835,0.08,0.8334183673469387,0.4979023024441508,0.0
0,scratch,ce,25,random,0,0.95,0.98,0.07085513,0.03,0.8246938775510205,0.48994748795493875,0.0
0,scratch,ce,25,random,1,0.965,0.98,0.06002661,0.02,0.8235204081632653,0.4946262972715817,0.0
0,scratch,ce,25,random,2,0.945,0.98,0.086035594,0.035,0.8219387755102041,0.47777470733476307,0.0
0,scratch,ce,25,random,3,0.93,0.98,0.11281219,0.05,0.822857142857143,0.4756299304983063,0.0
0,scratch,ce,25,random,4,0.945,0.98,0.12285635,0.04,0.8268877551020407,0.5175266882325791,0.0
0,scratch,ce,25,random_rescue_10,0,0.92,0.98,0.17658283,0.06,0.832908163265306,0.5062330384746931,10.0
0,scratch,ce,25,random_rescue_10,1,0.91,0.98,0.17606506,0.07,0.8309183673469388,0.49403767824772593,10.0
0,scratch,ce,25,random_rescue_10,2,0.91,0.98,0.2098388,0.07,0.8318877551020408,0.5006310640078016,10.0
0,scratch,ce,25,random_rescue_10,3,0.91,0.98,0.19297951,0.07,0.8313775510204081,0.5078287766072461,10.0
0,scratch,ce,25,random_rescue_10,4,0.92,0.98,0.17406285,0.06,0.832295918367347,0.5027619415146003,10.0
0,scratch,ce,25,foreground_rescue_10,0,0.93,0.98,0.118082084,0.055,0.7623469387755102,0.18905075816675335,6.965
0,scratch,ce,25,foreground_rescue_10,1,0.935,0.98,0.13777867,0.05,0.7623469387755102,0.18905075816675335,6.965
0,scratch,ce,25,foreground_rescue_10,2,0.935,0.98,0.10495236,0.05,0.7623469387755102,0.18905075816675335,6.965
0,scratch,ce,25,foreground_rescue_10,3,0.93,0.98,0.14801812,0.055,0.7623469387755102,0.18905075816675335,6.965
0,scratch,ce,25,foreground_rescue_10,4,0.94,0.98,0.13547896,0.045,0.7623469387755102,0.18905075816675335,6.965
0,scratch,ce,25,low_score_rescue_10,0,0.915,0.98,0.1783666,0.065,0.829030612244898,0.49132515708720775,10.0
0,scratch,ce,25,low_score_rescue_10,1,0.91,0.98,0.18688844,0.07,0.8289285714285713,0.48741345559563665,10.0
0,scratch,ce,25,low_score_rescue_10,2,0.91,0.98,0.20468898,0.07,0.8288265306122449,0.4851472167730269,10.0
0,scratch,ce,25,low_score_rescue_10,3,0.92,0.98,0.19048494,0.06,0.8294897959183674,0.49340609706884403,10.0
0,scratch,ce,25,low_score_rescue_10,4,0.92,0.98,0.21500596,0.06,0.8293877551020408,0.49234491492022536,10.0
0,scratch,ce,25,random_matched,0,0.915,0.98,0.18533447,0.065,0.829234693877551,0.4859609032484551,6.965
0,scratch,ce,25,random_matched,1,0.895,0.98,0.22371174,0.085,0.8298469387755102,0.4904022792426549,6.965
0,scratch,ce,25,random_matched,2,0.905,0.98,0.18423666,0.075,0.8306632653061224,0.4977081607194075,6.965
0,scratch,ce,25,random_matched,3,0.905,0.98,0.16612405,0.075,0.8303061224489795,0.4871445028077687,6.965
0,scratch,ce,25,random_matched,4,0.9,0.98,0.21023221,0.08,0.8307142857142857,0.493409265585203,6.965
0,scratch,ce,50,student,0,0.885,0.98,0.2724045,0.095,0.8308163265306123,0.5063141190678238,0.0
0,scratch,ce,50,student,1,0.885,0.98,0.2724045,0.095,0.8308163265306123,0.5063141190678238,0.0
0,scratch,ce,50,student,2,0.885,0.98,0.2724045,0.095,0.8308163265306123,0.5063141190678238,0.0
0,scratch,ce,50,student,3,0.885,0.98,0.2724045,0.095,0.8308163265306123,0.5063141190678238,0.0
0,scratch,ce,50,student,4,0.885,0.98,0.2724045,0.095,0.8308163265306123,0.5063141190678238,0.0
0,scratch,ce,50,random,0,0.95,0.98,0.07085513,0.03,0.8246938775510205,0.48994748795493875,0.0
0,scratch,ce,50,random,1,0.965,0.98,0.06002661,0.02,0.8235204081632653,0.4946262972715817,0.0
0,scratch,ce,50,random,2,0.945,0.98,0.086035594,0.035,0.8219387755102041,0.47777470733476307,0.0
0,scratch,ce,50,random,3,0.93,0.98,0.11281219,0.05,0.822857142857143,0.4756299304983063,0.0
0,scratch,ce,50,random,4,0.945,0.98,0.12285635,0.04,0.8268877551020407,0.5175266882325791,0.0
0,scratch,ce,50,random_rescue_10,0,0.915,0.98,0.21103443,0.065,0.8280102040816325,0.49782952762779176,10.0
0,scratch,ce,50,random_rescue_10,1,0.89,0.98,0.25094792,0.09,0.8293877551020408,0.5042940996680302,10.0
0,scratch,ce,50,random_rescue_10,2,0.925,0.98,0.14362317,0.055,0.8301020408163265,0.5002585833503528,10.0
0,scratch,ce,50,random_rescue_10,3,0.89,0.98,0.2815959,0.09,0.8291326530612244,0.5109707064539816,10.0
0,scratch,ce,50,random_rescue_10,4,0.9,0.98,0.24242787,0.08,0.8295918367346939,0.507427858994638,10.0
0,scratch,ce,50,foreground_rescue_10,0,0.945,0.98,0.11075722,0.04,0.7588265306122449,0.187257269019718,7.055
0,scratch,ce,50,foreground_rescue_10,1,0.945,0.98,0.11552908,0.04,0.7588265306122449,0.187257269019718,7.055
0,scratch,ce,50,foreground_rescue_10,2,0.945,0.98,0.10206296,0.04,0.7588265306122449,0.187257269019718,7.055
0,scratch,ce,50,foreground_rescue_10,3,0.94,0.98,0.117179066,0.045,0.7588265306122449,0.187257269019718,7.055
0,scratch,ce,50,foreground_rescue_10,4,0.95,0.98,0.07750542,0.035,0.7588265306122449,0.187257269019718,7.055
0,scratch,ce,50,low_score_rescue_10,0,0.885,0.98,0.23316444,0.095,0.8265306122448979,0.4938045476960577,10.0
0,scratch,ce,50,low_score_rescue_10,1,0.885,0.98,0.20880856,0.095,0.8284183673469387,0.49849762027646743,10.0
0,scratch,ce,50,low_score_rescue_10,2,0.895,0.98,0.2378604,0.085,0.8271938775510205,0.49003764171580805,10.0
0,scratch,ce,50,low_score_rescue_10,3,0.9,0.98,0.17445672,0.08,0.8269897959183674,0.492683754309561,10.0
0,scratch,ce,50,low_score_rescue_10,4,0.91,0.98,0.18054377,0.07,0.8273979591836735,0.4958775915357885,10.0
0,scratch,ce,50,random_matched,0,0.915,0.98,0.20615871,0.065,0.827295918367347,0.4946887955790104,7.055
0,scratch,ce,50,random_matched,1,0.9,0.98,0.22838145,0.08,0.8269897959183672,0.4960582988705646,7.055
0,scratch,ce,50,random_matched,2,0.92,0.98,0.19308762,0.06,0.8297448979591837,0.49966365330534906,7.055
0,scratch,ce,50,random_matched,3,0.895,0.98,0.23582627,0.085,0.8286734693877551,0.4979065903852299,7.055
0,scratch,ce,50,random_matched,4,0.885,0.98,0.25263637,0.095,0.8289285714285713,0.5001578757495221,7.055
0,scratch,ce,75,student,0,0.9,0.98,0.23821987,0.08,0.8246938775510203,0.4836624810067719,0.0
0,scratch,ce,75,student,1,0.9,0.98,0.23821987,0.08,0.8246938775510203,0.4836624810067719,0.0
0,scratch,ce,75,student,2,0.9,0.98,0.23821987,0.08,0.8246938775510203,0.4836624810067719,0.0
0,scratch,ce,75,student,3,0.9,0.98,0.23821987,0.08,0.8246938775510203,0.4836624810067719,0.0
0,scratch,ce,75,student,4,0.9,0.98,0.23821987,0.08,0.8246938775510203,0.4836624810067719,0.0
0,scratch,ce,75,random,0,0.95,0.98,0.07085513,0.03,0.8246938775510205,0.48994748795493875,0.0
0,scratch,ce,75,random,1,0.965,0.98,0.06002661,0.02,0.8235204081632653,0.4946262972715817,0.0
0,scratch,ce,75,random,2,0.945,0.98,0.086035594,0.035,0.8219387755102041,0.47777470733476307,0.0
0,scratch,ce,75,random,3,0.93,0.98,0.11281219,0.05,0.822857142857143,0.4756299304983063,0.0
0,scratch,ce,75,random,4,0.945,0.98,0.12285635,0.04,0.8268877551020407,0.5175266882325791,0.0
0,scratch,ce,75,random_rescue_10,0,0.915,0.98,0.19146381,0.065,0.8236734693877551,0.4883289329643994,10.0
0,scratch,ce,75,random_rescue_10,1,0.9,0.98,0.18806675,0.08,0.8253061224489797,0.4932299833957363,10.0
0,scratch,ce,75,random_rescue_10,2,0.93,0.98,0.1495202,0.05,0.825,0.48706314844744064,10.0
0,scratch,ce,75,random_rescue_10,3,0.91,0.98,0.1887991,0.07,0.8233163265306124,0.48778293140076656,10.0
0,scratch,ce,75,random_rescue_10,4,0.92,0.98,0.14787863,0.06,0.8249489795918368,0.47906317127456793,10.0
0,scratch,ce,75,foreground_rescue_10,0,0.925,0.98,0.1623642,0.055,0.7517857142857142,0.1690209669860973,7.145
0,scratch,ce,75,foreground_rescue_10,1,0.925,0.98,0.1682734,0.06,0.7517857142857142,0.1690209669860973,7.145
0,scratch,ce,75,foreground_rescue_10,2,0.92,0.98,0.17284766,0.065,0.7517857142857142,0.1690209669860973,7.145
0,scratch,ce,75,foreground_rescue_10,3,0.93,0.98,0.14832379,0.055,0.7517857142857142,0.1690209669860973,7.145
0,scratch,ce,75,foreground_rescue_10,4,0.925,0.98,0.17219102,0.06,0.7517857142857142,0.1690209669860973,7.145
0,scratch,ce,75,low_score_rescue_10,0,0.925,0.98,0.14429194,0.055,0.8225,0.4801166121652738,10.0
0,scratch,ce,75,low_score_rescue_10,1,0.935,0.98,0.10519726,0.045,0.8225510204081633,0.4762944005673819,10.0
0,scratch,ce,75,low_score_rescue_10,2,0.925,0.98,0.14246936,0.055,0.8235204081632653,0.4869498562771775,10.0
0,scratch,ce,75,low_score_rescue_10,3,0.92,0.98,0.16673617,0.065,0.8214285714285714,0.4773902918978696,10.0
0,scratch,ce,75,low_score_rescue_10,4,0.925,0.98,0.15710121,0.06,0.8229081632653061,0.47332975771895686,10.0
0,scratch,ce,75,random_matched,0,0.92,0.98,0.18017262,0.06,0.825204081632653,0.48481616937814503,7.145
0,scratch,ce,75,random_matched,1,0.91,0.98,0.21233946,0.07,0.822295918367347,0.4762270233781318,7.145
0,scratch,ce,75,random_matched,2,0.92,0.98,0.18199493,0.06,0.8231122448979592,0.47708333472513015,7.145
0,scratch,ce,75,random_matched,3,0.91,0.98,0.20422532,0.07,0.8242346938775509,0.4783074723434321,7.145
0,scratch,ce,75,random_matched,4,0.905,0.98,0.21755014,0.075,0.8239795918367346,0.4817966362812155,7.145
0,scratch,ce,100,student,0,0.88,0.98,0.26567462,0.1,0.8270408163265306,0.4913718901661193,0.0
0,scratch,ce,100,student,1,0.88,0.98,0.26567462,0.1,0.8270408163265306,0.4913718901661193,0.0
0,scratch,ce,100,student,2,0.88,0.98,0.26567462,0.1,0.8270408163265306,0.4913718901661193,0.0
0,scratch,ce,100,student,3,0.88,0.98,0.26567462,0.1,0.8270408163265306,0.4913718901661193,0.0
0,scratch,ce,100,student,4,0.88,0.98,0.26567462,0.1,0.8270408163265306,0.4913718901661193,0.0
0,scratch,ce,100,random,0,0.95,0.98,0.07085513,0.03,0.8246938775510205,0.48994748795493875,0.0
0,scratch,ce,100,random,1,0.965,0.98,0.06002661,0.02,0.8235204081632653,0.4946262972715817,0.0
0,scratch,ce,100,random,2,0.945,0.98,0.086035594,0.035,0.8219387755102041,0.47777470733476307,0.0
0,scratch,ce,100,random,3,0.93,0.98,0.11281219,0.05,0.822857142857143,0.4756299304983063,0.0
0,scratch,ce,100,random,4,0.945,0.98,0.12285635,0.04,0.8268877551020407,0.5175266882325791,0.0
0,scratch,ce,100,random_rescue_10,0,0.9,0.98,0.1944025,0.08,0.8281122448979592,0.501945687886158,10.0
0,scratch,ce,100,random_rescue_10,1,0.9,0.98,0.22038704,0.08,0.8255102040816327,0.48056062459209603,10.0
0,scratch,ce,100,random_rescue_10,2,0.895,0.98,0.22493917,0.085,0.8257142857142857,0.4936243319302355,10.0
0,scratch,ce,100,random_rescue_10,3,0.92,0.98,0.16672473,0.06,0.8254591836734694,0.4900816544070683,10.0
0,scratch,ce,100,random_rescue_10,4,0.925,0.98,0.15343599,0.06,0.8271938775510205,0.4911019326086792,10.0
0,scratch,ce,100,foreground_rescue_10,0,0.925,0.98,0.16444913,0.06,0.7541326530612245,0.17742837756816437,7.145
0,scratch,ce,100,foreground_rescue_10,1,0.935,0.98,0.14380021,0.05,0.7541326530612245,0.17742837756816437,7.145
0,scratch,ce,100,foreground_rescue_10,2,0.94,0.98,0.13866292,0.045,0.7541326530612245,0.17742837756816437,7.145
0,scratch,ce,100,foreground_rescue_10,3,0.925,0.98,0.14761958,0.06,0.7541326530612245,0.17742837756816437,7.145
0,scratch,ce,100,foreground_rescue_10,4,0.935,0.98,0.14609471,0.05,0.7541326530612245,0.17742837756816437,7.145
0,scratch,ce,100,low_score_rescue_10,0,0.905,0.98,0.19296226,0.075,0.8229591836734694,0.4725285984738168,10.0
0,scratch,ce,100,low_score_rescue_10,1,0.91,0.98,0.16031387,0.07,0.8224489795918367,0.46756796527968103,10.0
0,scratch,ce,100,low_score_rescue_10,2,0.915,0.98,0.16289282,0.065,0.8240306122448979,0.4809348703019958,10.0
0,scratch,ce,100,low_score_rescue_10,3,0.915,0.98,0.17224178,0.07,0.8240306122448979,0.4779183651426284,10.0
0,scratch,ce,100,low_score_rescue_10,4,0.91,0.98,0.1950914,0.07,0.8239795918367346,0.47346261172097004,10.0
0,scratch,ce,100,random_matched,0,0.88,0.98,0.25919688,0.1,0.8273979591836735,0.48868110955266664,7.145
0,scratch,ce,100,random_matched,1,0.905,0.98,0.22310562,0.075,0.8238265306122449,0.48237374902104035,7.145
0,scratch,ce,100,random_matched,2,0.895,0.98,0.20075396,0.085,0.8242857142857143,0.48232007104398317,7.145
0,scratch,ce,100,random_matched,3,0.895,0.98,0.21386577,0.085,0.8269387755102041,0.4879634376115786,7.145
0,scratch,ce,100,random_matched,4,0.905,0.98,0.23114532,0.075,0.8268367346938774,0.487275380853859,7.145
0,scratch,foreground_rescue_10,0,student,0,0.875,0.98,0.3295332,0.105,0.850561224489796,0.5981794121635886,0.0
0,scratch,foreground_rescue_10,0,student,1,0.875,0.98,0.3295332,0.105,0.850561224489796,0.5981794121635886,0.0
0,scratch,foreground_rescue_10,0,student,2,0.875,0.98,0.3295332,0.105,0.850561224489796,0.5981794121635886,0.0
0,scratch,foreground_rescue_10,0,student,3,0.875,0.98,0.3295332,0.105,0.850561224489796,0.5981794121635886,0.0
0,scratch,foreground_rescue_10,0,student,4,0.875,0.98,0.3295332,0.105,0.850561224489796,0.5981794121635886,0.0
0,scratch,foreground_rescue_10,0,random,0,0.95,0.98,0.07085513,0.03,0.8246938775510205,0.48994748795493875,0.0
0,scratch,foreground_rescue_10,0,random,1,0.965,0.98,0.06002661,0.02,0.8235204081632653,0.4946262972715817,0.0
0,scratch,foreground_rescue_10,0,random,2,0.945,0.98,0.086035594,0.035,0.8219387755102041,0.47777470733476307,0.0
0,scratch,foreground_rescue_10,0,random,3,0.93,0.98,0.11281219,0.05,0.822857142857143,0.4756299304983063,0.0
0,scratch,foreground_rescue_10,0,random,4,0.945,0.98,0.12285635,0.04,0.8268877551020407,0.5175266882325791,0.0
0,scratch,foreground_rescue_10,0,random_rescue_10,0,0.895,0.98,0.20119835,0.085,0.8451530612244897,0.5638985049597482,10.0
0,scratch,foreground_rescue_10,0,random_rescue_10,1,0.87,0.98,0.2869938,0.11,0.8446428571428573,0.5759229810069456,10.0
0,scratch,foreground_rescue_10,0,random_rescue_10,2,0.905,0.98,0.23440336,0.075,0.846887755102041,0.5871443738245714,10.0
0,scratch,foreground_rescue_10,0,random_rescue_10,3,0.88,0.98,0.26195306,0.1,0.845,0.5784158401279986,10.0
0,scratch,foreground_rescue_10,0,random_rescue_10,4,0.88,0.98,0.28184977,0.1,0.8460204081632652,0.5803594066019169,10.0
0,scratch,foreground_rescue_10,0,foreground_rescue_10,0,0.925,0.98,0.12588541,0.055,0.775,0.23701169783036988,7.405
0,scratch,foreground_rescue_10,0,foreground_rescue_10,1,0.94,0.98,0.08395754,0.04,0.775,0.23701169783036988,7.405
0,scratch,foreground_rescue_10,0,foreground_rescue_10,2,0.96,0.98,0.06074478,0.02,0.775,0.23701169783036988,7.405
0,scratch,foreground_rescue_10,0,foreground_rescue_10,3,0.94,0.98,0.0930003,0.04,0.775,0.23701169783036988,7.405
0,scratch,foreground_rescue_10,0,foreground_rescue_10,4,0.965,0.98,0.049069263,0.015,0.775,0.23701169783036988,7.405
0,scratch,foreground_rescue_10,0,low_score_rescue_10,0,0.88,0.98,0.27229047,0.1,0.844795918367347,0.5859170772430334,10.0
0,scratch,foreground_rescue_10,0,low_score_rescue_10,1,0.865,0.98,0.30525488,0.115,0.8471428571428572,0.5853980915056881,10.0
0,scratch,foreground_rescue_10,0,low_score_rescue_10,2,0.865,0.98,0.30834445,0.115,0.8455102040816327,0.5882467356657168,10.0
0,scratch,foreground_rescue_10,0,low_score_rescue_10,3,0.885,0.98,0.2842727,0.095,0.844795918367347,0.5901691631743473,10.0
0,scratch,foreground_rescue_10,0,low_score_rescue_10,4,0.885,0.98,0.2839457,0.095,0.8456122448979592,0.585626088587124,10.0
0,scratch,foreground_rescue_10,0,random_matched,0,0.9,0.98,0.24033962,0.08,0.8449489795918368,0.5758685372196981,7.405
0,scratch,foreground_rescue_10,0,random_matched,1,0.885,0.98,0.2601635,0.095,0.8442346938775509,0.5774126876148028,7.405
0,scratch,foreground_rescue_10,0,random_matched,2,0.89,0.98,0.24671143,0.09,0.8443877551020408,0.5767761202652227,7.405
0,scratch,foreground_rescue_10,0,random_matched,3,0.91,0.98,0.23422426,0.07,0.8472448979591838,0.5843409831688942,7.405
0,scratch,foreground_rescue_10,0,random_matched,4,0.895,0.98,0.23182735,0.085,0.8461224489795919,0.5820094300469554,7.405
0,scratch,foreground_rescue_10,10,student,0,0.89,0.98,0.24494252,0.09,0.838265306122449,0.5527044618959767,0.0
0,scratch,foreground_rescue_10,10,student,1,0.89,0.98,0.24494252,0.09,0.838265306122449,0.5527044618959767,0.0
0,scratch,foreground_rescue_10,10,student,2,0.89,0.98,0.24494252,0.09,0.838265306122449,0.5527044618959767,0.0
0,scratch,foreground_rescue_10,10,student,3,0.89,0.98,0.24494252,0.09,0.838265306122449,0.5527044618959767,0.0
0,scratch,foreground_rescue_10,10,student,4,0.89,0.98,0.24494252,0.09,0.838265306122449,0.5527044618959767,0.0
0,scratch,foreground_rescue_10,10,random,0,0.95,0.98,0.07085513,0.03,0.8246938775510205,0.48994748795493875,0.0
0,scratch,foreground_rescue_10,10,random,1,0.965,0.98,0.06002661,0.02,0.8235204081632653,0.4946262972715817,0.0
0,scratch,foreground_rescue_10,10,random,2,0.945,0.98,0.086035594,0.035,0.8219387755102041,0.47777470733476307,0.0
0,scratch,foreground_rescue_10,10,random,3,0.93,0.98,0.11281219,0.05,0.822857142857143,0.4756299304983063,0.0
0,scratch,foreground_rescue_10,10,random,4,0.945,0.98,0.12285635,0.04,0.8268877551020407,0.5175266882325791,0.0
0,scratch,foreground_rescue_10,10,random_rescue_10,0,0.89,0.98,0.18574923,0.09,0.8354591836734694,0.545010387993644,10.0
0,scratch,foreground_rescue_10,10,random_rescue_10,1,0.925,0.98,0.17570195,0.055,0.835204081632653,0.5357502017914028,10.0
0,scratch,foreground_rescue_10,10,random_rescue_10,2,0.925,0.98,0.14898878,0.055,0.835408163265306,0.5394628112074564,10.0
0,scratch,foreground_rescue_10,10,random_rescue_10,3,0.91,0.98,0.17680633,0.07,0.8359183673469388,0.5427590900117291,10.0
0,scratch,foreground_rescue_10,10,random_rescue_10,4,0.905,0.98,0.21112676,0.075,0.8380102040816325,0.5460018856282505,10.0
0,scratch,foreground_rescue_10,10,foreground_rescue_10,0,0.925,0.98,0.13286766,0.055,0.7661734693877551,0.20617981972995503,7.065
0,scratch,foreground_rescue_10,10,foreground_rescue_10,1,0.935,0.98,0.11056611,0.045,0.7661734693877551,0.20617981972995503,7.065
0,scratch,foreground_rescue_10,10,foreground_rescue_10,2,0.94,0.98,0.10193069,0.04,0.7661734693877551,0.20617981972995503,7.065
0,scratch,foreground_rescue_10,10,foreground_rescue_10,3,0.94,0.98,0.1256802,0.04,0.7661734693877551,0.20617981972995503,7.065
0,scratch,foreground_rescue_10,10,foreground_rescue_10,4,0.935,0.98,0.13131176,0.045,0.7661734693877551,0.20617981972995503,7.065
0,scratch,foreground_rescue_10,10,low_score_rescue_10,0,0.905,0.98,0.22282296,0.075,0.8325,0.5307643934271208,10.0
0,scratch,foreground_rescue_10,10,low_score_rescue_10,1,0.91,0.98,0.183446,0.07,0.8334183673469387,0.5347076751277499,10.0
0,scratch,foreground_rescue_10,10,low_score_rescue_10,2,0.89,0.98,0.24453168,0.09,0.8334693877551022,0.5366212734458993,10.0
0,scratch,foreground_rescue_10,10,low_score_rescue_10,3,0.885,0.98,0.22821783,0.095,0.8320408163265306,0.5278843312604113,10.0
0,scratch,foreground_rescue_10,10,low_score_rescue_10,4,0.915,0.98,0.16791725,0.065,0.8325,0.5241242700340911,10.0
0,scratch,foreground_rescue_10,10,random_matched,0,0.895,0.98,0.20295033,0.085,0.8357653061224488,0.5383297338315086,7.065
0,scratch,foreground_rescue_10,10,random_matched,1,0.905,0.98,0.17886415,0.075,0.8334183673469387,0.5354164743742024,7.065
0,scratch,foreground_rescue_10,10,random_matched,2,0.905,0.98,0.19532326,0.075,0.8354591836734693,0.5432217721992655,7.065
0,scratch,foreground_rescue_10,10,random_matched,3,0.9,0.98,0.20780867,0.08,0.834795918367347,0.5422562389389203,7.065
0,scratch,foreground_rescue_10,10,random_matched,4,0.9,0.98,0.23092942,0.08,0.8351530612244897,0.537324640430668,7.065
0,scratch,foreground_rescue_10,25,student,0,0.895,0.98,0.24922237,0.085,0.8312244897959183,0.5254346881448604,0.0
0,scratch,foreground_rescue_10,25,student,1,0.895,0.98,0.24922237,0.085,0.8312244897959183,0.5254346881448604,0.0
0,scratch,foreground_rescue_10,25,student,2,0.895,0.98,0.24922237,0.085,0.8312244897959183,0.5254346881448604,0.0
0,scratch,foreground_rescue_10,25,student,3,0.895,0.98,0.24922237,0.085,0.8312244897959183,0.5254346881448604,0.0
0,scratch,foreground_rescue_10,25,student,4,0.895,0.98,0.24922237,0.085,0.8312244897959183,0.5254346881448604,0.0
0,scratch,foreground_rescue_10,25,random,0,0.95,0.98,0.07085513,0.03,0.8246938775510205,0.48994748795493875,0.0
0,scratch,foreground_rescue_10,25,random,1,0.965,0.98,0.06002661,0.02,0.8235204081632653,0.4946262972715817,0.0
0,scratch,foreground_rescue_10,25,random,2,0.945,0.98,0.086035594,0.035,0.8219387755102041,0.47777470733476307,0.0
0,scratch,foreground_rescue_10,25,random,3,0.93,0.98,0.11281219,0.05,0.822857142857143,0.4756299304983063,0.0
0,scratch,foreground_rescue_10,25,random,4,0.945,0.98,0.12285635,0.04,0.8268877551020407,0.5175266882325791,0.0
0,scratch,foreground_rescue_10,25,random_rescue_10,0,0.885,0.98,0.26713908,0.095,0.8303061224489795,0.527675573983043,10.0
0,scratch,foreground_rescue_10,25,random_rescue_10,1,0.925,0.98,0.15391274,0.055,0.8304591836734693,0.5274196392852163,10.0
0,scratch,foreground_rescue_10,25,random_rescue_10,2,0.895,0.98,0.22056873,0.085,0.8300510204081633,0.5177678071806174,10.0
0,scratch,foreground_rescue_10,25,random_rescue_10,3,0.89,0.98,0.24497814,0.09,0.828265306122449,0.5150534127542832,10.0
0,scratch,foreground_rescue_10,25,random_rescue_10,4,0.91,0.98,0.21226734,0.07,0.8316836734693877,0.5193911119984074,10.0
0,scratch,foreground_rescue_10,25,foreground_rescue_10,0,0.935,0.98,0.12537184,0.045,0.7593877551020408,0.19273683937360608,7.04
0,scratch,foreground_rescue_10,25,foreground_rescue_10,1,0.925,0.98,0.14360176,0.055,0.7593877551020408,0.19273683937360608,7.04
0,scratch,foreground_rescue_10,25,foreground_rescue_10,2,0.925,0.98,0.14616907,0.055,0.7593877551020408,0.19273683937360608,7.04
0,scratch,foreground_rescue_10,25,foreground_rescue_10,3,0.93,0.98,0.14159262,0.05,0.7593877551020408,0.19273683937360608,7.04
0,scratch,foreground_rescue_10,25,foreground_rescue_10,4,0.935,0.98,0.122878686,0.045,0.7593877551020408,0.19273683937360608,7.04
0,scratch,foreground_rescue_10,25,low_score_rescue_10,0,0.91,0.98,0.19773257,0.07,0.8269897959183673,0.5035681204897954,10.0
0,scratch,foreground_rescue_10,25,low_score_rescue_10,1,0.915,0.98,0.1873867,0.065,0.8271428571428572,0.5059884824120876,10.0
0,scratch,foreground_rescue_10,25,low_score_rescue_10,2,0.915,0.98,0.22056973,0.065,0.8276020408163265,0.5159508887555042,10.0
0,scratch,foreground_rescue_10,25,low_score_rescue_10,3,0.91,0.98,0.21172386,0.07,0.8273469387755102,0.5079557386916559,10.0
0,scratch,foreground_rescue_10,25,low_score_rescue_10,4,0.91,0.98,0.22282831,0.07,0.8276020408163265,0.5097573127565291,10.0
0,scratch,foreground_rescue_10,25,random_matched,0,0.89,0.98,0.2637093,0.09,0.8297448979591836,0.5117127978220453,7.04
0,scratch,foreground_rescue_10,25,random_matched,1,0.91,0.98,0.20257618,0.07,0.8278571428571427,0.5158238819087401,7.04
0,scratch,foreground_rescue_10,25,random_matched,2,0.905,0.98,0.1945029,0.075,0.8274489795918367,0.5128046891966217,7.04
0,scratch,foreground_rescue_10,25,random_matched,3,0.905,0.98,0.21587092,0.075,0.8308673469387756,0.5232533371357416,7.04
0,scratch,foreground_rescue_10,25,random_matched,4,0.905,0.98,0.21250671,0.075,0.8281632653061224,0.512816241207889,7.04
0,scratch,foreground_rescue_10,50,student,0,0.875,0.98,0.33432168,0.105,0.8482653061224491,0.580911490512787,0.0
0,scratch,foreground_rescue_10,50,student,1,0.875,0.98,0.33432168,0.105,0.8482653061224491,0.580911490512787,0.0
0,scratch,foreground_rescue_10,50,student,2,0.875,0.98,0.33432168,0.105,0.8482653061224491,0.580911490512787,0.0
0,scratch,foreground_rescue_10,50,student,3,0.875,0.98,0.33432168,0.105,0.8482653061224491,0.580911490512787,0.0
0,scratch,foreground_rescue_10,50,student,4,0.875,0.98,0.33432168,0.105,0.8482653061224491,0.580911490512787,0.0
0,scratch,foreground_rescue_10,50,random,0,0.95,0.98,0.07085513,0.03,0.8246938775510205,0.48994748795493875,0.0
0,scratch,foreground_rescue_10,50,random,1,0.965,0.98,0.06002661,0.02,0.8235204081632653,0.4946262972715817,0.0
0,scratch,foreground_rescue_10,50,random,2,0.945,0.98,0.086035594,0.035,0.8219387755102041,0.47777470733476307,0.0
0,scratch,foreground_rescue_10,50,random,3,0.93,0.98,0.11281219,0.05,0.822857142857143,0.4756299304983063,0.0
0,scratch,foreground_rescue_10,50,random,4,0.945,0.98,0.12285635,0.04,0.8268877551020407,0.5175266882325791,0.0
0,scratch,foreground_rescue_10,50,random_rescue_10,0,0.895,0.98,0.24314724,0.085,0.8426530612244898,0.5677268325430418,10.0
0,scratch,foreground_rescue_10,50,random_rescue_10,1,0.895,0.98,0.22857723,0.085,0.8439285714285714,0.567601984946868,10.0
0,scratch,foreground_rescue_10,50,random_rescue_10,2,0.895,0.98,0.26414576,0.085,0.8444897959183674,0.5660282718036191,10.0
0,scratch,foreground_rescue_10,50,random_rescue_10,3,0.89,0.98,0.25422683,0.09,0.840765306122449,0.5508145977378419,10.0
0,scratch,foreground_rescue_10,50,random_rescue_10,4,0.89,0.98,0.26430434,0.09,0.844030612244898,0.5725154881137434,10.0
0,scratch,foreground_rescue_10,50,foreground_rescue_10,0,0.93,0.98,0.14444664,0.05,0.7749489795918367,0.22742997752133595,7.185
0,scratch,foreground_rescue_10,50,foreground_rescue_10,1,0.915,0.98,0.1757824,0.065,0.7749489795918367,0.22742997752133595,7.185
0,scratch,foreground_rescue_10,50,foreground_rescue_10,2,0.91,0.98,0.173622,0.07,0.7749489795918367,0.22742997752133595,7.185
0,scratch,foreground_rescue_10,50,foreground_rescue_10,3,0.93,0.98,0.14041606,0.05,0.7749489795918367,0.22742997752133595,7.185
0,scratch,foreground_rescue_10,50,foreground_rescue_10,4,0.93,0.98,0.15471724,0.05,0.7749489795918367,0.22742997752133595,7.185
0,scratch,foreground_rescue_10,50,low_score_rescue_10,0,0.9,0.98,0.1867039,0.08,0.8430612244897959,0.5614502972981174,10.0
0,scratch,foreground_rescue_10,50,low_score_rescue_10,1,0.905,0.98,0.25239968,0.075,0.842704081632653,0.5515047145945332,10.0
0,scratch,foreground_rescue_10,50,low_score_rescue_10,2,0.92,0.98,0.20389241,0.06,0.8433673469387755,0.5610649882307446,10.0
0,scratch,foreground_rescue_10,50,low_score_rescue_10,3,0.9,0.98,0.22378545,0.08,0.842295918367347,0.5566375836321341,10.0
0,scratch,foreground_rescue_10,50,low_score_rescue_10,4,0.905,0.98,0.27935576,0.075,0.8418877551020407,0.5567321181439054,10.0
0,scratch,foreground_rescue_10,50,random_matched,0,0.875,0.98,0.32246572,0.105,0.8422448979591838,0.5601224286796949,7.185
0,scratch,foreground_rescue_10,50,random_matched,1,0.89,0.98,0.2943126,0.09,0.8407142857142857,0.5574242507187068,7.185
0,scratch,foreground_rescue_10,50,random_matched,2,0.89,0.98,0.27960622,0.09,0.8403571428571429,0.5541747578405404,7.185
0,scratch,foreground_rescue_10,50,random_matched,3,0.895,0.98,0.25463256,0.085,0.8430102040816326,0.5671108128846435,7.185
0,scratch,foreground_rescue_10,50,random_matched,4,0.905,0.98,0.23620762,0.075,0.8416326530612246,0.5628023379692364,7.185
0,scratch,foreground_rescue_10,75,student,0,0.865,0.98,0.3478727,0.115,0.8547448979591837,0.5985683810216883,0.0
0,scratch,foreground_rescue_10,75,student,1,0.865,0.98,0.3478727,0.115,0.8547448979591837,0.5985683810216883,0.0
0,scratch,foreground_rescue_10,75,student,2,0.865,0.98,0.3478727,0.115,0.8547448979591837,0.5985683810216883,0.0
0,scratch,foreground_rescue_10,75,student,3,0.865,0.98,0.3478727,0.115,0.8547448979591837,0.5985683810216883,0.0
0,scratch,foreground_rescue_10,75,student,4,0.865,0.98,0.3478727,0.115,0.8547448979591837,0.5985683810216883,0.0
0,scratch,foreground_rescue_10,75,random,0,0.95,0.98,0.07085513,0.03,0.8246938775510205,0.48994748795493875,0.0
0,scratch,foreground_rescue_10,75,random,1,0.965,0.98,0.06002661,0.02,0.8235204081632653,0.4946262972715817,0.0
0,scratch,foreground_rescue_10,75,random,2,0.945,0.98,0.086035594,0.035,0.8219387755102041,0.47777470733476307,0.0
0,scratch,foreground_rescue_10,75,random,3,0.93,0.98,0.11281219,0.05,0.822857142857143,0.4756299304983063,0.0
0,scratch,foreground_rescue_10,75,random,4,0.945,0.98,0.12285635,0.04,0.8268877551020407,0.5175266882325791,0.0
0,scratch,foreground_rescue_10,75,random_rescue_10,0,0.905,0.98,0.23682079,0.075,0.8496938775510204,0.5790707174489182,10.0
0,scratch,foreground_rescue_10,75,random_rescue_10,1,0.905,0.98,0.21978936,0.075,0.8489795918367347,0.5712816751606797,10.0
0,scratch,foreground_rescue_10,75,random_rescue_10,2,0.905,0.98,0.18851723,0.075,0.8494897959183674,0.5795354067471212,10.0
0,scratch,foreground_rescue_10,75,random_rescue_10,3,0.905,0.98,0.25273055,0.075,0.8478571428571428,0.5817747002274529,10.0
0,scratch,foreground_rescue_10,75,random_rescue_10,4,0.89,0.98,0.23110789,0.09,0.8479591836734695,0.5731407066920368,10.0
0,scratch,foreground_rescue_10,75,foreground_rescue_10,0,0.94,0.98,0.09045213,0.04,0.7794897959183674,0.23346483568367862,7.375
0,scratch,foreground_rescue_10,75,foreground_rescue_10,1,0.94,0.98,0.09441621,0.04,0.7794897959183674,0.23346483568367862,7.375
0,scratch,foreground_rescue_10,75,foreground_rescue_10,2,0.94,0.98,0.09311509,0.04,0.7794897959183674,0.23346483568367862,7.375
0,scratch,foreground_rescue_10,75,foreground_rescue_10,3,0.94,0.98,0.10261351,0.04,0.7794897959183674,0.23346483568367862,7.375
0,scratch,foreground_rescue_10,75,foreground_rescue_10,4,0.945,0.98,0.09198897,0.035,0.7794897959183674,0.23346483568367862,7.375
0,scratch,foreground_rescue_10,75,low_score_rescue_10,0,0.89,0.98,0.26177442,0.09,0.8465816326530613,0.5707060812109812,10.0
0,scratch,foreground_rescue_10,75,low_score_rescue_10,1,0.895,0.98,0.24057919,0.085,0.8473979591836734,0.5636855037698739,10.0
0,scratch,foreground_rescue_10,75,low_score_rescue_10,2,0.885,0.98,0.24514975,0.095,0.8467857142857141,0.5727622959761131,10.0
0,scratch,foreground_rescue_10,75,low_score_rescue_10,3,0.905,0.98,0.22343059,0.075,0.8484693877551021,0.5781172980989325,10.0
0,scratch,foreground_rescue_10,75,low_score_rescue_10,4,0.895,0.98,0.24606873,0.085,0.8448979591836735,0.5724859224477512,10.0
0,scratch,foreground_rescue_10,75,random_matched,0,0.895,0.98,0.25738427,0.085,0.8485714285714286,0.5829528354507498,7.375
0,scratch,foreground_rescue_10,75,random_matched,1,0.9,0.98,0.24198219,0.08,0.8486734693877551,0.5789663647365376,7.375
0,scratch,foreground_rescue_10,75,random_matched,2,0.9,0.98,0.24306837,0.08,0.8477551020408163,0.5737071122904587,7.375
0,scratch,foreground_rescue_10,75,random_matched,3,0.9,0.98,0.22065419,0.08,0.8482142857142858,0.5828975997983635,7.375
0,scratch,foreground_rescue_10,75,random_matched,4,0.91,0.98,0.17740792,0.07,0.8505612244897958,0.5890316846811212,7.375
0,scratch,foreground_rescue_10,100,student,0,0.88,0.98,0.27277625,0.1,0.8506122448979592,0.5829516566739343,0.0
0,scratch,foreground_rescue_10,100,student,1,0.88,0.98,0.27277625,0.1,0.8506122448979592,0.5829516566739343,0.0
0,scratch,foreground_rescue_10,100,student,2,0.88,0.98,0.27277625,0.1,0.8506122448979592,0.5829516566739343,0.0
0,scratch,foreground_rescue_10,100,student,3,0.88,0.98,0.27277625,0.1,0.8506122448979592,0.5829516566739343,0.0
0,scratch,foreground_rescue_10,100,student,4,0.88,0.98,0.27277625,0.1,0.8506122448979592,0.5829516566739343,0.0
0,scratch,foreground_rescue_10,100,random,0,0.95,0.98,0.07085513,0.03,0.8246938775510205,0.48994748795493875,0.0
0,scratch,foreground_rescue_10,100,random,1,0.965,0.98,0.06002661,0.02,0.8235204081632653,0.4946262972715817,0.0
0,scratch,foreground_rescue_10,100,random,2,0.945,0.98,0.086035594,0.035,0.8219387755102041,0.47777470733476307,0.0
0,scratch,foreground_rescue_10,100,random,3,0.93,0.98,0.11281219,0.05,0.822857142857143,0.4756299304983063,0.0
0,scratch,foreground_rescue_10,100,random,4,0.945,0.98,0.12285635,0.04,0.8268877551020407,0.5175266882325791,0.0
0,scratch,foreground_rescue_10,100,random_rescue_10,0,0.885,0.98,0.23127674,0.095,0.8452551020408162,0.5717843761415702,10.0
0,scratch,foreground_rescue_10,100,random_rescue_10,1,0.89,0.98,0.25526392,0.09,0.8456632653061225,0.5662930416223424,10.0
0,scratch,foreground_rescue_10,100,random_rescue_10,2,0.9,0.98,0.1998674,0.08,0.8457142857142856,0.5615831119591612,10.0
0,scratch,foreground_rescue_10,100,random_rescue_10,3,0.895,0.98,0.2572192,0.085,0.8470408163265306,0.5770826525563982,10.0
0,scratch,foreground_rescue_10,100,random_rescue_10,4,0.91,0.98,0.22168903,0.07,0.8435204081632653,0.5650943706807776,10.0
0,scratch,foreground_rescue_10,100,foreground_rescue_10,0,0.94,0.98,0.109046705,0.04,0.7764795918367348,0.2266746457092871,7.265
0,scratch,foreground_rescue_10,100,foreground_rescue_10,1,0.94,0.98,0.10968756,0.04,0.7764795918367348,0.2266746457092871,7.265
0,scratch,foreground_rescue_10,100,foreground_rescue_10,2,0.94,0.98,0.10847769,0.04,0.7764795918367348,0.2266746457092871,7.265
0,scratch,foreground_rescue_10,100,foreground_rescue_10,3,0.945,0.98,0.1014357,0.035,0.7764795918367348,0.2266746457092871,7.265
0,scratch,foreground_rescue_10,100,foreground_rescue_10,4,0.94,0.98,0.12040023,0.04,0.7764795918367348,0.2266746457092871,7.265
0,scratch,foreground_rescue_10,100,low_score_rescue_10,0,0.905,0.98,0.1939455,0.075,0.843112244897959,0.5450987890293217,10.0
0,scratch,foreground_rescue_10,100,low_score_rescue_10,1,0.885,0.98,0.27454233,0.095,0.8438265306122449,0.5390301096735802,10.0
0,scratch,foreground_rescue_10,100,low_score_rescue_10,2,0.885,0.98,0.2780465,0.095,0.844795918367347,0.56586532472857,10.0
0,scratch,foreground_rescue_10,100,low_score_rescue_10,3,0.9,0.98,0.23985223,0.08,0.8442857142857143,0.565902396298766,10.0
0,scratch,foreground_rescue_10,100,low_score_rescue_10,4,0.9,0.98,0.20024629,0.08,0.8436734693877551,0.560972937152959,10.0
0,scratch,foreground_rescue_10,100,random_matched,0,0.89,0.98,0.24665505,0.09,0.8459183673469388,0.5694641253131459,7.265
0,scratch,foreground_rescue_10,100,random_matched,1,0.92,0.98,0.17044467,0.06,0.8440306122448981,0.5638444574664477,7.265
0,scratch,foreground_rescue_10,100,random_matched,2,0.9,0.98,0.2111239,0.08,0.8438265306122449,0.5653849765688609,7.265
0,scratch,foreground_rescue_10,100,random_matched,3,0.905,0.98,0.19653243,0.075,0.8458163265306123,0.5687922900755104,7.265
0,scratch,foreground_rescue_10,100,random_matched,4,0.9,0.98,0.2672716,0.08,0.8460204081632654,0.5681253240324634,7.265
0,scratch,full,0,student,0,0.875,0.98,0.3295332,0.105,0.850561224489796,0.5981794121635886,0.0
0,scratch,full,0,student,1,0.875,0.98,0.3295332,0.105,0.850561224489796,0.5981794121635886,0.0
0,scratch,full,0,student,2,0.875,0.98,0.3295332,0.105,0.850561224489796,0.5981794121635886,0.0
0,scratch,full,0,student,3,0.875,0.98,0.3295332,0.105,0.850561224489796,0.5981794121635886,0.0
0,scratch,full,0,student,4,0.875,0.98,0.3295332,0.105,0.850561224489796,0.5981794121635886,0.0
0,scratch,full,0,random,0,0.95,0.98,0.07085513,0.03,0.8246938775510205,0.48994748795493875,0.0
0,scratch,full,0,random,1,0.965,0.98,0.06002661,0.02,0.8235204081632653,0.4946262972715817,0.0
0,scratch,full,0,random,2,0.945,0.98,0.086035594,0.035,0.8219387755102041,0.47777470733476307,0.0
0,scratch,full,0,random,3,0.93,0.98,0.11281219,0.05,0.822857142857143,0.4756299304983063,0.0
0,scratch,full,0,random,4,0.945,0.98,0.12285635,0.04,0.8268877551020407,0.5175266882325791,0.0
0,scratch,full,0,random_rescue_10,0,0.895,0.98,0.20119835,0.085,0.8451530612244897,0.5638985049597482,10.0
0,scratch,full,0,random_rescue_10,1,0.87,0.98,0.2869938,0.11,0.8446428571428573,0.5759229810069456,10.0
0,scratch,full,0,random_rescue_10,2,0.905,0.98,0.23440336,0.075,0.846887755102041,0.5871443738245714,10.0
0,scratch,full,0,random_rescue_10,3,0.88,0.98,0.26195306,0.1,0.845,0.5784158401279986,10.0
0,scratch,full,0,random_rescue_10,4,0.88,0.98,0.28184977,0.1,0.8460204081632652,0.5803594066019169,10.0
0,scratch,full,0,foreground_rescue_10,0,0.925,0.98,0.12588541,0.055,0.775,0.23701169783036988,7.405
0,scratch,full,0,foreground_rescue_10,1,0.94,0.98,0.08395754,0.04,0.775,0.23701169783036988,7.405
0,scratch,full,0,foreground_rescue_10,2,0.96,0.98,0.06074478,0.02,0.775,0.23701169783036988,7.405
0,scratch,full,0,foreground_rescue_10,3,0.94,0.98,0.0930003,0.04,0.775,0.23701169783036988,7.405
0,scratch,full,0,foreground_rescue_10,4,0.965,0.98,0.049069263,0.015,0.775,0.23701169783036988,7.405
0,scratch,full,0,low_score_rescue_10,0,0.88,0.98,0.27229047,0.1,0.844795918367347,0.5859170772430334,10.0
0,scratch,full,0,low_score_rescue_10,1,0.865,0.98,0.30525488,0.115,0.8471428571428572,0.5853980915056881,10.0
0,scratch,full,0,low_score_rescue_10,2,0.865,0.98,0.30834445,0.115,0.8455102040816327,0.5882467356657168,10.0
0,scratch,full,0,low_score_rescue_10,3,0.885,0.98,0.2842727,0.095,0.844795918367347,0.5901691631743473,10.0
0,scratch,full,0,low_score_rescue_10,4,0.885,0.98,0.2839457,0.095,0.8456122448979592,0.585626088587124,10.0
0,scratch,full,0,random_matched,0,0.9,0.98,0.24033962,0.08,0.8449489795918368,0.5758685372196981,7.405
0,scratch,full,0,random_matched,1,0.885,0.98,0.2601635,0.095,0.8442346938775509,0.5774126876148028,7.405
0,scratch,full,0,random_matched,2,0.89,0.98,0.24671143,0.09,0.8443877551020408,0.5767761202652227,7.405
0,scratch,full,0,random_matched,3,0.91,0.98,0.23422426,0.07,0.8472448979591838,0.5843409831688942,7.405
0,scratch,full,0,random_matched,4,0.895,0.98,0.23182735,0.085,0.8461224489795919,0.5820094300469554,7.405
0,scratch,full,10,student,0,0.925,0.98,0.16065313,0.055,0.8091326530612245,0.46159969929296096,0.0
0,scratch,full,10,student,1,0.925,0.98,0.16065313,0.055,0.8091326530612245,0.46159969929296096,0.0
0,scratch,full,10,student,2,0.925,0.98,0.16065313,0.055,0.8091326530612245,0.46159969929296096,0.0
0,scratch,full,10,student,3,0.925,0.98,0.16065313,0.055,0.8091326530612245,0.46159969929296096,0.0
0,scratch,full,10,student,4,0.925,0.98,0.16065313,0.055,0.8091326530612245,0.46159969929296096,0.0
0,scratch,full,10,random,0,0.95,0.98,0.07085513,0.03,0.8246938775510205,0.48994748795493875,0.0
0,scratch,full,10,random,1,0.965,0.98,0.06002661,0.02,0.8235204081632653,0.4946262972715817,0.0
0,scratch,full,10,random,2,0.945,0.98,0.086035594,0.035,0.8219387755102041,0.47777470733476307,0.0
0,scratch,full,10,random,3,0.93,0.98,0.11281219,0.05,0.822857142857143,0.4756299304983063,0.0
0,scratch,full,10,random,4,0.945,0.98,0.12285635,0.04,0.8268877551020407,0.5175266882325791,0.0
0,scratch,full,10,random_rescue_10,0,0.925,0.98,0.12689102,0.055,0.8123469387755102,0.4781665263740448,10.0
0,scratch,full,10,random_rescue_10,1,0.925,0.98,0.1463086,0.06,0.8136224489795919,0.4809029484093269,10.0
0,scratch,full,10,random_rescue_10,2,0.915,0.98,0.14951059,0.065,0.8131122448979592,0.47288949813629294,10.0
0,scratch,full,10,random_rescue_10,3,0.925,0.98,0.16262573,0.055,0.8121428571428573,0.47106501153667735,10.0
0,scratch,full,10,random_rescue_10,4,0.92,0.98,0.16226107,0.06,0.8126530612244898,0.47564575604722487,10.0
0,scratch,full,10,foreground_rescue_10,0,0.95,0.98,0.08028429,0.035,0.7418367346938775,0.16300458793693381,6.595
0,scratch,full,10,foreground_rescue_10,1,0.95,0.98,0.08947815,0.035,0.7418367346938775,0.16300458793693381,6.595
0,scratch,full,10,foreground_rescue_10,2,0.945,0.98,0.11410185,0.04,0.7418367346938775,0.16300458793693381,6.595
0,scratch,full,10,foreground_rescue_10,3,0.96,0.98,0.07490336,0.025,0.7418367346938775,0.16300458793693381,6.595
0,scratch,full,10,foreground_rescue_10,4,0.955,0.98,0.10614103,0.03,0.7418367346938775,0.16300458793693381,6.595
0,scratch,full,10,low_score_rescue_10,0,0.935,0.98,0.12448982,0.045,0.8064285714285714,0.4412547831058958,10.0
0,scratch,full,10,low_score_rescue_10,1,0.93,0.98,0.1293715,0.05,0.8084693877551021,0.4531634953388359,10.0
0,scratch,full,10,low_score_rescue_10,2,0.93,0.98,0.096895024,0.05,0.8076530612244898,0.4493160886369799,10.0
0,scratch,full,10,low_score_rescue_10,3,0.93,0.98,0.12703323,0.05,0.8072448979591837,0.449306607974536,10.0
0,scratch,full,10,low_score_rescue_10,4,0.93,0.98,0.11929106,0.05,0.8064795918367348,0.447939822797011,10.0
0,scratch,full,10,random_matched,0,0.925,0.98,0.14724123,0.055,0.8105102040816327,0.46502078408828934,6.595
0,scratch,full,10,random_matched,1,0.925,0.98,0.1563291,0.055,0.8101530612244897,0.4585578749830057,6.595
0,scratch,full,10,random_matched,2,0.92,0.98,0.18263318,0.06,0.8084693877551021,0.4487587861484935,6.595
0,scratch,full,10,random_matched,3,0.925,0.98,0.1429151,0.055,0.812091836734694,0.4636680942927675,6.595
0,scratch,full,10,random_matched,4,0.93,0.98,0.13559625,0.05,0.810612244897959,0.46392405314094637,6.595
0,scratch,full,25,student,0,0.905,0.98,0.15090883,0.075,0.8135714285714286,0.4514104535196256,0.0
0,scratch,full,25,student,1,0.905,0.98,0.15090883,0.075,0.8135714285714286,0.4514104535196256,0.0
0,scratch,full,25,student,2,0.905,0.98,0.15090883,0.075,0.8135714285714286,0.4514104535196256,0.0
0,scratch,full,25,student,3,0.905,0.98,0.15090883,0.075,0.8135714285714286,0.4514104535196256,0.0
0,scratch,full,25,student,4,0.905,0.98,0.15090883,0.075,0.8135714285714286,0.4514104535196256,0.0
0,scratch,full,25,random,0,0.95,0.98,0.07085513,0.03,0.8246938775510205,0.48994748795493875,0.0
0,scratch,full,25,random,1,0.965,0.98,0.06002661,0.02,0.8235204081632653,0.4946262972715817,0.0
0,scratch,full,25,random,2,0.945,0.98,0.086035594,0.035,0.8219387755102041,0.47777470733476307,0.0
0,scratch,full,25,random,3,0.93,0.98,0.11281219,0.05,0.822857142857143,0.4756299304983063,0.0
0,scratch,full,25,random,4,0.945,0.98,0.12285635,0.04,0.8268877551020407,0.5175266882325791,0.0
0,scratch,full,25,random_rescue_10,0,0.935,0.98,0.107044026,0.045,0.8156632653061224,0.4672012537433283,10.0
0,scratch,full,25,random_rescue_10,1,0.92,0.98,0.13563229,0.06,0.8168367346938775,0.4714750733926602,10.0
0,scratch,full,25,random_rescue_10,2,0.915,0.98,0.15866989,0.07,0.8153571428571429,0.4587881808996751,10.0
0,scratch,full,25,random_rescue_10,3,0.925,0.98,0.15202883,0.055,0.8165816326530613,0.4680993738941305,10.0
0,scratch,full,25,random_rescue_10,4,0.935,0.98,0.12474711,0.045,0.8146938775510205,0.45566080975363377,10.0
0,scratch,full,25,foreground_rescue_10,0,0.96,0.98,0.05918517,0.025,0.7456122448979592,0.16054392270573975,6.66
0,scratch,full,25,foreground_rescue_10,1,0.96,0.98,0.062829636,0.025,0.7456122448979592,0.16054392270573975,6.66
0,scratch,full,25,foreground_rescue_10,2,0.955,0.98,0.06100789,0.03,0.7456122448979592,0.16054392270573975,6.66
0,scratch,full,25,foreground_rescue_10,3,0.95,0.98,0.06447194,0.035,0.7456122448979592,0.16054392270573975,6.66
0,scratch,full,25,foreground_rescue_10,4,0.955,0.98,0.061447676,0.03,0.7456122448979592,0.16054392270573975,6.66
0,scratch,full,25,low_score_rescue_10,0,0.925,0.98,0.15732843,0.065,0.8122448979591836,0.44953767701827424,10.0
0,scratch,full,25,low_score_rescue_10,1,0.93,0.98,0.137842,0.05,0.813265306122449,0.4530685715384179,10.0
0,scratch,full,25,low_score_rescue_10,2,0.925,0.98,0.13175938,0.055,0.8130102040816328,0.4504372100419416,10.0
0,scratch,full,25,low_score_rescue_10,3,0.94,0.98,0.11127312,0.04,0.812091836734694,0.4428647656634396,10.0
0,scratch,full,25,low_score_rescue_10,4,0.93,0.98,0.12354886,0.05,0.8125,0.45042294822794643,10.0
0,scratch,full,25,random_matched,0,0.92,0.98,0.12553637,0.06,0.8157142857142858,0.45627950059238953,6.66
0,scratch,full,25,random_matched,1,0.915,0.98,0.14050137,0.065,0.813265306122449,0.44752309719128147,6.66
0,scratch,full,25,random_matched,2,0.92,0.98,0.1226575,0.06,0.8143877551020409,0.4486861084574755,6.66
0,scratch,full,25,random_matched,3,0.92,0.98,0.15223825,0.065,0.8139795918367346,0.4509117864682576,6.66
0,scratch,full,25,random_matched,4,0.92,0.98,0.12163556,0.06,0.8139285714285716,0.45018155042344693,6.66
0,scratch,full,50,student,0,0.94,0.98,0.15190578,0.045,0.8270408163265307,0.5033538166576992,0.0
0,scratch,full,50,student,1,0.94,0.98,0.15190578,0.045,0.8270408163265307,0.5033538166576992,0.0
0,scratch,full,50,student,2,0.94,0.98,0.15190578,0.045,0.8270408163265307,0.5033538166576992,0.0
0,scratch,full,50,student,3,0.94,0.98,0.15190578,0.045,0.8270408163265307,0.5033538166576992,0.0
0,scratch,full,50,student,4,0.94,0.98,0.15190578,0.045,0.8270408163265307,0.5033538166576992,0.0
0,scratch,full,50,random,0,0.95,0.98,0.07085513,0.03,0.8246938775510205,0.48994748795493875,0.0
0,scratch,full,50,random,1,0.965,0.98,0.06002661,0.02,0.8235204081632653,0.4946262972715817,0.0
0,scratch,full,50,random,2,0.945,0.98,0.086035594,0.035,0.8219387755102041,0.47777470733476307,0.0
0,scratch,full,50,random,3,0.93,0.98,0.11281219,0.05,0.822857142857143,0.4756299304983063,0.0
0,scratch,full,50,random,4,0.945,0.98,0.12285635,0.04,0.8268877551020407,0.5175266882325791,0.0
0,scratch,full,50,random_rescue_10,0,0.915,0.98,0.20418489,0.07,0.8267346938775509,0.5066434770122195,10.0
0,scratch,full,50,random_rescue_10,1,0.92,0.98,0.1588871,0.06,0.8279591836734693,0.5101473590678473,10.0
0,scratch,full,50,random_rescue_10,2,0.935,0.98,0.10757313,0.045,0.8274489795918367,0.5081515869962385,10.0
0,scratch,full,50,random_rescue_10,3,0.945,0.98,0.103393175,0.035,0.827091836734694,0.5017578345718967,10.0
0,scratch,full,50,random_rescue_10,4,0.935,0.98,0.13096018,0.045,0.8259183673469388,0.4966797423534,10.0
0,scratch,full,50,foreground_rescue_10,0,0.975,0.98,0.02637648,0.01,0.7555612244897959,0.1834185971919438,7.005
0,scratch,full,50,foreground_rescue_10,1,0.965,0.98,0.0505614,0.02,0.7555612244897959,0.1834185971919438,7.005
0,scratch,full,50,foreground_rescue_10,2,0.97,0.98,0.03227386,0.015,0.7555612244897959,0.1834185971919438,7.005
0,scratch,full,50,foreground_rescue_10,3,0.97,0.98,0.05534406,0.015,0.7555612244897959,0.1834185971919438,7.005
0,scratch,full,50,foreground_rescue_10,4,0.965,0.98,0.03988175,0.02,0.7555612244897959,0.1834185971919438,7.005
0,scratch,full,50,low_score_rescue_10,0,0.945,0.98,0.13589486,0.04,0.8217857142857143,0.47636768775434774,10.0
0,scratch,full,50,low_score_rescue_10,1,0.94,0.98,0.1564856,0.045,0.8223469387755101,0.47456594978290123,10.0
0,scratch,full,50,low_score_rescue_10,2,0.935,0.98,0.11238842,0.05,0.8236224489795919,0.4876887598673925,10.0
0,scratch,full,50,low_score_rescue_10,3,0.935,0.98,0.15220922,0.05,0.8215306122448979,0.4794719445933975,10.0
0,scratch,full,50,low_score_rescue_10,4,0.945,0.98,0.11015305,0.035,0.8220408163265306,0.4877186614053223,10.0
0,scratch,full,50,random_matched,0,0.955,0.98,0.085004784,0.03,0.8244387755102041,0.4953423760443543,7.005
0,scratch,full,50,random_matched,1,0.955,0.98,0.082985066,0.03,0.8243877551020407,0.4939149221755849,7.005
0,scratch,full,50,random_matched,2,0.94,0.98,0.11462965,0.045,0.8254591836734694,0.4915571753438494,7.005
0,scratch,full,50,random_matched,3,0.95,0.98,0.14758329,0.035,0.8253571428571429,0.49768944077720895,7.005
0,scratch,full,50,random_matched,4,0.945,0.98,0.10137846,0.04,0.8252551020408163,0.4944582057904357,7.005
0,scratch,full,75,student,0,0.925,0.98,0.14337215,0.055,0.822295918367347,0.4665544253004719,0.0
0,scratch,full,75,student,1,0.925,0.98,0.14337215,0.055,0.822295918367347,0.4665544253004719,0.0
0,scratch,full,75,student,2,0.925,0.98,0.14337215,0.055,0.822295918367347,0.4665544253004719,0.0
0,scratch,full,75,student,3,0.925,0.98,0.14337215,0.055,0.822295918367347,0.4665544253004719,0.0
0,scratch,full,75,student,4,0.925,0.98,0.14337215,0.055,0.822295918367347,0.4665544253004719,0.0
0,scratch,full,75,random,0,0.95,0.98,0.07085513,0.03,0.8246938775510205,0.48994748795493875,0.0
0,scratch,full,75,random,1,0.965,0.98,0.06002661,0.02,0.8235204081632653,0.4946262972715817,0.0
0,scratch,full,75,random,2,0.945,0.98,0.086035594,0.035,0.8219387755102041,0.47777470733476307,0.0
0,scratch,full,75,random,3,0.93,0.98,0.11281219,0.05,0.822857142857143,0.4756299304983063,0.0
0,scratch,full,75,random,4,0.945,0.98,0.12285635,0.04,0.8268877551020407,0.5175266882325791,0.0
0,scratch,full,75,random_rescue_10,0,0.915,0.98,0.14832209,0.065,0.8225510204081633,0.4736831893167395,10.0
0,scratch,full,75,random_rescue_10,1,0.915,0.98,0.1528034,0.065,0.8206632653061224,0.45975707439677405,10.0
0,scratch,full,75,random_rescue_10,2,0.94,0.98,0.12656364,0.04,0.8249489795918368,0.4804261102007078,10.0
0,scratch,full,75,random_rescue_10,3,0.925,0.98,0.14938754,0.055,0.8209183673469389,0.4717999635199271,10.0
0,scratch,full,75,random_rescue_10,4,0.93,0.98,0.13011526,0.05,0.8241836734693877,0.4870749294681782,10.0
0,scratch,full,75,foreground_rescue_10,0,0.955,0.98,0.076690435,0.025,0.753061224489796,0.17322594955317686,6.785
0,scratch,full,75,foreground_rescue_10,1,0.94,0.98,0.105478376,0.04,0.753061224489796,0.17322594955317686,6.785
0,scratch,full,75,foreground_rescue_10,2,0.945,0.98,0.084626436,0.035,0.753061224489796,0.17322594955317686,6.785
0,scratch,full,75,foreground_rescue_10,3,0.95,0.98,0.07715269,0.03,0.753061224489796,0.17322594955317686,6.785
0,scratch,full,75,foreground_rescue_10,4,0.94,0.98,0.10563414,0.04,0.753061224489796,0.17322594955317686,6.785
0,scratch,full,75,low_score_rescue_10,0,0.93,0.98,0.1325635,0.05,0.8191836734693878,0.45190888045883637,10.0
0,scratch,full,75,low_score_rescue_10,1,0.92,0.98,0.14247619,0.06,0.8181632653061225,0.45703823974427543,10.0
0,scratch,full,75,low_score_rescue_10,2,0.91,0.98,0.19290528,0.07,0.8188265306122449,0.45899141414681605,10.0
0,scratch,full,75,low_score_rescue_10,3,0.915,0.98,0.18063879,0.065,0.8193877551020408,0.46309930168706137,10.0
0,scratch,full,75,low_score_rescue_10,4,0.925,0.98,0.1782556,0.06,0.8196428571428571,0.46325703316637856,10.0
0,scratch,full,75,random_matched,0,0.925,0.98,0.1546069,0.055,0.8201530612244897,0.4573236706997936,6.785
0,scratch,full,75,random_matched,1,0.925,0.98,0.15865298,0.055,0.8213775510204081,0.46358884700346376,6.785
0,scratch,full,75,random_matched,2,0.925,0.98,0.15315044,0.055,0.8206122448979591,0.46127699013272455,6.785
0,scratch,full,75,random_matched,3,0.935,0.98,0.10489748,0.045,0.8223469387755102,0.46600451065709925,6.785
0,scratch,full,75,random_matched,4,0.925,0.98,0.13008168,0.055,0.8213265306122449,0.4602023417193737,6.785
0,scratch,full,100,student,0,0.895,0.98,0.23709276,0.085,0.8217857142857143,0.48363542057082587,0.0
0,scratch,full,100,student,1,0.895,0.98,0.23709276,0.085,0.8217857142857143,0.48363542057082587,0.0
0,scratch,full,100,student,2,0.895,0.98,0.23709276,0.085,0.8217857142857143,0.48363542057082587,0.0
0,scratch,full,100,student,3,0.895,0.98,0.23709276,0.085,0.8217857142857143,0.48363542057082587,0.0
0,scratch,full,100,student,4,0.895,0.98,0.23709276,0.085,0.8217857142857143,0.48363542057082587,0.0
0,scratch,full,100,random,0,0.95,0.98,0.07085513,0.03,0.8246938775510205,0.48994748795493875,0.0
0,scratch,full,100,random,1,0.965,0.98,0.06002661,0.02,0.8235204081632653,0.4946262972715817,0.0
0,scratch,full,100,random,2,0.945,0.98,0.086035594,0.035,0.8219387755102041,0.47777470733476307,0.0
0,scratch,full,100,random,3,0.93,0.98,0.11281219,0.05,0.822857142857143,0.4756299304983063,0.0
0,scratch,full,100,random,4,0.945,0.98,0.12285635,0.04,0.8268877551020407,0.5175266882325791,0.0
0,scratch,full,100,random_rescue_10,0,0.925,0.98,0.1482209,0.06,0.8226530612244898,0.4850351448013401,10.0
0,scratch,full,100,random_rescue_10,1,0.92,0.98,0.17721951,0.065,0.8228571428571427,0.4893463012492173,10.0
0,scratch,full,100,random_rescue_10,2,0.905,0.98,0.19266121,0.075,0.8223979591836735,0.4861165170549882,10.0
0,scratch,full,100,random_rescue_10,3,0.925,0.98,0.16675445,0.055,0.8208673469387756,0.4836568645095082,10.0
0,scratch,full,100,random_rescue_10,4,0.91,0.98,0.16259423,0.07,0.8231122448979592,0.48962390782386717,10.0
0,scratch,full,100,foreground_rescue_10,0,0.945,0.98,0.10104082,0.04,0.7506122448979592,0.1710051288041095,6.975
0,scratch,full,100,foreground_rescue_10,1,0.945,0.98,0.124256164,0.04,0.7506122448979592,0.1710051288041095,6.975
0,scratch,full,100,foreground_rescue_10,2,0.945,0.98,0.109414175,0.04,0.7506122448979592,0.1710051288041095,6.975
0,scratch,full,100,foreground_rescue_10,3,0.945,0.98,0.10082163,0.04,0.7506122448979592,0.1710051288041095,6.975
0,scratch,full,100,foreground_rescue_10,4,0.945,0.98,0.11147786,0.04,0.7506122448979592,0.1710051288041095,6.975
0,scratch,full,100,low_score_rescue_10,0,0.92,0.98,0.16807619,0.06,0.8210714285714286,0.4802864039099626,10.0
0,scratch,full,100,low_score_rescue_10,1,0.925,0.98,0.17275083,0.055,0.8192857142857143,0.48227432689528427,10.0
0,scratch,full,100,low_score_rescue_10,2,0.925,0.98,0.18748175,0.055,0.8204591836734694,0.4827097583349687,10.0
0,scratch,full,100,low_score_rescue_10,3,0.915,0.98,0.21914648,0.065,0.8198469387755103,0.48692791307780803,10.0
0,scratch,full,100,low_score_rescue_10,4,0.91,0.98,0.19554454,0.07,0.8214795918367347,0.48580315226968324,10.0
0,scratch,full,100,random_matched,0,0.925,0.98,0.15207285,0.055,0.8208673469387756,0.4774114515579984,6.975
0,scratch,full,100,random_matched,1,0.915,0.98,0.17045112,0.065,0.8211734693877552,0.48200422035954593,6.975
0,scratch,full,100,random_matched,2,0.92,0.98,0.18764395,0.06,0.8203571428571428,0.47593535502462764,6.975
0,scratch,full,100,random_matched,3,0.915,0.98,0.17693104,0.065,0.8210204081632654,0.48282785581427,6.975
0,scratch,full,100,random_matched,4,0.91,0.98,0.18230513,0.07,0.8201530612244897,0.48241866198251543,6.975
0,scratch,full_to_student_20,0,student,0,0.875,0.98,0.3295332,0.105,0.850561224489796,0.5981794121635886,0.0
0,scratch,full_to_student_20,0,student,1,0.875,0.98,0.3295332,0.105,0.850561224489796,0.5981794121635886,0.0
0,scratch,full_to_student_20,0,student,2,0.875,0.98,0.3295332,0.105,0.850561224489796,0.5981794121635886,0.0
0,scratch,full_to_student_20,0,student,3,0.875,0.98,0.3295332,0.105,0.850561224489796,0.5981794121635886,0.0
0,scratch,full_to_student_20,0,student,4,0.875,0.98,0.3295332,0.105,0.850561224489796,0.5981794121635886,0.0
0,scratch,full_to_student_20,0,random,0,0.95,0.98,0.07085513,0.03,0.8246938775510205,0.48994748795493875,0.0
0,scratch,full_to_student_20,0,random,1,0.965,0.98,0.06002661,0.02,0.8235204081632653,0.4946262972715817,0.0
0,scratch,full_to_student_20,0,random,2,0.945,0.98,0.086035594,0.035,0.8219387755102041,0.47777470733476307,0.0
0,scratch,full_to_student_20,0,random,3,0.93,0.98,0.11281219,0.05,0.822857142857143,0.4756299304983063,0.0
0,scratch,full_to_student_20,0,random,4,0.945,0.98,0.12285635,0.04,0.8268877551020407,0.5175266882325791,0.0
0,scratch,full_to_student_20,0,random_rescue_10,0,0.895,0.98,0.20119835,0.085,0.8451530612244897,0.5638985049597482,10.0
0,scratch,full_to_student_20,0,random_rescue_10,1,0.87,0.98,0.2869938,0.11,0.8446428571428573,0.5759229810069456,10.0
0,scratch,full_to_student_20,0,random_rescue_10,2,0.905,0.98,0.23440336,0.075,0.846887755102041,0.5871443738245714,10.0
0,scratch,full_to_student_20,0,random_rescue_10,3,0.88,0.98,0.26195306,0.1,0.845,0.5784158401279986,10.0
0,scratch,full_to_student_20,0,random_rescue_10,4,0.88,0.98,0.28184977,0.1,0.8460204081632652,0.5803594066019169,10.0
0,scratch,full_to_student_20,0,foreground_rescue_10,0,0.925,0.98,0.12588541,0.055,0.775,0.23701169783036988,7.405
0,scratch,full_to_student_20,0,foreground_rescue_10,1,0.94,0.98,0.08395754,0.04,0.775,0.23701169783036988,7.405
0,scratch,full_to_student_20,0,foreground_rescue_10,2,0.96,0.98,0.06074478,0.02,0.775,0.23701169783036988,7.405
0,scratch,full_to_student_20,0,foreground_rescue_10,3,0.94,0.98,0.0930003,0.04,0.775,0.23701169783036988,7.405
0,scratch,full_to_student_20,0,foreground_rescue_10,4,0.965,0.98,0.049069263,0.015,0.775,0.23701169783036988,7.405
0,scratch,full_to_student_20,0,low_score_rescue_10,0,0.88,0.98,0.27229047,0.1,0.844795918367347,0.5859170772430334,10.0
0,scratch,full_to_student_20,0,low_score_rescue_10,1,0.865,0.98,0.30525488,0.115,0.8471428571428572,0.5853980915056881,10.0
0,scratch,full_to_student_20,0,low_score_rescue_10,2,0.865,0.98,0.30834445,0.115,0.8455102040816327,0.5882467356657168,10.0
0,scratch,full_to_student_20,0,low_score_rescue_10,3,0.885,0.98,0.2842727,0.095,0.844795918367347,0.5901691631743473,10.0
0,scratch,full_to_student_20,0,low_score_rescue_10,4,0.885,0.98,0.2839457,0.095,0.8456122448979592,0.585626088587124,10.0
0,scratch,full_to_student_20,0,random_matched,0,0.9,0.98,0.24033962,0.08,0.8449489795918368,0.5758685372196981,7.405
0,scratch,full_to_student_20,0,random_matched,1,0.885,0.98,0.2601635,0.095,0.8442346938775509,0.5774126876148028,7.405
0,scratch,full_to_student_20,0,random_matched,2,0.89,0.98,0.24671143,0.09,0.8443877551020408,0.5767761202652227,7.405
0,scratch,full_to_student_20,0,random_matched,3,0.91,0.98,0.23422426,0.07,0.8472448979591838,0.5843409831688942,7.405
0,scratch,full_to_student_20,0,random_matched,4,0.895,0.98,0.23182735,0.085,0.8461224489795919,0.5820094300469554,7.405
0,scratch,full_to_student_20,10,student,0,0.925,0.98,0.16065313,0.055,0.8091326530612245,0.46159969929296096,0.0
0,scratch,full_to_student_20,10,student,1,0.925,0.98,0.16065313,0.055,0.8091326530612245,0.46159969929296096,0.0
0,scratch,full_to_student_20,10,student,2,0.925,0.98,0.16065313,0.055,0.8091326530612245,0.46159969929296096,0.0
0,scratch,full_to_student_20,10,student,3,0.925,0.98,0.16065313,0.055,0.8091326530612245,0.46159969929296096,0.0
0,scratch,full_to_student_20,10,student,4,0.925,0.98,0.16065313,0.055,0.8091326530612245,0.46159969929296096,0.0
0,scratch,full_to_student_20,10,random,0,0.95,0.98,0.07085513,0.03,0.8246938775510205,0.48994748795493875,0.0
0,scratch,full_to_student_20,10,random,1,0.965,0.98,0.06002661,0.02,0.8235204081632653,0.4946262972715817,0.0
0,scratch,full_to_student_20,10,random,2,0.945,0.98,0.086035594,0.035,0.8219387755102041,0.47777470733476307,0.0
0,scratch,full_to_student_20,10,random,3,0.93,0.98,0.11281219,0.05,0.822857142857143,0.4756299304983063,0.0
0,scratch,full_to_student_20,10,random,4,0.945,0.98,0.12285635,0.04,0.8268877551020407,0.5175266882325791,0.0
0,scratch,full_to_student_20,10,random_rescue_10,0,0.925,0.98,0.12689102,0.055,0.8123469387755102,0.4781665263740448,10.0
0,scratch,full_to_student_20,10,random_rescue_10,1,0.925,0.98,0.1463086,0.06,0.8136224489795919,0.4809029484093269,10.0
0,scratch,full_to_student_20,10,random_rescue_10,2,0.915,0.98,0.14951059,0.065,0.8131122448979592,0.47288949813629294,10.0
0,scratch,full_to_student_20,10,random_rescue_10,3,0.925,0.98,0.16262573,0.055,0.8121428571428573,0.47106501153667735,10.0
0,scratch,full_to_student_20,10,random_rescue_10,4,0.92,0.98,0.16226107,0.06,0.8126530612244898,0.47564575604722487,10.0
0,scratch,full_to_student_20,10,foreground_rescue_10,0,0.95,0.98,0.08028429,0.035,0.7418367346938775,0.16300458793693381,6.595
0,scratch,full_to_student_20,10,foreground_rescue_10,1,0.95,0.98,0.08947815,0.035,0.7418367346938775,0.16300458793693381,6.595
0,scratch,full_to_student_20,10,foreground_rescue_10,2,0.945,0.98,0.11410185,0.04,0.7418367346938775,0.16300458793693381,6.595
0,scratch,full_to_student_20,10,foreground_rescue_10,3,0.96,0.98,0.07490336,0.025,0.7418367346938775,0.16300458793693381,6.595
0,scratch,full_to_student_20,10,foreground_rescue_10,4,0.955,0.98,0.10614103,0.03,0.7418367346938775,0.16300458793693381,6.595
0,scratch,full_to_student_20,10,low_score_rescue_10,0,0.935,0.98,0.12448982,0.045,0.8064285714285714,0.4412547831058958,10.0
0,scratch,full_to_student_20,10,low_score_rescue_10,1,0.93,0.98,0.1293715,0.05,0.8084693877551021,0.4531634953388359,10.0
0,scratch,full_to_student_20,10,low_score_rescue_10,2,0.93,0.98,0.096895024,0.05,0.8076530612244898,0.4493160886369799,10.0
0,scratch,full_to_student_20,10,low_score_rescue_10,3,0.93,0.98,0.12703323,0.05,0.8072448979591837,0.449306607974536,10.0
0,scratch,full_to_student_20,10,low_score_rescue_10,4,0.93,0.98,0.11929106,0.05,0.8064795918367348,0.447939822797011,10.0
0,scratch,full_to_student_20,10,random_matched,0,0.925,0.98,0.14724123,0.055,0.8105102040816327,0.46502078408828934,6.595
0,scratch,full_to_student_20,10,random_matched,1,0.925,0.98,0.1563291,0.055,0.8101530612244897,0.4585578749830057,6.595
0,scratch,full_to_student_20,10,random_matched,2,0.92,0.98,0.18263318,0.06,0.8084693877551021,0.4487587861484935,6.595
0,scratch,full_to_student_20,10,random_matched,3,0.925,0.98,0.1429151,0.055,0.812091836734694,0.4636680942927675,6.595
0,scratch,full_to_student_20,10,random_matched,4,0.93,0.98,0.13559625,0.05,0.810612244897959,0.46392405314094637,6.595
0,scratch,full_to_student_20,25,student,0,0.925,0.98,0.19488369,0.06,0.8189795918367347,0.45175011685404043,0.0
0,scratch,full_to_student_20,25,student,1,0.925,0.98,0.19488369,0.06,0.8189795918367347,0.45175011685404043,0.0
0,scratch,full_to_student_20,25,student,2,0.925,0.98,0.19488369,0.06,0.8189795918367347,0.45175011685404043,0.0
0,scratch,full_to_student_20,25,student,3,0.925,0.98,0.19488369,0.06,0.8189795918367347,0.45175011685404043,0.0
0,scratch,full_to_student_20,25,student,4,0.925,0.98,0.19488369,0.06,0.8189795918367347,0.45175011685404043,0.0
0,scratch,full_to_student_20,25,random,0,0.95,0.98,0.07085513,0.03,0.8246938775510205,0.48994748795493875,0.0
0,scratch,full_to_student_20,25,random,1,0.965,0.98,0.06002661,0.02,0.8235204081632653,0.4946262972715817,0.0
0,scratch,full_to_student_20,25,random,2,0.945,0.98,0.086035594,0.035,0.8219387755102041,0.47777470733476307,0.0
0,scratch,full_to_student_20,25,random,3,0.93,0.98,0.11281219,0.05,0.822857142857143,0.4756299304983063,0.0
0,scratch,full_to_student_20,25,random,4,0.945,0.98,0.12285635,0.04,0.8268877551020407,0.5175266882325791,0.0
0,scratch,full_to_student_20,25,random_rescue_10,0,0.93,0.98,0.17682871,0.055,0.8198979591836735,0.45856310473876305,10.0
0,scratch,full_to_student_20,25,random_rescue_10,1,0.91,0.98,0.2177316,0.07,0.819438775510204,0.458634034321542,10.0
0,scratch,full_to_student_20,25,random_rescue_10,2,0.89,0.98,0.2559753,0.09,0.819438775510204,0.4575621679740157,10.0
0,scratch,full_to_student_20,25,random_rescue_10,3,0.915,0.98,0.16921654,0.065,0.8182142857142857,0.4528105432772031,10.0
0,scratch,full_to_student_20,25,random_rescue_10,4,0.93,0.98,0.19121107,0.055,0.8198469387755103,0.45887221831250197,10.0
0,scratch,full_to_student_20,25,foreground_rescue_10,0,0.945,0.98,0.09845162,0.035,0.7498979591836735,0.1719346655217123,6.77
0,scratch,full_to_student_20,25,foreground_rescue_10,1,0.94,0.98,0.101757795,0.04,0.7498979591836735,0.1719346655217123,6.77
0,scratch,full_to_student_20,25,foreground_rescue_10,2,0.94,0.98,0.12282236,0.04,0.7498979591836735,0.1719346655217123,6.77
0,scratch,full_to_student_20,25,foreground_rescue_10,3,0.94,0.98,0.10088385,0.04,0.7498979591836735,0.1719346655217123,6.77
0,scratch,full_to_student_20,25,foreground_rescue_10,4,0.94,0.98,0.11433265,0.04,0.7498979591836735,0.1719346655217123,6.77
0,scratch,full_to_student_20,25,low_score_rescue_10,0,0.925,0.98,0.1444592,0.06,0.8172448979591838,0.45450493556153787,10.0
0,scratch,full_to_student_20,25,low_score_rescue_10,1,0.92,0.98,0.1636856,0.06,0.8156122448979594,0.44811609988010503,10.0
0,scratch,full_to_student_20,25,low_score_rescue_10,2,0.92,0.98,0.19230326,0.07,0.8170408163265306,0.4547709106315822,10.0
0,scratch,full_to_student_20,25,low_score_rescue_10,3,0.93,0.98,0.14748983,0.055,0.8161224489795919,0.4517392519938958,10.0
0,scratch,full_to_student_20,25,low_score_rescue_10,4,0.935,0.98,0.13586533,0.05,0.8172448979591838,0.4517068243270166,10.0
0,scratch,full_to_student_20,25,random_matched,0,0.92,0.98,0.15180859,0.06,0.8184183673469388,0.4528689908510809,6.77
0,scratch,full_to_student_20,25,random_matched,1,0.915,0.98,0.1699842,0.07,0.8181122448979592,0.45214888250075314,6.77
0,scratch,full_to_student_20,25,random_matched,2,0.915,0.98,0.18051142,0.065,0.8177040816326531,0.44520986754075537,6.77
0,scratch,full_to_student_20,25,random_matched,3,0.925,0.98,0.14190127,0.055,0.8200510204081632,0.4531526590218042,6.77
0,scratch,full_to_student_20,25,random_matched,4,0.925,0.98,0.1864756,0.06,0.8181632653061225,0.4467636663691662,6.77
0,scratch,full_to_student_20,50,student,0,0.94,0.98,0.120159894,0.045,0.8201020408163265,0.46015861544902686,0.0
0,scratch,full_to_student_20,50,student,1,0.94,0.98,0.120159894,0.045,0.8201020408163265,0.46015861544902686,0.0
0,scratch,full_to_student_20,50,student,2,0.94,0.98,0.120159894,0.045,0.8201020408163265,0.46015861544902686,0.0
0,scratch,full_to_student_20,50,student,3,0.94,0.98,0.120159894,0.045,0.8201020408163265,0.46015861544902686,0.0
0,scratch,full_to_student_20,50,student,4,0.94,0.98,0.120159894,0.045,0.8201020408163265,0.46015861544902686,0.0
0,scratch,full_to_student_20,50,random,0,0.95,0.98,0.07085513,0.03,0.8246938775510205,0.48994748795493875,0.0
0,scratch,full_to_student_20,50,random,1,0.965,0.98,0.06002661,0.02,0.8235204081632653,0.4946262972715817,0.0
0,scratch,full_to_student_20,50,random,2,0.945,0.98,0.086035594,0.035,0.8219387755102041,0.47777470733476307,0.0
0,scratch,full_to_student_20,50,random,3,0.93,0.98,0.11281219,0.05,0.822857142857143,0.4756299304983063,0.0
0,scratch,full_to_student_20,50,random,4,0.945,0.98,0.12285635,0.04,0.8268877551020407,0.5175266882325791,0.0
0,scratch,full_to_student_20,50,random_rescue_10,0,0.945,0.98,0.081732444,0.035,0.8193877551020408,0.46461372916561144,10.0
0,scratch,full_to_student_20,50,random_rescue_10,1,0.92,0.98,0.13139151,0.06,0.8219387755102041,0.4806613235413745,10.0
0,scratch,full_to_student_20,50,random_rescue_10,2,0.94,0.98,0.088111766,0.045,0.8215306122448979,0.4586462500747024,10.0
0,scratch,full_to_student_20,50,random_rescue_10,3,0.94,0.98,0.12858404,0.045,0.8210204081632654,0.47406822186281217,10.0
0,scratch,full_to_student_20,50,random_rescue_10,4,0.94,0.98,0.097721845,0.04,0.8207653061224491,0.46761272975825674,10.0
0,scratch,full_to_student_20,50,foreground_rescue_10,0,0.96,0.98,0.059939515,0.025,0.7523469387755103,0.16867692365805784,6.64
0,scratch,full_to_student_20,50,foreground_rescue_10,1,0.96,0.98,0.05825939,0.025,0.7523469387755103,0.16867692365805784,6.64
0,scratch,full_to_student_20,50,foreground_rescue_10,2,0.955,0.98,0.06323791,0.03,0.7523469387755103,0.16867692365805784,6.64
0,scratch,full_to_student_20,50,foreground_rescue_10,3,0.95,0.98,0.072166204,0.035,0.7523469387755103,0.16867692365805784,6.64
0,scratch,full_to_student_20,50,foreground_rescue_10,4,0.95,0.98,0.06615112,0.035,0.7523469387755103,0.16867692365805784,6.64
0,scratch,full_to_student_20,50,low_score_rescue_10,0,0.935,0.98,0.15162319,0.05,0.8184693877551021,0.4553304346309097,10.0
0,scratch,full_to_student_20,50,low_score_rescue_10,1,0.935,0.98,0.13737139,0.045,0.8183673469387754,0.44865548151894374,10.0
0,scratch,full_to_student_20,50,low_score_rescue_10,2,0.95,0.98,0.0793174,0.03,0.8175,0.45612754540739653,10.0
0,scratch,full_to_student_20,50,low_score_rescue_10,3,0.935,0.98,0.13477743,0.045,0.8180612244897958,0.4571118056888083,10.0
0,scratch,full_to_student_20,50,low_score_rescue_10,4,0.935,0.98,0.11913858,0.045,0.8177551020408163,0.4550336834549461,10.0
0,scratch,full_to_student_20,50,random_matched,0,0.94,0.98,0.124336034,0.045,0.8207653061224489,0.4590919348337689,6.64
0,scratch,full_to_student_20,50,random_matched,1,0.95,0.98,0.09070301,0.035,0.8184183673469387,0.455094697031468,6.64
0,scratch,full_to_student_20,50,random_matched,2,0.94,0.98,0.12393454,0.045,0.8185204081632653,0.45924398452105225,6.64
0,scratch,full_to_student_20,50,random_matched,3,0.94,0.98,0.109895766,0.04,0.8183673469387756,0.452782329317003,6.64
0,scratch,full_to_student_20,50,random_matched,4,0.93,0.98,0.11359112,0.055,0.8180102040816325,0.4565640805890522,6.64
0,scratch,full_to_student_20,75,student,0,0.93,0.98,0.1223415,0.05,0.8194387755102042,0.4711988323890176,0.0
0,scratch,full_to_student_20,75,student,1,0.93,0.98,0.1223415,0.05,0.8194387755102042,0.4711988323890176,0.0
0,scratch,full_to_student_20,75,student,2,0.93,0.98,0.1223415,0.05,0.8194387755102042,0.4711988323890176,0.0
0,scratch,full_to_student_20,75,student,3,0.93,0.98,0.1223415,0.05,0.8194387755102042,0.4711988323890176,0.0
0,scratch,full_to_student_20,75,student,4,0.93,0.98,0.1223415,0.05,0.8194387755102042,0.4711988323890176,0.0
0,scratch,full_to_student_20,75,random,0,0.95,0.98,0.07085513,0.03,0.8246938775510205,0.48994748795493875,0.0
0,scratch,full_to_student_20,75,random,1,0.965,0.98,0.06002661,0.02,0.8235204081632653,0.4946262972715817,0.0
0,scratch,full_to_student_20,75,random,2,0.945,0.98,0.086035594,0.035,0.8219387755102041,0.47777470733476307,0.0
0,scratch,full_to_student_20,75,random,3,0.93,0.98,0.11281219,0.05,0.822857142857143,0.4756299304983063,0.0
0,scratch,full_to_student_20,75,random,4,0.945,0.98,0.12285635,0.04,0.8268877551020407,0.5175266882325791,0.0
0,scratch,full_to_student_20,75,random_rescue_10,0,0.96,0.98,0.08458755,0.02,0.8195408163265308,0.4737740549846161,10.0
0,scratch,full_to_student_20,75,random_rescue_10,1,0.945,0.98,0.087572224,0.035,0.8209183673469389,0.48106015533175506,10.0
0,scratch,full_to_student_20,75,random_rescue_10,2,0.965,0.98,0.05603745,0.015,0.8216836734693878,0.47003868852194974,10.0
0,scratch,full_to_student_20,75,random_rescue_10,3,0.94,0.98,0.090970255,0.04,0.8192857142857143,0.46237022524321336,10.0
0,scratch,full_to_student_20,75,random_rescue_10,4,0.94,0.98,0.103435084,0.04,0.8211224489795919,0.4871572700615324,10.0
0,scratch,full_to_student_20,75,foreground_rescue_10,0,0.955,0.98,0.057725087,0.025,0.7503061224489795,0.16828084613826733,6.775
0,scratch,full_to_student_20,75,foreground_rescue_10,1,0.95,0.98,0.06645725,0.03,0.7503061224489795,0.16828084613826733,6.775
0,scratch,full_to_student_20,75,foreground_rescue_10,2,0.95,0.98,0.0579422,0.03,0.7503061224489795,0.16828084613826733,6.775
0,scratch,full_to_student_20,75,foreground_rescue_10,3,0.945,0.98,0.06676453,0.035,0.7503061224489795,0.16828084613826733,6.775
0,scratch,full_to_student_20,75,foreground_rescue_10,4,0.96,0.98,0.057924405,0.02,0.7503061224489795,0.16828084613826733,6.775
0,scratch,full_to_student_20,75,low_score_rescue_10,0,0.925,0.98,0.13504922,0.055,0.8151020408163265,0.4622135312826822,10.0
0,scratch,full_to_student_20,75,low_score_rescue_10,1,0.94,0.98,0.10725454,0.04,0.815969387755102,0.45668544538885697,10.0
0,scratch,full_to_student_20,75,low_score_rescue_10,2,0.945,0.98,0.07412528,0.035,0.8165306122448979,0.45692156945127327,10.0
0,scratch,full_to_student_20,75,low_score_rescue_10,3,0.94,0.98,0.097128555,0.04,0.8163775510204081,0.4630518657056932,10.0
0,scratch,full_to_student_20,75,low_score_rescue_10,4,0.95,0.98,0.091283046,0.03,0.8158163265306122,0.4587987196764178,10.0
0,scratch,full_to_student_20,75,random_matched,0,0.92,0.98,0.1653406,0.06,0.8180102040816328,0.4649015880790702,6.775
0,scratch,full_to_student_20,75,random_matched,1,0.945,0.98,0.085816085,0.035,0.8176020408163265,0.4633863064349794,6.775
0,scratch,full_to_student_20,75,random_matched,2,0.945,0.98,0.095920876,0.035,0.8166326530612245,0.46014986399802615,6.775
0,scratch,full_to_student_20,75,random_matched,3,0.945,0.98,0.08958796,0.035,0.8196428571428572,0.4683482241212407,6.775
0,scratch,full_to_student_20,75,random_matched,4,0.935,0.98,0.093749955,0.045,0.8185204081632653,0.4666413635691408,6.775
0,scratch,full_to_student_20,100,student,0,0.95,0.98,0.089511216,0.035,0.8193367346938775,0.45919654175195246,0.0
0,scratch,full_to_student_20,100,student,1,0.95,0.98,0.089511216,0.035,0.8193367346938775,0.45919654175195246,0.0
0,scratch,full_to_student_20,100,student,2,0.95,0.98,0.089511216,0.035,0.8193367346938775,0.45919654175195246,0.0
0,scratch,full_to_student_20,100,student,3,0.95,0.98,0.089511216,0.035,0.8193367346938775,0.45919654175195246,0.0
0,scratch,full_to_student_20,100,student,4,0.95,0.98,0.089511216,0.035,0.8193367346938775,0.45919654175195246,0.0
0,scratch,full_to_student_20,100,random,0,0.95,0.98,0.07085513,0.03,0.8246938775510205,0.48994748795493875,0.0
0,scratch,full_to_student_20,100,random,1,0.965,0.98,0.06002661,0.02,0.8235204081632653,0.4946262972715817,0.0
0,scratch,full_to_student_20,100,random,2,0.945,0.98,0.086035594,0.035,0.8219387755102041,0.47777470733476307,0.0
0,scratch,full_to_student_20,100,random,3,0.93,0.98,0.11281219,0.05,0.822857142857143,0.4756299304983063,0.0
0,scratch,full_to_student_20,100,random,4,0.945,0.98,0.12285635,0.04,0.8268877551020407,0.5175266882325791,0.0
0,scratch,full_to_student_20,100,random_rescue_10,0,0.935,0.98,0.12693794,0.05,0.82,0.4696041485455568,10.0
0,scratch,full_to_student_20,100,random_rescue_10,1,0.945,0.98,0.1119838,0.035,0.8218877551020408,0.46980267821823607,10.0
0,scratch,full_to_student_20,100,random_rescue_10,2,0.955,0.98,0.042789668,0.025,0.8214795918367347,0.455461029328986,10.0
0,scratch,full_to_student_20,100,random_rescue_10,3,0.945,0.98,0.10087549,0.04,0.8207142857142857,0.4738436512271133,10.0
0,scratch,full_to_student_20,100,random_rescue_10,4,0.95,0.98,0.121201985,0.035,0.8197448979591837,0.46919583239420737,10.0
0,scratch,full_to_student_20,100,foreground_rescue_10,0,0.975,0.98,0.040104173,0.01,0.750765306122449,0.1706853362078534,6.72
0,scratch,full_to_student_20,100,foreground_rescue_10,1,0.965,0.98,0.051357027,0.02,0.750765306122449,0.1706853362078534,6.72
0,scratch,full_to_student_20,100,foreground_rescue_10,2,0.97,0.98,0.044253174,0.015,0.750765306122449,0.1706853362078534,6.72
0,scratch,full_to_student_20,100,foreground_rescue_10,3,0.97,0.98,0.04182746,0.015,0.750765306122449,0.1706853362078534,6.72
0,scratch,full_to_student_20,100,foreground_rescue_10,4,0.975,0.98,0.04679889,0.01,0.750765306122449,0.1706853362078534,6.72
0,scratch,full_to_student_20,100,low_score_rescue_10,0,0.955,0.98,0.066836365,0.025,0.8165306122448979,0.45850771119195666,10.0
0,scratch,full_to_student_20,100,low_score_rescue_10,1,0.945,0.98,0.072169654,0.035,0.8159183673469389,0.44588443828711893,10.0
0,scratch,full_to_student_20,100,low_score_rescue_10,2,0.93,0.98,0.12523556,0.05,0.8160714285714286,0.44910634768189756,10.0
0,scratch,full_to_student_20,100,low_score_rescue_10,3,0.935,0.98,0.1486188,0.05,0.8168367346938775,0.45659352953689886,10.0
0,scratch,full_to_student_20,100,low_score_rescue_10,4,0.96,0.98,0.06890155,0.02,0.8161224489795919,0.4559726952524236,10.0
0,scratch,full_to_student_20,100,random_matched,0,0.95,0.98,0.09765992,0.035,0.8190816326530611,0.454210112822077,6.72
0,scratch,full_to_student_20,100,random_matched,1,0.965,0.98,0.081013225,0.02,0.8179591836734694,0.45228652689359056,6.72
0,scratch,full_to_student_20,100,random_matched,2,0.955,0.98,0.07870172,0.03,0.8194897959183673,0.4573357059469898,6.72
0,scratch,full_to_student_20,100,random_matched,3,0.97,0.98,0.068190515,0.015,0.8180102040816325,0.4506111491022683,6.72
0,scratch,full_to_student_20,100,random_matched,4,0.95,0.98,0.07631164,0.03,0.8183673469387754,0.45169452769978957,6.72
0,scratch,full_to_student_50,0,student,0,0.875,0.98,0.3295332,0.105,0.850561224489796,0.5981794121635886,0.0
0,scratch,full_to_student_50,0,student,1,0.875,0.98,0.3295332,0.105,0.850561224489796,0.5981794121635886,0.0
0,scratch,full_to_student_50,0,student,2,0.875,0.98,0.3295332,0.105,0.850561224489796,0.5981794121635886,0.0
0,scratch,full_to_student_50,0,student,3,0.875,0.98,0.3295332,0.105,0.850561224489796,0.5981794121635886,0.0
0,scratch,full_to_student_50,0,student,4,0.875,0.98,0.3295332,0.105,0.850561224489796,0.5981794121635886,0.0
0,scratch,full_to_student_50,0,random,0,0.95,0.98,0.07085513,0.03,0.8246938775510205,0.48994748795493875,0.0
0,scratch,full_to_student_50,0,random,1,0.965,0.98,0.06002661,0.02,0.8235204081632653,0.4946262972715817,0.0
0,scratch,full_to_student_50,0,random,2,0.945,0.98,0.086035594,0.035,0.8219387755102041,0.47777470733476307,0.0
0,scratch,full_to_student_50,0,random,3,0.93,0.98,0.11281219,0.05,0.822857142857143,0.4756299304983063,0.0
0,scratch,full_to_student_50,0,random,4,0.945,0.98,0.12285635,0.04,0.8268877551020407,0.5175266882325791,0.0
0,scratch,full_to_student_50,0,random_rescue_10,0,0.895,0.98,0.20119835,0.085,0.8451530612244897,0.5638985049597482,10.0
0,scratch,full_to_student_50,0,random_rescue_10,1,0.87,0.98,0.2869938,0.11,0.8446428571428573,0.5759229810069456,10.0
0,scratch,full_to_student_50,0,random_rescue_10,2,0.905,0.98,0.23440336,0.075,0.846887755102041,0.5871443738245714,10.0
0,scratch,full_to_student_50,0,random_rescue_10,3,0.88,0.98,0.26195306,0.1,0.845,0.5784158401279986,10.0
0,scratch,full_to_student_50,0,random_rescue_10,4,0.88,0.98,0.28184977,0.1,0.8460204081632652,0.5803594066019169,10.0
0,scratch,full_to_student_50,0,foreground_rescue_10,0,0.925,0.98,0.12588541,0.055,0.775,0.23701169783036988,7.405
0,scratch,full_to_student_50,0,foreground_rescue_10,1,0.94,0.98,0.08395754,0.04,0.775,0.23701169783036988,7.405
0,scratch,full_to_student_50,0,foreground_rescue_10,2,0.96,0.98,0.06074478,0.02,0.775,0.23701169783036988,7.405
0,scratch,full_to_student_50,0,foreground_rescue_10,3,0.94,0.98,0.0930003,0.04,0.775,0.23701169783036988,7.405
0,scratch,full_to_student_50,0,foreground_rescue_10,4,0.965,0.98,0.049069263,0.015,0.775,0.23701169783036988,7.405
0,scratch,full_to_student_50,0,low_score_rescue_10,0,0.88,0.98,0.27229047,0.1,0.844795918367347,0.5859170772430334,10.0
0,scratch,full_to_student_50,0,low_score_rescue_10,1,0.865,0.98,0.30525488,0.115,0.8471428571428572,0.5853980915056881,10.0
0,scratch,full_to_student_50,0,low_score_rescue_10,2,0.865,0.98,0.30834445,0.115,0.8455102040816327,0.5882467356657168,10.0
0,scratch,full_to_student_50,0,low_score_rescue_10,3,0.885,0.98,0.2842727,0.095,0.844795918367347,0.5901691631743473,10.0
0,scratch,full_to_student_50,0,low_score_rescue_10,4,0.885,0.98,0.2839457,0.095,0.8456122448979592,0.585626088587124,10.0
0,scratch,full_to_student_50,0,random_matched,0,0.9,0.98,0.24033962,0.08,0.8449489795918368,0.5758685372196981,7.405
0,scratch,full_to_student_50,0,random_matched,1,0.885,0.98,0.2601635,0.095,0.8442346938775509,0.5774126876148028,7.405
0,scratch,full_to_student_50,0,random_matched,2,0.89,0.98,0.24671143,0.09,0.8443877551020408,0.5767761202652227,7.405
0,scratch,full_to_student_50,0,random_matched,3,0.91,0.98,0.23422426,0.07,0.8472448979591838,0.5843409831688942,7.405
0,scratch,full_to_student_50,0,random_matched,4,0.895,0.98,0.23182735,0.085,0.8461224489795919,0.5820094300469554,7.405
0,scratch,full_to_student_50,10,student,0,0.925,0.98,0.16065313,0.055,0.8091326530612245,0.46159969929296096,0.0
0,scratch,full_to_student_50,10,student,1,0.925,0.98,0.16065313,0.055,0.8091326530612245,0.46159969929296096,0.0
0,scratch,full_to_student_50,10,student,2,0.925,0.98,0.16065313,0.055,0.8091326530612245,0.46159969929296096,0.0
0,scratch,full_to_student_50,10,student,3,0.925,0.98,0.16065313,0.055,0.8091326530612245,0.46159969929296096,0.0
0,scratch,full_to_student_50,10,student,4,0.925,0.98,0.16065313,0.055,0.8091326530612245,0.46159969929296096,0.0
0,scratch,full_to_student_50,10,random,0,0.95,0.98,0.07085513,0.03,0.8246938775510205,0.48994748795493875,0.0
0,scratch,full_to_student_50,10,random,1,0.965,0.98,0.06002661,0.02,0.8235204081632653,0.4946262972715817,0.0
0,scratch,full_to_student_50,10,random,2,0.945,0.98,0.086035594,0.035,0.8219387755102041,0.47777470733476307,0.0
0,scratch,full_to_student_50,10,random,3,0.93,0.98,0.11281219,0.05,0.822857142857143,0.4756299304983063,0.0
0,scratch,full_to_student_50,10,random,4,0.945,0.98,0.12285635,0.04,0.8268877551020407,0.5175266882325791,0.0
0,scratch,full_to_student_50,10,random_rescue_10,0,0.925,0.98,0.12689102,0.055,0.8123469387755102,0.4781665263740448,10.0
0,scratch,full_to_student_50,10,random_rescue_10,1,0.925,0.98,0.1463086,0.06,0.8136224489795919,0.4809029484093269,10.0
0,scratch,full_to_student_50,10,random_rescue_10,2,0.915,0.98,0.14951059,0.065,0.8131122448979592,0.47288949813629294,10.0
0,scratch,full_to_student_50,10,random_rescue_10,3,0.925,0.98,0.16262573,0.055,0.8121428571428573,0.47106501153667735,10.0
0,scratch,full_to_student_50,10,random_rescue_10,4,0.92,0.98,0.16226107,0.06,0.8126530612244898,0.47564575604722487,10.0
0,scratch,full_to_student_50,10,foreground_rescue_10,0,0.95,0.98,0.08028429,0.035,0.7418367346938775,0.16300458793693381,6.595
0,scratch,full_to_student_50,10,foreground_rescue_10,1,0.95,0.98,0.08947815,0.035,0.7418367346938775,0.16300458793693381,6.595
0,scratch,full_to_student_50,10,foreground_rescue_10,2,0.945,0.98,0.11410185,0.04,0.7418367346938775,0.16300458793693381,6.595
0,scratch,full_to_student_50,10,foreground_rescue_10,3,0.96,0.98,0.07490336,0.025,0.7418367346938775,0.16300458793693381,6.595
0,scratch,full_to_student_50,10,foreground_rescue_10,4,0.955,0.98,0.10614103,0.03,0.7418367346938775,0.16300458793693381,6.595
0,scratch,full_to_student_50,10,low_score_rescue_10,0,0.935,0.98,0.12448982,0.045,0.8064285714285714,0.4412547831058958,10.0
0,scratch,full_to_student_50,10,low_score_rescue_10,1,0.93,0.98,0.1293715,0.05,0.8084693877551021,0.4531634953388359,10.0
0,scratch,full_to_student_50,10,low_score_rescue_10,2,0.93,0.98,0.096895024,0.05,0.8076530612244898,0.4493160886369799,10.0
0,scratch,full_to_student_50,10,low_score_rescue_10,3,0.93,0.98,0.12703323,0.05,0.8072448979591837,0.449306607974536,10.0
0,scratch,full_to_student_50,10,low_score_rescue_10,4,0.93,0.98,0.11929106,0.05,0.8064795918367348,0.447939822797011,10.0
0,scratch,full_to_student_50,10,random_matched,0,0.925,0.98,0.14724123,0.055,0.8105102040816327,0.46502078408828934,6.595
0,scratch,full_to_student_50,10,random_matched,1,0.925,0.98,0.1563291,0.055,0.8101530612244897,0.4585578749830057,6.595
0,scratch,full_to_student_50,10,random_matched,2,0.92,0.98,0.18263318,0.06,0.8084693877551021,0.4487587861484935,6.595
0,scratch,full_to_student_50,10,random_matched,3,0.925,0.98,0.1429151,0.055,0.812091836734694,0.4636680942927675,6.595
0,scratch,full_to_student_50,10,random_matched,4,0.93,0.98,0.13559625,0.05,0.810612244897959,0.46392405314094637,6.595
0,scratch,full_to_student_50,25,student,0,0.905,0.98,0.15090883,0.075,0.8135714285714286,0.4514104535196256,0.0
0,scratch,full_to_student_50,25,student,1,0.905,0.98,0.15090883,0.075,0.8135714285714286,0.4514104535196256,0.0
0,scratch,full_to_student_50,25,student,2,0.905,0.98,0.15090883,0.075,0.8135714285714286,0.4514104535196256,0.0
0,scratch,full_to_student_50,25,student,3,0.905,0.98,0.15090883,0.075,0.8135714285714286,0.4514104535196256,0.0
0,scratch,full_to_student_50,25,student,4,0.905,0.98,0.15090883,0.075,0.8135714285714286,0.4514104535196256,0.0
0,scratch,full_to_student_50,25,random,0,0.95,0.98,0.07085513,0.03,0.8246938775510205,0.48994748795493875,0.0
0,scratch,full_to_student_50,25,random,1,0.965,0.98,0.06002661,0.02,0.8235204081632653,0.4946262972715817,0.0
0,scratch,full_to_student_50,25,random,2,0.945,0.98,0.086035594,0.035,0.8219387755102041,0.47777470733476307,0.0
0,scratch,full_to_student_50,25,random,3,0.93,0.98,0.11281219,0.05,0.822857142857143,0.4756299304983063,0.0
0,scratch,full_to_student_50,25,random,4,0.945,0.98,0.12285635,0.04,0.8268877551020407,0.5175266882325791,0.0
0,scratch,full_to_student_50,25,random_rescue_10,0,0.935,0.98,0.107044026,0.045,0.8156632653061224,0.4672012537433283,10.0
0,scratch,full_to_student_50,25,random_rescue_10,1,0.92,0.98,0.13563229,0.06,0.8168367346938775,0.4714750733926602,10.0
0,scratch,full_to_student_50,25,random_rescue_10,2,0.915,0.98,0.15866989,0.07,0.8153571428571429,0.4587881808996751,10.0
0,scratch,full_to_student_50,25,random_rescue_10,3,0.925,0.98,0.15202883,0.055,0.8165816326530613,0.4680993738941305,10.0
0,scratch,full_to_student_50,25,random_rescue_10,4,0.935,0.98,0.12474711,0.045,0.8146938775510205,0.45566080975363377,10.0
0,scratch,full_to_student_50,25,foreground_rescue_10,0,0.96,0.98,0.05918517,0.025,0.7456122448979592,0.16054392270573975,6.66
0,scratch,full_to_student_50,25,foreground_rescue_10,1,0.96,0.98,0.062829636,0.025,0.7456122448979592,0.16054392270573975,6.66
0,scratch,full_to_student_50,25,foreground_rescue_10,2,0.955,0.98,0.06100789,0.03,0.7456122448979592,0.16054392270573975,6.66
0,scratch,full_to_student_50,25,foreground_rescue_10,3,0.95,0.98,0.06447194,0.035,0.7456122448979592,0.16054392270573975,6.66
0,scratch,full_to_student_50,25,foreground_rescue_10,4,0.955,0.98,0.061447676,0.03,0.7456122448979592,0.16054392270573975,6.66
0,scratch,full_to_student_50,25,low_score_rescue_10,0,0.925,0.98,0.15732843,0.065,0.8122448979591836,0.44953767701827424,10.0
0,scratch,full_to_student_50,25,low_score_rescue_10,1,0.93,0.98,0.137842,0.05,0.813265306122449,0.4530685715384179,10.0
0,scratch,full_to_student_50,25,low_score_rescue_10,2,0.925,0.98,0.13175938,0.055,0.8130102040816328,0.4504372100419416,10.0
0,scratch,full_to_student_50,25,low_score_rescue_10,3,0.94,0.98,0.11127312,0.04,0.812091836734694,0.4428647656634396,10.0
0,scratch,full_to_student_50,25,low_score_rescue_10,4,0.93,0.98,0.12354886,0.05,0.8125,0.45042294822794643,10.0
0,scratch,full_to_student_50,25,random_matched,0,0.92,0.98,0.12553637,0.06,0.8157142857142858,0.45627950059238953,6.66
0,scratch,full_to_student_50,25,random_matched,1,0.915,0.98,0.14050137,0.065,0.813265306122449,0.44752309719128147,6.66
0,scratch,full_to_student_50,25,random_matched,2,0.92,0.98,0.1226575,0.06,0.8143877551020409,0.4486861084574755,6.66
0,scratch,full_to_student_50,25,random_matched,3,0.92,0.98,0.15223825,0.065,0.8139795918367346,0.4509117864682576,6.66
0,scratch,full_to_student_50,25,random_matched,4,0.92,0.98,0.12163556,0.06,0.8139285714285716,0.45018155042344693,6.66
0,scratch,full_to_student_50,50,student,0,0.94,0.98,0.15190578,0.045,0.8270408163265307,0.5033538166576992,0.0
0,scratch,full_to_student_50,50,student,1,0.94,0.98,0.15190578,0.045,0.8270408163265307,0.5033538166576992,0.0
0,scratch,full_to_student_50,50,student,2,0.94,0.98,0.15190578,0.045,0.8270408163265307,0.5033538166576992,0.0
0,scratch,full_to_student_50,50,student,3,0.94,0.98,0.15190578,0.045,0.8270408163265307,0.5033538166576992,0.0
0,scratch,full_to_student_50,50,student,4,0.94,0.98,0.15190578,0.045,0.8270408163265307,0.5033538166576992,0.0
0,scratch,full_to_student_50,50,random,0,0.95,0.98,0.07085513,0.03,0.8246938775510205,0.48994748795493875,0.0
0,scratch,full_to_student_50,50,random,1,0.965,0.98,0.06002661,0.02,0.8235204081632653,0.4946262972715817,0.0
0,scratch,full_to_student_50,50,random,2,0.945,0.98,0.086035594,0.035,0.8219387755102041,0.47777470733476307,0.0
0,scratch,full_to_student_50,50,random,3,0.93,0.98,0.11281219,0.05,0.822857142857143,0.4756299304983063,0.0
0,scratch,full_to_student_50,50,random,4,0.945,0.98,0.12285635,0.04,0.8268877551020407,0.5175266882325791,0.0
0,scratch,full_to_student_50,50,random_rescue_10,0,0.915,0.98,0.20418489,0.07,0.8267346938775509,0.5066434770122195,10.0
0,scratch,full_to_student_50,50,random_rescue_10,1,0.92,0.98,0.1588871,0.06,0.8279591836734693,0.5101473590678473,10.0
0,scratch,full_to_student_50,50,random_rescue_10,2,0.935,0.98,0.10757313,0.045,0.8274489795918367,0.5081515869962385,10.0
0,scratch,full_to_student_50,50,random_rescue_10,3,0.945,0.98,0.103393175,0.035,0.827091836734694,0.5017578345718967,10.0
0,scratch,full_to_student_50,50,random_rescue_10,4,0.935,0.98,0.13096018,0.045,0.8259183673469388,0.4966797423534,10.0
0,scratch,full_to_student_50,50,foreground_rescue_10,0,0.975,0.98,0.02637648,0.01,0.7555612244897959,0.1834185971919438,7.005
0,scratch,full_to_student_50,50,foreground_rescue_10,1,0.965,0.98,0.0505614,0.02,0.7555612244897959,0.1834185971919438,7.005
0,scratch,full_to_student_50,50,foreground_rescue_10,2,0.97,0.98,0.03227386,0.015,0.7555612244897959,0.1834185971919438,7.005
0,scratch,full_to_student_50,50,foreground_rescue_10,3,0.97,0.98,0.05534406,0.015,0.7555612244897959,0.1834185971919438,7.005
0,scratch,full_to_student_50,50,foreground_rescue_10,4,0.965,0.98,0.03988175,0.02,0.7555612244897959,0.1834185971919438,7.005
0,scratch,full_to_student_50,50,low_score_rescue_10,0,0.945,0.98,0.13589486,0.04,0.8217857142857143,0.47636768775434774,10.0
0,scratch,full_to_student_50,50,low_score_rescue_10,1,0.94,0.98,0.1564856,0.045,0.8223469387755101,0.47456594978290123,10.0
0,scratch,full_to_student_50,50,low_score_rescue_10,2,0.935,0.98,0.11238842,0.05,0.8236224489795919,0.4876887598673925,10.0
0,scratch,full_to_student_50,50,low_score_rescue_10,3,0.935,0.98,0.15220922,0.05,0.8215306122448979,0.4794719445933975,10.0
0,scratch,full_to_student_50,50,low_score_rescue_10,4,0.945,0.98,0.11015305,0.035,0.8220408163265306,0.4877186614053223,10.0
0,scratch,full_to_student_50,50,random_matched,0,0.955,0.98,0.085004784,0.03,0.8244387755102041,0.4953423760443543,7.005
0,scratch,full_to_student_50,50,random_matched,1,0.955,0.98,0.082985066,0.03,0.8243877551020407,0.4939149221755849,7.005
0,scratch,full_to_student_50,50,random_matched,2,0.94,0.98,0.11462965,0.045,0.8254591836734694,0.4915571753438494,7.005
0,scratch,full_to_student_50,50,random_matched,3,0.95,0.98,0.14758329,0.035,0.8253571428571429,0.49768944077720895,7.005
0,scratch,full_to_student_50,50,random_matched,4,0.945,0.98,0.10137846,0.04,0.8252551020408163,0.4944582057904357,7.005
0,scratch,full_to_student_50,75,student,0,0.92,0.98,0.17502178,0.065,0.8240816326530613,0.48623234930054016,0.0
0,scratch,full_to_student_50,75,student,1,0.92,0.98,0.17502178,0.065,0.8240816326530613,0.48623234930054016,0.0
0,scratch,full_to_student_50,75,student,2,0.92,0.98,0.17502178,0.065,0.8240816326530613,0.48623234930054016,0.0
0,scratch,full_to_student_50,75,student,3,0.92,0.98,0.17502178,0.065,0.8240816326530613,0.48623234930054016,0.0
0,scratch,full_to_student_50,75,student,4,0.92,0.98,0.17502178,0.065,0.8240816326530613,0.48623234930054016,0.0
0,scratch,full_to_student_50,75,random,0,0.95,0.98,0.07085513,0.03,0.8246938775510205,0.48994748795493875,0.0
0,scratch,full_to_student_50,75,random,1,0.965,0.98,0.06002661,0.02,0.8235204081632653,0.4946262972715817,0.0
0,scratch,full_to_student_50,75,random,2,0.945,0.98,0.086035594,0.035,0.8219387755102041,0.47777470733476307,0.0
0,scratch,full_to_student_50,75,random,3,0.93,0.98,0.11281219,0.05,0.822857142857143,0.4756299304983063,0.0
0,scratch,full_to_student_50,75,random,4,0.945,0.98,0.12285635,0.04,0.8268877551020407,0.5175266882325791,0.0
0,scratch,full_to_student_50,75,random_rescue_10,0,0.915,0.98,0.19726805,0.065,0.8248469387755102,0.48949367397090326,10.0
0,scratch,full_to_student_50,75,random_rescue_10,1,0.95,0.98,0.10180922,0.035,0.8248979591836735,0.5004549066003927,10.0
0,scratch,full_to_student_50,75,random_rescue_10,2,0.935,0.98,0.14870867,0.045,0.8235714285714286,0.4957061341683209,10.0
0,scratch,full_to_student_50,75,random_rescue_10,3,0.945,0.98,0.098243214,0.04,0.8242346938775511,0.48484627259801233,10.0
0,scratch,full_to_student_50,75,random_rescue_10,4,0.945,0.98,0.1230731,0.035,0.8234693877551021,0.4876398648619585,10.0
0,scratch,full_to_student_50,75,foreground_rescue_10,0,0.96,0.98,0.073826745,0.025,0.7532142857142857,0.1811122133795018,6.945
0,scratch,full_to_student_50,75,foreground_rescue_10,1,0.965,0.98,0.053635236,0.02,0.7532142857142857,0.1811122133795018,6.945
0,scratch,full_to_student_50,75,foreground_rescue_10,2,0.95,0.98,0.09774627,0.035,0.7532142857142857,0.1811122133795018,6.945
0,scratch,full_to_student_50,75,foreground_rescue_10,3,0.955,0.98,0.067574464,0.03,0.7532142857142857,0.1811122133795018,6.945
0,scratch,full_to_student_50,75,foreground_rescue_10,4,0.955,0.98,0.08628708,0.03,0.7532142857142857,0.1811122133795018,6.945
0,scratch,full_to_student_50,75,low_score_rescue_10,0,0.925,0.98,0.1521979,0.055,0.8221428571428572,0.47979199889364343,10.0
0,scratch,full_to_student_50,75,low_score_rescue_10,1,0.935,0.98,0.16431208,0.045,0.8207653061224489,0.4688433555361628,10.0
0,scratch,full_to_student_50,75,low_score_rescue_10,2,0.905,0.98,0.20090514,0.075,0.8220408163265307,0.47833093836512747,10.0
0,scratch,full_to_student_50,75,low_score_rescue_10,3,0.925,0.98,0.15102394,0.06,0.8212755102040816,0.480240585299591,10.0
0,scratch,full_to_student_50,75,low_score_rescue_10,4,0.92,0.98,0.1668639,0.06,0.8216836734693878,0.47278249179542287,10.0
0,scratch,full_to_student_50,75,random_matched,0,0.94,0.98,0.12102604,0.04,0.8234693877551021,0.48335933795930386,6.945
0,scratch,full_to_student_50,75,random_matched,1,0.93,0.98,0.11322167,0.05,0.821530612244898,0.47916672613943334,6.945
0,scratch,full_to_student_50,75,random_matched,2,0.93,0.98,0.16703293,0.05,0.8229591836734694,0.47634069246241134,6.945
0,scratch,full_to_student_50,75,random_matched,3,0.94,0.98,0.12190761,0.04,0.8226020408163265,0.4836844973872195,6.945
0,scratch,full_to_student_50,75,random_matched,4,0.925,0.98,0.16104957,0.055,0.8225510204081633,0.48299715274705485,6.945
0,scratch,full_to_student_50,100,student,0,0.915,0.98,0.16527249,0.065,0.8231122448979592,0.48787561820854175,0.0
0,scratch,full_to_student_50,100,student,1,0.915,0.98,0.16527249,0.065,0.8231122448979592,0.48787561820854175,0.0
0,scratch,full_to_student_50,100,student,2,0.915,0.98,0.16527249,0.065,0.8231122448979592,0.48787561820854175,0.0
0,scratch,full_to_student_50,100,student,3,0.915,0.98,0.16527249,0.065,0.8231122448979592,0.48787561820854175,0.0
0,scratch,full_to_student_50,100,student,4,0.915,0.98,0.16527249,0.065,0.8231122448979592,0.48787561820854175,0.0
0,scratch,full_to_student_50,100,random,0,0.95,0.98,0.07085513,0.03,0.8246938775510205,0.48994748795493875,0.0
0,scratch,full_to_student_50,100,random,1,0.965,0.98,0.06002661,0.02,0.8235204081632653,0.4946262972715817,0.0
0,scratch,full_to_student_50,100,random,2,0.945,0.98,0.086035594,0.035,0.8219387755102041,0.47777470733476307,0.0
0,scratch,full_to_student_50,100,random,3,0.93,0.98,0.11281219,0.05,0.822857142857143,0.4756299304983063,0.0
0,scratch,full_to_student_50,100,random,4,0.945,0.98,0.12285635,0.04,0.8268877551020407,0.5175266882325791,0.0
0,scratch,full_to_student_50,100,random_rescue_10,0,0.935,0.98,0.12035925,0.05,0.8204591836734693,0.4811063679329862,10.0
0,scratch,full_to_student_50,100,random_rescue_10,1,0.95,0.98,0.1010199,0.03,0.8236734693877551,0.48936979627816457,10.0
0,scratch,full_to_student_50,100,random_rescue_10,2,0.93,0.98,0.12698339,0.05,0.8233163265306122,0.4940951696025346,10.0
0,scratch,full_to_student_50,100,random_rescue_10,3,0.935,0.98,0.11926117,0.045,0.8215306122448979,0.47447549998687794,10.0
0,scratch,full_to_student_50,100,random_rescue_10,4,0.925,0.98,0.164935,0.055,0.8245918367346939,0.49851201532233397,10.0
0,scratch,full_to_student_50,100,foreground_rescue_10,0,0.955,0.98,0.087553784,0.03,0.7517857142857142,0.17578416720444884,6.99
0,scratch,full_to_student_50,100,foreground_rescue_10,1,0.95,0.98,0.08749777,0.035,0.7517857142857142,0.17578416720444884,6.99
0,scratch,full_to_student_50,100,foreground_rescue_10,2,0.95,0.98,0.09007412,0.035,0.7517857142857142,0.17578416720444884,6.99
0,scratch,full_to_student_50,100,foreground_rescue_10,3,0.955,0.98,0.07522838,0.03,0.7517857142857142,0.17578416720444884,6.99
0,scratch,full_to_student_50,100,foreground_rescue_10,4,0.955,0.98,0.0684482,0.03,0.7517857142857142,0.17578416720444884,6.99
0,scratch,full_to_student_50,100,low_score_rescue_10,0,0.93,0.98,0.12839022,0.05,0.8210204081632654,0.4812326664105707,10.0
0,scratch,full_to_student_50,100,low_score_rescue_10,1,0.92,0.98,0.15207289,0.06,0.8211224489795919,0.4758085711053308,10.0
0,scratch,full_to_student_50,100,low_score_rescue_10,2,0.92,0.98,0.16427837,0.065,0.8210714285714286,0.47355018406143756,10.0
0,scratch,full_to_student_50,100,low_score_rescue_10,3,0.935,0.98,0.13482927,0.045,0.8218877551020408,0.4812618165527449,10.0
0,scratch,full_to_student_50,100,low_score_rescue_10,4,0.905,0.98,0.1482113,0.075,0.8215306122448979,0.48143105570840805,10.0
0,scratch,full_to_student_50,100,random_matched,0,0.93,0.98,0.123297065,0.05,0.8219897959183673,0.4834127928484926,6.99
0,scratch,full_to_student_50,100,random_matched,1,0.92,0.98,0.14388971,0.06,0.8204081632653061,0.4744327054346108,6.99
0,scratch,full_to_student_50,100,random_matched,2,0.915,0.98,0.16154666,0.065,0.822908163265306,0.4845468194507845,6.99
0,scratch,full_to_student_50,100,random_matched,3,0.9,0.98,0.18222809,0.08,0.8229591836734694,0.4868549564428246,6.99
0,scratch,full_to_student_50,100,random_matched,4,0.93,0.98,0.12607184,0.05,0.821326530612245,0.47933021011382665,6.99
0,scratch,low_score_rescue_10,0,student,0,0.875,0.98,0.3295332,0.105,0.850561224489796,0.5981794121635886,0.0
0,scratch,low_score_rescue_10,0,student,1,0.875,0.98,0.3295332,0.105,0.850561224489796,0.5981794121635886,0.0
0,scratch,low_score_rescue_10,0,student,2,0.875,0.98,0.3295332,0.105,0.850561224489796,0.5981794121635886,0.0
0,scratch,low_score_rescue_10,0,student,3,0.875,0.98,0.3295332,0.105,0.850561224489796,0.5981794121635886,0.0
0,scratch,low_score_rescue_10,0,student,4,0.875,0.98,0.3295332,0.105,0.850561224489796,0.5981794121635886,0.0
0,scratch,low_score_rescue_10,0,random,0,0.95,0.98,0.07085513,0.03,0.8246938775510205,0.48994748795493875,0.0
0,scratch,low_score_rescue_10,0,random,1,0.965,0.98,0.06002661,0.02,0.8235204081632653,0.4946262972715817,0.0
0,scratch,low_score_rescue_10,0,random,2,0.945,0.98,0.086035594,0.035,0.8219387755102041,0.47777470733476307,0.0
0,scratch,low_score_rescue_10,0,random,3,0.93,0.98,0.11281219,0.05,0.822857142857143,0.4756299304983063,0.0
0,scratch,low_score_rescue_10,0,random,4,0.945,0.98,0.12285635,0.04,0.8268877551020407,0.5175266882325791,0.0
0,scratch,low_score_rescue_10,0,random_rescue_10,0,0.895,0.98,0.20119835,0.085,0.8451530612244897,0.5638985049597482,10.0
0,scratch,low_score_rescue_10,0,random_rescue_10,1,0.87,0.98,0.2869938,0.11,0.8446428571428573,0.5759229810069456,10.0
0,scratch,low_score_rescue_10,0,random_rescue_10,2,0.905,0.98,0.23440336,0.075,0.846887755102041,0.5871443738245714,10.0
0,scratch,low_score_rescue_10,0,random_rescue_10,3,0.88,0.98,0.26195306,0.1,0.845,0.5784158401279986,10.0
0,scratch,low_score_rescue_10,0,random_rescue_10,4,0.88,0.98,0.28184977,0.1,0.8460204081632652,0.5803594066019169,10.0
0,scratch,low_score_rescue_10,0,foreground_rescue_10,0,0.925,0.98,0.12588541,0.055,0.775,0.23701169783036988,7.405
0,scratch,low_score_rescue_10,0,foreground_rescue_10,1,0.94,0.98,0.08395754,0.04,0.775,0.23701169783036988,7.405
0,scratch,low_score_rescue_10,0,foreground_rescue_10,2,0.96,0.98,0.06074478,0.02,0.775,0.23701169783036988,7.405
0,scratch,low_score_rescue_10,0,foreground_rescue_10,3,0.94,0.98,0.0930003,0.04,0.775,0.23701169783036988,7.405
0,scratch,low_score_rescue_10,0,foreground_rescue_10,4,0.965,0.98,0.049069263,0.015,0.775,0.23701169783036988,7.405
0,scratch,low_score_rescue_10,0,low_score_rescue_10,0,0.88,0.98,0.27229047,0.1,0.844795918367347,0.5859170772430334,10.0
0,scratch,low_score_rescue_10,0,low_score_rescue_10,1,0.865,0.98,0.30525488,0.115,0.8471428571428572,0.5853980915056881,10.0
0,scratch,low_score_rescue_10,0,low_score_rescue_10,2,0.865,0.98,0.30834445,0.115,0.8455102040816327,0.5882467356657168,10.0
0,scratch,low_score_rescue_10,0,low_score_rescue_10,3,0.885,0.98,0.2842727,0.095,0.844795918367347,0.5901691631743473,10.0
0,scratch,low_score_rescue_10,0,low_score_rescue_10,4,0.885,0.98,0.2839457,0.095,0.8456122448979592,0.585626088587124,10.0
0,scratch,low_score_rescue_10,0,random_matched,0,0.9,0.98,0.24033962,0.08,0.8449489795918368,0.5758685372196981,7.405
0,scratch,low_score_rescue_10,0,random_matched,1,0.885,0.98,0.2601635,0.095,0.8442346938775509,0.5774126876148028,7.405
0,scratch,low_score_rescue_10,0,random_matched,2,0.89,0.98,0.24671143,0.09,0.8443877551020408,0.5767761202652227,7.405
0,scratch,low_score_rescue_10,0,random_matched,3,0.91,0.98,0.23422426,0.07,0.8472448979591838,0.5843409831688942,7.405
0,scratch,low_score_rescue_10,0,random_matched,4,0.895,0.98,0.23182735,0.085,0.8461224489795919,0.5820094300469554,7.405
0,scratch,low_score_rescue_10,10,student,0,0.89,0.98,0.19939458,0.09,0.830204081632653,0.4858358057728264,0.0
0,scratch,low_score_rescue_10,10,student,1,0.89,0.98,0.19939458,0.09,0.830204081632653,0.4858358057728264,0.0
0,scratch,low_score_rescue_10,10,student,2,0.89,0.98,0.19939458,0.09,0.830204081632653,0.4858358057728264,0.0
0,scratch,low_score_rescue_10,10,student,3,0.89,0.98,0.19939458,0.09,0.830204081632653,0.4858358057728264,0.0
0,scratch,low_score_rescue_10,10,student,4,0.89,0.98,0.19939458,0.09,0.830204081632653,0.4858358057728264,0.0
0,scratch,low_score_rescue_10,10,random,0,0.95,0.98,0.07085513,0.03,0.8246938775510205,0.48994748795493875,0.0
0,scratch,low_score_rescue_10,10,random,1,0.965,0.98,0.06002661,0.02,0.8235204081632653,0.4946262972715817,0.0
0,scratch,low_score_rescue_10,10,random,2,0.945,0.98,0.086035594,0.035,0.8219387755102041,0.47777470733476307,0.0
0,scratch,low_score_rescue_10,10,random,3,0.93,0.98,0.11281219,0.05,0.822857142857143,0.4756299304983063,0.0
0,scratch,low_score_rescue_10,10,random,4,0.945,0.98,0.12285635,0.04,0.8268877551020407,0.5175266882325791,0.0
0,scratch,low_score_rescue_10,10,random_rescue_10,0,0.92,0.98,0.14018384,0.06,0.8274489795918367,0.48941814432290015,10.0
0,scratch,low_score_rescue_10,10,random_rescue_10,1,0.9,0.98,0.1849394,0.08,0.829795918367347,0.48748059215613965,10.0
0,scratch,low_score_rescue_10,10,random_rescue_10,2,0.935,0.98,0.11894131,0.045,0.8285714285714286,0.4872171707482544,10.0
0,scratch,low_score_rescue_10,10,random_rescue_10,3,0.905,0.98,0.16025434,0.075,0.8297959183673469,0.5039061391849012,10.0
0,scratch,low_score_rescue_10,10,random_rescue_10,4,0.925,0.98,0.14788166,0.055,0.8280612244897959,0.494038822329961,10.0
0,scratch,low_score_rescue_10,10,foreground_rescue_10,0,0.935,0.98,0.11858897,0.045,0.7621428571428572,0.18694700638239908,6.67
0,scratch,low_score_rescue_10,10,foreground_rescue_10,1,0.935,0.98,0.09046272,0.045,0.7621428571428572,0.18694700638239908,6.67
0,scratch,low_score_rescue_10,10,foreground_rescue_10,2,0.935,0.98,0.13100609,0.045,0.7621428571428572,0.18694700638239908,6.67
0,scratch,low_score_rescue_10,10,foreground_rescue_10,3,0.94,0.98,0.0927026,0.04,0.7621428571428572,0.18694700638239908,6.67
0,scratch,low_score_rescue_10,10,foreground_rescue_10,4,0.93,0.98,0.10813551,0.05,0.7621428571428572,0.18694700638239908,6.67
0,scratch,low_score_rescue_10,10,low_score_rescue_10,0,0.92,0.98,0.17473492,0.06,0.8295408163265305,0.48237292540681775,10.0
0,scratch,low_score_rescue_10,10,low_score_rescue_10,1,0.915,0.98,0.1792268,0.065,0.8286734693877551,0.47592843274732727,10.0
0,scratch,low_score_rescue_10,10,low_score_rescue_10,2,0.92,0.98,0.17048697,0.06,0.829795918367347,0.4839655053250044,10.0
0,scratch,low_score_rescue_10,10,low_score_rescue_10,3,0.915,0.98,0.17131132,0.065,0.8264795918367347,0.47331101479829263,10.0
0,scratch,low_score_rescue_10,10,low_score_rescue_10,4,0.915,0.98,0.15398014,0.065,0.8288265306122449,0.48571713968453645,10.0
0,scratch,low_score_rescue_10,10,random_matched,0,0.92,0.98,0.17474121,0.06,0.8270918367346937,0.4757455999754214,6.67
0,scratch,low_score_rescue_10,10,random_matched,1,0.895,0.98,0.1752742,0.085,0.8272448979591838,0.47904171298743325,6.67
0,scratch,low_score_rescue_10,10,random_matched,2,0.89,0.98,0.20797509,0.09,0.8245918367346939,0.4703261072076432,6.67
0,scratch,low_score_rescue_10,10,random_matched,3,0.895,0.98,0.17068636,0.085,0.8268877551020408,0.47434496415746735,6.67
0,scratch,low_score_rescue_10,10,random_matched,4,0.905,0.98,0.18053444,0.075,0.8287244897959184,0.48105445220307214,6.67
0,scratch,low_score_rescue_10,25,student,0,0.915,0.98,0.20329988,0.065,0.8347448979591837,0.5266113993325093,0.0
0,scratch,low_score_rescue_10,25,student,1,0.915,0.98,0.20329988,0.065,0.8347448979591837,0.5266113993325093,0.0
0,scratch,low_score_rescue_10,25,student,2,0.915,0.98,0.20329988,0.065,0.8347448979591837,0.5266113993325093,0.0
0,scratch,low_score_rescue_10,25,student,3,0.915,0.98,0.20329988,0.065,0.8347448979591837,0.5266113993325093,0.0
0,scratch,low_score_rescue_10,25,student,4,0.915,0.98,0.20329988,0.065,0.8347448979591837,0.5266113993325093,0.0
0,scratch,low_score_rescue_10,25,random,0,0.95,0.98,0.07085513,0.03,0.8246938775510205,0.48994748795493875,0.0
0,scratch,low_score_rescue_10,25,random,1,0.965,0.98,0.06002661,0.02,0.8235204081632653,0.4946262972715817,0.0
0,scratch,low_score_rescue_10,25,random,2,0.945,0.98,0.086035594,0.035,0.8219387755102041,0.47777470733476307,0.0
0,scratch,low_score_rescue_10,25,random,3,0.93,0.98,0.11281219,0.05,0.822857142857143,0.4756299304983063,0.0
0,scratch,low_score_rescue_10,25,random,4,0.945,0.98,0.12285635,0.04,0.8268877551020407,0.5175266882325791,0.0
0,scratch,low_score_rescue_10,25,random_rescue_10,0,0.92,0.98,0.1404933,0.06,0.8315306122448979,0.5216504002609252,10.0
0,scratch,low_score_rescue_10,25,random_rescue_10,1,0.91,0.98,0.17147692,0.07,0.8333163265306124,0.516365798014176,10.0
0,scratch,low_score_rescue_10,25,random_rescue_10,2,0.915,0.98,0.15537094,0.07,0.832091836734694,0.5163960926272841,10.0
0,scratch,low_score_rescue_10,25,random_rescue_10,3,0.94,0.98,0.1444953,0.04,0.8308163265306123,0.5154333836527041,10.0
0,scratch,low_score_rescue_10,25,random_rescue_10,4,0.935,0.98,0.12276081,0.045,0.8329081632653061,0.5044944330688278,10.0
0,scratch,low_score_rescue_10,25,foreground_rescue_10,0,0.935,0.98,0.13329096,0.045,0.7620408163265308,0.1956671886675761,7.125
0,scratch,low_score_rescue_10,25,foreground_rescue_10,1,0.945,0.98,0.102254756,0.035,0.7620408163265308,0.1956671886675761,7.125
0,scratch,low_score_rescue_10,25,foreground_rescue_10,2,0.935,0.98,0.09968254,0.045,0.7620408163265308,0.1956671886675761,7.125
0,scratch,low_score_rescue_10,25,foreground_rescue_10,3,0.945,0.98,0.101015,0.035,0.7620408163265308,0.1956671886675761,7.125
0,scratch,low_score_rescue_10,25,foreground_rescue_10,4,0.94,0.98,0.10510811,0.04,0.7620408163265308,0.1956671886675761,7.125
0,scratch,low_score_rescue_10,25,low_score_rescue_10,0,0.92,0.98,0.13559979,0.06,0.832295918367347,0.5217371371435151,10.0
0,scratch,low_score_rescue_10,25,low_score_rescue_10,1,0.895,0.98,0.19307852,0.085,0.830969387755102,0.5028558151385746,10.0
0,scratch,low_score_rescue_10,25,low_score_rescue_10,2,0.9,0.98,0.18074913,0.08,0.8315816326530613,0.5095336110888269,10.0
0,scratch,low_score_rescue_10,25,low_score_rescue_10,3,0.94,0.98,0.12745371,0.04,0.8323469387755102,0.5166485975530786,10.0
0,scratch,low_score_rescue_10,25,low_score_rescue_10,4,0.9,0.98,0.20533398,0.08,0.8309693877551021,0.5074638082194424,10.0
0,scratch,low_score_rescue_10,25,random_matched,0,0.925,0.98,0.17948227,0.055,0.8317857142857141,0.5188322896122395,7.125
0,scratch,low_score_rescue_10,25,random_matched,1,0.92,0.98,0.1700237,0.06,0.832704081632653,0.5237955333289652,7.125
0,scratch,low_score_rescue_10,25,random_matched,2,0.92,0.98,0.15370136,0.06,0.8313775510204081,0.5144137283644419,7.125
0,scratch,low_score_rescue_10,25,random_matched,3,0.9,0.98,0.17552796,0.08,0.8332653061224491,0.5196544848567191,7.125
0,scratch,low_score_rescue_10,25,random_matched,4,0.925,0.98,0.16050804,0.055,0.8313265306122449,0.514015408301718,7.125
0,scratch,low_score_rescue_10,50,student,0,0.87,0.98,0.2554009,0.11,0.8288775510204082,0.5054749142291304,0.0
0,scratch,low_score_rescue_10,50,student,1,0.87,0.98,0.2554009,0.11,0.8288775510204082,0.5054749142291304,0.0
0,scratch,low_score_rescue_10,50,student,2,0.87,0.98,0.2554009,0.11,0.8288775510204082,0.5054749142291304,0.0
0,scratch,low_score_rescue_10,50,student,3,0.87,0.98,0.2554009,0.11,0.8288775510204082,0.5054749142291304,0.0
0,scratch,low_score_rescue_10,50,student,4,0.87,0.98,0.2554009,0.11,0.8288775510204082,0.5054749142291304,0.0
0,scratch,low_score_rescue_10,50,random,0,0.95,0.98,0.07085513,0.03,0.8246938775510205,0.48994748795493875,0.0
0,scratch,low_score_rescue_10,50,random,1,0.965,0.98,0.06002661,0.02,0.8235204081632653,0.4946262972715817,0.0
0,scratch,low_score_rescue_10,50,random,2,0.945,0.98,0.086035594,0.035,0.8219387755102041,0.47777470733476307,0.0
0,scratch,low_score_rescue_10,50,random,3,0.93,0.98,0.11281219,0.05,0.822857142857143,0.4756299304983063,0.0
0,scratch,low_score_rescue_10,50,random,4,0.945,0.98,0.12285635,0.04,0.8268877551020407,0.5175266882325791,0.0
0,scratch,low_score_rescue_10,50,random_rescue_10,0,0.905,0.98,0.21186577,0.075,0.8262755102040816,0.508061922608277,10.0
0,scratch,low_score_rescue_10,50,random_rescue_10,1,0.875,0.98,0.28337994,0.105,0.8284183673469389,0.5072755269772298,10.0
0,scratch,low_score_rescue_10,50,random_rescue_10,2,0.9,0.98,0.19718625,0.08,0.8286224489795919,0.5001143813969554,10.0
0,scratch,low_score_rescue_10,50,random_rescue_10,3,0.9,0.98,0.18358423,0.08,0.8306632653061224,0.5174704519595678,10.0
0,scratch,low_score_rescue_10,50,random_rescue_10,4,0.89,0.98,0.19772997,0.09,0.8279081632653061,0.5078794677003257,10.0
0,scratch,low_score_rescue_10,50,foreground_rescue_10,0,0.92,0.98,0.116479225,0.06,0.7568367346938776,0.18665933268115745,7.06
0,scratch,low_score_rescue_10,50,foreground_rescue_10,1,0.925,0.98,0.110048965,0.055,0.7568367346938776,0.18665933268115745,7.06
0,scratch,low_score_rescue_10,50,foreground_rescue_10,2,0.92,0.98,0.12644364,0.06,0.7568367346938776,0.18665933268115745,7.06
0,scratch,low_score_rescue_10,50,foreground_rescue_10,3,0.935,0.98,0.11150256,0.045,0.7568367346938776,0.18665933268115745,7.06
0,scratch,low_score_rescue_10,50,foreground_rescue_10,4,0.92,0.98,0.11794861,0.06,0.7568367346938776,0.18665933268115745,7.06
0,scratch,low_score_rescue_10,50,low_score_rescue_10,0,0.9,0.98,0.19973388,0.08,0.8256122448979591,0.49096980287400693,10.0
0,scratch,low_score_rescue_10,50,low_score_rescue_10,1,0.87,0.98,0.2822813,0.11,0.8255102040816327,0.47955848001891904,10.0
0,scratch,low_score_rescue_10,50,low_score_rescue_10,2,0.905,0.98,0.2030698,0.075,0.8259693877551021,0.481235275020507,10.0
0,scratch,low_score_rescue_10,50,low_score_rescue_10,3,0.905,0.98,0.18384747,0.075,0.8261224489795918,0.48840194419882765,10.0
0,scratch,low_score_rescue_10,50,low_score_rescue_10,4,0.915,0.98,0.18366009,0.065,0.8245918367346938,0.4808814578777422,10.0
0,scratch,low_score_rescue_10,50,random_matched,0,0.905,0.98,0.20200591,0.075,0.8267857142857143,0.4957583605339256,7.06
0,scratch,low_score_rescue_10,50,random_matched,1,0.9,0.98,0.17446224,0.08,0.8264285714285714,0.49555634538573634,7.06
0,scratch,low_score_rescue_10,50,random_matched,2,0.875,0.98,0.2432531,0.105,0.8272448979591835,0.49798213691818816,7.06
0,scratch,low_score_rescue_10,50,random_matched,3,0.895,0.98,0.18980171,0.085,0.8288775510204082,0.5025622329889945,7.06
0,scratch,low_score_rescue_10,50,random_matched,4,0.875,0.98,0.2510914,0.105,0.8284183673469389,0.5035701738686553,7.06
0,scratch,low_score_rescue_10,75,student,0,0.88,0.98,0.2753346,0.1,0.8255102040816327,0.5150634228329377,0.0
0,scratch,low_score_rescue_10,75,student,1,0.88,0.98,0.2753346,0.1,0.8255102040816327,0.5150634228329377,0.0
0,scratch,low_score_rescue_10,75,student,2,0.88,0.98,0.2753346,0.1,0.8255102040816327,0.5150634228329377,0.0
0,scratch,low_score_rescue_10,75,student,3,0.88,0.98,0.2753346,0.1,0.8255102040816327,0.5150634228329377,0.0
0,scratch,low_score_rescue_10,75,student,4,0.88,0.98,0.2753346,0.1,0.8255102040816327,0.5150634228329377,0.0
0,scratch,low_score_rescue_10,75,random,0,0.95,0.98,0.07085513,0.03,0.8246938775510205,0.48994748795493875,0.0
0,scratch,low_score_rescue_10,75,random,1,0.965,0.98,0.06002661,0.02,0.8235204081632653,0.4946262972715817,0.0
0,scratch,low_score_rescue_10,75,random,2,0.945,0.98,0.086035594,0.035,0.8219387755102041,0.47777470733476307,0.0
0,scratch,low_score_rescue_10,75,random,3,0.93,0.98,0.11281219,0.05,0.822857142857143,0.4756299304983063,0.0
0,scratch,low_score_rescue_10,75,random,4,0.945,0.98,0.12285635,0.04,0.8268877551020407,0.5175266882325791,0.0
0,scratch,low_score_rescue_10,75,random_rescue_10,0,0.915,0.98,0.17998594,0.065,0.8257653061224489,0.4986813406335998,10.0
0,scratch,low_score_rescue_10,75,random_rescue_10,1,0.9,0.98,0.20499168,0.08,0.825204081632653,0.5091180227909666,10.0
0,scratch,low_score_rescue_10,75,random_rescue_10,2,0.91,0.98,0.19890504,0.07,0.8265816326530612,0.5086118171447818,10.0
0,scratch,low_score_rescue_10,75,random_rescue_10,3,0.895,0.98,0.1861661,0.085,0.8248469387755102,0.5076300236095441,10.0
0,scratch,low_score_rescue_10,75,random_rescue_10,4,0.92,0.98,0.14853619,0.06,0.8263265306122449,0.5168262260257849,10.0
0,scratch,low_score_rescue_10,75,foreground_rescue_10,0,0.945,0.98,0.10382037,0.04,0.751938775510204,0.1858043942056306,7.21
0,scratch,low_score_rescue_10,75,foreground_rescue_10,1,0.95,0.98,0.10526024,0.035,0.751938775510204,0.1858043942056306,7.21
0,scratch,low_score_rescue_10,75,foreground_rescue_10,2,0.94,0.98,0.12273442,0.045,0.751938775510204,0.1858043942056306,7.21
0,scratch,low_score_rescue_10,75,foreground_rescue_10,3,0.94,0.98,0.116585515,0.045,0.751938775510204,0.1858043942056306,7.21
0,scratch,low_score_rescue_10,75,foreground_rescue_10,4,0.945,0.98,0.11845745,0.04,0.751938775510204,0.1858043942056306,7.21
0,scratch,low_score_rescue_10,75,low_score_rescue_10,0,0.91,0.98,0.19325483,0.07,0.8219387755102041,0.4955175248185775,10.0
0,scratch,low_score_rescue_10,75,low_score_rescue_10,1,0.92,0.98,0.16413364,0.06,0.8225,0.4962067853676622,10.0
0,scratch,low_score_rescue_10,75,low_score_rescue_10,2,0.905,0.98,0.16204752,0.075,0.8218877551020407,0.4982676289239032,10.0
0,scratch,low_score_rescue_10,75,low_score_rescue_10,3,0.92,0.98,0.14028594,0.06,0.8215816326530612,0.4966758488698489,10.0
0,scratch,low_score_rescue_10,75,low_score_rescue_10,4,0.905,0.98,0.17735773,0.075,0.8209183673469389,0.4934843338893803,10.0
0,scratch,low_score_rescue_10,75,random_matched,0,0.9,0.98,0.2300034,0.08,0.8240816326530611,0.5006339678288069,7.21
0,scratch,low_score_rescue_10,75,random_matched,1,0.91,0.98,0.21716288,0.07,0.8234183673469389,0.5045912974577061,7.21
0,scratch,low_score_rescue_10,75,random_matched,2,0.895,0.98,0.22906925,0.085,0.8259183673469388,0.5073025882873733,7.21
0,scratch,low_score_rescue_10,75,random_matched,3,0.9,0.98,0.19926263,0.08,0.8270408163265306,0.5095733023162454,7.21
0,scratch,low_score_rescue_10,75,random_matched,4,0.91,0.98,0.21594195,0.075,0.8251530612244897,0.505143322169699,7.21
0,scratch,low_score_rescue_10,100,student,0,0.87,0.98,0.30094913,0.11,0.8233163265306124,0.5033100168712011,0.0
0,scratch,low_score_rescue_10,100,student,1,0.87,0.98,0.30094913,0.11,0.8233163265306124,0.5033100168712011,0.0
0,scratch,low_score_rescue_10,100,student,2,0.87,0.98,0.30094913,0.11,0.8233163265306124,0.5033100168712011,0.0
0,scratch,low_score_rescue_10,100,student,3,0.87,0.98,0.30094913,0.11,0.8233163265306124,0.5033100168712011,0.0
0,scratch,low_score_rescue_10,100,student,4,0.87,0.98,0.30094913,0.11,0.8233163265306124,0.5033100168712011,0.0
0,scratch,low_score_rescue_10,100,random,0,0.95,0.98,0.07085513,0.03,0.8246938775510205,0.48994748795493875,0.0
0,scratch,low_score_rescue_10,100,random,1,0.965,0.98,0.06002661,0.02,0.8235204081632653,0.4946262972715817,0.0
0,scratch,low_score_rescue_10,100,random,2,0.945,0.98,0.086035594,0.035,0.8219387755102041,0.47777470733476307,0.0
0,scratch,low_score_rescue_10,100,random,3,0.93,0.98,0.11281219,0.05,0.822857142857143,0.4756299304983063,0.0
0,scratch,low_score_rescue_10,100,random,4,0.945,0.98,0.12285635,0.04,0.8268877551020407,0.5175266882325791,0.0
0,scratch,low_score_rescue_10,100,random_rescue_10,0,0.89,0.98,0.2060519,0.09,0.8246938775510205,0.5034480595673331,10.0
0,scratch,low_score_rescue_10,100,random_rescue_10,1,0.88,0.98,0.24729598,0.1,0.8241836734693877,0.4993874192310742,10.0
0,scratch,low_score_rescue_10,100,random_rescue_10,2,0.905,0.98,0.22940221,0.075,0.8224489795918367,0.4983973034159714,10.0
0,scratch,low_score_rescue_10,100,random_rescue_10,3,0.88,0.98,0.27432317,0.1,0.8238775510204082,0.5003963462552806,10.0
0,scratch,low_score_rescue_10,100,random_rescue_10,4,0.915,0.98,0.1963686,0.065,0.8241326530612245,0.49941125929806895,10.0
0,scratch,low_score_rescue_10,100,foreground_rescue_10,0,0.915,0.98,0.15785089,0.065,0.7504081632653061,0.18118948028816345,7.145
0,scratch,low_score_rescue_10,100,foreground_rescue_10,1,0.925,0.98,0.14383712,0.055,0.7504081632653061,0.18118948028816345,7.145
0,scratch,low_score_rescue_10,100,foreground_rescue_10,2,0.925,0.98,0.14166677,0.055,0.7504081632653061,0.18118948028816345,7.145
0,scratch,low_score_rescue_10,100,foreground_rescue_10,3,0.93,0.98,0.12990478,0.05,0.7504081632653061,0.18118948028816345,7.145
0,scratch,low_score_rescue_10,100,foreground_rescue_10,4,0.925,0.98,0.1344691,0.055,0.7504081632653061,0.18118948028816345,7.145
0,scratch,low_score_rescue_10,100,low_score_rescue_10,0,0.9,0.98,0.2334414,0.08,0.8193877551020406,0.4817973337975161,10.0
0,scratch,low_score_rescue_10,100,low_score_rescue_10,1,0.87,0.98,0.31842774,0.11,0.821530612244898,0.48270280574896757,10.0
0,scratch,low_score_rescue_10,100,low_score_rescue_10,2,0.9,0.98,0.24118412,0.08,0.8208163265306122,0.48222745319103233,10.0
0,scratch,low_score_rescue_10,100,low_score_rescue_10,3,0.915,0.98,0.18678732,0.065,0.8212244897959183,0.48802268624216744,10.0
0,scratch,low_score_rescue_10,100,low_score_rescue_10,4,0.89,0.98,0.23516683,0.09,0.8210714285714286,0.48412114530037126,10.0
0,scratch,low_score_rescue_10,100,random_matched,0,0.88,0.98,0.29252505,0.1,0.8229591836734693,0.49860559525541953,7.145
0,scratch,low_score_rescue_10,100,random_matched,1,0.905,0.98,0.23114122,0.075,0.8196938775510205,0.4917219997381033,7.145
0,scratch,low_score_rescue_10,100,random_matched,2,0.87,0.98,0.27292323,0.11,0.8225,0.49812906125209416,7.145
0,scratch,low_score_rescue_10,100,random_matched,3,0.89,0.98,0.21200863,0.09,0.8235204081632653,0.4948854783715797,7.145
0,scratch,low_score_rescue_10,100,random_matched,4,0.9,0.98,0.24745733,0.08,0.8231632653061225,0.49429269090803235,7.145
0,scratch,random,0,student,0,0.875,0.98,0.3295332,0.105,0.850561224489796,0.5981794121635886,0.0
0,scratch,random,0,student,1,0.875,0.98,0.3295332,0.105,0.850561224489796,0.5981794121635886,0.0
0,scratch,random,0,student,2,0.875,0.98,0.3295332,0.105,0.850561224489796,0.5981794121635886,0.0
0,scratch,random,0,student,3,0.875,0.98,0.3295332,0.105,0.850561224489796,0.5981794121635886,0.0
0,scratch,random,0,student,4,0.875,0.98,0.3295332,0.105,0.850561224489796,0.5981794121635886,0.0
0,scratch,random,0,random,0,0.95,0.98,0.07085513,0.03,0.8246938775510205,0.48994748795493875,0.0
0,scratch,random,0,random,1,0.965,0.98,0.06002661,0.02,0.8235204081632653,0.4946262972715817,0.0
0,scratch,random,0,random,2,0.945,0.98,0.086035594,0.035,0.8219387755102041,0.47777470733476307,0.0
0,scratch,random,0,random,3,0.93,0.98,0.11281219,0.05,0.822857142857143,0.4756299304983063,0.0
0,scratch,random,0,random,4,0.945,0.98,0.12285635,0.04,0.8268877551020407,0.5175266882325791,0.0
0,scratch,random,0,random_rescue_10,0,0.895,0.98,0.20119835,0.085,0.8451530612244897,0.5638985049597482,10.0
0,scratch,random,0,random_rescue_10,1,0.87,0.98,0.2869938,0.11,0.8446428571428573,0.5759229810069456,10.0
0,scratch,random,0,random_rescue_10,2,0.905,0.98,0.23440336,0.075,0.846887755102041,0.5871443738245714,10.0
0,scratch,random,0,random_rescue_10,3,0.88,0.98,0.26195306,0.1,0.845,0.5784158401279986,10.0
0,scratch,random,0,random_rescue_10,4,0.88,0.98,0.28184977,0.1,0.8460204081632652,0.5803594066019169,10.0
0,scratch,random,0,foreground_rescue_10,0,0.925,0.98,0.12588541,0.055,0.775,0.23701169783036988,7.405
0,scratch,random,0,foreground_rescue_10,1,0.94,0.98,0.08395754,0.04,0.775,0.23701169783036988,7.405
0,scratch,random,0,foreground_rescue_10,2,0.96,0.98,0.06074478,0.02,0.775,0.23701169783036988,7.405
0,scratch,random,0,foreground_rescue_10,3,0.94,0.98,0.0930003,0.04,0.775,0.23701169783036988,7.405
0,scratch,random,0,foreground_rescue_10,4,0.965,0.98,0.049069263,0.015,0.775,0.23701169783036988,7.405
0,scratch,random,0,low_score_rescue_10,0,0.88,0.98,0.27229047,0.1,0.844795918367347,0.5859170772430334,10.0
0,scratch,random,0,low_score_rescue_10,1,0.865,0.98,0.30525488,0.115,0.8471428571428572,0.5853980915056881,10.0
0,scratch,random,0,low_score_rescue_10,2,0.865,0.98,0.30834445,0.115,0.8455102040816327,0.5882467356657168,10.0
0,scratch,random,0,low_score_rescue_10,3,0.885,0.98,0.2842727,0.095,0.844795918367347,0.5901691631743473,10.0
0,scratch,random,0,low_score_rescue_10,4,0.885,0.98,0.2839457,0.095,0.8456122448979592,0.585626088587124,10.0
0,scratch,random,0,random_matched,0,0.9,0.98,0.24033962,0.08,0.8449489795918368,0.5758685372196981,7.405
0,scratch,random,0,random_matched,1,0.885,0.98,0.2601635,0.095,0.8442346938775509,0.5774126876148028,7.405
0,scratch,random,0,random_matched,2,0.89,0.98,0.24671143,0.09,0.8443877551020408,0.5767761202652227,7.405
0,scratch,random,0,random_matched,3,0.91,0.98,0.23422426,0.07,0.8472448979591838,0.5843409831688942,7.405
0,scratch,random,0,random_matched,4,0.895,0.98,0.23182735,0.085,0.8461224489795919,0.5820094300469554,7.405
0,scratch,random,10,student,0,0.875,0.98,0.29558605,0.105,0.8276020408163265,0.49885192057833816,0.0
0,scratch,random,10,student,1,0.875,0.98,0.29558605,0.105,0.8276020408163265,0.49885192057833816,0.0
0,scratch,random,10,student,2,0.875,0.98,0.29558605,0.105,0.8276020408163265,0.49885192057833816,0.0
0,scratch,random,10,student,3,0.875,0.98,0.29558605,0.105,0.8276020408163265,0.49885192057833816,0.0
0,scratch,random,10,student,4,0.875,0.98,0.29558605,0.105,0.8276020408163265,0.49885192057833816,0.0
0,scratch,random,10,random,0,0.95,0.98,0.07085513,0.03,0.8246938775510205,0.48994748795493875,0.0
0,scratch,random,10,random,1,0.965,0.98,0.06002661,0.02,0.8235204081632653,0.4946262972715817,0.0
0,scratch,random,10,random,2,0.945,0.98,0.086035594,0.035,0.8219387755102041,0.47777470733476307,0.0
0,scratch,random,10,random,3,0.93,0.98,0.11281219,0.05,0.822857142857143,0.4756299304983063,0.0
0,scratch,random,10,random,4,0.945,0.98,0.12285635,0.04,0.8268877551020407,0.5175266882325791,0.0
0,scratch,random,10,random_rescue_10,0,0.925,0.98,0.18665479,0.055,0.8256632653061224,0.4978218378652452,10.0
0,scratch,random,10,random_rescue_10,1,0.895,0.98,0.22168036,0.085,0.8276020408163265,0.5039314916272584,10.0
0,scratch,random,10,random_rescue_10,2,0.91,0.98,0.17249243,0.07,0.8265306122448979,0.49909838327696776,10.0
0,scratch,random,10,random_rescue_10,3,0.89,0.98,0.23586494,0.09,0.8276020408163265,0.504408314145909,10.0
0,scratch,random,10,random_rescue_10,4,0.9,0.98,0.19487374,0.08,0.8279591836734693,0.4992665168210363,10.0
0,scratch,random,10,foreground_rescue_10,0,0.92,0.98,0.162485,0.06,0.7565306122448979,0.18259781044725087,6.965
0,scratch,random,10,foreground_rescue_10,1,0.93,0.98,0.13471507,0.05,0.7565306122448979,0.18259781044725087,6.965
0,scratch,random,10,foreground_rescue_10,2,0.92,0.98,0.14573087,0.06,0.7565306122448979,0.18259781044725087,6.965
0,scratch,random,10,foreground_rescue_10,3,0.915,0.98,0.16876148,0.065,0.7565306122448979,0.18259781044725087,6.965
0,scratch,random,10,foreground_rescue_10,4,0.925,0.98,0.1529095,0.055,0.7565306122448979,0.18259781044725087,6.965
0,scratch,random,10,low_score_rescue_10,0,0.91,0.98,0.20288983,0.07,0.8236224489795919,0.48198699250511373,10.0
0,scratch,random,10,low_score_rescue_10,1,0.895,0.98,0.24690826,0.085,0.8248979591836735,0.48990553541391213,10.0
0,scratch,random,10,low_score_rescue_10,2,0.885,0.98,0.28765598,0.095,0.8254081632653061,0.4861922047672061,10.0
0,scratch,random,10,low_score_rescue_10,3,0.9,0.98,0.25260943,0.08,0.8245918367346938,0.48744726535163224,10.0
0,scratch,random,10,low_score_rescue_10,4,0.915,0.98,0.20483384,0.065,0.824795918367347,0.4881056833542559,10.0
0,scratch,random,10,random_matched,0,0.88,0.98,0.2824558,0.1,0.8270408163265306,0.4951606687177454,6.965
0,scratch,random,10,random_matched,1,0.89,0.98,0.25118285,0.09,0.8264285714285714,0.49556622303334324,6.965
0,scratch,random,10,random_matched,2,0.88,0.98,0.27869874,0.1,0.8259183673469388,0.488421876664339,6.965
0,scratch,random,10,random_matched,3,0.875,0.98,0.32312104,0.105,0.8273979591836735,0.4987089605752752,6.965
0,scratch,random,10,random_matched,4,0.91,0.98,0.19499739,0.07,0.8260204081632654,0.49079052030858517,6.965
0,scratch,random,25,student,0,0.9,0.98,0.24870667,0.08,0.8366836734693877,0.5234706018808408,0.0
0,scratch,random,25,student,1,0.9,0.98,0.24870667,0.08,0.8366836734693877,0.5234706018808408,0.0
0,scratch,random,25,student,2,0.9,0.98,0.24870667,0.08,0.8366836734693877,0.5234706018808408,0.0
0,scratch,random,25,student,3,0.9,0.98,0.24870667,0.08,0.8366836734693877,0.5234706018808408,0.0
0,scratch,random,25,student,4,0.9,0.98,0.24870667,0.08,0.8366836734693877,0.5234706018808408,0.0
0,scratch,random,25,random,0,0.95,0.98,0.07085513,0.03,0.8246938775510205,0.48994748795493875,0.0
0,scratch,random,25,random,1,0.965,0.98,0.06002661,0.02,0.8235204081632653,0.4946262972715817,0.0
0,scratch,random,25,random,2,0.945,0.98,0.086035594,0.035,0.8219387755102041,0.47777470733476307,0.0
0,scratch,random,25,random,3,0.93,0.98,0.11281219,0.05,0.822857142857143,0.4756299304983063,0.0
0,scratch,random,25,random,4,0.945,0.98,0.12285635,0.04,0.8268877551020407,0.5175266882325791,0.0
0,scratch,random,25,random_rescue_10,0,0.915,0.98,0.22143991,0.065,0.8346428571428572,0.5273653301379333,10.0
0,scratch,random,25,random_rescue_10,1,0.895,0.98,0.24477157,0.085,0.835204081632653,0.5257905460107064,10.0
0,scratch,random,25,random_rescue_10,2,0.91,0.98,0.2301022,0.075,0.8338775510204082,0.5081944525024378,10.0
0,scratch,random,25,random_rescue_10,3,0.9,0.98,0.2332019,0.08,0.8340816326530611,0.5146424048975838,10.0
0,scratch,random,25,random_rescue_10,4,0.92,0.98,0.17889902,0.06,0.8328061224489796,0.5125606904832741,10.0
0,scratch,random,25,foreground_rescue_10,0,0.94,0.98,0.105739355,0.045,0.7628571428571429,0.2020054258297294,7.235
0,scratch,random,25,foreground_rescue_10,1,0.93,0.98,0.12225733,0.055,0.7628571428571429,0.2020054258297294,7.235
0,scratch,random,25,foreground_rescue_10,2,0.94,0.98,0.1182173,0.045,0.7628571428571429,0.2020054258297294,7.235
0,scratch,random,25,foreground_rescue_10,3,0.955,0.98,0.08041646,0.03,0.7628571428571429,0.2020054258297294,7.235
0,scratch,random,25,foreground_rescue_10,4,0.95,0.98,0.09085379,0.035,0.7628571428571429,0.2020054258297294,7.235
0,scratch,random,25,low_score_rescue_10,0,0.895,0.98,0.24450725,0.085,0.8303061224489795,0.5003485591009427,10.0
0,scratch,random,25,low_score_rescue_10,1,0.91,0.98,0.17687765,0.07,0.8307142857142857,0.5017091347846413,10.0
0,scratch,random,25,low_score_rescue_10,2,0.91,0.98,0.20200749,0.07,0.8315306122448979,0.5104300767081775,10.0
0,scratch,random,25,low_score_rescue_10,3,0.9,0.98,0.23199883,0.08,0.8305102040816326,0.5070775596624538,10.0
0,scratch,random,25,low_score_rescue_10,4,0.89,0.98,0.24169594,0.09,0.8296428571428572,0.5038171249602332,10.0
0,scratch,random,25,random_matched,0,0.89,0.98,0.24892941,0.09,0.8333673469387756,0.5135518816907237,7.235
0,scratch,random,25,random_matched,1,0.895,0.98,0.24312481,0.085,0.8329591836734693,0.5121111466185541,7.235
0,scratch,random,25,random_matched,2,0.9,0.98,0.24646729,0.08,0.8328061224489796,0.507295403204518,7.235
0,scratch,random,25,random_matched,3,0.89,0.98,0.25461555,0.09,0.8324489795918367,0.5068178850378359,7.235
0,scratch,random,25,random_matched,4,0.895,0.98,0.23823506,0.085,0.8328061224489797,0.5110144032225802,7.235
0,scratch,random,50,student,0,0.91,0.98,0.19557981,0.07,0.8262244897959183,0.47175435572488134,0.0
0,scratch,random,50,student,1,0.91,0.98,0.19557981,0.07,0.8262244897959183,0.47175435572488134,0.0
0,scratch,random,50,student,2,0.91,0.98,0.19557981,0.07,0.8262244897959183,0.47175435572488134,0.0
0,scratch,random,50,student,3,0.91,0.98,0.19557981,0.07,0.8262244897959183,0.47175435572488134,0.0
0,scratch,random,50,student,4,0.91,0.98,0.19557981,0.07,0.8262244897959183,0.47175435572488134,0.0
0,scratch,random,50,random,0,0.95,0.98,0.07085513,0.03,0.8246938775510205,0.48994748795493875,0.0
0,scratch,random,50,random,1,0.965,0.98,0.06002661,0.02,0.8235204081632653,0.4946262972715817,0.0
0,scratch,random,50,random,2,0.945,0.98,0.086035594,0.035,0.8219387755102041,0.47777470733476307,0.0
0,scratch,random,50,random,3,0.93,0.98,0.11281219,0.05,0.822857142857143,0.4756299304983063,0.0
0,scratch,random,50,random,4,0.945,0.98,0.12285635,0.04,0.8268877551020407,0.5175266882325791,0.0
0,scratch,random,50,random_rescue_10,0,0.935,0.98,0.13589334,0.045,0.8258163265306122,0.48452690068020393,10.0
0,scratch,random,50,random_rescue_10,1,0.915,0.98,0.15684827,0.065,0.8249489795918368,0.4776510256592528,10.0
0,scratch,random,50,random_rescue_10,2,0.92,0.98,0.16466576,0.06,0.8253571428571428,0.4644146479979252,10.0
0,scratch,random,50,random_rescue_10,3,0.92,0.98,0.16002403,0.06,0.8259183673469387,0.4792446261417162,10.0
0,scratch,random,50,random_rescue_10,4,0.93,0.98,0.15196002,0.05,0.8231122448979593,0.4642643776115787,10.0
0,scratch,random,50,foreground_rescue_10,0,0.94,0.98,0.08049103,0.04,0.7539795918367347,0.17188039839899813,7.08
0,scratch,random,50,foreground_rescue_10,1,0.94,0.98,0.10622044,0.04,0.7539795918367347,0.17188039839899813,7.08
0,scratch,random,50,foreground_rescue_10,2,0.945,0.98,0.08169916,0.035,0.7539795918367347,0.17188039839899813,7.08
0,scratch,random,50,foreground_rescue_10,3,0.94,0.98,0.09229806,0.04,0.7539795918367347,0.17188039839899813,7.08
0,scratch,random,50,foreground_rescue_10,4,0.935,0.98,0.096388586,0.045,0.7539795918367347,0.17188039839899813,7.08
0,scratch,random,50,low_score_rescue_10,0,0.925,0.98,0.14617056,0.055,0.8223979591836733,0.4591608126123674,10.0
0,scratch,random,50,low_score_rescue_10,1,0.93,0.98,0.1484332,0.055,0.822091836734694,0.45652823964451933,10.0
0,scratch,random,50,low_score_rescue_10,2,0.91,0.98,0.18243447,0.075,0.8244387755102041,0.4675344338996669,10.0
0,scratch,random,50,low_score_rescue_10,3,0.905,0.98,0.15632677,0.08,0.8236734693877551,0.46429457962051746,10.0
0,scratch,random,50,low_score_rescue_10,4,0.92,0.98,0.14797565,0.065,0.8231632653061225,0.4687002551200165,10.0
0,scratch,random,50,random_matched,0,0.92,0.98,0.15483773,0.06,0.8261224489795919,0.46966903548198996,7.08
0,scratch,random,50,random_matched,1,0.91,0.98,0.17463379,0.07,0.8267346938775509,0.4719444189633546,7.08
0,scratch,random,50,random_matched,2,0.9,0.98,0.18312816,0.08,0.8247448979591837,0.4673827571239246,7.08
0,scratch,random,50,random_matched,3,0.92,0.98,0.13265908,0.06,0.8246428571428571,0.46288961161859277,7.08
0,scratch,random,50,random_matched,4,0.9,0.98,0.18159886,0.08,0.8254591836734694,0.4684981958877184,7.08
0,scratch,random,75,student,0,0.9,0.98,0.22587962,0.085,0.8270408163265306,0.48392892695197576,0.0
0,scratch,random,75,student,1,0.9,0.98,0.22587962,0.085,0.8270408163265306,0.48392892695197576,0.0
0,scratch,random,75,student,2,0.9,0.98,0.22587962,0.085,0.8270408163265306,0.48392892695197576,0.0
0,scratch,random,75,student,3,0.9,0.98,0.22587962,0.085,0.8270408163265306,0.48392892695197576,0.0
0,scratch,random,75,student,4,0.9,0.98,0.22587962,0.085,0.8270408163265306,0.48392892695197576,0.0
0,scratch,random,75,random,0,0.95,0.98,0.07085513,0.03,0.8246938775510205,0.48994748795493875,0.0
0,scratch,random,75,random,1,0.965,0.98,0.06002661,0.02,0.8235204081632653,0.4946262972715817,0.0
0,scratch,random,75,random,2,0.945,0.98,0.086035594,0.035,0.8219387755102041,0.47777470733476307,0.0
0,scratch,random,75,random,3,0.93,0.98,0.11281219,0.05,0.822857142857143,0.4756299304983063,0.0
0,scratch,random,75,random,4,0.945,0.98,0.12285635,0.04,0.8268877551020407,0.5175266882325791,0.0
0,scratch,random,75,random_rescue_10,0,0.91,0.98,0.21948849,0.075,0.8259693877551021,0.48165986129184757,10.0
0,scratch,random,75,random_rescue_10,1,0.895,0.98,0.23574443,0.085,0.8256122448979591,0.4817664882963062,10.0
0,scratch,random,75,random_rescue_10,2,0.93,0.98,0.17075111,0.055,0.8281632653061224,0.4890220302909298,10.0
0,scratch,random,75,random_rescue_10,3,0.9,0.98,0.208988,0.08,0.8249489795918368,0.4812447732098115,10.0
0,scratch,random,75,random_rescue_10,4,0.93,0.98,0.16168249,0.05,0.8280102040816327,0.49772040473954415,10.0
0,scratch,random,75,foreground_rescue_10,0,0.955,0.98,0.05165735,0.03,0.7547448979591838,0.17523668388952524,7.085
0,scratch,random,75,foreground_rescue_10,1,0.935,0.98,0.07972747,0.05,0.7547448979591838,0.17523668388952524,7.085
0,scratch,random,75,foreground_rescue_10,2,0.955,0.98,0.061880555,0.03,0.7547448979591838,0.17523668388952524,7.085
0,scratch,random,75,foreground_rescue_10,3,0.95,0.98,0.073020324,0.035,0.7547448979591838,0.17523668388952524,7.085
0,scratch,random,75,foreground_rescue_10,4,0.955,0.98,0.069145225,0.03,0.7547448979591838,0.17523668388952524,7.085
0,scratch,random,75,low_score_rescue_10,0,0.905,0.98,0.20408142,0.075,0.8235714285714286,0.47232279633946406,10.0
0,scratch,random,75,low_score_rescue_10,1,0.91,0.98,0.18567291,0.07,0.8231632653061223,0.4664522469379794,10.0
0,scratch,random,75,low_score_rescue_10,2,0.9,0.98,0.21954326,0.08,0.8219387755102041,0.46222621785194035,10.0
0,scratch,random,75,low_score_rescue_10,3,0.89,0.98,0.23061465,0.095,0.8215816326530612,0.4605596234489528,10.0
0,scratch,random,75,low_score_rescue_10,4,0.92,0.98,0.19691128,0.06,0.8221938775510205,0.4698867081132529,10.0
0,scratch,random,75,random_matched,0,0.915,0.98,0.16525029,0.07,0.8238775510204082,0.4728042744934295,7.085
0,scratch,random,75,random_matched,1,0.93,0.98,0.14059791,0.055,0.8241326530612245,0.4749154804747301,7.085
0,scratch,random,75,random_matched,2,0.905,0.98,0.19821754,0.08,0.8256632653061224,0.4783357583499998,7.085
0,scratch,random,75,random_matched,3,0.9,0.98,0.19492327,0.085,0.8254591836734694,0.4754277944458929,7.085
0,scratch,random,75,random_matched,4,0.91,0.98,0.19403885,0.075,0.8278061224489797,0.4805612698529046,7.085
0,scratch,random,100,student,0,0.91,0.98,0.17288145,0.07,0.8233673469387756,0.4743851351401639,0.0
0,scratch,random,100,student,1,0.91,0.98,0.17288145,0.07,0.8233673469387756,0.4743851351401639,0.0
0,scratch,random,100,student,2,0.91,0.98,0.17288145,0.07,0.8233673469387756,0.4743851351401639,0.0
0,scratch,random,100,student,3,0.91,0.98,0.17288145,0.07,0.8233673469387756,0.4743851351401639,0.0
0,scratch,random,100,student,4,0.91,0.98,0.17288145,0.07,0.8233673469387756,0.4743851351401639,0.0
0,scratch,random,100,random,0,0.95,0.98,0.07085513,0.03,0.8246938775510205,0.48994748795493875,0.0
0,scratch,random,100,random,1,0.965,0.98,0.06002661,0.02,0.8235204081632653,0.4946262972715817,0.0
0,scratch,random,100,random,2,0.945,0.98,0.086035594,0.035,0.8219387755102041,0.47777470733476307,0.0
0,scratch,random,100,random,3,0.93,0.98,0.11281219,0.05,0.822857142857143,0.4756299304983063,0.0
0,scratch,random,100,random,4,0.945,0.98,0.12285635,0.04,0.8268877551020407,0.5175266882325791,0.0
0,scratch,random,100,random_rescue_10,0,0.925,0.98,0.14632012,0.055,0.8228061224489797,0.4744468814702796,10.0
0,scratch,random,100,random_rescue_10,1,0.935,0.98,0.11016041,0.045,0.8233673469387756,0.489834452465238,10.0
0,scratch,random,100,random_rescue_10,2,0.94,0.98,0.10330524,0.045,0.8242857142857142,0.4723325036675566,10.0
0,scratch,random,100,random_rescue_10,3,0.9,0.98,0.17648922,0.08,0.8211224489795919,0.4715122171261371,10.0
0,scratch,random,100,random_rescue_10,4,0.915,0.98,0.16086763,0.065,0.8228061224489795,0.48467949275191896,10.0
0,scratch,random,100,foreground_rescue_10,0,0.95,0.98,0.064125754,0.03,0.7527551020408163,0.1719055642460731,6.92
0,scratch,random,100,foreground_rescue_10,1,0.955,0.98,0.05281583,0.025,0.7527551020408163,0.1719055642460731,6.92
0,scratch,random,100,foreground_rescue_10,2,0.95,0.98,0.053975534,0.03,0.7527551020408163,0.1719055642460731,6.92
0,scratch,random,100,foreground_rescue_10,3,0.95,0.98,0.06245067,0.03,0.7527551020408163,0.1719055642460731,6.92
0,scratch,random,100,foreground_rescue_10,4,0.965,0.98,0.04013322,0.015,0.7527551020408163,0.1719055642460731,6.92
0,scratch,random,100,low_score_rescue_10,0,0.92,0.98,0.14311373,0.06,0.8226020408163265,0.46737855561557307,10.0
0,scratch,random,100,low_score_rescue_10,1,0.93,0.98,0.13062294,0.05,0.8215306122448979,0.4554106134803992,10.0
0,scratch,random,100,low_score_rescue_10,2,0.925,0.98,0.14052348,0.055,0.8207142857142857,0.45666301356913264,10.0
0,scratch,random,100,low_score_rescue_10,3,0.925,0.98,0.12445671,0.055,0.8208673469387756,0.46188432440109467,10.0
0,scratch,random,100,low_score_rescue_10,4,0.935,0.98,0.115790345,0.045,0.8222448979591838,0.46565107075488693,10.0
0,scratch,random,100,random_matched,0,0.93,0.98,0.095618136,0.05,0.822295918367347,0.46856292420415124,6.92
0,scratch,random,100,random_matched,1,0.935,0.98,0.11915669,0.045,0.8204081632653061,0.46596073585542397,6.92
0,scratch,random,100,random_matched,2,0.92,0.98,0.114773065,0.06,0.8230612244897958,0.47268985625435816,6.92
0,scratch,random,100,random_matched,3,0.915,0.98,0.11999848,0.065,0.8223979591836735,0.4683122573359661,6.92
0,scratch,random,100,random_matched,4,0.925,0.98,0.10947275,0.055,0.8220408163265306,0.47002570217788536,6.92
0,scratch,random_rescue_10,0,student,0,0.875,0.98,0.3295332,0.105,0.850561224489796,0.5981794121635886,0.0
0,scratch,random_rescue_10,0,student,1,0.875,0.98,0.3295332,0.105,0.850561224489796,0.5981794121635886,0.0
0,scratch,random_rescue_10,0,student,2,0.875,0.98,0.3295332,0.105,0.850561224489796,0.5981794121635886,0.0
0,scratch,random_rescue_10,0,student,3,0.875,0.98,0.3295332,0.105,0.850561224489796,0.5981794121635886,0.0
0,scratch,random_rescue_10,0,student,4,0.875,0.98,0.3295332,0.105,0.850561224489796,0.5981794121635886,0.0
0,scratch,random_rescue_10,0,random,0,0.95,0.98,0.07085513,0.03,0.8246938775510205,0.48994748795493875,0.0
0,scratch,random_rescue_10,0,random,1,0.965,0.98,0.06002661,0.02,0.8235204081632653,0.4946262972715817,0.0
0,scratch,random_rescue_10,0,random,2,0.945,0.98,0.086035594,0.035,0.8219387755102041,0.47777470733476307,0.0
0,scratch,random_rescue_10,0,random,3,0.93,0.98,0.11281219,0.05,0.822857142857143,0.4756299304983063,0.0
0,scratch,random_rescue_10,0,random,4,0.945,0.98,0.12285635,0.04,0.8268877551020407,0.5175266882325791,0.0
0,scratch,random_rescue_10,0,random_rescue_10,0,0.895,0.98,0.20119835,0.085,0.8451530612244897,0.5638985049597482,10.0
0,scratch,random_rescue_10,0,random_rescue_10,1,0.87,0.98,0.2869938,0.11,0.8446428571428573,0.5759229810069456,10.0
0,scratch,random_rescue_10,0,random_rescue_10,2,0.905,0.98,0.23440336,0.075,0.846887755102041,0.5871443738245714,10.0
0,scratch,random_rescue_10,0,random_rescue_10,3,0.88,0.98,0.26195306,0.1,0.845,0.5784158401279986,10.0
0,scratch,random_rescue_10,0,random_rescue_10,4,0.88,0.98,0.28184977,0.1,0.8460204081632652,0.5803594066019169,10.0
0,scratch,random_rescue_10,0,foreground_rescue_10,0,0.925,0.98,0.12588541,0.055,0.775,0.23701169783036988,7.405
0,scratch,random_rescue_10,0,foreground_rescue_10,1,0.94,0.98,0.08395754,0.04,0.775,0.23701169783036988,7.405
0,scratch,random_rescue_10,0,foreground_rescue_10,2,0.96,0.98,0.06074478,0.02,0.775,0.23701169783036988,7.405
0,scratch,random_rescue_10,0,foreground_rescue_10,3,0.94,0.98,0.0930003,0.04,0.775,0.23701169783036988,7.405
0,scratch,random_rescue_10,0,foreground_rescue_10,4,0.965,0.98,0.049069263,0.015,0.775,0.23701169783036988,7.405
0,scratch,random_rescue_10,0,low_score_rescue_10,0,0.88,0.98,0.27229047,0.1,0.844795918367347,0.5859170772430334,10.0
0,scratch,random_rescue_10,0,low_score_rescue_10,1,0.865,0.98,0.30525488,0.115,0.8471428571428572,0.5853980915056881,10.0
0,scratch,random_rescue_10,0,low_score_rescue_10,2,0.865,0.98,0.30834445,0.115,0.8455102040816327,0.5882467356657168,10.0
0,scratch,random_rescue_10,0,low_score_rescue_10,3,0.885,0.98,0.2842727,0.095,0.844795918367347,0.5901691631743473,10.0
0,scratch,random_rescue_10,0,low_score_rescue_10,4,0.885,0.98,0.2839457,0.095,0.8456122448979592,0.585626088587124,10.0
0,scratch,random_rescue_10,0,random_matched,0,0.9,0.98,0.24033962,0.08,0.8449489795918368,0.5758685372196981,7.405
0,scratch,random_rescue_10,0,random_matched,1,0.885,0.98,0.2601635,0.095,0.8442346938775509,0.5774126876148028,7.405
0,scratch,random_rescue_10,0,random_matched,2,0.89,0.98,0.24671143,0.09,0.8443877551020408,0.5767761202652227,7.405
0,scratch,random_rescue_10,0,random_matched,3,0.91,0.98,0.23422426,0.07,0.8472448979591838,0.5843409831688942,7.405
0,scratch,random_rescue_10,0,random_matched,4,0.895,0.98,0.23182735,0.085,0.8461224489795919,0.5820094300469554,7.405
0,scratch,random_rescue_10,10,student,0,0.865,0.98,0.32339296,0.115,0.8430102040816326,0.531897849378241,0.0
0,scratch,random_rescue_10,10,student,1,0.865,0.98,0.32339296,0.115,0.8430102040816326,0.531897849378241,0.0
0,scratch,random_rescue_10,10,student,2,0.865,0.98,0.32339296,0.115,0.8430102040816326,0.531897849378241,0.0
0,scratch,random_rescue_10,10,student,3,0.865,0.98,0.32339296,0.115,0.8430102040816326,0.531897849378241,0.0
0,scratch,random_rescue_10,10,student,4,0.865,0.98,0.32339296,0.115,0.8430102040816326,0.531897849378241,0.0
0,scratch,random_rescue_10,10,random,0,0.95,0.98,0.07085513,0.03,0.8246938775510205,0.48994748795493875,0.0
0,scratch,random_rescue_10,10,random,1,0.965,0.98,0.06002661,0.02,0.8235204081632653,0.4946262972715817,0.0
0,scratch,random_rescue_10,10,random,2,0.945,0.98,0.086035594,0.035,0.8219387755102041,0.47777470733476307,0.0
0,scratch,random_rescue_10,10,random,3,0.93,0.98,0.11281219,0.05,0.822857142857143,0.4756299304983063,0.0
0,scratch,random_rescue_10,10,random,4,0.945,0.98,0.12285635,0.04,0.8268877551020407,0.5175266882325791,0.0
0,scratch,random_rescue_10,10,random_rescue_10,0,0.88,0.98,0.27278596,0.1,0.8405102040816327,0.529602010454127,10.0
0,scratch,random_rescue_10,10,random_rescue_10,1,0.875,0.98,0.2754162,0.105,0.84,0.5262441527856765,10.0
0,scratch,random_rescue_10,10,random_rescue_10,2,0.92,0.98,0.16422898,0.065,0.8387755102040816,0.5210099791162165,10.0
0,scratch,random_rescue_10,10,random_rescue_10,3,0.885,0.98,0.2396572,0.095,0.8394897959183674,0.527768283219884,10.0
0,scratch,random_rescue_10,10,random_rescue_10,4,0.85,0.98,0.28734607,0.13,0.8396938775510204,0.5231782200681581,10.0
0,scratch,random_rescue_10,10,foreground_rescue_10,0,0.92,0.98,0.16490623,0.06,0.7726530612244897,0.21677475200749796,6.895
0,scratch,random_rescue_10,10,foreground_rescue_10,1,0.92,0.98,0.14733274,0.06,0.7726530612244897,0.21677475200749796,6.895
0,scratch,random_rescue_10,10,foreground_rescue_10,2,0.925,0.98,0.12452249,0.055,0.7726530612244897,0.21677475200749796,6.895
0,scratch,random_rescue_10,10,foreground_rescue_10,3,0.925,0.98,0.14101888,0.055,0.7726530612244897,0.21677475200749796,6.895
0,scratch,random_rescue_10,10,foreground_rescue_10,4,0.925,0.98,0.13823515,0.055,0.7726530612244897,0.21677475200749796,6.895
0,scratch,random_rescue_10,10,low_score_rescue_10,0,0.905,0.98,0.19122933,0.075,0.8389795918367348,0.5275642717598386,10.0
0,scratch,random_rescue_10,10,low_score_rescue_10,1,0.87,0.98,0.2540207,0.11,0.838265306122449,0.5227876089176271,10.0
0,scratch,random_rescue_10,10,low_score_rescue_10,2,0.89,0.98,0.2503745,0.09,0.8391836734693876,0.5222400081614289,10.0
0,scratch,random_rescue_10,10,low_score_rescue_10,3,0.89,0.98,0.22912018,0.09,0.8390306122448979,0.5235943558014963,10.0
0,scratch,random_rescue_10,10,low_score_rescue_10,4,0.9,0.98,0.21391821,0.08,0.8391836734693876,0.5235311983594202,10.0
0,scratch,random_rescue_10,10,random_matched,0,0.905,0.98,0.2035438,0.075,0.8384693877551022,0.5202353030310395,6.895
0,scratch,random_rescue_10,10,random_matched,1,0.885,0.98,0.24832411,0.095,0.836938775510204,0.5185813417500204,6.895
0,scratch,random_rescue_10,10,random_matched,2,0.905,0.98,0.20666635,0.075,0.837908163265306,0.5161849803378467,6.895
0,scratch,random_rescue_10,10,random_matched,3,0.895,0.98,0.25903383,0.085,0.8386734693877551,0.5167217738889868,6.895
0,scratch,random_rescue_10,10,random_matched,4,0.9,0.98,0.19890249,0.08,0.840204081632653,0.5255348360702808,6.895
0,scratch,random_rescue_10,25,student,0,0.91,0.98,0.20797291,0.07,0.8277551020408163,0.5059120100377729,0.0
0,scratch,random_rescue_10,25,student,1,0.91,0.98,0.20797291,0.07,0.8277551020408163,0.5059120100377729,0.0
0,scratch,random_rescue_10,25,student,2,0.91,0.98,0.20797291,0.07,0.8277551020408163,0.5059120100377729,0.0
0,scratch,random_rescue_10,25,student,3,0.91,0.98,0.20797291,0.07,0.8277551020408163,0.5059120100377729,0.0
0,scratch,random_rescue_10,25,student,4,0.91,0.98,0.20797291,0.07,0.8277551020408163,0.5059120100377729,0.0
0,scratch,random_rescue_10,25,random,0,0.95,0.98,0.07085513,0.03,0.8246938775510205,0.48994748795493875,0.0
0,scratch,random_rescue_10,25,random,1,0.965,0.98,0.06002661,0.02,0.8235204081632653,0.4946262972715817,0.0
0,scratch,random_rescue_10,25,random,2,0.945,0.98,0.086035594,0.035,0.8219387755102041,0.47777470733476307,0.0
0,scratch,random_rescue_10,25,random,3,0.93,0.98,0.11281219,0.05,0.822857142857143,0.4756299304983063,0.0
0,scratch,random_rescue_10,25,random,4,0.945,0.98,0.12285635,0.04,0.8268877551020407,0.5175266882325791,0.0
0,scratch,random_rescue_10,25,random_rescue_10,0,0.905,0.98,0.1996703,0.075,0.8266326530612244,0.5066860124191418,10.0
0,scratch,random_rescue_10,25,random_rescue_10,1,0.92,0.98,0.1379391,0.065,0.8264285714285714,0.5011044178286487,10.0
0,scratch,random_rescue_10,25,random_rescue_10,2,0.93,0.98,0.121569194,0.05,0.8266326530612244,0.5045595173094066,10.0
0,scratch,random_rescue_10,25,random_rescue_10,3,0.93,0.98,0.16447634,0.05,0.8266326530612244,0.5084437591851618,10.0
0,scratch,random_rescue_10,25,random_rescue_10,4,0.93,0.98,0.12636922,0.055,0.8267857142857141,0.49799722256114226,10.0
0,scratch,random_rescue_10,25,foreground_rescue_10,0,0.94,0.98,0.11783771,0.045,0.7578571428571428,0.1870472772678386,6.85
0,scratch,random_rescue_10,25,foreground_rescue_10,1,0.94,0.98,0.12274614,0.045,0.7578571428571428,0.1870472772678386,6.85
0,scratch,random_rescue_10,25,foreground_rescue_10,2,0.95,0.98,0.11447859,0.035,0.7578571428571428,0.1870472772678386,6.85
0,scratch,random_rescue_10,25,foreground_rescue_10,3,0.945,0.98,0.12338808,0.04,0.7578571428571428,0.1870472772678386,6.85
0,scratch,random_rescue_10,25,foreground_rescue_10,4,0.945,0.98,0.11837831,0.04,0.7578571428571428,0.1870472772678386,6.85
0,scratch,random_rescue_10,25,low_score_rescue_10,0,0.92,0.98,0.17389458,0.065,0.8228571428571427,0.48891896873415763,10.0
0,scratch,random_rescue_10,25,low_score_rescue_10,1,0.935,0.98,0.14263971,0.05,0.8241326530612245,0.48917354405465246,10.0
0,scratch,random_rescue_10,25,low_score_rescue_10,2,0.93,0.98,0.16583195,0.055,0.8246938775510203,0.49076543137447987,10.0
0,scratch,random_rescue_10,25,low_score_rescue_10,3,0.93,0.98,0.16663356,0.055,0.825204081632653,0.4891203114754386,10.0
0,scratch,random_rescue_10,25,low_score_rescue_10,4,0.93,0.98,0.15943165,0.05,0.8223979591836735,0.48540090544560655,10.0
0,scratch,random_rescue_10,25,random_matched,0,0.925,0.98,0.1680108,0.06,0.8251020408163265,0.491685875093366,6.85
0,scratch,random_rescue_10,25,random_matched,1,0.925,0.98,0.15236884,0.055,0.8245918367346939,0.49469703877683974,6.85
0,scratch,random_rescue_10,25,random_matched,2,0.925,0.98,0.1542622,0.055,0.824795918367347,0.4962693458672347,6.85
0,scratch,random_rescue_10,25,random_matched,3,0.92,0.98,0.15650779,0.06,0.8259183673469388,0.49682426027822485,6.85
0,scratch,random_rescue_10,25,random_matched,4,0.935,0.98,0.13938753,0.045,0.8254081632653062,0.49903401617972665,6.85
0,scratch,random_rescue_10,50,student,0,0.895,0.98,0.19460568,0.085,0.822295918367347,0.4943198399052507,0.0
0,scratch,random_rescue_10,50,student,1,0.895,0.98,0.19460568,0.085,0.822295918367347,0.4943198399052507,0.0
0,scratch,random_rescue_10,50,student,2,0.895,0.98,0.19460568,0.085,0.822295918367347,0.4943198399052507,0.0
0,scratch,random_rescue_10,50,student,3,0.895,0.98,0.19460568,0.085,0.822295918367347,0.4943198399052507,0.0
0,scratch,random_rescue_10,50,student,4,0.895,0.98,0.19460568,0.085,0.822295918367347,0.4943198399052507,0.0
0,scratch,random_rescue_10,50,random,0,0.95,0.98,0.07085513,0.03,0.8246938775510205,0.48994748795493875,0.0
0,scratch,random_rescue_10,50,random,1,0.965,0.98,0.06002661,0.02,0.8235204081632653,0.4946262972715817,0.0
0,scratch,random_rescue_10,50,random,2,0.945,0.98,0.086035594,0.035,0.8219387755102041,0.47777470733476307,0.0
0,scratch,random_rescue_10,50,random,3,0.93,0.98,0.11281219,0.05,0.822857142857143,0.4756299304983063,0.0
0,scratch,random_rescue_10,50,random,4,0.945,0.98,0.12285635,0.04,0.8268877551020407,0.5175266882325791,0.0
0,scratch,random_rescue_10,50,random_rescue_10,0,0.92,0.98,0.17140272,0.065,0.8236224489795919,0.5054899697884224,10.0
0,scratch,random_rescue_10,50,random_rescue_10,1,0.895,0.98,0.23295628,0.085,0.8244897959183674,0.503865192664176,10.0
0,scratch,random_rescue_10,50,random_rescue_10,2,0.93,0.98,0.14202961,0.05,0.8223469387755102,0.4933395225628995,10.0
0,scratch,random_rescue_10,50,random_rescue_10,3,0.915,0.98,0.19220018,0.065,0.8225510204081633,0.4925369151610654,10.0
0,scratch,random_rescue_10,50,random_rescue_10,4,0.925,0.98,0.14117168,0.055,0.8228061224489795,0.49508971614755487,10.0
0,scratch,random_rescue_10,50,foreground_rescue_10,0,0.93,0.98,0.13602433,0.05,0.7507142857142859,0.16838456411898964,7.015
0,scratch,random_rescue_10,50,foreground_rescue_10,1,0.935,0.98,0.124344446,0.045,0.7507142857142859,0.16838456411898964,7.015
0,scratch,random_rescue_10,50,foreground_rescue_10,2,0.94,0.98,0.11606422,0.04,0.7507142857142859,0.16838456411898964,7.015
0,scratch,random_rescue_10,50,foreground_rescue_10,3,0.94,0.98,0.117603995,0.04,0.7507142857142859,0.16838456411898964,7.015
0,scratch,random_rescue_10,50,foreground_rescue_10,4,0.94,0.98,0.11957784,0.04,0.7507142857142859,0.16838456411898964,7.015
0,scratch,random_rescue_10,50,low_score_rescue_10,0,0.915,0.98,0.18815304,0.065,0.8188775510204083,0.4812599723826239,10.0
0,scratch,random_rescue_10,50,low_score_rescue_10,1,0.91,0.98,0.16052285,0.07,0.8188265306122449,0.4765180524072249,10.0
0,scratch,random_rescue_10,50,low_score_rescue_10,2,0.9,0.98,0.20413475,0.08,0.8186734693877551,0.4772087821685776,10.0
0,scratch,random_rescue_10,50,low_score_rescue_10,3,0.935,0.98,0.14777955,0.045,0.817908163265306,0.48063301107734097,10.0
0,scratch,random_rescue_10,50,low_score_rescue_10,4,0.93,0.98,0.13324331,0.055,0.8185204081632653,0.47237259988645286,10.0
0,scratch,random_rescue_10,50,random_matched,0,0.91,0.98,0.18494073,0.07,0.8198979591836735,0.48734373262216724,7.015
0,scratch,random_rescue_10,50,random_matched,1,0.91,0.98,0.1891491,0.07,0.8238775510204082,0.49116013384628265,7.015
0,scratch,random_rescue_10,50,random_matched,2,0.905,0.98,0.18700871,0.075,0.8216836734693876,0.4864852204622129,7.015
0,scratch,random_rescue_10,50,random_matched,3,0.915,0.98,0.1715855,0.065,0.8203061224489795,0.48483954004531776,7.015
0,scratch,random_rescue_10,50,random_matched,4,0.91,0.98,0.20080411,0.07,0.8228061224489795,0.4947823970968063,7.015
0,scratch,random_rescue_10,75,student,0,0.92,0.98,0.1551126,0.06,0.8176530612244898,0.4878674724712141,0.0
0,scratch,random_rescue_10,75,student,1,0.92,0.98,0.1551126,0.06,0.8176530612244898,0.4878674724712141,0.0
0,scratch,random_rescue_10,75,student,2,0.92,0.98,0.1551126,0.06,0.8176530612244898,0.4878674724712141,0.0
0,scratch,random_rescue_10,75,student,3,0.92,0.98,0.1551126,0.06,0.8176530612244898,0.4878674724712141,0.0
0,scratch,random_rescue_10,75,student,4,0.92,0.98,0.1551126,0.06,0.8176530612244898,0.4878674724712141,0.0
0,scratch,random_rescue_10,75,random,0,0.95,0.98,0.07085513,0.03,0.8246938775510205,0.48994748795493875,0.0
0,scratch,random_rescue_10,75,random,1,0.965,0.98,0.06002661,0.02,0.8235204081632653,0.4946262972715817,0.0
0,scratch,random_rescue_10,75,random,2,0.945,0.98,0.086035594,0.035,0.8219387755102041,0.47777470733476307,0.0
0,scratch,random_rescue_10,75,random,3,0.93,0.98,0.11281219,0.05,0.822857142857143,0.4756299304983063,0.0
0,scratch,random_rescue_10,75,random,4,0.945,0.98,0.12285635,0.04,0.8268877551020407,0.5175266882325791,0.0
0,scratch,random_rescue_10,75,random_rescue_10,0,0.94,0.98,0.1242252,0.045,0.8192346938775509,0.4955916610447336,10.0
0,scratch,random_rescue_10,75,random_rescue_10,1,0.915,0.98,0.15245251,0.065,0.8199489795918368,0.4932255091220255,10.0
0,scratch,random_rescue_10,75,random_rescue_10,2,0.93,0.98,0.12244694,0.05,0.8188265306122449,0.4980397277911019,10.0
0,scratch,random_rescue_10,75,random_rescue_10,3,0.935,0.98,0.12015747,0.045,0.8184183673469387,0.4901829525614248,10.0
0,scratch,random_rescue_10,75,random_rescue_10,4,0.95,0.98,0.122607745,0.03,0.8177040816326531,0.4776998023097316,10.0
0,scratch,random_rescue_10,75,foreground_rescue_10,0,0.95,0.98,0.10809077,0.03,0.747295918367347,0.16247790628354147,6.895
0,scratch,random_rescue_10,75,foreground_rescue_10,1,0.95,0.98,0.09131881,0.03,0.747295918367347,0.16247790628354147,6.895
0,scratch,random_rescue_10,75,foreground_rescue_10,2,0.95,0.98,0.08530171,0.03,0.747295918367347,0.16247790628354147,6.895
0,scratch,random_rescue_10,75,foreground_rescue_10,3,0.955,0.98,0.10023205,0.025,0.747295918367347,0.16247790628354147,6.895
0,scratch,random_rescue_10,75,foreground_rescue_10,4,0.95,0.98,0.110618286,0.03,0.747295918367347,0.16247790628354147,6.895
0,scratch,random_rescue_10,75,low_score_rescue_10,0,0.935,0.98,0.14350127,0.045,0.8140816326530611,0.4812739530302888,10.0
0,scratch,random_rescue_10,75,low_score_rescue_10,1,0.9,0.98,0.176867,0.08,0.8136224489795919,0.4615069791462643,10.0
0,scratch,random_rescue_10,75,low_score_rescue_10,2,0.94,0.98,0.11765917,0.04,0.8154591836734695,0.47781150239836606,10.0
0,scratch,random_rescue_10,75,low_score_rescue_10,3,0.94,0.98,0.12787375,0.04,0.8139285714285713,0.4741020135123699,10.0
0,scratch,random_rescue_10,75,low_score_rescue_10,4,0.93,0.98,0.16293919,0.05,0.8142346938775511,0.4786589946334948,10.0
0,scratch,random_rescue_10,75,random_matched,0,0.92,0.98,0.15812188,0.06,0.8179591836734694,0.488960221341293,6.895
0,scratch,random_rescue_10,75,random_matched,1,0.915,0.98,0.18676457,0.065,0.8194897959183675,0.4887841074346456,6.895
0,scratch,random_rescue_10,75,random_matched,2,0.92,0.98,0.14446524,0.06,0.8175,0.48194372778055267,6.895
0,scratch,random_rescue_10,75,random_matched,3,0.94,0.98,0.12042673,0.04,0.8162244897959183,0.48282273031966766,6.895
0,scratch,random_rescue_10,75,random_matched,4,0.935,0.98,0.13145223,0.045,0.8171938775510205,0.48676365372153724,6.895
0,scratch,random_rescue_10,100,student,0,0.92,0.98,0.15890019,0.06,0.8143367346938776,0.47645368066017224,0.0
0,scratch,random_rescue_10,100,student,1,0.92,0.98,0.15890019,0.06,0.8143367346938776,0.47645368066017224,0.0
0,scratch,random_rescue_10,100,student,2,0.92,0.98,0.15890019,0.06,0.8143367346938776,0.47645368066017224,0.0
0,scratch,random_rescue_10,100,student,3,0.92,0.98,0.15890019,0.06,0.8143367346938776,0.47645368066017224,0.0
0,scratch,random_rescue_10,100,student,4,0.92,0.98,0.15890019,0.06,0.8143367346938776,0.47645368066017224,0.0
0,scratch,random_rescue_10,100,random,0,0.95,0.98,0.07085513,0.03,0.8246938775510205,0.48994748795493875,0.0
0,scratch,random_rescue_10,100,random,1,0.965,0.98,0.06002661,0.02,0.8235204081632653,0.4946262972715817,0.0
0,scratch,random_rescue_10,100,random,2,0.945,0.98,0.086035594,0.035,0.8219387755102041,0.47777470733476307,0.0
0,scratch,random_rescue_10,100,random,3,0.93,0.98,0.11281219,0.05,0.822857142857143,0.4756299304983063,0.0
0,scratch,random_rescue_10,100,random,4,0.945,0.98,0.12285635,0.04,0.8268877551020407,0.5175266882325791,0.0
0,scratch,random_rescue_10,100,random_rescue_10,0,0.92,0.98,0.1546982,0.06,0.8157142857142857,0.4856233729994241,10.0
0,scratch,random_rescue_10,100,random_rescue_10,1,0.935,0.98,0.10889822,0.045,0.8170408163265306,0.4829471851672607,10.0
0,scratch,random_rescue_10,100,random_rescue_10,2,0.92,0.98,0.11896232,0.06,0.8170918367346939,0.48982683187619097,10.0
0,scratch,random_rescue_10,100,random_rescue_10,3,0.93,0.98,0.14541122,0.05,0.8165816326530613,0.4788769202009723,10.0
0,scratch,random_rescue_10,100,random_rescue_10,4,0.925,0.98,0.17001018,0.055,0.8145918367346939,0.474957209844844,10.0
0,scratch,random_rescue_10,100,foreground_rescue_10,0,0.94,0.98,0.11278091,0.04,0.7453571428571428,0.15946684647426207,6.76
0,scratch,random_rescue_10,100,foreground_rescue_10,1,0.945,0.98,0.121660195,0.035,0.7453571428571428,0.15946684647426207,6.76
0,scratch,random_rescue_10,100,foreground_rescue_10,2,0.935,0.98,0.11490073,0.045,0.7453571428571428,0.15946684647426207,6.76
0,scratch,random_rescue_10,100,foreground_rescue_10,3,0.945,0.98,0.11143342,0.035,0.7453571428571428,0.15946684647426207,6.76
0,scratch,random_rescue_10,100,foreground_rescue_10,4,0.945,0.98,0.10875142,0.035,0.7453571428571428,0.15946684647426207,6.76
0,scratch,random_rescue_10,100,low_score_rescue_10,0,0.925,0.98,0.12389211,0.055,0.8122959183673468,0.46291897790140824,10.0
0,scratch,random_rescue_10,100,low_score_rescue_10,1,0.93,0.98,0.09786716,0.05,0.8126020408163265,0.46102498310079093,10.0
0,scratch,random_rescue_10,100,low_score_rescue_10,2,0.94,0.98,0.0926418,0.04,0.8133163265306124,0.4572096050084959,10.0
0,scratch,random_rescue_10,100,low_score_rescue_10,3,0.935,0.98,0.115238324,0.045,0.8116326530612245,0.46580485641764585,10.0
0,scratch,random_rescue_10,100,low_score_rescue_10,4,0.925,0.98,0.11562899,0.055,0.8119387755102041,0.45863967886436646,10.0
0,scratch,random_rescue_10,100,random_matched,0,0.935,0.98,0.13632163,0.045,0.8145918367346938,0.47168839587395456,6.76
0,scratch,random_rescue_10,100,random_matched,1,0.93,0.98,0.16115075,0.05,0.815612244897959,0.4794276271865498,6.76
0,scratch,random_rescue_10,100,random_matched,2,0.915,0.98,0.15857017,0.065,0.8140306122448979,0.468671979606741,6.76
0,scratch,random_rescue_10,100,random_matched,3,0.92,0.98,0.16710061,0.06,0.8136734693877551,0.4723771974435182,6.76
0,scratch,random_rescue_10,100,random_matched,4,0.93,0.98,0.14769068,0.05,0.8158673469387756,0.4743625394741288,6.76
0,scratch,random_to_student_20,0,student,0,0.875,0.98,0.3295332,0.105,0.850561224489796,0.5981794121635886,0.0
0,scratch,random_to_student_20,0,student,1,0.875,0.98,0.3295332,0.105,0.850561224489796,0.5981794121635886,0.0
0,scratch,random_to_student_20,0,student,2,0.875,0.98,0.3295332,0.105,0.850561224489796,0.5981794121635886,0.0
0,scratch,random_to_student_20,0,student,3,0.875,0.98,0.3295332,0.105,0.850561224489796,0.5981794121635886,0.0
0,scratch,random_to_student_20,0,student,4,0.875,0.98,0.3295332,0.105,0.850561224489796,0.5981794121635886,0.0
0,scratch,random_to_student_20,0,random,0,0.95,0.98,0.07085513,0.03,0.8246938775510205,0.48994748795493875,0.0
0,scratch,random_to_student_20,0,random,1,0.965,0.98,0.06002661,0.02,0.8235204081632653,0.4946262972715817,0.0
0,scratch,random_to_student_20,0,random,2,0.945,0.98,0.086035594,0.035,0.8219387755102041,0.47777470733476307,0.0
0,scratch,random_to_student_20,0,random,3,0.93,0.98,0.11281219,0.05,0.822857142857143,0.4756299304983063,0.0
0,scratch,random_to_student_20,0,random,4,0.945,0.98,0.12285635,0.04,0.8268877551020407,0.5175266882325791,0.0
0,scratch,random_to_student_20,0,random_rescue_10,0,0.895,0.98,0.20119835,0.085,0.8451530612244897,0.5638985049597482,10.0
0,scratch,random_to_student_20,0,random_rescue_10,1,0.87,0.98,0.2869938,0.11,0.8446428571428573,0.5759229810069456,10.0
0,scratch,random_to_student_20,0,random_rescue_10,2,0.905,0.98,0.23440336,0.075,0.846887755102041,0.5871443738245714,10.0
0,scratch,random_to_student_20,0,random_rescue_10,3,0.88,0.98,0.26195306,0.1,0.845,0.5784158401279986,10.0
0,scratch,random_to_student_20,0,random_rescue_10,4,0.88,0.98,0.28184977,0.1,0.8460204081632652,0.5803594066019169,10.0
0,scratch,random_to_student_20,0,foreground_rescue_10,0,0.925,0.98,0.12588541,0.055,0.775,0.23701169783036988,7.405
0,scratch,random_to_student_20,0,foreground_rescue_10,1,0.94,0.98,0.08395754,0.04,0.775,0.23701169783036988,7.405
0,scratch,random_to_student_20,0,foreground_rescue_10,2,0.96,0.98,0.06074478,0.02,0.775,0.23701169783036988,7.405
0,scratch,random_to_student_20,0,foreground_rescue_10,3,0.94,0.98,0.0930003,0.04,0.775,0.23701169783036988,7.405
0,scratch,random_to_student_20,0,foreground_rescue_10,4,0.965,0.98,0.049069263,0.015,0.775,0.23701169783036988,7.405
0,scratch,random_to_student_20,0,low_score_rescue_10,0,0.88,0.98,0.27229047,0.1,0.844795918367347,0.5859170772430334,10.0
0,scratch,random_to_student_20,0,low_score_rescue_10,1,0.865,0.98,0.30525488,0.115,0.8471428571428572,0.5853980915056881,10.0
0,scratch,random_to_student_20,0,low_score_rescue_10,2,0.865,0.98,0.30834445,0.115,0.8455102040816327,0.5882467356657168,10.0
0,scratch,random_to_student_20,0,low_score_rescue_10,3,0.885,0.98,0.2842727,0.095,0.844795918367347,0.5901691631743473,10.0
0,scratch,random_to_student_20,0,low_score_rescue_10,4,0.885,0.98,0.2839457,0.095,0.8456122448979592,0.585626088587124,10.0
0,scratch,random_to_student_20,0,random_matched,0,0.9,0.98,0.24033962,0.08,0.8449489795918368,0.5758685372196981,7.405
0,scratch,random_to_student_20,0,random_matched,1,0.885,0.98,0.2601635,0.095,0.8442346938775509,0.5774126876148028,7.405
0,scratch,random_to_student_20,0,random_matched,2,0.89,0.98,0.24671143,0.09,0.8443877551020408,0.5767761202652227,7.405
0,scratch,random_to_student_20,0,random_matched,3,0.91,0.98,0.23422426,0.07,0.8472448979591838,0.5843409831688942,7.405
0,scratch,random_to_student_20,0,random_matched,4,0.895,0.98,0.23182735,0.085,0.8461224489795919,0.5820094300469554,7.405
0,scratch,random_to_student_20,10,student,0,0.875,0.98,0.29558605,0.105,0.8276020408163265,0.49885192057833816,0.0
0,scratch,random_to_student_20,10,student,1,0.875,0.98,0.29558605,0.105,0.8276020408163265,0.49885192057833816,0.0
0,scratch,random_to_student_20,10,student,2,0.875,0.98,0.29558605,0.105,0.8276020408163265,0.49885192057833816,0.0
0,scratch,random_to_student_20,10,student,3,0.875,0.98,0.29558605,0.105,0.8276020408163265,0.49885192057833816,0.0
0,scratch,random_to_student_20,10,student,4,0.875,0.98,0.29558605,0.105,0.8276020408163265,0.49885192057833816,0.0
0,scratch,random_to_student_20,10,random,0,0.95,0.98,0.07085513,0.03,0.8246938775510205,0.48994748795493875,0.0
0,scratch,random_to_student_20,10,random,1,0.965,0.98,0.06002661,0.02,0.8235204081632653,0.4946262972715817,0.0
0,scratch,random_to_student_20,10,random,2,0.945,0.98,0.086035594,0.035,0.8219387755102041,0.47777470733476307,0.0
0,scratch,random_to_student_20,10,random,3,0.93,0.98,0.11281219,0.05,0.822857142857143,0.4756299304983063,0.0
0,scratch,random_to_student_20,10,random,4,0.945,0.98,0.12285635,0.04,0.8268877551020407,0.5175266882325791,0.0
0,scratch,random_to_student_20,10,random_rescue_10,0,0.925,0.98,0.18665479,0.055,0.8256632653061224,0.4978218378652452,10.0
0,scratch,random_to_student_20,10,random_rescue_10,1,0.895,0.98,0.22168036,0.085,0.8276020408163265,0.5039314916272584,10.0
0,scratch,random_to_student_20,10,random_rescue_10,2,0.91,0.98,0.17249243,0.07,0.8265306122448979,0.49909838327696776,10.0
0,scratch,random_to_student_20,10,random_rescue_10,3,0.89,0.98,0.23586494,0.09,0.8276020408163265,0.504408314145909,10.0
0,scratch,random_to_student_20,10,random_rescue_10,4,0.9,0.98,0.19487374,0.08,0.8279591836734693,0.4992665168210363,10.0
0,scratch,random_to_student_20,10,foreground_rescue_10,0,0.92,0.98,0.162485,0.06,0.7565306122448979,0.18259781044725087,6.965
0,scratch,random_to_student_20,10,foreground_rescue_10,1,0.93,0.98,0.13471507,0.05,0.7565306122448979,0.18259781044725087,6.965
0,scratch,random_to_student_20,10,foreground_rescue_10,2,0.92,0.98,0.14573087,0.06,0.7565306122448979,0.18259781044725087,6.965
0,scratch,random_to_student_20,10,foreground_rescue_10,3,0.915,0.98,0.16876148,0.065,0.7565306122448979,0.18259781044725087,6.965
0,scratch,random_to_student_20,10,foreground_rescue_10,4,0.925,0.98,0.1529095,0.055,0.7565306122448979,0.18259781044725087,6.965
0,scratch,random_to_student_20,10,low_score_rescue_10,0,0.91,0.98,0.20288983,0.07,0.8236224489795919,0.48198699250511373,10.0
0,scratch,random_to_student_20,10,low_score_rescue_10,1,0.895,0.98,0.24690826,0.085,0.8248979591836735,0.48990553541391213,10.0
0,scratch,random_to_student_20,10,low_score_rescue_10,2,0.885,0.98,0.28765598,0.095,0.8254081632653061,0.4861922047672061,10.0
0,scratch,random_to_student_20,10,low_score_rescue_10,3,0.9,0.98,0.25260943,0.08,0.8245918367346938,0.48744726535163224,10.0
0,scratch,random_to_student_20,10,low_score_rescue_10,4,0.915,0.98,0.20483384,0.065,0.824795918367347,0.4881056833542559,10.0
0,scratch,random_to_student_20,10,random_matched,0,0.88,0.98,0.2824558,0.1,0.8270408163265306,0.4951606687177454,6.965
0,scratch,random_to_student_20,10,random_matched,1,0.89,0.98,0.25118285,0.09,0.8264285714285714,0.49556622303334324,6.965
0,scratch,random_to_student_20,10,random_matched,2,0.88,0.98,0.27869874,0.1,0.8259183673469388,0.488421876664339,6.965
0,scratch,random_to_student_20,10,random_matched,3,0.875,0.98,0.32312104,0.105,0.8273979591836735,0.4987089605752752,6.965
0,scratch,random_to_student_20,10,random_matched,4,0.91,0.98,0.19499739,0.07,0.8260204081632654,0.49079052030858517,6.965
0,scratch,random_to_student_20,25,student,0,0.9,0.98,0.24212717,0.085,0.8413265306122448,0.5267647111404409,0.0
0,scratch,random_to_student_20,25,student,1,0.9,0.98,0.24212717,0.085,0.8413265306122448,0.5267647111404409,0.0
0,scratch,random_to_student_20,25,student,2,0.9,0.98,0.24212717,0.085,0.8413265306122448,0.5267647111404409,0.0
0,scratch,random_to_student_20,25,student,3,0.9,0.98,0.24212717,0.085,0.8413265306122448,0.5267647111404409,0.0
0,scratch,random_to_student_20,25,student,4,0.9,0.98,0.24212717,0.085,0.8413265306122448,0.5267647111404409,0.0
0,scratch,random_to_student_20,25,random,0,0.95,0.98,0.07085513,0.03,0.8246938775510205,0.48994748795493875,0.0
0,scratch,random_to_student_20,25,random,1,0.965,0.98,0.06002661,0.02,0.8235204081632653,0.4946262972715817,0.0
0,scratch,random_to_student_20,25,random,2,0.945,0.98,0.086035594,0.035,0.8219387755102041,0.47777470733476307,0.0
0,scratch,random_to_student_20,25,random,3,0.93,0.98,0.11281219,0.05,0.822857142857143,0.4756299304983063,0.0
0,scratch,random_to_student_20,25,random,4,0.945,0.98,0.12285635,0.04,0.8268877551020407,0.5175266882325791,0.0
0,scratch,random_to_student_20,25,random_rescue_10,0,0.905,0.98,0.1993877,0.08,0.8385714285714286,0.5193835580232066,10.0
0,scratch,random_to_student_20,25,random_rescue_10,1,0.91,0.98,0.19562846,0.075,0.8379081632653061,0.5207476035414111,10.0
0,scratch,random_to_student_20,25,random_rescue_10,2,0.915,0.98,0.17662936,0.07,0.8369897959183674,0.5118165633393126,10.0
0,scratch,random_to_student_20,25,random_rescue_10,3,0.925,0.98,0.15379678,0.06,0.8357653061224489,0.512725186692135,10.0
0,scratch,random_to_student_20,25,random_rescue_10,4,0.91,0.98,0.22505873,0.075,0.8388265306122449,0.5229022879403123,10.0
0,scratch,random_to_student_20,25,foreground_rescue_10,0,0.935,0.98,0.10798298,0.05,0.7678061224489796,0.20508126139542684,7.205
0,scratch,random_to_student_20,25,foreground_rescue_10,1,0.94,0.98,0.1257169,0.045,0.7678061224489796,0.20508126139542684,7.205
0,scratch,random_to_student_20,25,foreground_rescue_10,2,0.935,0.98,0.11861366,0.05,0.7678061224489796,0.20508126139542684,7.205
0,scratch,random_to_student_20,25,foreground_rescue_10,3,0.94,0.98,0.101927415,0.045,0.7678061224489796,0.20508126139542684,7.205
0,scratch,random_to_student_20,25,foreground_rescue_10,4,0.945,0.98,0.104286574,0.04,0.7678061224489796,0.20508126139542684,7.205
0,scratch,random_to_student_20,25,low_score_rescue_10,0,0.92,0.98,0.18315147,0.065,0.8343877551020408,0.5099135737615661,10.0
0,scratch,random_to_student_20,25,low_score_rescue_10,1,0.925,0.98,0.1873555,0.06,0.8360204081632654,0.5132395955134015,10.0
0,scratch,random_to_student_20,25,low_score_rescue_10,2,0.9,0.98,0.21078148,0.085,0.8363265306122449,0.5117217665804858,10.0
0,scratch,random_to_student_20,25,low_score_rescue_10,3,0.915,0.98,0.20769514,0.07,0.8348979591836735,0.5029871073881227,10.0
0,scratch,random_to_student_20,25,low_score_rescue_10,4,0.92,0.98,0.19240399,0.065,0.835,0.5097649322283356,10.0
0,scratch,random_to_student_20,25,random_matched,0,0.91,0.98,0.20298459,0.07,0.8368367346938774,0.5139384864136872,7.205
0,scratch,random_to_student_20,25,random_matched,1,0.925,0.98,0.17096256,0.06,0.8362244897959183,0.5089439262965022,7.205
0,scratch,random_to_student_20,25,random_matched,2,0.925,0.98,0.1999373,0.06,0.837091836734694,0.5084825220403559,7.205
0,scratch,random_to_student_20,25,random_matched,3,0.915,0.98,0.20790048,0.07,0.8351530612244897,0.5047581571637589,7.205
0,scratch,random_to_student_20,25,random_matched,4,0.915,0.98,0.17654324,0.07,0.8360204081632654,0.5120963855811508,7.205
0,scratch,random_to_student_20,50,student,0,0.9,0.98,0.20165704,0.085,0.8258163265306123,0.48443967230842605,0.0
0,scratch,random_to_student_20,50,student,1,0.9,0.98,0.20165704,0.085,0.8258163265306123,0.48443967230842605,0.0
0,scratch,random_to_student_20,50,student,2,0.9,0.98,0.20165704,0.085,0.8258163265306123,0.48443967230842605,0.0
0,scratch,random_to_student_20,50,student,3,0.9,0.98,0.20165704,0.085,0.8258163265306123,0.48443967230842605,0.0
0,scratch,random_to_student_20,50,student,4,0.9,0.98,0.20165704,0.085,0.8258163265306123,0.48443967230842605,0.0
0,scratch,random_to_student_20,50,random,0,0.95,0.98,0.07085513,0.03,0.8246938775510205,0.48994748795493875,0.0
0,scratch,random_to_student_20,50,random,1,0.965,0.98,0.06002661,0.02,0.8235204081632653,0.4946262972715817,0.0
0,scratch,random_to_student_20,50,random,2,0.945,0.98,0.086035594,0.035,0.8219387755102041,0.47777470733476307,0.0
0,scratch,random_to_student_20,50,random,3,0.93,0.98,0.11281219,0.05,0.822857142857143,0.4756299304983063,0.0
0,scratch,random_to_student_20,50,random,4,0.945,0.98,0.12285635,0.04,0.8268877551020407,0.5175266882325791,0.0
0,scratch,random_to_student_20,50,random_rescue_10,0,0.935,0.98,0.13974953,0.05,0.824795918367347,0.49223176473260405,10.0
0,scratch,random_to_student_20,50,random_rescue_10,1,0.925,0.98,0.12772095,0.055,0.8269897959183673,0.49042724961851436,10.0
0,scratch,random_to_student_20,50,random_rescue_10,2,0.935,0.98,0.07384235,0.045,0.825204081632653,0.49361281618649955,10.0
0,scratch,random_to_student_20,50,random_rescue_10,3,0.91,0.98,0.14770703,0.07,0.8241836734693879,0.4728978174082697,10.0
0,scratch,random_to_student_20,50,random_rescue_10,4,0.905,0.98,0.14970022,0.08,0.8244897959183675,0.4824971995497474,10.0
0,scratch,random_to_student_20,50,foreground_rescue_10,0,0.95,0.98,0.1004706,0.035,0.7559183673469388,0.1825718344379948,6.85
0,scratch,random_to_student_20,50,foreground_rescue_10,1,0.945,0.98,0.091772325,0.04,0.7559183673469388,0.1825718344379948,6.85
0,scratch,random_to_student_20,50,foreground_rescue_10,2,0.95,0.98,0.09435132,0.035,0.7559183673469388,0.1825718344379948,6.85
0,scratch,random_to_student_20,50,foreground_rescue_10,3,0.945,0.98,0.09291495,0.04,0.7559183673469388,0.1825718344379948,6.85
0,scratch,random_to_student_20,50,foreground_rescue_10,4,0.94,0.98,0.110796496,0.045,0.7559183673469388,0.1825718344379948,6.85
0,scratch,random_to_student_20,50,low_score_rescue_10,0,0.895,0.98,0.1984588,0.09,0.8228571428571427,0.47673839677967794,10.0
0,scratch,random_to_student_20,50,low_score_rescue_10,1,0.89,0.98,0.20397684,0.09,0.8231632653061225,0.4702600508774885,10.0
0,scratch,random_to_student_20,50,low_score_rescue_10,2,0.925,0.98,0.14113586,0.06,0.8222448979591835,0.46968200845198393,10.0
0,scratch,random_to_student_20,50,low_score_rescue_10,3,0.905,0.98,0.17997062,0.075,0.8226530612244898,0.47149693431116896,10.0
0,scratch,random_to_student_20,50,low_score_rescue_10,4,0.91,0.98,0.20193814,0.075,0.8233163265306124,0.4718992513062039,10.0
0,scratch,random_to_student_20,50,random_matched,0,0.905,0.98,0.20769131,0.08,0.8246938775510205,0.48233132421154323,6.85
0,scratch,random_to_student_20,50,random_matched,1,0.915,0.98,0.16277587,0.07,0.8242857142857143,0.4794609938278703,6.85
0,scratch,random_to_student_20,50,random_matched,2,0.915,0.98,0.17398062,0.07,0.8246938775510205,0.47661562037442384,6.85
0,scratch,random_to_student_20,50,random_matched,3,0.9,0.98,0.218079,0.085,0.8222959183673468,0.47412742895617604,6.85
0,scratch,random_to_student_20,50,random_matched,4,0.905,0.98,0.19662203,0.08,0.8238775510204082,0.4793467299831983,6.85
0,scratch,random_to_student_20,75,student,0,0.91,0.98,0.16245261,0.07,0.8188775510204082,0.4346280231368522,0.0
0,scratch,random_to_student_20,75,student,1,0.91,0.98,0.16245261,0.07,0.8188775510204082,0.4346280231368522,0.0
0,scratch,random_to_student_20,75,student,2,0.91,0.98,0.16245261,0.07,0.8188775510204082,0.4346280231368522,0.0
0,scratch,random_to_student_20,75,student,3,0.91,0.98,0.16245261,0.07,0.8188775510204082,0.4346280231368522,0.0
0,scratch,random_to_student_20,75,student,4,0.91,0.98,0.16245261,0.07,0.8188775510204082,0.4346280231368522,0.0
0,scratch,random_to_student_20,75,random,0,0.95,0.98,0.07085513,0.03,0.8246938775510205,0.48994748795493875,0.0
0,scratch,random_to_student_20,75,random,1,0.965,0.98,0.06002661,0.02,0.8235204081632653,0.4946262972715817,0.0
0,scratch,random_to_student_20,75,random,2,0.945,0.98,0.086035594,0.035,0.8219387755102041,0.47777470733476307,0.0
0,scratch,random_to_student_20,75,random,3,0.93,0.98,0.11281219,0.05,0.822857142857143,0.4756299304983063,0.0
0,scratch,random_to_student_20,75,random,4,0.945,0.98,0.12285635,0.04,0.8268877551020407,0.5175266882325791,0.0
0,scratch,random_to_student_20,75,random_rescue_10,0,0.93,0.98,0.11886065,0.05,0.8179591836734694,0.4495989526920871,10.0
0,scratch,random_to_student_20,75,random_rescue_10,1,0.925,0.98,0.09893933,0.055,0.8206122448979591,0.4519426393778187,10.0
0,scratch,random_to_student_20,75,random_rescue_10,2,0.935,0.98,0.115459725,0.045,0.8204081632653061,0.44331842979424624,10.0
0,scratch,random_to_student_20,75,random_rescue_10,3,0.93,0.98,0.11636291,0.05,0.8196428571428572,0.4592079162122541,10.0
0,scratch,random_to_student_20,75,random_rescue_10,4,0.92,0.98,0.1416724,0.06,0.8191326530612244,0.45283567566904664,10.0
0,scratch,random_to_student_20,75,foreground_rescue_10,0,0.935,0.98,0.12576643,0.05,0.7524489795918368,0.16812310795168592,6.51
0,scratch,random_to_student_20,75,foreground_rescue_10,1,0.93,0.98,0.13226934,0.055,0.7524489795918368,0.16812310795168592,6.51
0,scratch,random_to_student_20,75,foreground_rescue_10,2,0.925,0.98,0.12959434,0.06,0.7524489795918368,0.16812310795168592,6.51
0,scratch,random_to_student_20,75,foreground_rescue_10,3,0.925,0.98,0.12837385,0.06,0.7524489795918368,0.16812310795168592,6.51
0,scratch,random_to_student_20,75,foreground_rescue_10,4,0.925,0.98,0.122660734,0.06,0.7524489795918368,0.16812310795168592,6.51
0,scratch,random_to_student_20,75,low_score_rescue_10,0,0.9,0.98,0.1606305,0.08,0.8167857142857141,0.43263653634835275,10.0
0,scratch,random_to_student_20,75,low_score_rescue_10,1,0.92,0.98,0.1447398,0.06,0.8174489795918367,0.43636035101516807,10.0
0,scratch,random_to_student_20,75,low_score_rescue_10,2,0.9,0.98,0.173325,0.08,0.8163775510204081,0.4311384061273199,10.0
0,scratch,random_to_student_20,75,low_score_rescue_10,3,0.91,0.98,0.16886508,0.07,0.8156122448979591,0.43333955422623377,10.0
0,scratch,random_to_student_20,75,low_score_rescue_10,4,0.9,0.98,0.16500832,0.08,0.8165816326530612,0.43305278164204725,10.0
0,scratch,random_to_student_20,75,random_matched,0,0.91,0.98,0.16936822,0.07,0.8192346938775511,0.43564927527503894,6.51
0,scratch,random_to_student_20,75,random_matched,1,0.925,0.98,0.13760777,0.055,0.8185204081632653,0.4332118315079569,6.51
0,scratch,random_to_student_20,75,random_matched,2,0.915,0.98,0.14117345,0.065,0.8181122448979592,0.4308393879282337,6.51
0,scratch,random_to_student_20,75,random_matched,3,0.915,0.98,0.14614579,0.065,0.8178061224489797,0.4339155015608529,6.51
0,scratch,random_to_student_20,75,random_matched,4,0.92,0.98,0.11911955,0.06,0.8172959183673469,0.4273927604194225,6.51
0,scratch,random_to_student_20,100,student,0,0.915,0.98,0.16083193,0.065,0.814387755102041,0.4214695586888947,0.0
0,scratch,random_to_student_20,100,student,1,0.915,0.98,0.16083193,0.065,0.814387755102041,0.4214695586888947,0.0
0,scratch,random_to_student_20,100,student,2,0.915,0.98,0.16083193,0.065,0.814387755102041,0.4214695586888947,0.0
0,scratch,random_to_student_20,100,student,3,0.915,0.98,0.16083193,0.065,0.814387755102041,0.4214695586888947,0.0
0,scratch,random_to_student_20,100,student,4,0.915,0.98,0.16083193,0.065,0.814387755102041,0.4214695586888947,0.0
0,scratch,random_to_student_20,100,random,0,0.95,0.98,0.07085513,0.03,0.8246938775510205,0.48994748795493875,0.0
0,scratch,random_to_student_20,100,random,1,0.965,0.98,0.06002661,0.02,0.8235204081632653,0.4946262972715817,0.0
0,scratch,random_to_student_20,100,random,2,0.945,0.98,0.086035594,0.035,0.8219387755102041,0.47777470733476307,0.0
0,scratch,random_to_student_20,100,random,3,0.93,0.98,0.11281219,0.05,0.822857142857143,0.4756299304983063,0.0
0,scratch,random_to_student_20,100,random,4,0.945,0.98,0.12285635,0.04,0.8268877551020407,0.5175266882325791,0.0
0,scratch,random_to_student_20,100,random_rescue_10,0,0.93,0.98,0.118441485,0.05,0.8153061224489795,0.43649172311753875,10.0
0,scratch,random_to_student_20,100,random_rescue_10,1,0.92,0.98,0.13682693,0.065,0.8157653061224489,0.43042442285091115,10.0
0,scratch,random_to_student_20,100,random_rescue_10,2,0.935,0.98,0.106188126,0.05,0.8165306122448979,0.43050619312121946,10.0
0,scratch,random_to_student_20,100,random_rescue_10,3,0.895,0.98,0.18884388,0.085,0.8153571428571428,0.43662809575843187,10.0
0,scratch,random_to_student_20,100,random_rescue_10,4,0.95,0.98,0.092894726,0.035,0.8176020408163265,0.44346333114890096,10.0
0,scratch,random_to_student_20,100,foreground_rescue_10,0,0.945,0.98,0.101340964,0.04,0.7486224489795918,0.16534725014336626,6.445
0,scratch,random_to_student_20,100,foreground_rescue_10,1,0.94,0.98,0.10232721,0.045,0.7486224489795918,0.16534725014336626,6.445
0,scratch,random_to_student_20,100,foreground_rescue_10,2,0.945,0.98,0.09931507,0.04,0.7486224489795918,0.16534725014336626,6.445
0,scratch,random_to_student_20,100,foreground_rescue_10,3,0.94,0.98,0.114109404,0.045,0.7486224489795918,0.16534725014336626,6.445
0,scratch,random_to_student_20,100,foreground_rescue_10,4,0.94,0.98,0.10451664,0.045,0.7486224489795918,0.16534725014336626,6.445
0,scratch,random_to_student_20,100,low_score_rescue_10,0,0.92,0.98,0.14859739,0.06,0.8123469387755102,0.420767329541319,10.0
0,scratch,random_to_student_20,100,low_score_rescue_10,1,0.915,0.98,0.15059894,0.065,0.811734693877551,0.42133111147460356,10.0
0,scratch,random_to_student_20,100,low_score_rescue_10,2,0.92,0.98,0.14113216,0.06,0.8122448979591838,0.4211098494990568,10.0
0,scratch,random_to_student_20,100,low_score_rescue_10,3,0.91,0.98,0.14824127,0.07,0.8127551020408162,0.42324749848914306,10.0
0,scratch,random_to_student_20,100,low_score_rescue_10,4,0.915,0.98,0.14909616,0.065,0.8122959183673469,0.4212181295354228,10.0
0,scratch,random_to_student_20,100,random_matched,0,0.915,0.98,0.15505013,0.065,0.8151020408163265,0.4213361812109753,6.445
0,scratch,random_to_student_20,100,random_matched,1,0.92,0.98,0.14458011,0.06,0.8127040816326531,0.41378607532806766,6.445
0,scratch,random_to_student_20,100,random_matched,2,0.92,0.98,0.13757008,0.06,0.8135714285714286,0.42038708658880136,6.445
0,scratch,random_to_student_20,100,random_matched,3,0.93,0.98,0.115027755,0.055,0.8125510204081633,0.4140026641550406,6.445
0,scratch,random_to_student_20,100,random_matched,4,0.925,0.98,0.13673294,0.055,0.8157142857142858,0.42372453468948057,6.445
0,scratch,random_to_student_50,0,student,0,0.875,0.98,0.3295332,0.105,0.850561224489796,0.5981794121635886,0.0
0,scratch,random_to_student_50,0,student,1,0.875,0.98,0.3295332,0.105,0.850561224489796,0.5981794121635886,0.0
0,scratch,random_to_student_50,0,student,2,0.875,0.98,0.3295332,0.105,0.850561224489796,0.5981794121635886,0.0
0,scratch,random_to_student_50,0,student,3,0.875,0.98,0.3295332,0.105,0.850561224489796,0.5981794121635886,0.0
0,scratch,random_to_student_50,0,student,4,0.875,0.98,0.3295332,0.105,0.850561224489796,0.5981794121635886,0.0
0,scratch,random_to_student_50,0,random,0,0.95,0.98,0.07085513,0.03,0.8246938775510205,0.48994748795493875,0.0
0,scratch,random_to_student_50,0,random,1,0.965,0.98,0.06002661,0.02,0.8235204081632653,0.4946262972715817,0.0
0,scratch,random_to_student_50,0,random,2,0.945,0.98,0.086035594,0.035,0.8219387755102041,0.47777470733476307,0.0
0,scratch,random_to_student_50,0,random,3,0.93,0.98,0.11281219,0.05,0.822857142857143,0.4756299304983063,0.0
0,scratch,random_to_student_50,0,random,4,0.945,0.98,0.12285635,0.04,0.8268877551020407,0.5175266882325791,0.0
0,scratch,random_to_student_50,0,random_rescue_10,0,0.895,0.98,0.20119835,0.085,0.8451530612244897,0.5638985049597482,10.0
0,scratch,random_to_student_50,0,random_rescue_10,1,0.87,0.98,0.2869938,0.11,0.8446428571428573,0.5759229810069456,10.0
0,scratch,random_to_student_50,0,random_rescue_10,2,0.905,0.98,0.23440336,0.075,0.846887755102041,0.5871443738245714,10.0
0,scratch,random_to_student_50,0,random_rescue_10,3,0.88,0.98,0.26195306,0.1,0.845,0.5784158401279986,10.0
0,scratch,random_to_student_50,0,random_rescue_10,4,0.88,0.98,0.28184977,0.1,0.8460204081632652,0.5803594066019169,10.0
0,scratch,random_to_student_50,0,foreground_rescue_10,0,0.925,0.98,0.12588541,0.055,0.775,0.23701169783036988,7.405
0,scratch,random_to_student_50,0,foreground_rescue_10,1,0.94,0.98,0.08395754,0.04,0.775,0.23701169783036988,7.405
0,scratch,random_to_student_50,0,foreground_rescue_10,2,0.96,0.98,0.06074478,0.02,0.775,0.23701169783036988,7.405
0,scratch,random_to_student_50,0,foreground_rescue_10,3,0.94,0.98,0.0930003,0.04,0.775,0.23701169783036988,7.405
0,scratch,random_to_student_50,0,foreground_rescue_10,4,0.965,0.98,0.049069263,0.015,0.775,0.23701169783036988,7.405
0,scratch,random_to_student_50,0,low_score_rescue_10,0,0.88,0.98,0.27229047,0.1,0.844795918367347,0.5859170772430334,10.0
0,scratch,random_to_student_50,0,low_score_rescue_10,1,0.865,0.98,0.30525488,0.115,0.8471428571428572,0.5853980915056881,10.0
0,scratch,random_to_student_50,0,low_score_rescue_10,2,0.865,0.98,0.30834445,0.115,0.8455102040816327,0.5882467356657168,10.0
0,scratch,random_to_student_50,0,low_score_rescue_10,3,0.885,0.98,0.2842727,0.095,0.844795918367347,0.5901691631743473,10.0
0,scratch,random_to_student_50,0,low_score_rescue_10,4,0.885,0.98,0.2839457,0.095,0.8456122448979592,0.585626088587124,10.0
0,scratch,random_to_student_50,0,random_matched,0,0.9,0.98,0.24033962,0.08,0.8449489795918368,0.5758685372196981,7.405
0,scratch,random_to_student_50,0,random_matched,1,0.885,0.98,0.2601635,0.095,0.8442346938775509,0.5774126876148028,7.405
0,scratch,random_to_student_50,0,random_matched,2,0.89,0.98,0.24671143,0.09,0.8443877551020408,0.5767761202652227,7.405
0,scratch,random_to_student_50,0,random_matched,3,0.91,0.98,0.23422426,0.07,0.8472448979591838,0.5843409831688942,7.405
0,scratch,random_to_student_50,0,random_matched,4,0.895,0.98,0.23182735,0.085,0.8461224489795919,0.5820094300469554,7.405
0,scratch,random_to_student_50,10,student,0,0.875,0.98,0.29558605,0.105,0.8276020408163265,0.49885192057833816,0.0
0,scratch,random_to_student_50,10,student,1,0.875,0.98,0.29558605,0.105,0.8276020408163265,0.49885192057833816,0.0
0,scratch,random_to_student_50,10,student,2,0.875,0.98,0.29558605,0.105,0.8276020408163265,0.49885192057833816,0.0
0,scratch,random_to_student_50,10,student,3,0.875,0.98,0.29558605,0.105,0.8276020408163265,0.49885192057833816,0.0
0,scratch,random_to_student_50,10,student,4,0.875,0.98,0.29558605,0.105,0.8276020408163265,0.49885192057833816,0.0
0,scratch,random_to_student_50,10,random,0,0.95,0.98,0.07085513,0.03,0.8246938775510205,0.48994748795493875,0.0
0,scratch,random_to_student_50,10,random,1,0.965,0.98,0.06002661,0.02,0.8235204081632653,0.4946262972715817,0.0
0,scratch,random_to_student_50,10,random,2,0.945,0.98,0.086035594,0.035,0.8219387755102041,0.47777470733476307,0.0
0,scratch,random_to_student_50,10,random,3,0.93,0.98,0.11281219,0.05,0.822857142857143,0.4756299304983063,0.0
0,scratch,random_to_student_50,10,random,4,0.945,0.98,0.12285635,0.04,0.8268877551020407,0.5175266882325791,0.0
0,scratch,random_to_student_50,10,random_rescue_10,0,0.925,0.98,0.18665479,0.055,0.8256632653061224,0.4978218378652452,10.0
0,scratch,random_to_student_50,10,random_rescue_10,1,0.895,0.98,0.22168036,0.085,0.8276020408163265,0.5039314916272584,10.0
0,scratch,random_to_student_50,10,random_rescue_10,2,0.91,0.98,0.17249243,0.07,0.8265306122448979,0.49909838327696776,10.0
0,scratch,random_to_student_50,10,random_rescue_10,3,0.89,0.98,0.23586494,0.09,0.8276020408163265,0.504408314145909,10.0
0,scratch,random_to_student_50,10,random_rescue_10,4,0.9,0.98,0.19487374,0.08,0.8279591836734693,0.4992665168210363,10.0
0,scratch,random_to_student_50,10,foreground_rescue_10,0,0.92,0.98,0.162485,0.06,0.7565306122448979,0.18259781044725087,6.965
0,scratch,random_to_student_50,10,foreground_rescue_10,1,0.93,0.98,0.13471507,0.05,0.7565306122448979,0.18259781044725087,6.965
0,scratch,random_to_student_50,10,foreground_rescue_10,2,0.92,0.98,0.14573087,0.06,0.7565306122448979,0.18259781044725087,6.965
0,scratch,random_to_student_50,10,foreground_rescue_10,3,0.915,0.98,0.16876148,0.065,0.7565306122448979,0.18259781044725087,6.965
0,scratch,random_to_student_50,10,foreground_rescue_10,4,0.925,0.98,0.1529095,0.055,0.7565306122448979,0.18259781044725087,6.965
0,scratch,random_to_student_50,10,low_score_rescue_10,0,0.91,0.98,0.20288983,0.07,0.8236224489795919,0.48198699250511373,10.0
0,scratch,random_to_student_50,10,low_score_rescue_10,1,0.895,0.98,0.24690826,0.085,0.8248979591836735,0.48990553541391213,10.0
0,scratch,random_to_student_50,10,low_score_rescue_10,2,0.885,0.98,0.28765598,0.095,0.8254081632653061,0.4861922047672061,10.0
0,scratch,random_to_student_50,10,low_score_rescue_10,3,0.9,0.98,0.25260943,0.08,0.8245918367346938,0.48744726535163224,10.0
0,scratch,random_to_student_50,10,low_score_rescue_10,4,0.915,0.98,0.20483384,0.065,0.824795918367347,0.4881056833542559,10.0
0,scratch,random_to_student_50,10,random_matched,0,0.88,0.98,0.2824558,0.1,0.8270408163265306,0.4951606687177454,6.965
0,scratch,random_to_student_50,10,random_matched,1,0.89,0.98,0.25118285,0.09,0.8264285714285714,0.49556622303334324,6.965
0,scratch,random_to_student_50,10,random_matched,2,0.88,0.98,0.27869874,0.1,0.8259183673469388,0.488421876664339,6.965
0,scratch,random_to_student_50,10,random_matched,3,0.875,0.98,0.32312104,0.105,0.8273979591836735,0.4987089605752752,6.965
0,scratch,random_to_student_50,10,random_matched,4,0.91,0.98,0.19499739,0.07,0.8260204081632654,0.49079052030858517,6.965
0,scratch,random_to_student_50,25,student,0,0.9,0.98,0.24870667,0.08,0.8366836734693877,0.5234706018808408,0.0
0,scratch,random_to_student_50,25,student,1,0.9,0.98,0.24870667,0.08,0.8366836734693877,0.5234706018808408,0.0
0,scratch,random_to_student_50,25,student,2,0.9,0.98,0.24870667,0.08,0.8366836734693877,0.5234706018808408,0.0
0,scratch,random_to_student_50,25,student,3,0.9,0.98,0.24870667,0.08,0.8366836734693877,0.5234706018808408,0.0
0,scratch,random_to_student_50,25,student,4,0.9,0.98,0.24870667,0.08,0.8366836734693877,0.5234706018808408,0.0
0,scratch,random_to_student_50,25,random,0,0.95,0.98,0.07085513,0.03,0.8246938775510205,0.48994748795493875,0.0
0,scratch,random_to_student_50,25,random,1,0.965,0.98,0.06002661,0.02,0.8235204081632653,0.4946262972715817,0.0
0,scratch,random_to_student_50,25,random,2,0.945,0.98,0.086035594,0.035,0.8219387755102041,0.47777470733476307,0.0
0,scratch,random_to_student_50,25,random,3,0.93,0.98,0.11281219,0.05,0.822857142857143,0.4756299304983063,0.0
0,scratch,random_to_student_50,25,random,4,0.945,0.98,0.12285635,0.04,0.8268877551020407,0.5175266882325791,0.0
0,scratch,random_to_student_50,25,random_rescue_10,0,0.915,0.98,0.22143991,0.065,0.8346428571428572,0.5273653301379333,10.0
0,scratch,random_to_student_50,25,random_rescue_10,1,0.895,0.98,0.24477157,0.085,0.835204081632653,0.5257905460107064,10.0
0,scratch,random_to_student_50,25,random_rescue_10,2,0.91,0.98,0.2301022,0.075,0.8338775510204082,0.5081944525024378,10.0
0,scratch,random_to_student_50,25,random_rescue_10,3,0.9,0.98,0.2332019,0.08,0.8340816326530611,0.5146424048975838,10.0
0,scratch,random_to_student_50,25,random_rescue_10,4,0.92,0.98,0.17889902,0.06,0.8328061224489796,0.5125606904832741,10.0
0,scratch,random_to_student_50,25,foreground_rescue_10,0,0.94,0.98,0.105739355,0.045,0.7628571428571429,0.2020054258297294,7.235
0,scratch,random_to_student_50,25,foreground_rescue_10,1,0.93,0.98,0.12225733,0.055,0.7628571428571429,0.2020054258297294,7.235
0,scratch,random_to_student_50,25,foreground_rescue_10,2,0.94,0.98,0.1182173,0.045,0.7628571428571429,0.2020054258297294,7.235
0,scratch,random_to_student_50,25,foreground_rescue_10,3,0.955,0.98,0.08041646,0.03,0.7628571428571429,0.2020054258297294,7.235
0,scratch,random_to_student_50,25,foreground_rescue_10,4,0.95,0.98,0.09085379,0.035,0.7628571428571429,0.2020054258297294,7.235
0,scratch,random_to_student_50,25,low_score_rescue_10,0,0.895,0.98,0.24450725,0.085,0.8303061224489795,0.5003485591009427,10.0
0,scratch,random_to_student_50,25,low_score_rescue_10,1,0.91,0.98,0.17687765,0.07,0.8307142857142857,0.5017091347846413,10.0
0,scratch,random_to_student_50,25,low_score_rescue_10,2,0.91,0.98,0.20200749,0.07,0.8315306122448979,0.5104300767081775,10.0
0,scratch,random_to_student_50,25,low_score_rescue_10,3,0.9,0.98,0.23199883,0.08,0.8305102040816326,0.5070775596624538,10.0
0,scratch,random_to_student_50,25,low_score_rescue_10,4,0.89,0.98,0.24169594,0.09,0.8296428571428572,0.5038171249602332,10.0
0,scratch,random_to_student_50,25,random_matched,0,0.89,0.98,0.24892941,0.09,0.8333673469387756,0.5135518816907237,7.235
0,scratch,random_to_student_50,25,random_matched,1,0.895,0.98,0.24312481,0.085,0.8329591836734693,0.5121111466185541,7.235
0,scratch,random_to_student_50,25,random_matched,2,0.9,0.98,0.24646729,0.08,0.8328061224489796,0.507295403204518,7.235
0,scratch,random_to_student_50,25,random_matched,3,0.89,0.98,0.25461555,0.09,0.8324489795918367,0.5068178850378359,7.235
0,scratch,random_to_student_50,25,random_matched,4,0.895,0.98,0.23823506,0.085,0.8328061224489797,0.5110144032225802,7.235
0,scratch,random_to_student_50,50,student,0,0.91,0.98,0.19557981,0.07,0.8262244897959183,0.47175435572488134,0.0
0,scratch,random_to_student_50,50,student,1,0.91,0.98,0.19557981,0.07,0.8262244897959183,0.47175435572488134,0.0
0,scratch,random_to_student_50,50,student,2,0.91,0.98,0.19557981,0.07,0.8262244897959183,0.47175435572488134,0.0
0,scratch,random_to_student_50,50,student,3,0.91,0.98,0.19557981,0.07,0.8262244897959183,0.47175435572488134,0.0
0,scratch,random_to_student_50,50,student,4,0.91,0.98,0.19557981,0.07,0.8262244897959183,0.47175435572488134,0.0
0,scratch,random_to_student_50,50,random,0,0.95,0.98,0.07085513,0.03,0.8246938775510205,0.48994748795493875,0.0
0,scratch,random_to_student_50,50,random,1,0.965,0.98,0.06002661,0.02,0.8235204081632653,0.4946262972715817,0.0
0,scratch,random_to_student_50,50,random,2,0.945,0.98,0.086035594,0.035,0.8219387755102041,0.47777470733476307,0.0
0,scratch,random_to_student_50,50,random,3,0.93,0.98,0.11281219,0.05,0.822857142857143,0.4756299304983063,0.0
0,scratch,random_to_student_50,50,random,4,0.945,0.98,0.12285635,0.04,0.8268877551020407,0.5175266882325791,0.0
0,scratch,random_to_student_50,50,random_rescue_10,0,0.935,0.98,0.13589334,0.045,0.8258163265306122,0.48452690068020393,10.0
0,scratch,random_to_student_50,50,random_rescue_10,1,0.915,0.98,0.15684827,0.065,0.8249489795918368,0.4776510256592528,10.0
0,scratch,random_to_student_50,50,random_rescue_10,2,0.92,0.98,0.16466576,0.06,0.8253571428571428,0.4644146479979252,10.0
0,scratch,random_to_student_50,50,random_rescue_10,3,0.92,0.98,0.16002403,0.06,0.8259183673469387,0.4792446261417162,10.0
0,scratch,random_to_student_50,50,random_rescue_10,4,0.93,0.98,0.15196002,0.05,0.8231122448979593,0.4642643776115787,10.0
0,scratch,random_to_student_50,50,foreground_rescue_10,0,0.94,0.98,0.08049103,0.04,0.7539795918367347,0.17188039839899813,7.08
0,scratch,random_to_student_50,50,foreground_rescue_10,1,0.94,0.98,0.10622044,0.04,0.7539795918367347,0.17188039839899813,7.08
0,scratch,random_to_student_50,50,foreground_rescue_10,2,0.945,0.98,0.08169916,0.035,0.7539795918367347,0.17188039839899813,7.08
0,scratch,random_to_student_50,50,foreground_rescue_10,3,0.94,0.98,0.09229806,0.04,0.7539795918367347,0.17188039839899813,7.08
0,scratch,random_to_student_50,50,foreground_rescue_10,4,0.935,0.98,0.096388586,0.045,0.7539795918367347,0.17188039839899813,7.08
0,scratch,random_to_student_50,50,low_score_rescue_10,0,0.925,0.98,0.14617056,0.055,0.8223979591836733,0.4591608126123674,10.0
0,scratch,random_to_student_50,50,low_score_rescue_10,1,0.93,0.98,0.1484332,0.055,0.822091836734694,0.45652823964451933,10.0
0,scratch,random_to_student_50,50,low_score_rescue_10,2,0.91,0.98,0.18243447,0.075,0.8244387755102041,0.4675344338996669,10.0
0,scratch,random_to_student_50,50,low_score_rescue_10,3,0.905,0.98,0.15632677,0.08,0.8236734693877551,0.46429457962051746,10.0
0,scratch,random_to_student_50,50,low_score_rescue_10,4,0.92,0.98,0.14797565,0.065,0.8231632653061225,0.4687002551200165,10.0
0,scratch,random_to_student_50,50,random_matched,0,0.92,0.98,0.15483773,0.06,0.8261224489795919,0.46966903548198996,7.08
0,scratch,random_to_student_50,50,random_matched,1,0.91,0.98,0.17463379,0.07,0.8267346938775509,0.4719444189633546,7.08
0,scratch,random_to_student_50,50,random_matched,2,0.9,0.98,0.18312816,0.08,0.8247448979591837,0.4673827571239246,7.08
0,scratch,random_to_student_50,50,random_matched,3,0.92,0.98,0.13265908,0.06,0.8246428571428571,0.46288961161859277,7.08
0,scratch,random_to_student_50,50,random_matched,4,0.9,0.98,0.18159886,0.08,0.8254591836734694,0.4684981958877184,7.08
0,scratch,random_to_student_50,75,student,0,0.925,0.98,0.15177067,0.055,0.8234183673469389,0.46821941868634653,0.0
0,scratch,random_to_student_50,75,student,1,0.925,0.98,0.15177067,0.055,0.8234183673469389,0.46821941868634653,0.0
0,scratch,random_to_student_50,75,student,2,0.925,0.98,0.15177067,0.055,0.8234183673469389,0.46821941868634653,0.0
0,scratch,random_to_student_50,75,student,3,0.925,0.98,0.15177067,0.055,0.8234183673469389,0.46821941868634653,0.0
0,scratch,random_to_student_50,75,student,4,0.925,0.98,0.15177067,0.055,0.8234183673469389,0.46821941868634653,0.0
0,scratch,random_to_student_50,75,random,0,0.95,0.98,0.07085513,0.03,0.8246938775510205,0.48994748795493875,0.0
0,scratch,random_to_student_50,75,random,1,0.965,0.98,0.06002661,0.02,0.8235204081632653,0.4946262972715817,0.0
0,scratch,random_to_student_50,75,random,2,0.945,0.98,0.086035594,0.035,0.8219387755102041,0.47777470733476307,0.0
0,scratch,random_to_student_50,75,random,3,0.93,0.98,0.11281219,0.05,0.822857142857143,0.4756299304983063,0.0
0,scratch,random_to_student_50,75,random,4,0.945,0.98,0.12285635,0.04,0.8268877551020407,0.5175266882325791,0.0
0,scratch,random_to_student_50,75,random_rescue_10,0,0.91,0.98,0.13328293,0.07,0.8244387755102042,0.4758219025702733,10.0
0,scratch,random_to_student_50,75,random_rescue_10,1,0.93,0.98,0.1136221,0.05,0.8235714285714286,0.47766619478303585,10.0
0,scratch,random_to_student_50,75,random_rescue_10,2,0.92,0.98,0.15822847,0.06,0.8231632653061226,0.4681512458587243,10.0
0,scratch,random_to_student_50,75,random_rescue_10,3,0.935,0.98,0.10306407,0.045,0.8238265306122449,0.46668127158294165,10.0
0,scratch,random_to_student_50,75,random_rescue_10,4,0.92,0.98,0.15763341,0.06,0.8235204081632653,0.4862297011656047,10.0
0,scratch,random_to_student_50,75,foreground_rescue_10,0,0.95,0.98,0.07681358,0.03,0.7521938775510205,0.16661456776479636,6.98
0,scratch,random_to_student_50,75,foreground_rescue_10,1,0.955,0.98,0.07218108,0.025,0.7521938775510205,0.16661456776479636,6.98
0,scratch,random_to_student_50,75,foreground_rescue_10,2,0.95,0.98,0.086986065,0.03,0.7521938775510205,0.16661456776479636,6.98
0,scratch,random_to_student_50,75,foreground_rescue_10,3,0.945,0.98,0.09325192,0.035,0.7521938775510205,0.16661456776479636,6.98
0,scratch,random_to_student_50,75,foreground_rescue_10,4,0.955,0.98,0.06887723,0.025,0.7521938775510205,0.16661456776479636,6.98
0,scratch,random_to_student_50,75,low_score_rescue_10,0,0.915,0.98,0.16077492,0.065,0.8219387755102041,0.4657421770987809,10.0
0,scratch,random_to_student_50,75,low_score_rescue_10,1,0.91,0.98,0.14116251,0.07,0.8195918367346939,0.4554384098338544,10.0
0,scratch,random_to_student_50,75,low_score_rescue_10,2,0.93,0.98,0.13691604,0.05,0.820561224489796,0.45981456827901795,10.0
0,scratch,random_to_student_50,75,low_score_rescue_10,3,0.93,0.98,0.13150513,0.055,0.8201020408163265,0.45820455871014404,10.0
0,scratch,random_to_student_50,75,low_score_rescue_10,4,0.91,0.98,0.1655992,0.07,0.8207142857142858,0.45922005590314374,10.0
0,scratch,random_to_student_50,75,random_matched,0,0.92,0.98,0.14601088,0.06,0.8215816326530612,0.46361859160798274,6.98
0,scratch,random_to_student_50,75,random_matched,1,0.935,0.98,0.119232714,0.045,0.8214795918367347,0.46350493692011285,6.98
0,scratch,random_to_student_50,75,random_matched,2,0.92,0.98,0.1334503,0.06,0.821530612244898,0.46270492018728654,6.98
0,scratch,random_to_student_50,75,random_matched,3,0.92,0.98,0.15757072,0.06,0.8238265306122449,0.46594203995848216,6.98
0,scratch,random_to_student_50,75,random_matched,4,0.935,0.98,0.12219133,0.045,0.8221938775510204,0.46652771684656086,6.98
0,scratch,random_to_student_50,100,student,0,0.925,0.98,0.1501484,0.055,0.8219387755102041,0.4586085706793939,0.0
0,scratch,random_to_student_50,100,student,1,0.925,0.98,0.1501484,0.055,0.8219387755102041,0.4586085706793939,0.0
0,scratch,random_to_student_50,100,student,2,0.925,0.98,0.1501484,0.055,0.8219387755102041,0.4586085706793939,0.0
0,scratch,random_to_student_50,100,student,3,0.925,0.98,0.1501484,0.055,0.8219387755102041,0.4586085706793939,0.0
0,scratch,random_to_student_50,100,student,4,0.925,0.98,0.1501484,0.055,0.8219387755102041,0.4586085706793939,0.0
0,scratch,random_to_student_50,100,random,0,0.95,0.98,0.07085513,0.03,0.8246938775510205,0.48994748795493875,0.0
0,scratch,random_to_student_50,100,random,1,0.965,0.98,0.06002661,0.02,0.8235204081632653,0.4946262972715817,0.0
0,scratch,random_to_student_50,100,random,2,0.945,0.98,0.086035594,0.035,0.8219387755102041,0.47777470733476307,0.0
0,scratch,random_to_student_50,100,random,3,0.93,0.98,0.11281219,0.05,0.822857142857143,0.4756299304983063,0.0
0,scratch,random_to_student_50,100,random,4,0.945,0.98,0.12285635,0.04,0.8268877551020407,0.5175266882325791,0.0
0,scratch,random_to_student_50,100,random_rescue_10,0,0.915,0.98,0.14728513,0.065,0.8238265306122449,0.4711612007935171,10.0
0,scratch,random_to_student_50,100,random_rescue_10,1,0.93,0.98,0.12633401,0.05,0.8215816326530612,0.46403305048389265,10.0
0,scratch,random_to_student_50,100,random_rescue_10,2,0.915,0.98,0.16583313,0.065,0.8223469387755102,0.46024175537616874,10.0
0,scratch,random_to_student_50,100,random_rescue_10,3,0.915,0.98,0.16253132,0.065,0.8220408163265306,0.4672404148888547,10.0
0,scratch,random_to_student_50,100,random_rescue_10,4,0.91,0.98,0.17019829,0.07,0.8230102040816327,0.47060195303982216,10.0
0,scratch,random_to_student_50,100,foreground_rescue_10,0,0.95,0.98,0.07844866,0.03,0.7513265306122449,0.16525152610921676,6.92
0,scratch,random_to_student_50,100,foreground_rescue_10,1,0.955,0.98,0.071321286,0.025,0.7513265306122449,0.16525152610921676,6.92
0,scratch,random_to_student_50,100,foreground_rescue_10,2,0.955,0.98,0.06802218,0.025,0.7513265306122449,0.16525152610921676,6.92
0,scratch,random_to_student_50,100,foreground_rescue_10,3,0.945,0.98,0.07362495,0.035,0.7513265306122449,0.16525152610921676,6.92
0,scratch,random_to_student_50,100,foreground_rescue_10,4,0.945,0.98,0.08453917,0.035,0.7513265306122449,0.16525152610921676,6.92
0,scratch,random_to_student_50,100,low_score_rescue_10,0,0.93,0.98,0.11725388,0.05,0.8196938775510203,0.44838813712782816,10.0
0,scratch,random_to_student_50,100,low_score_rescue_10,1,0.935,0.98,0.130585,0.045,0.8190306122448979,0.445863137616823,10.0
0,scratch,random_to_student_50,100,low_score_rescue_10,2,0.935,0.98,0.13110118,0.045,0.8204591836734694,0.45033788066914904,10.0
0,scratch,random_to_student_50,100,low_score_rescue_10,3,0.945,0.98,0.106462196,0.035,0.8192346938775511,0.44244694198079526,10.0
0,scratch,random_to_student_50,100,low_score_rescue_10,4,0.935,0.98,0.11944315,0.045,0.8192857142857143,0.4505101269794409,10.0
0,scratch,random_to_student_50,100,random_matched,0,0.925,0.98,0.12317772,0.055,0.8229591836734693,0.45780713239108706,6.92
0,scratch,random_to_student_50,100,random_matched,1,0.94,0.98,0.10392685,0.04,0.8215306122448979,0.45599516685786956,6.92
0,scratch,random_to_student_50,100,random_matched,2,0.94,0.98,0.108213805,0.04,0.8219897959183673,0.4558589033492747,6.92
0,scratch,random_to_student_50,100,random_matched,3,0.935,0.98,0.1422887,0.045,0.820969387755102,0.45562488482539004,6.92
0,scratch,random_to_student_50,100,random_matched,4,0.935,0.98,0.12937422,0.045,0.8213265306122449,0.4604464035453834,6.92
0,scratch,student,0,student,0,0.875,0.98,0.3295332,0.105,0.850561224489796,0.5981794121635886,0.0
0,scratch,student,0,student,1,0.875,0.98,0.3295332,0.105,0.850561224489796,0.5981794121635886,0.0
0,scratch,student,0,student,2,0.875,0.98,0.3295332,0.105,0.850561224489796,0.5981794121635886,0.0
0,scratch,student,0,student,3,0.875,0.98,0.3295332,0.105,0.850561224489796,0.5981794121635886,0.0
0,scratch,student,0,student,4,0.875,0.98,0.3295332,0.105,0.850561224489796,0.5981794121635886,0.0
0,scratch,student,0,random,0,0.95,0.98,0.07085513,0.03,0.8246938775510205,0.48994748795493875,0.0
0,scratch,student,0,random,1,0.965,0.98,0.06002661,0.02,0.8235204081632653,0.4946262972715817,0.0
0,scratch,student,0,random,2,0.945,0.98,0.086035594,0.035,0.8219387755102041,0.47777470733476307,0.0
0,scratch,student,0,random,3,0.93,0.98,0.11281219,0.05,0.822857142857143,0.4756299304983063,0.0
0,scratch,student,0,random,4,0.945,0.98,0.12285635,0.04,0.8268877551020407,0.5175266882325791,0.0
0,scratch,student,0,random_rescue_10,0,0.895,0.98,0.20119835,0.085,0.8451530612244897,0.5638985049597482,10.0
0,scratch,student,0,random_rescue_10,1,0.87,0.98,0.2869938,0.11,0.8446428571428573,0.5759229810069456,10.0
0,scratch,student,0,random_rescue_10,2,0.905,0.98,0.23440336,0.075,0.846887755102041,0.5871443738245714,10.0
0,scratch,student,0,random_rescue_10,3,0.88,0.98,0.26195306,0.1,0.845,0.5784158401279986,10.0
0,scratch,student,0,random_rescue_10,4,0.88,0.98,0.28184977,0.1,0.8460204081632652,0.5803594066019169,10.0
0,scratch,student,0,foreground_rescue_10,0,0.925,0.98,0.12588541,0.055,0.775,0.23701169783036988,7.405
0,scratch,student,0,foreground_rescue_10,1,0.94,0.98,0.08395754,0.04,0.775,0.23701169783036988,7.405
0,scratch,student,0,foreground_rescue_10,2,0.96,0.98,0.06074478,0.02,0.775,0.23701169783036988,7.405
0,scratch,student,0,foreground_rescue_10,3,0.94,0.98,0.0930003,0.04,0.775,0.23701169783036988,7.405
0,scratch,student,0,foreground_rescue_10,4,0.965,0.98,0.049069263,0.015,0.775,0.23701169783036988,7.405
0,scratch,student,0,low_score_rescue_10,0,0.88,0.98,0.27229047,0.1,0.844795918367347,0.5859170772430334,10.0
0,scratch,student,0,low_score_rescue_10,1,0.865,0.98,0.30525488,0.115,0.8471428571428572,0.5853980915056881,10.0
0,scratch,student,0,low_score_rescue_10,2,0.865,0.98,0.30834445,0.115,0.8455102040816327,0.5882467356657168,10.0
0,scratch,student,0,low_score_rescue_10,3,0.885,0.98,0.2842727,0.095,0.844795918367347,0.5901691631743473,10.0
0,scratch,student,0,low_score_rescue_10,4,0.885,0.98,0.2839457,0.095,0.8456122448979592,0.585626088587124,10.0
0,scratch,student,0,random_matched,0,0.9,0.98,0.24033962,0.08,0.8449489795918368,0.5758685372196981,7.405
0,scratch,student,0,random_matched,1,0.885,0.98,0.2601635,0.095,0.8442346938775509,0.5774126876148028,7.405
0,scratch,student,0,random_matched,2,0.89,0.98,0.24671143,0.09,0.8443877551020408,0.5767761202652227,7.405
0,scratch,student,0,random_matched,3,0.91,0.98,0.23422426,0.07,0.8472448979591838,0.5843409831688942,7.405
0,scratch,student,0,random_matched,4,0.895,0.98,0.23182735,0.085,0.8461224489795919,0.5820094300469554,7.405
0,scratch,student,10,student,0,0.875,0.98,0.24826713,0.105,0.8229081632653061,0.49104232563855293,0.0
0,scratch,student,10,student,1,0.875,0.98,0.24826713,0.105,0.8229081632653061,0.49104232563855293,0.0
0,scratch,student,10,student,2,0.875,0.98,0.24826713,0.105,0.8229081632653061,0.49104232563855293,0.0
0,scratch,student,10,student,3,0.875,0.98,0.24826713,0.105,0.8229081632653061,0.49104232563855293,0.0
0,scratch,student,10,student,4,0.875,0.98,0.24826713,0.105,0.8229081632653061,0.49104232563855293,0.0
0,scratch,student,10,random,0,0.95,0.98,0.07085513,0.03,0.8246938775510205,0.48994748795493875,0.0
0,scratch,student,10,random,1,0.965,0.98,0.06002661,0.02,0.8235204081632653,0.4946262972715817,0.0
0,scratch,student,10,random,2,0.945,0.98,0.086035594,0.035,0.8219387755102041,0.47777470733476307,0.0
0,scratch,student,10,random,3,0.93,0.98,0.11281219,0.05,0.822857142857143,0.4756299304983063,0.0
0,scratch,student,10,random,4,0.945,0.98,0.12285635,0.04,0.8268877551020407,0.5175266882325791,0.0
0,scratch,student,10,random_rescue_10,0,0.885,0.98,0.24593566,0.095,0.8229591836734693,0.5001284003613222,10.0
0,scratch,student,10,random_rescue_10,1,0.89,0.98,0.25305602,0.095,0.8225510204081633,0.48968822727650246,10.0
0,scratch,student,10,random_rescue_10,2,0.9,0.98,0.23063448,0.08,0.8229081632653061,0.48610156233251556,10.0
0,scratch,student,10,random_rescue_10,3,0.905,0.98,0.24510321,0.075,0.8236734693877551,0.48574322995612546,10.0
0,scratch,student,10,random_rescue_10,4,0.905,0.98,0.19223855,0.075,0.8227551020408163,0.49062246847121227,10.0
0,scratch,student,10,foreground_rescue_10,0,0.945,0.98,0.073882915,0.035,0.7540816326530612,0.18327390068846178,6.745
0,scratch,student,10,foreground_rescue_10,1,0.93,0.98,0.119889505,0.05,0.7540816326530612,0.18327390068846178,6.745
0,scratch,student,10,foreground_rescue_10,2,0.94,0.98,0.09207004,0.04,0.7540816326530612,0.18327390068846178,6.745
0,scratch,student,10,foreground_rescue_10,3,0.945,0.98,0.0776161,0.035,0.7540816326530612,0.18327390068846178,6.745
0,scratch,student,10,foreground_rescue_10,4,0.935,0.98,0.09259775,0.045,0.7540816326530612,0.18327390068846178,6.745
0,scratch,student,10,low_score_rescue_10,0,0.91,0.98,0.18025444,0.07,0.8178571428571427,0.4718107847347807,10.0
0,scratch,student,10,low_score_rescue_10,1,0.89,0.98,0.21985523,0.09,0.8187244897959184,0.4789228134420938,10.0
0,scratch,student,10,low_score_rescue_10,2,0.9,0.98,0.216019,0.08,0.8187755102040817,0.4767761339245737,10.0
0,scratch,student,10,low_score_rescue_10,3,0.885,0.98,0.21796533,0.095,0.8194387755102042,0.47354980644643113,10.0
0,scratch,student,10,low_score_rescue_10,4,0.91,0.98,0.20253755,0.07,0.8195408163265305,0.47831721220320084,10.0
0,scratch,student,10,random_matched,0,0.89,0.98,0.21302582,0.09,0.8206122448979591,0.4759646250796186,6.745
0,scratch,student,10,random_matched,1,0.9,0.98,0.1980455,0.08,0.8208673469387756,0.4810073635828574,6.745
0,scratch,student,10,random_matched,2,0.89,0.98,0.21416023,0.09,0.8203061224489795,0.48294951256340785,6.745
0,scratch,student,10,random_matched,3,0.88,0.98,0.23284607,0.1,0.8221428571428571,0.48599972223082644,6.745
0,scratch,student,10,random_matched,4,0.885,0.98,0.20809944,0.095,0.8207653061224489,0.4793817028251293,6.745
0,scratch,student,25,student,0,0.855,0.98,0.32686675,0.125,0.8257653061224491,0.5185421298498762,0.0
0,scratch,student,25,student,1,0.855,0.98,0.32686675,0.125,0.8257653061224491,0.5185421298498762,0.0
0,scratch,student,25,student,2,0.855,0.98,0.32686675,0.125,0.8257653061224491,0.5185421298498762,0.0
0,scratch,student,25,student,3,0.855,0.98,0.32686675,0.125,0.8257653061224491,0.5185421298498762,0.0
0,scratch,student,25,student,4,0.855,0.98,0.32686675,0.125,0.8257653061224491,0.5185421298498762,0.0
0,scratch,student,25,random,0,0.95,0.98,0.07085513,0.03,0.8246938775510205,0.48994748795493875,0.0
0,scratch,student,25,random,1,0.965,0.98,0.06002661,0.02,0.8235204081632653,0.4946262972715817,0.0
0,scratch,student,25,random,2,0.945,0.98,0.086035594,0.035,0.8219387755102041,0.47777470733476307,0.0
0,scratch,student,25,random,3,0.93,0.98,0.11281219,0.05,0.822857142857143,0.4756299304983063,0.0
0,scratch,student,25,random,4,0.945,0.98,0.12285635,0.04,0.8268877551020407,0.5175266882325791,0.0
0,scratch,student,25,random_rescue_10,0,0.89,0.98,0.27892122,0.09,0.8258673469387756,0.5183483043496842,10.0
0,scratch,student,25,random_rescue_10,1,0.895,0.98,0.25828466,0.085,0.8243367346938776,0.5136318282397941,10.0
0,scratch,student,25,random_rescue_10,2,0.89,0.98,0.2324789,0.09,0.8258163265306123,0.5173139058317868,10.0
0,scratch,student,25,random_rescue_10,3,0.9,0.98,0.23931183,0.08,0.8260204081632654,0.5104478745211098,10.0
0,scratch,student,25,random_rescue_10,4,0.885,0.98,0.26931804,0.095,0.8261734693877549,0.5231632848805576,10.0
0,scratch,student,25,foreground_rescue_10,0,0.93,0.98,0.13693787,0.055,0.7552551020408164,0.1896135044853898,6.91
0,scratch,student,25,foreground_rescue_10,1,0.92,0.98,0.13678753,0.065,0.7552551020408164,0.1896135044853898,6.91
0,scratch,student,25,foreground_rescue_10,2,0.915,0.98,0.15924469,0.07,0.7552551020408164,0.1896135044853898,6.91
0,scratch,student,25,foreground_rescue_10,3,0.925,0.98,0.13595198,0.06,0.7552551020408164,0.1896135044853898,6.91
0,scratch,student,25,foreground_rescue_10,4,0.935,0.98,0.14315575,0.05,0.7552551020408164,0.1896135044853898,6.91
0,scratch,student,25,low_score_rescue_10,0,0.89,0.98,0.24734505,0.09,0.8233673469387756,0.5126916925816775,10.0
0,scratch,student,25,low_score_rescue_10,1,0.9,0.98,0.21532665,0.08,0.8239795918367346,0.507528907265929,10.0
0,scratch,student,25,low_score_rescue_10,2,0.91,0.98,0.16431,0.07,0.824795918367347,0.5066639639348574,10.0
0,scratch,student,25,low_score_rescue_10,3,0.89,0.98,0.23735923,0.09,0.8237755102040816,0.5119815345220646,10.0
0,scratch,student,25,low_score_rescue_10,4,0.895,0.98,0.18548523,0.085,0.8245408163265308,0.5145700267864617,10.0
0,scratch,student,25,random_matched,0,0.88,0.98,0.2527245,0.1,0.8235714285714286,0.5059003382418061,6.91
0,scratch,student,25,random_matched,1,0.88,0.98,0.29524696,0.1,0.8233163265306122,0.5054283361452667,6.91
0,scratch,student,25,random_matched,2,0.9,0.98,0.21003033,0.08,0.8231632653061226,0.5061133370694927,6.91
0,scratch,student,25,random_matched,3,0.89,0.98,0.24205871,0.09,0.8229591836734693,0.5091674938574225,6.91
0,scratch,student,25,random_matched,4,0.89,0.98,0.25819433,0.09,0.8246428571428572,0.5087212285267001,6.91
0,scratch,student,50,student,0,0.91,0.98,0.18574047,0.07,0.8140306122448979,0.4569634258315652,0.0
0,scratch,student,50,student,1,0.91,0.98,0.18574047,0.07,0.8140306122448979,0.4569634258315652,0.0
0,scratch,student,50,student,2,0.91,0.98,0.18574047,0.07,0.8140306122448979,0.4569634258315652,0.0
0,scratch,student,50,student,3,0.91,0.98,0.18574047,0.07,0.8140306122448979,0.4569634258315652,0.0
0,scratch,student,50,student,4,0.91,0.98,0.18574047,0.07,0.8140306122448979,0.4569634258315652,0.0
0,scratch,student,50,random,0,0.95,0.98,0.07085513,0.03,0.8246938775510205,0.48994748795493875,0.0
0,scratch,student,50,random,1,0.965,0.98,0.06002661,0.02,0.8235204081632653,0.4946262972715817,0.0
0,scratch,student,50,random,2,0.945,0.98,0.086035594,0.035,0.8219387755102041,0.47777470733476307,0.0
0,scratch,student,50,random,3,0.93,0.98,0.11281219,0.05,0.822857142857143,0.4756299304983063,0.0
0,scratch,student,50,random,4,0.945,0.98,0.12285635,0.04,0.8268877551020407,0.5175266882325791,0.0
0,scratch,student,50,random_rescue_10,0,0.905,0.98,0.1830405,0.075,0.8146938775510205,0.46010366737212544,10.0
0,scratch,student,50,random_rescue_10,1,0.91,0.98,0.1507297,0.07,0.8164285714285714,0.4618028583692761,10.0
0,scratch,student,50,random_rescue_10,2,0.905,0.98,0.20589997,0.075,0.8165306122448979,0.47050690473053364,10.0
0,scratch,student,50,random_rescue_10,3,0.92,0.98,0.13175108,0.06,0.8168877551020409,0.47400559560517014,10.0
0,scratch,student,50,random_rescue_10,4,0.945,0.98,0.098012656,0.035,0.8169387755102041,0.4612526162568574,10.0
0,scratch,student,50,foreground_rescue_10,0,0.935,0.98,0.11235006,0.045,0.7443877551020409,0.15547003367274514,6.825
0,scratch,student,50,foreground_rescue_10,1,0.93,0.98,0.11546276,0.05,0.7443877551020409,0.15547003367274514,6.825
0,scratch,student,50,foreground_rescue_10,2,0.93,0.98,0.12246147,0.05,0.7443877551020409,0.15547003367274514,6.825
0,scratch,student,50,foreground_rescue_10,3,0.93,0.98,0.11468026,0.05,0.7443877551020409,0.15547003367274514,6.825
0,scratch,student,50,foreground_rescue_10,4,0.935,0.98,0.11150711,0.045,0.7443877551020409,0.15547003367274514,6.825
0,scratch,student,50,low_score_rescue_10,0,0.935,0.98,0.12840953,0.045,0.8120408163265306,0.44311370853410315,10.0
0,scratch,student,50,low_score_rescue_10,1,0.94,0.98,0.11091461,0.04,0.8125,0.448337680966918,10.0
0,scratch,student,50,low_score_rescue_10,2,0.93,0.98,0.12736034,0.05,0.8125510204081633,0.44182860622116316,10.0
0,scratch,student,50,low_score_rescue_10,3,0.925,0.98,0.17706054,0.055,0.8116836734693876,0.4446721329102403,10.0
0,scratch,student,50,low_score_rescue_10,4,0.92,0.98,0.16610914,0.06,0.8125510204081633,0.4512174443071475,10.0
0,scratch,student,50,random_matched,0,0.91,0.98,0.18067394,0.07,0.8151020408163265,0.45730638207169483,6.825
0,scratch,student,50,random_matched,1,0.905,0.98,0.18536954,0.075,0.815204081632653,0.46056970802425584,6.825
0,scratch,student,50,random_matched,2,0.915,0.98,0.15476705,0.065,0.815204081632653,0.4579935909180968,6.825
0,scratch,student,50,random_matched,3,0.9,0.98,0.18134831,0.08,0.8150510204081632,0.4562089560439707,6.825
0,scratch,student,50,random_matched,4,0.92,0.98,0.13099913,0.06,0.8156122448979591,0.45884359142188996,6.825
0,scratch,student,75,student,0,0.9,0.98,0.2542893,0.08,0.8230612244897959,0.4975806249296574,0.0
0,scratch,student,75,student,1,0.9,0.98,0.2542893,0.08,0.8230612244897959,0.4975806249296574,0.0
0,scratch,student,75,student,2,0.9,0.98,0.2542893,0.08,0.8230612244897959,0.4975806249296574,0.0
0,scratch,student,75,student,3,0.9,0.98,0.2542893,0.08,0.8230612244897959,0.4975806249296574,0.0
0,scratch,student,75,student,4,0.9,0.98,0.2542893,0.08,0.8230612244897959,0.4975806249296574,0.0
0,scratch,student,75,random,0,0.95,0.98,0.07085513,0.03,0.8246938775510205,0.48994748795493875,0.0
0,scratch,student,75,random,1,0.965,0.98,0.06002661,0.02,0.8235204081632653,0.4946262972715817,0.0
0,scratch,student,75,random,2,0.945,0.98,0.086035594,0.035,0.8219387755102041,0.47777470733476307,0.0
0,scratch,student,75,random,3,0.93,0.98,0.11281219,0.05,0.822857142857143,0.4756299304983063,0.0
0,scratch,student,75,random,4,0.945,0.98,0.12285635,0.04,0.8268877551020407,0.5175266882325791,0.0
0,scratch,student,75,random_rescue_10,0,0.91,0.98,0.21526508,0.07,0.825,0.5051859077224002,10.0
0,scratch,student,75,random_rescue_10,1,0.92,0.98,0.18207997,0.06,0.8230612244897958,0.49602852207215636,10.0
0,scratch,student,75,random_rescue_10,2,0.91,0.98,0.20400542,0.07,0.8228061224489795,0.4968400098271018,10.0
0,scratch,student,75,random_rescue_10,3,0.91,0.98,0.23435885,0.07,0.8219897959183675,0.493021150568343,10.0
0,scratch,student,75,random_rescue_10,4,0.915,0.98,0.22154576,0.065,0.8242857142857143,0.5009510528332395,10.0
0,scratch,student,75,foreground_rescue_10,0,0.92,0.98,0.13679925,0.06,0.7513265306122449,0.17439036578872574,7.03
0,scratch,student,75,foreground_rescue_10,1,0.935,0.98,0.12340586,0.045,0.7513265306122449,0.17439036578872574,7.03
0,scratch,student,75,foreground_rescue_10,2,0.935,0.98,0.1324948,0.045,0.7513265306122449,0.17439036578872574,7.03
0,scratch,student,75,foreground_rescue_10,3,0.94,0.98,0.1231399,0.04,0.7513265306122449,0.17439036578872574,7.03
0,scratch,student,75,foreground_rescue_10,4,0.935,0.98,0.12465169,0.045,0.7513265306122449,0.17439036578872574,7.03
0,scratch,student,75,low_score_rescue_10,0,0.905,0.98,0.19611727,0.075,0.8198979591836735,0.49035806610754246,10.0
0,scratch,student,75,low_score_rescue_10,1,0.93,0.98,0.14870499,0.05,0.8204591836734694,0.46990343509424465,10.0
0,scratch,student,75,low_score_rescue_10,2,0.925,0.98,0.14497419,0.055,0.8206632653061225,0.4833676013430854,10.0
0,scratch,student,75,low_score_rescue_10,3,0.92,0.98,0.1602938,0.06,0.8212755102040816,0.49421614342167675,10.0
0,scratch,student,75,low_score_rescue_10,4,0.91,0.98,0.21390724,0.07,0.82,0.4870843443168462,10.0
0,scratch,student,75,random_matched,0,0.89,0.98,0.24739288,0.09,0.8220408163265307,0.48982013090346643,7.03
0,scratch,student,75,random_matched,1,0.915,0.98,0.2190212,0.065,0.8217346938775509,0.4913929233136206,7.03
0,scratch,student,75,random_matched,2,0.925,0.98,0.18836834,0.055,0.8230612244897959,0.48953283392356034,7.03
0,scratch,student,75,random_matched,3,0.92,0.98,0.18544933,0.065,0.8206122448979591,0.48013973814460453,7.03
0,scratch,student,75,random_matched,4,0.915,0.98,0.18822765,0.065,0.8221938775510205,0.4926802249042687,7.03
0,scratch,student,100,student,0,0.905,0.98,0.21298122,0.075,0.8190816326530611,0.4831366734879809,0.0
0,scratch,student,100,student,1,0.905,0.98,0.21298122,0.075,0.8190816326530611,0.4831366734879809,0.0
0,scratch,student,100,student,2,0.905,0.98,0.21298122,0.075,0.8190816326530611,0.4831366734879809,0.0
0,scratch,student,100,student,3,0.905,0.98,0.21298122,0.075,0.8190816326530611,0.4831366734879809,0.0
0,scratch,student,100,student,4,0.905,0.98,0.21298122,0.075,0.8190816326530611,0.4831366734879809,0.0
0,scratch,student,100,random,0,0.95,0.98,0.07085513,0.03,0.8246938775510205,0.48994748795493875,0.0
0,scratch,student,100,random,1,0.965,0.98,0.06002661,0.02,0.8235204081632653,0.4946262972715817,0.0
0,scratch,student,100,random,2,0.945,0.98,0.086035594,0.035,0.8219387755102041,0.47777470733476307,0.0
0,scratch,student,100,random,3,0.93,0.98,0.11281219,0.05,0.822857142857143,0.4756299304983063,0.0
0,scratch,student,100,random,4,0.945,0.98,0.12285635,0.04,0.8268877551020407,0.5175266882325791,0.0
0,scratch,student,100,random_rescue_10,0,0.93,0.98,0.1330321,0.05,0.8208673469387756,0.4955564253959521,10.0
0,scratch,student,100,random_rescue_10,1,0.925,0.98,0.16975456,0.055,0.8204591836734694,0.501480338235336,10.0
0,scratch,student,100,random_rescue_10,2,0.905,0.98,0.20807211,0.075,0.8190816326530613,0.4770886826509963,10.0
0,scratch,student,100,random_rescue_10,3,0.92,0.98,0.17841038,0.06,0.8195918367346939,0.4805199315480769,10.0
0,scratch,student,100,random_rescue_10,4,0.89,0.98,0.23484966,0.095,0.8204081632653062,0.48416723750397445,10.0
0,scratch,student,100,foreground_rescue_10,0,0.92,0.98,0.14025775,0.06,0.7481122448979591,0.16701909056225514,6.955
0,scratch,student,100,foreground_rescue_10,1,0.93,0.98,0.14145842,0.05,0.7481122448979591,0.16701909056225514,6.955
0,scratch,student,100,foreground_rescue_10,2,0.93,0.98,0.13573314,0.05,0.7481122448979591,0.16701909056225514,6.955
0,scratch,student,100,foreground_rescue_10,3,0.925,0.98,0.13993706,0.055,0.7481122448979591,0.16701909056225514,6.955
0,scratch,student,100,foreground_rescue_10,4,0.93,0.98,0.1567832,0.05,0.7481122448979591,0.16701909056225514,6.955
0,scratch,student,100,low_score_rescue_10,0,0.91,0.98,0.2063592,0.07,0.8183673469387756,0.4804113343198209,10.0
0,scratch,student,100,low_score_rescue_10,1,0.925,0.98,0.17916061,0.055,0.8188265306122449,0.46115858853260633,10.0
0,scratch,student,100,low_score_rescue_10,2,0.925,0.98,0.1857368,0.055,0.8186224489795919,0.47353503474926467,10.0
0,scratch,student,100,low_score_rescue_10,3,0.915,0.98,0.17897059,0.065,0.8189285714285716,0.47846676385780773,10.0
0,scratch,student,100,low_score_rescue_10,4,0.915,0.98,0.18204841,0.065,0.8183673469387756,0.479766568938106,10.0
0,scratch,student,100,random_matched,0,0.9,0.98,0.23024659,0.08,0.8171938775510205,0.4733371604910492,6.955
0,scratch,student,100,random_matched,1,0.91,0.98,0.19742692,0.07,0.8171938775510205,0.47763270388102685,6.955
0,scratch,student,100,random_matched,2,0.92,0.98,0.20756195,0.065,0.8197448979591837,0.47882045573521587,6.955
0,scratch,student,100,random_matched,3,0.905,0.98,0.21425436,0.075,0.8181122448979591,0.47295997290719904,6.955
0,scratch,student,100,random_matched,4,0.915,0.98,0.18705277,0.065,0.8194387755102039,0.48199017918124637,6.955
1,imagenet,ce,0,student,0,0.975,0.99,0.019294329,0.015,0.7058673469387755,0.08231790489358617,0.0
1,imagenet,ce,0,student,1,0.975,0.99,0.019294329,0.015,0.7058673469387755,0.08231790489358617,0.0
1,imagenet,ce,0,student,2,0.975,0.99,0.019294329,0.015,0.7058673469387755,0.08231790489358617,0.0
1,imagenet,ce,0,student,3,0.975,0.99,0.019294329,0.015,0.7058673469387755,0.08231790489358617,0.0
1,imagenet,ce,0,student,4,0.975,0.99,0.019294329,0.015,0.7058673469387755,0.08231790489358617,0.0
1,imagenet,ce,0,random,0,0.965,0.99,0.056922186,0.025,0.8246938775510205,0.48994748795493875,0.0
1,imagenet,ce,0,random,1,0.96,0.99,0.05728908,0.03,0.8235204081632653,0.4946262972715817,0.0
1,imagenet,ce,0,random,2,0.95,0.99,0.085698776,0.04,0.8219387755102041,0.47777470733476307,0.0
1,imagenet,ce,0,random,3,0.955,0.99,0.08480307,0.035,0.822857142857143,0.4756299304983063,0.0
1,imagenet,ce,0,random,4,0.94,0.99,0.13114145,0.05,0.8268877551020407,0.5175266882325791,0.0
1,imagenet,ce,0,random_rescue_10,0,0.96,0.99,0.062073875,0.03,0.729234693877551,0.1679639018459042,10.0
1,imagenet,ce,0,random_rescue_10,1,0.98,0.99,0.013065207,0.01,0.7321428571428572,0.17112982691976839,10.0
1,imagenet,ce,0,random_rescue_10,2,0.97,0.99,0.049909916,0.02,0.7311224489795919,0.17162426857917626,10.0
1,imagenet,ce,0,random_rescue_10,3,0.97,0.99,0.041415587,0.02,0.7294897959183675,0.17406355448185729,10.0
1,imagenet,ce,0,random_rescue_10,4,0.98,0.99,0.041583106,0.01,0.7296428571428573,0.15813417548845027,10.0
1,imagenet,ce,0,foreground_rescue_10,0,0.98,0.99,0.013538293,0.01,0.677295918367347,0.025096868132710646,2.8
1,imagenet,ce,0,foreground_rescue_10,1,0.975,0.99,0.026785223,0.015,0.677295918367347,0.025096868132710646,2.8
1,imagenet,ce,0,foreground_rescue_10,2,0.98,0.99,0.014388092,0.01,0.677295918367347,0.025096868132710646,2.8
1,imagenet,ce,0,foreground_rescue_10,3,0.975,0.99,0.023540452,0.015,0.677295918367347,0.025096868132710646,2.8
1,imagenet,ce,0,foreground_rescue_10,4,0.98,0.99,0.016814966,0.01,0.677295918367347,0.025096868132710646,2.8
1,imagenet,ce,0,low_score_rescue_10,0,0.975,0.99,0.03026968,0.015,0.7128571428571427,0.09592084560465473,10.0
1,imagenet,ce,0,low_score_rescue_10,1,0.985,0.99,0.021981468,0.005,0.7136734693877551,0.09635290260200267,10.0
1,imagenet,ce,0,low_score_rescue_10,2,0.975,0.99,0.022123657,0.015,0.7132142857142857,0.09623877203175696,10.0
1,imagenet,ce,0,low_score_rescue_10,3,0.975,0.99,0.028878476,0.015,0.7127551020408163,0.09565284000194518,10.0
1,imagenet,ce,0,low_score_rescue_10,4,0.97,0.99,0.034332003,0.02,0.7127551020408163,0.09502717675311124,10.0
1,imagenet,ce,0,random_matched,0,0.975,0.99,0.020487465,0.015,0.7163775510204081,0.09909034654213109,2.8
1,imagenet,ce,0,random_matched,1,0.98,0.99,0.019453429,0.01,0.7163775510204081,0.10026353536070877,2.8
1,imagenet,ce,0,random_matched,2,0.975,0.99,0.029362712,0.015,0.7168877551020408,0.10060035762440128,2.8
1,imagenet,ce,0,random_matched,3,0.98,0.99,0.017621843,0.01,0.7167346938775511,0.10205323439281039,2.8
1,imagenet,ce,0,random_matched,4,0.98,0.99,0.022946991,0.01,0.7166836734693877,0.09952487927668469,2.8
1,imagenet,ce,10,student,0,0.955,0.99,0.05573477,0.035,0.7150510204081633,0.10727664597987936,0.0
1,imagenet,ce,10,student,1,0.955,0.99,0.05573477,0.035,0.7150510204081633,0.10727664597987936,0.0
1,imagenet,ce,10,student,2,0.955,0.99,0.05573477,0.035,0.7150510204081633,0.10727664597987936,0.0
1,imagenet,ce,10,student,3,0.955,0.99,0.05573477,0.035,0.7150510204081633,0.10727664597987936,0.0
1,imagenet,ce,10,student,4,0.955,0.99,0.05573477,0.035,0.7150510204081633,0.10727664597987936,0.0
1,imagenet,ce,10,random,0,0.965,0.99,0.056922186,0.025,0.8246938775510205,0.48994748795493875,0.0
1,imagenet,ce,10,random,1,0.96,0.99,0.05728908,0.03,0.8235204081632653,0.4946262972715817,0.0
1,imagenet,ce,10,random,2,0.95,0.99,0.085698776,0.04,0.8219387755102041,0.47777470733476307,0.0
1,imagenet,ce,10,random,3,0.955,0.99,0.08480307,0.035,0.822857142857143,0.4756299304983063,0.0
1,imagenet,ce,10,random,4,0.94,0.99,0.13114145,0.05,0.8268877551020407,0.5175266882325791,0.0
1,imagenet,ce,10,random_rescue_10,0,0.95,0.99,0.054044038,0.04,0.7373469387755103,0.19941713763902896,10.0
1,imagenet,ce,10,random_rescue_10,1,0.965,0.99,0.04989992,0.025,0.7373979591836735,0.18561190189454074,10.0
1,imagenet,ce,10,random_rescue_10,2,0.96,0.99,0.066915,0.03,0.7396428571428573,0.1874127590222704,10.0
1,imagenet,ce,10,random_rescue_10,3,0.955,0.99,0.078441426,0.04,0.7400510204081633,0.19695778377977777,10.0
1,imagenet,ce,10,random_rescue_10,4,0.96,0.99,0.047625087,0.03,0.7371938775510205,0.18556758649895672,10.0
1,imagenet,ce,10,foreground_rescue_10,0,0.955,0.99,0.057747114,0.035,0.6830612244897959,0.035067538724870194,3.135
1,imagenet,ce,10,foreground_rescue_10,1,0.955,0.99,0.052365758,0.035,0.6830612244897959,0.035067538724870194,3.135
1,imagenet,ce,10,foreground_rescue_10,2,0.955,0.99,0.052568298,0.035,0.6830612244897959,0.035067538724870194,3.135
1,imagenet,ce,10,foreground_rescue_10,3,0.955,0.99,0.05818035,0.035,0.6830612244897959,0.035067538724870194,3.135
1,imagenet,ce,10,foreground_rescue_10,4,0.955,0.99,0.052464098,0.035,0.6830612244897959,0.035067538724870194,3.135
1,imagenet,ce,10,low_score_rescue_10,0,0.975,0.99,0.026815714,0.015,0.721734693877551,0.12162671415135015,10.0
1,imagenet,ce,10,low_score_rescue_10,1,0.97,0.99,0.04573229,0.02,0.7221938775510205,0.12255187674092848,10.0
1,imagenet,ce,10,low_score_rescue_10,2,0.96,0.99,0.048894297,0.03,0.7212244897959184,0.12313832638069815,10.0
1,imagenet,ce,10,low_score_rescue_10,3,0.97,0.99,0.042778384,0.02,0.7209693877551021,0.12004228327379116,10.0
1,imagenet,ce,10,low_score_rescue_10,4,0.97,0.99,0.04092429,0.02,0.7216326530612244,0.12169382080379015,10.0
1,imagenet,ce,10,random_matched,0,0.96,0.99,0.040472288,0.03,0.7254591836734694,0.12394606333445947,3.135
1,imagenet,ce,10,random_matched,1,0.955,0.99,0.04419126,0.035,0.7249489795918368,0.12286759319133506,3.135
1,imagenet,ce,10,random_matched,2,0.96,0.99,0.045948267,0.03,0.7245408163265307,0.1233314355762618,3.135
1,imagenet,ce,10,random_matched,3,0.955,0.99,0.04499073,0.035,0.724234693877551,0.12396469352076701,3.135
1,imagenet,ce,10,random_matched,4,0.96,0.99,0.046867438,0.03,0.7244897959183675,0.12305472638925256,3.135
1,imagenet,ce,25,student,0,0.97,0.99,0.030587044,0.02,0.7134693877551022,0.09764833545093997,0.0
1,imagenet,ce,25,student,1,0.97,0.99,0.030587044,0.02,0.7134693877551022,0.09764833545093997,0.0
1,imagenet,ce,25,student,2,0.97,0.99,0.030587044,0.02,0.7134693877551022,0.09764833545093997,0.0
1,imagenet,ce,25,student,3,0.97,0.99,0.030587044,0.02,0.7134693877551022,0.09764833545093997,0.0
1,imagenet,ce,25,student,4,0.97,0.99,0.030587044,0.02,0.7134693877551022,0.09764833545093997,0.0
1,imagenet,ce,25,random,0,0.965,0.99,0.056922186,0.025,0.8246938775510205,0.48994748795493875,0.0
1,imagenet,ce,25,random,1,0.96,0.99,0.05728908,0.03,0.8235204081632653,0.4946262972715817,0.0
1,imagenet,ce,25,random,2,0.95,0.99,0.085698776,0.04,0.8219387755102041,0.47777470733476307,0.0
1,imagenet,ce,25,random,3,0.955,0.99,0.08480307,0.035,0.822857142857143,0.4756299304983063,0.0
1,imagenet,ce,25,random,4,0.94,0.99,0.13114145,0.05,0.8268877551020407,0.5175266882325791,0.0
1,imagenet,ce,25,random_rescue_10,0,0.965,0.99,0.043332424,0.025,0.7378061224489795,0.19195908981782514,10.0
1,imagenet,ce,25,random_rescue_10,1,0.975,0.99,0.044408895,0.015,0.7367857142857142,0.18419949848300707,10.0
1,imagenet,ce,25,random_rescue_10,2,0.975,0.99,0.047589358,0.015,0.7380102040816325,0.18835021517508488,10.0
1,imagenet,ce,25,random_rescue_10,3,0.965,0.99,0.036214024,0.025,0.7386224489795918,0.18942679869218818,10.0
1,imagenet,ce,25,random_rescue_10,4,0.98,0.99,0.026255298,0.01,0.7362244897959184,0.17818913522183555,10.0
1,imagenet,ce,25,foreground_rescue_10,0,0.97,0.99,0.03866671,0.02,0.682908163265306,0.03320163674695648,2.995
1,imagenet,ce,25,foreground_rescue_10,1,0.965,0.99,0.035748314,0.025,0.682908163265306,0.03320163674695648,2.995
1,imagenet,ce,25,foreground_rescue_10,2,0.97,0.99,0.034487303,0.02,0.682908163265306,0.03320163674695648,2.995
1,imagenet,ce,25,foreground_rescue_10,3,0.97,0.99,0.031228941,0.02,0.682908163265306,0.03320163674695648,2.995
1,imagenet,ce,25,foreground_rescue_10,4,0.97,0.99,0.032642733,0.02,0.682908163265306,0.03320163674695648,2.995
1,imagenet,ce,25,low_score_rescue_10,0,0.97,0.99,0.02797865,0.02,0.7195918367346938,0.10886716886916849,10.0
1,imagenet,ce,25,low_score_rescue_10,1,0.975,0.99,0.030246915,0.015,0.720561224489796,0.1112377207864977,10.0
1,imagenet,ce,25,low_score_rescue_10,2,0.975,0.99,0.027143106,0.015,0.719591836734694,0.10967789325660993,10.0
1,imagenet,ce,25,low_score_rescue_10,3,0.97,0.99,0.035903122,0.02,0.7187244897959184,0.10710988787208853,10.0
1,imagenet,ce,25,low_score_rescue_10,4,0.965,0.99,0.041584242,0.025,0.7193367346938774,0.10865644169815929,10.0
1,imagenet,ce,25,random_matched,0,0.97,0.99,0.040864464,0.02,0.7236734693877551,0.11504477642030735,2.995
1,imagenet,ce,25,random_matched,1,0.975,0.99,0.027422894,0.015,0.722704081632653,0.11253633152201348,2.995
1,imagenet,ce,25,random_matched,2,0.97,0.99,0.03592019,0.02,0.7239285714285714,0.11512181414646637,2.995
1,imagenet,ce,25,random_matched,3,0.97,0.99,0.033282246,0.02,0.7234183673469389,0.11489866742544286,2.995
1,imagenet,ce,25,random_matched,4,0.97,0.99,0.028030194,0.02,0.722295918367347,0.1120502730566659,2.995
1,imagenet,ce,50,student,0,0.975,0.99,0.04412997,0.015,0.7205102040816327,0.11266094205457533,0.0
1,imagenet,ce,50,student,1,0.975,0.99,0.04412997,0.015,0.7205102040816327,0.11266094205457533,0.0
1,imagenet,ce,50,student,2,0.975,0.99,0.04412997,0.015,0.7205102040816327,0.11266094205457533,0.0
1,imagenet,ce,50,student,3,0.975,0.99,0.04412997,0.015,0.7205102040816327,0.11266094205457533,0.0
1,imagenet,ce,50,student,4,0.975,0.99,0.04412997,0.015,0.7205102040816327,0.11266094205457533,0.0
1,imagenet,ce,50,random,0,0.965,0.99,0.056922186,0.025,0.8246938775510205,0.48994748795493875,0.0
1,imagenet,ce,50,random,1,0.96,0.99,0.05728908,0.03,0.8235204081632653,0.4946262972715817,0.0
1,imagenet,ce,50,random,2,0.95,0.99,0.085698776,0.04,0.8219387755102041,0.47777470733476307,0.0
1,imagenet,ce,50,random,3,0.955,0.99,0.08480307,0.035,0.822857142857143,0.4756299304983063,0.0
1,imagenet,ce,50,random,4,0.94,0.99,0.13114145,0.05,0.8268877551020407,0.5175266882325791,0.0
1,imagenet,ce,50,random_rescue_10,0,0.98,0.99,0.021919435,0.01,0.7420918367346938,0.1996487387453173,10.0
1,imagenet,ce,50,random_rescue_10,1,0.975,0.99,0.063335635,0.015,0.7422959183673469,0.18421473551722894,10.0
1,imagenet,ce,50,random_rescue_10,2,0.97,0.99,0.06061963,0.02,0.7426020408163265,0.18817597655132165,10.0
1,imagenet,ce,50,random_rescue_10,3,0.975,0.99,0.048216596,0.015,0.7438265306122449,0.2049175119788687,10.0
1,imagenet,ce,50,random_rescue_10,4,0.975,0.99,0.044489242,0.015,0.7416326530612245,0.18589599676840704,10.0
1,imagenet,ce,50,foreground_rescue_10,0,0.975,0.99,0.050950784,0.015,0.6872959183673469,0.04033146497853233,3.255
1,imagenet,ce,50,foreground_rescue_10,1,0.975,0.99,0.04429805,0.015,0.6872959183673469,0.04033146497853233,3.255
1,imagenet,ce,50,foreground_rescue_10,2,0.975,0.99,0.042813875,0.015,0.6872959183673469,0.04033146497853233,3.255
1,imagenet,ce,50,foreground_rescue_10,3,0.975,0.99,0.05069287,0.015,0.6872959183673469,0.04033146497853233,3.255
1,imagenet,ce,50,foreground_rescue_10,4,0.97,0.99,0.055541754,0.02,0.6872959183673469,0.04033146497853233,3.255
1,imagenet,ce,50,low_score_rescue_10,0,0.975,0.99,0.045993567,0.015,0.7278571428571428,0.12951638638471236,10.0
1,imagenet,ce,50,low_score_rescue_10,1,0.97,0.99,0.05218322,0.02,0.7281122448979592,0.12903731637853935,10.0
1,imagenet,ce,50,low_score_rescue_10,2,0.975,0.99,0.054484587,0.015,0.727295918367347,0.12821076078877727,10.0
1,imagenet,ce,50,low_score_rescue_10,3,0.97,0.99,0.059107494,0.02,0.7280102040816329,0.12935241178633575,10.0
1,imagenet,ce,50,low_score_rescue_10,4,0.97,0.99,0.04912712,0.02,0.7281632653061223,0.13027875507403652,10.0
1,imagenet,ce,50,random_matched,0,0.975,0.99,0.043103836,0.015,0.7308163265306123,0.1296968916471128,3.255
1,imagenet,ce,50,random_matched,1,0.975,0.99,0.052401513,0.015,0.7297448979591837,0.12932230727394475,3.255
1,imagenet,ce,50,random_matched,2,0.98,0.99,0.040903103,0.01,0.729795918367347,0.13014837834459833,3.255
1,imagenet,ce,50,random_matched,3,0.975,0.99,0.05010016,0.015,0.7305102040816327,0.13048916723626788,3.255
1,imagenet,ce,50,random_matched,4,0.975,0.99,0.051183376,0.015,0.729234693877551,0.1285169378254581,3.255
1,imagenet,ce,75,student,0,0.97,0.99,0.047697783,0.02,0.7234183673469389,0.11791003510218806,0.0
1,imagenet,ce,75,student,1,0.97,0.99,0.047697783,0.02,0.7234183673469389,0.11791003510218806,0.0
1,imagenet,ce,75,student,2,0.97,0.99,0.047697783,0.02,0.7234183673469389,0.11791003510218806,0.0
1,imagenet,ce,75,student,3,0.97,0.99,0.047697783,0.02,0.7234183673469389,0.11791003510218806,0.0
1,imagenet,ce,75,student,4,0.97,0.99,0.047697783,0.02,0.7234183673469389,0.11791003510218806,0.0
1,imagenet,ce,75,random,0,0.965,0.99,0.056922186,0.025,0.8246938775510205,0.48994748795493875,0.0
1,imagenet,ce,75,random,1,0.96,0.99,0.05728908,0.03,0.8235204081632653,0.4946262972715817,0.0
1,imagenet,ce,75,random,2,0.95,0.99,0.085698776,0.04,0.8219387755102041,0.47777470733476307,0.0
1,imagenet,ce,75,random,3,0.955,0.99,0.08480307,0.035,0.822857142857143,0.4756299304983063,0.0
1,imagenet,ce,75,random,4,0.94,0.99,0.13114145,0.05,0.8268877551020407,0.5175266882325791,0.0
1,imagenet,ce,75,random_rescue_10,0,0.97,0.99,0.056438033,0.02,0.7450510204081633,0.2012342693846144,10.0
1,imagenet,ce,75,random_rescue_10,1,0.96,0.99,0.04141269,0.03,0.7434693877551021,0.185978697353166,10.0
1,imagenet,ce,75,random_rescue_10,2,0.965,0.99,0.06760746,0.025,0.7456632653061225,0.2020958830618155,10.0
1,imagenet,ce,75,random_rescue_10,3,0.965,0.99,0.05832013,0.03,0.7455102040816327,0.2069740607933401,10.0
1,imagenet,ce,75,random_rescue_10,4,0.985,0.99,0.021518623,0.005,0.7431122448979592,0.1917077738315362,10.0
1,imagenet,ce,75,foreground_rescue_10,0,0.975,0.99,0.048014425,0.015,0.6891836734693878,0.04381688822068176,3.355
1,imagenet,ce,75,foreground_rescue_10,1,0.98,0.99,0.03805139,0.01,0.6891836734693878,0.04381688822068176,3.355
1,imagenet,ce,75,foreground_rescue_10,2,0.975,0.99,0.047057766,0.015,0.6891836734693878,0.04381688822068176,3.355
1,imagenet,ce,75,foreground_rescue_10,3,0.975,0.99,0.03836372,0.015,0.6891836734693878,0.04381688822068176,3.355
1,imagenet,ce,75,foreground_rescue_10,4,0.98,0.99,0.04355458,0.01,0.6891836734693878,0.04381688822068176,3.355
1,imagenet,ce,75,low_score_rescue_10,0,0.96,0.99,0.05740998,0.03,0.7307653061224489,0.13720421484934578,10.0
1,imagenet,ce,75,low_score_rescue_10,1,0.965,0.99,0.042965893,0.025,0.7306122448979592,0.13688811346836083,10.0
1,imagenet,ce,75,low_score_rescue_10,2,0.97,0.99,0.04420633,0.02,0.7307142857142859,0.13654381853865163,10.0
1,imagenet,ce,75,low_score_rescue_10,3,0.97,0.99,0.05958753,0.02,0.7306122448979591,0.13724799247985617,10.0
1,imagenet,ce,75,low_score_rescue_10,4,0.97,0.99,0.044235326,0.02,0.7307142857142859,0.13822130745432035,10.0
1,imagenet,ce,75,random_matched,0,0.975,0.99,0.0415646,0.015,0.7334183673469389,0.1351319887839939,3.355
1,imagenet,ce,75,random_matched,1,0.975,0.99,0.050637674,0.015,0.7334693877551021,0.13544878870939558,3.355
1,imagenet,ce,75,random_matched,2,0.98,0.99,0.036152836,0.01,0.7324489795918367,0.133629061897415,3.355
1,imagenet,ce,75,random_matched,3,0.975,0.99,0.04454074,0.015,0.7337755102040816,0.13667505822139273,3.355
1,imagenet,ce,75,random_matched,4,0.975,0.99,0.037961267,0.015,0.7307142857142859,0.1308080248369183,3.355
1,imagenet,ce,100,student,0,0.975,0.99,0.03678149,0.015,0.7238775510204082,0.12145880110357057,0.0
1,imagenet,ce,100,student,1,0.975,0.99,0.03678149,0.015,0.7238775510204082,0.12145880110357057,0.0
1,imagenet,ce,100,student,2,0.975,0.99,0.03678149,0.015,0.7238775510204082,0.12145880110357057,0.0
1,imagenet,ce,100,student,3,0.975,0.99,0.03678149,0.015,0.7238775510204082,0.12145880110357057,0.0
1,imagenet,ce,100,student,4,0.975,0.99,0.03678149,0.015,0.7238775510204082,0.12145880110357057,0.0
1,imagenet,ce,100,random,0,0.965,0.99,0.056922186,0.025,0.8246938775510205,0.48994748795493875,0.0
1,imagenet,ce,100,random,1,0.96,0.99,0.05728908,0.03,0.8235204081632653,0.4946262972715817,0.0
1,imagenet,ce,100,random,2,0.95,0.99,0.085698776,0.04,0.8219387755102041,0.47777470733476307,0.0
1,imagenet,ce,100,random,3,0.955,0.99,0.08480307,0.035,0.822857142857143,0.4756299304983063,0.0
1,imagenet,ce,100,random,4,0.94,0.99,0.13114145,0.05,0.8268877551020407,0.5175266882325791,0.0
1,imagenet,ce,100,random_rescue_10,0,0.97,0.99,0.034820262,0.02,0.7445408163265306,0.21147006370053464,10.0
1,imagenet,ce,100,random_rescue_10,1,0.96,0.99,0.04820422,0.03,0.7438265306122449,0.18706594306658986,10.0
1,imagenet,ce,100,random_rescue_10,2,0.98,0.99,0.03404397,0.01,0.7466836734693878,0.20165084027953256,10.0
1,imagenet,ce,100,random_rescue_10,3,0.975,0.99,0.036410138,0.015,0.7452551020408165,0.1990457903313842,10.0
1,imagenet,ce,100,random_rescue_10,4,0.97,0.99,0.05576705,0.02,0.7456632653061223,0.196176229216157,10.0
1,imagenet,ce,100,foreground_rescue_10,0,0.975,0.99,0.04842823,0.015,0.6890816326530611,0.043548699754527014,3.41
1,imagenet,ce,100,foreground_rescue_10,1,0.975,0.99,0.04665142,0.015,0.6890816326530611,0.043548699754527014,3.41
1,imagenet,ce,100,foreground_rescue_10,2,0.975,0.99,0.04389158,0.015,0.6890816326530611,0.043548699754527014,3.41
1,imagenet,ce,100,foreground_rescue_10,3,0.975,0.99,0.04403879,0.015,0.6890816326530611,0.043548699754527014,3.41
1,imagenet,ce,100,foreground_rescue_10,4,0.975,0.99,0.041819073,0.015,0.6890816326530611,0.043548699754527014,3.41
1,imagenet,ce,100,low_score_rescue_10,0,0.97,0.99,0.039028198,0.02,0.7316326530612244,0.1396536187372375,10.0
1,imagenet,ce,100,low_score_rescue_10,1,0.985,0.99,0.018421736,0.005,0.731887755102041,0.14038704360643592,10.0
1,imagenet,ce,100,low_score_rescue_10,2,0.98,0.99,0.026152648,0.01,0.7308673469387756,0.13846775530976402,10.0
1,imagenet,ce,100,low_score_rescue_10,3,0.97,0.99,0.05310086,0.02,0.731887755102041,0.1386998527879913,10.0
1,imagenet,ce,100,low_score_rescue_10,4,0.97,0.99,0.044385448,0.02,0.7312244897959184,0.1389517530035367,10.0
1,imagenet,ce,100,random_matched,0,0.98,0.99,0.037983354,0.01,0.7339285714285714,0.13921094316736338,3.41
1,imagenet,ce,100,random_matched,1,0.98,0.99,0.028778458,0.01,0.7333673469387756,0.13840279439915487,3.41
1,imagenet,ce,100,random_matched,2,0.98,0.99,0.030783763,0.01,0.7328571428571429,0.13736052137134921,3.41
1,imagenet,ce,100,random_matched,3,0.975,0.99,0.036180884,0.015,0.7340816326530611,0.13987440371666401,3.41
1,imagenet,ce,100,random_matched,4,0.975,0.99,0.030134328,0.015,0.7313775510204081,0.13584216934658028,3.41
1,imagenet,foreground_rescue_10,0,student,0,0.975,0.99,0.019294329,0.015,0.7058673469387755,0.08231790489358617,0.0
1,imagenet,foreground_rescue_10,0,student,1,0.975,0.99,0.019294329,0.015,0.7058673469387755,0.08231790489358617,0.0
1,imagenet,foreground_rescue_10,0,student,2,0.975,0.99,0.019294329,0.015,0.7058673469387755,0.08231790489358617,0.0
1,imagenet,foreground_rescue_10,0,student,3,0.975,0.99,0.019294329,0.015,0.7058673469387755,0.08231790489358617,0.0
1,imagenet,foreground_rescue_10,0,student,4,0.975,0.99,0.019294329,0.015,0.7058673469387755,0.08231790489358617,0.0
1,imagenet,foreground_rescue_10,0,random,0,0.965,0.99,0.056922186,0.025,0.8246938775510205,0.48994748795493875,0.0
1,imagenet,foreground_rescue_10,0,random,1,0.96,0.99,0.05728908,0.03,0.8235204081632653,0.4946262972715817,0.0
1,imagenet,foreground_rescue_10,0,random,2,0.95,0.99,0.085698776,0.04,0.8219387755102041,0.47777470733476307,0.0
1,imagenet,foreground_rescue_10,0,random,3,0.955,0.99,0.08480307,0.035,0.822857142857143,0.4756299304983063,0.0
1,imagenet,foreground_rescue_10,0,random,4,0.94,0.99,0.13114145,0.05,0.8268877551020407,0.5175266882325791,0.0
1,imagenet,foreground_rescue_10,0,random_rescue_10,0,0.96,0.99,0.062073875,0.03,0.729234693877551,0.1679639018459042,10.0
1,imagenet,foreground_rescue_10,0,random_rescue_10,1,0.98,0.99,0.013065207,0.01,0.7321428571428572,0.17112982691976839,10.0
1,imagenet,foreground_rescue_10,0,random_rescue_10,2,0.97,0.99,0.049909916,0.02,0.7311224489795919,0.17162426857917626,10.0
1,imagenet,foreground_rescue_10,0,random_rescue_10,3,0.97,0.99,0.041415587,0.02,0.7294897959183675,0.17406355448185729,10.0
1,imagenet,foreground_rescue_10,0,random_rescue_10,4,0.98,0.99,0.041583106,0.01,0.7296428571428573,0.15813417548845027,10.0
1,imagenet,foreground_rescue_10,0,foreground_rescue_10,0,0.98,0.99,0.013538293,0.01,0.677295918367347,0.025096868132710646,2.8
1,imagenet,foreground_rescue_10,0,foreground_rescue_10,1,0.975,0.99,0.026785223,0.015,0.677295918367347,0.025096868132710646,2.8
1,imagenet,foreground_rescue_10,0,foreground_rescue_10,2,0.98,0.99,0.014388092,0.01,0.677295918367347,0.025096868132710646,2.8
1,imagenet,foreground_rescue_10,0,foreground_rescue_10,3,0.975,0.99,0.023540452,0.015,0.677295918367347,0.025096868132710646,2.8
1,imagenet,foreground_rescue_10,0,foreground_rescue_10,4,0.98,0.99,0.016814966,0.01,0.677295918367347,0.025096868132710646,2.8
1,imagenet,foreground_rescue_10,0,low_score_rescue_10,0,0.975,0.99,0.03026968,0.015,0.7128571428571427,0.09592084560465473,10.0
1,imagenet,foreground_rescue_10,0,low_score_rescue_10,1,0.985,0.99,0.021981468,0.005,0.7136734693877551,0.09635290260200267,10.0
1,imagenet,foreground_rescue_10,0,low_score_rescue_10,2,0.975,0.99,0.022123657,0.015,0.7132142857142857,0.09623877203175696,10.0
1,imagenet,foreground_rescue_10,0,low_score_rescue_10,3,0.975,0.99,0.028878476,0.015,0.7127551020408163,0.09565284000194518,10.0
1,imagenet,foreground_rescue_10,0,low_score_rescue_10,4,0.97,0.99,0.034332003,0.02,0.7127551020408163,0.09502717675311124,10.0
1,imagenet,foreground_rescue_10,0,random_matched,0,0.975,0.99,0.020487465,0.015,0.7163775510204081,0.09909034654213109,2.8
1,imagenet,foreground_rescue_10,0,random_matched,1,0.98,0.99,0.019453429,0.01,0.7163775510204081,0.10026353536070877,2.8
1,imagenet,foreground_rescue_10,0,random_matched,2,0.975,0.99,0.029362712,0.015,0.7168877551020408,0.10060035762440128,2.8
1,imagenet,foreground_rescue_10,0,random_matched,3,0.98,0.99,0.017621843,0.01,0.7167346938775511,0.10205323439281039,2.8
1,imagenet,foreground_rescue_10,0,random_matched,4,0.98,0.99,0.022946991,0.01,0.7166836734693877,0.09952487927668469,2.8
1,imagenet,foreground_rescue_10,10,student,0,0.975,0.99,0.03546976,0.015,0.7143367346938776,0.10225787893578377,0.0
1,imagenet,foreground_rescue_10,10,student,1,0.975,0.99,0.03546976,0.015,0.7143367346938776,0.10225787893578377,0.0
1,imagenet,foreground_rescue_10,10,student,2,0.975,0.99,0.03546976,0.015,0.7143367346938776,0.10225787893578377,0.0
1,imagenet,foreground_rescue_10,10,student,3,0.975,0.99,0.03546976,0.015,0.7143367346938776,0.10225787893578377,0.0
1,imagenet,foreground_rescue_10,10,student,4,0.975,0.99,0.03546976,0.015,0.7143367346938776,0.10225787893578377,0.0
1,imagenet,foreground_rescue_10,10,random,0,0.965,0.99,0.056922186,0.025,0.8246938775510205,0.48994748795493875,0.0
1,imagenet,foreground_rescue_10,10,random,1,0.96,0.99,0.05728908,0.03,0.8235204081632653,0.4946262972715817,0.0
1,imagenet,foreground_rescue_10,10,random,2,0.95,0.99,0.085698776,0.04,0.8219387755102041,0.47777470733476307,0.0
1,imagenet,foreground_rescue_10,10,random,3,0.955,0.99,0.08480307,0.035,0.822857142857143,0.4756299304983063,0.0
1,imagenet,foreground_rescue_10,10,random,4,0.94,0.99,0.13114145,0.05,0.8268877551020407,0.5175266882325791,0.0
1,imagenet,foreground_rescue_10,10,random_rescue_10,0,0.985,0.99,0.023466082,0.005,0.7363265306122448,0.19018438030062468,10.0
1,imagenet,foreground_rescue_10,10,random_rescue_10,1,0.965,0.99,0.04945939,0.025,0.7371428571428572,0.18440161117098028,10.0
1,imagenet,foreground_rescue_10,10,random_rescue_10,2,0.965,0.99,0.04608859,0.025,0.7382653061224489,0.1813727571598699,10.0
1,imagenet,foreground_rescue_10,10,random_rescue_10,3,0.975,0.99,0.038801223,0.015,0.7375510204081632,0.1830715786030888,10.0
1,imagenet,foreground_rescue_10,10,random_rescue_10,4,0.97,0.99,0.050427042,0.02,0.7368367346938776,0.18955869920255086,10.0
1,imagenet,foreground_rescue_10,10,foreground_rescue_10,0,0.975,0.99,0.03384752,0.015,0.6827040816326531,0.03410876337296984,3.1
1,imagenet,foreground_rescue_10,10,foreground_rescue_10,1,0.975,0.99,0.033709895,0.015,0.6827040816326531,0.03410876337296984,3.1
1,imagenet,foreground_rescue_10,10,foreground_rescue_10,2,0.975,0.99,0.037886966,0.015,0.6827040816326531,0.03410876337296984,3.1
1,imagenet,foreground_rescue_10,10,foreground_rescue_10,3,0.975,0.99,0.03462715,0.015,0.6827040816326531,0.03410876337296984,3.1
1,imagenet,foreground_rescue_10,10,foreground_rescue_10,4,0.975,0.99,0.034980386,0.015,0.6827040816326531,0.03410876337296984,3.1
1,imagenet,foreground_rescue_10,10,low_score_rescue_10,0,0.97,0.99,0.031737156,0.02,0.7223469387755103,0.12165298218864617,10.0
1,imagenet,foreground_rescue_10,10,low_score_rescue_10,1,0.97,0.99,0.032273788,0.02,0.7222448979591838,0.12130798759992528,10.0
1,imagenet,foreground_rescue_10,10,low_score_rescue_10,2,0.98,0.99,0.022056744,0.01,0.7211734693877552,0.12037419885413202,10.0
1,imagenet,foreground_rescue_10,10,low_score_rescue_10,3,0.97,0.99,0.040155154,0.02,0.7217346938775511,0.12062786092253684,10.0
1,imagenet,foreground_rescue_10,10,low_score_rescue_10,4,0.97,0.99,0.03593412,0.02,0.7226530612244898,0.1231655153924922,10.0
1,imagenet,foreground_rescue_10,10,random_matched,0,0.975,0.99,0.040298734,0.015,0.7250510204081633,0.12086900799757137,3.1
1,imagenet,foreground_rescue_10,10,random_matched,1,0.98,0.99,0.020055633,0.01,0.7244897959183675,0.11866957687771791,3.1
1,imagenet,foreground_rescue_10,10,random_matched,2,0.975,0.99,0.035556745,0.015,0.7238775510204082,0.11793120282304494,3.1
1,imagenet,foreground_rescue_10,10,random_matched,3,0.975,0.99,0.031523004,0.015,0.7239285714285714,0.11793248733235087,3.1
1,imagenet,foreground_rescue_10,10,random_matched,4,0.975,0.99,0.027208466,0.015,0.7248979591836735,0.11922301859306898,3.1
1,imagenet,foreground_rescue_10,25,student,0,0.96,0.99,0.062754214,0.03,0.718826530612245,0.11231781536009214,0.0
1,imagenet,foreground_rescue_10,25,student,1,0.96,0.99,0.062754214,0.03,0.718826530612245,0.11231781536009214,0.0
1,imagenet,foreground_rescue_10,25,student,2,0.96,0.99,0.062754214,0.03,0.718826530612245,0.11231781536009214,0.0
1,imagenet,foreground_rescue_10,25,student,3,0.96,0.99,0.062754214,0.03,0.718826530612245,0.11231781536009214,0.0
1,imagenet,foreground_rescue_10,25,student,4,0.96,0.99,0.062754214,0.03,0.718826530612245,0.11231781536009214,0.0
1,imagenet,foreground_rescue_10,25,random,0,0.965,0.99,0.056922186,0.025,0.8246938775510205,0.48994748795493875,0.0
1,imagenet,foreground_rescue_10,25,random,1,0.96,0.99,0.05728908,0.03,0.8235204081632653,0.4946262972715817,0.0
1,imagenet,foreground_rescue_10,25,random,2,0.95,0.99,0.085698776,0.04,0.8219387755102041,0.47777470733476307,0.0
1,imagenet,foreground_rescue_10,25,random,3,0.955,0.99,0.08480307,0.035,0.822857142857143,0.4756299304983063,0.0
1,imagenet,foreground_rescue_10,25,random,4,0.94,0.99,0.13114145,0.05,0.8268877551020407,0.5175266882325791,0.0
1,imagenet,foreground_rescue_10,25,random_rescue_10,0,0.96,0.99,0.08605252,0.03,0.7403061224489795,0.1869564968859363,10.0
1,imagenet,foreground_rescue_10,25,random_rescue_10,1,0.975,0.99,0.045652844,0.015,0.7405102040816327,0.18698272233744934,10.0
1,imagenet,foreground_rescue_10,25,random_rescue_10,2,0.965,0.99,0.048251487,0.025,0.741938775510204,0.20107342834507785,10.0
1,imagenet,foreground_rescue_10,25,random_rescue_10,3,0.96,0.99,0.058510564,0.03,0.740408163265306,0.1884558153570223,10.0
1,imagenet,foreground_rescue_10,25,random_rescue_10,4,0.955,0.99,0.051752254,0.035,0.7396938775510203,0.18444443796014195,10.0
1,imagenet,foreground_rescue_10,25,foreground_rescue_10,0,0.96,0.99,0.068838194,0.03,0.6858163265306122,0.03837012112997049,3.235
1,imagenet,foreground_rescue_10,25,foreground_rescue_10,1,0.96,0.99,0.05242009,0.03,0.6858163265306122,0.03837012112997049,3.235
1,imagenet,foreground_rescue_10,25,foreground_rescue_10,2,0.96,0.99,0.058942117,0.03,0.6858163265306122,0.03837012112997049,3.235
1,imagenet,foreground_rescue_10,25,foreground_rescue_10,3,0.965,0.99,0.05113809,0.025,0.6858163265306122,0.03837012112997049,3.235
1,imagenet,foreground_rescue_10,25,foreground_rescue_10,4,0.96,0.99,0.053554285,0.03,0.6858163265306122,0.03837012112997049,3.235
1,imagenet,foreground_rescue_10,25,low_score_rescue_10,0,0.965,0.99,0.04668004,0.025,0.7268367346938776,0.13408720215070893,10.0
1,imagenet,foreground_rescue_10,25,low_score_rescue_10,1,0.965,0.99,0.06638843,0.025,0.7273979591836734,0.13343743121425894,10.0
1,imagenet,foreground_rescue_10,25,low_score_rescue_10,2,0.95,0.99,0.052738238,0.04,0.7266326530612244,0.13449112691195378,10.0
1,imagenet,foreground_rescue_10,25,low_score_rescue_10,3,0.965,0.99,0.06755121,0.025,0.7263775510204081,0.13282987698481427,10.0
1,imagenet,foreground_rescue_10,25,low_score_rescue_10,4,0.97,0.99,0.062761,0.02,0.727091836734694,0.13382580199544136,10.0
1,imagenet,foreground_rescue_10,25,random_matched,0,0.96,0.99,0.06282909,0.03,0.7288265306122449,0.1304260551365347,3.235
1,imagenet,foreground_rescue_10,25,random_matched,1,0.96,0.99,0.064235255,0.03,0.7285714285714286,0.12988615504463674,3.235
1,imagenet,foreground_rescue_10,25,random_matched,2,0.96,0.99,0.06336678,0.03,0.727908163265306,0.1302562784856789,3.235
1,imagenet,foreground_rescue_10,25,random_matched,3,0.96,0.99,0.056476768,0.03,0.7271938775510205,0.12806894051622955,3.235
1,imagenet,foreground_rescue_10,25,random_matched,4,0.965,0.99,0.04538678,0.025,0.7278571428571429,0.1276004952293994,3.235
1,imagenet,foreground_rescue_10,50,student,0,0.97,0.99,0.032780424,0.02,0.7215816326530613,0.10896673267754914,0.0
1,imagenet,foreground_rescue_10,50,student,1,0.97,0.99,0.032780424,0.02,0.7215816326530613,0.10896673267754914,0.0
1,imagenet,foreground_rescue_10,50,student,2,0.97,0.99,0.032780424,0.02,0.7215816326530613,0.10896673267754914,0.0
1,imagenet,foreground_rescue_10,50,student,3,0.97,0.99,0.032780424,0.02,0.7215816326530613,0.10896673267754914,0.0
1,imagenet,foreground_rescue_10,50,student,4,0.97,0.99,0.032780424,0.02,0.7215816326530613,0.10896673267754914,0.0
1,imagenet,foreground_rescue_10,50,random,0,0.965,0.99,0.056922186,0.025,0.8246938775510205,0.48994748795493875,0.0
1,imagenet,foreground_rescue_10,50,random,1,0.96,0.99,0.05728908,0.03,0.8235204081632653,0.4946262972715817,0.0
1,imagenet,foreground_rescue_10,50,random,2,0.95,0.99,0.085698776,0.04,0.8219387755102041,0.47777470733476307,0.0
1,imagenet,foreground_rescue_10,50,random,3,0.955,0.99,0.08480307,0.035,0.822857142857143,0.4756299304983063,0.0
1,imagenet,foreground_rescue_10,50,random,4,0.94,0.99,0.13114145,0.05,0.8268877551020407,0.5175266882325791,0.0
1,imagenet,foreground_rescue_10,50,random_rescue_10,0,0.955,0.99,0.061596338,0.035,0.7414795918367346,0.19892375300552928,10.0
1,imagenet,foreground_rescue_10,50,random_rescue_10,1,0.97,0.99,0.02443429,0.02,0.7425,0.17573711741100773,10.0
1,imagenet,foreground_rescue_10,50,random_rescue_10,2,0.965,0.99,0.054610673,0.025,0.7443367346938775,0.2003717067508669,10.0
1,imagenet,foreground_rescue_10,50,random_rescue_10,3,0.975,0.99,0.039476763,0.015,0.7431632653061224,0.19381349238260187,10.0
1,imagenet,foreground_rescue_10,50,random_rescue_10,4,0.95,0.99,0.049301337,0.04,0.7428061224489795,0.19233371397236385,10.0
1,imagenet,foreground_rescue_10,50,foreground_rescue_10,0,0.965,0.99,0.03854887,0.025,0.6887755102040817,0.04194055730404673,3.215
1,imagenet,foreground_rescue_10,50,foreground_rescue_10,1,0.97,0.99,0.035103217,0.02,0.6887755102040817,0.04194055730404673,3.215
1,imagenet,foreground_rescue_10,50,foreground_rescue_10,2,0.965,0.99,0.048408035,0.025,0.6887755102040817,0.04194055730404673,3.215
1,imagenet,foreground_rescue_10,50,foreground_rescue_10,3,0.965,0.99,0.038372803,0.025,0.6887755102040817,0.04194055730404673,3.215
1,imagenet,foreground_rescue_10,50,foreground_rescue_10,4,0.965,0.99,0.035681754,0.025,0.6887755102040817,0.04194055730404673,3.215
1,imagenet,foreground_rescue_10,50,low_score_rescue_10,0,0.975,0.99,0.030841548,0.015,0.7288265306122449,0.12533720756525932,10.0
1,imagenet,foreground_rescue_10,50,low_score_rescue_10,1,0.965,0.99,0.04305799,0.025,0.7294897959183673,0.127054543102838,10.0
1,imagenet,foreground_rescue_10,50,low_score_rescue_10,2,0.97,0.99,0.027928028,0.02,0.7285204081632654,0.12532264065582988,10.0
1,imagenet,foreground_rescue_10,50,low_score_rescue_10,3,0.96,0.99,0.044271544,0.03,0.7287755102040816,0.12470404344330596,10.0
1,imagenet,foreground_rescue_10,50,low_score_rescue_10,4,0.965,0.99,0.03634388,0.025,0.7283163265306122,0.12426116996301079,10.0
1,imagenet,foreground_rescue_10,50,random_matched,0,0.97,0.99,0.03257038,0.02,0.7312244897959184,0.12515946747963932,3.215
1,imagenet,foreground_rescue_10,50,random_matched,1,0.965,0.99,0.042163666,0.025,0.7308163265306122,0.12398431905145658,3.215
1,imagenet,foreground_rescue_10,50,random_matched,2,0.97,0.99,0.03267213,0.02,0.7301530612244898,0.12407752782544516,3.215
1,imagenet,foreground_rescue_10,50,random_matched,3,0.97,0.99,0.032473084,0.02,0.7294897959183673,0.12253663429257251,3.215
1,imagenet,foreground_rescue_10,50,random_matched,4,0.965,0.99,0.03522011,0.025,0.7301020408163265,0.12385832289886749,3.215
1,imagenet,foreground_rescue_10,75,student,0,0.965,0.99,0.029215625,0.025,0.7238265306122449,0.11453340672802288,0.0
1,imagenet,foreground_rescue_10,75,student,1,0.965,0.99,0.029215625,0.025,0.7238265306122449,0.11453340672802288,0.0
1,imagenet,foreground_rescue_10,75,student,2,0.965,0.99,0.029215625,0.025,0.7238265306122449,0.11453340672802288,0.0
1,imagenet,foreground_rescue_10,75,student,3,0.965,0.99,0.029215625,0.025,0.7238265306122449,0.11453340672802288,0.0
1,imagenet,foreground_rescue_10,75,student,4,0.965,0.99,0.029215625,0.025,0.7238265306122449,0.11453340672802288,0.0
1,imagenet,foreground_rescue_10,75,random,0,0.965,0.99,0.056922186,0.025,0.8246938775510205,0.48994748795493875,0.0
1,imagenet,foreground_rescue_10,75,random,1,0.96,0.99,0.05728908,0.03,0.8235204081632653,0.4946262972715817,0.0
1,imagenet,foreground_rescue_10,75,random,2,0.95,0.99,0.085698776,0.04,0.8219387755102041,0.47777470733476307,0.0
1,imagenet,foreground_rescue_10,75,random,3,0.955,0.99,0.08480307,0.035,0.822857142857143,0.4756299304983063,0.0
1,imagenet,foreground_rescue_10,75,random,4,0.94,0.99,0.13114145,0.05,0.8268877551020407,0.5175266882325791,0.0
1,imagenet,foreground_rescue_10,75,random_rescue_10,0,0.97,0.99,0.03380288,0.02,0.7445408163265307,0.19767882515381044,10.0
1,imagenet,foreground_rescue_10,75,random_rescue_10,1,0.965,0.99,0.037253946,0.025,0.7440306122448981,0.19823294010994447,10.0
1,imagenet,foreground_rescue_10,75,random_rescue_10,2,0.955,0.99,0.09171482,0.035,0.7468367346938775,0.21545392651481973,10.0
1,imagenet,foreground_rescue_10,75,random_rescue_10,3,0.97,0.99,0.03191484,0.02,0.745408163265306,0.18464689738108164,10.0
1,imagenet,foreground_rescue_10,75,random_rescue_10,4,0.98,0.99,0.042449802,0.01,0.7436224489795918,0.19592576370896195,10.0
1,imagenet,foreground_rescue_10,75,foreground_rescue_10,0,0.975,0.99,0.02144668,0.015,0.6898979591836735,0.0442340361098463,3.325
1,imagenet,foreground_rescue_10,75,foreground_rescue_10,1,0.97,0.99,0.022260232,0.02,0.6898979591836735,0.0442340361098463,3.325
1,imagenet,foreground_rescue_10,75,foreground_rescue_10,2,0.97,0.99,0.021761786,0.02,0.6898979591836735,0.0442340361098463,3.325
1,imagenet,foreground_rescue_10,75,foreground_rescue_10,3,0.965,0.99,0.031698383,0.025,0.6898979591836735,0.0442340361098463,3.325
1,imagenet,foreground_rescue_10,75,foreground_rescue_10,4,0.965,0.99,0.027073245,0.025,0.6898979591836735,0.0442340361098463,3.325
1,imagenet,foreground_rescue_10,75,low_score_rescue_10,0,0.97,0.99,0.021938622,0.02,0.7305102040816326,0.12980140962250244,10.0
1,imagenet,foreground_rescue_10,75,low_score_rescue_10,1,0.97,0.99,0.024087185,0.02,0.7315306122448979,0.1307328994811069,10.0
1,imagenet,foreground_rescue_10,75,low_score_rescue_10,2,0.97,0.99,0.021763396,0.02,0.7305612244897961,0.13042906276926713,10.0
1,imagenet,foreground_rescue_10,75,low_score_rescue_10,3,0.975,0.99,0.027028762,0.015,0.7302551020408162,0.1278868085369387,10.0
1,imagenet,foreground_rescue_10,75,low_score_rescue_10,4,0.965,0.99,0.027304327,0.025,0.7314285714285714,0.1307645525435247,10.0
1,imagenet,foreground_rescue_10,75,random_matched,0,0.97,0.99,0.020374356,0.02,0.7335714285714287,0.13133944372976272,3.325
1,imagenet,foreground_rescue_10,75,random_matched,1,0.965,0.99,0.026243366,0.025,0.7334693877551021,0.13142216670715035,3.325
1,imagenet,foreground_rescue_10,75,random_matched,2,0.97,0.99,0.024280166,0.02,0.7320408163265307,0.12933586675444086,3.325
1,imagenet,foreground_rescue_10,75,random_matched,3,0.975,0.99,0.01869462,0.015,0.7323979591836735,0.12971964159083316,3.325
1,imagenet,foreground_rescue_10,75,random_matched,4,0.97,0.99,0.021011582,0.02,0.732295918367347,0.13018195623863718,3.325
1,imagenet,foreground_rescue_10,100,student,0,0.965,0.99,0.032019615,0.025,0.7229591836734692,0.11133549629285827,0.0
1,imagenet,foreground_rescue_10,100,student,1,0.965,0.99,0.032019615,0.025,0.7229591836734692,0.11133549629285827,0.0
1,imagenet,foreground_rescue_10,100,student,2,0.965,0.99,0.032019615,0.025,0.7229591836734692,0.11133549629285827,0.0
1,imagenet,foreground_rescue_10,100,student,3,0.965,0.99,0.032019615,0.025,0.7229591836734692,0.11133549629285827,0.0
1,imagenet,foreground_rescue_10,100,student,4,0.965,0.99,0.032019615,0.025,0.7229591836734692,0.11133549629285827,0.0
1,imagenet,foreground_rescue_10,100,random,0,0.965,0.99,0.056922186,0.025,0.8246938775510205,0.48994748795493875,0.0
1,imagenet,foreground_rescue_10,100,random,1,0.96,0.99,0.05728908,0.03,0.8235204081632653,0.4946262972715817,0.0
1,imagenet,foreground_rescue_10,100,random,2,0.95,0.99,0.085698776,0.04,0.8219387755102041,0.47777470733476307,0.0
1,imagenet,foreground_rescue_10,100,random,3,0.955,0.99,0.08480307,0.035,0.822857142857143,0.4756299304983063,0.0
1,imagenet,foreground_rescue_10,100,random,4,0.94,0.99,0.13114145,0.05,0.8268877551020407,0.5175266882325791,0.0
1,imagenet,foreground_rescue_10,100,random_rescue_10,0,0.965,0.99,0.050338674,0.025,0.7430612244897961,0.199681383521552,10.0
1,imagenet,foreground_rescue_10,100,random_rescue_10,1,0.965,0.99,0.049539328,0.025,0.7436734693877551,0.18905574507714076,10.0
1,imagenet,foreground_rescue_10,100,random_rescue_10,2,0.97,0.99,0.041472964,0.02,0.7452551020408162,0.2071890109305421,10.0
1,imagenet,foreground_rescue_10,100,random_rescue_10,3,0.98,0.99,0.021626985,0.01,0.7448469387755102,0.19412627879365751,10.0
1,imagenet,foreground_rescue_10,100,random_rescue_10,4,0.965,0.99,0.027041445,0.025,0.7430102040816325,0.18209295084445903,10.0
1,imagenet,foreground_rescue_10,100,foreground_rescue_10,0,0.97,0.99,0.02720671,0.02,0.6895918367346939,0.04346402648560661,3.27
1,imagenet,foreground_rescue_10,100,foreground_rescue_10,1,0.97,0.99,0.030804882,0.02,0.6895918367346939,0.04346402648560661,3.27
1,imagenet,foreground_rescue_10,100,foreground_rescue_10,2,0.97,0.99,0.028604692,0.02,0.6895918367346939,0.04346402648560661,3.27
1,imagenet,foreground_rescue_10,100,foreground_rescue_10,3,0.965,0.99,0.035292935,0.025,0.6895918367346939,0.04346402648560661,3.27
1,imagenet,foreground_rescue_10,100,foreground_rescue_10,4,0.96,0.99,0.033457402,0.03,0.6895918367346939,0.04346402648560661,3.27
1,imagenet,foreground_rescue_10,100,low_score_rescue_10,0,0.965,0.99,0.030497918,0.025,0.729642857142857,0.12685215780909753,10.0
1,imagenet,foreground_rescue_10,100,low_score_rescue_10,1,0.97,0.99,0.031410147,0.02,0.7302551020408162,0.12689913049749776,10.0
1,imagenet,foreground_rescue_10,100,low_score_rescue_10,2,0.965,0.99,0.035647865,0.025,0.7292857142857143,0.1265294978659483,10.0
1,imagenet,foreground_rescue_10,100,low_score_rescue_10,3,0.96,0.99,0.038339727,0.03,0.7297448979591837,0.12607855786709243,10.0
1,imagenet,foreground_rescue_10,100,low_score_rescue_10,4,0.97,0.99,0.029082153,0.02,0.7299489795918368,0.12742299510847033,10.0
1,imagenet,foreground_rescue_10,100,random_matched,0,0.97,0.99,0.032252666,0.02,0.731887755102041,0.12629322513443908,3.27
1,imagenet,foreground_rescue_10,100,random_matched,1,0.97,0.99,0.028977985,0.02,0.7318367346938777,0.12764006935554628,3.27
1,imagenet,foreground_rescue_10,100,random_matched,2,0.965,0.99,0.035809647,0.025,0.7317346938775511,0.12714527160981004,3.27
1,imagenet,foreground_rescue_10,100,random_matched,3,0.97,0.99,0.03241209,0.02,0.7325510204081632,0.1288547502122944,3.27
1,imagenet,foreground_rescue_10,100,random_matched,4,0.97,0.99,0.027297579,0.02,0.7302551020408165,0.12324849546181858,3.27
1,imagenet,full,0,student,0,0.975,0.99,0.019294329,0.015,0.7058673469387755,0.08231790489358617,0.0
1,imagenet,full,0,student,1,0.975,0.99,0.019294329,0.015,0.7058673469387755,0.08231790489358617,0.0
1,imagenet,full,0,student,2,0.975,0.99,0.019294329,0.015,0.7058673469387755,0.08231790489358617,0.0
1,imagenet,full,0,student,3,0.975,0.99,0.019294329,0.015,0.7058673469387755,0.08231790489358617,0.0
1,imagenet,full,0,student,4,0.975,0.99,0.019294329,0.015,0.7058673469387755,0.08231790489358617,0.0
1,imagenet,full,0,random,0,0.965,0.99,0.056922186,0.025,0.8246938775510205,0.48994748795493875,0.0
1,imagenet,full,0,random,1,0.96,0.99,0.05728908,0.03,0.8235204081632653,0.4946262972715817,0.0
1,imagenet,full,0,random,2,0.95,0.99,0.085698776,0.04,0.8219387755102041,0.47777470733476307,0.0
1,imagenet,full,0,random,3,0.955,0.99,0.08480307,0.035,0.822857142857143,0.4756299304983063,0.0
1,imagenet,full,0,random,4,0.94,0.99,0.13114145,0.05,0.8268877551020407,0.5175266882325791,0.0
1,imagenet,full,0,random_rescue_10,0,0.96,0.99,0.062073875,0.03,0.729234693877551,0.1679639018459042,10.0
1,imagenet,full,0,random_rescue_10,1,0.98,0.99,0.013065207,0.01,0.7321428571428572,0.17112982691976839,10.0
1,imagenet,full,0,random_rescue_10,2,0.97,0.99,0.049909916,0.02,0.7311224489795919,0.17162426857917626,10.0
1,imagenet,full,0,random_rescue_10,3,0.97,0.99,0.041415587,0.02,0.7294897959183675,0.17406355448185729,10.0
1,imagenet,full,0,random_rescue_10,4,0.98,0.99,0.041583106,0.01,0.7296428571428573,0.15813417548845027,10.0
1,imagenet,full,0,foreground_rescue_10,0,0.98,0.99,0.013538293,0.01,0.677295918367347,0.025096868132710646,2.8
1,imagenet,full,0,foreground_rescue_10,1,0.975,0.99,0.026785223,0.015,0.677295918367347,0.025096868132710646,2.8
1,imagenet,full,0,foreground_rescue_10,2,0.98,0.99,0.014388092,0.01,0.677295918367347,0.025096868132710646,2.8
1,imagenet,full,0,foreground_rescue_10,3,0.975,0.99,0.023540452,0.015,0.677295918367347,0.025096868132710646,2.8
1,imagenet,full,0,foreground_rescue_10,4,0.98,0.99,0.016814966,0.01,0.677295918367347,0.025096868132710646,2.8
1,imagenet,full,0,low_score_rescue_10,0,0.975,0.99,0.03026968,0.015,0.7128571428571427,0.09592084560465473,10.0
1,imagenet,full,0,low_score_rescue_10,1,0.985,0.99,0.021981468,0.005,0.7136734693877551,0.09635290260200267,10.0
1,imagenet,full,0,low_score_rescue_10,2,0.975,0.99,0.022123657,0.015,0.7132142857142857,0.09623877203175696,10.0
1,imagenet,full,0,low_score_rescue_10,3,0.975,0.99,0.028878476,0.015,0.7127551020408163,0.09565284000194518,10.0
1,imagenet,full,0,low_score_rescue_10,4,0.97,0.99,0.034332003,0.02,0.7127551020408163,0.09502717675311124,10.0
1,imagenet,full,0,random_matched,0,0.975,0.99,0.020487465,0.015,0.7163775510204081,0.09909034654213109,2.8
1,imagenet,full,0,random_matched,1,0.98,0.99,0.019453429,0.01,0.7163775510204081,0.10026353536070877,2.8
1,imagenet,full,0,random_matched,2,0.975,0.99,0.029362712,0.015,0.7168877551020408,0.10060035762440128,2.8
1,imagenet,full,0,random_matched,3,0.98,0.99,0.017621843,0.01,0.7167346938775511,0.10205323439281039,2.8
1,imagenet,full,0,random_matched,4,0.98,0.99,0.022946991,0.01,0.7166836734693877,0.09952487927668469,2.8
1,imagenet,full,10,student,0,0.965,0.99,0.04182441,0.025,0.7153061224489795,0.1040351979375286,0.0
1,imagenet,full,10,student,1,0.965,0.99,0.04182441,0.025,0.7153061224489795,0.1040351979375286,0.0
1,imagenet,full,10,student,2,0.965,0.99,0.04182441,0.025,0.7153061224489795,0.1040351979375286,0.0
1,imagenet,full,10,student,3,0.965,0.99,0.04182441,0.025,0.7153061224489795,0.1040351979375286,0.0
1,imagenet,full,10,student,4,0.965,0.99,0.04182441,0.025,0.7153061224489795,0.1040351979375286,0.0
1,imagenet,full,10,random,0,0.965,0.99,0.056922186,0.025,0.8246938775510205,0.48994748795493875,0.0
1,imagenet,full,10,random,1,0.96,0.99,0.05728908,0.03,0.8235204081632653,0.4946262972715817,0.0
1,imagenet,full,10,random,2,0.95,0.99,0.085698776,0.04,0.8219387755102041,0.47777470733476307,0.0
1,imagenet,full,10,random,3,0.955,0.99,0.08480307,0.035,0.822857142857143,0.4756299304983063,0.0
1,imagenet,full,10,random,4,0.94,0.99,0.13114145,0.05,0.8268877551020407,0.5175266882325791,0.0
1,imagenet,full,10,random_rescue_10,0,0.965,0.99,0.04348014,0.025,0.7369897959183674,0.1830782478454296,10.0
1,imagenet,full,10,random_rescue_10,1,0.975,0.99,0.03679772,0.015,0.7385714285714287,0.1783799108075321,10.0
1,imagenet,full,10,random_rescue_10,2,0.96,0.99,0.046962954,0.03,0.7386734693877551,0.17707419015625853,10.0
1,imagenet,full,10,random_rescue_10,3,0.97,0.99,0.043001343,0.02,0.739591836734694,0.19263643701975267,10.0
1,imagenet,full,10,random_rescue_10,4,0.96,0.99,0.03923407,0.03,0.7368367346938776,0.1847701030704545,10.0
1,imagenet,full,10,foreground_rescue_10,0,0.965,0.99,0.038000956,0.025,0.6829591836734694,0.03405622290388009,3.17
1,imagenet,full,10,foreground_rescue_10,1,0.965,0.99,0.050288066,0.025,0.6829591836734694,0.03405622290388009,3.17
1,imagenet,full,10,foreground_rescue_10,2,0.965,0.99,0.036757186,0.025,0.6829591836734694,0.03405622290388009,3.17
1,imagenet,full,10,foreground_rescue_10,3,0.96,0.99,0.046352237,0.03,0.6829591836734694,0.03405622290388009,3.17
1,imagenet,full,10,foreground_rescue_10,4,0.965,0.99,0.04059848,0.025,0.6829591836734694,0.03405622290388009,3.17
1,imagenet,full,10,low_score_rescue_10,0,0.975,0.99,0.03652443,0.015,0.7231632653061224,0.12216437602838014,10.0
1,imagenet,full,10,low_score_rescue_10,1,0.97,0.99,0.029722495,0.02,0.7236224489795918,0.1229235809105497,10.0
1,imagenet,full,10,low_score_rescue_10,2,0.965,0.99,0.041506242,0.025,0.722704081632653,0.12240587294990417,10.0
1,imagenet,full,10,low_score_rescue_10,3,0.975,0.99,0.031742636,0.015,0.7228061224489797,0.12175364659199811,10.0
1,imagenet,full,10,low_score_rescue_10,4,0.97,0.99,0.038696785,0.02,0.7226020408163265,0.12236148329191497,10.0
1,imagenet,full,10,random_matched,0,0.965,0.99,0.039806053,0.025,0.7252551020408162,0.12083632049351513,3.17
1,imagenet,full,10,random_matched,1,0.965,0.99,0.037586864,0.025,0.7249489795918368,0.1199132151674703,3.17
1,imagenet,full,10,random_matched,2,0.965,0.99,0.04644355,0.025,0.7249489795918368,0.12233839594382778,3.17
1,imagenet,full,10,random_matched,3,0.965,0.99,0.04307737,0.025,0.7263775510204081,0.12458464978500003,3.17
1,imagenet,full,10,random_matched,4,0.965,0.99,0.044460572,0.025,0.7257142857142856,0.12140646762521105,3.17
1,imagenet,full,25,student,0,0.97,0.99,0.045819245,0.02,0.7180612244897959,0.10639757617962327,0.0
1,imagenet,full,25,student,1,0.97,0.99,0.045819245,0.02,0.7180612244897959,0.10639757617962327,0.0
1,imagenet,full,25,student,2,0.97,0.99,0.045819245,0.02,0.7180612244897959,0.10639757617962327,0.0
1,imagenet,full,25,student,3,0.97,0.99,0.045819245,0.02,0.7180612244897959,0.10639757617962327,0.0
1,imagenet,full,25,student,4,0.97,0.99,0.045819245,0.02,0.7180612244897959,0.10639757617962327,0.0
1,imagenet,full,25,random,0,0.965,0.99,0.056922186,0.025,0.8246938775510205,0.48994748795493875,0.0
1,imagenet,full,25,random,1,0.96,0.99,0.05728908,0.03,0.8235204081632653,0.4946262972715817,0.0
1,imagenet,full,25,random,2,0.95,0.99,0.085698776,0.04,0.8219387755102041,0.47777470733476307,0.0
1,imagenet,full,25,random,3,0.955,0.99,0.08480307,0.035,0.822857142857143,0.4756299304983063,0.0
1,imagenet,full,25,random,4,0.94,0.99,0.13114145,0.05,0.8268877551020407,0.5175266882325791,0.0
1,imagenet,full,25,random_rescue_10,0,0.955,0.99,0.07954782,0.035,0.738673469387755,0.18430830296068734,10.0
1,imagenet,full,25,random_rescue_10,1,0.97,0.99,0.042426262,0.02,0.7398979591836735,0.18322184712450132,10.0
1,imagenet,full,25,random_rescue_10,2,0.965,0.99,0.070687346,0.025,0.7399489795918367,0.18766867638088403,10.0
1,imagenet,full,25,random_rescue_10,3,0.96,0.99,0.065297276,0.03,0.74,0.18162412618825535,10.0
1,imagenet,full,25,random_rescue_10,4,0.96,0.99,0.05224368,0.03,0.7388265306122449,0.18755185635146857,10.0
1,imagenet,full,25,foreground_rescue_10,0,0.97,0.99,0.050252266,0.02,0.6861734693877551,0.03888504986244948,3.125
1,imagenet,full,25,foreground_rescue_10,1,0.97,0.99,0.050349504,0.02,0.6861734693877551,0.03888504986244948,3.125
1,imagenet,full,25,foreground_rescue_10,2,0.97,0.99,0.0433779,0.02,0.6861734693877551,0.03888504986244948,3.125
1,imagenet,full,25,foreground_rescue_10,3,0.965,0.99,0.04613286,0.025,0.6861734693877551,0.03888504986244948,3.125
1,imagenet,full,25,foreground_rescue_10,4,0.965,0.99,0.052028626,0.025,0.6861734693877551,0.03888504986244948,3.125
1,imagenet,full,25,low_score_rescue_10,0,0.97,0.99,0.042709995,0.02,0.7257142857142856,0.12621867544018917,10.0
1,imagenet,full,25,low_score_rescue_10,1,0.965,0.99,0.032943025,0.025,0.7258673469387756,0.12645307473968875,10.0
1,imagenet,full,25,low_score_rescue_10,2,0.975,0.99,0.040997945,0.015,0.7252551020408162,0.12385896668280817,10.0
1,imagenet,full,25,low_score_rescue_10,3,0.975,0.99,0.041791536,0.015,0.7253061224489795,0.12416443388187902,10.0
1,imagenet,full,25,low_score_rescue_10,4,0.975,0.99,0.036843218,0.015,0.7245408163265307,0.12248827939182197,10.0
1,imagenet,full,25,random_matched,0,0.97,0.99,0.052404925,0.02,0.7273979591836734,0.12281787512837736,3.125
1,imagenet,full,25,random_matched,1,0.975,0.99,0.039048325,0.015,0.7266836734693877,0.12150483640818383,3.125
1,imagenet,full,25,random_matched,2,0.97,0.99,0.047971573,0.02,0.727704081632653,0.12363322855588796,3.125
1,imagenet,full,25,random_matched,3,0.97,0.99,0.044739522,0.02,0.7274489795918367,0.12212491174345738,3.125
1,imagenet,full,25,random_matched,4,0.975,0.99,0.03782885,0.015,0.7276020408163265,0.12353187436490881,3.125
1,imagenet,full,50,student,0,0.98,0.99,0.020151872,0.01,0.7228061224489797,0.11777562542424214,0.0
1,imagenet,full,50,student,1,0.98,0.99,0.020151872,0.01,0.7228061224489797,0.11777562542424214,0.0
1,imagenet,full,50,student,2,0.98,0.99,0.020151872,0.01,0.7228061224489797,0.11777562542424214,0.0
1,imagenet,full,50,student,3,0.98,0.99,0.020151872,0.01,0.7228061224489797,0.11777562542424214,0.0
1,imagenet,full,50,student,4,0.98,0.99,0.020151872,0.01,0.7228061224489797,0.11777562542424214,0.0
1,imagenet,full,50,random,0,0.965,0.99,0.056922186,0.025,0.8246938775510205,0.48994748795493875,0.0
1,imagenet,full,50,random,1,0.96,0.99,0.05728908,0.03,0.8235204081632653,0.4946262972715817,0.0
1,imagenet,full,50,random,2,0.95,0.99,0.085698776,0.04,0.8219387755102041,0.47777470733476307,0.0
1,imagenet,full,50,random,3,0.955,0.99,0.08480307,0.035,0.822857142857143,0.4756299304983063,0.0
1,imagenet,full,50,random,4,0.94,0.99,0.13114145,0.05,0.8268877551020407,0.5175266882325791,0.0
1,imagenet,full,50,random_rescue_10,0,0.98,0.99,0.020411875,0.01,0.7436224489795918,0.20093506647943532,10.0
1,imagenet,full,50,random_rescue_10,1,0.98,0.99,0.027413033,0.01,0.7439285714285714,0.19189322219165897,10.0
1,imagenet,full,50,random_rescue_10,2,0.99,0.99,0.021929374,0.0,0.7463265306122449,0.20305155307828057,10.0
1,imagenet,full,50,random_rescue_10,3,0.98,0.99,0.030826123,0.01,0.745,0.20002900312330055,10.0
1,imagenet,full,50,random_rescue_10,4,0.975,0.99,0.032151274,0.015,0.7437755102040816,0.19578601759335867,10.0
1,imagenet,full,50,foreground_rescue_10,0,0.98,0.99,0.0223861,0.01,0.6892857142857143,0.043038710354483416,3.285
1,imagenet,full,50,foreground_rescue_10,1,0.97,0.99,0.043017864,0.02,0.6892857142857143,0.043038710354483416,3.285
1,imagenet,full,50,foreground_rescue_10,2,0.98,0.99,0.024167648,0.01,0.6892857142857143,0.043038710354483416,3.285
1,imagenet,full,50,foreground_rescue_10,3,0.98,0.99,0.029930234,0.01,0.6892857142857143,0.043038710354483416,3.285
1,imagenet,full,50,foreground_rescue_10,4,0.98,0.99,0.02979549,0.01,0.6892857142857143,0.043038710354483416,3.285
1,imagenet,full,50,low_score_rescue_10,0,0.98,0.99,0.017509889,0.01,0.7297448979591837,0.13391735745122832,10.0
1,imagenet,full,50,low_score_rescue_10,1,0.975,0.99,0.029623423,0.015,0.7285714285714286,0.13073144607999498,10.0
1,imagenet,full,50,low_score_rescue_10,2,0.99,0.99,0.017903147,0.0,0.7284693877551021,0.13175189760674375,10.0
1,imagenet,full,50,low_score_rescue_10,3,0.99,0.99,0.018236317,0.0,0.7289795918367347,0.1319100598758607,10.0
1,imagenet,full,50,low_score_rescue_10,4,0.97,0.99,0.022279963,0.02,0.7294897959183673,0.13363120868227535,10.0
1,imagenet,full,50,random_matched,0,0.98,0.99,0.02621521,0.01,0.7321428571428572,0.1348597009792527,3.285
1,imagenet,full,50,random_matched,1,0.985,0.99,0.01681531,0.005,0.7320408163265306,0.13403240165731822,3.285
1,imagenet,full,50,random_matched,2,0.98,0.99,0.019913645,0.01,0.7318367346938776,0.1346969205284384,3.285
1,imagenet,full,50,random_matched,3,0.98,0.99,0.036571845,0.01,0.7316836734693877,0.13471839121367307,3.285
1,imagenet,full,50,random_matched,4,0.985,0.99,0.016318707,0.005,0.7317857142857142,0.133896965315601,3.285
1,imagenet,full,75,student,0,0.965,0.99,0.05520379,0.025,0.7254081632653062,0.13121812974593702,0.0
1,imagenet,full,75,student,1,0.965,0.99,0.05520379,0.025,0.7254081632653062,0.13121812974593702,0.0
1,imagenet,full,75,student,2,0.965,0.99,0.05520379,0.025,0.7254081632653062,0.13121812974593702,0.0
1,imagenet,full,75,student,3,0.965,0.99,0.05520379,0.025,0.7254081632653062,0.13121812974593702,0.0
1,imagenet,full,75,student,4,0.965,0.99,0.05520379,0.025,0.7254081632653062,0.13121812974593702,0.0
1,imagenet,full,75,random,0,0.965,0.99,0.056922186,0.025,0.8246938775510205,0.48994748795493875,0.0
1,imagenet,full,75,random,1,0.96,0.99,0.05728908,0.03,0.8235204081632653,0.4946262972715817,0.0
1,imagenet,full,75,random,2,0.95,0.99,0.085698776,0.04,0.8219387755102041,0.47777470733476307,0.0
1,imagenet,full,75,random,3,0.955,0.99,0.08480307,0.035,0.822857142857143,0.4756299304983063,0.0
1,imagenet,full,75,random,4,0.94,0.99,0.13114145,0.05,0.8268877551020407,0.5175266882325791,0.0
1,imagenet,full,75,random_rescue_10,0,0.955,0.99,0.07578728,0.035,0.7459183673469388,0.20938838636713938,10.0
1,imagenet,full,75,random_rescue_10,1,0.98,0.99,0.024808977,0.01,0.745408163265306,0.21089947459302757,10.0
1,imagenet,full,75,random_rescue_10,2,0.97,0.99,0.057824004,0.02,0.7463775510204081,0.20423451004047147,10.0
1,imagenet,full,75,random_rescue_10,3,0.975,0.99,0.049645215,0.015,0.7460204081632653,0.20378052594262275,10.0
1,imagenet,full,75,random_rescue_10,4,0.97,0.99,0.050533697,0.02,0.7463265306122449,0.19320295447763444,10.0
1,imagenet,full,75,foreground_rescue_10,0,0.97,0.99,0.05682039,0.02,0.6907653061224489,0.04549537557463598,3.395
1,imagenet,full,75,foreground_rescue_10,1,0.965,0.99,0.056395493,0.025,0.6907653061224489,0.04549537557463598,3.395
1,imagenet,full,75,foreground_rescue_10,2,0.965,0.99,0.058096122,0.025,0.6907653061224489,0.04549537557463598,3.395
1,imagenet,full,75,foreground_rescue_10,3,0.965,0.99,0.061557103,0.025,0.6907653061224489,0.04549537557463598,3.395
1,imagenet,full,75,foreground_rescue_10,4,0.97,0.99,0.053255785,0.02,0.6907653061224489,0.04549537557463598,3.395
1,imagenet,full,75,low_score_rescue_10,0,0.965,0.99,0.056940604,0.025,0.734591836734694,0.15292045336017776,10.0
1,imagenet,full,75,low_score_rescue_10,1,0.96,0.99,0.059781276,0.03,0.7347448979591837,0.15320298260079016,10.0
1,imagenet,full,75,low_score_rescue_10,2,0.98,0.99,0.021143464,0.01,0.7343367346938776,0.1540106022726938,10.0
1,imagenet,full,75,low_score_rescue_10,3,0.965,0.99,0.05215331,0.025,0.7344387755102042,0.15407395978592356,10.0
1,imagenet,full,75,low_score_rescue_10,4,0.975,0.99,0.05007366,0.015,0.7351530612244898,0.1538829092574627,10.0
1,imagenet,full,75,random_matched,0,0.97,0.99,0.050970353,0.02,0.7341836734693878,0.14695287593911557,3.395
1,imagenet,full,75,random_matched,1,0.975,0.99,0.039933104,0.015,0.734591836734694,0.1482211043510559,3.395
1,imagenet,full,75,random_matched,2,0.97,0.99,0.043133736,0.02,0.7343367346938776,0.1471251821173626,3.395
1,imagenet,full,75,random_matched,3,0.975,0.99,0.04061602,0.015,0.7343367346938776,0.14844986261515664,3.395
1,imagenet,full,75,random_matched,4,0.97,0.99,0.043557767,0.02,0.7344387755102042,0.14546149697044722,3.395
1,imagenet,full,100,student,0,0.96,0.99,0.06480442,0.03,0.7257142857142856,0.12288263137074942,0.0
1,imagenet,full,100,student,1,0.96,0.99,0.06480442,0.03,0.7257142857142856,0.12288263137074942,0.0
1,imagenet,full,100,student,2,0.96,0.99,0.06480442,0.03,0.7257142857142856,0.12288263137074942,0.0
1,imagenet,full,100,student,3,0.96,0.99,0.06480442,0.03,0.7257142857142856,0.12288263137074942,0.0
1,imagenet,full,100,student,4,0.96,0.99,0.06480442,0.03,0.7257142857142856,0.12288263137074942,0.0
1,imagenet,full,100,random,0,0.965,0.99,0.056922186,0.025,0.8246938775510205,0.48994748795493875,0.0
1,imagenet,full,100,random,1,0.96,0.99,0.05728908,0.03,0.8235204081632653,0.4946262972715817,0.0
1,imagenet,full,100,random,2,0.95,0.99,0.085698776,0.04,0.8219387755102041,0.47777470733476307,0.0
1,imagenet,full,100,random,3,0.955,0.99,0.08480307,0.035,0.822857142857143,0.4756299304983063,0.0
1,imagenet,full,100,random,4,0.94,0.99,0.13114145,0.05,0.8268877551020407,0.5175266882325791,0.0
1,imagenet,full,100,random_rescue_10,0,0.96,0.99,0.073097326,0.03,0.7461224489795919,0.20865966245763415,10.0
1,imagenet,full,100,random_rescue_10,1,0.96,0.99,0.04806425,0.03,0.7473979591836735,0.20502208930442367,10.0
1,imagenet,full,100,random_rescue_10,2,0.96,0.99,0.056555443,0.03,0.7475510204081632,0.21538079314747127,10.0
1,imagenet,full,100,random_rescue_10,3,0.975,0.99,0.034940466,0.015,0.7484693877551021,0.2071114361490055,10.0
1,imagenet,full,100,random_rescue_10,4,0.96,0.99,0.05444753,0.03,0.7446428571428573,0.19608407335968292,10.0
1,imagenet,full,100,foreground_rescue_10,0,0.965,0.99,0.05229521,0.025,0.6912755102040816,0.046419801260331205,3.375
1,imagenet,full,100,foreground_rescue_10,1,0.965,0.99,0.05273284,0.025,0.6912755102040816,0.046419801260331205,3.375
1,imagenet,full,100,foreground_rescue_10,2,0.96,0.99,0.054455727,0.03,0.6912755102040816,0.046419801260331205,3.375
1,imagenet,full,100,foreground_rescue_10,3,0.96,0.99,0.057886597,0.03,0.6912755102040816,0.046419801260331205,3.375
1,imagenet,full,100,foreground_rescue_10,4,0.96,0.99,0.053982552,0.03,0.6912755102040816,0.046419801260331205,3.375
1,imagenet,full,100,low_score_rescue_10,0,0.965,0.99,0.054865237,0.025,0.7350510204081633,0.14749270599735784,10.0
1,imagenet,full,100,low_score_rescue_10,1,0.97,0.99,0.05714554,0.02,0.7356632653061225,0.15083535605457066,10.0
1,imagenet,full,100,low_score_rescue_10,2,0.96,0.99,0.03785549,0.03,0.7345408163265306,0.14834702464752264,10.0
1,imagenet,full,100,low_score_rescue_10,3,0.96,0.99,0.058103666,0.03,0.735204081632653,0.1483298875009098,10.0
1,imagenet,full,100,low_score_rescue_10,4,0.975,0.99,0.04462143,0.015,0.735765306122449,0.15058970737596167,10.0
1,imagenet,full,100,random_matched,0,0.965,0.99,0.051270396,0.025,0.7343367346938776,0.13894119082113077,3.375
1,imagenet,full,100,random_matched,1,0.96,0.99,0.05126931,0.03,0.735,0.1392104071060141,3.375
1,imagenet,full,100,random_matched,2,0.965,0.99,0.046867076,0.025,0.734591836734694,0.13883578296962326,3.375
1,imagenet,full,100,random_matched,3,0.965,0.99,0.04396144,0.025,0.7339285714285715,0.13880753586975572,3.375
1,imagenet,full,100,random_matched,4,0.96,0.99,0.05360028,0.03,0.7328571428571428,0.1340556573341206,3.375
1,imagenet,low_score_rescue_10,0,student,0,0.975,0.99,0.019294329,0.015,0.7058673469387755,0.08231790489358617,0.0
1,imagenet,low_score_rescue_10,0,student,1,0.975,0.99,0.019294329,0.015,0.7058673469387755,0.08231790489358617,0.0
1,imagenet,low_score_rescue_10,0,student,2,0.975,0.99,0.019294329,0.015,0.7058673469387755,0.08231790489358617,0.0
1,imagenet,low_score_rescue_10,0,student,3,0.975,0.99,0.019294329,0.015,0.7058673469387755,0.08231790489358617,0.0
1,imagenet,low_score_rescue_10,0,student,4,0.975,0.99,0.019294329,0.015,0.7058673469387755,0.08231790489358617,0.0
1,imagenet,low_score_rescue_10,0,random,0,0.965,0.99,0.056922186,0.025,0.8246938775510205,0.48994748795493875,0.0
1,imagenet,low_score_rescue_10,0,random,1,0.96,0.99,0.05728908,0.03,0.8235204081632653,0.4946262972715817,0.0
1,imagenet,low_score_rescue_10,0,random,2,0.95,0.99,0.085698776,0.04,0.8219387755102041,0.47777470733476307,0.0
1,imagenet,low_score_rescue_10,0,random,3,0.955,0.99,0.08480307,0.035,0.822857142857143,0.4756299304983063,0.0
1,imagenet,low_score_rescue_10,0,random,4,0.94,0.99,0.13114145,0.05,0.8268877551020407,0.5175266882325791,0.0
1,imagenet,low_score_rescue_10,0,random_rescue_10,0,0.96,0.99,0.062073875,0.03,0.729234693877551,0.1679639018459042,10.0
1,imagenet,low_score_rescue_10,0,random_rescue_10,1,0.98,0.99,0.013065207,0.01,0.7321428571428572,0.17112982691976839,10.0
1,imagenet,low_score_rescue_10,0,random_rescue_10,2,0.97,0.99,0.049909916,0.02,0.7311224489795919,0.17162426857917626,10.0
1,imagenet,low_score_rescue_10,0,random_rescue_10,3,0.97,0.99,0.041415587,0.02,0.7294897959183675,0.17406355448185729,10.0
1,imagenet,low_score_rescue_10,0,random_rescue_10,4,0.98,0.99,0.041583106,0.01,0.7296428571428573,0.15813417548845027,10.0
1,imagenet,low_score_rescue_10,0,foreground_rescue_10,0,0.98,0.99,0.013538293,0.01,0.677295918367347,0.025096868132710646,2.8
1,imagenet,low_score_rescue_10,0,foreground_rescue_10,1,0.975,0.99,0.026785223,0.015,0.677295918367347,0.025096868132710646,2.8
1,imagenet,low_score_rescue_10,0,foreground_rescue_10,2,0.98,0.99,0.014388092,0.01,0.677295918367347,0.025096868132710646,2.8
1,imagenet,low_score_rescue_10,0,foreground_rescue_10,3,0.975,0.99,0.023540452,0.015,0.677295918367347,0.025096868132710646,2.8
1,imagenet,low_score_rescue_10,0,foreground_rescue_10,4,0.98,0.99,0.016814966,0.01,0.677295918367347,0.025096868132710646,2.8
1,imagenet,low_score_rescue_10,0,low_score_rescue_10,0,0.975,0.99,0.03026968,0.015,0.7128571428571427,0.09592084560465473,10.0
1,imagenet,low_score_rescue_10,0,low_score_rescue_10,1,0.985,0.99,0.021981468,0.005,0.7136734693877551,0.09635290260200267,10.0
1,imagenet,low_score_rescue_10,0,low_score_rescue_10,2,0.975,0.99,0.022123657,0.015,0.7132142857142857,0.09623877203175696,10.0
1,imagenet,low_score_rescue_10,0,low_score_rescue_10,3,0.975,0.99,0.028878476,0.015,0.7127551020408163,0.09565284000194518,10.0
1,imagenet,low_score_rescue_10,0,low_score_rescue_10,4,0.97,0.99,0.034332003,0.02,0.7127551020408163,0.09502717675311124,10.0
1,imagenet,low_score_rescue_10,0,random_matched,0,0.975,0.99,0.020487465,0.015,0.7163775510204081,0.09909034654213109,2.8
1,imagenet,low_score_rescue_10,0,random_matched,1,0.98,0.99,0.019453429,0.01,0.7163775510204081,0.10026353536070877,2.8
1,imagenet,low_score_rescue_10,0,random_matched,2,0.975,0.99,0.029362712,0.015,0.7168877551020408,0.10060035762440128,2.8
1,imagenet,low_score_rescue_10,0,random_matched,3,0.98,0.99,0.017621843,0.01,0.7167346938775511,0.10205323439281039,2.8
1,imagenet,low_score_rescue_10,0,random_matched,4,0.98,0.99,0.022946991,0.01,0.7166836734693877,0.09952487927668469,2.8
1,imagenet,low_score_rescue_10,10,student,0,0.965,0.99,0.035607323,0.025,0.7128061224489796,0.10309855758885342,0.0
1,imagenet,low_score_rescue_10,10,student,1,0.965,0.99,0.035607323,0.025,0.7128061224489796,0.10309855758885342,0.0
1,imagenet,low_score_rescue_10,10,student,2,0.965,0.99,0.035607323,0.025,0.7128061224489796,0.10309855758885342,0.0
1,imagenet,low_score_rescue_10,10,student,3,0.965,0.99,0.035607323,0.025,0.7128061224489796,0.10309855758885342,0.0
1,imagenet,low_score_rescue_10,10,student,4,0.965,0.99,0.035607323,0.025,0.7128061224489796,0.10309855758885342,0.0
1,imagenet,low_score_rescue_10,10,random,0,0.965,0.99,0.056922186,0.025,0.8246938775510205,0.48994748795493875,0.0
1,imagenet,low_score_rescue_10,10,random,1,0.96,0.99,0.05728908,0.03,0.8235204081632653,0.4946262972715817,0.0
1,imagenet,low_score_rescue_10,10,random,2,0.95,0.99,0.085698776,0.04,0.8219387755102041,0.47777470733476307,0.0
1,imagenet,low_score_rescue_10,10,random,3,0.955,0.99,0.08480307,0.035,0.822857142857143,0.4756299304983063,0.0
1,imagenet,low_score_rescue_10,10,random,4,0.94,0.99,0.13114145,0.05,0.8268877551020407,0.5175266882325791,0.0
1,imagenet,low_score_rescue_10,10,random_rescue_10,0,0.965,0.99,0.051488712,0.025,0.7356632653061225,0.19784628556405004,10.0
1,imagenet,low_score_rescue_10,10,random_rescue_10,1,0.97,0.99,0.053757552,0.02,0.7361734693877551,0.1814010758940179,10.0
1,imagenet,low_score_rescue_10,10,random_rescue_10,2,0.965,0.99,0.070402406,0.025,0.7363775510204081,0.1794050593013878,10.0
1,imagenet,low_score_rescue_10,10,random_rescue_10,3,0.97,0.99,0.04813411,0.02,0.7376020408163265,0.18553510058339578,10.0
1,imagenet,low_score_rescue_10,10,random_rescue_10,4,0.965,0.99,0.04094017,0.025,0.7338265306122449,0.17230622636727197,10.0
1,imagenet,low_score_rescue_10,10,foreground_rescue_10,0,0.965,0.99,0.037946567,0.025,0.6812755102040816,0.03260794333418995,3.09
1,imagenet,low_score_rescue_10,10,foreground_rescue_10,1,0.965,0.99,0.039083775,0.025,0.6812755102040816,0.03260794333418995,3.09
1,imagenet,low_score_rescue_10,10,foreground_rescue_10,2,0.965,0.99,0.036991607,0.025,0.6812755102040816,0.03260794333418995,3.09
1,imagenet,low_score_rescue_10,10,foreground_rescue_10,3,0.965,0.99,0.035748076,0.025,0.6812755102040816,0.03260794333418995,3.09
1,imagenet,low_score_rescue_10,10,foreground_rescue_10,4,0.965,0.99,0.038878974,0.025,0.6812755102040816,0.03260794333418995,3.09
1,imagenet,low_score_rescue_10,10,low_score_rescue_10,0,0.96,0.99,0.044443034,0.03,0.7216836734693878,0.12333230598744581,10.0
1,imagenet,low_score_rescue_10,10,low_score_rescue_10,1,0.965,0.99,0.0351624,0.025,0.7214795918367346,0.12270347943506328,10.0
1,imagenet,low_score_rescue_10,10,low_score_rescue_10,2,0.97,0.99,0.032624256,0.02,0.7214795918367348,0.12410669860428389,10.0
1,imagenet,low_score_rescue_10,10,low_score_rescue_10,3,0.98,0.99,0.02698791,0.01,0.7207653061224489,0.12172763550070906,10.0
1,imagenet,low_score_rescue_10,10,low_score_rescue_10,4,0.96,0.99,0.039508477,0.03,0.720969387755102,0.12267919439401727,10.0
1,imagenet,low_score_rescue_10,10,random_matched,0,0.965,0.99,0.033822797,0.025,0.7236734693877551,0.12148863971033731,3.09
1,imagenet,low_score_rescue_10,10,random_matched,1,0.965,0.99,0.036875702,0.025,0.7217857142857143,0.11778254784653354,3.09
1,imagenet,low_score_rescue_10,10,random_matched,2,0.965,0.99,0.03278615,0.025,0.7238265306122449,0.12255985549803868,3.09
1,imagenet,low_score_rescue_10,10,random_matched,3,0.96,0.99,0.030897116,0.03,0.7229081632653062,0.12032741152184077,3.09
1,imagenet,low_score_rescue_10,10,random_matched,4,0.965,0.99,0.03479193,0.025,0.722908163265306,0.1197023770230547,3.09
1,imagenet,low_score_rescue_10,25,student,0,0.97,0.99,0.04059653,0.02,0.7164795918367346,0.10366489152872045,0.0
1,imagenet,low_score_rescue_10,25,student,1,0.97,0.99,0.04059653,0.02,0.7164795918367346,0.10366489152872045,0.0
1,imagenet,low_score_rescue_10,25,student,2,0.97,0.99,0.04059653,0.02,0.7164795918367346,0.10366489152872045,0.0
1,imagenet,low_score_rescue_10,25,student,3,0.97,0.99,0.04059653,0.02,0.7164795918367346,0.10366489152872045,0.0
1,imagenet,low_score_rescue_10,25,student,4,0.97,0.99,0.04059653,0.02,0.7164795918367346,0.10366489152872045,0.0
1,imagenet,low_score_rescue_10,25,random,0,0.965,0.99,0.056922186,0.025,0.8246938775510205,0.48994748795493875,0.0
1,imagenet,low_score_rescue_10,25,random,1,0.96,0.99,0.05728908,0.03,0.8235204081632653,0.4946262972715817,0.0
1,imagenet,low_score_rescue_10,25,random,2,0.95,0.99,0.085698776,0.04,0.8219387755102041,0.47777470733476307,0.0
1,imagenet,low_score_rescue_10,25,random,3,0.955,0.99,0.08480307,0.035,0.822857142857143,0.4756299304983063,0.0
1,imagenet,low_score_rescue_10,25,random,4,0.94,0.99,0.13114145,0.05,0.8268877551020407,0.5175266882325791,0.0
1,imagenet,low_score_rescue_10,25,random_rescue_10,0,0.97,0.99,0.04639585,0.02,0.7384693877551021,0.1960114988227897,10.0
1,imagenet,low_score_rescue_10,25,random_rescue_10,1,0.98,0.99,0.02732667,0.01,0.7389285714285714,0.18042319476911037,10.0
1,imagenet,low_score_rescue_10,25,random_rescue_10,2,0.965,0.99,0.06027775,0.025,0.739591836734694,0.18929514156895352,10.0
1,imagenet,low_score_rescue_10,25,random_rescue_10,3,0.965,0.99,0.05851304,0.025,0.7395918367346939,0.18285488995193797,10.0
1,imagenet,low_score_rescue_10,25,random_rescue_10,4,0.985,0.99,0.016122071,0.005,0.7375510204081632,0.176858943037368,10.0
1,imagenet,low_score_rescue_10,25,foreground_rescue_10,0,0.97,0.99,0.040735103,0.02,0.6848979591836735,0.03624936998395787,3.095
1,imagenet,low_score_rescue_10,25,foreground_rescue_10,1,0.97,0.99,0.046513826,0.02,0.6848979591836735,0.03624936998395787,3.095
1,imagenet,low_score_rescue_10,25,foreground_rescue_10,2,0.975,0.99,0.038839057,0.015,0.6848979591836735,0.03624936998395787,3.095
1,imagenet,low_score_rescue_10,25,foreground_rescue_10,3,0.97,0.99,0.0404004,0.02,0.6848979591836735,0.03624936998395787,3.095
1,imagenet,low_score_rescue_10,25,foreground_rescue_10,4,0.97,0.99,0.04234109,0.02,0.6848979591836735,0.03624936998395787,3.095
1,imagenet,low_score_rescue_10,25,low_score_rescue_10,0,0.975,0.99,0.03645559,0.015,0.7229591836734695,0.11622454619893574,10.0
1,imagenet,low_score_rescue_10,25,low_score_rescue_10,1,0.97,0.99,0.03692743,0.02,0.7239285714285715,0.11910058868818774,10.0
1,imagenet,low_score_rescue_10,25,low_score_rescue_10,2,0.965,0.99,0.034351815,0.025,0.7232653061224491,0.11725681671430307,10.0
1,imagenet,low_score_rescue_10,25,low_score_rescue_10,3,0.965,0.99,0.03973883,0.025,0.7233163265306124,0.11562051952033667,10.0
1,imagenet,low_score_rescue_10,25,low_score_rescue_10,4,0.97,0.99,0.03297702,0.02,0.7232142857142858,0.11638987322813756,10.0
1,imagenet,low_score_rescue_10,25,random_matched,0,0.97,0.99,0.042834386,0.02,0.7268877551020406,0.12161136596825027,3.095
1,imagenet,low_score_rescue_10,25,random_matched,1,0.975,0.99,0.03721454,0.015,0.7255102040816327,0.12116281825509245,3.095
1,imagenet,low_score_rescue_10,25,random_matched,2,0.975,0.99,0.037657954,0.015,0.7264795918367346,0.12162503151857719,3.095
1,imagenet,low_score_rescue_10,25,random_matched,3,0.97,0.99,0.042566482,0.02,0.7259183673469388,0.12060869676069202,3.095
1,imagenet,low_score_rescue_10,25,random_matched,4,0.975,0.99,0.03604099,0.015,0.7262755102040817,0.11944146732801061,3.095
1,imagenet,low_score_rescue_10,50,student,0,0.965,0.99,0.045407873,0.025,0.7188265306122449,0.11127799803506605,0.0
1,imagenet,low_score_rescue_10,50,student,1,0.965,0.99,0.045407873,0.025,0.7188265306122449,0.11127799803506605,0.0
1,imagenet,low_score_rescue_10,50,student,2,0.965,0.99,0.045407873,0.025,0.7188265306122449,0.11127799803506605,0.0
1,imagenet,low_score_rescue_10,50,student,3,0.965,0.99,0.045407873,0.025,0.7188265306122449,0.11127799803506605,0.0
1,imagenet,low_score_rescue_10,50,student,4,0.965,0.99,0.045407873,0.025,0.7188265306122449,0.11127799803506605,0.0
1,imagenet,low_score_rescue_10,50,random,0,0.965,0.99,0.056922186,0.025,0.8246938775510205,0.48994748795493875,0.0
1,imagenet,low_score_rescue_10,50,random,1,0.96,0.99,0.05728908,0.03,0.8235204081632653,0.4946262972715817,0.0
1,imagenet,low_score_rescue_10,50,random,2,0.95,0.99,0.085698776,0.04,0.8219387755102041,0.47777470733476307,0.0
1,imagenet,low_score_rescue_10,50,random,3,0.955,0.99,0.08480307,0.035,0.822857142857143,0.4756299304983063,0.0
1,imagenet,low_score_rescue_10,50,random,4,0.94,0.99,0.13114145,0.05,0.8268877551020407,0.5175266882325791,0.0
1,imagenet,low_score_rescue_10,50,random_rescue_10,0,0.98,0.99,0.033001207,0.01,0.741530612244898,0.1954672123085642,10.0
1,imagenet,low_score_rescue_10,50,random_rescue_10,1,0.96,0.99,0.060952034,0.03,0.7406122448979592,0.18037102274752864,10.0
1,imagenet,low_score_rescue_10,50,random_rescue_10,2,0.96,0.99,0.042728987,0.03,0.7403061224489795,0.1833369418097364,10.0
1,imagenet,low_score_rescue_10,50,random_rescue_10,3,0.975,0.99,0.03222867,0.015,0.7421428571428572,0.20253000661298903,10.0
1,imagenet,low_score_rescue_10,50,random_rescue_10,4,0.97,0.99,0.027540524,0.02,0.7391836734693878,0.17888483795329901,10.0
1,imagenet,low_score_rescue_10,50,foreground_rescue_10,0,0.965,0.99,0.045429315,0.025,0.6858673469387756,0.03876032159505473,3.23
1,imagenet,low_score_rescue_10,50,foreground_rescue_10,1,0.965,0.99,0.045650862,0.025,0.6858673469387756,0.03876032159505473,3.23
1,imagenet,low_score_rescue_10,50,foreground_rescue_10,2,0.965,0.99,0.048849434,0.025,0.6858673469387756,0.03876032159505473,3.23
1,imagenet,low_score_rescue_10,50,foreground_rescue_10,3,0.96,0.99,0.061843246,0.03,0.6858673469387756,0.03876032159505473,3.23
1,imagenet,low_score_rescue_10,50,foreground_rescue_10,4,0.96,0.99,0.06131385,0.03,0.6858673469387756,0.03876032159505473,3.23
1,imagenet,low_score_rescue_10,50,low_score_rescue_10,0,0.965,0.99,0.035794426,0.025,0.727704081632653,0.13474796977246598,10.0
1,imagenet,low_score_rescue_10,50,low_score_rescue_10,1,0.97,0.99,0.039393865,0.02,0.7282142857142857,0.1345295207753203,10.0
1,imagenet,low_score_rescue_10,50,low_score_rescue_10,2,0.96,0.99,0.044175234,0.03,0.7278061224489796,0.13641882300709754,10.0
1,imagenet,low_score_rescue_10,50,low_score_rescue_10,3,0.97,0.99,0.039700914,0.02,0.7278061224489796,0.13488830620654751,10.0
1,imagenet,low_score_rescue_10,50,low_score_rescue_10,4,0.97,0.99,0.04200227,0.02,0.727704081632653,0.13396990998742042,10.0
1,imagenet,low_score_rescue_10,50,random_matched,0,0.975,0.99,0.029769411,0.015,0.7287755102040816,0.12668926227042926,3.23
1,imagenet,low_score_rescue_10,50,random_matched,1,0.965,0.99,0.049918137,0.025,0.7288775510204082,0.12814147424693775,3.23
1,imagenet,low_score_rescue_10,50,random_matched,2,0.965,0.99,0.041281696,0.025,0.7283163265306122,0.12779298531722644,3.23
1,imagenet,low_score_rescue_10,50,random_matched,3,0.965,0.99,0.052021064,0.025,0.727908163265306,0.1264791630347977,3.23
1,imagenet,low_score_rescue_10,50,random_matched,4,0.965,0.99,0.042259913,0.025,0.7277551020408164,0.12670456690091297,3.23
1,imagenet,low_score_rescue_10,75,student,0,0.96,0.99,0.047569882,0.03,0.7178061224489796,0.1041769374778369,0.0
1,imagenet,low_score_rescue_10,75,student,1,0.96,0.99,0.047569882,0.03,0.7178061224489796,0.1041769374778369,0.0
1,imagenet,low_score_rescue_10,75,student,2,0.96,0.99,0.047569882,0.03,0.7178061224489796,0.1041769374778369,0.0
1,imagenet,low_score_rescue_10,75,student,3,0.96,0.99,0.047569882,0.03,0.7178061224489796,0.1041769374778369,0.0
1,imagenet,low_score_rescue_10,75,student,4,0.96,0.99,0.047569882,0.03,0.7178061224489796,0.1041769374778369,0.0
1,imagenet,low_score_rescue_10,75,random,0,0.965,0.99,0.056922186,0.025,0.8246938775510205,0.48994748795493875,0.0
1,imagenet,low_score_rescue_10,75,random,1,0.96,0.99,0.05728908,0.03,0.8235204081632653,0.4946262972715817,0.0
1,imagenet,low_score_rescue_10,75,random,2,0.95,0.99,0.085698776,0.04,0.8219387755102041,0.47777470733476307,0.0
1,imagenet,low_score_rescue_10,75,random,3,0.955,0.99,0.08480307,0.035,0.822857142857143,0.4756299304983063,0.0
1,imagenet,low_score_rescue_10,75,random,4,0.94,0.99,0.13114145,0.05,0.8268877551020407,0.5175266882325791,0.0
1,imagenet,low_score_rescue_10,75,random_rescue_10,0,0.965,0.99,0.033685204,0.025,0.7378571428571428,0.18664110226806327,10.0
1,imagenet,low_score_rescue_10,75,random_rescue_10,1,0.98,0.99,0.030846324,0.01,0.7382142857142857,0.17487315255984082,10.0
1,imagenet,low_score_rescue_10,75,random_rescue_10,2,0.97,0.99,0.05128517,0.02,0.7401530612244898,0.1819095673248487,10.0
1,imagenet,low_score_rescue_10,75,random_rescue_10,3,0.97,0.99,0.050959963,0.02,0.7400510204081633,0.19449279139917022,10.0
1,imagenet,low_score_rescue_10,75,random_rescue_10,4,0.975,0.99,0.030725084,0.015,0.7390306122448979,0.17981376972961774,10.0
1,imagenet,low_score_rescue_10,75,foreground_rescue_10,0,0.96,0.99,0.048403338,0.03,0.6853571428571428,0.03588379522812421,3.18
1,imagenet,low_score_rescue_10,75,foreground_rescue_10,1,0.96,0.99,0.04977778,0.03,0.6853571428571428,0.03588379522812421,3.18
1,imagenet,low_score_rescue_10,75,foreground_rescue_10,2,0.955,0.99,0.05666296,0.035,0.6853571428571428,0.03588379522812421,3.18
1,imagenet,low_score_rescue_10,75,foreground_rescue_10,3,0.96,0.99,0.04513279,0.03,0.6853571428571428,0.03588379522812421,3.18
1,imagenet,low_score_rescue_10,75,foreground_rescue_10,4,0.96,0.99,0.048254263,0.03,0.6853571428571428,0.03588379522812421,3.18
1,imagenet,low_score_rescue_10,75,low_score_rescue_10,0,0.97,0.99,0.03457026,0.02,0.724795918367347,0.11808636822348427,10.0
1,imagenet,low_score_rescue_10,75,low_score_rescue_10,1,0.975,0.99,0.027326781,0.015,0.7248469387755102,0.11772687967350874,10.0
1,imagenet,low_score_rescue_10,75,low_score_rescue_10,2,0.98,0.99,0.029656382,0.01,0.7242346938775509,0.1176476492765356,10.0
1,imagenet,low_score_rescue_10,75,low_score_rescue_10,3,0.975,0.99,0.035007823,0.015,0.7243367346938776,0.11615517981799349,10.0
1,imagenet,low_score_rescue_10,75,low_score_rescue_10,4,0.97,0.99,0.04063159,0.02,0.7254081632653062,0.11773207720898934,10.0
1,imagenet,low_score_rescue_10,75,random_matched,0,0.96,0.99,0.052675042,0.03,0.728265306122449,0.12259260674857396,3.18
1,imagenet,low_score_rescue_10,75,random_matched,1,0.96,0.99,0.039737895,0.03,0.7277551020408164,0.12142305266331263,3.18
1,imagenet,low_score_rescue_10,75,random_matched,2,0.965,0.99,0.03581299,0.025,0.727908163265306,0.12286105720899564,3.18
1,imagenet,low_score_rescue_10,75,random_matched,3,0.96,0.99,0.052560247,0.03,0.7271428571428572,0.12176914963363933,3.18
1,imagenet,low_score_rescue_10,75,random_matched,4,0.96,0.99,0.038775153,0.03,0.7271428571428571,0.12093503219605362,3.18
1,imagenet,low_score_rescue_10,100,student,0,0.965,0.99,0.040971726,0.025,0.7175,0.10220719756183867,0.0
1,imagenet,low_score_rescue_10,100,student,1,0.965,0.99,0.040971726,0.025,0.7175,0.10220719756183867,0.0
1,imagenet,low_score_rescue_10,100,student,2,0.965,0.99,0.040971726,0.025,0.7175,0.10220719756183867,0.0
1,imagenet,low_score_rescue_10,100,student,3,0.965,0.99,0.040971726,0.025,0.7175,0.10220719756183867,0.0
1,imagenet,low_score_rescue_10,100,student,4,0.965,0.99,0.040971726,0.025,0.7175,0.10220719756183867,0.0
1,imagenet,low_score_rescue_10,100,random,0,0.965,0.99,0.056922186,0.025,0.8246938775510205,0.48994748795493875,0.0
1,imagenet,low_score_rescue_10,100,random,1,0.96,0.99,0.05728908,0.03,0.8235204081632653,0.4946262972715817,0.0
1,imagenet,low_score_rescue_10,100,random,2,0.95,0.99,0.085698776,0.04,0.8219387755102041,0.47777470733476307,0.0
1,imagenet,low_score_rescue_10,100,random,3,0.955,0.99,0.08480307,0.035,0.822857142857143,0.4756299304983063,0.0
1,imagenet,low_score_rescue_10,100,random,4,0.94,0.99,0.13114145,0.05,0.8268877551020407,0.5175266882325791,0.0
1,imagenet,low_score_rescue_10,100,random_rescue_10,0,0.965,0.99,0.055801958,0.025,0.7380612244897959,0.18622932582901164,10.0
1,imagenet,low_score_rescue_10,100,random_rescue_10,1,0.97,0.99,0.040657748,0.02,0.7397448979591837,0.1826188457111375,10.0
1,imagenet,low_score_rescue_10,100,random_rescue_10,2,0.975,0.99,0.03988222,0.015,0.7409693877551021,0.18533714178230212,10.0
1,imagenet,low_score_rescue_10,100,random_rescue_10,3,0.97,0.99,0.057693243,0.02,0.74,0.19263602414077843,10.0
1,imagenet,low_score_rescue_10,100,random_rescue_10,4,0.975,0.99,0.031350575,0.015,0.7375510204081632,0.1781876976540206,10.0
1,imagenet,low_score_rescue_10,100,foreground_rescue_10,0,0.96,0.99,0.042067733,0.03,0.6854081632653062,0.03579868358877983,3.145
1,imagenet,low_score_rescue_10,100,foreground_rescue_10,1,0.965,0.99,0.03889177,0.025,0.6854081632653062,0.03579868358877983,3.145
1,imagenet,low_score_rescue_10,100,foreground_rescue_10,2,0.955,0.99,0.053681422,0.035,0.6854081632653062,0.03579868358877983,3.145
1,imagenet,low_score_rescue_10,100,foreground_rescue_10,3,0.955,0.99,0.051392347,0.035,0.6854081632653062,0.03579868358877983,3.145
1,imagenet,low_score_rescue_10,100,foreground_rescue_10,4,0.955,0.99,0.056524545,0.035,0.6854081632653062,0.03579868358877983,3.145
1,imagenet,low_score_rescue_10,100,low_score_rescue_10,0,0.98,0.99,0.027572999,0.01,0.7241326530612245,0.11631321985720039,10.0
1,imagenet,low_score_rescue_10,100,low_score_rescue_10,1,0.98,0.99,0.025459794,0.01,0.7250510204081633,0.11795525418897344,10.0
1,imagenet,low_score_rescue_10,100,low_score_rescue_10,2,0.985,0.99,0.029859219,0.005,0.7237244897959184,0.11677534974001082,10.0
1,imagenet,low_score_rescue_10,100,low_score_rescue_10,3,0.975,0.99,0.043566056,0.015,0.724438775510204,0.11574096722086737,10.0
1,imagenet,low_score_rescue_10,100,low_score_rescue_10,4,0.97,0.99,0.032074217,0.02,0.7246938775510204,0.11609342949396388,10.0
1,imagenet,low_score_rescue_10,100,random_matched,0,0.97,0.99,0.040215325,0.02,0.7281632653061224,0.12046416707871488,3.145
1,imagenet,low_score_rescue_10,100,random_matched,1,0.965,0.99,0.030964827,0.025,0.7272448979591837,0.11977177935794377,3.145
1,imagenet,low_score_rescue_10,100,random_matched,2,0.96,0.99,0.039125778,0.03,0.7260714285714286,0.11852031230908798,3.145
1,imagenet,low_score_rescue_10,100,random_matched,3,0.97,0.99,0.027242055,0.02,0.7270408163265306,0.11992396151057821,3.145
1,imagenet,low_score_rescue_10,100,random_matched,4,0.965,0.99,0.03883777,0.025,0.7279591836734695,0.12041085170100256,3.145
1,imagenet,random,0,student,0,0.975,0.99,0.019294329,0.015,0.7058673469387755,0.08231790489358617,0.0
1,imagenet,random,0,student,1,0.975,0.99,0.019294329,0.015,0.7058673469387755,0.08231790489358617,0.0
1,imagenet,random,0,student,2,0.975,0.99,0.019294329,0.015,0.7058673469387755,0.08231790489358617,0.0
1,imagenet,random,0,student,3,0.975,0.99,0.019294329,0.015,0.7058673469387755,0.08231790489358617,0.0
1,imagenet,random,0,student,4,0.975,0.99,0.019294329,0.015,0.7058673469387755,0.08231790489358617,0.0
1,imagenet,random,0,random,0,0.965,0.99,0.056922186,0.025,0.8246938775510205,0.48994748795493875,0.0
1,imagenet,random,0,random,1,0.96,0.99,0.05728908,0.03,0.8235204081632653,0.4946262972715817,0.0
1,imagenet,random,0,random,2,0.95,0.99,0.085698776,0.04,0.8219387755102041,0.47777470733476307,0.0
1,imagenet,random,0,random,3,0.955,0.99,0.08480307,0.035,0.822857142857143,0.4756299304983063,0.0
1,imagenet,random,0,random,4,0.94,0.99,0.13114145,0.05,0.8268877551020407,0.5175266882325791,0.0
1,imagenet,random,0,random_rescue_10,0,0.96,0.99,0.062073875,0.03,0.729234693877551,0.1679639018459042,10.0
1,imagenet,random,0,random_rescue_10,1,0.98,0.99,0.013065207,0.01,0.7321428571428572,0.17112982691976839,10.0
1,imagenet,random,0,random_rescue_10,2,0.97,0.99,0.049909916,0.02,0.7311224489795919,0.17162426857917626,10.0
1,imagenet,random,0,random_rescue_10,3,0.97,0.99,0.041415587,0.02,0.7294897959183675,0.17406355448185729,10.0
1,imagenet,random,0,random_rescue_10,4,0.98,0.99,0.041583106,0.01,0.7296428571428573,0.15813417548845027,10.0
1,imagenet,random,0,foreground_rescue_10,0,0.98,0.99,0.013538293,0.01,0.677295918367347,0.025096868132710646,2.8
1,imagenet,random,0,foreground_rescue_10,1,0.975,0.99,0.026785223,0.015,0.677295918367347,0.025096868132710646,2.8
1,imagenet,random,0,foreground_rescue_10,2,0.98,0.99,0.014388092,0.01,0.677295918367347,0.025096868132710646,2.8
1,imagenet,random,0,foreground_rescue_10,3,0.975,0.99,0.023540452,0.015,0.677295918367347,0.025096868132710646,2.8
1,imagenet,random,0,foreground_rescue_10,4,0.98,0.99,0.016814966,0.01,0.677295918367347,0.025096868132710646,2.8
1,imagenet,random,0,low_score_rescue_10,0,0.975,0.99,0.03026968,0.015,0.7128571428571427,0.09592084560465473,10.0
1,imagenet,random,0,low_score_rescue_10,1,0.985,0.99,0.021981468,0.005,0.7136734693877551,0.09635290260200267,10.0
1,imagenet,random,0,low_score_rescue_10,2,0.975,0.99,0.022123657,0.015,0.7132142857142857,0.09623877203175696,10.0
1,imagenet,random,0,low_score_rescue_10,3,0.975,0.99,0.028878476,0.015,0.7127551020408163,0.09565284000194518,10.0
1,imagenet,random,0,low_score_rescue_10,4,0.97,0.99,0.034332003,0.02,0.7127551020408163,0.09502717675311124,10.0
1,imagenet,random,0,random_matched,0,0.975,0.99,0.020487465,0.015,0.7163775510204081,0.09909034654213109,2.8
1,imagenet,random,0,random_matched,1,0.98,0.99,0.019453429,0.01,0.7163775510204081,0.10026353536070877,2.8
1,imagenet,random,0,random_matched,2,0.975,0.99,0.029362712,0.015,0.7168877551020408,0.10060035762440128,2.8
1,imagenet,random,0,random_matched,3,0.98,0.99,0.017621843,0.01,0.7167346938775511,0.10205323439281039,2.8
1,imagenet,random,0,random_matched,4,0.98,0.99,0.022946991,0.01,0.7166836734693877,0.09952487927668469,2.8
1,imagenet,random,10,student,0,0.955,0.99,0.05126229,0.035,0.712091836734694,0.09598826075305311,0.0
1,imagenet,random,10,student,1,0.955,0.99,0.05126229,0.035,0.712091836734694,0.09598826075305311,0.0
1,imagenet,random,10,student,2,0.955,0.99,0.05126229,0.035,0.712091836734694,0.09598826075305311,0.0
1,imagenet,random,10,student,3,0.955,0.99,0.05126229,0.035,0.712091836734694,0.09598826075305311,0.0
1,imagenet,random,10,student,4,0.955,0.99,0.05126229,0.035,0.712091836734694,0.09598826075305311,0.0
1,imagenet,random,10,random,0,0.965,0.99,0.056922186,0.025,0.8246938775510205,0.48994748795493875,0.0
1,imagenet,random,10,random,1,0.96,0.99,0.05728908,0.03,0.8235204081632653,0.4946262972715817,0.0
1,imagenet,random,10,random,2,0.95,0.99,0.085698776,0.04,0.8219387755102041,0.47777470733476307,0.0
1,imagenet,random,10,random,3,0.955,0.99,0.08480307,0.035,0.822857142857143,0.4756299304983063,0.0
1,imagenet,random,10,random,4,0.94,0.99,0.13114145,0.05,0.8268877551020407,0.5175266882325791,0.0
1,imagenet,random,10,random_rescue_10,0,0.96,0.99,0.042869426,0.03,0.7365816326530613,0.18674884739902287,10.0
1,imagenet,random,10,random_rescue_10,1,0.97,0.99,0.05170284,0.02,0.7364285714285714,0.18201076714716516,10.0
1,imagenet,random,10,random_rescue_10,2,0.965,0.99,0.034405515,0.025,0.7358163265306122,0.1676991733781312,10.0
1,imagenet,random,10,random_rescue_10,3,0.975,0.99,0.0427708,0.015,0.7375,0.18848661809589617,10.0
1,imagenet,random,10,random_rescue_10,4,0.97,0.99,0.033727918,0.02,0.7347448979591837,0.1731870884855369,10.0
1,imagenet,random,10,foreground_rescue_10,0,0.96,0.99,0.034351725,0.03,0.6815306122448981,0.033031837387189456,2.995
1,imagenet,random,10,foreground_rescue_10,1,0.96,0.99,0.04297272,0.03,0.6815306122448981,0.033031837387189456,2.995
1,imagenet,random,10,foreground_rescue_10,2,0.96,0.99,0.040767632,0.03,0.6815306122448981,0.033031837387189456,2.995
1,imagenet,random,10,foreground_rescue_10,3,0.96,0.99,0.036885027,0.03,0.6815306122448981,0.033031837387189456,2.995
1,imagenet,random,10,foreground_rescue_10,4,0.96,0.99,0.040817607,0.03,0.6815306122448981,0.033031837387189456,2.995
1,imagenet,random,10,low_score_rescue_10,0,0.955,0.99,0.0518377,0.035,0.7208673469387756,0.11838640022525228,10.0
1,imagenet,random,10,low_score_rescue_10,1,0.965,0.99,0.03003902,0.025,0.7206632653061226,0.11775961024802319,10.0
1,imagenet,random,10,low_score_rescue_10,2,0.965,0.99,0.037503395,0.025,0.7205102040816327,0.11821947188507119,10.0
1,imagenet,random,10,low_score_rescue_10,3,0.965,0.99,0.041642834,0.025,0.7197448979591837,0.11560748329880632,10.0
1,imagenet,random,10,low_score_rescue_10,4,0.955,0.99,0.050116654,0.035,0.7198469387755102,0.11616442370853824,10.0
1,imagenet,random,10,random_matched,0,0.96,0.99,0.04045847,0.03,0.7230612244897959,0.11475449789817833,2.995
1,imagenet,random,10,random_matched,1,0.955,0.99,0.05635452,0.035,0.7213775510204081,0.11258705684450894,2.995
1,imagenet,random,10,random_matched,2,0.965,0.99,0.036609393,0.025,0.7218877551020408,0.11249927727827554,2.995
1,imagenet,random,10,random_matched,3,0.95,0.99,0.047269497,0.04,0.7226020408163265,0.11452580456124448,2.995
1,imagenet,random,10,random_matched,4,0.965,0.99,0.033564363,0.025,0.7228061224489797,0.1141004983713103,2.995
1,imagenet,random,25,student,0,0.955,0.99,0.067913845,0.035,0.716734693877551,0.10876516048361927,0.0
1,imagenet,random,25,student,1,0.955,0.99,0.067913845,0.035,0.716734693877551,0.10876516048361927,0.0
1,imagenet,random,25,student,2,0.955,0.99,0.067913845,0.035,0.716734693877551,0.10876516048361927,0.0
1,imagenet,random,25,student,3,0.955,0.99,0.067913845,0.035,0.716734693877551,0.10876516048361927,0.0
1,imagenet,random,25,student,4,0.955,0.99,0.067913845,0.035,0.716734693877551,0.10876516048361927,0.0
1,imagenet,random,25,random,0,0.965,0.99,0.056922186,0.025,0.8246938775510205,0.48994748795493875,0.0
1,imagenet,random,25,random,1,0.96,0.99,0.05728908,0.03,0.8235204081632653,0.4946262972715817,0.0
1,imagenet,random,25,random,2,0.95,0.99,0.085698776,0.04,0.8219387755102041,0.47777470733476307,0.0
1,imagenet,random,25,random,3,0.955,0.99,0.08480307,0.035,0.822857142857143,0.4756299304983063,0.0
1,imagenet,random,25,random,4,0.94,0.99,0.13114145,0.05,0.8268877551020407,0.5175266882325791,0.0
1,imagenet,random,25,random_rescue_10,0,0.955,0.99,0.054091617,0.035,0.738112244897959,0.20695812773609099,10.0
1,imagenet,random,25,random_rescue_10,1,0.96,0.99,0.05907892,0.03,0.7406632653061225,0.19171257805821978,10.0
1,imagenet,random,25,random_rescue_10,2,0.96,0.99,0.06331908,0.03,0.7383673469387755,0.18331763722307468,10.0
1,imagenet,random,25,random_rescue_10,3,0.97,0.99,0.055152837,0.025,0.7389795918367347,0.19022903333513544,10.0
1,imagenet,random,25,random_rescue_10,4,0.955,0.99,0.07872765,0.035,0.7386224489795918,0.19373019897027782,10.0
1,imagenet,random,25,foreground_rescue_10,0,0.95,0.99,0.07393628,0.04,0.6832142857142857,0.03515269609121617,3.285
1,imagenet,random,25,foreground_rescue_10,1,0.95,0.99,0.07574484,0.04,0.6832142857142857,0.03515269609121617,3.285
1,imagenet,random,25,foreground_rescue_10,2,0.95,0.99,0.07775786,0.04,0.6832142857142857,0.03515269609121617,3.285
1,imagenet,random,25,foreground_rescue_10,3,0.95,0.99,0.078863695,0.04,0.6832142857142857,0.03515269609121617,3.285
1,imagenet,random,25,foreground_rescue_10,4,0.955,0.99,0.06765443,0.035,0.6832142857142857,0.03515269609121617,3.285
1,imagenet,random,25,low_score_rescue_10,0,0.96,0.99,0.061572224,0.03,0.7243367346938776,0.1261392256745126,10.0
1,imagenet,random,25,low_score_rescue_10,1,0.975,0.99,0.03070689,0.015,0.7248979591836735,0.12678479286491365,10.0
1,imagenet,random,25,low_score_rescue_10,2,0.97,0.99,0.03863735,0.02,0.7250510204081633,0.1277245017863777,10.0
1,imagenet,random,25,low_score_rescue_10,3,0.97,0.99,0.05140244,0.02,0.7235714285714286,0.12515631201175118,10.0
1,imagenet,random,25,low_score_rescue_10,4,0.955,0.99,0.05342555,0.035,0.724438775510204,0.12558995135699438,10.0
1,imagenet,random,25,random_matched,0,0.96,0.99,0.057615004,0.03,0.7261224489795919,0.12428565404815552,3.285
1,imagenet,random,25,random_matched,1,0.955,0.99,0.06240857,0.035,0.7268367346938777,0.12687931484389983,3.285
1,imagenet,random,25,random_matched,2,0.945,0.99,0.07829165,0.045,0.7268877551020406,0.12647724782938582,3.285
1,imagenet,random,25,random_matched,3,0.955,0.99,0.0727128,0.035,0.7268367346938777,0.1272790129516609,3.285
1,imagenet,random,25,random_matched,4,0.955,0.99,0.062092315,0.035,0.726938775510204,0.12539299849297414,3.285
1,imagenet,random,50,student,0,0.96,0.99,0.0617605,0.03,0.7151530612244897,0.09943974549192403,0.0
1,imagenet,random,50,student,1,0.96,0.99,0.0617605,0.03,0.7151530612244897,0.09943974549192403,0.0
1,imagenet,random,50,student,2,0.96,0.99,0.0617605,0.03,0.7151530612244897,0.09943974549192403,0.0
1,imagenet,random,50,student,3,0.96,0.99,0.0617605,0.03,0.7151530612244897,0.09943974549192403,0.0
1,imagenet,random,50,student,4,0.96,0.99,0.0617605,0.03,0.7151530612244897,0.09943974549192403,0.0
1,imagenet,random,50,random,0,0.965,0.99,0.056922186,0.025,0.8246938775510205,0.48994748795493875,0.0
1,imagenet,random,50,random,1,0.96,0.99,0.05728908,0.03,0.8235204081632653,0.4946262972715817,0.0
1,imagenet,random,50,random,2,0.95,0.99,0.085698776,0.04,0.8219387755102041,0.47777470733476307,0.0
1,imagenet,random,50,random,3,0.955,0.99,0.08480307,0.035,0.822857142857143,0.4756299304983063,0.0
1,imagenet,random,50,random,4,0.94,0.99,0.13114145,0.05,0.8268877551020407,0.5175266882325791,0.0
1,imagenet,random,50,random_rescue_10,0,0.97,0.99,0.04947097,0.02,0.7368877551020409,0.18510209586527432,10.0
1,imagenet,random,50,random_rescue_10,1,0.97,0.99,0.053624317,0.02,0.7378571428571429,0.1759506682377813,10.0
1,imagenet,random,50,random_rescue_10,2,0.965,0.99,0.06722149,0.025,0.7398979591836735,0.19034909163137717,10.0
1,imagenet,random,50,random_rescue_10,3,0.965,0.99,0.05018628,0.025,0.7378571428571428,0.1790144939386383,10.0
1,imagenet,random,50,random_rescue_10,4,0.975,0.99,0.049932852,0.015,0.737295918367347,0.18220064025648589,10.0
1,imagenet,random,50,foreground_rescue_10,0,0.96,0.99,0.063150376,0.03,0.6836734693877551,0.03438313599464636,3.085
1,imagenet,random,50,foreground_rescue_10,1,0.96,0.99,0.066256545,0.03,0.6836734693877551,0.03438313599464636,3.085
1,imagenet,random,50,foreground_rescue_10,2,0.96,0.99,0.06490097,0.03,0.6836734693877551,0.03438313599464636,3.085
1,imagenet,random,50,foreground_rescue_10,3,0.96,0.99,0.06413915,0.03,0.6836734693877551,0.03438313599464636,3.085
1,imagenet,random,50,foreground_rescue_10,4,0.96,0.99,0.06411136,0.03,0.6836734693877551,0.03438313599464636,3.085
1,imagenet,random,50,low_score_rescue_10,0,0.96,0.99,0.057237595,0.03,0.7211224489795919,0.11253735588401105,10.0
1,imagenet,random,50,low_score_rescue_10,1,0.97,0.99,0.05236968,0.025,0.7217346938775511,0.11377426911549787,10.0
1,imagenet,random,50,low_score_rescue_10,2,0.965,0.99,0.054615464,0.025,0.7206632653061226,0.11392265137923789,10.0
1,imagenet,random,50,low_score_rescue_10,3,0.965,0.99,0.060978185,0.025,0.7208163265306123,0.11187491989012227,10.0
1,imagenet,random,50,low_score_rescue_10,4,0.965,0.99,0.061931543,0.025,0.7213775510204081,0.11327437157365206,10.0
1,imagenet,random,50,random_matched,0,0.96,0.99,0.061061632,0.03,0.7258163265306123,0.1178712954281784,3.085
1,imagenet,random,50,random_matched,1,0.96,0.99,0.06530049,0.03,0.7247959183673468,0.11558295879279425,3.085
1,imagenet,random,50,random_matched,2,0.96,0.99,0.061553054,0.03,0.724387755102041,0.11516175079595635,3.085
1,imagenet,random,50,random_matched,3,0.96,0.99,0.059672605,0.03,0.7254591836734694,0.11776687057143277,3.085
1,imagenet,random,50,random_matched,4,0.965,0.99,0.053512078,0.025,0.7245918367346939,0.11438198171252498,3.085
1,imagenet,random,75,student,0,0.96,0.99,0.03712994,0.03,0.7155612244897958,0.1011096459427732,0.0
1,imagenet,random,75,student,1,0.96,0.99,0.03712994,0.03,0.7155612244897958,0.1011096459427732,0.0
1,imagenet,random,75,student,2,0.96,0.99,0.03712994,0.03,0.7155612244897958,0.1011096459427732,0.0
1,imagenet,random,75,student,3,0.96,0.99,0.03712994,0.03,0.7155612244897958,0.1011096459427732,0.0
1,imagenet,random,75,student,4,0.96,0.99,0.03712994,0.03,0.7155612244897958,0.1011096459427732,0.0
1,imagenet,random,75,random,0,0.965,0.99,0.056922186,0.025,0.8246938775510205,0.48994748795493875,0.0
1,imagenet,random,75,random,1,0.96,0.99,0.05728908,0.03,0.8235204081632653,0.4946262972715817,0.0
1,imagenet,random,75,random,2,0.95,0.99,0.085698776,0.04,0.8219387755102041,0.47777470733476307,0.0
1,imagenet,random,75,random,3,0.955,0.99,0.08480307,0.035,0.822857142857143,0.4756299304983063,0.0
1,imagenet,random,75,random,4,0.94,0.99,0.13114145,0.05,0.8268877551020407,0.5175266882325791,0.0
1,imagenet,random,75,random_rescue_10,0,0.965,0.99,0.046942577,0.025,0.7362755102040817,0.18366253541433156,10.0
1,imagenet,random,75,random_rescue_10,1,0.98,0.99,0.017912978,0.01,0.7386734693877551,0.1841082978206294,10.0
1,imagenet,random,75,random_rescue_10,2,0.965,0.99,0.051193625,0.025,0.7389795918367347,0.1811014508686096,10.0
1,imagenet,random,75,random_rescue_10,3,0.985,0.99,0.031337205,0.005,0.7378571428571428,0.17912529864840865,10.0
1,imagenet,random,75,random_rescue_10,4,0.95,0.99,0.05913539,0.04,0.7371938775510203,0.1878417169314383,10.0
1,imagenet,random,75,foreground_rescue_10,0,0.96,0.99,0.05315259,0.03,0.6839285714285714,0.03593964679084501,3.1
1,imagenet,random,75,foreground_rescue_10,1,0.955,0.99,0.06033474,0.035,0.6839285714285714,0.03593964679084501,3.1
1,imagenet,random,75,foreground_rescue_10,2,0.96,0.99,0.05062136,0.03,0.6839285714285714,0.03593964679084501,3.1
1,imagenet,random,75,foreground_rescue_10,3,0.96,0.99,0.062013835,0.03,0.6839285714285714,0.03593964679084501,3.1
1,imagenet,random,75,foreground_rescue_10,4,0.96,0.99,0.056118194,0.03,0.6839285714285714,0.03593964679084501,3.1
1,imagenet,random,75,low_score_rescue_10,0,0.965,0.99,0.047165144,0.025,0.7233673469387755,0.11640257806181054,10.0
1,imagenet,random,75,low_score_rescue_10,1,0.955,0.99,0.04424763,0.035,0.7239285714285714,0.1171099726599798,10.0
1,imagenet,random,75,low_score_rescue_10,2,0.96,0.99,0.048598643,0.03,0.7221938775510205,0.11607935727347171,10.0
1,imagenet,random,75,low_score_rescue_10,3,0.96,0.99,0.05607023,0.03,0.7236734693877551,0.11652834103119833,10.0
1,imagenet,random,75,low_score_rescue_10,4,0.96,0.99,0.036022402,0.03,0.7229591836734695,0.11666481156308968,10.0
1,imagenet,random,75,random_matched,0,0.965,0.99,0.037715998,0.025,0.7256632653061226,0.11826296957545344,3.1
1,imagenet,random,75,random_matched,1,0.97,0.99,0.03485927,0.02,0.7258163265306122,0.11862384846984864,3.1
1,imagenet,random,75,random_matched,2,0.965,0.99,0.037785303,0.025,0.7254591836734694,0.11888146895721798,3.1
1,imagenet,random,75,random_matched,3,0.965,0.99,0.039507043,0.025,0.725,0.1177778985757885,3.1
1,imagenet,random,75,random_matched,4,0.96,0.99,0.03963388,0.03,0.724387755102041,0.1159338397293037,3.1
1,imagenet,random,100,student,0,0.965,0.99,0.04785489,0.025,0.715204081632653,0.09977626249527295,0.0
1,imagenet,random,100,student,1,0.965,0.99,0.04785489,0.025,0.715204081632653,0.09977626249527295,0.0
1,imagenet,random,100,student,2,0.965,0.99,0.04785489,0.025,0.715204081632653,0.09977626249527295,0.0
1,imagenet,random,100,student,3,0.965,0.99,0.04785489,0.025,0.715204081632653,0.09977626249527295,0.0
1,imagenet,random,100,student,4,0.965,0.99,0.04785489,0.025,0.715204081632653,0.09977626249527295,0.0
1,imagenet,random,100,random,0,0.965,0.99,0.056922186,0.025,0.8246938775510205,0.48994748795493875,0.0
1,imagenet,random,100,random,1,0.96,0.99,0.05728908,0.03,0.8235204081632653,0.4946262972715817,0.0
1,imagenet,random,100,random,2,0.95,0.99,0.085698776,0.04,0.8219387755102041,0.47777470733476307,0.0
1,imagenet,random,100,random,3,0.955,0.99,0.08480307,0.035,0.822857142857143,0.4756299304983063,0.0
1,imagenet,random,100,random,4,0.94,0.99,0.13114145,0.05,0.8268877551020407,0.5175266882325791,0.0
1,imagenet,random,100,random_rescue_10,0,0.955,0.99,0.04609691,0.035,0.7370408163265306,0.18025918902528948,10.0
1,imagenet,random,100,random_rescue_10,1,0.97,0.99,0.0391034,0.02,0.739591836734694,0.1841496814851905,10.0
1,imagenet,random,100,random_rescue_10,2,0.965,0.99,0.06404534,0.025,0.7374489795918368,0.17741149800402853,10.0
1,imagenet,random,100,random_rescue_10,3,0.97,0.99,0.044281017,0.02,0.7380612244897958,0.18313208790193353,10.0
1,imagenet,random,100,random_rescue_10,4,0.955,0.99,0.086204015,0.035,0.7376020408163265,0.19737457620209545,10.0
1,imagenet,random,100,foreground_rescue_10,0,0.96,0.99,0.05781761,0.03,0.6840816326530611,0.03580789779802968,3.05
1,imagenet,random,100,foreground_rescue_10,1,0.96,0.99,0.05547658,0.03,0.6840816326530611,0.03580789779802968,3.05
1,imagenet,random,100,foreground_rescue_10,2,0.96,0.99,0.055667497,0.03,0.6840816326530611,0.03580789779802968,3.05
1,imagenet,random,100,foreground_rescue_10,3,0.96,0.99,0.05596469,0.03,0.6840816326530611,0.03580789779802968,3.05
1,imagenet,random,100,foreground_rescue_10,4,0.965,0.99,0.05198927,0.025,0.6840816326530611,0.03580789779802968,3.05
1,imagenet,random,100,low_score_rescue_10,0,0.97,0.99,0.04572685,0.02,0.7220408163265307,0.11318524872367333,10.0
1,imagenet,random,100,low_score_rescue_10,1,0.955,0.99,0.054164357,0.035,0.7233673469387755,0.11643466090671763,10.0
1,imagenet,random,100,low_score_rescue_10,2,0.96,0.99,0.055650603,0.03,0.7218367346938775,0.11412251443381605,10.0
1,imagenet,random,100,low_score_rescue_10,3,0.965,0.99,0.042115353,0.025,0.7215306122448979,0.11233123332248812,10.0
1,imagenet,random,100,low_score_rescue_10,4,0.96,0.99,0.04804282,0.03,0.722091836734694,0.1142239278626931,10.0
1,imagenet,random,100,random_matched,0,0.96,0.99,0.057644323,0.03,0.7255102040816327,0.11781992605275673,3.05
1,imagenet,random,100,random_matched,1,0.965,0.99,0.043651566,0.025,0.725204081632653,0.116968426667687,3.05
1,imagenet,random,100,random_matched,2,0.965,0.99,0.042838503,0.025,0.7237244897959184,0.11430180432596816,3.05
1,imagenet,random,100,random_matched,3,0.96,0.99,0.063319914,0.03,0.725,0.1170874175755292,3.05
1,imagenet,random,100,random_matched,4,0.96,0.99,0.055866763,0.03,0.7237244897959184,0.11378633707561907,3.05
1,imagenet,random_rescue_10,0,student,0,0.975,0.99,0.019294329,0.015,0.7058673469387755,0.08231790489358617,0.0
1,imagenet,random_rescue_10,0,student,1,0.975,0.99,0.019294329,0.015,0.7058673469387755,0.08231790489358617,0.0
1,imagenet,random_rescue_10,0,student,2,0.975,0.99,0.019294329,0.015,0.7058673469387755,0.08231790489358617,0.0
1,imagenet,random_rescue_10,0,student,3,0.975,0.99,0.019294329,0.015,0.7058673469387755,0.08231790489358617,0.0
1,imagenet,random_rescue_10,0,student,4,0.975,0.99,0.019294329,0.015,0.7058673469387755,0.08231790489358617,0.0
1,imagenet,random_rescue_10,0,random,0,0.965,0.99,0.056922186,0.025,0.8246938775510205,0.48994748795493875,0.0
1,imagenet,random_rescue_10,0,random,1,0.96,0.99,0.05728908,0.03,0.8235204081632653,0.4946262972715817,0.0
1,imagenet,random_rescue_10,0,random,2,0.95,0.99,0.085698776,0.04,0.8219387755102041,0.47777470733476307,0.0
1,imagenet,random_rescue_10,0,random,3,0.955,0.99,0.08480307,0.035,0.822857142857143,0.4756299304983063,0.0
1,imagenet,random_rescue_10,0,random,4,0.94,0.99,0.13114145,0.05,0.8268877551020407,0.5175266882325791,0.0
1,imagenet,random_rescue_10,0,random_rescue_10,0,0.96,0.99,0.062073875,0.03,0.729234693877551,0.1679639018459042,10.0
1,imagenet,random_rescue_10,0,random_rescue_10,1,0.98,0.99,0.013065207,0.01,0.7321428571428572,0.17112982691976839,10.0
1,imagenet,random_rescue_10,0,random_rescue_10,2,0.97,0.99,0.049909916,0.02,0.7311224489795919,0.17162426857917626,10.0
1,imagenet,random_rescue_10,0,random_rescue_10,3,0.97,0.99,0.041415587,0.02,0.7294897959183675,0.17406355448185729,10.0
1,imagenet,random_rescue_10,0,random_rescue_10,4,0.98,0.99,0.041583106,0.01,0.7296428571428573,0.15813417548845027,10.0
1,imagenet,random_rescue_10,0,foreground_rescue_10,0,0.98,0.99,0.013538293,0.01,0.677295918367347,0.025096868132710646,2.8
1,imagenet,random_rescue_10,0,foreground_rescue_10,1,0.975,0.99,0.026785223,0.015,0.677295918367347,0.025096868132710646,2.8
1,imagenet,random_rescue_10,0,foreground_rescue_10,2,0.98,0.99,0.014388092,0.01,0.677295918367347,0.025096868132710646,2.8
1,imagenet,random_rescue_10,0,foreground_rescue_10,3,0.975,0.99,0.023540452,0.015,0.677295918367347,0.025096868132710646,2.8
1,imagenet,random_rescue_10,0,foreground_rescue_10,4,0.98,0.99,0.016814966,0.01,0.677295918367347,0.025096868132710646,2.8
1,imagenet,random_rescue_10,0,low_score_rescue_10,0,0.975,0.99,0.03026968,0.015,0.7128571428571427,0.09592084560465473,10.0
1,imagenet,random_rescue_10,0,low_score_rescue_10,1,0.985,0.99,0.021981468,0.005,0.7136734693877551,0.09635290260200267,10.0
1,imagenet,random_rescue_10,0,low_score_rescue_10,2,0.975,0.99,0.022123657,0.015,0.7132142857142857,0.09623877203175696,10.0
1,imagenet,random_rescue_10,0,low_score_rescue_10,3,0.975,0.99,0.028878476,0.015,0.7127551020408163,0.09565284000194518,10.0
1,imagenet,random_rescue_10,0,low_score_rescue_10,4,0.97,0.99,0.034332003,0.02,0.7127551020408163,0.09502717675311124,10.0
1,imagenet,random_rescue_10,0,random_matched,0,0.975,0.99,0.020487465,0.015,0.7163775510204081,0.09909034654213109,2.8
1,imagenet,random_rescue_10,0,random_matched,1,0.98,0.99,0.019453429,0.01,0.7163775510204081,0.10026353536070877,2.8
1,imagenet,random_rescue_10,0,random_matched,2,0.975,0.99,0.029362712,0.015,0.7168877551020408,0.10060035762440128,2.8
1,imagenet,random_rescue_10,0,random_matched,3,0.98,0.99,0.017621843,0.01,0.7167346938775511,0.10205323439281039,2.8
1,imagenet,random_rescue_10,0,random_matched,4,0.98,0.99,0.022946991,0.01,0.7166836734693877,0.09952487927668469,2.8
1,imagenet,random_rescue_10,10,student,0,0.955,0.99,0.07106758,0.035,0.7157142857142859,0.10466803304502889,0.0
1,imagenet,random_rescue_10,10,student,1,0.955,0.99,0.07106758,0.035,0.7157142857142859,0.10466803304502889,0.0
1,imagenet,random_rescue_10,10,student,2,0.955,0.99,0.07106758,0.035,0.7157142857142859,0.10466803304502889,0.0
1,imagenet,random_rescue_10,10,student,3,0.955,0.99,0.07106758,0.035,0.7157142857142859,0.10466803304502889,0.0
1,imagenet,random_rescue_10,10,student,4,0.955,0.99,0.07106758,0.035,0.7157142857142859,0.10466803304502889,0.0
1,imagenet,random_rescue_10,10,random,0,0.965,0.99,0.056922186,0.025,0.8246938775510205,0.48994748795493875,0.0
1,imagenet,random_rescue_10,10,random,1,0.96,0.99,0.05728908,0.03,0.8235204081632653,0.4946262972715817,0.0
1,imagenet,random_rescue_10,10,random,2,0.95,0.99,0.085698776,0.04,0.8219387755102041,0.47777470733476307,0.0
1,imagenet,random_rescue_10,10,random,3,0.955,0.99,0.08480307,0.035,0.822857142857143,0.4756299304983063,0.0
1,imagenet,random_rescue_10,10,random,4,0.94,0.99,0.13114145,0.05,0.8268877551020407,0.5175266882325791,0.0
1,imagenet,random_rescue_10,10,random_rescue_10,0,0.955,0.99,0.07072224,0.035,0.7375,0.19169420464324172,10.0
1,imagenet,random_rescue_10,10,random_rescue_10,1,0.955,0.99,0.06336661,0.035,0.7373979591836735,0.17927120671277963,10.0
1,imagenet,random_rescue_10,10,random_rescue_10,2,0.965,0.99,0.07127468,0.025,0.7391836734693878,0.18136915420299143,10.0
1,imagenet,random_rescue_10,10,random_rescue_10,3,0.96,0.99,0.0778486,0.03,0.7401530612244899,0.19174938147849266,10.0
1,imagenet,random_rescue_10,10,random_rescue_10,4,0.96,0.99,0.047017902,0.03,0.7370918367346939,0.1879030499429883,10.0
1,imagenet,random_rescue_10,10,foreground_rescue_10,0,0.955,0.99,0.07083675,0.035,0.6837244897959184,0.035820958627327995,3.135
1,imagenet,random_rescue_10,10,foreground_rescue_10,1,0.96,0.99,0.057545684,0.03,0.6837244897959184,0.035820958627327995,3.135
1,imagenet,random_rescue_10,10,foreground_rescue_10,2,0.96,0.99,0.06000575,0.03,0.6837244897959184,0.035820958627327995,3.135
1,imagenet,random_rescue_10,10,foreground_rescue_10,3,0.96,0.99,0.058329333,0.03,0.6837244897959184,0.035820958627327995,3.135
1,imagenet,random_rescue_10,10,foreground_rescue_10,4,0.96,0.99,0.055652767,0.03,0.6837244897959184,0.035820958627327995,3.135
1,imagenet,random_rescue_10,10,low_score_rescue_10,0,0.965,0.99,0.032741085,0.025,0.7232142857142857,0.12211939785713373,10.0
1,imagenet,random_rescue_10,10,low_score_rescue_10,1,0.965,0.99,0.04807446,0.025,0.7226020408163265,0.12117055700518807,10.0
1,imagenet,random_rescue_10,10,low_score_rescue_10,2,0.965,0.99,0.05708976,0.025,0.7223469387755103,0.1214538662287631,10.0
1,imagenet,random_rescue_10,10,low_score_rescue_10,3,0.965,0.99,0.055231556,0.025,0.7217857142857141,0.11877743807347435,10.0
1,imagenet,random_rescue_10,10,low_score_rescue_10,4,0.965,0.99,0.055782814,0.025,0.7221938775510205,0.11934266949419746,10.0
1,imagenet,random_rescue_10,10,random_matched,0,0.96,0.99,0.06069871,0.03,0.7254591836734694,0.12110576005630438,3.135
1,imagenet,random_rescue_10,10,random_matched,1,0.955,0.99,0.066757984,0.035,0.7254081632653062,0.12102475338178026,3.135
1,imagenet,random_rescue_10,10,random_matched,2,0.96,0.99,0.06621298,0.03,0.7257653061224489,0.12297021040627516,3.135
1,imagenet,random_rescue_10,10,random_matched,3,0.96,0.99,0.057583142,0.03,0.7253061224489796,0.1195407996883821,3.135
1,imagenet,random_rescue_10,10,random_matched,4,0.965,0.99,0.048741695,0.025,0.7253061224489796,0.12063084976690693,3.135
1,imagenet,random_rescue_10,25,student,0,0.95,0.99,0.07721722,0.04,0.7137244897959184,0.09809845620022979,0.0
1,imagenet,random_rescue_10,25,student,1,0.95,0.99,0.07721722,0.04,0.7137244897959184,0.09809845620022979,0.0
1,imagenet,random_rescue_10,25,student,2,0.95,0.99,0.07721722,0.04,0.7137244897959184,0.09809845620022979,0.0
1,imagenet,random_rescue_10,25,student,3,0.95,0.99,0.07721722,0.04,0.7137244897959184,0.09809845620022979,0.0
1,imagenet,random_rescue_10,25,student,4,0.95,0.99,0.07721722,0.04,0.7137244897959184,0.09809845620022979,0.0
1,imagenet,random_rescue_10,25,random,0,0.965,0.99,0.056922186,0.025,0.8246938775510205,0.48994748795493875,0.0
1,imagenet,random_rescue_10,25,random,1,0.96,0.99,0.05728908,0.03,0.8235204081632653,0.4946262972715817,0.0
1,imagenet,random_rescue_10,25,random,2,0.95,0.99,0.085698776,0.04,0.8219387755102041,0.47777470733476307,0.0
1,imagenet,random_rescue_10,25,random,3,0.955,0.99,0.08480307,0.035,0.822857142857143,0.4756299304983063,0.0
1,imagenet,random_rescue_10,25,random,4,0.94,0.99,0.13114145,0.05,0.8268877551020407,0.5175266882325791,0.0
1,imagenet,random_rescue_10,25,random_rescue_10,0,0.95,0.99,0.0822363,0.04,0.7352551020408162,0.1812536867517254,10.0
1,imagenet,random_rescue_10,25,random_rescue_10,1,0.965,0.99,0.0682324,0.025,0.7359183673469388,0.17977404113870493,10.0
1,imagenet,random_rescue_10,25,random_rescue_10,2,0.965,0.99,0.07229607,0.025,0.7376530612244898,0.18322881541161462,10.0
1,imagenet,random_rescue_10,25,random_rescue_10,3,0.955,0.99,0.07085749,0.035,0.7380612244897959,0.18394285508125313,10.0
1,imagenet,random_rescue_10,25,random_rescue_10,4,0.96,0.99,0.073669545,0.03,0.7357142857142857,0.19180348170018338,10.0
1,imagenet,random_rescue_10,25,foreground_rescue_10,0,0.95,0.99,0.07459508,0.04,0.6831632653061225,0.03402792995480819,2.995
1,imagenet,random_rescue_10,25,foreground_rescue_10,1,0.95,0.99,0.07198733,0.04,0.6831632653061225,0.03402792995480819,2.995
1,imagenet,random_rescue_10,25,foreground_rescue_10,2,0.95,0.99,0.07551231,0.04,0.6831632653061225,0.03402792995480819,2.995
1,imagenet,random_rescue_10,25,foreground_rescue_10,3,0.95,0.99,0.07140138,0.04,0.6831632653061225,0.03402792995480819,2.995
1,imagenet,random_rescue_10,25,foreground_rescue_10,4,0.95,0.99,0.06828032,0.04,0.6831632653061225,0.03402792995480819,2.995
1,imagenet,random_rescue_10,25,low_score_rescue_10,0,0.96,0.99,0.061610535,0.03,0.7213775510204081,0.1156595483814744,10.0
1,imagenet,random_rescue_10,25,low_score_rescue_10,1,0.96,0.99,0.06385509,0.03,0.722295918367347,0.11840952930687208,10.0
1,imagenet,random_rescue_10,25,low_score_rescue_10,2,0.955,0.99,0.07852018,0.035,0.7212244897959184,0.11567369506868366,10.0
1,imagenet,random_rescue_10,25,low_score_rescue_10,3,0.955,0.99,0.07562641,0.035,0.7215816326530612,0.11666500824721199,10.0
1,imagenet,random_rescue_10,25,low_score_rescue_10,4,0.955,0.99,0.08045698,0.035,0.7209183673469388,0.1147341943244425,10.0
1,imagenet,random_rescue_10,25,random_matched,0,0.95,0.99,0.07706563,0.04,0.7233163265306122,0.11513990612030307,2.995
1,imagenet,random_rescue_10,25,random_matched,1,0.95,0.99,0.07132614,0.04,0.7230102040816326,0.11418289002445703,2.995
1,imagenet,random_rescue_10,25,random_matched,2,0.955,0.99,0.06878517,0.035,0.7235204081632653,0.11610675221091755,2.995
1,imagenet,random_rescue_10,25,random_matched,3,0.955,0.99,0.069647335,0.035,0.7228571428571429,0.11347997254980681,2.995
1,imagenet,random_rescue_10,25,random_matched,4,0.955,0.99,0.06935568,0.035,0.7232142857142857,0.11418289444711996,2.995
1,imagenet,random_rescue_10,50,student,0,0.96,0.99,0.064736746,0.03,0.7136734693877551,0.09524112353902876,0.0
1,imagenet,random_rescue_10,50,student,1,0.96,0.99,0.064736746,0.03,0.7136734693877551,0.09524112353902876,0.0
1,imagenet,random_rescue_10,50,student,2,0.96,0.99,0.064736746,0.03,0.7136734693877551,0.09524112353902876,0.0
1,imagenet,random_rescue_10,50,student,3,0.96,0.99,0.064736746,0.03,0.7136734693877551,0.09524112353902876,0.0
1,imagenet,random_rescue_10,50,student,4,0.96,0.99,0.064736746,0.03,0.7136734693877551,0.09524112353902876,0.0
1,imagenet,random_rescue_10,50,random,0,0.965,0.99,0.056922186,0.025,0.8246938775510205,0.48994748795493875,0.0
1,imagenet,random_rescue_10,50,random,1,0.96,0.99,0.05728908,0.03,0.8235204081632653,0.4946262972715817,0.0
1,imagenet,random_rescue_10,50,random,2,0.95,0.99,0.085698776,0.04,0.8219387755102041,0.47777470733476307,0.0
1,imagenet,random_rescue_10,50,random,3,0.955,0.99,0.08480307,0.035,0.822857142857143,0.4756299304983063,0.0
1,imagenet,random_rescue_10,50,random,4,0.94,0.99,0.13114145,0.05,0.8268877551020407,0.5175266882325791,0.0
1,imagenet,random_rescue_10,50,random_rescue_10,0,0.965,0.99,0.05639478,0.025,0.7360204081632653,0.19438641706918955,10.0
1,imagenet,random_rescue_10,50,random_rescue_10,1,0.975,0.99,0.04868242,0.02,0.7366836734693878,0.17870848725149213,10.0
1,imagenet,random_rescue_10,50,random_rescue_10,2,0.96,0.99,0.07471946,0.035,0.7379081632653062,0.16963711233788858,10.0
1,imagenet,random_rescue_10,50,random_rescue_10,3,0.96,0.99,0.06685345,0.035,0.7367346938775511,0.1844880264063004,10.0
1,imagenet,random_rescue_10,50,random_rescue_10,4,0.96,0.99,0.08812485,0.03,0.7361224489795919,0.17016725365634583,10.0
1,imagenet,random_rescue_10,50,foreground_rescue_10,0,0.955,0.99,0.064700596,0.035,0.6833673469387755,0.03371748234888685,2.97
1,imagenet,random_rescue_10,50,foreground_rescue_10,1,0.95,0.99,0.06597772,0.04,0.6833673469387755,0.03371748234888685,2.97
1,imagenet,random_rescue_10,50,foreground_rescue_10,2,0.955,0.99,0.0654239,0.035,0.6833673469387755,0.03371748234888685,2.97
1,imagenet,random_rescue_10,50,foreground_rescue_10,3,0.955,0.99,0.06362151,0.035,0.6833673469387755,0.03371748234888685,2.97
1,imagenet,random_rescue_10,50,foreground_rescue_10,4,0.955,0.99,0.064352855,0.035,0.6833673469387755,0.03371748234888685,2.97
1,imagenet,random_rescue_10,50,low_score_rescue_10,0,0.965,0.99,0.06476627,0.025,0.7218367346938775,0.11465167878917361,10.0
1,imagenet,random_rescue_10,50,low_score_rescue_10,1,0.95,0.99,0.07048507,0.04,0.7228571428571428,0.11620816735693822,10.0
1,imagenet,random_rescue_10,50,low_score_rescue_10,2,0.95,0.99,0.08387247,0.04,0.7215306122448979,0.11639867543259923,10.0
1,imagenet,random_rescue_10,50,low_score_rescue_10,3,0.96,0.99,0.07054677,0.03,0.7219897959183674,0.11481686864452277,10.0
1,imagenet,random_rescue_10,50,low_score_rescue_10,4,0.95,0.99,0.0835413,0.04,0.7222448979591838,0.1152371757052305,10.0
1,imagenet,random_rescue_10,50,random_matched,0,0.96,0.99,0.057579465,0.03,0.7244387755102041,0.11346139672409505,2.97
1,imagenet,random_rescue_10,50,random_matched,1,0.96,0.99,0.061786175,0.03,0.7233163265306122,0.11131731483081132,2.97
1,imagenet,random_rescue_10,50,random_matched,2,0.955,0.99,0.056494225,0.035,0.723265306122449,0.11250876506378299,2.97
1,imagenet,random_rescue_10,50,random_matched,3,0.96,0.99,0.055695,0.03,0.7222448979591838,0.11037976546594659,2.97
1,imagenet,random_rescue_10,50,random_matched,4,0.96,0.99,0.058524627,0.03,0.7235714285714286,0.11332738393022275,2.97
1,imagenet,random_rescue_10,75,student,0,0.96,0.99,0.03197661,0.03,0.7225,0.1230999957068756,0.0
1,imagenet,random_rescue_10,75,student,1,0.96,0.99,0.03197661,0.03,0.7225,0.1230999957068756,0.0
1,imagenet,random_rescue_10,75,student,2,0.96,0.99,0.03197661,0.03,0.7225,0.1230999957068756,0.0
1,imagenet,random_rescue_10,75,student,3,0.96,0.99,0.03197661,0.03,0.7225,0.1230999957068756,0.0
1,imagenet,random_rescue_10,75,student,4,0.96,0.99,0.03197661,0.03,0.7225,0.1230999957068756,0.0
1,imagenet,random_rescue_10,75,random,0,0.965,0.99,0.056922186,0.025,0.8246938775510205,0.48994748795493875,0.0
1,imagenet,random_rescue_10,75,random,1,0.96,0.99,0.05728908,0.03,0.8235204081632653,0.4946262972715817,0.0
1,imagenet,random_rescue_10,75,random,2,0.95,0.99,0.085698776,0.04,0.8219387755102041,0.47777470733476307,0.0
1,imagenet,random_rescue_10,75,random,3,0.955,0.99,0.08480307,0.035,0.822857142857143,0.4756299304983063,0.0
1,imagenet,random_rescue_10,75,random,4,0.94,0.99,0.13114145,0.05,0.8268877551020407,0.5175266882325791,0.0
1,imagenet,random_rescue_10,75,random_rescue_10,0,0.965,0.99,0.040361185,0.025,0.7433163265306122,0.20390668690110839,10.0
1,imagenet,random_rescue_10,75,random_rescue_10,1,0.97,0.99,0.047239695,0.02,0.7433673469387755,0.20468110464199724,10.0
1,imagenet,random_rescue_10,75,random_rescue_10,2,0.965,0.99,0.06451328,0.025,0.7442857142857142,0.1916466429138531,10.0
1,imagenet,random_rescue_10,75,random_rescue_10,3,0.97,0.99,0.02499938,0.02,0.7443877551020407,0.20601518055160747,10.0
1,imagenet,random_rescue_10,75,random_rescue_10,4,0.96,0.99,0.053754665,0.03,0.7432142857142858,0.19752372932036172,10.0
1,imagenet,random_rescue_10,75,foreground_rescue_10,0,0.96,0.99,0.04254854,0.03,0.6888265306122449,0.04210101817040661,3.3
1,imagenet,random_rescue_10,75,foreground_rescue_10,1,0.96,0.99,0.046362463,0.03,0.6888265306122449,0.04210101817040661,3.3
1,imagenet,random_rescue_10,75,foreground_rescue_10,2,0.96,0.99,0.046211578,0.03,0.6888265306122449,0.04210101817040661,3.3
1,imagenet,random_rescue_10,75,foreground_rescue_10,3,0.96,0.99,0.052440744,0.03,0.6888265306122449,0.04210101817040661,3.3
1,imagenet,random_rescue_10,75,foreground_rescue_10,4,0.96,0.99,0.038071375,0.03,0.6888265306122449,0.04210101817040661,3.3
1,imagenet,random_rescue_10,75,low_score_rescue_10,0,0.97,0.99,0.026101012,0.02,0.730765306122449,0.1430978724105294,10.0
1,imagenet,random_rescue_10,75,low_score_rescue_10,1,0.97,0.99,0.023294669,0.02,0.7313265306122448,0.14018523678755787,10.0
1,imagenet,random_rescue_10,75,low_score_rescue_10,2,0.97,0.99,0.038922116,0.02,0.7308673469387756,0.1445794089087837,10.0
1,imagenet,random_rescue_10,75,low_score_rescue_10,3,0.965,0.99,0.04226599,0.025,0.7308673469387754,0.14319656338509207,10.0
1,imagenet,random_rescue_10,75,low_score_rescue_10,4,0.97,0.99,0.032995425,0.02,0.7315306122448979,0.14606441119877295,10.0
1,imagenet,random_rescue_10,75,random_matched,0,0.965,0.99,0.030227065,0.025,0.7321428571428572,0.1412690540073326,3.3
1,imagenet,random_rescue_10,75,random_matched,1,0.965,0.99,0.036227793,0.025,0.732295918367347,0.13970265699507525,3.3
1,imagenet,random_rescue_10,75,random_matched,2,0.97,0.99,0.023305988,0.02,0.7311224489795919,0.13767326654250336,3.3
1,imagenet,random_rescue_10,75,random_matched,3,0.965,0.99,0.02795764,0.025,0.7314285714285715,0.13984029557739075,3.3
1,imagenet,random_rescue_10,75,random_matched,4,0.96,0.99,0.036417734,0.03,0.7308163265306123,0.13841168774017457,3.3
1,imagenet,random_rescue_10,100,student,0,0.945,0.99,0.06177764,0.045,0.7220918367346938,0.11978508195588454,0.0
1,imagenet,random_rescue_10,100,student,1,0.945,0.99,0.06177764,0.045,0.7220918367346938,0.11978508195588454,0.0
1,imagenet,random_rescue_10,100,student,2,0.945,0.99,0.06177764,0.045,0.7220918367346938,0.11978508195588454,0.0
1,imagenet,random_rescue_10,100,student,3,0.945,0.99,0.06177764,0.045,0.7220918367346938,0.11978508195588454,0.0
1,imagenet,random_rescue_10,100,student,4,0.945,0.99,0.06177764,0.045,0.7220918367346938,0.11978508195588454,0.0
1,imagenet,random_rescue_10,100,random,0,0.965,0.99,0.056922186,0.025,0.8246938775510205,0.48994748795493875,0.0
1,imagenet,random_rescue_10,100,random,1,0.96,0.99,0.05728908,0.03,0.8235204081632653,0.4946262972715817,0.0
1,imagenet,random_rescue_10,100,random,2,0.95,0.99,0.085698776,0.04,0.8219387755102041,0.47777470733476307,0.0
1,imagenet,random_rescue_10,100,random,3,0.955,0.99,0.08480307,0.035,0.822857142857143,0.4756299304983063,0.0
1,imagenet,random_rescue_10,100,random,4,0.94,0.99,0.13114145,0.05,0.8268877551020407,0.5175266882325791,0.0
1,imagenet,random_rescue_10,100,random_rescue_10,0,0.98,0.99,0.046236128,0.015,0.7438265306122449,0.20561522064134055,10.0
1,imagenet,random_rescue_10,100,random_rescue_10,1,0.965,0.99,0.043723222,0.025,0.7419897959183673,0.1888968121913951,10.0
1,imagenet,random_rescue_10,100,random_rescue_10,2,0.97,0.99,0.066012405,0.02,0.7462244897959184,0.20217398319548158,10.0
1,imagenet,random_rescue_10,100,random_rescue_10,3,0.965,0.99,0.039280426,0.025,0.7438265306122449,0.19633104305042073,10.0
1,imagenet,random_rescue_10,100,random_rescue_10,4,0.96,0.99,0.0604881,0.03,0.7431632653061224,0.18931730333874952,10.0
1,imagenet,random_rescue_10,100,foreground_rescue_10,0,0.945,0.99,0.05570759,0.045,0.6889285714285713,0.04205355037123171,3.25
1,imagenet,random_rescue_10,100,foreground_rescue_10,1,0.95,0.99,0.058534738,0.04,0.6889285714285713,0.04205355037123171,3.25
1,imagenet,random_rescue_10,100,foreground_rescue_10,2,0.95,0.99,0.05993617,0.04,0.6889285714285713,0.04205355037123171,3.25
1,imagenet,random_rescue_10,100,foreground_rescue_10,3,0.95,0.99,0.06195819,0.04,0.6889285714285713,0.04205355037123171,3.25
1,imagenet,random_rescue_10,100,foreground_rescue_10,4,0.945,0.99,0.07024514,0.045,0.6889285714285713,0.04205355037123171,3.25
1,imagenet,random_rescue_10,100,low_score_rescue_10,0,0.98,0.99,0.028412148,0.01,0.7298469387755102,0.139686787726761,10.0
1,imagenet,random_rescue_10,100,low_score_rescue_10,1,0.975,0.99,0.028173614,0.015,0.7306632653061225,0.14186227191945908,10.0
1,imagenet,random_rescue_10,100,low_score_rescue_10,2,0.97,0.99,0.033151306,0.02,0.7301530612244898,0.14142378628767538,10.0
1,imagenet,random_rescue_10,100,low_score_rescue_10,3,0.97,0.99,0.050917365,0.02,0.7297448979591837,0.13759346156358893,10.0
1,imagenet,random_rescue_10,100,low_score_rescue_10,4,0.975,0.99,0.03348391,0.015,0.7305612244897959,0.14221371487628082,10.0
1,imagenet,random_rescue_10,100,random_matched,0,0.95,0.99,0.054053083,0.04,0.7304591836734693,0.13331347018570314,3.25
1,imagenet,random_rescue_10,100,random_matched,1,0.95,0.99,0.05051482,0.04,0.730204081632653,0.13289075548318505,3.25
1,imagenet,random_rescue_10,100,random_matched,2,0.955,0.99,0.04295233,0.035,0.7314285714285714,0.13633933542275942,3.25
1,imagenet,random_rescue_10,100,random_matched,3,0.955,0.99,0.05158783,0.035,0.7307142857142856,0.13579651998802647,3.25
1,imagenet,random_rescue_10,100,random_matched,4,0.96,0.99,0.04233199,0.03,0.7310714285714286,0.13503172555820797,3.25
1,imagenet,student,0,student,0,0.975,0.99,0.019294329,0.015,0.7058673469387755,0.08231790489358617,0.0
1,imagenet,student,0,student,1,0.975,0.99,0.019294329,0.015,0.7058673469387755,0.08231790489358617,0.0
1,imagenet,student,0,student,2,0.975,0.99,0.019294329,0.015,0.7058673469387755,0.08231790489358617,0.0
1,imagenet,student,0,student,3,0.975,0.99,0.019294329,0.015,0.7058673469387755,0.08231790489358617,0.0
1,imagenet,student,0,student,4,0.975,0.99,0.019294329,0.015,0.7058673469387755,0.08231790489358617,0.0
1,imagenet,student,0,random,0,0.965,0.99,0.056922186,0.025,0.8246938775510205,0.48994748795493875,0.0
1,imagenet,student,0,random,1,0.96,0.99,0.05728908,0.03,0.8235204081632653,0.4946262972715817,0.0
1,imagenet,student,0,random,2,0.95,0.99,0.085698776,0.04,0.8219387755102041,0.47777470733476307,0.0
1,imagenet,student,0,random,3,0.955,0.99,0.08480307,0.035,0.822857142857143,0.4756299304983063,0.0
1,imagenet,student,0,random,4,0.94,0.99,0.13114145,0.05,0.8268877551020407,0.5175266882325791,0.0
1,imagenet,student,0,random_rescue_10,0,0.96,0.99,0.062073875,0.03,0.729234693877551,0.1679639018459042,10.0
1,imagenet,student,0,random_rescue_10,1,0.98,0.99,0.013065207,0.01,0.7321428571428572,0.17112982691976839,10.0
1,imagenet,student,0,random_rescue_10,2,0.97,0.99,0.049909916,0.02,0.7311224489795919,0.17162426857917626,10.0
1,imagenet,student,0,random_rescue_10,3,0.97,0.99,0.041415587,0.02,0.7294897959183675,0.17406355448185729,10.0
1,imagenet,student,0,random_rescue_10,4,0.98,0.99,0.041583106,0.01,0.7296428571428573,0.15813417548845027,10.0
1,imagenet,student,0,foreground_rescue_10,0,0.98,0.99,0.013538293,0.01,0.677295918367347,0.025096868132710646,2.8
1,imagenet,student,0,foreground_rescue_10,1,0.975,0.99,0.026785223,0.015,0.677295918367347,0.025096868132710646,2.8
1,imagenet,student,0,foreground_rescue_10,2,0.98,0.99,0.014388092,0.01,0.677295918367347,0.025096868132710646,2.8
1,imagenet,student,0,foreground_rescue_10,3,0.975,0.99,0.023540452,0.015,0.677295918367347,0.025096868132710646,2.8
1,imagenet,student,0,foreground_rescue_10,4,0.98,0.99,0.016814966,0.01,0.677295918367347,0.025096868132710646,2.8
1,imagenet,student,0,low_score_rescue_10,0,0.975,0.99,0.03026968,0.015,0.7128571428571427,0.09592084560465473,10.0
1,imagenet,student,0,low_score_rescue_10,1,0.985,0.99,0.021981468,0.005,0.7136734693877551,0.09635290260200267,10.0
1,imagenet,student,0,low_score_rescue_10,2,0.975,0.99,0.022123657,0.015,0.7132142857142857,0.09623877203175696,10.0
1,imagenet,student,0,low_score_rescue_10,3,0.975,0.99,0.028878476,0.015,0.7127551020408163,0.09565284000194518,10.0
1,imagenet,student,0,low_score_rescue_10,4,0.97,0.99,0.034332003,0.02,0.7127551020408163,0.09502717675311124,10.0
1,imagenet,student,0,random_matched,0,0.975,0.99,0.020487465,0.015,0.7163775510204081,0.09909034654213109,2.8
1,imagenet,student,0,random_matched,1,0.98,0.99,0.019453429,0.01,0.7163775510204081,0.10026353536070877,2.8
1,imagenet,student,0,random_matched,2,0.975,0.99,0.029362712,0.015,0.7168877551020408,0.10060035762440128,2.8
1,imagenet,student,0,random_matched,3,0.98,0.99,0.017621843,0.01,0.7167346938775511,0.10205323439281039,2.8
1,imagenet,student,0,random_matched,4,0.98,0.99,0.022946991,0.01,0.7166836734693877,0.09952487927668469,2.8
1,imagenet,student,10,student,0,0.965,0.99,0.05827461,0.025,0.7131632653061224,0.10013085779112536,0.0
1,imagenet,student,10,student,1,0.965,0.99,0.05827461,0.025,0.7131632653061224,0.10013085779112536,0.0
1,imagenet,student,10,student,2,0.965,0.99,0.05827461,0.025,0.7131632653061224,0.10013085779112536,0.0
1,imagenet,student,10,student,3,0.965,0.99,0.05827461,0.025,0.7131632653061224,0.10013085779112536,0.0
1,imagenet,student,10,student,4,0.965,0.99,0.05827461,0.025,0.7131632653061224,0.10013085779112536,0.0
1,imagenet,student,10,random,0,0.965,0.99,0.056922186,0.025,0.8246938775510205,0.48994748795493875,0.0
1,imagenet,student,10,random,1,0.96,0.99,0.05728908,0.03,0.8235204081632653,0.4946262972715817,0.0
1,imagenet,student,10,random,2,0.95,0.99,0.085698776,0.04,0.8219387755102041,0.47777470733476307,0.0
1,imagenet,student,10,random,3,0.955,0.99,0.08480307,0.035,0.822857142857143,0.4756299304983063,0.0
1,imagenet,student,10,random,4,0.94,0.99,0.13114145,0.05,0.8268877551020407,0.5175266882325791,0.0
1,imagenet,student,10,random_rescue_10,0,0.97,0.99,0.054082483,0.02,0.7361224489795919,0.19136773411875568,10.0
1,imagenet,student,10,random_rescue_10,1,0.98,0.99,0.03671484,0.01,0.7371938775510205,0.18058397949771923,10.0
1,imagenet,student,10,random_rescue_10,2,0.965,0.99,0.06472289,0.025,0.7369897959183674,0.18535689943097686,10.0
1,imagenet,student,10,random_rescue_10,3,0.985,0.99,0.02933309,0.005,0.7376020408163265,0.18584073592276898,10.0
1,imagenet,student,10,random_rescue_10,4,0.96,0.99,0.068558544,0.03,0.7358673469387756,0.1803864845050103,10.0
1,imagenet,student,10,foreground_rescue_10,0,0.965,0.99,0.05577176,0.025,0.6808673469387756,0.031105139856038005,3.165
1,imagenet,student,10,foreground_rescue_10,1,0.965,0.99,0.05930156,0.025,0.6808673469387756,0.031105139856038005,3.165
1,imagenet,student,10,foreground_rescue_10,2,0.965,0.99,0.057785347,0.025,0.6808673469387756,0.031105139856038005,3.165
1,imagenet,student,10,foreground_rescue_10,3,0.965,0.99,0.05712198,0.025,0.6808673469387756,0.031105139856038005,3.165
1,imagenet,student,10,foreground_rescue_10,4,0.965,0.99,0.06008073,0.025,0.6808673469387756,0.031105139856038005,3.165
1,imagenet,student,10,low_score_rescue_10,0,0.96,0.99,0.055738896,0.03,0.7217857142857141,0.12252745846481566,10.0
1,imagenet,student,10,low_score_rescue_10,1,0.965,0.99,0.045460597,0.025,0.7209693877551021,0.11947302969312557,10.0
1,imagenet,student,10,low_score_rescue_10,2,0.965,0.99,0.051566057,0.025,0.7214285714285714,0.12292972499272027,10.0
1,imagenet,student,10,low_score_rescue_10,3,0.965,0.99,0.050778702,0.025,0.7208673469387756,0.12062974534602151,10.0
1,imagenet,student,10,low_score_rescue_10,4,0.965,0.99,0.046334516,0.025,0.7214285714285714,0.12101561672066319,10.0
1,imagenet,student,10,random_matched,0,0.965,0.99,0.048316423,0.025,0.7241836734693878,0.11982793670644053,3.165
1,imagenet,student,10,random_matched,1,0.965,0.99,0.049256206,0.025,0.7251020408163265,0.11956934905910592,3.165
1,imagenet,student,10,random_matched,2,0.965,0.99,0.057665735,0.025,0.7243877551020408,0.11970460830455876,3.165
1,imagenet,student,10,random_matched,3,0.965,0.99,0.059670586,0.025,0.7234183673469389,0.11844793681594609,3.165
1,imagenet,student,10,random_matched,4,0.97,0.99,0.044116307,0.02,0.7237755102040816,0.11835906884544259,3.165
1,imagenet,student,25,student,0,0.97,0.99,0.04608034,0.02,0.7178061224489797,0.1118111544722797,0.0
1,imagenet,student,25,student,1,0.97,0.99,0.04608034,0.02,0.7178061224489797,0.1118111544722797,0.0
1,imagenet,student,25,student,2,0.97,0.99,0.04608034,0.02,0.7178061224489797,0.1118111544722797,0.0
1,imagenet,student,25,student,3,0.97,0.99,0.04608034,0.02,0.7178061224489797,0.1118111544722797,0.0
1,imagenet,student,25,student,4,0.97,0.99,0.04608034,0.02,0.7178061224489797,0.1118111544722797,0.0
1,imagenet,student,25,random,0,0.965,0.99,0.056922186,0.025,0.8246938775510205,0.48994748795493875,0.0
1,imagenet,student,25,random,1,0.96,0.99,0.05728908,0.03,0.8235204081632653,0.4946262972715817,0.0
1,imagenet,student,25,random,2,0.95,0.99,0.085698776,0.04,0.8219387755102041,0.47777470733476307,0.0
1,imagenet,student,25,random,3,0.955,0.99,0.08480307,0.035,0.822857142857143,0.4756299304983063,0.0
1,imagenet,student,25,random,4,0.94,0.99,0.13114145,0.05,0.8268877551020407,0.5175266882325791,0.0
1,imagenet,student,25,random_rescue_10,0,0.965,0.99,0.058062024,0.025,0.7390306122448979,0.2016636644638696,10.0
1,imagenet,student,25,random_rescue_10,1,0.975,0.99,0.03172227,0.015,0.7401530612244898,0.18845803086301371,10.0
1,imagenet,student,25,random_rescue_10,2,0.955,0.99,0.065304525,0.035,0.740408163265306,0.18988340505477216,10.0
1,imagenet,student,25,random_rescue_10,3,0.96,0.99,0.082014434,0.03,0.7413265306122448,0.19905452837894802,10.0
1,imagenet,student,25,random_rescue_10,4,0.955,0.99,0.039580118,0.035,0.7385714285714284,0.18151780926401626,10.0
1,imagenet,student,25,foreground_rescue_10,0,0.975,0.99,0.038794436,0.015,0.684795918367347,0.03682370504523515,3.235
1,imagenet,student,25,foreground_rescue_10,1,0.965,0.99,0.05679773,0.025,0.684795918367347,0.03682370504523515,3.235
1,imagenet,student,25,foreground_rescue_10,2,0.97,0.99,0.044890534,0.02,0.684795918367347,0.03682370504523515,3.235
1,imagenet,student,25,foreground_rescue_10,3,0.965,0.99,0.047114152,0.025,0.684795918367347,0.03682370504523515,3.235
1,imagenet,student,25,foreground_rescue_10,4,0.975,0.99,0.039832886,0.015,0.684795918367347,0.03682370504523515,3.235
1,imagenet,student,25,low_score_rescue_10,0,0.975,0.99,0.035721198,0.015,0.7251530612244899,0.1276404097442754,10.0
1,imagenet,student,25,low_score_rescue_10,1,0.975,0.99,0.030278834,0.015,0.7248469387755102,0.12790817015529807,10.0
1,imagenet,student,25,low_score_rescue_10,2,0.965,0.99,0.036045734,0.025,0.7242857142857142,0.12762901192805975,10.0
1,imagenet,student,25,low_score_rescue_10,3,0.975,0.99,0.051651523,0.015,0.7233673469387755,0.12406591368284556,10.0
1,imagenet,student,25,low_score_rescue_10,4,0.975,0.99,0.030808086,0.015,0.7244387755102042,0.12778530980531652,10.0
1,imagenet,student,25,random_matched,0,0.97,0.99,0.053427372,0.02,0.7275,0.1282289144414803,3.235
1,imagenet,student,25,random_matched,1,0.975,0.99,0.03650577,0.015,0.7273979591836734,0.12820751847956893,3.235
1,imagenet,student,25,random_matched,2,0.97,0.99,0.042094458,0.02,0.7273979591836734,0.1292277389991971,3.235
1,imagenet,student,25,random_matched,3,0.97,0.99,0.0441527,0.02,0.7272448979591837,0.1293765701084966,3.235
1,imagenet,student,25,random_matched,4,0.97,0.99,0.04146044,0.02,0.7279591836734695,0.13022278819278413,3.235
1,imagenet,student,50,student,0,0.965,0.99,0.04860341,0.025,0.7146428571428572,0.09661174766628487,0.0
1,imagenet,student,50,student,1,0.965,0.99,0.04860341,0.025,0.7146428571428572,0.09661174766628487,0.0
1,imagenet,student,50,student,2,0.965,0.99,0.04860341,0.025,0.7146428571428572,0.09661174766628487,0.0
1,imagenet,student,50,student,3,0.965,0.99,0.04860341,0.025,0.7146428571428572,0.09661174766628487,0.0
1,imagenet,student,50,student,4,0.965,0.99,0.04860341,0.025,0.7146428571428572,0.09661174766628487,0.0
1,imagenet,student,50,random,0,0.965,0.99,0.056922186,0.025,0.8246938775510205,0.48994748795493875,0.0
1,imagenet,student,50,random,1,0.96,0.99,0.05728908,0.03,0.8235204081632653,0.4946262972715817,0.0
1,imagenet,student,50,random,2,0.95,0.99,0.085698776,0.04,0.8219387755102041,0.47777470733476307,0.0
1,imagenet,student,50,random,3,0.955,0.99,0.08480307,0.035,0.822857142857143,0.4756299304983063,0.0
1,imagenet,student,50,random,4,0.94,0.99,0.13114145,0.05,0.8268877551020407,0.5175266882325791,0.0
1,imagenet,student,50,random_rescue_10,0,0.97,0.99,0.05949336,0.02,0.7370918367346938,0.1760246171266866,10.0
1,imagenet,student,50,random_rescue_10,1,0.97,0.99,0.051918086,0.02,0.7373979591836733,0.18129396283806848,10.0
1,imagenet,student,50,random_rescue_10,2,0.97,0.99,0.053734478,0.02,0.7381122448979593,0.18252128782983823,10.0
1,imagenet,student,50,random_rescue_10,3,0.97,0.99,0.042984795,0.02,0.7379591836734695,0.16911713785336893,10.0
1,imagenet,student,50,random_rescue_10,4,0.96,0.99,0.061733942,0.03,0.7375,0.18760985072932293,10.0
1,imagenet,student,50,foreground_rescue_10,0,0.965,0.99,0.044852763,0.025,0.6841326530612244,0.03388751164244397,2.99
1,imagenet,student,50,foreground_rescue_10,1,0.965,0.99,0.042629085,0.025,0.6841326530612244,0.03388751164244397,2.99
1,imagenet,student,50,foreground_rescue_10,2,0.965,0.99,0.04668508,0.025,0.6841326530612244,0.03388751164244397,2.99
1,imagenet,student,50,foreground_rescue_10,3,0.965,0.99,0.044881288,0.025,0.6841326530612244,0.03388751164244397,2.99
1,imagenet,student,50,foreground_rescue_10,4,0.965,0.99,0.049682036,0.025,0.6841326530612244,0.03388751164244397,2.99
1,imagenet,student,50,low_score_rescue_10,0,0.955,0.99,0.04387588,0.035,0.722295918367347,0.11340503606677751,10.0
1,imagenet,student,50,low_score_rescue_10,1,0.965,0.99,0.036229104,0.025,0.7225510204081632,0.11309667261257507,10.0
1,imagenet,student,50,low_score_rescue_10,2,0.965,0.99,0.03485373,0.025,0.7225,0.11492485966843846,10.0
1,imagenet,student,50,low_score_rescue_10,3,0.97,0.99,0.043185756,0.02,0.7220918367346938,0.11397621133354367,10.0
1,imagenet,student,50,low_score_rescue_10,4,0.975,0.99,0.03465941,0.015,0.7220408163265306,0.11259767698539846,10.0
1,imagenet,student,50,random_matched,0,0.965,0.99,0.048846465,0.025,0.7237244897959184,0.11326569643558076,2.99
1,imagenet,student,50,random_matched,1,0.97,0.99,0.042718735,0.02,0.7244897959183675,0.11356832906814059,2.99
1,imagenet,student,50,random_matched,2,0.965,0.99,0.047928713,0.025,0.7239795918367347,0.11296309108862587,2.99
1,imagenet,student,50,random_matched,3,0.965,0.99,0.04217926,0.025,0.7242346938775509,0.11442620444791575,2.99
1,imagenet,student,50,random_matched,4,0.965,0.99,0.03855648,0.025,0.7234693877551021,0.11143221177699862,2.99
1,imagenet,student,75,student,0,0.955,0.99,0.059135314,0.035,0.717908163265306,0.1006627956345646,0.0
1,imagenet,student,75,student,1,0.955,0.99,0.059135314,0.035,0.717908163265306,0.1006627956345646,0.0
1,imagenet,student,75,student,2,0.955,0.99,0.059135314,0.035,0.717908163265306,0.1006627956345646,0.0
1,imagenet,student,75,student,3,0.955,0.99,0.059135314,0.035,0.717908163265306,0.1006627956345646,0.0
1,imagenet,student,75,student,4,0.955,0.99,0.059135314,0.035,0.717908163265306,0.1006627956345646,0.0
1,imagenet,student,75,random,0,0.965,0.99,0.056922186,0.025,0.8246938775510205,0.48994748795493875,0.0
1,imagenet,student,75,random,1,0.96,0.99,0.05728908,0.03,0.8235204081632653,0.4946262972715817,0.0
1,imagenet,student,75,random,2,0.95,0.99,0.085698776,0.04,0.8219387755102041,0.47777470733476307,0.0
1,imagenet,student,75,random,3,0.955,0.99,0.08480307,0.035,0.822857142857143,0.4756299304983063,0.0
1,imagenet,student,75,random,4,0.94,0.99,0.13114145,0.05,0.8268877551020407,0.5175266882325791,0.0
1,imagenet,student,75,random_rescue_10,0,0.975,0.99,0.048823692,0.015,0.7393367346938775,0.18790675548403357,10.0
1,imagenet,student,75,random_rescue_10,1,0.96,0.99,0.071250886,0.03,0.7404591836734694,0.17882303513089812,10.0
1,imagenet,student,75,random_rescue_10,2,0.965,0.99,0.06156428,0.025,0.7416326530612245,0.19102281134290752,10.0
1,imagenet,student,75,random_rescue_10,3,0.965,0.99,0.068850145,0.025,0.7420918367346938,0.18252511619952805,10.0
1,imagenet,student,75,random_rescue_10,4,0.955,0.99,0.075554736,0.035,0.7391326530612244,0.18957458210637854,10.0
1,imagenet,student,75,foreground_rescue_10,0,0.955,0.99,0.054782134,0.035,0.6868367346938775,0.03722024889797176,3.045
1,imagenet,student,75,foreground_rescue_10,1,0.955,0.99,0.06362589,0.035,0.6868367346938775,0.03722024889797176,3.045
1,imagenet,student,75,foreground_rescue_10,2,0.95,0.99,0.06477782,0.04,0.6868367346938775,0.03722024889797176,3.045
1,imagenet,student,75,foreground_rescue_10,3,0.955,0.99,0.050838243,0.035,0.6868367346938775,0.03722024889797176,3.045
1,imagenet,student,75,foreground_rescue_10,4,0.955,0.99,0.05163537,0.035,0.6868367346938775,0.03722024889797176,3.045
1,imagenet,student,75,low_score_rescue_10,0,0.955,0.99,0.048801173,0.035,0.7260714285714286,0.11903616914521005,10.0
1,imagenet,student,75,low_score_rescue_10,1,0.965,0.99,0.03911222,0.025,0.727091836734694,0.12173655407562824,10.0
1,imagenet,student,75,low_score_rescue_10,2,0.96,0.99,0.04653592,0.03,0.7265816326530613,0.1210565564056043,10.0
1,imagenet,student,75,low_score_rescue_10,3,0.95,0.99,0.058598444,0.04,0.7266326530612244,0.12058943511472543,10.0
1,imagenet,student,75,low_score_rescue_10,4,0.96,0.99,0.045219466,0.03,0.7257142857142856,0.11824956503803669,10.0
1,imagenet,student,75,random_matched,0,0.955,0.99,0.063439675,0.035,0.7278571428571428,0.1194427885815269,3.045
1,imagenet,student,75,random_matched,1,0.955,0.99,0.05878556,0.035,0.7272959183673469,0.11786535743410423,3.045
1,imagenet,student,75,random_matched,2,0.955,0.99,0.061009225,0.035,0.7275,0.11887435181033039,3.045
1,imagenet,student,75,random_matched,3,0.96,0.99,0.051159993,0.03,0.7266326530612246,0.11737705405128243,3.045
1,imagenet,student,75,random_matched,4,0.955,0.99,0.061258946,0.035,0.7264285714285714,0.11629679032886517,3.045
1,imagenet,student,100,student,0,0.96,0.99,0.052981038,0.03,0.7172448979591838,0.10131549765580289,0.0
1,imagenet,student,100,student,1,0.96,0.99,0.052981038,0.03,0.7172448979591838,0.10131549765580289,0.0
1,imagenet,student,100,student,2,0.96,0.99,0.052981038,0.03,0.7172448979591838,0.10131549765580289,0.0
1,imagenet,student,100,student,3,0.96,0.99,0.052981038,0.03,0.7172448979591838,0.10131549765580289,0.0
1,imagenet,student,100,student,4,0.96,0.99,0.052981038,0.03,0.7172448979591838,0.10131549765580289,0.0
1,imagenet,student,100,random,0,0.965,0.99,0.056922186,0.025,0.8246938775510205,0.48994748795493875,0.0
1,imagenet,student,100,random,1,0.96,0.99,0.05728908,0.03,0.8235204081632653,0.4946262972715817,0.0
1,imagenet,student,100,random,2,0.95,0.99,0.085698776,0.04,0.8219387755102041,0.47777470733476307,0.0
1,imagenet,student,100,random,3,0.955,0.99,0.08480307,0.035,0.822857142857143,0.4756299304983063,0.0
1,imagenet,student,100,random,4,0.94,0.99,0.13114145,0.05,0.8268877551020407,0.5175266882325791,0.0
1,imagenet,student,100,random_rescue_10,0,0.965,0.99,0.046459332,0.025,0.7375,0.17663140033113678,10.0
1,imagenet,student,100,random_rescue_10,1,0.96,0.99,0.045921173,0.03,0.7391836734693878,0.17657138472480327,10.0
1,imagenet,student,100,random_rescue_10,2,0.97,0.99,0.048688564,0.02,0.7408673469387754,0.19739571643348122,10.0
1,imagenet,student,100,random_rescue_10,3,0.975,0.99,0.03310235,0.015,0.7407142857142857,0.1856260437024076,10.0
1,imagenet,student,100,random_rescue_10,4,0.965,0.99,0.04014594,0.025,0.7388265306122449,0.20020004415118714,10.0
1,imagenet,student,100,foreground_rescue_10,0,0.96,0.99,0.039174773,0.03,0.6853571428571428,0.035346070455879224,3.125
1,imagenet,student,100,foreground_rescue_10,1,0.955,0.99,0.047393456,0.035,0.6853571428571428,0.035346070455879224,3.125
1,imagenet,student,100,foreground_rescue_10,2,0.96,0.99,0.051465277,0.03,0.6853571428571428,0.035346070455879224,3.125
1,imagenet,student,100,foreground_rescue_10,3,0.96,0.99,0.047619425,0.03,0.6853571428571428,0.035346070455879224,3.125
1,imagenet,student,100,foreground_rescue_10,4,0.96,0.99,0.04625257,0.03,0.6853571428571428,0.035346070455879224,3.125
1,imagenet,student,100,low_score_rescue_10,0,0.965,0.99,0.041239608,0.025,0.7244387755102041,0.11622197041239851,10.0
1,imagenet,student,100,low_score_rescue_10,1,0.965,0.99,0.044801284,0.025,0.7262244897959184,0.11990450242903529,10.0
1,imagenet,student,100,low_score_rescue_10,2,0.96,0.99,0.045595393,0.03,0.7245408163265306,0.11590783920187295,10.0
1,imagenet,student,100,low_score_rescue_10,3,0.96,0.99,0.050241373,0.03,0.7251530612244897,0.11707405280567837,10.0
1,imagenet,student,100,low_score_rescue_10,4,0.955,0.99,0.04731817,0.035,0.7254081632653062,0.1168864011863404,10.0
1,imagenet,student,100,random_matched,0,0.96,0.99,0.05454443,0.03,0.7277551020408163,0.1201484939176447,3.125
1,imagenet,student,100,random_matched,1,0.96,0.99,0.04421296,0.03,0.7259183673469388,0.1182914866960866,3.125
1,imagenet,student,100,random_matched,2,0.965,0.99,0.03496934,0.025,0.7265816326530612,0.11821162485488189,3.125
1,imagenet,student,100,random_matched,3,0.965,0.99,0.041577302,0.025,0.7270918367346938,0.11961863685374245,3.125
1,imagenet,student,100,random_matched,4,0.96,0.99,0.05115303,0.03,0.7264795918367346,0.11763060293924851,3.125
1,scratch,ce,0,student,0,0.92,0.99,0.14443268,0.07,0.8110714285714287,0.4192008084694095,0.0
1,scratch,ce,0,student,1,0.92,0.99,0.14443268,0.07,0.8110714285714287,0.4192008084694095,0.0
1,scratch,ce,0,student,2,0.92,0.99,0.14443268,0.07,0.8110714285714287,0.4192008084694095,0.0
1,scratch,ce,0,student,3,0.92,0.99,0.14443268,0.07,0.8110714285714287,0.4192008084694095,0.0
1,scratch,ce,0,student,4,0.92,0.99,0.14443268,0.07,0.8110714285714287,0.4192008084694095,0.0
1,scratch,ce,0,random,0,0.965,0.99,0.056922186,0.025,0.8246938775510205,0.48994748795493875,0.0
1,scratch,ce,0,random,1,0.96,0.99,0.05728908,0.03,0.8235204081632653,0.4946262972715817,0.0
1,scratch,ce,0,random,2,0.95,0.99,0.085698776,0.04,0.8219387755102041,0.47777470733476307,0.0
1,scratch,ce,0,random,3,0.955,0.99,0.08480307,0.035,0.822857142857143,0.4756299304983063,0.0
1,scratch,ce,0,random,4,0.94,0.99,0.13114145,0.05,0.8268877551020407,0.5175266882325791,0.0
1,scratch,ce,0,random_rescue_10,0,0.93,0.99,0.14620258,0.06,0.8135204081632653,0.42994755365076703,10.0
1,scratch,ce,0,random_rescue_10,1,0.915,0.99,0.17827004,0.075,0.8141836734693877,0.44342416594098283,10.0
1,scratch,ce,0,random_rescue_10,2,0.93,0.99,0.14151981,0.06,0.8147448979591836,0.43368033371400466,10.0
1,scratch,ce,0,random_rescue_10,3,0.92,0.99,0.16302785,0.07,0.814795918367347,0.44599142011976545,10.0
1,scratch,ce,0,random_rescue_10,4,0.935,0.99,0.13137244,0.055,0.814030612244898,0.4363734151936281,10.0
1,scratch,ce,0,foreground_rescue_10,0,0.945,0.99,0.107118405,0.045,0.7480612244897958,0.15916616481303753,6.175
1,scratch,ce,0,foreground_rescue_10,1,0.945,0.99,0.104116365,0.045,0.7480612244897958,0.15916616481303753,6.175
1,scratch,ce,0,foreground_rescue_10,2,0.945,0.99,0.09575391,0.045,0.7480612244897958,0.15916616481303753,6.175
1,scratch,ce,0,foreground_rescue_10,3,0.94,0.99,0.105297215,0.05,0.7480612244897958,0.15916616481303753,6.175
1,scratch,ce,0,foreground_rescue_10,4,0.945,0.99,0.09848788,0.045,0.7480612244897958,0.15916616481303753,6.175
1,scratch,ce,0,low_score_rescue_10,0,0.94,0.99,0.09771113,0.05,0.8106122448979591,0.42240870464704317,10.0
1,scratch,ce,0,low_score_rescue_10,1,0.895,0.99,0.16863933,0.095,0.8117857142857141,0.4289796897007727,10.0
1,scratch,ce,0,low_score_rescue_10,2,0.93,0.99,0.1239445,0.06,0.8111734693877551,0.41624799743927166,10.0
1,scratch,ce,0,low_score_rescue_10,3,0.92,0.99,0.14370401,0.07,0.8113265306122449,0.42093962852543987,10.0
1,scratch,ce,0,low_score_rescue_10,4,0.935,0.99,0.11957819,0.055,0.8108163265306122,0.4192996287013572,10.0
1,scratch,ce,0,random_matched,0,0.915,0.99,0.14928024,0.075,0.8096428571428572,0.415723160442607,6.175
1,scratch,ce,0,random_matched,1,0.92,0.99,0.1302993,0.07,0.8112244897959183,0.42138791456671415,6.175
1,scratch,ce,0,random_matched,2,0.905,0.99,0.16973102,0.085,0.8131632653061225,0.4252918385522508,6.175
1,scratch,ce,0,random_matched,3,0.925,0.99,0.15154882,0.065,0.8103571428571429,0.4184090960066838,6.175
1,scratch,ce,0,random_matched,4,0.915,0.99,0.1337946,0.075,0.8114285714285714,0.4231184590282514,6.175
1,scratch,ce,10,student,0,0.905,0.99,0.20413896,0.085,0.8090816326530611,0.4525796448723421,0.0
1,scratch,ce,10,student,1,0.905,0.99,0.20413896,0.085,0.8090816326530611,0.4525796448723421,0.0
1,scratch,ce,10,student,2,0.905,0.99,0.20413896,0.085,0.8090816326530611,0.4525796448723421,0.0
1,scratch,ce,10,student,3,0.905,0.99,0.20413896,0.085,0.8090816326530611,0.4525796448723421,0.0
1,scratch,ce,10,student,4,0.905,0.99,0.20413896,0.085,0.8090816326530611,0.4525796448723421,0.0
1,scratch,ce,10,random,0,0.965,0.99,0.056922186,0.025,0.8246938775510205,0.48994748795493875,0.0
1,scratch,ce,10,random,1,0.96,0.99,0.05728908,0.03,0.8235204081632653,0.4946262972715817,0.0
1,scratch,ce,10,random,2,0.95,0.99,0.085698776,0.04,0.8219387755102041,0.47777470733476307,0.0
1,scratch,ce,10,random,3,0.955,0.99,0.08480307,0.035,0.822857142857143,0.4756299304983063,0.0
1,scratch,ce,10,random,4,0.94,0.99,0.13114145,0.05,0.8268877551020407,0.5175266882325791,0.0
1,scratch,ce,10,random_rescue_10,0,0.895,0.99,0.18064009,0.095,0.8126530612244898,0.47096093235983744,10.0
1,scratch,ce,10,random_rescue_10,1,0.935,0.99,0.14066046,0.055,0.8126020408163265,0.46465332947774607,10.0
1,scratch,ce,10,random_rescue_10,2,0.905,0.99,0.1636306,0.085,0.811734693877551,0.4607207896664137,10.0
1,scratch,ce,10,random_rescue_10,3,0.92,0.99,0.1832906,0.07,0.8127551020408162,0.463598342472406,10.0
1,scratch,ce,10,random_rescue_10,4,0.91,0.99,0.1897173,0.08,0.8130102040816327,0.47191541380582824,10.0
1,scratch,ce,10,foreground_rescue_10,0,0.945,0.99,0.119760044,0.045,0.7422448979591837,0.15593738288902742,6.55
1,scratch,ce,10,foreground_rescue_10,1,0.94,0.99,0.11310146,0.05,0.7422448979591837,0.15593738288902742,6.55
1,scratch,ce,10,foreground_rescue_10,2,0.945,0.99,0.09927286,0.045,0.7422448979591837,0.15593738288902742,6.55
1,scratch,ce,10,foreground_rescue_10,3,0.935,0.99,0.12490127,0.055,0.7422448979591837,0.15593738288902742,6.55
1,scratch,ce,10,foreground_rescue_10,4,0.93,0.99,0.11660743,0.06,0.7422448979591837,0.15593738288902742,6.55
1,scratch,ce,10,low_score_rescue_10,0,0.925,0.99,0.18009429,0.065,0.8080102040816327,0.4341201086766729,10.0
1,scratch,ce,10,low_score_rescue_10,1,0.93,0.99,0.16894008,0.06,0.8083163265306124,0.4459389166400932,10.0
1,scratch,ce,10,low_score_rescue_10,2,0.91,0.99,0.15924707,0.08,0.809795918367347,0.44648067590479007,10.0
1,scratch,ce,10,low_score_rescue_10,3,0.905,0.99,0.20549735,0.085,0.8073979591836735,0.4343550462987646,10.0
1,scratch,ce,10,low_score_rescue_10,4,0.925,0.99,0.17786168,0.065,0.8068877551020408,0.4311908114183337,10.0
1,scratch,ce,10,random_matched,0,0.915,0.99,0.17477967,0.075,0.809795918367347,0.4508683987566452,6.55
1,scratch,ce,10,random_matched,1,0.91,0.99,0.1851442,0.08,0.8102551020408163,0.4531639012145517,6.55
1,scratch,ce,10,random_matched,2,0.925,0.99,0.14885359,0.065,0.8084183673469387,0.4388754273853859,6.55
1,scratch,ce,10,random_matched,3,0.9,0.99,0.21767356,0.09,0.8106632653061223,0.4535362149783825,6.55
1,scratch,ce,10,random_matched,4,0.92,0.99,0.16034536,0.07,0.8081122448979593,0.44346219489826344,6.55
1,scratch,ce,25,student,0,0.925,0.99,0.17212623,0.065,0.8089795918367346,0.43800982744585504,0.0
1,scratch,ce,25,student,1,0.925,0.99,0.17212623,0.065,0.8089795918367346,0.43800982744585504,0.0
1,scratch,ce,25,student,2,0.925,0.99,0.17212623,0.065,0.8089795918367346,0.43800982744585504,0.0
1,scratch,ce,25,student,3,0.925,0.99,0.17212623,0.065,0.8089795918367346,0.43800982744585504,0.0
1,scratch,ce,25,student,4,0.925,0.99,0.17212623,0.065,0.8089795918367346,0.43800982744585504,0.0
1,scratch,ce,25,random,0,0.965,0.99,0.056922186,0.025,0.8246938775510205,0.48994748795493875,0.0
1,scratch,ce,25,random,1,0.96,0.99,0.05728908,0.03,0.8235204081632653,0.4946262972715817,0.0
1,scratch,ce,25,random,2,0.95,0.99,0.085698776,0.04,0.8219387755102041,0.47777470733476307,0.0
1,scratch,ce,25,random,3,0.955,0.99,0.08480307,0.035,0.822857142857143,0.4756299304983063,0.0
1,scratch,ce,25,random,4,0.94,0.99,0.13114145,0.05,0.8268877551020407,0.5175266882325791,0.0
1,scratch,ce,25,random_rescue_10,0,0.94,0.99,0.16582988,0.05,0.8123979591836735,0.4527905070527021,10.0
1,scratch,ce,25,random_rescue_10,1,0.955,0.99,0.094860695,0.035,0.8118877551020408,0.44370982396720077,10.0
1,scratch,ce,25,random_rescue_10,2,0.935,0.99,0.15862747,0.055,0.8129081632653061,0.45137197207453306,10.0
1,scratch,ce,25,random_rescue_10,3,0.945,0.99,0.12073882,0.045,0.8107653061224489,0.445997018920351,10.0
1,scratch,ce,25,random_rescue_10,4,0.92,0.99,0.17665726,0.07,0.8112755102040816,0.4456794493405303,10.0
1,scratch,ce,25,foreground_rescue_10,0,0.955,0.99,0.07958917,0.035,0.7408163265306124,0.14721894419700815,6.68
1,scratch,ce,25,foreground_rescue_10,1,0.94,0.99,0.09232101,0.05,0.7408163265306124,0.14721894419700815,6.68
1,scratch,ce,25,foreground_rescue_10,2,0.945,0.99,0.097817495,0.045,0.7408163265306124,0.14721894419700815,6.68
1,scratch,ce,25,foreground_rescue_10,3,0.95,0.99,0.0934862,0.04,0.7408163265306124,0.14721894419700815,6.68
1,scratch,ce,25,foreground_rescue_10,4,0.955,0.99,0.0907245,0.035,0.7408163265306124,0.14721894419700815,6.68
1,scratch,ce,25,low_score_rescue_10,0,0.95,0.99,0.102526754,0.04,0.8050510204081632,0.4222328392301077,10.0
1,scratch,ce,25,low_score_rescue_10,1,0.925,0.99,0.15180324,0.065,0.8073469387755102,0.44015230728371796,10.0
1,scratch,ce,25,low_score_rescue_10,2,0.94,0.99,0.09698337,0.05,0.8067857142857144,0.42952651380803614,10.0
1,scratch,ce,25,low_score_rescue_10,3,0.915,0.99,0.16574591,0.075,0.8064285714285714,0.4349270950702453,10.0
1,scratch,ce,25,low_score_rescue_10,4,0.9,0.99,0.22451264,0.09,0.8063775510204081,0.4359496633756022,10.0
1,scratch,ce,25,random_matched,0,0.92,0.99,0.17075908,0.07,0.8097448979591837,0.43519125527140395,6.68
1,scratch,ce,25,random_matched,1,0.93,0.99,0.13144372,0.06,0.8111734693877551,0.4389906202932975,6.68
1,scratch,ce,25,random_matched,2,0.945,0.99,0.13210282,0.045,0.8092346938775511,0.4360406269571373,6.68
1,scratch,ce,25,random_matched,3,0.925,0.99,0.17672531,0.065,0.8115816326530612,0.4365878180101999,6.68
1,scratch,ce,25,random_matched,4,0.93,0.99,0.14463599,0.06,0.8111224489795918,0.4420465437736319,6.68
1,scratch,ce,50,student,0,0.93,0.99,0.13261828,0.06,0.7851020408163265,0.36876659754847496,0.0
1,scratch,ce,50,student,1,0.93,0.99,0.13261828,0.06,0.7851020408163265,0.36876659754847496,0.0
1,scratch,ce,50,student,2,0.93,0.99,0.13261828,0.06,0.7851020408163265,0.36876659754847496,0.0
1,scratch,ce,50,student,3,0.93,0.99,0.13261828,0.06,0.7851020408163265,0.36876659754847496,0.0
1,scratch,ce,50,student,4,0.93,0.99,0.13261828,0.06,0.7851020408163265,0.36876659754847496,0.0
1,scratch,ce,50,random,0,0.965,0.99,0.056922186,0.025,0.8246938775510205,0.48994748795493875,0.0
1,scratch,ce,50,random,1,0.96,0.99,0.05728908,0.03,0.8235204081632653,0.4946262972715817,0.0
1,scratch,ce,50,random,2,0.95,0.99,0.085698776,0.04,0.8219387755102041,0.47777470733476307,0.0
1,scratch,ce,50,random,3,0.955,0.99,0.08480307,0.035,0.822857142857143,0.4756299304983063,0.0
1,scratch,ce,50,random,4,0.94,0.99,0.13114145,0.05,0.8268877551020407,0.5175266882325791,0.0
1,scratch,ce,50,random_rescue_10,0,0.945,0.99,0.1302273,0.045,0.7926020408163265,0.3942774447568669,10.0
1,scratch,ce,50,random_rescue_10,1,0.92,0.99,0.13581683,0.07,0.7931632653061222,0.39878235182903476,10.0
1,scratch,ce,50,random_rescue_10,2,0.945,0.99,0.110058576,0.045,0.7933673469387756,0.39576464926065047,10.0
1,scratch,ce,50,random_rescue_10,3,0.935,0.99,0.12147693,0.055,0.7936224489795919,0.41561287131822255,10.0
1,scratch,ce,50,random_rescue_10,4,0.935,0.99,0.13206933,0.055,0.7944897959183673,0.4010871766172367,10.0
1,scratch,ce,50,foreground_rescue_10,0,0.95,0.99,0.09131006,0.04,0.7225510204081632,0.10912931170754567,6.13
1,scratch,ce,50,foreground_rescue_10,1,0.945,0.99,0.11800453,0.045,0.7225510204081632,0.10912931170754567,6.13
1,scratch,ce,50,foreground_rescue_10,2,0.95,0.99,0.09755178,0.04,0.7225510204081632,0.10912931170754567,6.13
1,scratch,ce,50,foreground_rescue_10,3,0.95,0.99,0.0839778,0.04,0.7225510204081632,0.10912931170754567,6.13
1,scratch,ce,50,foreground_rescue_10,4,0.95,0.99,0.09252136,0.04,0.7225510204081632,0.10912931170754567,6.13
1,scratch,ce,50,low_score_rescue_10,0,0.94,0.99,0.11448448,0.05,0.7866836734693878,0.3625954703538349,10.0
1,scratch,ce,50,low_score_rescue_10,1,0.94,0.99,0.10712004,0.05,0.7876530612244897,0.36721046132331,10.0
1,scratch,ce,50,low_score_rescue_10,2,0.945,0.99,0.115669765,0.045,0.7875,0.3708083829640027,10.0
1,scratch,ce,50,low_score_rescue_10,3,0.93,0.99,0.11655153,0.06,0.7881632653061226,0.3713052995827753,10.0
1,scratch,ce,50,low_score_rescue_10,4,0.94,0.99,0.13383164,0.05,0.7865816326530611,0.36675672217595967,10.0
1,scratch,ce,50,random_matched,0,0.935,0.99,0.13392687,0.055,0.7888775510204081,0.375697400090929,6.13
1,scratch,ce,50,random_matched,1,0.93,0.99,0.1193833,0.06,0.7881632653061225,0.3669387475248967,6.13
1,scratch,ce,50,random_matched,2,0.92,0.99,0.16247879,0.07,0.7905612244897958,0.37471857337826847,6.13
1,scratch,ce,50,random_matched,3,0.935,0.99,0.11860463,0.055,0.7878061224489796,0.37026630991098824,6.13
1,scratch,ce,50,random_matched,4,0.925,0.99,0.1299632,0.065,0.790969387755102,0.37995921749617323,6.13
1,scratch,ce,75,student,0,0.94,0.99,0.12493246,0.05,0.7878061224489796,0.3566158277682183,0.0
1,scratch,ce,75,student,1,0.94,0.99,0.12493246,0.05,0.7878061224489796,0.3566158277682183,0.0
1,scratch,ce,75,student,2,0.94,0.99,0.12493246,0.05,0.7878061224489796,0.3566158277682183,0.0
1,scratch,ce,75,student,3,0.94,0.99,0.12493246,0.05,0.7878061224489796,0.3566158277682183,0.0
1,scratch,ce,75,student,4,0.94,0.99,0.12493246,0.05,0.7878061224489796,0.3566158277682183,0.0
1,scratch,ce,75,random,0,0.965,0.99,0.056922186,0.025,0.8246938775510205,0.48994748795493875,0.0
1,scratch,ce,75,random,1,0.96,0.99,0.05728908,0.03,0.8235204081632653,0.4946262972715817,0.0
1,scratch,ce,75,random,2,0.95,0.99,0.085698776,0.04,0.8219387755102041,0.47777470733476307,0.0
1,scratch,ce,75,random,3,0.955,0.99,0.08480307,0.035,0.822857142857143,0.4756299304983063,0.0
1,scratch,ce,75,random,4,0.94,0.99,0.13114145,0.05,0.8268877551020407,0.5175266882325791,0.0
1,scratch,ce,75,random_rescue_10,0,0.915,0.99,0.16969708,0.075,0.794795918367347,0.3878245878085595,10.0
1,scratch,ce,75,random_rescue_10,1,0.935,0.99,0.13488951,0.055,0.7944897959183673,0.3761571805246662,10.0
1,scratch,ce,75,random_rescue_10,2,0.96,0.99,0.09978149,0.03,0.7966326530612244,0.39699242202286694,10.0
1,scratch,ce,75,random_rescue_10,3,0.94,0.99,0.10287622,0.05,0.7942857142857142,0.3762509748652995,10.0
1,scratch,ce,75,random_rescue_10,4,0.925,0.99,0.15123095,0.065,0.794591836734694,0.3851224272283987,10.0
1,scratch,ce,75,foreground_rescue_10,0,0.96,0.99,0.05939333,0.03,0.7257142857142856,0.11212001489808307,6.085
1,scratch,ce,75,foreground_rescue_10,1,0.96,0.99,0.054541644,0.03,0.7257142857142856,0.11212001489808307,6.085
1,scratch,ce,75,foreground_rescue_10,2,0.965,0.99,0.064249486,0.025,0.7257142857142856,0.11212001489808307,6.085
1,scratch,ce,75,foreground_rescue_10,3,0.965,0.99,0.05324742,0.025,0.7257142857142856,0.11212001489808307,6.085
1,scratch,ce,75,foreground_rescue_10,4,0.965,0.99,0.058306657,0.025,0.7257142857142856,0.11212001489808307,6.085
1,scratch,ce,75,low_score_rescue_10,0,0.95,0.99,0.08926272,0.04,0.7885204081632654,0.3645479032884662,10.0
1,scratch,ce,75,low_score_rescue_10,1,0.95,0.99,0.120384604,0.04,0.7887244897959184,0.36468929716157533,10.0
1,scratch,ce,75,low_score_rescue_10,2,0.945,0.99,0.09817215,0.045,0.7888775510204081,0.36385713438998485,10.0
1,scratch,ce,75,low_score_rescue_10,3,0.95,0.99,0.09296621,0.04,0.7888265306122448,0.364957509104612,10.0
1,scratch,ce,75,low_score_rescue_10,4,0.935,0.99,0.12102242,0.055,0.7879591836734693,0.359341306767408,10.0
1,scratch,ce,75,random_matched,0,0.95,0.99,0.12456989,0.04,0.7924489795918368,0.36664050342754084,6.085
1,scratch,ce,75,random_matched,1,0.935,0.99,0.12136263,0.055,0.7923469387755102,0.3639310077808142,6.085
1,scratch,ce,75,random_matched,2,0.935,0.99,0.10714411,0.055,0.7920918367346939,0.36268076756139694,6.085
1,scratch,ce,75,random_matched,3,0.94,0.99,0.095644325,0.05,0.7929591836734695,0.3665073856017177,6.085
1,scratch,ce,75,random_matched,4,0.94,0.99,0.10396852,0.05,0.7920918367346939,0.36531676832912086,6.085
1,scratch,ce,100,student,0,0.94,0.99,0.11219076,0.05,0.7878061224489795,0.35549904806393107,0.0
1,scratch,ce,100,student,1,0.94,0.99,0.11219076,0.05,0.7878061224489795,0.35549904806393107,0.0
1,scratch,ce,100,student,2,0.94,0.99,0.11219076,0.05,0.7878061224489795,0.35549904806393107,0.0
1,scratch,ce,100,student,3,0.94,0.99,0.11219076,0.05,0.7878061224489795,0.35549904806393107,0.0
1,scratch,ce,100,student,4,0.94,0.99,0.11219076,0.05,0.7878061224489795,0.35549904806393107,0.0
1,scratch,ce,100,random,0,0.965,0.99,0.056922186,0.025,0.8246938775510205,0.48994748795493875,0.0
1,scratch,ce,100,random,1,0.96,0.99,0.05728908,0.03,0.8235204081632653,0.4946262972715817,0.0
1,scratch,ce,100,random,2,0.95,0.99,0.085698776,0.04,0.8219387755102041,0.47777470733476307,0.0
1,scratch,ce,100,random,3,0.955,0.99,0.08480307,0.035,0.822857142857143,0.4756299304983063,0.0
1,scratch,ce,100,random,4,0.94,0.99,0.13114145,0.05,0.8268877551020407,0.5175266882325791,0.0
1,scratch,ce,100,random_rescue_10,0,0.93,0.99,0.134349,0.06,0.7965306122448981,0.392652865281059,10.0
1,scratch,ce,100,random_rescue_10,1,0.945,0.99,0.11595415,0.045,0.7942857142857143,0.37904169133718696,10.0
1,scratch,ce,100,random_rescue_10,2,0.95,0.99,0.11016819,0.04,0.7968877551020408,0.387656917142687,10.0
1,scratch,ce,100,random_rescue_10,3,0.945,0.99,0.10333219,0.045,0.794438775510204,0.37473804457758964,10.0
1,scratch,ce,100,random_rescue_10,4,0.94,0.99,0.11830152,0.05,0.7943877551020408,0.3805713964831571,10.0
1,scratch,ce,100,foreground_rescue_10,0,0.955,0.99,0.083587684,0.035,0.7258163265306122,0.1135056975572179,6.075
1,scratch,ce,100,foreground_rescue_10,1,0.96,0.99,0.07213868,0.03,0.7258163265306122,0.1135056975572179,6.075
1,scratch,ce,100,foreground_rescue_10,2,0.955,0.99,0.078389674,0.035,0.7258163265306122,0.1135056975572179,6.075
1,scratch,ce,100,foreground_rescue_10,3,0.965,0.99,0.068869926,0.025,0.7258163265306122,0.1135056975572179,6.075
1,scratch,ce,100,foreground_rescue_10,4,0.96,0.99,0.07264304,0.03,0.7258163265306122,0.1135056975572179,6.075
1,scratch,ce,100,low_score_rescue_10,0,0.95,0.99,0.10279918,0.04,0.7886224489795919,0.3536387352406736,10.0
1,scratch,ce,100,low_score_rescue_10,1,0.94,0.99,0.13633506,0.05,0.7904591836734695,0.36166460085427954,10.0
1,scratch,ce,100,low_score_rescue_10,2,0.945,0.99,0.12508158,0.045,0.7894387755102042,0.35416060311339537,10.0
1,scratch,ce,100,low_score_rescue_10,3,0.95,0.99,0.09087303,0.04,0.7893877551020408,0.35229932290433824,10.0
1,scratch,ce,100,low_score_rescue_10,4,0.945,0.99,0.10779058,0.045,0.7891836734693877,0.35689391369388324,10.0
1,scratch,ce,100,random_matched,0,0.935,0.99,0.12556644,0.055,0.7921938775510204,0.3642448446405778,6.075
1,scratch,ce,100,random_matched,1,0.935,0.99,0.12980735,0.055,0.7922448979591837,0.3617483611266874,6.075
1,scratch,ce,100,random_matched,2,0.945,0.99,0.09424776,0.045,0.7930102040816327,0.3679550200864522,6.075
1,scratch,ce,100,random_matched,3,0.945,0.99,0.09157441,0.045,0.7922448979591837,0.3663854977166417,6.075
1,scratch,ce,100,random_matched,4,0.945,0.99,0.102169186,0.045,0.7913265306122449,0.3584633999417901,6.075
1,scratch,foreground_rescue_10,0,student,0,0.92,0.99,0.14443268,0.07,0.8110714285714287,0.4192008084694095,0.0
1,scratch,foreground_rescue_10,0,student,1,0.92,0.99,0.14443268,0.07,0.8110714285714287,0.4192008084694095,0.0
1,scratch,foreground_rescue_10,0,student,2,0.92,0.99,0.14443268,0.07,0.8110714285714287,0.4192008084694095,0.0
1,scratch,foreground_rescue_10,0,student,3,0.92,0.99,0.14443268,0.07,0.8110714285714287,0.4192008084694095,0.0
1,scratch,foreground_rescue_10,0,student,4,0.92,0.99,0.14443268,0.07,0.8110714285714287,0.4192008084694095,0.0
1,scratch,foreground_rescue_10,0,random,0,0.965,0.99,0.056922186,0.025,0.8246938775510205,0.48994748795493875,0.0
1,scratch,foreground_rescue_10,0,random,1,0.96,0.99,0.05728908,0.03,0.8235204081632653,0.4946262972715817,0.0
1,scratch,foreground_rescue_10,0,random,2,0.95,0.99,0.085698776,0.04,0.8219387755102041,0.47777470733476307,0.0
1,scratch,foreground_rescue_10,0,random,3,0.955,0.99,0.08480307,0.035,0.822857142857143,0.4756299304983063,0.0
1,scratch,foreground_rescue_10,0,random,4,0.94,0.99,0.13114145,0.05,0.8268877551020407,0.5175266882325791,0.0
1,scratch,foreground_rescue_10,0,random_rescue_10,0,0.93,0.99,0.14620258,0.06,0.8135204081632653,0.42994755365076703,10.0
1,scratch,foreground_rescue_10,0,random_rescue_10,1,0.915,0.99,0.17827004,0.075,0.8141836734693877,0.44342416594098283,10.0
1,scratch,foreground_rescue_10,0,random_rescue_10,2,0.93,0.99,0.14151981,0.06,0.8147448979591836,0.43368033371400466,10.0
1,scratch,foreground_rescue_10,0,random_rescue_10,3,0.92,0.99,0.16302785,0.07,0.814795918367347,0.44599142011976545,10.0
1,scratch,foreground_rescue_10,0,random_rescue_10,4,0.935,0.99,0.13137244,0.055,0.814030612244898,0.4363734151936281,10.0
1,scratch,foreground_rescue_10,0,foreground_rescue_10,0,0.945,0.99,0.107118405,0.045,0.7480612244897958,0.15916616481303753,6.175
1,scratch,foreground_rescue_10,0,foreground_rescue_10,1,0.945,0.99,0.104116365,0.045,0.7480612244897958,0.15916616481303753,6.175
1,scratch,foreground_rescue_10,0,foreground_rescue_10,2,0.945,0.99,0.09575391,0.045,0.7480612244897958,0.15916616481303753,6.175
1,scratch,foreground_rescue_10,0,foreground_rescue_10,3,0.94,0.99,0.105297215,0.05,0.7480612244897958,0.15916616481303753,6.175
1,scratch,foreground_rescue_10,0,foreground_rescue_10,4,0.945,0.99,0.09848788,0.045,0.7480612244897958,0.15916616481303753,6.175
1,scratch,foreground_rescue_10,0,low_score_rescue_10,0,0.94,0.99,0.09771113,0.05,0.8106122448979591,0.42240870464704317,10.0
1,scratch,foreground_rescue_10,0,low_score_rescue_10,1,0.895,0.99,0.16863933,0.095,0.8117857142857141,0.4289796897007727,10.0
1,scratch,foreground_rescue_10,0,low_score_rescue_10,2,0.93,0.99,0.1239445,0.06,0.8111734693877551,0.41624799743927166,10.0
1,scratch,foreground_rescue_10,0,low_score_rescue_10,3,0.92,0.99,0.14370401,0.07,0.8113265306122449,0.42093962852543987,10.0
1,scratch,foreground_rescue_10,0,low_score_rescue_10,4,0.935,0.99,0.11957819,0.055,0.8108163265306122,0.4192996287013572,10.0
1,scratch,foreground_rescue_10,0,random_matched,0,0.915,0.99,0.14928024,0.075,0.8096428571428572,0.415723160442607,6.175
1,scratch,foreground_rescue_10,0,random_matched,1,0.92,0.99,0.1302993,0.07,0.8112244897959183,0.42138791456671415,6.175
1,scratch,foreground_rescue_10,0,random_matched,2,0.905,0.99,0.16973102,0.085,0.8131632653061225,0.4252918385522508,6.175
1,scratch,foreground_rescue_10,0,random_matched,3,0.925,0.99,0.15154882,0.065,0.8103571428571429,0.4184090960066838,6.175
1,scratch,foreground_rescue_10,0,random_matched,4,0.915,0.99,0.1337946,0.075,0.8114285714285714,0.4231184590282514,6.175
1,scratch,foreground_rescue_10,10,student,0,0.88,0.99,0.2583938,0.11,0.8161224489795919,0.48383828784889055,0.0
1,scratch,foreground_rescue_10,10,student,1,0.88,0.99,0.2583938,0.11,0.8161224489795919,0.48383828784889055,0.0
1,scratch,foreground_rescue_10,10,student,2,0.88,0.99,0.2583938,0.11,0.8161224489795919,0.48383828784889055,0.0
1,scratch,foreground_rescue_10,10,student,3,0.88,0.99,0.2583938,0.11,0.8161224489795919,0.48383828784889055,0.0
1,scratch,foreground_rescue_10,10,student,4,0.88,0.99,0.2583938,0.11,0.8161224489795919,0.48383828784889055,0.0
1,scratch,foreground_rescue_10,10,random,0,0.965,0.99,0.056922186,0.025,0.8246938775510205,0.48994748795493875,0.0
1,scratch,foreground_rescue_10,10,random,1,0.96,0.99,0.05728908,0.03,0.8235204081632653,0.4946262972715817,0.0
1,scratch,foreground_rescue_10,10,random,2,0.95,0.99,0.085698776,0.04,0.8219387755102041,0.47777470733476307,0.0
1,scratch,foreground_rescue_10,10,random,3,0.955,0.99,0.08480307,0.035,0.822857142857143,0.4756299304983063,0.0
1,scratch,foreground_rescue_10,10,random,4,0.94,0.99,0.13114145,0.05,0.8268877551020407,0.5175266882325791,0.0
1,scratch,foreground_rescue_10,10,random_rescue_10,0,0.915,0.99,0.2098512,0.075,0.817857142857143,0.4915079541389887,10.0
1,scratch,foreground_rescue_10,10,random_rescue_10,1,0.935,0.99,0.18766426,0.055,0.8180102040816327,0.48943099540014107,10.0
1,scratch,foreground_rescue_10,10,random_rescue_10,2,0.925,0.99,0.16012982,0.065,0.8184183673469388,0.48370800471628,10.0
1,scratch,foreground_rescue_10,10,random_rescue_10,3,0.905,0.99,0.1979562,0.085,0.8177040816326532,0.4856486184892727,10.0
1,scratch,foreground_rescue_10,10,random_rescue_10,4,0.905,0.99,0.22439198,0.085,0.8181632653061226,0.4857156308711644,10.0
1,scratch,foreground_rescue_10,10,foreground_rescue_10,0,0.935,0.99,0.13470168,0.055,0.7447959183673469,0.15827736036362955,6.99
1,scratch,foreground_rescue_10,10,foreground_rescue_10,1,0.935,0.99,0.13592476,0.055,0.7447959183673469,0.15827736036362955,6.99
1,scratch,foreground_rescue_10,10,foreground_rescue_10,2,0.93,0.99,0.13049245,0.06,0.7447959183673469,0.15827736036362955,6.99
1,scratch,foreground_rescue_10,10,foreground_rescue_10,3,0.935,0.99,0.12148838,0.055,0.7447959183673469,0.15827736036362955,6.99
1,scratch,foreground_rescue_10,10,foreground_rescue_10,4,0.935,0.99,0.12925568,0.055,0.7447959183673469,0.15827736036362955,6.99
1,scratch,foreground_rescue_10,10,low_score_rescue_10,0,0.905,0.99,0.20021996,0.085,0.815204081632653,0.4807378265991236,10.0
1,scratch,foreground_rescue_10,10,low_score_rescue_10,1,0.91,0.99,0.18472594,0.08,0.8157142857142857,0.47656452409790023,10.0
1,scratch,foreground_rescue_10,10,low_score_rescue_10,2,0.895,0.99,0.1969135,0.095,0.8163265306122449,0.4873800794494068,10.0
1,scratch,foreground_rescue_10,10,low_score_rescue_10,3,0.925,0.99,0.18407731,0.065,0.8144897959183675,0.4722781990984561,10.0
1,scratch,foreground_rescue_10,10,low_score_rescue_10,4,0.92,0.99,0.20009427,0.07,0.8156632653061225,0.4785955115053262,10.0
1,scratch,foreground_rescue_10,10,random_matched,0,0.915,0.99,0.22556712,0.075,0.8184693877551019,0.4856115030547935,6.99
1,scratch,foreground_rescue_10,10,random_matched,1,0.92,0.99,0.20280609,0.07,0.8152551020408163,0.4800160397054175,6.99
1,scratch,foreground_rescue_10,10,random_matched,2,0.9,0.99,0.24343383,0.09,0.8151530612244897,0.47722311761405284,6.99
1,scratch,foreground_rescue_10,10,random_matched,3,0.89,0.99,0.24750513,0.1,0.817091836734694,0.47609946689950083,6.99
1,scratch,foreground_rescue_10,10,random_matched,4,0.905,0.99,0.22841243,0.085,0.8165306122448979,0.4815689983399361,6.99
1,scratch,foreground_rescue_10,25,student,0,0.935,0.99,0.13840525,0.055,0.7916326530612245,0.4255720741745003,0.0
1,scratch,foreground_rescue_10,25,student,1,0.935,0.99,0.13840525,0.055,0.7916326530612245,0.4255720741745003,0.0
1,scratch,foreground_rescue_10,25,student,2,0.935,0.99,0.13840525,0.055,0.7916326530612245,0.4255720741745003,0.0
1,scratch,foreground_rescue_10,25,student,3,0.935,0.99,0.13840525,0.055,0.7916326530612245,0.4255720741745003,0.0
1,scratch,foreground_rescue_10,25,student,4,0.935,0.99,0.13840525,0.055,0.7916326530612245,0.4255720741745003,0.0
1,scratch,foreground_rescue_10,25,random,0,0.965,0.99,0.056922186,0.025,0.8246938775510205,0.48994748795493875,0.0
1,scratch,foreground_rescue_10,25,random,1,0.96,0.99,0.05728908,0.03,0.8235204081632653,0.4946262972715817,0.0
1,scratch,foreground_rescue_10,25,random,2,0.95,0.99,0.085698776,0.04,0.8219387755102041,0.47777470733476307,0.0
1,scratch,foreground_rescue_10,25,random,3,0.955,0.99,0.08480307,0.035,0.822857142857143,0.4756299304983063,0.0
1,scratch,foreground_rescue_10,25,random,4,0.94,0.99,0.13114145,0.05,0.8268877551020407,0.5175266882325791,0.0
1,scratch,foreground_rescue_10,25,random_rescue_10,0,0.93,0.99,0.12574543,0.06,0.7973469387755102,0.44333354585367235,10.0
1,scratch,foreground_rescue_10,25,random_rescue_10,1,0.94,0.99,0.133798,0.05,0.7977551020408162,0.4339738691595808,10.0
1,scratch,foreground_rescue_10,25,random_rescue_10,2,0.94,0.99,0.12403705,0.05,0.7981632653061225,0.44033621909253234,10.0
1,scratch,foreground_rescue_10,25,random_rescue_10,3,0.935,0.99,0.10547163,0.055,0.7990816326530612,0.4416373659540641,10.0
1,scratch,foreground_rescue_10,25,random_rescue_10,4,0.93,0.99,0.1388246,0.06,0.7994897959183673,0.4483871488849355,10.0
1,scratch,foreground_rescue_10,25,foreground_rescue_10,0,0.96,0.99,0.078735486,0.03,0.722908163265306,0.12398408786300812,6.735
1,scratch,foreground_rescue_10,25,foreground_rescue_10,1,0.96,0.99,0.08845646,0.03,0.722908163265306,0.12398408786300812,6.735
1,scratch,foreground_rescue_10,25,foreground_rescue_10,2,0.955,0.99,0.08125412,0.035,0.722908163265306,0.12398408786300812,6.735
1,scratch,foreground_rescue_10,25,foreground_rescue_10,3,0.96,0.99,0.076975,0.03,0.722908163265306,0.12398408786300812,6.735
1,scratch,foreground_rescue_10,25,foreground_rescue_10,4,0.96,0.99,0.08226599,0.03,0.722908163265306,0.12398408786300812,6.735
1,scratch,foreground_rescue_10,25,low_score_rescue_10,0,0.93,0.99,0.11580655,0.06,0.7923979591836735,0.43288730382747315,10.0
1,scratch,foreground_rescue_10,25,low_score_rescue_10,1,0.945,0.99,0.10621706,0.045,0.7935714285714286,0.42863506740060225,10.0
1,scratch,foreground_rescue_10,25,low_score_rescue_10,2,0.945,0.99,0.12112072,0.045,0.7932653061224489,0.433786682477796,10.0
1,scratch,foreground_rescue_10,25,low_score_rescue_10,3,0.955,0.99,0.08513608,0.035,0.7933163265306122,0.42832047965833053,10.0
1,scratch,foreground_rescue_10,25,low_score_rescue_10,4,0.94,0.99,0.08909495,0.05,0.7921428571428573,0.42101208192784745,10.0
1,scratch,foreground_rescue_10,25,random_matched,0,0.925,0.99,0.1407029,0.065,0.7970408163265306,0.4342163653814225,6.735
1,scratch,foreground_rescue_10,25,random_matched,1,0.935,0.99,0.12283934,0.055,0.7967346938775509,0.4303539935188964,6.735
1,scratch,foreground_rescue_10,25,random_matched,2,0.915,0.99,0.13947298,0.075,0.7958673469387756,0.4251509466644863,6.735
1,scratch,foreground_rescue_10,25,random_matched,3,0.935,0.99,0.12399193,0.055,0.7966326530612244,0.4294726566365468,6.735
1,scratch,foreground_rescue_10,25,random_matched,4,0.935,0.99,0.1221275,0.055,0.7957142857142857,0.42921892992804944,6.735
1,scratch,foreground_rescue_10,50,student,0,0.89,0.99,0.2520691,0.1,0.7982142857142857,0.43705031603028693,0.0
1,scratch,foreground_rescue_10,50,student,1,0.89,0.99,0.2520691,0.1,0.7982142857142857,0.43705031603028693,0.0
1,scratch,foreground_rescue_10,50,student,2,0.89,0.99,0.2520691,0.1,0.7982142857142857,0.43705031603028693,0.0
1,scratch,foreground_rescue_10,50,student,3,0.89,0.99,0.2520691,0.1,0.7982142857142857,0.43705031603028693,0.0
1,scratch,foreground_rescue_10,50,student,4,0.89,0.99,0.2520691,0.1,0.7982142857142857,0.43705031603028693,0.0
1,scratch,foreground_rescue_10,50,random,0,0.965,0.99,0.056922186,0.025,0.8246938775510205,0.48994748795493875,0.0
1,scratch,foreground_rescue_10,50,random,1,0.96,0.99,0.05728908,0.03,0.8235204081632653,0.4946262972715817,0.0
1,scratch,foreground_rescue_10,50,random,2,0.95,0.99,0.085698776,0.04,0.8219387755102041,0.47777470733476307,0.0
1,scratch,foreground_rescue_10,50,random,3,0.955,0.99,0.08480307,0.035,0.822857142857143,0.4756299304983063,0.0
1,scratch,foreground_rescue_10,50,random,4,0.94,0.99,0.13114145,0.05,0.8268877551020407,0.5175266882325791,0.0
1,scratch,foreground_rescue_10,50,random_rescue_10,0,0.95,0.99,0.10343381,0.04,0.8040816326530611,0.45209227292402493,10.0
1,scratch,foreground_rescue_10,50,random_rescue_10,1,0.92,0.99,0.16525298,0.07,0.8021428571428573,0.445680482069935,10.0
1,scratch,foreground_rescue_10,50,random_rescue_10,2,0.915,0.99,0.18546341,0.075,0.8032653061224491,0.447619867307481,10.0
1,scratch,foreground_rescue_10,50,random_rescue_10,3,0.93,0.99,0.15037906,0.06,0.8039285714285714,0.4542558477681798,10.0
1,scratch,foreground_rescue_10,50,random_rescue_10,4,0.92,0.99,0.17420994,0.07,0.8039285714285714,0.4586449223944712,10.0
1,scratch,foreground_rescue_10,50,foreground_rescue_10,0,0.94,0.99,0.12265795,0.05,0.7295408163265307,0.1359727168299231,6.73
1,scratch,foreground_rescue_10,50,foreground_rescue_10,1,0.935,0.99,0.11244154,0.055,0.7295408163265307,0.1359727168299231,6.73
1,scratch,foreground_rescue_10,50,foreground_rescue_10,2,0.94,0.99,0.10566197,0.05,0.7295408163265307,0.1359727168299231,6.73
1,scratch,foreground_rescue_10,50,foreground_rescue_10,3,0.945,0.99,0.10042223,0.045,0.7295408163265307,0.1359727168299231,6.73
1,scratch,foreground_rescue_10,50,foreground_rescue_10,4,0.945,0.99,0.10514519,0.045,0.7295408163265307,0.1359727168299231,6.73
1,scratch,foreground_rescue_10,50,low_score_rescue_10,0,0.935,0.99,0.1641533,0.055,0.7999489795918368,0.4453859724236392,10.0
1,scratch,foreground_rescue_10,50,low_score_rescue_10,1,0.94,0.99,0.13278906,0.05,0.7999489795918368,0.44104167754563445,10.0
1,scratch,foreground_rescue_10,50,low_score_rescue_10,2,0.935,0.99,0.16027099,0.055,0.8015816326530611,0.4508755003036576,10.0
1,scratch,foreground_rescue_10,50,low_score_rescue_10,3,0.915,0.99,0.18968433,0.075,0.8000510204081632,0.44640996558495927,10.0
1,scratch,foreground_rescue_10,50,low_score_rescue_10,4,0.94,0.99,0.17575468,0.05,0.8001020408163265,0.4457344418595706,10.0
1,scratch,foreground_rescue_10,50,random_matched,0,0.92,0.99,0.18381798,0.07,0.8003571428571428,0.43204682492845853,6.73
1,scratch,foreground_rescue_10,50,random_matched,1,0.925,0.99,0.16511434,0.065,0.8006632653061223,0.4384478544763669,6.73
1,scratch,foreground_rescue_10,50,random_matched,2,0.925,0.99,0.18196864,0.065,0.8023979591836735,0.4408408865121879,6.73
1,scratch,foreground_rescue_10,50,random_matched,3,0.935,0.99,0.14261122,0.055,0.8014795918367347,0.4327636417637874,6.73
1,scratch,foreground_rescue_10,50,random_matched,4,0.935,0.99,0.16316521,0.055,0.8011224489795917,0.4324748199796539,6.73
1,scratch,foreground_rescue_10,75,student,0,0.905,0.99,0.21288083,0.085,0.7969897959183675,0.4273733767961424,0.0
1,scratch,foreground_rescue_10,75,student,1,0.905,0.99,0.21288083,0.085,0.7969897959183675,0.4273733767961424,0.0
1,scratch,foreground_rescue_10,75,student,2,0.905,0.99,0.21288083,0.085,0.7969897959183675,0.4273733767961424,0.0
1,scratch,foreground_rescue_10,75,student,3,0.905,0.99,0.21288083,0.085,0.7969897959183675,0.4273733767961424,0.0
1,scratch,foreground_rescue_10,75,student,4,0.905,0.99,0.21288083,0.085,0.7969897959183675,0.4273733767961424,0.0
1,scratch,foreground_rescue_10,75,random,0,0.965,0.99,0.056922186,0.025,0.8246938775510205,0.48994748795493875,0.0
1,scratch,foreground_rescue_10,75,random,1,0.96,0.99,0.05728908,0.03,0.8235204081632653,0.4946262972715817,0.0
1,scratch,foreground_rescue_10,75,random,2,0.95,0.99,0.085698776,0.04,0.8219387755102041,0.47777470733476307,0.0
1,scratch,foreground_rescue_10,75,random,3,0.955,0.99,0.08480307,0.035,0.822857142857143,0.4756299304983063,0.0
1,scratch,foreground_rescue_10,75,random,4,0.94,0.99,0.13114145,0.05,0.8268877551020407,0.5175266882325791,0.0
1,scratch,foreground_rescue_10,75,random_rescue_10,0,0.93,0.99,0.19080937,0.06,0.8024489795918367,0.4411205211146825,10.0
1,scratch,foreground_rescue_10,75,random_rescue_10,1,0.93,0.99,0.16658176,0.06,0.8027551020408162,0.44519113691473033,10.0
1,scratch,foreground_rescue_10,75,random_rescue_10,2,0.925,0.99,0.17705189,0.065,0.8025510204081633,0.4484407269508055,10.0
1,scratch,foreground_rescue_10,75,random_rescue_10,3,0.93,0.99,0.12662917,0.06,0.8035714285714286,0.4473999109628906,10.0
1,scratch,foreground_rescue_10,75,random_rescue_10,4,0.9,0.99,0.18103218,0.09,0.8019387755102042,0.4577915598402493,10.0
1,scratch,foreground_rescue_10,75,foreground_rescue_10,0,0.95,0.99,0.11508583,0.04,0.7291326530612245,0.13272050748632905,6.65
1,scratch,foreground_rescue_10,75,foreground_rescue_10,1,0.95,0.99,0.10844483,0.04,0.7291326530612245,0.13272050748632905,6.65
1,scratch,foreground_rescue_10,75,foreground_rescue_10,2,0.965,0.99,0.08424527,0.025,0.7291326530612245,0.13272050748632905,6.65
1,scratch,foreground_rescue_10,75,foreground_rescue_10,3,0.95,0.99,0.10244724,0.04,0.7291326530612245,0.13272050748632905,6.65
1,scratch,foreground_rescue_10,75,foreground_rescue_10,4,0.955,0.99,0.0946356,0.035,0.7291326530612245,0.13272050748632905,6.65
1,scratch,foreground_rescue_10,75,low_score_rescue_10,0,0.94,0.99,0.14259951,0.05,0.797091836734694,0.4268448970478544,10.0
1,scratch,foreground_rescue_10,75,low_score_rescue_10,1,0.94,0.99,0.14540708,0.05,0.7988775510204081,0.43244680345596404,10.0
1,scratch,foreground_rescue_10,75,low_score_rescue_10,2,0.925,0.99,0.15713052,0.065,0.7974489795918367,0.4292739102493,10.0
1,scratch,foreground_rescue_10,75,low_score_rescue_10,3,0.925,0.99,0.17762244,0.065,0.7981632653061226,0.4315527172044921,10.0
1,scratch,foreground_rescue_10,75,low_score_rescue_10,4,0.93,0.99,0.15622503,0.06,0.7987244897959184,0.4260095369242293,10.0
1,scratch,foreground_rescue_10,75,random_matched,0,0.92,0.99,0.22615574,0.075,0.8005102040816326,0.4294781508354374,6.65
1,scratch,foreground_rescue_10,75,random_matched,1,0.92,0.99,0.19491734,0.07,0.8004591836734692,0.4336210319371225,6.65
1,scratch,foreground_rescue_10,75,random_matched,2,0.92,0.99,0.19638649,0.07,0.8004081632653061,0.43144223935941783,6.65
1,scratch,foreground_rescue_10,75,random_matched,3,0.925,0.99,0.19048093,0.065,0.8014795918367347,0.43090883875123864,6.65
1,scratch,foreground_rescue_10,75,random_matched,4,0.925,0.99,0.19951001,0.065,0.8004081632653061,0.43090153279423055,6.65
1,scratch,foreground_rescue_10,100,student,0,0.905,0.99,0.23199832,0.085,0.7943877551020408,0.43304104733889953,0.0
1,scratch,foreground_rescue_10,100,student,1,0.905,0.99,0.23199832,0.085,0.7943877551020408,0.43304104733889953,0.0
1,scratch,foreground_rescue_10,100,student,2,0.905,0.99,0.23199832,0.085,0.7943877551020408,0.43304104733889953,0.0
1,scratch,foreground_rescue_10,100,student,3,0.905,0.99,0.23199832,0.085,0.7943877551020408,0.43304104733889953,0.0
1,scratch,foreground_rescue_10,100,student,4,0.905,0.99,0.23199832,0.085,0.7943877551020408,0.43304104733889953,0.0
1,scratch,foreground_rescue_10,100,random,0,0.965,0.99,0.056922186,0.025,0.8246938775510205,0.48994748795493875,0.0
1,scratch,foreground_rescue_10,100,random,1,0.96,0.99,0.05728908,0.03,0.8235204081632653,0.4946262972715817,0.0
1,scratch,foreground_rescue_10,100,random,2,0.95,0.99,0.085698776,0.04,0.8219387755102041,0.47777470733476307,0.0
1,scratch,foreground_rescue_10,100,random,3,0.955,0.99,0.08480307,0.035,0.822857142857143,0.4756299304983063,0.0
1,scratch,foreground_rescue_10,100,random,4,0.94,0.99,0.13114145,0.05,0.8268877551020407,0.5175266882325791,0.0
1,scratch,foreground_rescue_10,100,random_rescue_10,0,0.91,0.99,0.20290339,0.08,0.7999489795918368,0.4506283427765836,10.0
1,scratch,foreground_rescue_10,100,random_rescue_10,1,0.915,0.99,0.16252437,0.075,0.7987244897959184,0.443817662132354,10.0
1,scratch,foreground_rescue_10,100,random_rescue_10,2,0.935,0.99,0.16097347,0.055,0.799438775510204,0.44918289433584624,10.0
1,scratch,foreground_rescue_10,100,random_rescue_10,3,0.94,0.99,0.115594044,0.05,0.8018877551020408,0.4500296385899081,10.0
1,scratch,foreground_rescue_10,100,random_rescue_10,4,0.935,0.99,0.18120597,0.055,0.7998469387755103,0.4489494063453949,10.0
1,scratch,foreground_rescue_10,100,foreground_rescue_10,0,0.945,0.99,0.121564694,0.045,0.7267857142857143,0.13043316461752713,6.625
1,scratch,foreground_rescue_10,100,foreground_rescue_10,1,0.945,0.99,0.11462407,0.045,0.7267857142857143,0.13043316461752713,6.625
1,scratch,foreground_rescue_10,100,foreground_rescue_10,2,0.95,0.99,0.110489294,0.04,0.7267857142857143,0.13043316461752713,6.625
1,scratch,foreground_rescue_10,100,foreground_rescue_10,3,0.94,0.99,0.12183161,0.05,0.7267857142857143,0.13043316461752713,6.625
1,scratch,foreground_rescue_10,100,foreground_rescue_10,4,0.94,0.99,0.1036659,0.05,0.7267857142857143,0.13043316461752713,6.625
1,scratch,foreground_rescue_10,100,low_score_rescue_10,0,0.91,0.99,0.19877295,0.08,0.7950510204081632,0.4214343874195271,10.0
1,scratch,foreground_rescue_10,100,low_score_rescue_10,1,0.925,0.99,0.14309241,0.065,0.7958673469387754,0.4297293538286728,10.0
1,scratch,foreground_rescue_10,100,low_score_rescue_10,2,0.905,0.99,0.19833213,0.085,0.7962244897959184,0.4344136654572203,10.0
1,scratch,foreground_rescue_10,100,low_score_rescue_10,3,0.9,0.99,0.23180382,0.09,0.7954591836734695,0.4336241552342555,10.0
1,scratch,foreground_rescue_10,100,low_score_rescue_10,4,0.94,0.99,0.12541105,0.05,0.7951020408163265,0.42510259544716994,10.0
1,scratch,foreground_rescue_10,100,random_matched,0,0.915,0.99,0.20815186,0.075,0.7987755102040817,0.44022457320378355,6.625
1,scratch,foreground_rescue_10,100,random_matched,1,0.915,0.99,0.19773856,0.075,0.7976530612244898,0.4380157011787975,6.625
1,scratch,foreground_rescue_10,100,random_matched,2,0.905,0.99,0.24336262,0.085,0.7986734693877551,0.43929613901634773,6.625
1,scratch,foreground_rescue_10,100,random_matched,3,0.925,0.99,0.20010601,0.065,0.7975,0.4276669736717124,6.625
1,scratch,foreground_rescue_10,100,random_matched,4,0.915,0.99,0.1986267,0.075,0.7991836734693878,0.4376658380579653,6.625
1,scratch,full,0,student,0,0.92,0.99,0.14443268,0.07,0.8110714285714287,0.4192008084694095,0.0
1,scratch,full,0,student,1,0.92,0.99,0.14443268,0.07,0.8110714285714287,0.4192008084694095,0.0
1,scratch,full,0,student,2,0.92,0.99,0.14443268,0.07,0.8110714285714287,0.4192008084694095,0.0
1,scratch,full,0,student,3,0.92,0.99,0.14443268,0.07,0.8110714285714287,0.4192008084694095,0.0
1,scratch,full,0,student,4,0.92,0.99,0.14443268,0.07,0.8110714285714287,0.4192008084694095,0.0
1,scratch,full,0,random,0,0.965,0.99,0.056922186,0.025,0.8246938775510205,0.48994748795493875,0.0
1,scratch,full,0,random,1,0.96,0.99,0.05728908,0.03,0.8235204081632653,0.4946262972715817,0.0
1,scratch,full,0,random,2,0.95,0.99,0.085698776,0.04,0.8219387755102041,0.47777470733476307,0.0
1,scratch,full,0,random,3,0.955,0.99,0.08480307,0.035,0.822857142857143,0.4756299304983063,0.0
1,scratch,full,0,random,4,0.94,0.99,0.13114145,0.05,0.8268877551020407,0.5175266882325791,0.0
1,scratch,full,0,random_rescue_10,0,0.93,0.99,0.14620258,0.06,0.8135204081632653,0.42994755365076703,10.0
1,scratch,full,0,random_rescue_10,1,0.915,0.99,0.17827004,0.075,0.8141836734693877,0.44342416594098283,10.0
1,scratch,full,0,random_rescue_10,2,0.93,0.99,0.14151981,0.06,0.8147448979591836,0.43368033371400466,10.0
1,scratch,full,0,random_rescue_10,3,0.92,0.99,0.16302785,0.07,0.814795918367347,0.44599142011976545,10.0
1,scratch,full,0,random_rescue_10,4,0.935,0.99,0.13137244,0.055,0.814030612244898,0.4363734151936281,10.0
1,scratch,full,0,foreground_rescue_10,0,0.945,0.99,0.107118405,0.045,0.7480612244897958,0.15916616481303753,6.175
1,scratch,full,0,foreground_rescue_10,1,0.945,0.99,0.104116365,0.045,0.7480612244897958,0.15916616481303753,6.175
1,scratch,full,0,foreground_rescue_10,2,0.945,0.99,0.09575391,0.045,0.7480612244897958,0.15916616481303753,6.175
1,scratch,full,0,foreground_rescue_10,3,0.94,0.99,0.105297215,0.05,0.7480612244897958,0.15916616481303753,6.175
1,scratch,full,0,foreground_rescue_10,4,0.945,0.99,0.09848788,0.045,0.7480612244897958,0.15916616481303753,6.175
1,scratch,full,0,low_score_rescue_10,0,0.94,0.99,0.09771113,0.05,0.8106122448979591,0.42240870464704317,10.0
1,scratch,full,0,low_score_rescue_10,1,0.895,0.99,0.16863933,0.095,0.8117857142857141,0.4289796897007727,10.0
1,scratch,full,0,low_score_rescue_10,2,0.93,0.99,0.1239445,0.06,0.8111734693877551,0.41624799743927166,10.0
1,scratch,full,0,low_score_rescue_10,3,0.92,0.99,0.14370401,0.07,0.8113265306122449,0.42093962852543987,10.0
1,scratch,full,0,low_score_rescue_10,4,0.935,0.99,0.11957819,0.055,0.8108163265306122,0.4192996287013572,10.0
1,scratch,full,0,random_matched,0,0.915,0.99,0.14928024,0.075,0.8096428571428572,0.415723160442607,6.175
1,scratch,full,0,random_matched,1,0.92,0.99,0.1302993,0.07,0.8112244897959183,0.42138791456671415,6.175
1,scratch,full,0,random_matched,2,0.905,0.99,0.16973102,0.085,0.8131632653061225,0.4252918385522508,6.175
1,scratch,full,0,random_matched,3,0.925,0.99,0.15154882,0.065,0.8103571428571429,0.4184090960066838,6.175
1,scratch,full,0,random_matched,4,0.915,0.99,0.1337946,0.075,0.8114285714285714,0.4231184590282514,6.175
1,scratch,full,10,student,0,0.89,0.99,0.23268044,0.1,0.8166836734693877,0.4782971023074798,0.0
1,scratch,full,10,student,1,0.89,0.99,0.23268044,0.1,0.8166836734693877,0.4782971023074798,0.0
1,scratch,full,10,student,2,0.89,0.99,0.23268044,0.1,0.8166836734693877,0.4782971023074798,0.0
1,scratch,full,10,student,3,0.89,0.99,0.23268044,0.1,0.8166836734693877,0.4782971023074798,0.0
1,scratch,full,10,student,4,0.89,0.99,0.23268044,0.1,0.8166836734693877,0.4782971023074798,0.0
1,scratch,full,10,random,0,0.965,0.99,0.056922186,0.025,0.8246938775510205,0.48994748795493875,0.0
1,scratch,full,10,random,1,0.96,0.99,0.05728908,0.03,0.8235204081632653,0.4946262972715817,0.0
1,scratch,full,10,random,2,0.95,0.99,0.085698776,0.04,0.8219387755102041,0.47777470733476307,0.0
1,scratch,full,10,random,3,0.955,0.99,0.08480307,0.035,0.822857142857143,0.4756299304983063,0.0
1,scratch,full,10,random,4,0.94,0.99,0.13114145,0.05,0.8268877551020407,0.5175266882325791,0.0
1,scratch,full,10,random_rescue_10,0,0.935,0.99,0.15332836,0.055,0.8187244897959184,0.49076289435663806,10.0
1,scratch,full,10,random_rescue_10,1,0.915,0.99,0.20909534,0.075,0.8189285714285713,0.48418149339097516,10.0
1,scratch,full,10,random_rescue_10,2,0.915,0.99,0.17226453,0.075,0.8184183673469388,0.4851812802425322,10.0
1,scratch,full,10,random_rescue_10,3,0.93,0.99,0.14652306,0.06,0.8192857142857143,0.484835890454186,10.0
1,scratch,full,10,random_rescue_10,4,0.905,0.99,0.20948353,0.085,0.8170408163265306,0.47856071847981496,10.0
1,scratch,full,10,foreground_rescue_10,0,0.95,0.99,0.086754665,0.04,0.7486734693877551,0.1688337939052973,6.665
1,scratch,full,10,foreground_rescue_10,1,0.94,0.99,0.10065218,0.05,0.7486734693877551,0.1688337939052973,6.665
1,scratch,full,10,foreground_rescue_10,2,0.945,0.99,0.08824232,0.045,0.7486734693877551,0.1688337939052973,6.665
1,scratch,full,10,foreground_rescue_10,3,0.94,0.99,0.09870379,0.05,0.7486734693877551,0.1688337939052973,6.665
1,scratch,full,10,foreground_rescue_10,4,0.945,0.99,0.08434238,0.045,0.7486734693877551,0.1688337939052973,6.665
1,scratch,full,10,low_score_rescue_10,0,0.925,0.99,0.13090687,0.065,0.8157142857142855,0.47504049613112287,10.0
1,scratch,full,10,low_score_rescue_10,1,0.915,0.99,0.17304707,0.075,0.8170918367346939,0.48448621066765163,10.0
1,scratch,full,10,low_score_rescue_10,2,0.905,0.99,0.15253562,0.085,0.8171938775510205,0.481448621984856,10.0
1,scratch,full,10,low_score_rescue_10,3,0.945,0.99,0.12655002,0.045,0.8168367346938774,0.4728574775108817,10.0
1,scratch,full,10,low_score_rescue_10,4,0.915,0.99,0.18802276,0.075,0.8155612244897958,0.4785437096414425,10.0
1,scratch,full,10,random_matched,0,0.905,0.99,0.17173271,0.085,0.8156632653061225,0.4702899669334672,6.665
1,scratch,full,10,random_matched,1,0.925,0.99,0.16910961,0.065,0.8172959183673469,0.4779462016332476,6.665
1,scratch,full,10,random_matched,2,0.925,0.99,0.16076812,0.065,0.815969387755102,0.4698719613202313,6.665
1,scratch,full,10,random_matched,3,0.92,0.99,0.17944631,0.07,0.8161734693877551,0.47466301632256197,6.665
1,scratch,full,10,random_matched,4,0.9,0.99,0.1872102,0.09,0.8166326530612245,0.4737446475172026,6.665
1,scratch,full,25,student,0,0.92,0.99,0.15690379,0.07,0.8115306122448979,0.45492816694360944,0.0
1,scratch,full,25,student,1,0.92,0.99,0.15690379,0.07,0.8115306122448979,0.45492816694360944,0.0
1,scratch,full,25,student,2,0.92,0.99,0.15690379,0.07,0.8115306122448979,0.45492816694360944,0.0
1,scratch,full,25,student,3,0.92,0.99,0.15690379,0.07,0.8115306122448979,0.45492816694360944,0.0
1,scratch,full,25,student,4,0.92,0.99,0.15690379,0.07,0.8115306122448979,0.45492816694360944,0.0
1,scratch,full,25,random,0,0.965,0.99,0.056922186,0.025,0.8246938775510205,0.48994748795493875,0.0
1,scratch,full,25,random,1,0.96,0.99,0.05728908,0.03,0.8235204081632653,0.4946262972715817,0.0
1,scratch,full,25,random,2,0.95,0.99,0.085698776,0.04,0.8219387755102041,0.47777470733476307,0.0
1,scratch,full,25,random,3,0.955,0.99,0.08480307,0.035,0.822857142857143,0.4756299304983063,0.0
1,scratch,full,25,random,4,0.94,0.99,0.13114145,0.05,0.8268877551020407,0.5175266882325791,0.0
1,scratch,full,25,random_rescue_10,0,0.93,0.99,0.16761787,0.06,0.8138775510204082,0.4664863055607102,10.0
1,scratch,full,25,random_rescue_10,1,0.925,0.99,0.16683918,0.065,0.815204081632653,0.46402418784799454,10.0
1,scratch,full,25,random_rescue_10,2,0.93,0.99,0.14421682,0.06,0.8140306122448979,0.4594921182467015,10.0
1,scratch,full,25,random_rescue_10,3,0.945,0.99,0.11034717,0.045,0.812908163265306,0.4548427648892982,10.0
1,scratch,full,25,random_rescue_10,4,0.935,0.99,0.14360537,0.055,0.8144897959183673,0.4554487945358782,10.0
1,scratch,full,25,foreground_rescue_10,0,0.97,0.99,0.037901238,0.02,0.7428061224489795,0.15507589869941882,6.735
1,scratch,full,25,foreground_rescue_10,1,0.965,0.99,0.045875043,0.025,0.7428061224489795,0.15507589869941882,6.735
1,scratch,full,25,foreground_rescue_10,2,0.955,0.99,0.06376148,0.035,0.7428061224489795,0.15507589869941882,6.735
1,scratch,full,25,foreground_rescue_10,3,0.965,0.99,0.039178718,0.025,0.7428061224489795,0.15507589869941882,6.735
1,scratch,full,25,foreground_rescue_10,4,0.97,0.99,0.035557866,0.02,0.7428061224489795,0.15507589869941882,6.735
1,scratch,full,25,low_score_rescue_10,0,0.925,0.99,0.14517665,0.065,0.8109693877551021,0.4524503422953456,10.0
1,scratch,full,25,low_score_rescue_10,1,0.925,0.99,0.17506027,0.065,0.810561224489796,0.44822157572694027,10.0
1,scratch,full,25,low_score_rescue_10,2,0.945,0.99,0.14820537,0.045,0.8112755102040816,0.45661200158384435,10.0
1,scratch,full,25,low_score_rescue_10,3,0.93,0.99,0.1277122,0.06,0.8114285714285714,0.45828666154489206,10.0
1,scratch,full,25,low_score_rescue_10,4,0.93,0.99,0.12912586,0.06,0.8113775510204081,0.46360427698872836,10.0
1,scratch,full,25,random_matched,0,0.94,0.99,0.11358194,0.05,0.8112755102040816,0.4503537500585266,6.735
1,scratch,full,25,random_matched,1,0.935,0.99,0.12005199,0.055,0.8110204081632654,0.4537473870384854,6.735
1,scratch,full,25,random_matched,2,0.925,0.99,0.14638118,0.065,0.8129591836734694,0.4471268211459087,6.735
1,scratch,full,25,random_matched,3,0.93,0.99,0.15222636,0.06,0.8142857142857142,0.4597188456286176,6.735
1,scratch,full,25,random_matched,4,0.94,0.99,0.13966532,0.05,0.8127551020408162,0.4550054417594934,6.735
1,scratch,full,50,student,0,0.94,0.99,0.13421993,0.05,0.7932653061224489,0.3882128722340228,0.0
1,scratch,full,50,student,1,0.94,0.99,0.13421993,0.05,0.7932653061224489,0.3882128722340228,0.0
1,scratch,full,50,student,2,0.94,0.99,0.13421993,0.05,0.7932653061224489,0.3882128722340228,0.0
1,scratch,full,50,student,3,0.94,0.99,0.13421993,0.05,0.7932653061224489,0.3882128722340228,0.0
1,scratch,full,50,student,4,0.94,0.99,0.13421993,0.05,0.7932653061224489,0.3882128722340228,0.0
1,scratch,full,50,random,0,0.965,0.99,0.056922186,0.025,0.8246938775510205,0.48994748795493875,0.0
1,scratch,full,50,random,1,0.96,0.99,0.05728908,0.03,0.8235204081632653,0.4946262972715817,0.0
1,scratch,full,50,random,2,0.95,0.99,0.085698776,0.04,0.8219387755102041,0.47777470733476307,0.0
1,scratch,full,50,random,3,0.955,0.99,0.08480307,0.035,0.822857142857143,0.4756299304983063,0.0
1,scratch,full,50,random,4,0.94,0.99,0.13114145,0.05,0.8268877551020407,0.5175266882325791,0.0
1,scratch,full,50,random_rescue_10,0,0.94,0.99,0.14015163,0.05,0.7991836734693878,0.40908321373516443,10.0
1,scratch,full,50,random_rescue_10,1,0.93,0.99,0.1286444,0.06,0.799795918367347,0.4084394212211388,10.0
1,scratch,full,50,random_rescue_10,2,0.93,0.99,0.13354719,0.06,0.8011224489795918,0.4121932318318762,10.0
1,scratch,full,50,random_rescue_10,3,0.95,0.99,0.07736031,0.04,0.7983163265306122,0.40932986925622916,10.0
1,scratch,full,50,random_rescue_10,4,0.945,0.99,0.11127236,0.045,0.7988775510204081,0.41195054349014854,10.0
1,scratch,full,50,foreground_rescue_10,0,0.95,0.99,0.09552282,0.04,0.7288265306122449,0.11781269203229101,6.315
1,scratch,full,50,foreground_rescue_10,1,0.945,0.99,0.095829695,0.045,0.7288265306122449,0.11781269203229101,6.315
1,scratch,full,50,foreground_rescue_10,2,0.945,0.99,0.102101676,0.045,0.7288265306122449,0.11781269203229101,6.315
1,scratch,full,50,foreground_rescue_10,3,0.95,0.99,0.08799961,0.04,0.7288265306122449,0.11781269203229101,6.315
1,scratch,full,50,foreground_rescue_10,4,0.95,0.99,0.09797801,0.04,0.7288265306122449,0.11781269203229101,6.315
1,scratch,full,50,low_score_rescue_10,0,0.93,0.99,0.13804697,0.06,0.7920918367346939,0.3746486582588021,10.0
1,scratch,full,50,low_score_rescue_10,1,0.945,0.99,0.10727975,0.045,0.7933163265306123,0.37769569296487415,10.0
1,scratch,full,50,low_score_rescue_10,2,0.94,0.99,0.133211,0.05,0.7925,0.37449131115161577,10.0
1,scratch,full,50,low_score_rescue_10,3,0.935,0.99,0.13484715,0.055,0.7934693877551021,0.37837017332703876,10.0
1,scratch,full,50,low_score_rescue_10,4,0.955,0.99,0.10768522,0.035,0.7932142857142856,0.37988666951227146,10.0
1,scratch,full,50,random_matched,0,0.94,0.99,0.12373085,0.05,0.7957142857142857,0.39201104090843436,6.315
1,scratch,full,50,random_matched,1,0.93,0.99,0.13367195,0.06,0.7958673469387755,0.3951376789355406,6.315
1,scratch,full,50,random_matched,2,0.93,0.99,0.12927137,0.06,0.795,0.3880110231307913,6.315
1,scratch,full,50,random_matched,3,0.925,0.99,0.12540501,0.065,0.7976020408163265,0.3984851056092482,6.315
1,scratch,full,50,random_matched,4,0.945,0.99,0.11164849,0.045,0.7969387755102041,0.3919589427804443,6.315
1,scratch,full,75,student,0,0.91,0.99,0.20828648,0.08,0.8001020408163266,0.41976622137013125,0.0
1,scratch,full,75,student,1,0.91,0.99,0.20828648,0.08,0.8001020408163266,0.41976622137013125,0.0
1,scratch,full,75,student,2,0.91,0.99,0.20828648,0.08,0.8001020408163266,0.41976622137013125,0.0
1,scratch,full,75,student,3,0.91,0.99,0.20828648,0.08,0.8001020408163266,0.41976622137013125,0.0
1,scratch,full,75,student,4,0.91,0.99,0.20828648,0.08,0.8001020408163266,0.41976622137013125,0.0
1,scratch,full,75,random,0,0.965,0.99,0.056922186,0.025,0.8246938775510205,0.48994748795493875,0.0
1,scratch,full,75,random,1,0.96,0.99,0.05728908,0.03,0.8235204081632653,0.4946262972715817,0.0
1,scratch,full,75,random,2,0.95,0.99,0.085698776,0.04,0.8219387755102041,0.47777470733476307,0.0
1,scratch,full,75,random,3,0.955,0.99,0.08480307,0.035,0.822857142857143,0.4756299304983063,0.0
1,scratch,full,75,random,4,0.94,0.99,0.13114145,0.05,0.8268877551020407,0.5175266882325791,0.0
1,scratch,full,75,random_rescue_10,0,0.94,0.99,0.13401763,0.05,0.8048469387755103,0.44982903172810446,10.0
1,scratch,full,75,random_rescue_10,1,0.93,0.99,0.18521644,0.06,0.8041836734693878,0.4296941495040637,10.0
1,scratch,full,75,random_rescue_10,2,0.92,0.99,0.20318112,0.07,0.8064795918367347,0.43141756187255953,10.0
1,scratch,full,75,random_rescue_10,3,0.935,0.99,0.12897222,0.055,0.8046428571428571,0.4303201574417995,10.0
1,scratch,full,75,random_rescue_10,4,0.915,0.99,0.18325552,0.075,0.8042346938775509,0.4352275311690782,10.0
1,scratch,full,75,foreground_rescue_10,0,0.94,0.99,0.10548097,0.05,0.7326530612244898,0.13065203495396063,6.61
1,scratch,full,75,foreground_rescue_10,1,0.945,0.99,0.086224385,0.045,0.7326530612244898,0.13065203495396063,6.61
1,scratch,full,75,foreground_rescue_10,2,0.945,0.99,0.10229685,0.045,0.7326530612244898,0.13065203495396063,6.61
1,scratch,full,75,foreground_rescue_10,3,0.94,0.99,0.10028165,0.05,0.7326530612244898,0.13065203495396063,6.61
1,scratch,full,75,foreground_rescue_10,4,0.94,0.99,0.10734262,0.05,0.7326530612244898,0.13065203495396063,6.61
1,scratch,full,75,low_score_rescue_10,0,0.945,0.99,0.1722203,0.045,0.7992346938775509,0.4057886414043862,10.0
1,scratch,full,75,low_score_rescue_10,1,0.915,0.99,0.18415873,0.075,0.8007142857142856,0.4071140685743368,10.0
1,scratch,full,75,low_score_rescue_10,2,0.93,0.99,0.18170716,0.06,0.8004591836734692,0.4161294106539707,10.0
1,scratch,full,75,low_score_rescue_10,3,0.925,0.99,0.17981488,0.065,0.799438775510204,0.4072089019019251,10.0
1,scratch,full,75,low_score_rescue_10,4,0.925,0.99,0.15730411,0.065,0.8007142857142858,0.4090206733887004,10.0
1,scratch,full,75,random_matched,0,0.91,0.99,0.21638137,0.08,0.8038265306122448,0.4269757440849851,6.61
1,scratch,full,75,random_matched,1,0.92,0.99,0.16576359,0.07,0.8026530612244898,0.4243646934674853,6.61
1,scratch,full,75,random_matched,2,0.92,0.99,0.19200832,0.07,0.8029591836734694,0.41859424293145364,6.61
1,scratch,full,75,random_matched,3,0.925,0.99,0.15814401,0.065,0.8033673469387754,0.42658118223589286,6.61
1,scratch,full,75,random_matched,4,0.91,0.99,0.21001838,0.08,0.8033673469387757,0.426445519644827,6.61
1,scratch,full,100,student,0,0.915,0.99,0.20018272,0.075,0.7970918367346939,0.40359330784460273,0.0
1,scratch,full,100,student,1,0.915,0.99,0.20018272,0.075,0.7970918367346939,0.40359330784460273,0.0
1,scratch,full,100,student,2,0.915,0.99,0.20018272,0.075,0.7970918367346939,0.40359330784460273,0.0
1,scratch,full,100,student,3,0.915,0.99,0.20018272,0.075,0.7970918367346939,0.40359330784460273,0.0
1,scratch,full,100,student,4,0.915,0.99,0.20018272,0.075,0.7970918367346939,0.40359330784460273,0.0
1,scratch,full,100,random,0,0.965,0.99,0.056922186,0.025,0.8246938775510205,0.48994748795493875,0.0
1,scratch,full,100,random,1,0.96,0.99,0.05728908,0.03,0.8235204081632653,0.4946262972715817,0.0
1,scratch,full,100,random,2,0.95,0.99,0.085698776,0.04,0.8219387755102041,0.47777470733476307,0.0
1,scratch,full,100,random,3,0.955,0.99,0.08480307,0.035,0.822857142857143,0.4756299304983063,0.0
1,scratch,full,100,random,4,0.94,0.99,0.13114145,0.05,0.8268877551020407,0.5175266882325791,0.0
1,scratch,full,100,random_rescue_10,0,0.92,0.99,0.17293388,0.07,0.8032142857142857,0.4254092408750166,10.0
1,scratch,full,100,random_rescue_10,1,0.93,0.99,0.16764176,0.06,0.8025510204081633,0.42305712013628305,10.0
1,scratch,full,100,random_rescue_10,2,0.925,0.99,0.15560211,0.065,0.8035204081632653,0.4286539135163374,10.0
1,scratch,full,100,random_rescue_10,3,0.94,0.99,0.1274904,0.05,0.8025510204081633,0.42968132313185825,10.0
1,scratch,full,100,random_rescue_10,4,0.94,0.99,0.14087145,0.05,0.802295918367347,0.41713322019088056,10.0
1,scratch,full,100,foreground_rescue_10,0,0.95,0.99,0.107500784,0.04,0.730765306122449,0.12482959746447803,6.5
1,scratch,full,100,foreground_rescue_10,1,0.955,0.99,0.0904885,0.035,0.730765306122449,0.12482959746447803,6.5
1,scratch,full,100,foreground_rescue_10,2,0.935,0.99,0.115946695,0.055,0.730765306122449,0.12482959746447803,6.5
1,scratch,full,100,foreground_rescue_10,3,0.955,0.99,0.09196536,0.035,0.730765306122449,0.12482959746447803,6.5
1,scratch,full,100,foreground_rescue_10,4,0.955,0.99,0.091803476,0.035,0.730765306122449,0.12482959746447803,6.5
1,scratch,full,100,low_score_rescue_10,0,0.925,0.99,0.16122098,0.065,0.7960714285714287,0.3957221324709312,10.0
1,scratch,full,100,low_score_rescue_10,1,0.935,0.99,0.1432424,0.055,0.7966326530612244,0.39935789013765477,10.0
1,scratch,full,100,low_score_rescue_10,2,0.94,0.99,0.15727535,0.05,0.7964795918367347,0.3946421274792472,10.0
1,scratch,full,100,low_score_rescue_10,3,0.94,0.99,0.13835497,0.05,0.7965816326530611,0.403339207155689,10.0
1,scratch,full,100,low_score_rescue_10,4,0.93,0.99,0.1913213,0.06,0.7969387755102042,0.39785808085865054,10.0
1,scratch,full,100,random_matched,0,0.92,0.99,0.1976332,0.07,0.8004081632653062,0.40889557847590957,6.5
1,scratch,full,100,random_matched,1,0.93,0.99,0.17835741,0.06,0.7996938775510205,0.4096935750423618,6.5
1,scratch,full,100,random_matched,2,0.925,0.99,0.17163147,0.065,0.8005612244897958,0.4081318993049099,6.5
1,scratch,full,100,random_matched,3,0.93,0.99,0.15924002,0.06,0.8002551020408163,0.41027239451568787,6.5
1,scratch,full,100,random_matched,4,0.94,0.99,0.1359949,0.05,0.7990306122448979,0.4096906023712107,6.5
1,scratch,low_score_rescue_10,0,student,0,0.92,0.99,0.14443268,0.07,0.8110714285714287,0.4192008084694095,0.0
1,scratch,low_score_rescue_10,0,student,1,0.92,0.99,0.14443268,0.07,0.8110714285714287,0.4192008084694095,0.0
1,scratch,low_score_rescue_10,0,student,2,0.92,0.99,0.14443268,0.07,0.8110714285714287,0.4192008084694095,0.0
1,scratch,low_score_rescue_10,0,student,3,0.92,0.99,0.14443268,0.07,0.8110714285714287,0.4192008084694095,0.0
1,scratch,low_score_rescue_10,0,student,4,0.92,0.99,0.14443268,0.07,0.8110714285714287,0.4192008084694095,0.0
1,scratch,low_score_rescue_10,0,random,0,0.965,0.99,0.056922186,0.025,0.8246938775510205,0.48994748795493875,0.0
1,scratch,low_score_rescue_10,0,random,1,0.96,0.99,0.05728908,0.03,0.8235204081632653,0.4946262972715817,0.0
1,scratch,low_score_rescue_10,0,random,2,0.95,0.99,0.085698776,0.04,0.8219387755102041,0.47777470733476307,0.0
1,scratch,low_score_rescue_10,0,random,3,0.955,0.99,0.08480307,0.035,0.822857142857143,0.4756299304983063,0.0
1,scratch,low_score_rescue_10,0,random,4,0.94,0.99,0.13114145,0.05,0.8268877551020407,0.5175266882325791,0.0
1,scratch,low_score_rescue_10,0,random_rescue_10,0,0.93,0.99,0.14620258,0.06,0.8135204081632653,0.42994755365076703,10.0
1,scratch,low_score_rescue_10,0,random_rescue_10,1,0.915,0.99,0.17827004,0.075,0.8141836734693877,0.44342416594098283,10.0
1,scratch,low_score_rescue_10,0,random_rescue_10,2,0.93,0.99,0.14151981,0.06,0.8147448979591836,0.43368033371400466,10.0
1,scratch,low_score_rescue_10,0,random_rescue_10,3,0.92,0.99,0.16302785,0.07,0.814795918367347,0.44599142011976545,10.0
1,scratch,low_score_rescue_10,0,random_rescue_10,4,0.935,0.99,0.13137244,0.055,0.814030612244898,0.4363734151936281,10.0
1,scratch,low_score_rescue_10,0,foreground_rescue_10,0,0.945,0.99,0.107118405,0.045,0.7480612244897958,0.15916616481303753,6.175
1,scratch,low_score_rescue_10,0,foreground_rescue_10,1,0.945,0.99,0.104116365,0.045,0.7480612244897958,0.15916616481303753,6.175
1,scratch,low_score_rescue_10,0,foreground_rescue_10,2,0.945,0.99,0.09575391,0.045,0.7480612244897958,0.15916616481303753,6.175
1,scratch,low_score_rescue_10,0,foreground_rescue_10,3,0.94,0.99,0.105297215,0.05,0.7480612244897958,0.15916616481303753,6.175
1,scratch,low_score_rescue_10,0,foreground_rescue_10,4,0.945,0.99,0.09848788,0.045,0.7480612244897958,0.15916616481303753,6.175
1,scratch,low_score_rescue_10,0,low_score_rescue_10,0,0.94,0.99,0.09771113,0.05,0.8106122448979591,0.42240870464704317,10.0
1,scratch,low_score_rescue_10,0,low_score_rescue_10,1,0.895,0.99,0.16863933,0.095,0.8117857142857141,0.4289796897007727,10.0
1,scratch,low_score_rescue_10,0,low_score_rescue_10,2,0.93,0.99,0.1239445,0.06,0.8111734693877551,0.41624799743927166,10.0
1,scratch,low_score_rescue_10,0,low_score_rescue_10,3,0.92,0.99,0.14370401,0.07,0.8113265306122449,0.42093962852543987,10.0
1,scratch,low_score_rescue_10,0,low_score_rescue_10,4,0.935,0.99,0.11957819,0.055,0.8108163265306122,0.4192996287013572,10.0
1,scratch,low_score_rescue_10,0,random_matched,0,0.915,0.99,0.14928024,0.075,0.8096428571428572,0.415723160442607,6.175
1,scratch,low_score_rescue_10,0,random_matched,1,0.92,0.99,0.1302993,0.07,0.8112244897959183,0.42138791456671415,6.175
1,scratch,low_score_rescue_10,0,random_matched,2,0.905,0.99,0.16973102,0.085,0.8131632653061225,0.4252918385522508,6.175
1,scratch,low_score_rescue_10,0,random_matched,3,0.925,0.99,0.15154882,0.065,0.8103571428571429,0.4184090960066838,6.175
1,scratch,low_score_rescue_10,0,random_matched,4,0.915,0.99,0.1337946,0.075,0.8114285714285714,0.4231184590282514,6.175
1,scratch,low_score_rescue_10,10,student,0,0.955,0.99,0.121993996,0.035,0.8021938775510205,0.4326268746856336,0.0
1,scratch,low_score_rescue_10,10,student,1,0.955,0.99,0.121993996,0.035,0.8021938775510205,0.4326268746856336,0.0
1,scratch,low_score_rescue_10,10,student,2,0.955,0.99,0.121993996,0.035,0.8021938775510205,0.4326268746856336,0.0
1,scratch,low_score_rescue_10,10,student,3,0.955,0.99,0.121993996,0.035,0.8021938775510205,0.4326268746856336,0.0
1,scratch,low_score_rescue_10,10,student,4,0.955,0.99,0.121993996,0.035,0.8021938775510205,0.4326268746856336,0.0
1,scratch,low_score_rescue_10,10,random,0,0.965,0.99,0.056922186,0.025,0.8246938775510205,0.48994748795493875,0.0
1,scratch,low_score_rescue_10,10,random,1,0.96,0.99,0.05728908,0.03,0.8235204081632653,0.4946262972715817,0.0
1,scratch,low_score_rescue_10,10,random,2,0.95,0.99,0.085698776,0.04,0.8219387755102041,0.47777470733476307,0.0
1,scratch,low_score_rescue_10,10,random,3,0.955,0.99,0.08480307,0.035,0.822857142857143,0.4756299304983063,0.0
1,scratch,low_score_rescue_10,10,random,4,0.94,0.99,0.13114145,0.05,0.8268877551020407,0.5175266882325791,0.0
1,scratch,low_score_rescue_10,10,random_rescue_10,0,0.945,0.99,0.12528619,0.045,0.8065816326530612,0.44004111683214847,10.0
1,scratch,low_score_rescue_10,10,random_rescue_10,1,0.935,0.99,0.10602773,0.055,0.8064285714285714,0.462993942397442,10.0
1,scratch,low_score_rescue_10,10,random_rescue_10,2,0.955,0.99,0.079242766,0.035,0.8074489795918367,0.44199223486632927,10.0
1,scratch,low_score_rescue_10,10,random_rescue_10,3,0.94,0.99,0.12193122,0.05,0.8057653061224489,0.4436830483582691,10.0
1,scratch,low_score_rescue_10,10,random_rescue_10,4,0.96,0.99,0.08194933,0.03,0.8069897959183675,0.4464195583056223,10.0
1,scratch,low_score_rescue_10,10,foreground_rescue_10,0,0.97,0.99,0.06074403,0.02,0.7351020408163265,0.1343255382476653,6.575
1,scratch,low_score_rescue_10,10,foreground_rescue_10,1,0.965,0.99,0.073044226,0.025,0.7351020408163265,0.1343255382476653,6.575
1,scratch,low_score_rescue_10,10,foreground_rescue_10,2,0.965,0.99,0.063170254,0.025,0.7351020408163265,0.1343255382476653,6.575
1,scratch,low_score_rescue_10,10,foreground_rescue_10,3,0.965,0.99,0.06637743,0.025,0.7351020408163265,0.1343255382476653,6.575
1,scratch,low_score_rescue_10,10,foreground_rescue_10,4,0.97,0.99,0.047971655,0.02,0.7351020408163265,0.1343255382476653,6.575
1,scratch,low_score_rescue_10,10,low_score_rescue_10,0,0.96,0.99,0.08188121,0.03,0.8019897959183675,0.43298897038733686,10.0
1,scratch,low_score_rescue_10,10,low_score_rescue_10,1,0.965,0.99,0.067088306,0.03,0.8015306122448981,0.43338552717556733,10.0
1,scratch,low_score_rescue_10,10,low_score_rescue_10,2,0.965,0.99,0.07693148,0.025,0.8023469387755102,0.43579485218137765,10.0
1,scratch,low_score_rescue_10,10,low_score_rescue_10,3,0.945,0.99,0.09027112,0.045,0.8019897959183673,0.43100374739685793,10.0
1,scratch,low_score_rescue_10,10,low_score_rescue_10,4,0.965,0.99,0.09318705,0.025,0.8006122448979593,0.4212375875801492,10.0
1,scratch,low_score_rescue_10,10,random_matched,0,0.955,0.99,0.09307327,0.035,0.8045408163265306,0.43361016493351723,6.575
1,scratch,low_score_rescue_10,10,random_matched,1,0.945,0.99,0.097840674,0.045,0.8053061224489795,0.4357761384752664,6.575
1,scratch,low_score_rescue_10,10,random_matched,2,0.955,0.99,0.099500045,0.035,0.8045918367346939,0.4329783028864984,6.575
1,scratch,low_score_rescue_10,10,random_matched,3,0.94,0.99,0.12941293,0.05,0.8042346938775509,0.435333053985909,6.575
1,scratch,low_score_rescue_10,10,random_matched,4,0.96,0.99,0.096807964,0.03,0.8035714285714286,0.4337364502881868,6.575
1,scratch,low_score_rescue_10,25,student,0,0.93,0.99,0.17454316,0.06,0.7758163265306124,0.33598556303548505,0.0
1,scratch,low_score_rescue_10,25,student,1,0.93,0.99,0.17454316,0.06,0.7758163265306124,0.33598556303548505,0.0
1,scratch,low_score_rescue_10,25,student,2,0.93,0.99,0.17454316,0.06,0.7758163265306124,0.33598556303548505,0.0
1,scratch,low_score_rescue_10,25,student,3,0.93,0.99,0.17454316,0.06,0.7758163265306124,0.33598556303548505,0.0
1,scratch,low_score_rescue_10,25,student,4,0.93,0.99,0.17454316,0.06,0.7758163265306124,0.33598556303548505,0.0
1,scratch,low_score_rescue_10,25,random,0,0.965,0.99,0.056922186,0.025,0.8246938775510205,0.48994748795493875,0.0
1,scratch,low_score_rescue_10,25,random,1,0.96,0.99,0.05728908,0.03,0.8235204081632653,0.4946262972715817,0.0
1,scratch,low_score_rescue_10,25,random,2,0.95,0.99,0.085698776,0.04,0.8219387755102041,0.47777470733476307,0.0
1,scratch,low_score_rescue_10,25,random,3,0.955,0.99,0.08480307,0.035,0.822857142857143,0.4756299304983063,0.0
1,scratch,low_score_rescue_10,25,random,4,0.94,0.99,0.13114145,0.05,0.8268877551020407,0.5175266882325791,0.0
1,scratch,low_score_rescue_10,25,random_rescue_10,0,0.93,0.99,0.14395814,0.06,0.7850510204081632,0.3712424346899233,10.0
1,scratch,low_score_rescue_10,25,random_rescue_10,1,0.945,0.99,0.10253834,0.045,0.7866836734693878,0.3639394566132722,10.0
1,scratch,low_score_rescue_10,25,random_rescue_10,2,0.95,0.99,0.1372041,0.04,0.7861734693877551,0.36594607122186384,10.0
1,scratch,low_score_rescue_10,25,random_rescue_10,3,0.955,0.99,0.09440041,0.035,0.7863775510204082,0.37432487014975047,10.0
1,scratch,low_score_rescue_10,25,random_rescue_10,4,0.94,0.99,0.11460792,0.05,0.7857142857142857,0.36993176163428926,10.0
1,scratch,low_score_rescue_10,25,foreground_rescue_10,0,0.945,0.99,0.11107582,0.045,0.719591836734694,0.10144017733382901,5.51
1,scratch,low_score_rescue_10,25,foreground_rescue_10,1,0.94,0.99,0.0929496,0.05,0.719591836734694,0.10144017733382901,5.51
1,scratch,low_score_rescue_10,25,foreground_rescue_10,2,0.955,0.99,0.09597912,0.035,0.719591836734694,0.10144017733382901,5.51
1,scratch,low_score_rescue_10,25,foreground_rescue_10,3,0.95,0.99,0.087805614,0.04,0.719591836734694,0.10144017733382901,5.51
1,scratch,low_score_rescue_10,25,foreground_rescue_10,4,0.95,0.99,0.0934958,0.04,0.719591836734694,0.10144017733382901,5.51
1,scratch,low_score_rescue_10,25,low_score_rescue_10,0,0.93,0.99,0.120808385,0.06,0.7782142857142857,0.3398268395009533,10.0
1,scratch,low_score_rescue_10,25,low_score_rescue_10,1,0.94,0.99,0.13977362,0.05,0.7794897959183673,0.3402751617570186,10.0
1,scratch,low_score_rescue_10,25,low_score_rescue_10,2,0.94,0.99,0.12712613,0.05,0.7786224489795919,0.3377631875658237,10.0
1,scratch,low_score_rescue_10,25,low_score_rescue_10,3,0.935,0.99,0.1386702,0.055,0.7776020408163266,0.3371332913171289,10.0
1,scratch,low_score_rescue_10,25,low_score_rescue_10,4,0.935,0.99,0.15831278,0.055,0.7771938775510204,0.3389593667827616,10.0
1,scratch,low_score_rescue_10,25,random_matched,0,0.94,0.99,0.12521248,0.05,0.7807142857142858,0.3448915440502479,5.51
1,scratch,low_score_rescue_10,25,random_matched,1,0.94,0.99,0.14263533,0.055,0.7814795918367347,0.3481159798760454,5.51
1,scratch,low_score_rescue_10,25,random_matched,2,0.935,0.99,0.15078369,0.055,0.7801020408163265,0.34598657781992415,5.51
1,scratch,low_score_rescue_10,25,random_matched,3,0.93,0.99,0.1537534,0.06,0.7815306122448981,0.3465348768650195,5.51
1,scratch,low_score_rescue_10,25,random_matched,4,0.95,0.99,0.10108295,0.04,0.7799489795918367,0.3451915419276393,5.51
1,scratch,low_score_rescue_10,50,student,0,0.93,0.99,0.16545716,0.06,0.7879591836734694,0.37677032896371077,0.0
1,scratch,low_score_rescue_10,50,student,1,0.93,0.99,0.16545716,0.06,0.7879591836734694,0.37677032896371077,0.0
1,scratch,low_score_rescue_10,50,student,2,0.93,0.99,0.16545716,0.06,0.7879591836734694,0.37677032896371077,0.0
1,scratch,low_score_rescue_10,50,student,3,0.93,0.99,0.16545716,0.06,0.7879591836734694,0.37677032896371077,0.0
1,scratch,low_score_rescue_10,50,student,4,0.93,0.99,0.16545716,0.06,0.7879591836734694,0.37677032896371077,0.0
1,scratch,low_score_rescue_10,50,random,0,0.965,0.99,0.056922186,0.025,0.8246938775510205,0.48994748795493875,0.0
1,scratch,low_score_rescue_10,50,random,1,0.96,0.99,0.05728908,0.03,0.8235204081632653,0.4946262972715817,0.0
1,scratch,low_score_rescue_10,50,random,2,0.95,0.99,0.085698776,0.04,0.8219387755102041,0.47777470733476307,0.0
1,scratch,low_score_rescue_10,50,random,3,0.955,0.99,0.08480307,0.035,0.822857142857143,0.4756299304983063,0.0
1,scratch,low_score_rescue_10,50,random,4,0.94,0.99,0.13114145,0.05,0.8268877551020407,0.5175266882325791,0.0
1,scratch,low_score_rescue_10,50,random_rescue_10,0,0.94,0.99,0.13340488,0.05,0.7947448979591837,0.39993615659059184,10.0
1,scratch,low_score_rescue_10,50,random_rescue_10,1,0.94,0.99,0.10934682,0.05,0.794795918367347,0.39392271859624894,10.0
1,scratch,low_score_rescue_10,50,random_rescue_10,2,0.93,0.99,0.13088469,0.06,0.7944897959183673,0.397509052073478,10.0
1,scratch,low_score_rescue_10,50,random_rescue_10,3,0.945,0.99,0.13700014,0.045,0.7962755102040816,0.40344595968115593,10.0
1,scratch,low_score_rescue_10,50,random_rescue_10,4,0.94,0.99,0.124742486,0.05,0.797704081632653,0.4078025292411695,10.0
1,scratch,low_score_rescue_10,50,foreground_rescue_10,0,0.945,0.99,0.11446857,0.045,0.7270408163265306,0.11792293730637017,5.97
1,scratch,low_score_rescue_10,50,foreground_rescue_10,1,0.945,0.99,0.10269033,0.045,0.7270408163265306,0.11792293730637017,5.97
1,scratch,low_score_rescue_10,50,foreground_rescue_10,2,0.94,0.99,0.10800138,0.05,0.7270408163265306,0.11792293730637017,5.97
1,scratch,low_score_rescue_10,50,foreground_rescue_10,3,0.94,0.99,0.13019653,0.05,0.7270408163265306,0.11792293730637017,5.97
1,scratch,low_score_rescue_10,50,foreground_rescue_10,4,0.95,0.99,0.11062424,0.04,0.7270408163265306,0.11792293730637017,5.97
1,scratch,low_score_rescue_10,50,low_score_rescue_10,0,0.955,0.99,0.13817982,0.035,0.788265306122449,0.37622397188732526,10.0
1,scratch,low_score_rescue_10,50,low_score_rescue_10,1,0.94,0.99,0.16633727,0.05,0.7889285714285714,0.383471155290773,10.0
1,scratch,low_score_rescue_10,50,low_score_rescue_10,2,0.955,0.99,0.11106123,0.035,0.7890306122448979,0.37327203842023843,10.0
1,scratch,low_score_rescue_10,50,low_score_rescue_10,3,0.945,0.99,0.13830034,0.045,0.7887755102040817,0.3808433033595101,10.0
1,scratch,low_score_rescue_10,50,low_score_rescue_10,4,0.94,0.99,0.14394909,0.05,0.7876530612244897,0.3730343836379318,10.0
1,scratch,low_score_rescue_10,50,random_matched,0,0.93,0.99,0.1454239,0.06,0.7914285714285714,0.3836457089205984,5.97
1,scratch,low_score_rescue_10,50,random_matched,1,0.94,0.99,0.12266221,0.05,0.7909693877551021,0.3825862114929794,5.97
1,scratch,low_score_rescue_10,50,random_matched,2,0.945,0.99,0.10181673,0.045,0.7907653061224491,0.3800545506754433,5.97
1,scratch,low_score_rescue_10,50,random_matched,3,0.92,0.99,0.15580055,0.07,0.7920408163265306,0.37946466278375346,5.97
1,scratch,low_score_rescue_10,50,random_matched,4,0.93,0.99,0.15800187,0.06,0.7893367346938776,0.375994555378076,5.97
1,scratch,low_score_rescue_10,75,student,0,0.94,0.99,0.13050175,0.05,0.7875510204081633,0.3865642202348765,0.0
1,scratch,low_score_rescue_10,75,student,1,0.94,0.99,0.13050175,0.05,0.7875510204081633,0.3865642202348765,0.0
1,scratch,low_score_rescue_10,75,student,2,0.94,0.99,0.13050175,0.05,0.7875510204081633,0.3865642202348765,0.0
1,scratch,low_score_rescue_10,75,student,3,0.94,0.99,0.13050175,0.05,0.7875510204081633,0.3865642202348765,0.0
1,scratch,low_score_rescue_10,75,student,4,0.94,0.99,0.13050175,0.05,0.7875510204081633,0.3865642202348765,0.0
1,scratch,low_score_rescue_10,75,random,0,0.965,0.99,0.056922186,0.025,0.8246938775510205,0.48994748795493875,0.0
1,scratch,low_score_rescue_10,75,random,1,0.96,0.99,0.05728908,0.03,0.8235204081632653,0.4946262972715817,0.0
1,scratch,low_score_rescue_10,75,random,2,0.95,0.99,0.085698776,0.04,0.8219387755102041,0.47777470733476307,0.0
1,scratch,low_score_rescue_10,75,random,3,0.955,0.99,0.08480307,0.035,0.822857142857143,0.4756299304983063,0.0
1,scratch,low_score_rescue_10,75,random,4,0.94,0.99,0.13114145,0.05,0.8268877551020407,0.5175266882325791,0.0
1,scratch,low_score_rescue_10,75,random_rescue_10,0,0.95,0.99,0.118320696,0.04,0.7949489795918367,0.4209659725200468,10.0
1,scratch,low_score_rescue_10,75,random_rescue_10,1,0.935,0.99,0.15727484,0.055,0.7957142857142858,0.40714269398517494,10.0
1,scratch,low_score_rescue_10,75,random_rescue_10,2,0.95,0.99,0.09576458,0.04,0.7935204081632654,0.4044444400587634,10.0
1,scratch,low_score_rescue_10,75,random_rescue_10,3,0.96,0.99,0.07266999,0.03,0.7946938775510204,0.4109928005031829,10.0
1,scratch,low_score_rescue_10,75,random_rescue_10,4,0.93,0.99,0.13818106,0.06,0.7955102040816326,0.4123229063864655,10.0
1,scratch,low_score_rescue_10,75,foreground_rescue_10,0,0.96,0.99,0.071653515,0.03,0.725765306122449,0.11623723108330271,6.055
1,scratch,low_score_rescue_10,75,foreground_rescue_10,1,0.95,0.99,0.07578842,0.04,0.725765306122449,0.11623723108330271,6.055
1,scratch,low_score_rescue_10,75,foreground_rescue_10,2,0.955,0.99,0.075838596,0.035,0.725765306122449,0.11623723108330271,6.055
1,scratch,low_score_rescue_10,75,foreground_rescue_10,3,0.955,0.99,0.07412098,0.035,0.725765306122449,0.11623723108330271,6.055
1,scratch,low_score_rescue_10,75,foreground_rescue_10,4,0.955,0.99,0.07637589,0.035,0.725765306122449,0.11623723108330271,6.055
1,scratch,low_score_rescue_10,75,low_score_rescue_10,0,0.925,0.99,0.16818066,0.065,0.7891326530612246,0.38663883960577017,10.0
1,scratch,low_score_rescue_10,75,low_score_rescue_10,1,0.935,0.99,0.14402783,0.055,0.7883673469387756,0.38286103799529075,10.0
1,scratch,low_score_rescue_10,75,low_score_rescue_10,2,0.94,0.99,0.108425066,0.05,0.788265306122449,0.3810629772965407,10.0
1,scratch,low_score_rescue_10,75,low_score_rescue_10,3,0.95,0.99,0.1149165,0.04,0.7887244897959184,0.381156474788277,10.0
1,scratch,low_score_rescue_10,75,low_score_rescue_10,4,0.925,0.99,0.16090095,0.065,0.7879591836734694,0.37473181158145674,10.0
1,scratch,low_score_rescue_10,75,random_matched,0,0.945,0.99,0.12169979,0.045,0.791734693877551,0.3933366588247576,6.055
1,scratch,low_score_rescue_10,75,random_matched,1,0.935,0.99,0.1355619,0.055,0.7913265306122449,0.3924576802649931,6.055
1,scratch,low_score_rescue_10,75,random_matched,2,0.935,0.99,0.12332917,0.055,0.791734693877551,0.39123976009616296,6.055
1,scratch,low_score_rescue_10,75,random_matched,3,0.945,0.99,0.10788801,0.045,0.7913265306122449,0.3885428872974206,6.055
1,scratch,low_score_rescue_10,75,random_matched,4,0.94,0.99,0.12194932,0.05,0.7928061224489795,0.3959627295437693,6.055
1,scratch,low_score_rescue_10,100,student,0,0.93,0.99,0.15365703,0.06,0.7856122448979592,0.38176471023994374,0.0
1,scratch,low_score_rescue_10,100,student,1,0.93,0.99,0.15365703,0.06,0.7856122448979592,0.38176471023994374,0.0
1,scratch,low_score_rescue_10,100,student,2,0.93,0.99,0.15365703,0.06,0.7856122448979592,0.38176471023994374,0.0
1,scratch,low_score_rescue_10,100,student,3,0.93,0.99,0.15365703,0.06,0.7856122448979592,0.38176471023994374,0.0
1,scratch,low_score_rescue_10,100,student,4,0.93,0.99,0.15365703,0.06,0.7856122448979592,0.38176471023994374,0.0
1,scratch,low_score_rescue_10,100,random,0,0.965,0.99,0.056922186,0.025,0.8246938775510205,0.48994748795493875,0.0
1,scratch,low_score_rescue_10,100,random,1,0.96,0.99,0.05728908,0.03,0.8235204081632653,0.4946262972715817,0.0
1,scratch,low_score_rescue_10,100,random,2,0.95,0.99,0.085698776,0.04,0.8219387755102041,0.47777470733476307,0.0
1,scratch,low_score_rescue_10,100,random,3,0.955,0.99,0.08480307,0.035,0.822857142857143,0.4756299304983063,0.0
1,scratch,low_score_rescue_10,100,random,4,0.94,0.99,0.13114145,0.05,0.8268877551020407,0.5175266882325791,0.0
1,scratch,low_score_rescue_10,100,random_rescue_10,0,0.945,0.99,0.12923215,0.045,0.794591836734694,0.4133960773459015,10.0
1,scratch,low_score_rescue_10,100,random_rescue_10,1,0.955,0.99,0.11721898,0.035,0.7945918367346938,0.40951303901204583,10.0
1,scratch,low_score_rescue_10,100,random_rescue_10,2,0.945,0.99,0.14183323,0.045,0.7930612244897958,0.3973612565621886,10.0
1,scratch,low_score_rescue_10,100,random_rescue_10,3,0.945,0.99,0.1263638,0.045,0.792704081632653,0.41166122196537996,10.0
1,scratch,low_score_rescue_10,100,random_rescue_10,4,0.92,0.99,0.16286829,0.07,0.7919387755102041,0.40021747139616,10.0
1,scratch,low_score_rescue_10,100,foreground_rescue_10,0,0.96,0.99,0.07279246,0.03,0.7252551020408164,0.1157568831463001,5.915
1,scratch,low_score_rescue_10,100,foreground_rescue_10,1,0.955,0.99,0.06766686,0.035,0.7252551020408164,0.1157568831463001,5.915
1,scratch,low_score_rescue_10,100,foreground_rescue_10,2,0.96,0.99,0.076786265,0.03,0.7252551020408164,0.1157568831463001,5.915
1,scratch,low_score_rescue_10,100,foreground_rescue_10,3,0.95,0.99,0.090417325,0.04,0.7252551020408164,0.1157568831463001,5.915
1,scratch,low_score_rescue_10,100,foreground_rescue_10,4,0.96,0.99,0.07619018,0.03,0.7252551020408164,0.1157568831463001,5.915
1,scratch,low_score_rescue_10,100,low_score_rescue_10,0,0.94,0.99,0.10521368,0.05,0.7872959183673468,0.38519846812126146,10.0
1,scratch,low_score_rescue_10,100,low_score_rescue_10,1,0.935,0.99,0.13591154,0.055,0.7882653061224489,0.3916265485105663,10.0
1,scratch,low_score_rescue_10,100,low_score_rescue_10,2,0.94,0.99,0.13402781,0.05,0.7882142857142856,0.3780078289788722,10.0
1,scratch,low_score_rescue_10,100,low_score_rescue_10,3,0.955,0.99,0.12195435,0.035,0.7875510204081633,0.38305201571882747,10.0
1,scratch,low_score_rescue_10,100,low_score_rescue_10,4,0.915,0.99,0.15673964,0.075,0.7875510204081633,0.3806113100981637,10.0
1,scratch,low_score_rescue_10,100,random_matched,0,0.94,0.99,0.13548183,0.05,0.7885714285714286,0.3852699475680416,5.915
1,scratch,low_score_rescue_10,100,random_matched,1,0.945,0.99,0.13034421,0.045,0.7888775510204081,0.3829547492167434,5.915
1,scratch,low_score_rescue_10,100,random_matched,2,0.94,0.99,0.13738298,0.05,0.7884183673469387,0.3852820400023474,5.915
1,scratch,low_score_rescue_10,100,random_matched,3,0.935,0.99,0.11706553,0.055,0.7907653061224491,0.38663544378714115,5.915
1,scratch,low_score_rescue_10,100,random_matched,4,0.945,0.99,0.11619867,0.045,0.7910204081632654,0.3930319609103966,5.915
1,scratch,random,0,student,0,0.92,0.99,0.14443268,0.07,0.8110714285714287,0.4192008084694095,0.0
1,scratch,random,0,student,1,0.92,0.99,0.14443268,0.07,0.8110714285714287,0.4192008084694095,0.0
1,scratch,random,0,student,2,0.92,0.99,0.14443268,0.07,0.8110714285714287,0.4192008084694095,0.0
1,scratch,random,0,student,3,0.92,0.99,0.14443268,0.07,0.8110714285714287,0.4192008084694095,0.0
1,scratch,random,0,student,4,0.92,0.99,0.14443268,0.07,0.8110714285714287,0.4192008084694095,0.0
1,scratch,random,0,random,0,0.965,0.99,0.056922186,0.025,0.8246938775510205,0.48994748795493875,0.0
1,scratch,random,0,random,1,0.96,0.99,0.05728908,0.03,0.8235204081632653,0.4946262972715817,0.0
1,scratch,random,0,random,2,0.95,0.99,0.085698776,0.04,0.8219387755102041,0.47777470733476307,0.0
1,scratch,random,0,random,3,0.955,0.99,0.08480307,0.035,0.822857142857143,0.4756299304983063,0.0
1,scratch,random,0,random,4,0.94,0.99,0.13114145,0.05,0.8268877551020407,0.5175266882325791,0.0
1,scratch,random,0,random_rescue_10,0,0.93,0.99,0.14620258,0.06,0.8135204081632653,0.42994755365076703,10.0
1,scratch,random,0,random_rescue_10,1,0.915,0.99,0.17827004,0.075,0.8141836734693877,0.44342416594098283,10.0
1,scratch,random,0,random_rescue_10,2,0.93,0.99,0.14151981,0.06,0.8147448979591836,0.43368033371400466,10.0
1,scratch,random,0,random_rescue_10,3,0.92,0.99,0.16302785,0.07,0.814795918367347,0.44599142011976545,10.0
1,scratch,random,0,random_rescue_10,4,0.935,0.99,0.13137244,0.055,0.814030612244898,0.4363734151936281,10.0
1,scratch,random,0,foreground_rescue_10,0,0.945,0.99,0.107118405,0.045,0.7480612244897958,0.15916616481303753,6.175
1,scratch,random,0,foreground_rescue_10,1,0.945,0.99,0.104116365,0.045,0.7480612244897958,0.15916616481303753,6.175
1,scratch,random,0,foreground_rescue_10,2,0.945,0.99,0.09575391,0.045,0.7480612244897958,0.15916616481303753,6.175
1,scratch,random,0,foreground_rescue_10,3,0.94,0.99,0.105297215,0.05,0.7480612244897958,0.15916616481303753,6.175
1,scratch,random,0,foreground_rescue_10,4,0.945,0.99,0.09848788,0.045,0.7480612244897958,0.15916616481303753,6.175
1,scratch,random,0,low_score_rescue_10,0,0.94,0.99,0.09771113,0.05,0.8106122448979591,0.42240870464704317,10.0
1,scratch,random,0,low_score_rescue_10,1,0.895,0.99,0.16863933,0.095,0.8117857142857141,0.4289796897007727,10.0
1,scratch,random,0,low_score_rescue_10,2,0.93,0.99,0.1239445,0.06,0.8111734693877551,0.41624799743927166,10.0
1,scratch,random,0,low_score_rescue_10,3,0.92,0.99,0.14370401,0.07,0.8113265306122449,0.42093962852543987,10.0
1,scratch,random,0,low_score_rescue_10,4,0.935,0.99,0.11957819,0.055,0.8108163265306122,0.4192996287013572,10.0
1,scratch,random,0,random_matched,0,0.915,0.99,0.14928024,0.075,0.8096428571428572,0.415723160442607,6.175
1,scratch,random,0,random_matched,1,0.92,0.99,0.1302993,0.07,0.8112244897959183,0.42138791456671415,6.175
1,scratch,random,0,random_matched,2,0.905,0.99,0.16973102,0.085,0.8131632653061225,0.4252918385522508,6.175
1,scratch,random,0,random_matched,3,0.925,0.99,0.15154882,0.065,0.8103571428571429,0.4184090960066838,6.175
1,scratch,random,0,random_matched,4,0.915,0.99,0.1337946,0.075,0.8114285714285714,0.4231184590282514,6.175
1,scratch,random,10,student,0,0.89,0.99,0.2828903,0.1,0.8337755102040816,0.504927473860627,0.0
1,scratch,random,10,student,1,0.89,0.99,0.2828903,0.1,0.8337755102040816,0.504927473860627,0.0
1,scratch,random,10,student,2,0.89,0.99,0.2828903,0.1,0.8337755102040816,0.504927473860627,0.0
1,scratch,random,10,student,3,0.89,0.99,0.2828903,0.1,0.8337755102040816,0.504927473860627,0.0
1,scratch,random,10,student,4,0.89,0.99,0.2828903,0.1,0.8337755102040816,0.504927473860627,0.0
1,scratch,random,10,random,0,0.965,0.99,0.056922186,0.025,0.8246938775510205,0.48994748795493875,0.0
1,scratch,random,10,random,1,0.96,0.99,0.05728908,0.03,0.8235204081632653,0.4946262972715817,0.0
1,scratch,random,10,random,2,0.95,0.99,0.085698776,0.04,0.8219387755102041,0.47777470733476307,0.0
1,scratch,random,10,random,3,0.955,0.99,0.08480307,0.035,0.822857142857143,0.4756299304983063,0.0
1,scratch,random,10,random,4,0.94,0.99,0.13114145,0.05,0.8268877551020407,0.5175266882325791,0.0
1,scratch,random,10,random_rescue_10,0,0.905,0.99,0.20720597,0.085,0.8335204081632653,0.5093695861700775,10.0
1,scratch,random,10,random_rescue_10,1,0.91,0.99,0.21128212,0.08,0.8329591836734694,0.5061122931540873,10.0
1,scratch,random,10,random_rescue_10,2,0.925,0.99,0.2064331,0.065,0.8329591836734694,0.5085001571298973,10.0
1,scratch,random,10,random_rescue_10,3,0.885,0.99,0.28691885,0.105,0.8334183673469389,0.5103100750990838,10.0
1,scratch,random,10,random_rescue_10,4,0.9,0.99,0.21117729,0.09,0.8312755102040816,0.5007267471342037,10.0
1,scratch,random,10,foreground_rescue_10,0,0.945,0.99,0.1191071,0.045,0.7617346938775509,0.1912922988674941,7.06
1,scratch,random,10,foreground_rescue_10,1,0.945,0.99,0.13357294,0.045,0.7617346938775509,0.1912922988674941,7.06
1,scratch,random,10,foreground_rescue_10,2,0.93,0.99,0.12795843,0.06,0.7617346938775509,0.1912922988674941,7.06
1,scratch,random,10,foreground_rescue_10,3,0.945,0.99,0.1227124,0.045,0.7617346938775509,0.1912922988674941,7.06
1,scratch,random,10,foreground_rescue_10,4,0.93,0.99,0.14141038,0.06,0.7617346938775509,0.1912922988674941,7.06
1,scratch,random,10,low_score_rescue_10,0,0.92,0.99,0.19603123,0.07,0.8292857142857143,0.49195079172701645,10.0
1,scratch,random,10,low_score_rescue_10,1,0.91,0.99,0.22706027,0.08,0.8287755102040816,0.48515915377491,10.0
1,scratch,random,10,low_score_rescue_10,2,0.9,0.99,0.2324767,0.09,0.8287244897959184,0.48915784083119157,10.0
1,scratch,random,10,low_score_rescue_10,3,0.92,0.99,0.21777296,0.07,0.8291836734693877,0.4888641363156903,10.0
1,scratch,random,10,low_score_rescue_10,4,0.91,0.99,0.23204061,0.08,0.8275510204081633,0.48532494483016964,10.0
1,scratch,random,10,random_matched,0,0.895,0.99,0.24052952,0.095,0.8298979591836735,0.49237707722782775,7.06
1,scratch,random,10,random_matched,1,0.9,0.99,0.24346916,0.09,0.8313265306122449,0.4996479691893272,7.06
1,scratch,random,10,random_matched,2,0.885,0.99,0.26121345,0.105,0.8306632653061226,0.4931195202458528,7.06
1,scratch,random,10,random_matched,3,0.895,0.99,0.24141236,0.095,0.8311224489795919,0.49930916010872967,7.06
1,scratch,random,10,random_matched,4,0.905,0.99,0.22002654,0.085,0.832091836734694,0.5018866184080993,7.06
1,scratch,random,25,student,0,0.89,0.99,0.26954573,0.1,0.8236224489795919,0.494674858664964,0.0
1,scratch,random,25,student,1,0.89,0.99,0.26954573,0.1,0.8236224489795919,0.494674858664964,0.0
1,scratch,random,25,student,2,0.89,0.99,0.26954573,0.1,0.8236224489795919,0.494674858664964,0.0
1,scratch,random,25,student,3,0.89,0.99,0.26954573,0.1,0.8236224489795919,0.494674858664964,0.0
1,scratch,random,25,student,4,0.89,0.99,0.26954573,0.1,0.8236224489795919,0.494674858664964,0.0
1,scratch,random,25,random,0,0.965,0.99,0.056922186,0.025,0.8246938775510205,0.48994748795493875,0.0
1,scratch,random,25,random,1,0.96,0.99,0.05728908,0.03,0.8235204081632653,0.4946262972715817,0.0
1,scratch,random,25,random,2,0.95,0.99,0.085698776,0.04,0.8219387755102041,0.47777470733476307,0.0
1,scratch,random,25,random,3,0.955,0.99,0.08480307,0.035,0.822857142857143,0.4756299304983063,0.0
1,scratch,random,25,random,4,0.94,0.99,0.13114145,0.05,0.8268877551020407,0.5175266882325791,0.0
1,scratch,random,25,random_rescue_10,0,0.895,0.99,0.25382188,0.095,0.8236224489795919,0.49155318839995826,10.0
1,scratch,random,25,random_rescue_10,1,0.925,0.99,0.1967159,0.065,0.8245918367346938,0.49795783507204505,10.0
1,scratch,random,25,random_rescue_10,2,0.91,0.99,0.19988032,0.08,0.8233163265306124,0.490709416202373,10.0
1,scratch,random,25,random_rescue_10,3,0.93,0.99,0.20050667,0.06,0.825561224489796,0.5038645216486695,10.0
1,scratch,random,25,random_rescue_10,4,0.9,0.99,0.22483234,0.09,0.8239285714285713,0.5008507284662335,10.0
1,scratch,random,25,foreground_rescue_10,0,0.96,0.99,0.104650974,0.03,0.7526020408163265,0.17152915474014305,6.96
1,scratch,random,25,foreground_rescue_10,1,0.95,0.99,0.11842285,0.04,0.7526020408163265,0.17152915474014305,6.96
1,scratch,random,25,foreground_rescue_10,2,0.95,0.99,0.123690955,0.04,0.7526020408163265,0.17152915474014305,6.96
1,scratch,random,25,foreground_rescue_10,3,0.96,0.99,0.102689475,0.03,0.7526020408163265,0.17152915474014305,6.96
1,scratch,random,25,foreground_rescue_10,4,0.955,0.99,0.11843195,0.035,0.7526020408163265,0.17152915474014305,6.96
1,scratch,random,25,low_score_rescue_10,0,0.9,0.99,0.22108413,0.09,0.8237755102040816,0.49460913449353616,10.0
1,scratch,random,25,low_score_rescue_10,1,0.895,0.99,0.2198132,0.095,0.8224489795918367,0.4867994468758247,10.0
1,scratch,random,25,low_score_rescue_10,2,0.89,0.99,0.276214,0.1,0.8236224489795919,0.4809679356504329,10.0
1,scratch,random,25,low_score_rescue_10,3,0.935,0.99,0.17115164,0.055,0.8215306122448979,0.48654267170782106,10.0
1,scratch,random,25,low_score_rescue_10,4,0.92,0.99,0.1705474,0.07,0.8203061224489795,0.4752454673206053,10.0
1,scratch,random,25,random_matched,0,0.905,0.99,0.24337089,0.085,0.8232653061224491,0.4875141263797216,6.96
1,scratch,random,25,random_matched,1,0.92,0.99,0.20874725,0.07,0.8205102040816327,0.47989947476877476,6.96
1,scratch,random,25,random_matched,2,0.9,0.99,0.24789949,0.09,0.8230612244897958,0.48686024531036004,6.96
1,scratch,random,25,random_matched,3,0.905,0.99,0.22703166,0.085,0.8226530612244898,0.48614903255576186,6.96
1,scratch,random,25,random_matched,4,0.905,0.99,0.21915263,0.085,0.822704081632653,0.4917448563016859,6.96
1,scratch,random,50,student,0,0.895,0.99,0.19011919,0.095,0.8142857142857142,0.4667753232467704,0.0
1,scratch,random,50,student,1,0.895,0.99,0.19011919,0.095,0.8142857142857142,0.4667753232467704,0.0
1,scratch,random,50,student,2,0.895,0.99,0.19011919,0.095,0.8142857142857142,0.4667753232467704,0.0
1,scratch,random,50,student,3,0.895,0.99,0.19011919,0.095,0.8142857142857142,0.4667753232467704,0.0
1,scratch,random,50,student,4,0.895,0.99,0.19011919,0.095,0.8142857142857142,0.4667753232467704,0.0
1,scratch,random,50,random,0,0.965,0.99,0.056922186,0.025,0.8246938775510205,0.48994748795493875,0.0
1,scratch,random,50,random,1,0.96,0.99,0.05728908,0.03,0.8235204081632653,0.4946262972715817,0.0
1,scratch,random,50,random,2,0.95,0.99,0.085698776,0.04,0.8219387755102041,0.47777470733476307,0.0
1,scratch,random,50,random,3,0.955,0.99,0.08480307,0.035,0.822857142857143,0.4756299304983063,0.0
1,scratch,random,50,random,4,0.94,0.99,0.13114145,0.05,0.8268877551020407,0.5175266882325791,0.0
1,scratch,random,50,random_rescue_10,0,0.915,0.99,0.10932162,0.075,0.8165306122448979,0.4850106782867728,10.0
1,scratch,random,50,random_rescue_10,1,0.9,0.99,0.17033382,0.09,0.8162244897959183,0.4705861940387751,10.0
1,scratch,random,50,random_rescue_10,2,0.92,0.99,0.11733632,0.07,0.8183163265306124,0.4770144461267436,10.0
1,scratch,random,50,random_rescue_10,3,0.935,0.99,0.12521015,0.055,0.8170408163265307,0.4725814024283367,10.0
1,scratch,random,50,random_rescue_10,4,0.91,0.99,0.18094617,0.08,0.8174489795918367,0.4755664442682187,10.0
1,scratch,random,50,foreground_rescue_10,0,0.955,0.99,0.05937409,0.035,0.7416326530612244,0.15065998123285862,7.12
1,scratch,random,50,foreground_rescue_10,1,0.96,0.99,0.071645714,0.03,0.7416326530612244,0.15065998123285862,7.12
1,scratch,random,50,foreground_rescue_10,2,0.96,0.99,0.060175456,0.03,0.7416326530612244,0.15065998123285862,7.12
1,scratch,random,50,foreground_rescue_10,3,0.965,0.99,0.053549983,0.025,0.7416326530612244,0.15065998123285862,7.12
1,scratch,random,50,foreground_rescue_10,4,0.95,0.99,0.06946687,0.04,0.7416326530612244,0.15065998123285862,7.12
1,scratch,random,50,low_score_rescue_10,0,0.915,0.99,0.1914288,0.075,0.8138775510204082,0.45663381408121456,10.0
1,scratch,random,50,low_score_rescue_10,1,0.905,0.99,0.18927631,0.085,0.8140306122448979,0.4604385087286503,10.0
1,scratch,random,50,low_score_rescue_10,2,0.925,0.99,0.15100105,0.065,0.8153061224489797,0.4664690373904271,10.0
1,scratch,random,50,low_score_rescue_10,3,0.89,0.99,0.18998757,0.1,0.8124489795918367,0.4551069898605167,10.0
1,scratch,random,50,low_score_rescue_10,4,0.905,0.99,0.16239284,0.085,0.8141326530612244,0.46014212925042974,10.0
1,scratch,random,50,random_matched,0,0.915,0.99,0.13002445,0.075,0.8151530612244897,0.4674490941062716,7.12
1,scratch,random,50,random_matched,1,0.935,0.99,0.13067496,0.055,0.8143877551020409,0.46423140533670126,7.12
1,scratch,random,50,random_matched,2,0.91,0.99,0.14371033,0.08,0.8132142857142857,0.4558868756449433,7.12
1,scratch,random,50,random_matched,3,0.905,0.99,0.18407455,0.085,0.8153061224489795,0.46344274133258173,7.12
1,scratch,random,50,random_matched,4,0.9,0.99,0.18254305,0.09,0.8164795918367347,0.4699047007973458,7.12
1,scratch,random,75,student,0,0.915,0.99,0.19781971,0.075,0.8045408163265306,0.4334593273021573,0.0
1,scratch,random,75,student,1,0.915,0.99,0.19781971,0.075,0.8045408163265306,0.4334593273021573,0.0
1,scratch,random,75,student,2,0.915,0.99,0.19781971,0.075,0.8045408163265306,0.4334593273021573,0.0
1,scratch,random,75,student,3,0.915,0.99,0.19781971,0.075,0.8045408163265306,0.4334593273021573,0.0
1,scratch,random,75,student,4,0.915,0.99,0.19781971,0.075,0.8045408163265306,0.4334593273021573,0.0
1,scratch,random,75,random,0,0.965,0.99,0.056922186,0.025,0.8246938775510205,0.48994748795493875,0.0
1,scratch,random,75,random,1,0.96,0.99,0.05728908,0.03,0.8235204081632653,0.4946262972715817,0.0
1,scratch,random,75,random,2,0.95,0.99,0.085698776,0.04,0.8219387755102041,0.47777470733476307,0.0
1,scratch,random,75,random,3,0.955,0.99,0.08480307,0.035,0.822857142857143,0.4756299304983063,0.0
1,scratch,random,75,random,4,0.94,0.99,0.13114145,0.05,0.8268877551020407,0.5175266882325791,0.0
1,scratch,random,75,random_rescue_10,0,0.9,0.99,0.1903434,0.09,0.8096428571428571,0.4555814793943675,10.0
1,scratch,random,75,random_rescue_10,1,0.93,0.99,0.13708168,0.06,0.8092346938775509,0.44821509694871675,10.0
1,scratch,random,75,random_rescue_10,2,0.915,0.99,0.17022462,0.075,0.8093877551020409,0.44234668756489703,10.0
1,scratch,random,75,random_rescue_10,3,0.92,0.99,0.1464032,0.07,0.8096428571428572,0.44783703325233454,10.0
1,scratch,random,75,random_rescue_10,4,0.925,0.99,0.16453627,0.065,0.8085204081632653,0.455893742462463,10.0
1,scratch,random,75,foreground_rescue_10,0,0.95,0.99,0.105366975,0.04,0.7350510204081633,0.13832204307200985,6.81
1,scratch,random,75,foreground_rescue_10,1,0.945,0.99,0.105715714,0.045,0.7350510204081633,0.13832204307200985,6.81
1,scratch,random,75,foreground_rescue_10,2,0.95,0.99,0.10202387,0.04,0.7350510204081633,0.13832204307200985,6.81
1,scratch,random,75,foreground_rescue_10,3,0.945,0.99,0.091997035,0.045,0.7350510204081633,0.13832204307200985,6.81
1,scratch,random,75,foreground_rescue_10,4,0.95,0.99,0.09464809,0.04,0.7350510204081633,0.13832204307200985,6.81
1,scratch,random,75,low_score_rescue_10,0,0.93,0.99,0.15495948,0.06,0.8037244897959184,0.43383425437504886,10.0
1,scratch,random,75,low_score_rescue_10,1,0.915,0.99,0.19842671,0.075,0.8044897959183673,0.4283502010523803,10.0
1,scratch,random,75,low_score_rescue_10,2,0.93,0.99,0.17344047,0.06,0.8035714285714286,0.425846337079124,10.0
1,scratch,random,75,low_score_rescue_10,3,0.93,0.99,0.15162002,0.06,0.802908163265306,0.4189963441789435,10.0
1,scratch,random,75,low_score_rescue_10,4,0.945,0.99,0.14218268,0.045,0.8035714285714286,0.4239129285972678,10.0
1,scratch,random,75,random_matched,0,0.91,0.99,0.20338261,0.08,0.8063775510204083,0.43218079093233364,6.81
1,scratch,random,75,random_matched,1,0.915,0.99,0.20102674,0.075,0.8056122448979592,0.434025237239337,6.81
1,scratch,random,75,random_matched,2,0.92,0.99,0.1987422,0.07,0.8065306122448979,0.4338491671859955,6.81
1,scratch,random,75,random_matched,3,0.915,0.99,0.18199566,0.075,0.8077551020408162,0.43710180298987644,6.81
1,scratch,random,75,random_matched,4,0.93,0.99,0.16618666,0.06,0.8054081632653062,0.43280670655888526,6.81
1,scratch,random,100,student,0,0.91,0.99,0.19273502,0.08,0.8086734693877551,0.44692869373148003,0.0
1,scratch,random,100,student,1,0.91,0.99,0.19273502,0.08,0.8086734693877551,0.44692869373148003,0.0
1,scratch,random,100,student,2,0.91,0.99,0.19273502,0.08,0.8086734693877551,0.44692869373148003,0.0
1,scratch,random,100,student,3,0.91,0.99,0.19273502,0.08,0.8086734693877551,0.44692869373148003,0.0
1,scratch,random,100,student,4,0.91,0.99,0.19273502,0.08,0.8086734693877551,0.44692869373148003,0.0
1,scratch,random,100,random,0,0.965,0.99,0.056922186,0.025,0.8246938775510205,0.48994748795493875,0.0
1,scratch,random,100,random,1,0.96,0.99,0.05728908,0.03,0.8235204081632653,0.4946262972715817,0.0
1,scratch,random,100,random,2,0.95,0.99,0.085698776,0.04,0.8219387755102041,0.47777470733476307,0.0
1,scratch,random,100,random,3,0.955,0.99,0.08480307,0.035,0.822857142857143,0.4756299304983063,0.0
1,scratch,random,100,random,4,0.94,0.99,0.13114145,0.05,0.8268877551020407,0.5175266882325791,0.0
1,scratch,random,100,random_rescue_10,0,0.905,0.99,0.2183537,0.085,0.8126020408163265,0.4708439764846946,10.0
1,scratch,random,100,random_rescue_10,1,0.94,0.99,0.145826,0.05,0.8128061224489795,0.45335565510375475,10.0
1,scratch,random,100,random_rescue_10,2,0.925,0.99,0.14775537,0.065,0.8123469387755102,0.45869582213464954,10.0
1,scratch,random,100,random_rescue_10,3,0.91,0.99,0.17317261,0.08,0.8118367346938774,0.45537294204251116,10.0
1,scratch,random,100,random_rescue_10,4,0.925,0.99,0.15687677,0.065,0.8115306122448979,0.4529770825055893,10.0
1,scratch,random,100,foreground_rescue_10,0,0.945,0.99,0.08281633,0.045,0.7385714285714287,0.13945529696426173,6.87
1,scratch,random,100,foreground_rescue_10,1,0.955,0.99,0.08230615,0.035,0.7385714285714287,0.13945529696426173,6.87
1,scratch,random,100,foreground_rescue_10,2,0.95,0.99,0.09559557,0.04,0.7385714285714287,0.13945529696426173,6.87
1,scratch,random,100,foreground_rescue_10,3,0.945,0.99,0.10067259,0.045,0.7385714285714287,0.13945529696426173,6.87
1,scratch,random,100,foreground_rescue_10,4,0.95,0.99,0.101064645,0.04,0.7385714285714287,0.13945529696426173,6.87
1,scratch,random,100,low_score_rescue_10,0,0.92,0.99,0.16292629,0.07,0.8071428571428573,0.43519531535779804,10.0
1,scratch,random,100,low_score_rescue_10,1,0.93,0.99,0.15560362,0.06,0.8067857142857143,0.4324600427487573,10.0
1,scratch,random,100,low_score_rescue_10,2,0.915,0.99,0.1583479,0.075,0.8076020408163265,0.436486246949614,10.0
1,scratch,random,100,low_score_rescue_10,3,0.93,0.99,0.14890625,0.06,0.8056632653061224,0.43770665957734955,10.0
1,scratch,random,100,low_score_rescue_10,4,0.9,0.99,0.19536407,0.09,0.8075510204081633,0.43482383729001384,10.0
1,scratch,random,100,random_matched,0,0.92,0.99,0.17400113,0.07,0.809438775510204,0.44951856003193147,6.87
1,scratch,random,100,random_matched,1,0.92,0.99,0.16355976,0.07,0.8089285714285716,0.4442141701128755,6.87
1,scratch,random,100,random_matched,2,0.93,0.99,0.16419338,0.06,0.8101530612244897,0.448241484457006,6.87
1,scratch,random,100,random_matched,3,0.945,0.99,0.1403937,0.045,0.8108673469387756,0.4491086660336407,6.87
1,scratch,random,100,random_matched,4,0.91,0.99,0.20651817,0.08,0.8109693877551021,0.4537269717122693,6.87
1,scratch,random_rescue_10,0,student,0,0.92,0.99,0.14443268,0.07,0.8110714285714287,0.4192008084694095,0.0
1,scratch,random_rescue_10,0,student,1,0.92,0.99,0.14443268,0.07,0.8110714285714287,0.4192008084694095,0.0
1,scratch,random_rescue_10,0,student,2,0.92,0.99,0.14443268,0.07,0.8110714285714287,0.4192008084694095,0.0
1,scratch,random_rescue_10,0,student,3,0.92,0.99,0.14443268,0.07,0.8110714285714287,0.4192008084694095,0.0
1,scratch,random_rescue_10,0,student,4,0.92,0.99,0.14443268,0.07,0.8110714285714287,0.4192008084694095,0.0
1,scratch,random_rescue_10,0,random,0,0.965,0.99,0.056922186,0.025,0.8246938775510205,0.48994748795493875,0.0
1,scratch,random_rescue_10,0,random,1,0.96,0.99,0.05728908,0.03,0.8235204081632653,0.4946262972715817,0.0
1,scratch,random_rescue_10,0,random,2,0.95,0.99,0.085698776,0.04,0.8219387755102041,0.47777470733476307,0.0
1,scratch,random_rescue_10,0,random,3,0.955,0.99,0.08480307,0.035,0.822857142857143,0.4756299304983063,0.0
1,scratch,random_rescue_10,0,random,4,0.94,0.99,0.13114145,0.05,0.8268877551020407,0.5175266882325791,0.0
1,scratch,random_rescue_10,0,random_rescue_10,0,0.93,0.99,0.14620258,0.06,0.8135204081632653,0.42994755365076703,10.0
1,scratch,random_rescue_10,0,random_rescue_10,1,0.915,0.99,0.17827004,0.075,0.8141836734693877,0.44342416594098283,10.0
1,scratch,random_rescue_10,0,random_rescue_10,2,0.93,0.99,0.14151981,0.06,0.8147448979591836,0.43368033371400466,10.0
1,scratch,random_rescue_10,0,random_rescue_10,3,0.92,0.99,0.16302785,0.07,0.814795918367347,0.44599142011976545,10.0
1,scratch,random_rescue_10,0,random_rescue_10,4,0.935,0.99,0.13137244,0.055,0.814030612244898,0.4363734151936281,10.0
1,scratch,random_rescue_10,0,foreground_rescue_10,0,0.945,0.99,0.107118405,0.045,0.7480612244897958,0.15916616481303753,6.175
1,scratch,random_rescue_10,0,foreground_rescue_10,1,0.945,0.99,0.104116365,0.045,0.7480612244897958,0.15916616481303753,6.175
1,scratch,random_rescue_10,0,foreground_rescue_10,2,0.945,0.99,0.09575391,0.045,0.7480612244897958,0.15916616481303753,6.175
1,scratch,random_rescue_10,0,foreground_rescue_10,3,0.94,0.99,0.105297215,0.05,0.7480612244897958,0.15916616481303753,6.175
1,scratch,random_rescue_10,0,foreground_rescue_10,4,0.945,0.99,0.09848788,0.045,0.7480612244897958,0.15916616481303753,6.175
1,scratch,random_rescue_10,0,low_score_rescue_10,0,0.94,0.99,0.09771113,0.05,0.8106122448979591,0.42240870464704317,10.0
1,scratch,random_rescue_10,0,low_score_rescue_10,1,0.895,0.99,0.16863933,0.095,0.8117857142857141,0.4289796897007727,10.0
1,scratch,random_rescue_10,0,low_score_rescue_10,2,0.93,0.99,0.1239445,0.06,0.8111734693877551,0.41624799743927166,10.0
1,scratch,random_rescue_10,0,low_score_rescue_10,3,0.92,0.99,0.14370401,0.07,0.8113265306122449,0.42093962852543987,10.0
1,scratch,random_rescue_10,0,low_score_rescue_10,4,0.935,0.99,0.11957819,0.055,0.8108163265306122,0.4192996287013572,10.0
1,scratch,random_rescue_10,0,random_matched,0,0.915,0.99,0.14928024,0.075,0.8096428571428572,0.415723160442607,6.175
1,scratch,random_rescue_10,0,random_matched,1,0.92,0.99,0.1302993,0.07,0.8112244897959183,0.42138791456671415,6.175
1,scratch,random_rescue_10,0,random_matched,2,0.905,0.99,0.16973102,0.085,0.8131632653061225,0.4252918385522508,6.175
1,scratch,random_rescue_10,0,random_matched,3,0.925,0.99,0.15154882,0.065,0.8103571428571429,0.4184090960066838,6.175
1,scratch,random_rescue_10,0,random_matched,4,0.915,0.99,0.1337946,0.075,0.8114285714285714,0.4231184590282514,6.175
1,scratch,random_rescue_10,10,student,0,0.9,0.99,0.19720542,0.09,0.8195408163265308,0.48102244355132756,0.0
1,scratch,random_rescue_10,10,student,1,0.9,0.99,0.19720542,0.09,0.8195408163265308,0.48102244355132756,0.0
1,scratch,random_rescue_10,10,student,2,0.9,0.99,0.19720542,0.09,0.8195408163265308,0.48102244355132756,0.0
1,scratch,random_rescue_10,10,student,3,0.9,0.99,0.19720542,0.09,0.8195408163265308,0.48102244355132756,0.0
1,scratch,random_rescue_10,10,student,4,0.9,0.99,0.19720542,0.09,0.8195408163265308,0.48102244355132756,0.0
1,scratch,random_rescue_10,10,random,0,0.965,0.99,0.056922186,0.025,0.8246938775510205,0.48994748795493875,0.0
1,scratch,random_rescue_10,10,random,1,0.96,0.99,0.05728908,0.03,0.8235204081632653,0.4946262972715817,0.0
1,scratch,random_rescue_10,10,random,2,0.95,0.99,0.085698776,0.04,0.8219387755102041,0.47777470733476307,0.0
1,scratch,random_rescue_10,10,random,3,0.955,0.99,0.08480307,0.035,0.822857142857143,0.4756299304983063,0.0
1,scratch,random_rescue_10,10,random,4,0.94,0.99,0.13114145,0.05,0.8268877551020407,0.5175266882325791,0.0
1,scratch,random_rescue_10,10,random_rescue_10,0,0.92,0.99,0.15534717,0.07,0.8192857142857143,0.48599164158156744,10.0
1,scratch,random_rescue_10,10,random_rescue_10,1,0.925,0.99,0.1646341,0.065,0.8216836734693876,0.489600207366073,10.0
1,scratch,random_rescue_10,10,random_rescue_10,2,0.925,0.99,0.14449252,0.065,0.8199489795918368,0.4854305402142493,10.0
1,scratch,random_rescue_10,10,random_rescue_10,3,0.935,0.99,0.11840065,0.055,0.8218367346938775,0.4822217775070294,10.0
1,scratch,random_rescue_10,10,random_rescue_10,4,0.93,0.99,0.15657124,0.06,0.82,0.48141596717090307,10.0
1,scratch,random_rescue_10,10,foreground_rescue_10,0,0.95,0.99,0.08801601,0.04,0.7487755102040817,0.16214666685391563,6.935
1,scratch,random_rescue_10,10,foreground_rescue_10,1,0.95,0.99,0.09270409,0.04,0.7487755102040817,0.16214666685391563,6.935
1,scratch,random_rescue_10,10,foreground_rescue_10,2,0.94,0.99,0.10198641,0.05,0.7487755102040817,0.16214666685391563,6.935
1,scratch,random_rescue_10,10,foreground_rescue_10,3,0.955,0.99,0.076306574,0.035,0.7487755102040817,0.16214666685391563,6.935
1,scratch,random_rescue_10,10,foreground_rescue_10,4,0.95,0.99,0.08985346,0.04,0.7487755102040817,0.16214666685391563,6.935
1,scratch,random_rescue_10,10,low_score_rescue_10,0,0.93,0.99,0.14765282,0.065,0.8161734693877551,0.46595849504581965,10.0
1,scratch,random_rescue_10,10,low_score_rescue_10,1,0.925,0.99,0.15624978,0.065,0.8159183673469389,0.46985648392710994,10.0
1,scratch,random_rescue_10,10,low_score_rescue_10,2,0.94,0.99,0.14289099,0.05,0.8164285714285714,0.46520381076493666,10.0
1,scratch,random_rescue_10,10,low_score_rescue_10,3,0.93,0.99,0.15989046,0.06,0.8167857142857141,0.4713241845659616,10.0
1,scratch,random_rescue_10,10,low_score_rescue_10,4,0.915,0.99,0.15850317,0.075,0.8156632653061224,0.46540719622135485,10.0
1,scratch,random_rescue_10,10,random_matched,0,0.9,0.99,0.20443329,0.09,0.8211734693877552,0.488260536702179,6.935
1,scratch,random_rescue_10,10,random_matched,1,0.915,0.99,0.15432,0.075,0.8186224489795919,0.47768899393683184,6.935
1,scratch,random_rescue_10,10,random_matched,2,0.915,0.99,0.15542091,0.075,0.8193877551020406,0.474958981855527,6.935
1,scratch,random_rescue_10,10,random_matched,3,0.91,0.99,0.17329945,0.08,0.8186224489795917,0.467702063166374,6.935
1,scratch,random_rescue_10,10,random_matched,4,0.895,0.99,0.21852168,0.095,0.8198979591836735,0.48158046486320966,6.935
1,scratch,random_rescue_10,25,student,0,0.925,0.99,0.18645166,0.065,0.8145408163265305,0.44203615096674387,0.0
1,scratch,random_rescue_10,25,student,1,0.925,0.99,0.18645166,0.065,0.8145408163265305,0.44203615096674387,0.0
1,scratch,random_rescue_10,25,student,2,0.925,0.99,0.18645166,0.065,0.8145408163265305,0.44203615096674387,0.0
1,scratch,random_rescue_10,25,student,3,0.925,0.99,0.18645166,0.065,0.8145408163265305,0.44203615096674387,0.0
1,scratch,random_rescue_10,25,student,4,0.925,0.99,0.18645166,0.065,0.8145408163265305,0.44203615096674387,0.0
1,scratch,random_rescue_10,25,random,0,0.965,0.99,0.056922186,0.025,0.8246938775510205,0.48994748795493875,0.0
1,scratch,random_rescue_10,25,random,1,0.96,0.99,0.05728908,0.03,0.8235204081632653,0.4946262972715817,0.0
1,scratch,random_rescue_10,25,random,2,0.95,0.99,0.085698776,0.04,0.8219387755102041,0.47777470733476307,0.0
1,scratch,random_rescue_10,25,random,3,0.955,0.99,0.08480307,0.035,0.822857142857143,0.4756299304983063,0.0
1,scratch,random_rescue_10,25,random,4,0.94,0.99,0.13114145,0.05,0.8268877551020407,0.5175266882325791,0.0
1,scratch,random_rescue_10,25,random_rescue_10,0,0.94,0.99,0.16527031,0.05,0.816734693877551,0.4625143864209471,10.0
1,scratch,random_rescue_10,25,random_rescue_10,1,0.93,0.99,0.13947494,0.06,0.8171428571428571,0.45470380793405774,10.0
1,scratch,random_rescue_10,25,random_rescue_10,2,0.9,0.99,0.1893246,0.09,0.8167857142857143,0.45504205643844386,10.0
1,scratch,random_rescue_10,25,random_rescue_10,3,0.945,0.99,0.16475363,0.045,0.817908163265306,0.4578501869040875,10.0
1,scratch,random_rescue_10,25,random_rescue_10,4,0.905,0.99,0.17070313,0.085,0.815,0.45200803180894067,10.0
1,scratch,random_rescue_10,25,foreground_rescue_10,0,0.96,0.99,0.10066488,0.03,0.7469387755102042,0.15130553705033756,6.625
1,scratch,random_rescue_10,25,foreground_rescue_10,1,0.96,0.99,0.10217538,0.03,0.7469387755102042,0.15130553705033756,6.625
1,scratch,random_rescue_10,25,foreground_rescue_10,2,0.95,0.99,0.1148673,0.04,0.7469387755102042,0.15130553705033756,6.625
1,scratch,random_rescue_10,25,foreground_rescue_10,3,0.96,0.99,0.09706691,0.03,0.7469387755102042,0.15130553705033756,6.625
1,scratch,random_rescue_10,25,foreground_rescue_10,4,0.96,0.99,0.099459715,0.03,0.7469387755102042,0.15130553705033756,6.625
1,scratch,random_rescue_10,25,low_score_rescue_10,0,0.935,0.99,0.1716943,0.055,0.8121428571428573,0.43598802988572466,10.0
1,scratch,random_rescue_10,25,low_score_rescue_10,1,0.945,0.99,0.11725418,0.045,0.8126020408163265,0.4277612378928036,10.0
1,scratch,random_rescue_10,25,low_score_rescue_10,2,0.925,0.99,0.12838726,0.065,0.811734693877551,0.4315178974878283,10.0
1,scratch,random_rescue_10,25,low_score_rescue_10,3,0.935,0.99,0.120589964,0.055,0.8121938775510205,0.43734085185131977,10.0
1,scratch,random_rescue_10,25,low_score_rescue_10,4,0.91,0.99,0.19959012,0.08,0.8119387755102042,0.4248878415556418,10.0
1,scratch,random_rescue_10,25,random_matched,0,0.93,0.99,0.20196953,0.06,0.8152551020408163,0.444956690903568,6.625
1,scratch,random_rescue_10,25,random_matched,1,0.92,0.99,0.17805108,0.07,0.8145408163265305,0.4453469837303091,6.625
1,scratch,random_rescue_10,25,random_matched,2,0.93,0.99,0.16366547,0.06,0.8133673469387754,0.43515682199764283,6.625
1,scratch,random_rescue_10,25,random_matched,3,0.92,0.99,0.2045993,0.07,0.815,0.44116043522849513,6.625
1,scratch,random_rescue_10,25,random_matched,4,0.92,0.99,0.1668622,0.07,0.8159693877551021,0.4487268181858714,6.625
1,scratch,random_rescue_10,50,student,0,0.945,0.99,0.12128431,0.045,0.8004081632653062,0.3866357233404243,0.0
1,scratch,random_rescue_10,50,student,1,0.945,0.99,0.12128431,0.045,0.8004081632653062,0.3866357233404243,0.0
1,scratch,random_rescue_10,50,student,2,0.945,0.99,0.12128431,0.045,0.8004081632653062,0.3866357233404243,0.0
1,scratch,random_rescue_10,50,student,3,0.945,0.99,0.12128431,0.045,0.8004081632653062,0.3866357233404243,0.0
1,scratch,random_rescue_10,50,student,4,0.945,0.99,0.12128431,0.045,0.8004081632653062,0.3866357233404243,0.0
1,scratch,random_rescue_10,50,random,0,0.965,0.99,0.056922186,0.025,0.8246938775510205,0.48994748795493875,0.0
1,scratch,random_rescue_10,50,random,1,0.96,0.99,0.05728908,0.03,0.8235204081632653,0.4946262972715817,0.0
1,scratch,random_rescue_10,50,random,2,0.95,0.99,0.085698776,0.04,0.8219387755102041,0.47777470733476307,0.0
1,scratch,random_rescue_10,50,random,3,0.955,0.99,0.08480307,0.035,0.822857142857143,0.4756299304983063,0.0
1,scratch,random_rescue_10,50,random,4,0.94,0.99,0.13114145,0.05,0.8268877551020407,0.5175266882325791,0.0
1,scratch,random_rescue_10,50,random_rescue_10,0,0.945,0.99,0.097213745,0.045,0.8039795918367347,0.41506337221348116,10.0
1,scratch,random_rescue_10,50,random_rescue_10,1,0.935,0.99,0.13743384,0.055,0.8066326530612244,0.4127767307423658,10.0
1,scratch,random_rescue_10,50,random_rescue_10,2,0.935,0.99,0.109394245,0.055,0.8053571428571428,0.4053353103916887,10.0
1,scratch,random_rescue_10,50,random_rescue_10,3,0.92,0.99,0.13018551,0.07,0.8049489795918368,0.40599551444151766,10.0
1,scratch,random_rescue_10,50,random_rescue_10,4,0.935,0.99,0.11389089,0.055,0.8055102040816327,0.4234740200650592,10.0
1,scratch,random_rescue_10,50,foreground_rescue_10,0,0.96,0.99,0.10556593,0.03,0.7359183673469388,0.12624352896674362,6.32
1,scratch,random_rescue_10,50,foreground_rescue_10,1,0.96,0.99,0.108124934,0.03,0.7359183673469388,0.12624352896674362,6.32
1,scratch,random_rescue_10,50,foreground_rescue_10,2,0.96,0.99,0.104704306,0.03,0.7359183673469388,0.12624352896674362,6.32
1,scratch,random_rescue_10,50,foreground_rescue_10,3,0.96,0.99,0.106475905,0.03,0.7359183673469388,0.12624352896674362,6.32
1,scratch,random_rescue_10,50,foreground_rescue_10,4,0.96,0.99,0.106921166,0.03,0.7359183673469388,0.12624352896674362,6.32
1,scratch,random_rescue_10,50,low_score_rescue_10,0,0.945,0.99,0.09992985,0.045,0.8011734693877551,0.3948985164625025,10.0
1,scratch,random_rescue_10,50,low_score_rescue_10,1,0.955,0.99,0.09270886,0.035,0.8003061224489795,0.3867171030971367,10.0
1,scratch,random_rescue_10,50,low_score_rescue_10,2,0.95,0.99,0.09469591,0.04,0.7993367346938776,0.388239504382246,10.0
1,scratch,random_rescue_10,50,low_score_rescue_10,3,0.95,0.99,0.09394713,0.04,0.8001020408163265,0.3902552647830978,10.0
1,scratch,random_rescue_10,50,low_score_rescue_10,4,0.96,0.99,0.080352195,0.03,0.8001530612244898,0.38813675240353007,10.0
1,scratch,random_rescue_10,50,random_matched,0,0.95,0.99,0.10903137,0.04,0.8025510204081633,0.39481769704536374,6.32
1,scratch,random_rescue_10,50,random_matched,1,0.945,0.99,0.105137475,0.045,0.8019897959183673,0.39089760075474517,6.32
1,scratch,random_rescue_10,50,random_matched,2,0.93,0.99,0.13493332,0.06,0.8025510204081633,0.3881837472252041,6.32
1,scratch,random_rescue_10,50,random_matched,3,0.94,0.99,0.13467239,0.05,0.8045918367346938,0.39679516277813426,6.32
1,scratch,random_rescue_10,50,random_matched,4,0.945,0.99,0.10917448,0.045,0.8045408163265307,0.3993934665347587,6.32
1,scratch,random_rescue_10,75,student,0,0.94,0.99,0.08721501,0.05,0.7974489795918367,0.4018093111143263,0.0
1,scratch,random_rescue_10,75,student,1,0.94,0.99,0.08721501,0.05,0.7974489795918367,0.4018093111143263,0.0
1,scratch,random_rescue_10,75,student,2,0.94,0.99,0.08721501,0.05,0.7974489795918367,0.4018093111143263,0.0
1,scratch,random_rescue_10,75,student,3,0.94,0.99,0.08721501,0.05,0.7974489795918367,0.4018093111143263,0.0
1,scratch,random_rescue_10,75,student,4,0.94,0.99,0.08721501,0.05,0.7974489795918367,0.4018093111143263,0.0
1,scratch,random_rescue_10,75,random,0,0.965,0.99,0.056922186,0.025,0.8246938775510205,0.48994748795493875,0.0
1,scratch,random_rescue_10,75,random,1,0.96,0.99,0.05728908,0.03,0.8235204081632653,0.4946262972715817,0.0
1,scratch,random_rescue_10,75,random,2,0.95,0.99,0.085698776,0.04,0.8219387755102041,0.47777470733476307,0.0
1,scratch,random_rescue_10,75,random,3,0.955,0.99,0.08480307,0.035,0.822857142857143,0.4756299304983063,0.0
1,scratch,random_rescue_10,75,random,4,0.94,0.99,0.13114145,0.05,0.8268877551020407,0.5175266882325791,0.0
1,scratch,random_rescue_10,75,random_rescue_10,0,0.955,0.99,0.095735334,0.035,0.8030102040816325,0.4231794623286013,10.0
1,scratch,random_rescue_10,75,random_rescue_10,1,0.955,0.99,0.08626242,0.035,0.8018367346938775,0.4216674395685052,10.0
1,scratch,random_rescue_10,75,random_rescue_10,2,0.94,0.99,0.07945835,0.05,0.8020408163265307,0.4158203649977817,10.0
1,scratch,random_rescue_10,75,random_rescue_10,3,0.945,0.99,0.08195915,0.045,0.8031632653061225,0.4130056729348978,10.0
1,scratch,random_rescue_10,75,random_rescue_10,4,0.955,0.99,0.052281152,0.035,0.802091836734694,0.4183625339641352,10.0
1,scratch,random_rescue_10,75,foreground_rescue_10,0,0.97,0.99,0.07117906,0.02,0.7328061224489795,0.12294632240256953,6.335
1,scratch,random_rescue_10,75,foreground_rescue_10,1,0.965,0.99,0.07805974,0.025,0.7328061224489795,0.12294632240256953,6.335
1,scratch,random_rescue_10,75,foreground_rescue_10,2,0.965,0.99,0.07734178,0.025,0.7328061224489795,0.12294632240256953,6.335
1,scratch,random_rescue_10,75,foreground_rescue_10,3,0.965,0.99,0.075197875,0.025,0.7328061224489795,0.12294632240256953,6.335
1,scratch,random_rescue_10,75,foreground_rescue_10,4,0.965,0.99,0.0750672,0.025,0.7328061224489795,0.12294632240256953,6.335
1,scratch,random_rescue_10,75,low_score_rescue_10,0,0.955,0.99,0.0840991,0.035,0.7972448979591837,0.39587689862171016,10.0
1,scratch,random_rescue_10,75,low_score_rescue_10,1,0.955,0.99,0.0731267,0.035,0.7970918367346939,0.39535507447249824,10.0
1,scratch,random_rescue_10,75,low_score_rescue_10,2,0.96,0.99,0.07639331,0.03,0.7968367346938777,0.39595807385176374,10.0
1,scratch,random_rescue_10,75,low_score_rescue_10,3,0.96,0.99,0.07612032,0.03,0.797091836734694,0.39016048108328716,10.0
1,scratch,random_rescue_10,75,low_score_rescue_10,4,0.965,0.99,0.06614909,0.025,0.7968877551020409,0.39486721163783106,10.0
1,scratch,random_rescue_10,75,random_matched,0,0.945,0.99,0.085928135,0.045,0.798265306122449,0.39950817904631875,6.335
1,scratch,random_rescue_10,75,random_matched,1,0.945,0.99,0.08483078,0.045,0.7991836734693878,0.40528502081309214,6.335
1,scratch,random_rescue_10,75,random_matched,2,0.94,0.99,0.11234012,0.05,0.8006122448979592,0.4081160081839959,6.335
1,scratch,random_rescue_10,75,random_matched,3,0.95,0.99,0.07899837,0.04,0.7997448979591837,0.4063848486502403,6.335
1,scratch,random_rescue_10,75,random_matched,4,0.955,0.99,0.08522681,0.035,0.8013775510204081,0.40932002833337494,6.335
1,scratch,random_rescue_10,100,student,0,0.94,0.99,0.13442566,0.05,0.7991836734693878,0.39321420599899387,0.0
1,scratch,random_rescue_10,100,student,1,0.94,0.99,0.13442566,0.05,0.7991836734693878,0.39321420599899387,0.0
1,scratch,random_rescue_10,100,student,2,0.94,0.99,0.13442566,0.05,0.7991836734693878,0.39321420599899387,0.0
1,scratch,random_rescue_10,100,student,3,0.94,0.99,0.13442566,0.05,0.7991836734693878,0.39321420599899387,0.0
1,scratch,random_rescue_10,100,student,4,0.94,0.99,0.13442566,0.05,0.7991836734693878,0.39321420599899387,0.0
1,scratch,random_rescue_10,100,random,0,0.965,0.99,0.056922186,0.025,0.8246938775510205,0.48994748795493875,0.0
1,scratch,random_rescue_10,100,random,1,0.96,0.99,0.05728908,0.03,0.8235204081632653,0.4946262972715817,0.0
1,scratch,random_rescue_10,100,random,2,0.95,0.99,0.085698776,0.04,0.8219387755102041,0.47777470733476307,0.0
1,scratch,random_rescue_10,100,random,3,0.955,0.99,0.08480307,0.035,0.822857142857143,0.4756299304983063,0.0
1,scratch,random_rescue_10,100,random,4,0.94,0.99,0.13114145,0.05,0.8268877551020407,0.5175266882325791,0.0
1,scratch,random_rescue_10,100,random_rescue_10,0,0.945,0.99,0.08433298,0.045,0.802704081632653,0.4162775274410197,10.0
1,scratch,random_rescue_10,100,random_rescue_10,1,0.945,0.99,0.08489898,0.045,0.8048979591836735,0.41130281435185295,10.0
1,scratch,random_rescue_10,100,random_rescue_10,2,0.945,0.99,0.1142462,0.045,0.802908163265306,0.4127631071097728,10.0
1,scratch,random_rescue_10,100,random_rescue_10,3,0.94,0.99,0.08907309,0.05,0.804795918367347,0.41367316839841983,10.0
1,scratch,random_rescue_10,100,random_rescue_10,4,0.93,0.99,0.13116188,0.06,0.8027551020408162,0.4057543074142014,10.0
1,scratch,random_rescue_10,100,foreground_rescue_10,0,0.965,0.99,0.090512335,0.025,0.734234693877551,0.12411603424480241,6.365
1,scratch,random_rescue_10,100,foreground_rescue_10,1,0.965,0.99,0.08971435,0.025,0.734234693877551,0.12411603424480241,6.365
1,scratch,random_rescue_10,100,foreground_rescue_10,2,0.965,0.99,0.089447975,0.025,0.734234693877551,0.12411603424480241,6.365
1,scratch,random_rescue_10,100,foreground_rescue_10,3,0.955,0.99,0.08691828,0.035,0.734234693877551,0.12411603424480241,6.365
1,scratch,random_rescue_10,100,foreground_rescue_10,4,0.965,0.99,0.08599386,0.025,0.734234693877551,0.12411603424480241,6.365
1,scratch,random_rescue_10,100,low_score_rescue_10,0,0.94,0.99,0.09683455,0.05,0.8004591836734692,0.40584978879479083,10.0
1,scratch,random_rescue_10,100,low_score_rescue_10,1,0.935,0.99,0.10908105,0.055,0.800204081632653,0.39951525724926884,10.0
1,scratch,random_rescue_10,100,low_score_rescue_10,2,0.95,0.99,0.09672351,0.04,0.7995408163265307,0.4034992263486086,10.0
1,scratch,random_rescue_10,100,low_score_rescue_10,3,0.945,0.99,0.089530356,0.045,0.800204081632653,0.3982174532191305,10.0
1,scratch,random_rescue_10,100,low_score_rescue_10,4,0.965,0.99,0.063531086,0.025,0.8000510204081632,0.3984505293335908,10.0
1,scratch,random_rescue_10,100,random_matched,0,0.945,0.99,0.10642581,0.045,0.8015816326530611,0.3992380612967441,6.365
1,scratch,random_rescue_10,100,random_matched,1,0.945,0.99,0.11035459,0.045,0.8014795918367347,0.39866025113005277,6.365
1,scratch,random_rescue_10,100,random_matched,2,0.94,0.99,0.12229412,0.05,0.801734693877551,0.3994826266915097,6.365
1,scratch,random_rescue_10,100,random_matched,3,0.94,0.99,0.11954549,0.05,0.8013775510204081,0.3940645657633342,6.365
1,scratch,random_rescue_10,100,random_matched,4,0.935,0.99,0.12815976,0.055,0.8015306122448981,0.3958840250498008,6.365
1,scratch,student,0,student,0,0.92,0.99,0.14443268,0.07,0.8110714285714287,0.4192008084694095,0.0
1,scratch,student,0,student,1,0.92,0.99,0.14443268,0.07,0.8110714285714287,0.4192008084694095,0.0
1,scratch,student,0,student,2,0.92,0.99,0.14443268,0.07,0.8110714285714287,0.4192008084694095,0.0
1,scratch,student,0,student,3,0.92,0.99,0.14443268,0.07,0.8110714285714287,0.4192008084694095,0.0
1,scratch,student,0,student,4,0.92,0.99,0.14443268,0.07,0.8110714285714287,0.4192008084694095,0.0
1,scratch,student,0,random,0,0.965,0.99,0.056922186,0.025,0.8246938775510205,0.48994748795493875,0.0
1,scratch,student,0,random,1,0.96,0.99,0.05728908,0.03,0.8235204081632653,0.4946262972715817,0.0
1,scratch,student,0,random,2,0.95,0.99,0.085698776,0.04,0.8219387755102041,0.47777470733476307,0.0
1,scratch,student,0,random,3,0.955,0.99,0.08480307,0.035,0.822857142857143,0.4756299304983063,0.0
1,scratch,student,0,random,4,0.94,0.99,0.13114145,0.05,0.8268877551020407,0.5175266882325791,0.0
1,scratch,student,0,random_rescue_10,0,0.93,0.99,0.14620258,0.06,0.8135204081632653,0.42994755365076703,10.0
1,scratch,student,0,random_rescue_10,1,0.915,0.99,0.17827004,0.075,0.8141836734693877,0.44342416594098283,10.0
1,scratch,student,0,random_rescue_10,2,0.93,0.99,0.14151981,0.06,0.8147448979591836,0.43368033371400466,10.0
1,scratch,student,0,random_rescue_10,3,0.92,0.99,0.16302785,0.07,0.814795918367347,0.44599142011976545,10.0
1,scratch,student,0,random_rescue_10,4,0.935,0.99,0.13137244,0.055,0.814030612244898,0.4363734151936281,10.0
1,scratch,student,0,foreground_rescue_10,0,0.945,0.99,0.107118405,0.045,0.7480612244897958,0.15916616481303753,6.175
1,scratch,student,0,foreground_rescue_10,1,0.945,0.99,0.104116365,0.045,0.7480612244897958,0.15916616481303753,6.175
1,scratch,student,0,foreground_rescue_10,2,0.945,0.99,0.09575391,0.045,0.7480612244897958,0.15916616481303753,6.175
1,scratch,student,0,foreground_rescue_10,3,0.94,0.99,0.105297215,0.05,0.7480612244897958,0.15916616481303753,6.175
1,scratch,student,0,foreground_rescue_10,4,0.945,0.99,0.09848788,0.045,0.7480612244897958,0.15916616481303753,6.175
1,scratch,student,0,low_score_rescue_10,0,0.94,0.99,0.09771113,0.05,0.8106122448979591,0.42240870464704317,10.0
1,scratch,student,0,low_score_rescue_10,1,0.895,0.99,0.16863933,0.095,0.8117857142857141,0.4289796897007727,10.0
1,scratch,student,0,low_score_rescue_10,2,0.93,0.99,0.1239445,0.06,0.8111734693877551,0.41624799743927166,10.0
1,scratch,student,0,low_score_rescue_10,3,0.92,0.99,0.14370401,0.07,0.8113265306122449,0.42093962852543987,10.0
1,scratch,student,0,low_score_rescue_10,4,0.935,0.99,0.11957819,0.055,0.8108163265306122,0.4192996287013572,10.0
1,scratch,student,0,random_matched,0,0.915,0.99,0.14928024,0.075,0.8096428571428572,0.415723160442607,6.175
1,scratch,student,0,random_matched,1,0.92,0.99,0.1302993,0.07,0.8112244897959183,0.42138791456671415,6.175
1,scratch,student,0,random_matched,2,0.905,0.99,0.16973102,0.085,0.8131632653061225,0.4252918385522508,6.175
1,scratch,student,0,random_matched,3,0.925,0.99,0.15154882,0.065,0.8103571428571429,0.4184090960066838,6.175
1,scratch,student,0,random_matched,4,0.915,0.99,0.1337946,0.075,0.8114285714285714,0.4231184590282514,6.175
1,scratch,student,10,student,0,0.915,0.99,0.17369886,0.075,0.8081632653061223,0.44285199353533866,0.0
1,scratch,student,10,student,1,0.915,0.99,0.17369886,0.075,0.8081632653061223,0.44285199353533866,0.0
1,scratch,student,10,student,2,0.915,0.99,0.17369886,0.075,0.8081632653061223,0.44285199353533866,0.0
1,scratch,student,10,student,3,0.915,0.99,0.17369886,0.075,0.8081632653061223,0.44285199353533866,0.0
1,scratch,student,10,student,4,0.915,0.99,0.17369886,0.075,0.8081632653061223,0.44285199353533866,0.0
1,scratch,student,10,random,0,0.965,0.99,0.056922186,0.025,0.8246938775510205,0.48994748795493875,0.0
1,scratch,student,10,random,1,0.96,0.99,0.05728908,0.03,0.8235204081632653,0.4946262972715817,0.0
1,scratch,student,10,random,2,0.95,0.99,0.085698776,0.04,0.8219387755102041,0.47777470733476307,0.0
1,scratch,student,10,random,3,0.955,0.99,0.08480307,0.035,0.822857142857143,0.4756299304983063,0.0
1,scratch,student,10,random,4,0.94,0.99,0.13114145,0.05,0.8268877551020407,0.5175266882325791,0.0
1,scratch,student,10,random_rescue_10,0,0.935,0.99,0.11818691,0.055,0.8103061224489797,0.46035483465188554,10.0
1,scratch,student,10,random_rescue_10,1,0.93,0.99,0.14082688,0.06,0.8130612244897958,0.45712062219156385,10.0
1,scratch,student,10,random_rescue_10,2,0.92,0.99,0.17107357,0.07,0.8101020408163265,0.44430472982642083,10.0
1,scratch,student,10,random_rescue_10,3,0.925,0.99,0.17680576,0.065,0.8123469387755102,0.46103046544918586,10.0
1,scratch,student,10,random_rescue_10,4,0.915,0.99,0.16922747,0.075,0.8135204081632652,0.4697876704182078,10.0
1,scratch,student,10,foreground_rescue_10,0,0.955,0.99,0.072507374,0.035,0.7405102040816327,0.14955559981544655,6.63
1,scratch,student,10,foreground_rescue_10,1,0.94,0.99,0.0952834,0.05,0.7405102040816327,0.14955559981544655,6.63
1,scratch,student,10,foreground_rescue_10,2,0.945,0.99,0.09347927,0.045,0.7405102040816327,0.14955559981544655,6.63
1,scratch,student,10,foreground_rescue_10,3,0.95,0.99,0.06597213,0.04,0.7405102040816327,0.14955559981544655,6.63
1,scratch,student,10,foreground_rescue_10,4,0.955,0.99,0.0775546,0.035,0.7405102040816327,0.14955559981544655,6.63
1,scratch,student,10,low_score_rescue_10,0,0.93,0.99,0.13572656,0.06,0.8051530612244897,0.4208452702210725,10.0
1,scratch,student,10,low_score_rescue_10,1,0.92,0.99,0.17597298,0.07,0.8059183673469389,0.43176173187245404,10.0
1,scratch,student,10,low_score_rescue_10,2,0.935,0.99,0.13532478,0.055,0.8070918367346939,0.4354775496911464,10.0
1,scratch,student,10,low_score_rescue_10,3,0.92,0.99,0.16105002,0.07,0.8055102040816325,0.42442186515708524,10.0
1,scratch,student,10,low_score_rescue_10,4,0.925,0.99,0.1663456,0.065,0.8047448979591836,0.4242580574123376,10.0
1,scratch,student,10,random_matched,0,0.925,0.99,0.13517262,0.065,0.8098979591836735,0.4475715300027196,6.63
1,scratch,student,10,random_matched,1,0.93,0.99,0.11791214,0.06,0.809795918367347,0.4440085454789924,6.63
1,scratch,student,10,random_matched,2,0.94,0.99,0.12814495,0.05,0.81,0.44735310153975905,6.63
1,scratch,student,10,random_matched,3,0.92,0.99,0.1583838,0.07,0.8089285714285714,0.44005021110654985,6.63
1,scratch,student,10,random_matched,4,0.935,0.99,0.13564333,0.055,0.8096938775510205,0.4440884284015621,6.63
1,scratch,student,25,student,0,0.905,0.99,0.20940045,0.085,0.8155612244897958,0.49167450638760546,0.0
1,scratch,student,25,student,1,0.905,0.99,0.20940045,0.085,0.8155612244897958,0.49167450638760546,0.0
1,scratch,student,25,student,2,0.905,0.99,0.20940045,0.085,0.8155612244897958,0.49167450638760546,0.0
1,scratch,student,25,student,3,0.905,0.99,0.20940045,0.085,0.8155612244897958,0.49167450638760546,0.0
1,scratch,student,25,student,4,0.905,0.99,0.20940045,0.085,0.8155612244897958,0.49167450638760546,0.0
1,scratch,student,25,random,0,0.965,0.99,0.056922186,0.025,0.8246938775510205,0.48994748795493875,0.0
1,scratch,student,25,random,1,0.96,0.99,0.05728908,0.03,0.8235204081632653,0.4946262972715817,0.0
1,scratch,student,25,random,2,0.95,0.99,0.085698776,0.04,0.8219387755102041,0.47777470733476307,0.0
1,scratch,student,25,random,3,0.955,0.99,0.08480307,0.035,0.822857142857143,0.4756299304983063,0.0
1,scratch,student,25,random,4,0.94,0.99,0.13114145,0.05,0.8268877551020407,0.5175266882325791,0.0
1,scratch,student,25,random_rescue_10,0,0.945,0.99,0.12123663,0.045,0.8181122448979592,0.4946945887023967,10.0
1,scratch,student,25,random_rescue_10,1,0.92,0.99,0.14195926,0.07,0.8183673469387756,0.5004648577611203,10.0
1,scratch,student,25,random_rescue_10,2,0.92,0.99,0.12928902,0.07,0.8161224489795919,0.4936872392569082,10.0
1,scratch,student,25,random_rescue_10,3,0.955,0.99,0.10942503,0.035,0.8177040816326531,0.4832759289592133,10.0
1,scratch,student,25,random_rescue_10,4,0.92,0.99,0.12151497,0.07,0.8185204081632653,0.4968520334958615,10.0
1,scratch,student,25,foreground_rescue_10,0,0.96,0.99,0.069848135,0.03,0.7460714285714286,0.17100621328593565,6.81
1,scratch,student,25,foreground_rescue_10,1,0.965,0.99,0.059607252,0.025,0.7460714285714286,0.17100621328593565,6.81
1,scratch,student,25,foreground_rescue_10,2,0.95,0.99,0.0872425,0.04,0.7460714285714286,0.17100621328593565,6.81
1,scratch,student,25,foreground_rescue_10,3,0.955,0.99,0.071478084,0.035,0.7460714285714286,0.17100621328593565,6.81
1,scratch,student,25,foreground_rescue_10,4,0.965,0.99,0.059883565,0.025,0.7460714285714286,0.17100621328593565,6.81
1,scratch,student,25,low_score_rescue_10,0,0.905,0.99,0.19320244,0.085,0.8138775510204083,0.48109623353790565,10.0
1,scratch,student,25,low_score_rescue_10,1,0.92,0.99,0.15388902,0.07,0.8146938775510205,0.48590128972030766,10.0
1,scratch,student,25,low_score_rescue_10,2,0.91,0.99,0.19113171,0.08,0.8140816326530611,0.4809683790293716,10.0
1,scratch,student,25,low_score_rescue_10,3,0.905,0.99,0.18800887,0.085,0.8127040816326531,0.47678963410959896,10.0
1,scratch,student,25,low_score_rescue_10,4,0.92,0.99,0.15968297,0.07,0.8127040816326531,0.47639603407540526,10.0
1,scratch,student,25,random_matched,0,0.92,0.99,0.16250823,0.07,0.8148979591836735,0.4887791916057417,6.81
1,scratch,student,25,random_matched,1,0.915,0.99,0.17219093,0.075,0.8161734693877551,0.48638930275115305,6.81
1,scratch,student,25,random_matched,2,0.91,0.99,0.17420796,0.08,0.815561224489796,0.47712091948686663,6.81
1,scratch,student,25,random_matched,3,0.905,0.99,0.209938,0.085,0.8158673469387755,0.49038720857544715,6.81
1,scratch,student,25,random_matched,4,0.92,0.99,0.15715222,0.07,0.8152551020408163,0.4883950594539867,6.81
1,scratch,student,50,student,0,0.91,0.99,0.20991775,0.08,0.811734693877551,0.451204373207199,0.0
1,scratch,student,50,student,1,0.91,0.99,0.20991775,0.08,0.811734693877551,0.451204373207199,0.0
1,scratch,student,50,student,2,0.91,0.99,0.20991775,0.08,0.811734693877551,0.451204373207199,0.0
1,scratch,student,50,student,3,0.91,0.99,0.20991775,0.08,0.811734693877551,0.451204373207199,0.0
1,scratch,student,50,student,4,0.91,0.99,0.20991775,0.08,0.811734693877551,0.451204373207199,0.0
1,scratch,student,50,random,0,0.965,0.99,0.056922186,0.025,0.8246938775510205,0.48994748795493875,0.0
1,scratch,student,50,random,1,0.96,0.99,0.05728908,0.03,0.8235204081632653,0.4946262972715817,0.0
1,scratch,student,50,random,2,0.95,0.99,0.085698776,0.04,0.8219387755102041,0.47777470733476307,0.0
1,scratch,student,50,random,3,0.955,0.99,0.08480307,0.035,0.822857142857143,0.4756299304983063,0.0
1,scratch,student,50,random,4,0.94,0.99,0.13114145,0.05,0.8268877551020407,0.5175266882325791,0.0
1,scratch,student,50,random_rescue_10,0,0.925,0.99,0.14618102,0.065,0.8139285714285716,0.4647515721357549,10.0
1,scratch,student,50,random_rescue_10,1,0.915,0.99,0.15352753,0.075,0.8148469387755103,0.46220985125344605,10.0
1,scratch,student,50,random_rescue_10,2,0.925,0.99,0.15545145,0.065,0.813265306122449,0.4522244112541875,10.0
1,scratch,student,50,random_rescue_10,3,0.935,0.99,0.119090326,0.055,0.8163775510204081,0.467594594194975,10.0
1,scratch,student,50,random_rescue_10,4,0.925,0.99,0.1491186,0.065,0.8159693877551021,0.46145108893226133,10.0
1,scratch,student,50,foreground_rescue_10,0,0.935,0.99,0.11304736,0.055,0.7427551020408163,0.1578110273674022,6.76
1,scratch,student,50,foreground_rescue_10,1,0.93,0.99,0.11007221,0.06,0.7427551020408163,0.1578110273674022,6.76
1,scratch,student,50,foreground_rescue_10,2,0.93,0.99,0.11994067,0.06,0.7427551020408163,0.1578110273674022,6.76
1,scratch,student,50,foreground_rescue_10,3,0.935,0.99,0.114394635,0.055,0.7427551020408163,0.1578110273674022,6.76
1,scratch,student,50,foreground_rescue_10,4,0.94,0.99,0.10451126,0.05,0.7427551020408163,0.1578110273674022,6.76
1,scratch,student,50,low_score_rescue_10,0,0.915,0.99,0.17875324,0.075,0.8088775510204081,0.44541218191629567,10.0
1,scratch,student,50,low_score_rescue_10,1,0.935,0.99,0.13513069,0.055,0.8101530612244897,0.44634689573661745,10.0
1,scratch,student,50,low_score_rescue_10,2,0.94,0.99,0.12933445,0.05,0.8100510204081632,0.4492711650412225,10.0
1,scratch,student,50,low_score_rescue_10,3,0.925,0.99,0.13750044,0.065,0.8094897959183673,0.4390507645436272,10.0
1,scratch,student,50,low_score_rescue_10,4,0.94,0.99,0.15483339,0.05,0.8095408163265305,0.4460310174177387,10.0
1,scratch,student,50,random_matched,0,0.915,0.99,0.16407509,0.075,0.8127551020408162,0.44778969880118674,6.76
1,scratch,student,50,random_matched,1,0.935,0.99,0.14703022,0.055,0.8131632653061223,0.45168842821137917,6.76
1,scratch,student,50,random_matched,2,0.91,0.99,0.18278985,0.08,0.8138265306122449,0.4496588341084242,6.76
1,scratch,student,50,random_matched,3,0.915,0.99,0.16648592,0.075,0.8117346938775509,0.4471982377348233,6.76
1,scratch,student,50,random_matched,4,0.89,0.99,0.19920479,0.1,0.8133673469387755,0.452888478239944,6.76
1,scratch,student,75,student,0,0.905,0.99,0.18624137,0.085,0.8217857142857143,0.4836719788017264,0.0
1,scratch,student,75,student,1,0.905,0.99,0.18624137,0.085,0.8217857142857143,0.4836719788017264,0.0
1,scratch,student,75,student,2,0.905,0.99,0.18624137,0.085,0.8217857142857143,0.4836719788017264,0.0
1,scratch,student,75,student,3,0.905,0.99,0.18624137,0.085,0.8217857142857143,0.4836719788017264,0.0
1,scratch,student,75,student,4,0.905,0.99,0.18624137,0.085,0.8217857142857143,0.4836719788017264,0.0
1,scratch,student,75,random,0,0.965,0.99,0.056922186,0.025,0.8246938775510205,0.48994748795493875,0.0
1,scratch,student,75,random,1,0.96,0.99,0.05728908,0.03,0.8235204081632653,0.4946262972715817,0.0
1,scratch,student,75,random,2,0.95,0.99,0.085698776,0.04,0.8219387755102041,0.47777470733476307,0.0
1,scratch,student,75,random,3,0.955,0.99,0.08480307,0.035,0.822857142857143,0.4756299304983063,0.0
1,scratch,student,75,random,4,0.94,0.99,0.13114145,0.05,0.8268877551020407,0.5175266882325791,0.0
1,scratch,student,75,random_rescue_10,0,0.925,0.99,0.14809817,0.065,0.8228061224489795,0.49568542296519186,10.0
1,scratch,student,75,random_rescue_10,1,0.935,0.99,0.13973317,0.06,0.8230612244897959,0.4874717389733618,10.0
1,scratch,student,75,random_rescue_10,2,0.93,0.99,0.13216224,0.06,0.8206122448979591,0.48804188533634046,10.0
1,scratch,student,75,random_rescue_10,3,0.925,0.99,0.16679122,0.065,0.8223979591836735,0.48396219567664134,10.0
1,scratch,student,75,random_rescue_10,4,0.885,0.99,0.178592,0.105,0.823265306122449,0.49753798655081605,10.0
1,scratch,student,75,foreground_rescue_10,0,0.955,0.99,0.06567836,0.035,0.7514285714285716,0.17413751679727807,6.895
1,scratch,student,75,foreground_rescue_10,1,0.96,0.99,0.059319116,0.03,0.7514285714285716,0.17413751679727807,6.895
1,scratch,student,75,foreground_rescue_10,2,0.95,0.99,0.059741937,0.04,0.7514285714285716,0.17413751679727807,6.895
1,scratch,student,75,foreground_rescue_10,3,0.96,0.99,0.05609934,0.03,0.7514285714285716,0.17413751679727807,6.895
1,scratch,student,75,foreground_rescue_10,4,0.945,0.99,0.07476847,0.045,0.7514285714285716,0.17413751679727807,6.895
1,scratch,student,75,low_score_rescue_10,0,0.92,0.99,0.1570409,0.075,0.8172448979591838,0.4751375379256062,10.0
1,scratch,student,75,low_score_rescue_10,1,0.93,0.99,0.14685668,0.06,0.8197448979591836,0.47212509590148344,10.0
1,scratch,student,75,low_score_rescue_10,2,0.92,0.99,0.17731413,0.07,0.8186734693877551,0.4763624971860655,10.0
1,scratch,student,75,low_score_rescue_10,3,0.92,0.99,0.13972415,0.07,0.8185204081632652,0.4696329646870185,10.0
1,scratch,student,75,low_score_rescue_10,4,0.94,0.99,0.11011635,0.05,0.8175510204081633,0.47118680346445957,10.0
1,scratch,student,75,random_matched,0,0.905,0.99,0.19098893,0.085,0.8202551020408163,0.4731331174025881,6.895
1,scratch,student,75,random_matched,1,0.915,0.99,0.1572681,0.075,0.8198469387755103,0.47779654896243223,6.895
1,scratch,student,75,random_matched,2,0.925,0.99,0.15654,0.065,0.8197448979591837,0.4752156368716774,6.895
1,scratch,student,75,random_matched,3,0.92,0.99,0.158018,0.07,0.821734693877551,0.47832377245658875,6.895
1,scratch,student,75,random_matched,4,0.905,0.99,0.1988235,0.085,0.8204081632653061,0.4759149720927579,6.895
1,scratch,student,100,student,0,0.905,0.99,0.20386642,0.085,0.8166326530612245,0.4760283189365017,0.0
1,scratch,student,100,student,1,0.905,0.99,0.20386642,0.085,0.8166326530612245,0.4760283189365017,0.0
1,scratch,student,100,student,2,0.905,0.99,0.20386642,0.085,0.8166326530612245,0.4760283189365017,0.0
1,scratch,student,100,student,3,0.905,0.99,0.20386642,0.085,0.8166326530612245,0.4760283189365017,0.0
1,scratch,student,100,student,4,0.905,0.99,0.20386642,0.085,0.8166326530612245,0.4760283189365017,0.0
1,scratch,student,100,random,0,0.965,0.99,0.056922186,0.025,0.8246938775510205,0.48994748795493875,0.0
1,scratch,student,100,random,1,0.96,0.99,0.05728908,0.03,0.8235204081632653,0.4946262972715817,0.0
1,scratch,student,100,random,2,0.95,0.99,0.085698776,0.04,0.8219387755102041,0.47777470733476307,0.0
1,scratch,student,100,random,3,0.955,0.99,0.08480307,0.035,0.822857142857143,0.4756299304983063,0.0
1,scratch,student,100,random,4,0.94,0.99,0.13114145,0.05,0.8268877551020407,0.5175266882325791,0.0
1,scratch,student,100,random_rescue_10,0,0.92,0.99,0.16412924,0.07,0.817908163265306,0.4899999549777283,10.0
1,scratch,student,100,random_rescue_10,1,0.93,0.99,0.12709343,0.06,0.8192346938775509,0.4882592552805037,10.0
1,scratch,student,100,random_rescue_10,2,0.925,0.99,0.15864629,0.065,0.8183673469387754,0.4880538902265142,10.0
1,scratch,student,100,random_rescue_10,3,0.925,0.99,0.12207415,0.065,0.8182142857142858,0.47794409812408645,10.0
1,scratch,student,100,random_rescue_10,4,0.92,0.99,0.1568891,0.07,0.8180612244897959,0.4796027675960006,10.0
1,scratch,student,100,foreground_rescue_10,0,0.955,0.99,0.054719616,0.035,0.7464285714285714,0.164068802477049,6.88
1,scratch,student,100,foreground_rescue_10,1,0.96,0.99,0.062219113,0.03,0.7464285714285714,0.164068802477049,6.88
1,scratch,student,100,foreground_rescue_10,2,0.96,0.99,0.05499009,0.03,0.7464285714285714,0.164068802477049,6.88
1,scratch,student,100,foreground_rescue_10,3,0.955,0.99,0.06748885,0.035,0.7464285714285714,0.164068802477049,6.88
1,scratch,student,100,foreground_rescue_10,4,0.955,0.99,0.06187481,0.035,0.7464285714285714,0.164068802477049,6.88
1,scratch,student,100,low_score_rescue_10,0,0.915,0.99,0.15637608,0.075,0.8120408163265306,0.46056608488836087,10.0
1,scratch,student,100,low_score_rescue_10,1,0.92,0.99,0.17486742,0.07,0.813265306122449,0.4618544223551982,10.0
1,scratch,student,100,low_score_rescue_10,2,0.915,0.99,0.19344589,0.075,0.8149489795918368,0.46999631792115126,10.0
1,scratch,student,100,low_score_rescue_10,3,0.915,0.99,0.14438838,0.075,0.8129591836734694,0.4659227061902038,10.0
1,scratch,student,100,low_score_rescue_10,4,0.925,0.99,0.16202402,0.07,0.8121938775510205,0.4520663795679751,10.0
1,scratch,student,100,random_matched,0,0.915,0.99,0.16692428,0.075,0.8165816326530613,0.46872697172657685,6.88
1,scratch,student,100,random_matched,1,0.925,0.99,0.15820566,0.065,0.8156632653061225,0.4701192978571432,6.88
1,scratch,student,100,random_matched,2,0.92,0.99,0.17107707,0.07,0.8167857142857143,0.47197107638615676,6.88
1,scratch,student,100,random_matched,3,0.905,0.99,0.1801136,0.085,0.8169387755102042,0.46993136486058684,6.88
1,scratch,student,100,random_matched,4,0.915,0.99,0.17081521,0.075,0.8163775510204081,0.4677393355716952,6.88
2,imagenet,ce,0,student,0,0.955,0.965,0.024650788,0.015,0.7058673469387755,0.08231790489358617,0.0
2,imagenet,ce,0,student,1,0.955,0.965,0.024650788,0.015,0.7058673469387755,0.08231790489358617,0.0
2,imagenet,ce,0,student,2,0.955,0.965,0.024650788,0.015,0.7058673469387755,0.08231790489358617,0.0
2,imagenet,ce,0,student,3,0.955,0.965,0.024650788,0.015,0.7058673469387755,0.08231790489358617,0.0
2,imagenet,ce,0,student,4,0.955,0.965,0.024650788,0.015,0.7058673469387755,0.08231790489358617,0.0
2,imagenet,ce,0,random,0,0.94,0.965,0.09405363,0.035,0.8246938775510205,0.48994748795493875,0.0
2,imagenet,ce,0,random,1,0.93,0.965,0.11544752,0.04,0.8235204081632653,0.4946262972715817,0.0
2,imagenet,ce,0,random,2,0.935,0.965,0.097691804,0.035,0.8219387755102041,0.47777470733476307,0.0
2,imagenet,ce,0,random,3,0.945,0.965,0.070126064,0.025,0.822857142857143,0.4756299304983063,0.0
2,imagenet,ce,0,random,4,0.945,0.965,0.13986777,0.035,0.8268877551020407,0.5175266882325791,0.0
2,imagenet,ce,0,random_rescue_10,0,0.955,0.965,0.038569137,0.015,0.729234693877551,0.1679639018459042,10.0
2,imagenet,ce,0,random_rescue_10,1,0.96,0.965,0.017329695,0.01,0.7321428571428572,0.17112982691976839,10.0
2,imagenet,ce,0,random_rescue_10,2,0.955,0.965,0.01626845,0.01,0.7311224489795919,0.17162426857917626,10.0
2,imagenet,ce,0,random_rescue_10,3,0.965,0.965,0.012426552,0.005,0.7294897959183675,0.17406355448185729,10.0
2,imagenet,ce,0,random_rescue_10,4,0.96,0.965,0.040426616,0.015,0.7296428571428573,0.15813417548845027,10.0
2,imagenet,ce,0,foreground_rescue_10,0,0.96,0.965,0.0187087,0.01,0.677295918367347,0.025096868132710646,2.8
2,imagenet,ce,0,foreground_rescue_10,1,0.96,0.965,0.015796212,0.01,0.677295918367347,0.025096868132710646,2.8
2,imagenet,ce,0,foreground_rescue_10,2,0.96,0.965,0.014038241,0.01,0.677295918367347,0.025096868132710646,2.8
2,imagenet,ce,0,foreground_rescue_10,3,0.96,0.965,0.013823228,0.01,0.677295918367347,0.025096868132710646,2.8
2,imagenet,ce,0,foreground_rescue_10,4,0.955,0.965,0.033695053,0.015,0.677295918367347,0.025096868132710646,2.8
2,imagenet,ce,0,low_score_rescue_10,0,0.955,0.965,0.032109138,0.01,0.7128571428571427,0.09592084560465473,10.0
2,imagenet,ce,0,low_score_rescue_10,1,0.96,0.965,0.02137252,0.01,0.7136734693877551,0.09635290260200267,10.0
2,imagenet,ce,0,low_score_rescue_10,2,0.955,0.965,0.032719165,0.01,0.7132142857142857,0.09623877203175696,10.0
2,imagenet,ce,0,low_score_rescue_10,3,0.965,0.965,0.032013148,0.005,0.7127551020408163,0.09565284000194518,10.0
2,imagenet,ce,0,low_score_rescue_10,4,0.96,0.965,0.025018862,0.01,0.7127551020408163,0.09502717675311124,10.0
2,imagenet,ce,0,random_matched,0,0.955,0.965,0.027133279,0.015,0.7163775510204081,0.09909034654213109,2.8
2,imagenet,ce,0,random_matched,1,0.955,0.965,0.019171877,0.015,0.7163775510204081,0.10026353536070877,2.8
2,imagenet,ce,0,random_matched,2,0.96,0.965,0.015338807,0.01,0.7168877551020408,0.10060035762440128,2.8
2,imagenet,ce,0,random_matched,3,0.96,0.965,0.014347624,0.01,0.7167346938775511,0.10205323439281039,2.8
2,imagenet,ce,0,random_matched,4,0.955,0.965,0.019086964,0.015,0.7166836734693877,0.09952487927668469,2.8
2,imagenet,ce,10,student,0,0.96,0.965,0.019936176,0.01,0.7048469387755102,0.0795218726928575,0.0
2,imagenet,ce,10,student,1,0.96,0.965,0.019936176,0.01,0.7048469387755102,0.0795218726928575,0.0
2,imagenet,ce,10,student,2,0.96,0.965,0.019936176,0.01,0.7048469387755102,0.0795218726928575,0.0
2,imagenet,ce,10,student,3,0.96,0.965,0.019936176,0.01,0.7048469387755102,0.0795218726928575,0.0
2,imagenet,ce,10,student,4,0.96,0.965,0.019936176,0.01,0.7048469387755102,0.0795218726928575,0.0
2,imagenet,ce,10,random,0,0.94,0.965,0.09405363,0.035,0.8246938775510205,0.48994748795493875,0.0
2,imagenet,ce,10,random,1,0.93,0.965,0.11544752,0.04,0.8235204081632653,0.4946262972715817,0.0
2,imagenet,ce,10,random,2,0.935,0.965,0.097691804,0.035,0.8219387755102041,0.47777470733476307,0.0
2,imagenet,ce,10,random,3,0.945,0.965,0.070126064,0.025,0.822857142857143,0.4756299304983063,0.0
2,imagenet,ce,10,random,4,0.945,0.965,0.13986777,0.035,0.8268877551020407,0.5175266882325791,0.0
2,imagenet,ce,10,random_rescue_10,0,0.955,0.965,0.041930504,0.015,0.7298979591836735,0.17360693473348937,10.0
2,imagenet,ce,10,random_rescue_10,1,0.97,0.965,0.021132018,0.005,0.7298469387755102,0.16307739623558035,10.0
2,imagenet,ce,10,random_rescue_10,2,0.945,0.965,0.031188771,0.02,0.7303061224489796,0.16860249315304027,10.0
2,imagenet,ce,10,random_rescue_10,3,0.96,0.965,0.03270476,0.01,0.7307142857142856,0.17149423070772474,10.0
2,imagenet,ce,10,random_rescue_10,4,0.96,0.965,0.02441832,0.01,0.7294897959183673,0.1604845685100844,10.0
2,imagenet,ce,10,foreground_rescue_10,0,0.96,0.965,0.01910785,0.01,0.677295918367347,0.02563622644731132,2.7
2,imagenet,ce,10,foreground_rescue_10,1,0.96,0.965,0.019918187,0.01,0.677295918367347,0.02563622644731132,2.7
2,imagenet,ce,10,foreground_rescue_10,2,0.96,0.965,0.018708253,0.01,0.677295918367347,0.02563622644731132,2.7
2,imagenet,ce,10,foreground_rescue_10,3,0.965,0.965,0.01548867,0.005,0.677295918367347,0.02563622644731132,2.7
2,imagenet,ce,10,foreground_rescue_10,4,0.96,0.965,0.016762536,0.01,0.677295918367347,0.02563622644731132,2.7
2,imagenet,ce,10,low_score_rescue_10,0,0.95,0.965,0.025728308,0.015,0.7105102040816327,0.09103523904269893,10.0
2,imagenet,ce,10,low_score_rescue_10,1,0.96,0.965,0.030682044,0.01,0.7115816326530612,0.09181177465213967,10.0
2,imagenet,ce,10,low_score_rescue_10,2,0.955,0.965,0.03444145,0.015,0.7106632653061224,0.09103690575483328,10.0
2,imagenet,ce,10,low_score_rescue_10,3,0.955,0.965,0.025975341,0.015,0.7101530612244897,0.09128980804543507,10.0
2,imagenet,ce,10,low_score_rescue_10,4,0.96,0.965,0.023078103,0.01,0.7107653061224489,0.09056278665248083,10.0
2,imagenet,ce,10,random_matched,0,0.955,0.965,0.029683378,0.015,0.7160204081632654,0.09758601752856494,2.7
2,imagenet,ce,10,random_matched,1,0.955,0.965,0.026198544,0.015,0.7151530612244897,0.09722796801562755,2.7
2,imagenet,ce,10,random_matched,2,0.96,0.965,0.01819653,0.01,0.7148469387755102,0.09503772240423569,2.7
2,imagenet,ce,10,random_matched,3,0.96,0.965,0.022963507,0.01,0.7144897959183674,0.09606379650134998,2.7
2,imagenet,ce,10,random_matched,4,0.97,0.965,0.011223176,0.0,0.7144387755102042,0.09605975477789079,2.7
2,imagenet,ce,25,student,0,0.965,0.965,0.016162457,0.005,0.7141326530612244,0.10399699495786904,0.0
2,imagenet,ce,25,student,1,0.965,0.965,0.016162457,0.005,0.7141326530612244,0.10399699495786904,0.0
2,imagenet,ce,25,student,2,0.965,0.965,0.016162457,0.005,0.7141326530612244,0.10399699495786904,0.0
2,imagenet,ce,25,student,3,0.965,0.965,0.016162457,0.005,0.7141326530612244,0.10399699495786904,0.0
2,imagenet,ce,25,student,4,0.965,0.965,0.016162457,0.005,0.7141326530612244,0.10399699495786904,0.0
2,imagenet,ce,25,random,0,0.94,0.965,0.09405363,0.035,0.8246938775510205,0.48994748795493875,0.0
2,imagenet,ce,25,random,1,0.93,0.965,0.11544752,0.04,0.8235204081632653,0.4946262972715817,0.0
2,imagenet,ce,25,random,2,0.935,0.965,0.097691804,0.035,0.8219387755102041,0.47777470733476307,0.0
2,imagenet,ce,25,random,3,0.945,0.965,0.070126064,0.025,0.822857142857143,0.4756299304983063,0.0
2,imagenet,ce,25,random,4,0.945,0.965,0.13986777,0.035,0.8268877551020407,0.5175266882325791,0.0
2,imagenet,ce,25,random_rescue_10,0,0.955,0.965,0.0132540595,0.01,0.7379081632653061,0.19151622288562173,10.0
2,imagenet,ce,25,random_rescue_10,1,0.965,0.965,0.038984153,0.01,0.7377551020408163,0.19806353155179804,10.0
2,imagenet,ce,25,random_rescue_10,2,0.955,0.965,0.034522597,0.015,0.7380102040816326,0.19136962357497078,10.0
2,imagenet,ce,25,random_rescue_10,3,0.95,0.965,0.04267211,0.02,0.7374489795918368,0.18603488638240756,10.0
2,imagenet,ce,25,random_rescue_10,4,0.965,0.965,0.02412554,0.005,0.7373979591836735,0.18740254392925262,10.0
2,imagenet,ce,25,foreground_rescue_10,0,0.965,0.965,0.011772728,0.005,0.6818877551020408,0.03255004003379437,3.16
2,imagenet,ce,25,foreground_rescue_10,1,0.96,0.965,0.016588015,0.01,0.6818877551020408,0.03255004003379437,3.16
2,imagenet,ce,25,foreground_rescue_10,2,0.965,0.965,0.010889645,0.005,0.6818877551020408,0.03255004003379437,3.16
2,imagenet,ce,25,foreground_rescue_10,3,0.97,0.965,0.011944882,0.0,0.6818877551020408,0.03255004003379437,3.16
2,imagenet,ce,25,foreground_rescue_10,4,0.965,0.965,0.011495031,0.005,0.6818877551020408,0.03255004003379437,3.16
2,imagenet,ce,25,low_score_rescue_10,0,0.965,0.965,0.01774616,0.005,0.7204081632653062,0.11399444840333067,10.0
2,imagenet,ce,25,low_score_rescue_10,1,0.975,0.965,0.021785734,0.005,0.7210204081632652,0.11639879467846048,10.0
2,imagenet,ce,25,low_score_rescue_10,2,0.97,0.965,0.01900792,0.005,0.7211734693877552,0.11616253798406274,10.0
2,imagenet,ce,25,low_score_rescue_10,3,0.975,0.965,0.032392487,0.005,0.7199489795918368,0.1157179192104999,10.0
2,imagenet,ce,25,low_score_rescue_10,4,0.965,0.965,0.025176173,0.005,0.7201020408163266,0.11485363174942417,10.0
2,imagenet,ce,25,random_matched,0,0.97,0.965,0.008976559,0.0,0.7250510204081633,0.12167972863146842,3.16
2,imagenet,ce,25,random_matched,1,0.96,0.965,0.020064246,0.01,0.7244387755102042,0.12191998162032232,3.16
2,imagenet,ce,25,random_matched,2,0.965,0.965,0.013872747,0.005,0.7249489795918368,0.12330964032019952,3.16
2,imagenet,ce,25,random_matched,3,0.965,0.965,0.019055093,0.005,0.7244897959183675,0.12171427514614648,3.16
2,imagenet,ce,25,random_matched,4,0.965,0.965,0.016135212,0.005,0.7242857142857142,0.12104922980428975,3.16
2,imagenet,ce,50,student,0,0.965,0.965,0.024315363,0.01,0.7153571428571429,0.10705329686837677,0.0
2,imagenet,ce,50,student,1,0.965,0.965,0.024315363,0.01,0.7153571428571429,0.10705329686837677,0.0
2,imagenet,ce,50,student,2,0.965,0.965,0.024315363,0.01,0.7153571428571429,0.10705329686837677,0.0
2,imagenet,ce,50,student,3,0.965,0.965,0.024315363,0.01,0.7153571428571429,0.10705329686837677,0.0
2,imagenet,ce,50,student,4,0.965,0.965,0.024315363,0.01,0.7153571428571429,0.10705329686837677,0.0
2,imagenet,ce,50,random,0,0.94,0.965,0.09405363,0.035,0.8246938775510205,0.48994748795493875,0.0
2,imagenet,ce,50,random,1,0.93,0.965,0.11544752,0.04,0.8235204081632653,0.4946262972715817,0.0
2,imagenet,ce,50,random,2,0.935,0.965,0.097691804,0.035,0.8219387755102041,0.47777470733476307,0.0
2,imagenet,ce,50,random,3,0.945,0.965,0.070126064,0.025,0.822857142857143,0.4756299304983063,0.0
2,imagenet,ce,50,random,4,0.945,0.965,0.13986777,0.035,0.8268877551020407,0.5175266882325791,0.0
2,imagenet,ce,50,random_rescue_10,0,0.955,0.965,0.062316008,0.02,0.737295918367347,0.1857977661051782,10.0
2,imagenet,ce,50,random_rescue_10,1,0.955,0.965,0.030917086,0.015,0.7376530612244898,0.18582946016974233,10.0
2,imagenet,ce,50,random_rescue_10,2,0.96,0.965,0.038875688,0.015,0.7379081632653062,0.19066682061322224,10.0
2,imagenet,ce,50,random_rescue_10,3,0.97,0.965,0.02058599,0.005,0.737704081632653,0.18039501236998287,10.0
2,imagenet,ce,50,random_rescue_10,4,0.975,0.965,0.041880723,0.01,0.7370918367346939,0.17452764575902305,10.0
2,imagenet,ce,50,foreground_rescue_10,0,0.975,0.965,0.016501747,0.0,0.6828571428571428,0.0343804540220164,3.185
2,imagenet,ce,50,foreground_rescue_10,1,0.965,0.965,0.021412222,0.01,0.6828571428571428,0.0343804540220164,3.185
2,imagenet,ce,50,foreground_rescue_10,2,0.965,0.965,0.01843844,0.01,0.6828571428571428,0.0343804540220164,3.185
2,imagenet,ce,50,foreground_rescue_10,3,0.965,0.965,0.027141659,0.01,0.6828571428571428,0.0343804540220164,3.185
2,imagenet,ce,50,foreground_rescue_10,4,0.965,0.965,0.020471735,0.01,0.6828571428571428,0.0343804540220164,3.185
2,imagenet,ce,50,low_score_rescue_10,0,0.965,0.965,0.02699733,0.01,0.7229591836734695,0.12394228420412566,10.0
2,imagenet,ce,50,low_score_rescue_10,1,0.97,0.965,0.027603412,0.005,0.7227551020408163,0.12339602902133127,10.0
2,imagenet,ce,50,low_score_rescue_10,2,0.96,0.965,0.027794946,0.015,0.7225510204081631,0.12308770621163523,10.0
2,imagenet,ce,50,low_score_rescue_10,3,0.96,0.965,0.030900028,0.015,0.7220408163265307,0.1211671813035995,10.0
2,imagenet,ce,50,low_score_rescue_10,4,0.97,0.965,0.03909361,0.01,0.7220918367346938,0.12146786969433562,10.0
2,imagenet,ce,50,random_matched,0,0.965,0.965,0.031084867,0.01,0.7259693877551021,0.12495600342456893,3.185
2,imagenet,ce,50,random_matched,1,0.97,0.965,0.019737419,0.005,0.7252551020408162,0.12481213143162806,3.185
2,imagenet,ce,50,random_matched,2,0.975,0.965,0.0271857,0.005,0.725204081632653,0.12446105460899633,3.185
2,imagenet,ce,50,random_matched,3,0.96,0.965,0.02673614,0.015,0.7248979591836735,0.12382458101528213,3.185
2,imagenet,ce,50,random_matched,4,0.965,0.965,0.03331982,0.01,0.7253571428571429,0.12464609386234216,3.185
2,imagenet,ce,75,student,0,0.955,0.965,0.030941634,0.015,0.7193367346938776,0.11604183991389314,0.0
2,imagenet,ce,75,student,1,0.955,0.965,0.030941634,0.015,0.7193367346938776,0.11604183991389314,0.0
2,imagenet,ce,75,student,2,0.955,0.965,0.030941634,0.015,0.7193367346938776,0.11604183991389314,0.0
2,imagenet,ce,75,student,3,0.955,0.965,0.030941634,0.015,0.7193367346938776,0.11604183991389314,0.0
2,imagenet,ce,75,student,4,0.955,0.965,0.030941634,0.015,0.7193367346938776,0.11604183991389314,0.0
2,imagenet,ce,75,random,0,0.94,0.965,0.09405363,0.035,0.8246938775510205,0.48994748795493875,0.0
2,imagenet,ce,75,random,1,0.93,0.965,0.11544752,0.04,0.8235204081632653,0.4946262972715817,0.0
2,imagenet,ce,75,random,2,0.935,0.965,0.097691804,0.035,0.8219387755102041,0.47777470733476307,0.0
2,imagenet,ce,75,random,3,0.945,0.965,0.070126064,0.025,0.822857142857143,0.4756299304983063,0.0
2,imagenet,ce,75,random,4,0.945,0.965,0.13986777,0.035,0.8268877551020407,0.5175266882325791,0.0
2,imagenet,ce,75,random_rescue_10,0,0.955,0.965,0.028749976,0.01,0.7402040816326532,0.18844469634684202,10.0
2,imagenet,ce,75,random_rescue_10,1,0.955,0.965,0.065502614,0.015,0.7401020408163265,0.18738379631349872,10.0
2,imagenet,ce,75,random_rescue_10,2,0.965,0.965,0.038852897,0.01,0.7413265306122448,0.19162147460759574,10.0
2,imagenet,ce,75,random_rescue_10,3,0.955,0.965,0.03413498,0.015,0.7409183673469388,0.1893860659916809,10.0
2,imagenet,ce,75,random_rescue_10,4,0.96,0.965,0.047299013,0.015,0.7395918367346939,0.19135007896134676,10.0
2,imagenet,ce,75,foreground_rescue_10,0,0.95,0.965,0.030397166,0.02,0.6843367346938775,0.036478609972421173,3.43
2,imagenet,ce,75,foreground_rescue_10,1,0.96,0.965,0.017630178,0.01,0.6843367346938775,0.036478609972421173,3.43
2,imagenet,ce,75,foreground_rescue_10,2,0.96,0.965,0.020474657,0.01,0.6843367346938775,0.036478609972421173,3.43
2,imagenet,ce,75,foreground_rescue_10,3,0.965,0.965,0.01913992,0.005,0.6843367346938775,0.036478609972421173,3.43
2,imagenet,ce,75,foreground_rescue_10,4,0.96,0.965,0.017623927,0.01,0.6843367346938775,0.036478609972421173,3.43
2,imagenet,ce,75,low_score_rescue_10,0,0.96,0.965,0.026803093,0.01,0.7259183673469388,0.12997507118484375,10.0
2,imagenet,ce,75,low_score_rescue_10,1,0.96,0.965,0.02697956,0.01,0.7276530612244898,0.13173096840715817,10.0
2,imagenet,ce,75,low_score_rescue_10,2,0.965,0.965,0.026640907,0.005,0.7269387755102042,0.1328045107347705,10.0
2,imagenet,ce,75,low_score_rescue_10,3,0.955,0.965,0.04783227,0.015,0.725561224489796,0.13004180780476648,10.0
2,imagenet,ce,75,low_score_rescue_10,4,0.96,0.965,0.036339194,0.01,0.7261224489795919,0.13034281270732156,10.0
2,imagenet,ce,75,random_matched,0,0.96,0.965,0.023118144,0.01,0.7293367346938776,0.1346740262048335,3.43
2,imagenet,ce,75,random_matched,1,0.95,0.965,0.04225983,0.02,0.7294897959183673,0.13455379147094995,3.43
2,imagenet,ce,75,random_matched,2,0.95,0.965,0.038165245,0.02,0.7290816326530613,0.13359684576220482,3.43
2,imagenet,ce,75,random_matched,3,0.955,0.965,0.030845517,0.015,0.73,0.13609010351636508,3.43
2,imagenet,ce,75,random_matched,4,0.955,0.965,0.026979012,0.015,0.7291326530612244,0.13230469237500866,3.43
2,imagenet,ce,100,student,0,0.965,0.965,0.030781867,0.01,0.7180102040816325,0.1138455053490811,0.0
2,imagenet,ce,100,student,1,0.965,0.965,0.030781867,0.01,0.7180102040816325,0.1138455053490811,0.0
2,imagenet,ce,100,student,2,0.965,0.965,0.030781867,0.01,0.7180102040816325,0.1138455053490811,0.0
2,imagenet,ce,100,student,3,0.965,0.965,0.030781867,0.01,0.7180102040816325,0.1138455053490811,0.0
2,imagenet,ce,100,student,4,0.965,0.965,0.030781867,0.01,0.7180102040816325,0.1138455053490811,0.0
2,imagenet,ce,100,random,0,0.94,0.965,0.09405363,0.035,0.8246938775510205,0.48994748795493875,0.0
2,imagenet,ce,100,random,1,0.93,0.965,0.11544752,0.04,0.8235204081632653,0.4946262972715817,0.0
2,imagenet,ce,100,random,2,0.935,0.965,0.097691804,0.035,0.8219387755102041,0.47777470733476307,0.0
2,imagenet,ce,100,random,3,0.945,0.965,0.070126064,0.025,0.822857142857143,0.4756299304983063,0.0
2,imagenet,ce,100,random,4,0.945,0.965,0.13986777,0.035,0.8268877551020407,0.5175266882325791,0.0
2,imagenet,ce,100,random_rescue_10,0,0.96,0.965,0.03987253,0.01,0.7381632653061224,0.1845703925550449,10.0
2,imagenet,ce,100,random_rescue_10,1,0.96,0.965,0.033409018,0.01,0.7414285714285714,0.19663246448210164,10.0
2,imagenet,ce,100,random_rescue_10,2,0.96,0.965,0.022210574,0.01,0.739795918367347,0.1907168672540109,10.0
2,imagenet,ce,100,random_rescue_10,3,0.955,0.965,0.0708262,0.02,0.7408163265306124,0.19105855633103772,10.0
2,imagenet,ce,100,random_rescue_10,4,0.96,0.965,0.053806935,0.015,0.7396938775510205,0.18378350534846213,10.0
2,imagenet,ce,100,foreground_rescue_10,0,0.965,0.965,0.02190854,0.01,0.6833673469387754,0.035135299715036795,3.395
2,imagenet,ce,100,foreground_rescue_10,1,0.97,0.965,0.01781469,0.005,0.6833673469387754,0.035135299715036795,3.395
2,imagenet,ce,100,foreground_rescue_10,2,0.97,0.965,0.018642867,0.005,0.6833673469387754,0.035135299715036795,3.395
2,imagenet,ce,100,foreground_rescue_10,3,0.97,0.965,0.019316949,0.005,0.6833673469387754,0.035135299715036795,3.395
2,imagenet,ce,100,foreground_rescue_10,4,0.965,0.965,0.017747529,0.01,0.6833673469387754,0.035135299715036795,3.395
2,imagenet,ce,100,low_score_rescue_10,0,0.955,0.965,0.03173931,0.015,0.7261224489795919,0.13557020484135587,10.0
2,imagenet,ce,100,low_score_rescue_10,1,0.965,0.965,0.029178038,0.01,0.727091836734694,0.1365894921341621,10.0
2,imagenet,ce,100,low_score_rescue_10,2,0.96,0.965,0.049068414,0.015,0.7256122448979591,0.13413981375282438,10.0
2,imagenet,ce,100,low_score_rescue_10,3,0.965,0.965,0.023920145,0.005,0.725204081632653,0.13356906431720025,10.0
2,imagenet,ce,100,low_score_rescue_10,4,0.96,0.965,0.023055945,0.01,0.7264795918367348,0.13531356244121234,10.0
2,imagenet,ce,100,random_matched,0,0.965,0.965,0.027461205,0.01,0.7289285714285714,0.13358325223818107,3.395
2,imagenet,ce,100,random_matched,1,0.96,0.965,0.02342679,0.015,0.7280102040816326,0.1305636573102446,3.395
2,imagenet,ce,100,random_matched,2,0.965,0.965,0.0259677,0.01,0.727295918367347,0.13041160374933464,3.395
2,imagenet,ce,100,random_matched,3,0.96,0.965,0.037607413,0.015,0.7281122448979593,0.13216026275089449,3.395
2,imagenet,ce,100,random_matched,4,0.965,0.965,0.030264882,0.01,0.7286734693877551,0.13136650795199495,3.395
2,imagenet,foreground_rescue_10,0,student,0,0.955,0.965,0.024650788,0.015,0.7058673469387755,0.08231790489358617,0.0
2,imagenet,foreground_rescue_10,0,student,1,0.955,0.965,0.024650788,0.015,0.7058673469387755,0.08231790489358617,0.0
2,imagenet,foreground_rescue_10,0,student,2,0.955,0.965,0.024650788,0.015,0.7058673469387755,0.08231790489358617,0.0
2,imagenet,foreground_rescue_10,0,student,3,0.955,0.965,0.024650788,0.015,0.7058673469387755,0.08231790489358617,0.0
2,imagenet,foreground_rescue_10,0,student,4,0.955,0.965,0.024650788,0.015,0.7058673469387755,0.08231790489358617,0.0
2,imagenet,foreground_rescue_10,0,random,0,0.94,0.965,0.09405363,0.035,0.8246938775510205,0.48994748795493875,0.0
2,imagenet,foreground_rescue_10,0,random,1,0.93,0.965,0.11544752,0.04,0.8235204081632653,0.4946262972715817,0.0
2,imagenet,foreground_rescue_10,0,random,2,0.935,0.965,0.097691804,0.035,0.8219387755102041,0.47777470733476307,0.0
2,imagenet,foreground_rescue_10,0,random,3,0.945,0.965,0.070126064,0.025,0.822857142857143,0.4756299304983063,0.0
2,imagenet,foreground_rescue_10,0,random,4,0.945,0.965,0.13986777,0.035,0.8268877551020407,0.5175266882325791,0.0
2,imagenet,foreground_rescue_10,0,random_rescue_10,0,0.955,0.965,0.038569137,0.015,0.729234693877551,0.1679639018459042,10.0
2,imagenet,foreground_rescue_10,0,random_rescue_10,1,0.96,0.965,0.017329695,0.01,0.7321428571428572,0.17112982691976839,10.0
2,imagenet,foreground_rescue_10,0,random_rescue_10,2,0.955,0.965,0.01626845,0.01,0.7311224489795919,0.17162426857917626,10.0
2,imagenet,foreground_rescue_10,0,random_rescue_10,3,0.965,0.965,0.012426552,0.005,0.7294897959183675,0.17406355448185729,10.0
2,imagenet,foreground_rescue_10,0,random_rescue_10,4,0.96,0.965,0.040426616,0.015,0.7296428571428573,0.15813417548845027,10.0
2,imagenet,foreground_rescue_10,0,foreground_rescue_10,0,0.96,0.965,0.0187087,0.01,0.677295918367347,0.025096868132710646,2.8
2,imagenet,foreground_rescue_10,0,foreground_rescue_10,1,0.96,0.965,0.015796212,0.01,0.677295918367347,0.025096868132710646,2.8
2,imagenet,foreground_rescue_10,0,foreground_rescue_10,2,0.96,0.965,0.014038241,0.01,0.677295918367347,0.025096868132710646,2.8
2,imagenet,foreground_rescue_10,0,foreground_rescue_10,3,0.96,0.965,0.013823228,0.01,0.677295918367347,0.025096868132710646,2.8
2,imagenet,foreground_rescue_10,0,foreground_rescue_10,4,0.955,0.965,0.033695053,0.015,0.677295918367347,0.025096868132710646,2.8
2,imagenet,foreground_rescue_10,0,low_score_rescue_10,0,0.955,0.965,0.032109138,0.01,0.7128571428571427,0.09592084560465473,10.0
2,imagenet,foreground_rescue_10,0,low_score_rescue_10,1,0.96,0.965,0.02137252,0.01,0.7136734693877551,0.09635290260200267,10.0
2,imagenet,foreground_rescue_10,0,low_score_rescue_10,2,0.955,0.965,0.032719165,0.01,0.7132142857142857,0.09623877203175696,10.0
2,imagenet,foreground_rescue_10,0,low_score_rescue_10,3,0.965,0.965,0.032013148,0.005,0.7127551020408163,0.09565284000194518,10.0
2,imagenet,foreground_rescue_10,0,low_score_rescue_10,4,0.96,0.965,0.025018862,0.01,0.7127551020408163,0.09502717675311124,10.0
2,imagenet,foreground_rescue_10,0,random_matched,0,0.955,0.965,0.027133279,0.015,0.7163775510204081,0.09909034654213109,2.8
2,imagenet,foreground_rescue_10,0,random_matched,1,0.955,0.965,0.019171877,0.015,0.7163775510204081,0.10026353536070877,2.8
2,imagenet,foreground_rescue_10,0,random_matched,2,0.96,0.965,0.015338807,0.01,0.7168877551020408,0.10060035762440128,2.8
2,imagenet,foreground_rescue_10,0,random_matched,3,0.96,0.965,0.014347624,0.01,0.7167346938775511,0.10205323439281039,2.8
2,imagenet,foreground_rescue_10,0,random_matched,4,0.955,0.965,0.019086964,0.015,0.7166836734693877,0.09952487927668469,2.8
2,imagenet,foreground_rescue_10,10,student,0,0.955,0.965,0.02650604,0.01,0.7073469387755102,0.0930001307734063,0.0
2,imagenet,foreground_rescue_10,10,student,1,0.955,0.965,0.02650604,0.01,0.7073469387755102,0.0930001307734063,0.0
2,imagenet,foreground_rescue_10,10,student,2,0.955,0.965,0.02650604,0.01,0.7073469387755102,0.0930001307734063,0.0
2,imagenet,foreground_rescue_10,10,student,3,0.955,0.965,0.02650604,0.01,0.7073469387755102,0.0930001307734063,0.0
2,imagenet,foreground_rescue_10,10,student,4,0.955,0.965,0.02650604,0.01,0.7073469387755102,0.0930001307734063,0.0
2,imagenet,foreground_rescue_10,10,random,0,0.94,0.965,0.09405363,0.035,0.8246938775510205,0.48994748795493875,0.0
2,imagenet,foreground_rescue_10,10,random,1,0.93,0.965,0.11544752,0.04,0.8235204081632653,0.4946262972715817,0.0
2,imagenet,foreground_rescue_10,10,random,2,0.935,0.965,0.097691804,0.035,0.8219387755102041,0.47777470733476307,0.0
2,imagenet,foreground_rescue_10,10,random,3,0.945,0.965,0.070126064,0.025,0.822857142857143,0.4756299304983063,0.0
2,imagenet,foreground_rescue_10,10,random,4,0.945,0.965,0.13986777,0.035,0.8268877551020407,0.5175266882325791,0.0
2,imagenet,foreground_rescue_10,10,random_rescue_10,0,0.955,0.965,0.03945541,0.015,0.7304081632653062,0.17885915865759966,10.0
2,imagenet,foreground_rescue_10,10,random_rescue_10,1,0.96,0.965,0.021461127,0.01,0.7314285714285714,0.1653697269376511,10.0
2,imagenet,foreground_rescue_10,10,random_rescue_10,2,0.96,0.965,0.059057616,0.01,0.7337244897959184,0.18597359817850437,10.0
2,imagenet,foreground_rescue_10,10,random_rescue_10,3,0.955,0.965,0.02373568,0.01,0.732091836734694,0.17502973819854134,10.0
2,imagenet,foreground_rescue_10,10,random_rescue_10,4,0.955,0.965,0.01891198,0.01,0.7303571428571429,0.17077706147405608,10.0
2,imagenet,foreground_rescue_10,10,foreground_rescue_10,0,0.955,0.965,0.023496702,0.01,0.6775510204081633,0.02654840103922549,2.92
2,imagenet,foreground_rescue_10,10,foreground_rescue_10,1,0.955,0.965,0.021768568,0.01,0.6775510204081633,0.02654840103922549,2.92
2,imagenet,foreground_rescue_10,10,foreground_rescue_10,2,0.955,0.965,0.024401138,0.01,0.6775510204081633,0.02654840103922549,2.92
2,imagenet,foreground_rescue_10,10,foreground_rescue_10,3,0.96,0.965,0.023371324,0.005,0.6775510204081633,0.02654840103922549,2.92
2,imagenet,foreground_rescue_10,10,foreground_rescue_10,4,0.955,0.965,0.024483524,0.01,0.6775510204081633,0.02654840103922549,2.92
2,imagenet,foreground_rescue_10,10,low_score_rescue_10,0,0.965,0.965,0.023497408,0.01,0.7126020408163265,0.10037291435248308,10.0
2,imagenet,foreground_rescue_10,10,low_score_rescue_10,1,0.96,0.965,0.014603957,0.005,0.7130102040816326,0.10109751974506076,10.0
2,imagenet,foreground_rescue_10,10,low_score_rescue_10,2,0.96,0.965,0.0182837,0.005,0.7128061224489797,0.10152963601513951,10.0
2,imagenet,foreground_rescue_10,10,low_score_rescue_10,3,0.96,0.965,0.014526005,0.01,0.7123469387755101,0.10109919923392022,10.0
2,imagenet,foreground_rescue_10,10,low_score_rescue_10,4,0.955,0.965,0.020724177,0.01,0.7125,0.1011640752351741,10.0
2,imagenet,foreground_rescue_10,10,random_matched,0,0.955,0.965,0.03360959,0.01,0.7183673469387756,0.11154358967877318,2.92
2,imagenet,foreground_rescue_10,10,random_matched,1,0.955,0.965,0.027315915,0.01,0.7177551020408164,0.10874505604213772,2.92
2,imagenet,foreground_rescue_10,10,random_matched,2,0.955,0.965,0.027780814,0.01,0.7177551020408163,0.10951095002739482,2.92
2,imagenet,foreground_rescue_10,10,random_matched,3,0.95,0.965,0.042804502,0.015,0.7178061224489796,0.11093904274230434,2.92
2,imagenet,foreground_rescue_10,10,random_matched,4,0.955,0.965,0.028191233,0.01,0.7177551020408163,0.110110776300394,2.92
2,imagenet,foreground_rescue_10,25,student,0,0.965,0.965,0.031180745,0.01,0.7118367346938776,0.09814705616830735,0.0
2,imagenet,foreground_rescue_10,25,student,1,0.965,0.965,0.031180745,0.01,0.7118367346938776,0.09814705616830735,0.0
2,imagenet,foreground_rescue_10,25,student,2,0.965,0.965,0.031180745,0.01,0.7118367346938776,0.09814705616830735,0.0
2,imagenet,foreground_rescue_10,25,student,3,0.965,0.965,0.031180745,0.01,0.7118367346938776,0.09814705616830735,0.0
2,imagenet,foreground_rescue_10,25,student,4,0.965,0.965,0.031180745,0.01,0.7118367346938776,0.09814705616830735,0.0
2,imagenet,foreground_rescue_10,25,random,0,0.94,0.965,0.09405363,0.035,0.8246938775510205,0.48994748795493875,0.0
2,imagenet,foreground_rescue_10,25,random,1,0.93,0.965,0.11544752,0.04,0.8235204081632653,0.4946262972715817,0.0
2,imagenet,foreground_rescue_10,25,random,2,0.935,0.965,0.097691804,0.035,0.8219387755102041,0.47777470733476307,0.0
2,imagenet,foreground_rescue_10,25,random,3,0.945,0.965,0.070126064,0.025,0.822857142857143,0.4756299304983063,0.0
2,imagenet,foreground_rescue_10,25,random,4,0.945,0.965,0.13986777,0.035,0.8268877551020407,0.5175266882325791,0.0
2,imagenet,foreground_rescue_10,25,random_rescue_10,0,0.96,0.965,0.048544817,0.015,0.7354081632653062,0.17530051364230098,10.0
2,imagenet,foreground_rescue_10,25,random_rescue_10,1,0.955,0.965,0.04349617,0.015,0.7364795918367348,0.18232797853108204,10.0
2,imagenet,foreground_rescue_10,25,random_rescue_10,2,0.945,0.965,0.041318316,0.025,0.737704081632653,0.1928696700351495,10.0
2,imagenet,foreground_rescue_10,25,random_rescue_10,3,0.95,0.965,0.044593945,0.025,0.7341326530612244,0.17574602964973354,10.0
2,imagenet,foreground_rescue_10,25,random_rescue_10,4,0.96,0.965,0.0461704,0.015,0.7346428571428573,0.18819664255781934,10.0
2,imagenet,foreground_rescue_10,25,foreground_rescue_10,0,0.945,0.965,0.045049448,0.03,0.6798979591836735,0.029904981919747574,3.13
2,imagenet,foreground_rescue_10,25,foreground_rescue_10,1,0.955,0.965,0.035935543,0.02,0.6798979591836735,0.029904981919747574,3.13
2,imagenet,foreground_rescue_10,25,foreground_rescue_10,2,0.96,0.965,0.030906286,0.015,0.6798979591836735,0.029904981919747574,3.13
2,imagenet,foreground_rescue_10,25,foreground_rescue_10,3,0.95,0.965,0.03753444,0.025,0.6798979591836735,0.029904981919747574,3.13
2,imagenet,foreground_rescue_10,25,foreground_rescue_10,4,0.96,0.965,0.031328306,0.015,0.6798979591836735,0.029904981919747574,3.13
2,imagenet,foreground_rescue_10,25,low_score_rescue_10,0,0.955,0.965,0.028098065,0.015,0.7198469387755102,0.11485653223607724,10.0
2,imagenet,foreground_rescue_10,25,low_score_rescue_10,1,0.96,0.965,0.042043988,0.015,0.719795918367347,0.11353622104212681,10.0
2,imagenet,foreground_rescue_10,25,low_score_rescue_10,2,0.96,0.965,0.024882222,0.01,0.719438775510204,0.1139891702214343,10.0
2,imagenet,foreground_rescue_10,25,low_score_rescue_10,3,0.965,0.965,0.02966171,0.01,0.7186734693877551,0.11269028222365311,10.0
2,imagenet,foreground_rescue_10,25,low_score_rescue_10,4,0.96,0.965,0.050336476,0.015,0.7188775510204082,0.11245208938910253,10.0
2,imagenet,foreground_rescue_10,25,random_matched,0,0.96,0.965,0.030282088,0.015,0.7229591836734695,0.11792360387192183,3.13
2,imagenet,foreground_rescue_10,25,random_matched,1,0.96,0.965,0.030258484,0.015,0.7228571428571428,0.11669633344797316,3.13
2,imagenet,foreground_rescue_10,25,random_matched,2,0.965,0.965,0.03495086,0.01,0.7221428571428572,0.11444863691962416,3.13
2,imagenet,foreground_rescue_10,25,random_matched,3,0.955,0.965,0.035998646,0.02,0.7230102040816326,0.11879685236960232,3.13
2,imagenet,foreground_rescue_10,25,random_matched,4,0.95,0.965,0.041198548,0.025,0.7228571428571429,0.1161768405072043,3.13
2,imagenet,foreground_rescue_10,50,student,0,0.96,0.965,0.026579624,0.015,0.7148469387755102,0.10069666513752047,0.0
2,imagenet,foreground_rescue_10,50,student,1,0.96,0.965,0.026579624,0.015,0.7148469387755102,0.10069666513752047,0.0
2,imagenet,foreground_rescue_10,50,student,2,0.96,0.965,0.026579624,0.015,0.7148469387755102,0.10069666513752047,0.0
2,imagenet,foreground_rescue_10,50,student,3,0.96,0.965,0.026579624,0.015,0.7148469387755102,0.10069666513752047,0.0
2,imagenet,foreground_rescue_10,50,student,4,0.96,0.965,0.026579624,0.015,0.7148469387755102,0.10069666513752047,0.0
2,imagenet,foreground_rescue_10,50,random,0,0.94,0.965,0.09405363,0.035,0.8246938775510205,0.48994748795493875,0.0
2,imagenet,foreground_rescue_10,50,random,1,0.93,0.965,0.11544752,0.04,0.8235204081632653,0.4946262972715817,0.0
2,imagenet,foreground_rescue_10,50,random,2,0.935,0.965,0.097691804,0.035,0.8219387755102041,0.47777470733476307,0.0
2,imagenet,foreground_rescue_10,50,random,3,0.945,0.965,0.070126064,0.025,0.822857142857143,0.4756299304983063,0.0
2,imagenet,foreground_rescue_10,50,random,4,0.945,0.965,0.13986777,0.035,0.8268877551020407,0.5175266882325791,0.0
2,imagenet,foreground_rescue_10,50,random_rescue_10,0,0.96,0.965,0.02734951,0.01,0.7374489795918368,0.18420237358517758,10.0
2,imagenet,foreground_rescue_10,50,random_rescue_10,1,0.95,0.965,0.04505137,0.02,0.7381632653061225,0.18213978777706707,10.0
2,imagenet,foreground_rescue_10,50,random_rescue_10,2,0.95,0.965,0.036193583,0.015,0.7384183673469387,0.18902676191486992,10.0
2,imagenet,foreground_rescue_10,50,random_rescue_10,3,0.95,0.965,0.028566346,0.015,0.7370408163265306,0.17982428323054103,10.0
2,imagenet,foreground_rescue_10,50,random_rescue_10,4,0.955,0.965,0.03248045,0.015,0.7367346938775511,0.17471556138227848,10.0
2,imagenet,foreground_rescue_10,50,foreground_rescue_10,0,0.96,0.965,0.027639655,0.015,0.6823979591836735,0.03376202926543749,3.18
2,imagenet,foreground_rescue_10,50,foreground_rescue_10,1,0.96,0.965,0.02398283,0.015,0.6823979591836735,0.03376202926543749,3.18
2,imagenet,foreground_rescue_10,50,foreground_rescue_10,2,0.96,0.965,0.0241934,0.015,0.6823979591836735,0.03376202926543749,3.18
2,imagenet,foreground_rescue_10,50,foreground_rescue_10,3,0.97,0.965,0.022822898,0.005,0.6823979591836735,0.03376202926543749,3.18
2,imagenet,foreground_rescue_10,50,foreground_rescue_10,4,0.965,0.965,0.020895427,0.01,0.6823979591836735,0.03376202926543749,3.18
2,imagenet,foreground_rescue_10,50,low_score_rescue_10,0,0.96,0.965,0.03347534,0.01,0.7227551020408163,0.11515122515170015,10.0
2,imagenet,foreground_rescue_10,50,low_score_rescue_10,1,0.965,0.965,0.03806533,0.01,0.722091836734694,0.11439804200897406,10.0
2,imagenet,foreground_rescue_10,50,low_score_rescue_10,2,0.955,0.965,0.03149525,0.015,0.7222448979591838,0.11623621505186482,10.0
2,imagenet,foreground_rescue_10,50,low_score_rescue_10,3,0.955,0.965,0.0467515,0.02,0.7215816326530612,0.11499706780384066,10.0
2,imagenet,foreground_rescue_10,50,low_score_rescue_10,4,0.965,0.965,0.041414574,0.01,0.7224489795918367,0.11504064498910281,10.0
2,imagenet,foreground_rescue_10,50,random_matched,0,0.97,0.965,0.02336782,0.005,0.7262755102040817,0.11980909450088426,3.18
2,imagenet,foreground_rescue_10,50,random_matched,1,0.965,0.965,0.029365133,0.01,0.7249489795918368,0.1173112863701608,3.18
2,imagenet,foreground_rescue_10,50,random_matched,2,0.96,0.965,0.022846611,0.015,0.7240816326530611,0.11543452293348758,3.18
2,imagenet,foreground_rescue_10,50,random_matched,3,0.965,0.965,0.025401922,0.01,0.7252551020408162,0.11756720955333573,3.18
2,imagenet,foreground_rescue_10,50,random_matched,4,0.975,0.965,0.015896589,0.0,0.7242857142857142,0.11611334309672662,3.18
2,imagenet,foreground_rescue_10,75,student,0,0.96,0.965,0.03742443,0.015,0.7146938775510204,0.10042786142854872,0.0
2,imagenet,foreground_rescue_10,75,student,1,0.96,0.965,0.03742443,0.015,0.7146938775510204,0.10042786142854872,0.0
2,imagenet,foreground_rescue_10,75,student,2,0.96,0.965,0.03742443,0.015,0.7146938775510204,0.10042786142854872,0.0
2,imagenet,foreground_rescue_10,75,student,3,0.96,0.965,0.03742443,0.015,0.7146938775510204,0.10042786142854872,0.0
2,imagenet,foreground_rescue_10,75,student,4,0.96,0.965,0.03742443,0.015,0.7146938775510204,0.10042786142854872,0.0
2,imagenet,foreground_rescue_10,75,random,0,0.94,0.965,0.09405363,0.035,0.8246938775510205,0.48994748795493875,0.0
2,imagenet,foreground_rescue_10,75,random,1,0.93,0.965,0.11544752,0.04,0.8235204081632653,0.4946262972715817,0.0
2,imagenet,foreground_rescue_10,75,random,2,0.935,0.965,0.097691804,0.035,0.8219387755102041,0.47777470733476307,0.0
2,imagenet,foreground_rescue_10,75,random,3,0.945,0.965,0.070126064,0.025,0.822857142857143,0.4756299304983063,0.0
2,imagenet,foreground_rescue_10,75,random,4,0.945,0.965,0.13986777,0.035,0.8268877551020407,0.5175266882325791,0.0
2,imagenet,foreground_rescue_10,75,random_rescue_10,0,0.95,0.965,0.038871303,0.02,0.7382142857142856,0.1915220303935682,10.0
2,imagenet,foreground_rescue_10,75,random_rescue_10,1,0.97,0.965,0.03039711,0.005,0.7369897959183674,0.18216280977283825,10.0
2,imagenet,foreground_rescue_10,75,random_rescue_10,2,0.965,0.965,0.021010056,0.005,0.7366836734693877,0.18603153444308299,10.0
2,imagenet,foreground_rescue_10,75,random_rescue_10,3,0.955,0.965,0.04933274,0.015,0.7366326530612244,0.17858541399312144,10.0
2,imagenet,foreground_rescue_10,75,random_rescue_10,4,0.96,0.965,0.060596675,0.015,0.7365306122448979,0.18108009664684452,10.0
2,imagenet,foreground_rescue_10,75,foreground_rescue_10,0,0.955,0.965,0.033003658,0.02,0.6813775510204081,0.03207374356705898,3.265
2,imagenet,foreground_rescue_10,75,foreground_rescue_10,1,0.955,0.965,0.039562844,0.02,0.6813775510204081,0.03207374356705898,3.265
2,imagenet,foreground_rescue_10,75,foreground_rescue_10,2,0.96,0.965,0.029789843,0.015,0.6813775510204081,0.03207374356705898,3.265
2,imagenet,foreground_rescue_10,75,foreground_rescue_10,3,0.96,0.965,0.028506631,0.015,0.6813775510204081,0.03207374356705898,3.265
2,imagenet,foreground_rescue_10,75,foreground_rescue_10,4,0.96,0.965,0.032540623,0.015,0.6813775510204081,0.03207374356705898,3.265
2,imagenet,foreground_rescue_10,75,low_score_rescue_10,0,0.96,0.965,0.030686555,0.015,0.722091836734694,0.11531943892148147,10.0
2,imagenet,foreground_rescue_10,75,low_score_rescue_10,1,0.96,0.965,0.046917114,0.015,0.7229591836734695,0.11650819748940136,10.0
2,imagenet,foreground_rescue_10,75,low_score_rescue_10,2,0.96,0.965,0.029709099,0.01,0.722091836734694,0.11590760486622523,10.0
2,imagenet,foreground_rescue_10,75,low_score_rescue_10,3,0.97,0.965,0.030901978,0.005,0.722091836734694,0.11475002056192025,10.0
2,imagenet,foreground_rescue_10,75,low_score_rescue_10,4,0.955,0.965,0.038761105,0.02,0.7223469387755103,0.11599154516662623,10.0
2,imagenet,foreground_rescue_10,75,random_matched,0,0.96,0.965,0.039153267,0.015,0.725765306122449,0.1195996665945865,3.265
2,imagenet,foreground_rescue_10,75,random_matched,1,0.97,0.965,0.02590177,0.005,0.7253061224489796,0.11914163552581353,3.265
2,imagenet,foreground_rescue_10,75,random_matched,2,0.96,0.965,0.03285164,0.015,0.725204081632653,0.11846153950974256,3.265
2,imagenet,foreground_rescue_10,75,random_matched,3,0.965,0.965,0.038710523,0.01,0.7257142857142856,0.12018583618145087,3.265
2,imagenet,foreground_rescue_10,75,random_matched,4,0.96,0.965,0.045591597,0.015,0.7245918367346939,0.11585184248934473,3.265
2,imagenet,foreground_rescue_10,100,student,0,0.955,0.965,0.050292477,0.02,0.7156632653061226,0.10341284291579056,0.0
2,imagenet,foreground_rescue_10,100,student,1,0.955,0.965,0.050292477,0.02,0.7156632653061226,0.10341284291579056,0.0
2,imagenet,foreground_rescue_10,100,student,2,0.955,0.965,0.050292477,0.02,0.7156632653061226,0.10341284291579056,0.0
2,imagenet,foreground_rescue_10,100,student,3,0.955,0.965,0.050292477,0.02,0.7156632653061226,0.10341284291579056,0.0
2,imagenet,foreground_rescue_10,100,student,4,0.955,0.965,0.050292477,0.02,0.7156632653061226,0.10341284291579056,0.0
2,imagenet,foreground_rescue_10,100,random,0,0.94,0.965,0.09405363,0.035,0.8246938775510205,0.48994748795493875,0.0
2,imagenet,foreground_rescue_10,100,random,1,0.93,0.965,0.11544752,0.04,0.8235204081632653,0.4946262972715817,0.0
2,imagenet,foreground_rescue_10,100,random,2,0.935,0.965,0.097691804,0.035,0.8219387755102041,0.47777470733476307,0.0
2,imagenet,foreground_rescue_10,100,random,3,0.945,0.965,0.070126064,0.025,0.822857142857143,0.4756299304983063,0.0
2,imagenet,foreground_rescue_10,100,random,4,0.945,0.965,0.13986777,0.035,0.8268877551020407,0.5175266882325791,0.0
2,imagenet,foreground_rescue_10,100,random_rescue_10,0,0.95,0.965,0.065428495,0.02,0.7384183673469387,0.19040681076197702,10.0
2,imagenet,foreground_rescue_10,100,random_rescue_10,1,0.965,0.965,0.027144192,0.01,0.7373979591836735,0.18009537058513916,10.0
2,imagenet,foreground_rescue_10,100,random_rescue_10,2,0.955,0.965,0.052467585,0.015,0.7384183673469389,0.1900704771535576,10.0
2,imagenet,foreground_rescue_10,100,random_rescue_10,3,0.96,0.965,0.022747727,0.005,0.7380612244897959,0.1856832109102951,10.0
2,imagenet,foreground_rescue_10,100,random_rescue_10,4,0.965,0.965,0.024957847,0.01,0.7383163265306123,0.1771352527646341,10.0
2,imagenet,foreground_rescue_10,100,foreground_rescue_10,0,0.955,0.965,0.043804046,0.02,0.6817346938775509,0.03302482403991973,3.325
2,imagenet,foreground_rescue_10,100,foreground_rescue_10,1,0.96,0.965,0.0349725,0.015,0.6817346938775509,0.03302482403991973,3.325
2,imagenet,foreground_rescue_10,100,foreground_rescue_10,2,0.96,0.965,0.04052077,0.015,0.6817346938775509,0.03302482403991973,3.325
2,imagenet,foreground_rescue_10,100,foreground_rescue_10,3,0.965,0.965,0.03552918,0.01,0.6817346938775509,0.03302482403991973,3.325
2,imagenet,foreground_rescue_10,100,foreground_rescue_10,4,0.96,0.965,0.030670559,0.015,0.6817346938775509,0.03302482403991973,3.325
2,imagenet,foreground_rescue_10,100,low_score_rescue_10,0,0.955,0.965,0.035239436,0.015,0.7242857142857142,0.12076594118958958,10.0
2,imagenet,foreground_rescue_10,100,low_score_rescue_10,1,0.96,0.965,0.04166138,0.015,0.7234183673469389,0.1187041917534388,10.0
2,imagenet,foreground_rescue_10,100,low_score_rescue_10,2,0.96,0.965,0.028578453,0.01,0.7228061224489797,0.1187355988816201,10.0
2,imagenet,foreground_rescue_10,100,low_score_rescue_10,3,0.965,0.965,0.037126716,0.01,0.7231122448979592,0.11911762960642987,10.0
2,imagenet,foreground_rescue_10,100,low_score_rescue_10,4,0.955,0.965,0.03817243,0.02,0.7231632653061226,0.11840480334801073,10.0
2,imagenet,foreground_rescue_10,100,random_matched,0,0.96,0.965,0.051143292,0.015,0.727295918367347,0.12368614449345201,3.325
2,imagenet,foreground_rescue_10,100,random_matched,1,0.96,0.965,0.036011044,0.015,0.7261734693877551,0.12166693617786468,3.325
2,imagenet,foreground_rescue_10,100,random_matched,2,0.965,0.965,0.030043058,0.01,0.7270408163265307,0.12382423477541465,3.325
2,imagenet,foreground_rescue_10,100,random_matched,3,0.945,0.965,0.05664196,0.03,0.7267857142857143,0.12362829492808662,3.325
2,imagenet,foreground_rescue_10,100,random_matched,4,0.96,0.965,0.0348278,0.015,0.7256632653061225,0.12049779729379119,3.325
2,imagenet,full,0,student,0,0.955,0.965,0.024650788,0.015,0.7058673469387755,0.08231790489358617,0.0
2,imagenet,full,0,student,1,0.955,0.965,0.024650788,0.015,0.7058673469387755,0.08231790489358617,0.0
2,imagenet,full,0,student,2,0.955,0.965,0.024650788,0.015,0.7058673469387755,0.08231790489358617,0.0
2,imagenet,full,0,student,3,0.955,0.965,0.024650788,0.015,0.7058673469387755,0.08231790489358617,0.0
2,imagenet,full,0,student,4,0.955,0.965,0.024650788,0.015,0.7058673469387755,0.08231790489358617,0.0
2,imagenet,full,0,random,0,0.94,0.965,0.09405363,0.035,0.8246938775510205,0.48994748795493875,0.0
2,imagenet,full,0,random,1,0.93,0.965,0.11544752,0.04,0.8235204081632653,0.4946262972715817,0.0
2,imagenet,full,0,random,2,0.935,0.965,0.097691804,0.035,0.8219387755102041,0.47777470733476307,0.0
2,imagenet,full,0,random,3,0.945,0.965,0.070126064,0.025,0.822857142857143,0.4756299304983063,0.0
2,imagenet,full,0,random,4,0.945,0.965,0.13986777,0.035,0.8268877551020407,0.5175266882325791,0.0
2,imagenet,full,0,random_rescue_10,0,0.955,0.965,0.038569137,0.015,0.729234693877551,0.1679639018459042,10.0
2,imagenet,full,0,random_rescue_10,1,0.96,0.965,0.017329695,0.01,0.7321428571428572,0.17112982691976839,10.0
2,imagenet,full,0,random_rescue_10,2,0.955,0.965,0.01626845,0.01,0.7311224489795919,0.17162426857917626,10.0
2,imagenet,full,0,random_rescue_10,3,0.965,0.965,0.012426552,0.005,0.7294897959183675,0.17406355448185729,10.0
2,imagenet,full,0,random_rescue_10,4,0.96,0.965,0.040426616,0.015,0.7296428571428573,0.15813417548845027,10.0
2,imagenet,full,0,foreground_rescue_10,0,0.96,0.965,0.0187087,0.01,0.677295918367347,0.025096868132710646,2.8
2,imagenet,full,0,foreground_rescue_10,1,0.96,0.965,0.015796212,0.01,0.677295918367347,0.025096868132710646,2.8
2,imagenet,full,0,foreground_rescue_10,2,0.96,0.965,0.014038241,0.01,0.677295918367347,0.025096868132710646,2.8
2,imagenet,full,0,foreground_rescue_10,3,0.96,0.965,0.013823228,0.01,0.677295918367347,0.025096868132710646,2.8
2,imagenet,full,0,foreground_rescue_10,4,0.955,0.965,0.033695053,0.015,0.677295918367347,0.025096868132710646,2.8
2,imagenet,full,0,low_score_rescue_10,0,0.955,0.965,0.032109138,0.01,0.7128571428571427,0.09592084560465473,10.0
2,imagenet,full,0,low_score_rescue_10,1,0.96,0.965,0.02137252,0.01,0.7136734693877551,0.09635290260200267,10.0
2,imagenet,full,0,low_score_rescue_10,2,0.955,0.965,0.032719165,0.01,0.7132142857142857,0.09623877203175696,10.0
2,imagenet,full,0,low_score_rescue_10,3,0.965,0.965,0.032013148,0.005,0.7127551020408163,0.09565284000194518,10.0
2,imagenet,full,0,low_score_rescue_10,4,0.96,0.965,0.025018862,0.01,0.7127551020408163,0.09502717675311124,10.0
2,imagenet,full,0,random_matched,0,0.955,0.965,0.027133279,0.015,0.7163775510204081,0.09909034654213109,2.8
2,imagenet,full,0,random_matched,1,0.955,0.965,0.019171877,0.015,0.7163775510204081,0.10026353536070877,2.8
2,imagenet,full,0,random_matched,2,0.96,0.965,0.015338807,0.01,0.7168877551020408,0.10060035762440128,2.8
2,imagenet,full,0,random_matched,3,0.96,0.965,0.014347624,0.01,0.7167346938775511,0.10205323439281039,2.8
2,imagenet,full,0,random_matched,4,0.955,0.965,0.019086964,0.015,0.7166836734693877,0.09952487927668469,2.8
2,imagenet,full,10,student,0,0.96,0.965,0.0240787,0.01,0.7063775510204081,0.08393254505517744,0.0
2,imagenet,full,10,student,1,0.96,0.965,0.0240787,0.01,0.7063775510204081,0.08393254505517744,0.0
2,imagenet,full,10,student,2,0.96,0.965,0.0240787,0.01,0.7063775510204081,0.08393254505517744,0.0
2,imagenet,full,10,student,3,0.96,0.965,0.0240787,0.01,0.7063775510204081,0.08393254505517744,0.0
2,imagenet,full,10,student,4,0.96,0.965,0.0240787,0.01,0.7063775510204081,0.08393254505517744,0.0
2,imagenet,full,10,random,0,0.94,0.965,0.09405363,0.035,0.8246938775510205,0.48994748795493875,0.0
2,imagenet,full,10,random,1,0.93,0.965,0.11544752,0.04,0.8235204081632653,0.4946262972715817,0.0
2,imagenet,full,10,random,2,0.935,0.965,0.097691804,0.035,0.8219387755102041,0.47777470733476307,0.0
2,imagenet,full,10,random,3,0.945,0.965,0.070126064,0.025,0.822857142857143,0.4756299304983063,0.0
2,imagenet,full,10,random,4,0.945,0.965,0.13986777,0.035,0.8268877551020407,0.5175266882325791,0.0
2,imagenet,full,10,random_rescue_10,0,0.945,0.965,0.05017768,0.025,0.7319897959183674,0.1715179204906069,10.0
2,imagenet,full,10,random_rescue_10,1,0.965,0.965,0.06423675,0.01,0.7317346938775512,0.1768828304140038,10.0
2,imagenet,full,10,random_rescue_10,2,0.96,0.965,0.035490476,0.015,0.7321428571428572,0.1729497019409487,10.0
2,imagenet,full,10,random_rescue_10,3,0.96,0.965,0.019886024,0.01,0.7293877551020408,0.16487481979465468,10.0
2,imagenet,full,10,random_rescue_10,4,0.97,0.965,0.018647877,0.0,0.730765306122449,0.16816795215634295,10.0
2,imagenet,full,10,foreground_rescue_10,0,0.96,0.965,0.015880134,0.01,0.6778061224489795,0.026526357217738123,2.8
2,imagenet,full,10,foreground_rescue_10,1,0.96,0.965,0.015962817,0.01,0.6778061224489795,0.026526357217738123,2.8
2,imagenet,full,10,foreground_rescue_10,2,0.96,0.965,0.016305778,0.01,0.6778061224489795,0.026526357217738123,2.8
2,imagenet,full,10,foreground_rescue_10,3,0.96,0.965,0.01792477,0.01,0.6778061224489795,0.026526357217738123,2.8
2,imagenet,full,10,foreground_rescue_10,4,0.965,0.965,0.016152449,0.005,0.6778061224489795,0.026526357217738123,2.8
2,imagenet,full,10,low_score_rescue_10,0,0.95,0.965,0.023871627,0.015,0.7134693877551022,0.09645730300484716,10.0
2,imagenet,full,10,low_score_rescue_10,1,0.965,0.965,0.024111154,0.005,0.7132142857142857,0.0945872172178197,10.0
2,imagenet,full,10,low_score_rescue_10,2,0.955,0.965,0.02724804,0.015,0.712295918367347,0.09450040525320309,10.0
2,imagenet,full,10,low_score_rescue_10,3,0.955,0.965,0.028968887,0.015,0.7118367346938775,0.0951972307047589,10.0
2,imagenet,full,10,low_score_rescue_10,4,0.96,0.965,0.026566437,0.01,0.7131632653061226,0.09581913818292212,10.0
2,imagenet,full,10,random_matched,0,0.96,0.965,0.025455605,0.01,0.7166326530612246,0.10054563772321652,2.8
2,imagenet,full,10,random_matched,1,0.96,0.965,0.027589569,0.01,0.7156632653061225,0.09885687871624851,2.8
2,imagenet,full,10,random_matched,2,0.96,0.965,0.023075394,0.01,0.7169387755102042,0.10135158033809774,2.8
2,imagenet,full,10,random_matched,3,0.955,0.965,0.022838734,0.015,0.717091836734694,0.10235895441646574,2.8
2,imagenet,full,10,random_matched,4,0.96,0.965,0.036077544,0.01,0.7157142857142857,0.10039374634074212,2.8
2,imagenet,full,25,student,0,0.95,0.965,0.056901995,0.02,0.7138265306122449,0.10430343867994023,0.0
2,imagenet,full,25,student,1,0.95,0.965,0.056901995,0.02,0.7138265306122449,0.10430343867994023,0.0
2,imagenet,full,25,student,2,0.95,0.965,0.056901995,0.02,0.7138265306122449,0.10430343867994023,0.0
2,imagenet,full,25,student,3,0.95,0.965,0.056901995,0.02,0.7138265306122449,0.10430343867994023,0.0
2,imagenet,full,25,student,4,0.95,0.965,0.056901995,0.02,0.7138265306122449,0.10430343867994023,0.0
2,imagenet,full,25,random,0,0.94,0.965,0.09405363,0.035,0.8246938775510205,0.48994748795493875,0.0
2,imagenet,full,25,random,1,0.93,0.965,0.11544752,0.04,0.8235204081632653,0.4946262972715817,0.0
2,imagenet,full,25,random,2,0.935,0.965,0.097691804,0.035,0.8219387755102041,0.47777470733476307,0.0
2,imagenet,full,25,random,3,0.945,0.965,0.070126064,0.025,0.822857142857143,0.4756299304983063,0.0
2,imagenet,full,25,random,4,0.945,0.965,0.13986777,0.035,0.8268877551020407,0.5175266882325791,0.0
2,imagenet,full,25,random_rescue_10,0,0.965,0.965,0.059156198,0.015,0.7367857142857143,0.18753438398695238,10.0
2,imagenet,full,25,random_rescue_10,1,0.95,0.965,0.047753096,0.015,0.7363775510204081,0.18764769614768315,10.0
2,imagenet,full,25,random_rescue_10,2,0.965,0.965,0.048518773,0.015,0.7366836734693877,0.182775508839876,10.0
2,imagenet,full,25,random_rescue_10,3,0.955,0.965,0.083203584,0.025,0.736938775510204,0.19051616731693274,10.0
2,imagenet,full,25,random_rescue_10,4,0.96,0.965,0.07328743,0.02,0.7353061224489795,0.17507632028659117,10.0
2,imagenet,full,25,foreground_rescue_10,0,0.945,0.965,0.047526542,0.025,0.6809183673469389,0.03161615480946834,3.225
2,imagenet,full,25,foreground_rescue_10,1,0.945,0.965,0.047951408,0.025,0.6809183673469389,0.03161615480946834,3.225
2,imagenet,full,25,foreground_rescue_10,2,0.945,0.965,0.05088147,0.025,0.6809183673469389,0.03161615480946834,3.225
2,imagenet,full,25,foreground_rescue_10,3,0.945,0.965,0.0479237,0.025,0.6809183673469389,0.03161615480946834,3.225
2,imagenet,full,25,foreground_rescue_10,4,0.945,0.965,0.050862703,0.025,0.6809183673469389,0.03161615480946834,3.225
2,imagenet,full,25,low_score_rescue_10,0,0.95,0.965,0.031905103,0.015,0.7213775510204081,0.12004731977327651,10.0
2,imagenet,full,25,low_score_rescue_10,1,0.95,0.965,0.052155413,0.02,0.7219387755102042,0.12084905539202742,10.0
2,imagenet,full,25,low_score_rescue_10,2,0.965,0.965,0.04772151,0.01,0.7216836734693877,0.1217289382043231,10.0
2,imagenet,full,25,low_score_rescue_10,3,0.95,0.965,0.06394985,0.02,0.7212755102040816,0.11983102838807322,10.0
2,imagenet,full,25,low_score_rescue_10,4,0.955,0.965,0.046083525,0.01,0.7213265306122448,0.1209284862860818,10.0
2,imagenet,full,25,random_matched,0,0.955,0.965,0.0488833,0.015,0.7246428571428573,0.12329445122063956,3.225
2,imagenet,full,25,random_matched,1,0.95,0.965,0.065556295,0.02,0.7249489795918368,0.12328147454890423,3.225
2,imagenet,full,25,random_matched,2,0.95,0.965,0.054713197,0.02,0.7239795918367348,0.12169944771904222,3.225
2,imagenet,full,25,random_matched,3,0.955,0.965,0.055464048,0.015,0.7255102040816327,0.12544606014140022,3.225
2,imagenet,full,25,random_matched,4,0.955,0.965,0.056137446,0.015,0.7248979591836735,0.12288844812726452,3.225
2,imagenet,full,50,student,0,0.965,0.965,0.026535267,0.01,0.7131632653061226,0.09993191795085359,0.0
2,imagenet,full,50,student,1,0.965,0.965,0.026535267,0.01,0.7131632653061226,0.09993191795085359,0.0
2,imagenet,full,50,student,2,0.965,0.965,0.026535267,0.01,0.7131632653061226,0.09993191795085359,0.0
2,imagenet,full,50,student,3,0.965,0.965,0.026535267,0.01,0.7131632653061226,0.09993191795085359,0.0
2,imagenet,full,50,student,4,0.965,0.965,0.026535267,0.01,0.7131632653061226,0.09993191795085359,0.0
2,imagenet,full,50,random,0,0.94,0.965,0.09405363,0.035,0.8246938775510205,0.48994748795493875,0.0
2,imagenet,full,50,random,1,0.93,0.965,0.11544752,0.04,0.8235204081632653,0.4946262972715817,0.0
2,imagenet,full,50,random,2,0.935,0.965,0.097691804,0.035,0.8219387755102041,0.47777470733476307,0.0
2,imagenet,full,50,random,3,0.945,0.965,0.070126064,0.025,0.822857142857143,0.4756299304983063,0.0
2,imagenet,full,50,random,4,0.945,0.965,0.13986777,0.035,0.8268877551020407,0.5175266882325791,0.0
2,imagenet,full,50,random_rescue_10,0,0.955,0.965,0.052947294,0.02,0.735969387755102,0.18233098229478223,10.0
2,imagenet,full,50,random_rescue_10,1,0.965,0.965,0.035383616,0.005,0.7365306122448979,0.1883116544737135,10.0
2,imagenet,full,50,random_rescue_10,2,0.955,0.965,0.03538358,0.015,0.7369387755102039,0.19057712953044603,10.0
2,imagenet,full,50,random_rescue_10,3,0.96,0.965,0.048927855,0.015,0.7366326530612244,0.18589792926527007,10.0
2,imagenet,full,50,random_rescue_10,4,0.965,0.965,0.033604078,0.01,0.7364795918367346,0.18748677561485963,10.0
2,imagenet,full,50,foreground_rescue_10,0,0.965,0.965,0.022472553,0.01,0.6805612244897958,0.031169439827065985,3.195
2,imagenet,full,50,foreground_rescue_10,1,0.965,0.965,0.026643205,0.01,0.6805612244897958,0.031169439827065985,3.195
2,imagenet,full,50,foreground_rescue_10,2,0.965,0.965,0.026000671,0.01,0.6805612244897958,0.031169439827065985,3.195
2,imagenet,full,50,foreground_rescue_10,3,0.965,0.965,0.03311441,0.01,0.6805612244897958,0.031169439827065985,3.195
2,imagenet,full,50,foreground_rescue_10,4,0.965,0.965,0.026301498,0.01,0.6805612244897958,0.031169439827065985,3.195
2,imagenet,full,50,low_score_rescue_10,0,0.97,0.965,0.016852446,0.005,0.7219387755102042,0.11983167532639044,10.0
2,imagenet,full,50,low_score_rescue_10,1,0.97,0.965,0.037045177,0.01,0.722091836734694,0.11974410001524428,10.0
2,imagenet,full,50,low_score_rescue_10,2,0.955,0.965,0.039362423,0.015,0.7218877551020408,0.1204297050269871,10.0
2,imagenet,full,50,low_score_rescue_10,3,0.95,0.965,0.03250085,0.02,0.7202551020408162,0.1165668620083647,10.0
2,imagenet,full,50,low_score_rescue_10,4,0.955,0.965,0.028897364,0.015,0.7214795918367348,0.11920133671261585,10.0
2,imagenet,full,50,random_matched,0,0.97,0.965,0.024098292,0.005,0.725204081632653,0.11931736000684827,3.195
2,imagenet,full,50,random_matched,1,0.965,0.965,0.028035196,0.01,0.7239795918367347,0.11775983913148336,3.195
2,imagenet,full,50,random_matched,2,0.965,0.965,0.028988866,0.01,0.7233673469387756,0.11805913503724237,3.195
2,imagenet,full,50,random_matched,3,0.96,0.965,0.02984416,0.015,0.7237244897959184,0.1176239100411989,3.195
2,imagenet,full,50,random_matched,4,0.965,0.965,0.026298447,0.01,0.722908163265306,0.11644906661134755,3.195
2,imagenet,full,75,student,0,0.95,0.965,0.036442958,0.015,0.7156632653061225,0.10716207828730413,0.0
2,imagenet,full,75,student,1,0.95,0.965,0.036442958,0.015,0.7156632653061225,0.10716207828730413,0.0
2,imagenet,full,75,student,2,0.95,0.965,0.036442958,0.015,0.7156632653061225,0.10716207828730413,0.0
2,imagenet,full,75,student,3,0.95,0.965,0.036442958,0.015,0.7156632653061225,0.10716207828730413,0.0
2,imagenet,full,75,student,4,0.95,0.965,0.036442958,0.015,0.7156632653061225,0.10716207828730413,0.0
2,imagenet,full,75,random,0,0.94,0.965,0.09405363,0.035,0.8246938775510205,0.48994748795493875,0.0
2,imagenet,full,75,random,1,0.93,0.965,0.11544752,0.04,0.8235204081632653,0.4946262972715817,0.0
2,imagenet,full,75,random,2,0.935,0.965,0.097691804,0.035,0.8219387755102041,0.47777470733476307,0.0
2,imagenet,full,75,random,3,0.945,0.965,0.070126064,0.025,0.822857142857143,0.4756299304983063,0.0
2,imagenet,full,75,random,4,0.945,0.965,0.13986777,0.035,0.8268877551020407,0.5175266882325791,0.0
2,imagenet,full,75,random_rescue_10,0,0.95,0.965,0.037859656,0.015,0.7367346938775511,0.18993368776815703,10.0
2,imagenet,full,75,random_rescue_10,1,0.96,0.965,0.04148138,0.015,0.7387244897959184,0.18225407845698474,10.0
2,imagenet,full,75,random_rescue_10,2,0.945,0.965,0.08463928,0.035,0.7395408163265306,0.2080141100568948,10.0
2,imagenet,full,75,random_rescue_10,3,0.955,0.965,0.036957163,0.015,0.7388265306122449,0.1904311830620026,10.0
2,imagenet,full,75,random_rescue_10,4,0.955,0.965,0.026296068,0.01,0.7388265306122449,0.18895867197130184,10.0
2,imagenet,full,75,foreground_rescue_10,0,0.955,0.965,0.025398297,0.01,0.6819897959183673,0.0335808855341822,3.3
2,imagenet,full,75,foreground_rescue_10,1,0.955,0.965,0.026135426,0.01,0.6819897959183673,0.0335808855341822,3.3
2,imagenet,full,75,foreground_rescue_10,2,0.955,0.965,0.023275588,0.01,0.6819897959183673,0.0335808855341822,3.3
2,imagenet,full,75,foreground_rescue_10,3,0.955,0.965,0.02662611,0.01,0.6819897959183673,0.0335808855341822,3.3
2,imagenet,full,75,foreground_rescue_10,4,0.95,0.965,0.03179756,0.015,0.6819897959183673,0.0335808855341822,3.3
2,imagenet,full,75,low_score_rescue_10,0,0.96,0.965,0.026261987,0.015,0.7233163265306122,0.12198946915830701,10.0
2,imagenet,full,75,low_score_rescue_10,1,0.96,0.965,0.034681287,0.01,0.7231632653061226,0.12270383345199874,10.0
2,imagenet,full,75,low_score_rescue_10,2,0.96,0.965,0.04319509,0.015,0.7226020408163265,0.12211532101417642,10.0
2,imagenet,full,75,low_score_rescue_10,3,0.96,0.965,0.03176432,0.01,0.722295918367347,0.121540421533164,10.0
2,imagenet,full,75,low_score_rescue_10,4,0.955,0.965,0.044487964,0.015,0.7221428571428571,0.12045851068377578,10.0
2,imagenet,full,75,random_matched,0,0.955,0.965,0.03128201,0.01,0.7287244897959184,0.1303918099751357,3.3
2,imagenet,full,75,random_matched,1,0.955,0.965,0.035069417,0.01,0.7265816326530613,0.12597713183390633,3.3
2,imagenet,full,75,random_matched,2,0.95,0.965,0.03718369,0.015,0.7260714285714286,0.12541278744105977,3.3
2,imagenet,full,75,random_matched,3,0.95,0.965,0.034109402,0.015,0.7262755102040817,0.12492882618150959,3.3
2,imagenet,full,75,random_matched,4,0.95,0.965,0.027314337,0.015,0.7258163265306123,0.1234617131905127,3.3
2,imagenet,full,100,student,0,0.96,0.965,0.04070536,0.015,0.714591836734694,0.10339926487875445,0.0
2,imagenet,full,100,student,1,0.96,0.965,0.04070536,0.015,0.714591836734694,0.10339926487875445,0.0
2,imagenet,full,100,student,2,0.96,0.965,0.04070536,0.015,0.714591836734694,0.10339926487875445,0.0
2,imagenet,full,100,student,3,0.96,0.965,0.04070536,0.015,0.714591836734694,0.10339926487875445,0.0
2,imagenet,full,100,student,4,0.96,0.965,0.04070536,0.015,0.714591836734694,0.10339926487875445,0.0
2,imagenet,full,100,random,0,0.94,0.965,0.09405363,0.035,0.8246938775510205,0.48994748795493875,0.0
2,imagenet,full,100,random,1,0.93,0.965,0.11544752,0.04,0.8235204081632653,0.4946262972715817,0.0
2,imagenet,full,100,random,2,0.935,0.965,0.097691804,0.035,0.8219387755102041,0.47777470733476307,0.0
2,imagenet,full,100,random,3,0.945,0.965,0.070126064,0.025,0.822857142857143,0.4756299304983063,0.0
2,imagenet,full,100,random,4,0.945,0.965,0.13986777,0.035,0.8268877551020407,0.5175266882325791,0.0
2,imagenet,full,100,random_rescue_10,0,0.945,0.965,0.048689473,0.025,0.7346938775510203,0.1837826361805673,10.0
2,imagenet,full,100,random_rescue_10,1,0.96,0.965,0.018943738,0.01,0.7369387755102039,0.18025055470105172,10.0
2,imagenet,full,100,random_rescue_10,2,0.95,0.965,0.040563136,0.025,0.7389795918367347,0.19315805225202579,10.0
2,imagenet,full,100,random_rescue_10,3,0.96,0.965,0.029734373,0.015,0.7374489795918368,0.1802639534905913,10.0
2,imagenet,full,100,random_rescue_10,4,0.96,0.965,0.046436407,0.015,0.7370918367346939,0.18008535433240544,10.0
2,imagenet,full,100,foreground_rescue_10,0,0.965,0.965,0.026913082,0.01,0.6815816326530612,0.03293927127792995,3.235
2,imagenet,full,100,foreground_rescue_10,1,0.965,0.965,0.023513146,0.01,0.6815816326530612,0.03293927127792995,3.235
2,imagenet,full,100,foreground_rescue_10,2,0.965,0.965,0.02609189,0.01,0.6815816326530612,0.03293927127792995,3.235
2,imagenet,full,100,foreground_rescue_10,3,0.965,0.965,0.025511522,0.01,0.6815816326530612,0.03293927127792995,3.235
2,imagenet,full,100,foreground_rescue_10,4,0.955,0.965,0.03484867,0.02,0.6815816326530612,0.03293927127792995,3.235
2,imagenet,full,100,low_score_rescue_10,0,0.955,0.965,0.03265307,0.015,0.7230102040816326,0.1193741015569993,10.0
2,imagenet,full,100,low_score_rescue_10,1,0.955,0.965,0.039922044,0.02,0.7236734693877551,0.12099132687144902,10.0
2,imagenet,full,100,low_score_rescue_10,2,0.96,0.965,0.02302134,0.01,0.7235204081632652,0.12184677861081081,10.0
2,imagenet,full,100,low_score_rescue_10,3,0.95,0.965,0.030582642,0.015,0.7217857142857145,0.11865574948035702,10.0
2,imagenet,full,100,low_score_rescue_10,4,0.955,0.965,0.020687003,0.01,0.7233673469387755,0.12047013598872752,10.0
2,imagenet,full,100,random_matched,0,0.965,0.965,0.02956327,0.01,0.7257142857142856,0.12259078200025769,3.235
2,imagenet,full,100,random_matched,1,0.96,0.965,0.03717111,0.015,0.7256122448979592,0.122663814139781,3.235
2,imagenet,full,100,random_matched,2,0.96,0.965,0.03995876,0.015,0.7254081632653062,0.12367041460063978,3.235
2,imagenet,full,100,random_matched,3,0.96,0.965,0.041284937,0.015,0.7245408163265306,0.11959019910509487,3.235
2,imagenet,full,100,random_matched,4,0.96,0.965,0.038211383,0.015,0.7244897959183675,0.11929217222675392,3.235
2,imagenet,low_score_rescue_10,0,student,0,0.955,0.965,0.024650788,0.015,0.7058673469387755,0.08231790489358617,0.0
2,imagenet,low_score_rescue_10,0,student,1,0.955,0.965,0.024650788,0.015,0.7058673469387755,0.08231790489358617,0.0
2,imagenet,low_score_rescue_10,0,student,2,0.955,0.965,0.024650788,0.015,0.7058673469387755,0.08231790489358617,0.0
2,imagenet,low_score_rescue_10,0,student,3,0.955,0.965,0.024650788,0.015,0.7058673469387755,0.08231790489358617,0.0
2,imagenet,low_score_rescue_10,0,student,4,0.955,0.965,0.024650788,0.015,0.7058673469387755,0.08231790489358617,0.0
2,imagenet,low_score_rescue_10,0,random,0,0.94,0.965,0.09405363,0.035,0.8246938775510205,0.48994748795493875,0.0
2,imagenet,low_score_rescue_10,0,random,1,0.93,0.965,0.11544752,0.04,0.8235204081632653,0.4946262972715817,0.0
2,imagenet,low_score_rescue_10,0,random,2,0.935,0.965,0.097691804,0.035,0.8219387755102041,0.47777470733476307,0.0
2,imagenet,low_score_rescue_10,0,random,3,0.945,0.965,0.070126064,0.025,0.822857142857143,0.4756299304983063,0.0
2,imagenet,low_score_rescue_10,0,random,4,0.945,0.965,0.13986777,0.035,0.8268877551020407,0.5175266882325791,0.0
2,imagenet,low_score_rescue_10,0,random_rescue_10,0,0.955,0.965,0.038569137,0.015,0.729234693877551,0.1679639018459042,10.0
2,imagenet,low_score_rescue_10,0,random_rescue_10,1,0.96,0.965,0.017329695,0.01,0.7321428571428572,0.17112982691976839,10.0
2,imagenet,low_score_rescue_10,0,random_rescue_10,2,0.955,0.965,0.01626845,0.01,0.7311224489795919,0.17162426857917626,10.0
2,imagenet,low_score_rescue_10,0,random_rescue_10,3,0.965,0.965,0.012426552,0.005,0.7294897959183675,0.17406355448185729,10.0
2,imagenet,low_score_rescue_10,0,random_rescue_10,4,0.96,0.965,0.040426616,0.015,0.7296428571428573,0.15813417548845027,10.0
2,imagenet,low_score_rescue_10,0,foreground_rescue_10,0,0.96,0.965,0.0187087,0.01,0.677295918367347,0.025096868132710646,2.8
2,imagenet,low_score_rescue_10,0,foreground_rescue_10,1,0.96,0.965,0.015796212,0.01,0.677295918367347,0.025096868132710646,2.8
2,imagenet,low_score_rescue_10,0,foreground_rescue_10,2,0.96,0.965,0.014038241,0.01,0.677295918367347,0.025096868132710646,2.8
2,imagenet,low_score_rescue_10,0,foreground_rescue_10,3,0.96,0.965,0.013823228,0.01,0.677295918367347,0.025096868132710646,2.8
2,imagenet,low_score_rescue_10,0,foreground_rescue_10,4,0.955,0.965,0.033695053,0.015,0.677295918367347,0.025096868132710646,2.8
2,imagenet,low_score_rescue_10,0,low_score_rescue_10,0,0.955,0.965,0.032109138,0.01,0.7128571428571427,0.09592084560465473,10.0
2,imagenet,low_score_rescue_10,0,low_score_rescue_10,1,0.96,0.965,0.02137252,0.01,0.7136734693877551,0.09635290260200267,10.0
2,imagenet,low_score_rescue_10,0,low_score_rescue_10,2,0.955,0.965,0.032719165,0.01,0.7132142857142857,0.09623877203175696,10.0
2,imagenet,low_score_rescue_10,0,low_score_rescue_10,3,0.965,0.965,0.032013148,0.005,0.7127551020408163,0.09565284000194518,10.0
2,imagenet,low_score_rescue_10,0,low_score_rescue_10,4,0.96,0.965,0.025018862,0.01,0.7127551020408163,0.09502717675311124,10.0
2,imagenet,low_score_rescue_10,0,random_matched,0,0.955,0.965,0.027133279,0.015,0.7163775510204081,0.09909034654213109,2.8
2,imagenet,low_score_rescue_10,0,random_matched,1,0.955,0.965,0.019171877,0.015,0.7163775510204081,0.10026353536070877,2.8
2,imagenet,low_score_rescue_10,0,random_matched,2,0.96,0.965,0.015338807,0.01,0.7168877551020408,0.10060035762440128,2.8
2,imagenet,low_score_rescue_10,0,random_matched,3,0.96,0.965,0.014347624,0.01,0.7167346938775511,0.10205323439281039,2.8
2,imagenet,low_score_rescue_10,0,random_matched,4,0.955,0.965,0.019086964,0.015,0.7166836734693877,0.09952487927668469,2.8
2,imagenet,low_score_rescue_10,10,student,0,0.95,0.965,0.03578866,0.02,0.7089285714285714,0.09120121699860163,0.0
2,imagenet,low_score_rescue_10,10,student,1,0.95,0.965,0.03578866,0.02,0.7089285714285714,0.09120121699860163,0.0
2,imagenet,low_score_rescue_10,10,student,2,0.95,0.965,0.03578866,0.02,0.7089285714285714,0.09120121699860163,0.0
2,imagenet,low_score_rescue_10,10,student,3,0.95,0.965,0.03578866,0.02,0.7089285714285714,0.09120121699860163,0.0
2,imagenet,low_score_rescue_10,10,student,4,0.95,0.965,0.03578866,0.02,0.7089285714285714,0.09120121699860163,0.0
2,imagenet,low_score_rescue_10,10,random,0,0.94,0.965,0.09405363,0.035,0.8246938775510205,0.48994748795493875,0.0
2,imagenet,low_score_rescue_10,10,random,1,0.93,0.965,0.11544752,0.04,0.8235204081632653,0.4946262972715817,0.0
2,imagenet,low_score_rescue_10,10,random,2,0.935,0.965,0.097691804,0.035,0.8219387755102041,0.47777470733476307,0.0
2,imagenet,low_score_rescue_10,10,random,3,0.945,0.965,0.070126064,0.025,0.822857142857143,0.4756299304983063,0.0
2,imagenet,low_score_rescue_10,10,random,4,0.945,0.965,0.13986777,0.035,0.8268877551020407,0.5175266882325791,0.0
2,imagenet,low_score_rescue_10,10,random_rescue_10,0,0.96,0.965,0.02561181,0.01,0.7330102040816326,0.18638353992216103,10.0
2,imagenet,low_score_rescue_10,10,random_rescue_10,1,0.955,0.965,0.03247159,0.015,0.7317346938775509,0.16899980485173507,10.0
2,imagenet,low_score_rescue_10,10,random_rescue_10,2,0.955,0.965,0.054942075,0.02,0.7353571428571428,0.19267998837778635,10.0
2,imagenet,low_score_rescue_10,10,random_rescue_10,3,0.96,0.965,0.050800223,0.015,0.7337755102040816,0.1799705226702639,10.0
2,imagenet,low_score_rescue_10,10,random_rescue_10,4,0.96,0.965,0.018400693,0.01,0.7333163265306123,0.1725815526885212,10.0
2,imagenet,low_score_rescue_10,10,foreground_rescue_10,0,0.965,0.965,0.027139194,0.005,0.6784183673469388,0.0273866461161224,2.99
2,imagenet,low_score_rescue_10,10,foreground_rescue_10,1,0.95,0.965,0.03135158,0.02,0.6784183673469388,0.0273866461161224,2.99
2,imagenet,low_score_rescue_10,10,foreground_rescue_10,2,0.955,0.965,0.03605798,0.015,0.6784183673469388,0.0273866461161224,2.99
2,imagenet,low_score_rescue_10,10,foreground_rescue_10,3,0.955,0.965,0.028418398,0.015,0.6784183673469388,0.0273866461161224,2.99
2,imagenet,low_score_rescue_10,10,foreground_rescue_10,4,0.955,0.965,0.026982708,0.015,0.6784183673469388,0.0273866461161224,2.99
2,imagenet,low_score_rescue_10,10,low_score_rescue_10,0,0.955,0.965,0.011136816,0.01,0.7159183673469388,0.10390728333015145,10.0
2,imagenet,low_score_rescue_10,10,low_score_rescue_10,1,0.96,0.965,0.02152455,0.01,0.7176530612244899,0.10588825741346126,10.0
2,imagenet,low_score_rescue_10,10,low_score_rescue_10,2,0.96,0.965,0.023931736,0.01,0.7167857142857141,0.10685772058508786,10.0
2,imagenet,low_score_rescue_10,10,low_score_rescue_10,3,0.955,0.965,0.026504679,0.015,0.7161734693877552,0.10496650816276486,10.0
2,imagenet,low_score_rescue_10,10,low_score_rescue_10,4,0.96,0.965,0.014520042,0.01,0.7159693877551021,0.10488077211407053,10.0
2,imagenet,low_score_rescue_10,10,random_matched,0,0.965,0.965,0.018423164,0.005,0.7195918367346938,0.10909644495215431,2.99
2,imagenet,low_score_rescue_10,10,random_matched,1,0.955,0.965,0.031431664,0.015,0.7196938775510204,0.10991968803358537,2.99
2,imagenet,low_score_rescue_10,10,random_matched,2,0.96,0.965,0.028159883,0.01,0.7189795918367347,0.108646482202876,2.99
2,imagenet,low_score_rescue_10,10,random_matched,3,0.955,0.965,0.035891533,0.015,0.7192346938775509,0.10826210402888084,2.99
2,imagenet,low_score_rescue_10,10,random_matched,4,0.955,0.965,0.023514085,0.015,0.7183673469387756,0.10836274095416445,2.99
2,imagenet,low_score_rescue_10,25,student,0,0.955,0.965,0.025343036,0.01,0.7128571428571427,0.1045636424949677,0.0
2,imagenet,low_score_rescue_10,25,student,1,0.955,0.965,0.025343036,0.01,0.7128571428571427,0.1045636424949677,0.0
2,imagenet,low_score_rescue_10,25,student,2,0.955,0.965,0.025343036,0.01,0.7128571428571427,0.1045636424949677,0.0
2,imagenet,low_score_rescue_10,25,student,3,0.955,0.965,0.025343036,0.01,0.7128571428571427,0.1045636424949677,0.0
2,imagenet,low_score_rescue_10,25,student,4,0.955,0.965,0.025343036,0.01,0.7128571428571427,0.1045636424949677,0.0
2,imagenet,low_score_rescue_10,25,random,0,0.94,0.965,0.09405363,0.035,0.8246938775510205,0.48994748795493875,0.0
2,imagenet,low_score_rescue_10,25,random,1,0.93,0.965,0.11544752,0.04,0.8235204081632653,0.4946262972715817,0.0
2,imagenet,low_score_rescue_10,25,random,2,0.935,0.965,0.097691804,0.035,0.8219387755102041,0.47777470733476307,0.0
2,imagenet,low_score_rescue_10,25,random,3,0.945,0.965,0.070126064,0.025,0.822857142857143,0.4756299304983063,0.0
2,imagenet,low_score_rescue_10,25,random,4,0.945,0.965,0.13986777,0.035,0.8268877551020407,0.5175266882325791,0.0
2,imagenet,low_score_rescue_10,25,random_rescue_10,0,0.955,0.965,0.047589127,0.02,0.7343877551020407,0.17935719508450743,10.0
2,imagenet,low_score_rescue_10,25,random_rescue_10,1,0.955,0.965,0.03485812,0.015,0.7359693877551021,0.184573253231029,10.0
2,imagenet,low_score_rescue_10,25,random_rescue_10,2,0.955,0.965,0.03083311,0.01,0.7362755102040817,0.18248193911908442,10.0
2,imagenet,low_score_rescue_10,25,random_rescue_10,3,0.955,0.965,0.016536163,0.01,0.7364285714285714,0.1836664980239512,10.0
2,imagenet,low_score_rescue_10,25,random_rescue_10,4,0.955,0.965,0.030259244,0.015,0.7360714285714286,0.17686028405359655,10.0
2,imagenet,low_score_rescue_10,25,foreground_rescue_10,0,0.945,0.965,0.028238606,0.02,0.6794897959183672,0.030039523528229875,3.27
2,imagenet,low_score_rescue_10,25,foreground_rescue_10,1,0.95,0.965,0.03060066,0.015,0.6794897959183672,0.030039523528229875,3.27
2,imagenet,low_score_rescue_10,25,foreground_rescue_10,2,0.945,0.965,0.027460517,0.02,0.6794897959183672,0.030039523528229875,3.27
2,imagenet,low_score_rescue_10,25,foreground_rescue_10,3,0.95,0.965,0.025713496,0.015,0.6794897959183672,0.030039523528229875,3.27
2,imagenet,low_score_rescue_10,25,foreground_rescue_10,4,0.945,0.965,0.028107181,0.02,0.6794897959183672,0.030039523528229875,3.27
2,imagenet,low_score_rescue_10,25,low_score_rescue_10,0,0.955,0.965,0.02848609,0.015,0.7207142857142856,0.11677642720189758,10.0
2,imagenet,low_score_rescue_10,25,low_score_rescue_10,1,0.96,0.965,0.041726645,0.015,0.7214795918367346,0.11843950130449032,10.0
2,imagenet,low_score_rescue_10,25,low_score_rescue_10,2,0.97,0.965,0.020449163,0.005,0.7211734693877552,0.11815282736088088,10.0
2,imagenet,low_score_rescue_10,25,low_score_rescue_10,3,0.955,0.965,0.038359657,0.02,0.7201020408163266,0.11608240601633874,10.0
2,imagenet,low_score_rescue_10,25,low_score_rescue_10,4,0.965,0.965,0.023358688,0.005,0.7210714285714286,0.11734398532839867,10.0
2,imagenet,low_score_rescue_10,25,random_matched,0,0.955,0.965,0.023908302,0.01,0.7246428571428573,0.1250642573392924,3.27
2,imagenet,low_score_rescue_10,25,random_matched,1,0.95,0.965,0.03497544,0.015,0.7238775510204082,0.12487751886880413,3.27
2,imagenet,low_score_rescue_10,25,random_matched,2,0.955,0.965,0.021001125,0.01,0.7236734693877551,0.122468230234499,3.27
2,imagenet,low_score_rescue_10,25,random_matched,3,0.95,0.965,0.040921327,0.015,0.7248979591836735,0.1252355597194964,3.27
2,imagenet,low_score_rescue_10,25,random_matched,4,0.955,0.965,0.024876324,0.01,0.7228571428571428,0.12037599541375212,3.27
2,imagenet,low_score_rescue_10,50,student,0,0.955,0.965,0.03018519,0.01,0.717908163265306,0.11571022242106492,0.0
2,imagenet,low_score_rescue_10,50,student,1,0.955,0.965,0.03018519,0.01,0.717908163265306,0.11571022242106492,0.0
2,imagenet,low_score_rescue_10,50,student,2,0.955,0.965,0.03018519,0.01,0.717908163265306,0.11571022242106492,0.0
2,imagenet,low_score_rescue_10,50,student,3,0.955,0.965,0.03018519,0.01,0.717908163265306,0.11571022242106492,0.0
2,imagenet,low_score_rescue_10,50,student,4,0.955,0.965,0.03018519,0.01,0.717908163265306,0.11571022242106492,0.0
2,imagenet,low_score_rescue_10,50,random,0,0.94,0.965,0.09405363,0.035,0.8246938775510205,0.48994748795493875,0.0
2,imagenet,low_score_rescue_10,50,random,1,0.93,0.965,0.11544752,0.04,0.8235204081632653,0.4946262972715817,0.0
2,imagenet,low_score_rescue_10,50,random,2,0.935,0.965,0.097691804,0.035,0.8219387755102041,0.47777470733476307,0.0
2,imagenet,low_score_rescue_10,50,random,3,0.945,0.965,0.070126064,0.025,0.822857142857143,0.4756299304983063,0.0
2,imagenet,low_score_rescue_10,50,random,4,0.945,0.965,0.13986777,0.035,0.8268877551020407,0.5175266882325791,0.0
2,imagenet,low_score_rescue_10,50,random_rescue_10,0,0.96,0.965,0.02930636,0.01,0.7398979591836735,0.19292681439761347,10.0
2,imagenet,low_score_rescue_10,50,random_rescue_10,1,0.955,0.965,0.031595588,0.01,0.7389285714285714,0.18417964870297193,10.0
2,imagenet,low_score_rescue_10,50,random_rescue_10,2,0.955,0.965,0.04715966,0.015,0.7386224489795918,0.18675051530323633,10.0
2,imagenet,low_score_rescue_10,50,random_rescue_10,3,0.945,0.965,0.052611675,0.025,0.7415816326530611,0.20079086973396554,10.0
2,imagenet,low_score_rescue_10,50,random_rescue_10,4,0.96,0.965,0.02577067,0.01,0.7388775510204083,0.18062859117019986,10.0
2,imagenet,low_score_rescue_10,50,foreground_rescue_10,0,0.96,0.965,0.00996904,0.005,0.6836224489795919,0.036013039592474934,3.36
2,imagenet,low_score_rescue_10,50,foreground_rescue_10,1,0.96,0.965,0.013997674,0.005,0.6836224489795919,0.036013039592474934,3.36
2,imagenet,low_score_rescue_10,50,foreground_rescue_10,2,0.955,0.965,0.014360943,0.01,0.6836224489795919,0.036013039592474934,3.36
2,imagenet,low_score_rescue_10,50,foreground_rescue_10,3,0.955,0.965,0.012422137,0.01,0.6836224489795919,0.036013039592474934,3.36
2,imagenet,low_score_rescue_10,50,foreground_rescue_10,4,0.955,0.965,0.01314209,0.01,0.6836224489795919,0.036013039592474934,3.36
2,imagenet,low_score_rescue_10,50,low_score_rescue_10,0,0.955,0.965,0.033241697,0.01,0.7237755102040816,0.12666684086415886,10.0
2,imagenet,low_score_rescue_10,50,low_score_rescue_10,1,0.955,0.965,0.0382896,0.015,0.7246428571428573,0.128445929181141,10.0
2,imagenet,low_score_rescue_10,50,low_score_rescue_10,2,0.95,0.965,0.030889522,0.015,0.7238775510204082,0.12717816639215604,10.0
2,imagenet,low_score_rescue_10,50,low_score_rescue_10,3,0.95,0.965,0.034544438,0.015,0.7235714285714286,0.12731059173118653,10.0
2,imagenet,low_score_rescue_10,50,low_score_rescue_10,4,0.95,0.965,0.044585716,0.02,0.7236734693877551,0.12755686889031626,10.0
2,imagenet,low_score_rescue_10,50,random_matched,0,0.95,0.965,0.031838387,0.015,0.7285204081632654,0.13497624072248401,3.36
2,imagenet,low_score_rescue_10,50,random_matched,1,0.955,0.965,0.029212145,0.01,0.7269897959183673,0.13178506975876306,3.36
2,imagenet,low_score_rescue_10,50,random_matched,2,0.955,0.965,0.024254527,0.01,0.728265306122449,0.13285594634441575,3.36
2,imagenet,low_score_rescue_10,50,random_matched,3,0.955,0.965,0.025240026,0.01,0.7293877551020408,0.13535344763668655,3.36
2,imagenet,low_score_rescue_10,50,random_matched,4,0.95,0.965,0.039721,0.015,0.7281632653061224,0.1337732264985994,3.36
2,imagenet,low_score_rescue_10,75,student,0,0.935,0.965,0.0667062,0.03,0.717295918367347,0.11041647251950165,0.0
2,imagenet,low_score_rescue_10,75,student,1,0.935,0.965,0.0667062,0.03,0.717295918367347,0.11041647251950165,0.0
2,imagenet,low_score_rescue_10,75,student,2,0.935,0.965,0.0667062,0.03,0.717295918367347,0.11041647251950165,0.0
2,imagenet,low_score_rescue_10,75,student,3,0.935,0.965,0.0667062,0.03,0.717295918367347,0.11041647251950165,0.0
2,imagenet,low_score_rescue_10,75,student,4,0.935,0.965,0.0667062,0.03,0.717295918367347,0.11041647251950165,0.0
2,imagenet,low_score_rescue_10,75,random,0,0.94,0.965,0.09405363,0.035,0.8246938775510205,0.48994748795493875,0.0
2,imagenet,low_score_rescue_10,75,random,1,0.93,0.965,0.11544752,0.04,0.8235204081632653,0.4946262972715817,0.0
2,imagenet,low_score_rescue_10,75,random,2,0.935,0.965,0.097691804,0.035,0.8219387755102041,0.47777470733476307,0.0
2,imagenet,low_score_rescue_10,75,random,3,0.945,0.965,0.070126064,0.025,0.822857142857143,0.4756299304983063,0.0
2,imagenet,low_score_rescue_10,75,random,4,0.945,0.965,0.13986777,0.035,0.8268877551020407,0.5175266882325791,0.0
2,imagenet,low_score_rescue_10,75,random_rescue_10,0,0.935,0.965,0.046281032,0.03,0.7391326530612246,0.1959439137115423,10.0
2,imagenet,low_score_rescue_10,75,random_rescue_10,1,0.945,0.965,0.06818112,0.025,0.7410714285714286,0.20493298548552905,10.0
2,imagenet,low_score_rescue_10,75,random_rescue_10,2,0.935,0.965,0.063043185,0.03,0.7385714285714287,0.1894627116551934,10.0
2,imagenet,low_score_rescue_10,75,random_rescue_10,3,0.94,0.965,0.059620503,0.025,0.7404591836734693,0.1930425702451293,10.0
2,imagenet,low_score_rescue_10,75,random_rescue_10,4,0.955,0.965,0.0469844,0.02,0.7390306122448979,0.18060935893236874,10.0
2,imagenet,low_score_rescue_10,75,foreground_rescue_10,0,0.935,0.965,0.069011405,0.03,0.6835714285714286,0.03596922692236199,3.305
2,imagenet,low_score_rescue_10,75,foreground_rescue_10,1,0.94,0.965,0.04780509,0.025,0.6835714285714286,0.03596922692236199,3.305
2,imagenet,low_score_rescue_10,75,foreground_rescue_10,2,0.94,0.965,0.049568616,0.025,0.6835714285714286,0.03596922692236199,3.305
2,imagenet,low_score_rescue_10,75,foreground_rescue_10,3,0.94,0.965,0.050500106,0.025,0.6835714285714286,0.03596922692236199,3.305
2,imagenet,low_score_rescue_10,75,foreground_rescue_10,4,0.94,0.965,0.04522085,0.025,0.6835714285714286,0.03596922692236199,3.305
2,imagenet,low_score_rescue_10,75,low_score_rescue_10,0,0.95,0.965,0.029818881,0.015,0.7260714285714286,0.12804957961058014,10.0
2,imagenet,low_score_rescue_10,75,low_score_rescue_10,1,0.945,0.965,0.040191885,0.02,0.7265816326530612,0.12947128897171012,10.0
2,imagenet,low_score_rescue_10,75,low_score_rescue_10,2,0.955,0.965,0.031353254,0.015,0.7259183673469388,0.12807126375626487,10.0
2,imagenet,low_score_rescue_10,75,low_score_rescue_10,3,0.95,0.965,0.037937317,0.015,0.7259693877551021,0.1278599939943361,10.0
2,imagenet,low_score_rescue_10,75,low_score_rescue_10,4,0.95,0.965,0.040886875,0.02,0.7264285714285714,0.12874792651028533,10.0
2,imagenet,low_score_rescue_10,75,random_matched,0,0.935,0.965,0.058438748,0.03,0.7288265306122449,0.1317713348039829,3.305
2,imagenet,low_score_rescue_10,75,random_matched,1,0.94,0.965,0.050864305,0.025,0.727704081632653,0.12770090196163306,3.305
2,imagenet,low_score_rescue_10,75,random_matched,2,0.94,0.965,0.04851455,0.025,0.7272448979591837,0.12714232420743288,3.305
2,imagenet,low_score_rescue_10,75,random_matched,3,0.945,0.965,0.04676064,0.02,0.7283673469387755,0.12961632494547184,3.305
2,imagenet,low_score_rescue_10,75,random_matched,4,0.945,0.965,0.048152708,0.02,0.7275,0.12899681284299222,3.305
2,imagenet,low_score_rescue_10,100,student,0,0.95,0.965,0.050474185,0.015,0.7176530612244898,0.11248901720111465,0.0
2,imagenet,low_score_rescue_10,100,student,1,0.95,0.965,0.050474185,0.015,0.7176530612244898,0.11248901720111465,0.0
2,imagenet,low_score_rescue_10,100,student,2,0.95,0.965,0.050474185,0.015,0.7176530612244898,0.11248901720111465,0.0
2,imagenet,low_score_rescue_10,100,student,3,0.95,0.965,0.050474185,0.015,0.7176530612244898,0.11248901720111465,0.0
2,imagenet,low_score_rescue_10,100,student,4,0.95,0.965,0.050474185,0.015,0.7176530612244898,0.11248901720111465,0.0
2,imagenet,low_score_rescue_10,100,random,0,0.94,0.965,0.09405363,0.035,0.8246938775510205,0.48994748795493875,0.0
2,imagenet,low_score_rescue_10,100,random,1,0.93,0.965,0.11544752,0.04,0.8235204081632653,0.4946262972715817,0.0
2,imagenet,low_score_rescue_10,100,random,2,0.935,0.965,0.097691804,0.035,0.8219387755102041,0.47777470733476307,0.0
2,imagenet,low_score_rescue_10,100,random,3,0.945,0.965,0.070126064,0.025,0.822857142857143,0.4756299304983063,0.0
2,imagenet,low_score_rescue_10,100,random,4,0.945,0.965,0.13986777,0.035,0.8268877551020407,0.5175266882325791,0.0
2,imagenet,low_score_rescue_10,100,random_rescue_10,0,0.945,0.965,0.06392594,0.02,0.7401530612244898,0.19399595120431762,10.0
2,imagenet,low_score_rescue_10,100,random_rescue_10,1,0.965,0.965,0.047221214,0.01,0.7392857142857143,0.19132612740061705,10.0
2,imagenet,low_score_rescue_10,100,random_rescue_10,2,0.955,0.965,0.05019845,0.015,0.7393367346938775,0.1925687908815188,10.0
2,imagenet,low_score_rescue_10,100,random_rescue_10,3,0.96,0.965,0.02439423,0.01,0.739234693877551,0.18224212260530046,10.0
2,imagenet,low_score_rescue_10,100,random_rescue_10,4,0.95,0.965,0.045711674,0.015,0.7398979591836735,0.18691102612128266,10.0
2,imagenet,low_score_rescue_10,100,foreground_rescue_10,0,0.95,0.965,0.034661565,0.015,0.6833673469387755,0.03560345387114934,3.36
2,imagenet,low_score_rescue_10,100,foreground_rescue_10,1,0.95,0.965,0.021682883,0.015,0.6833673469387755,0.03560345387114934,3.36
2,imagenet,low_score_rescue_10,100,foreground_rescue_10,2,0.95,0.965,0.029788794,0.015,0.6833673469387755,0.03560345387114934,3.36
2,imagenet,low_score_rescue_10,100,foreground_rescue_10,3,0.955,0.965,0.017997384,0.01,0.6833673469387755,0.03560345387114934,3.36
2,imagenet,low_score_rescue_10,100,foreground_rescue_10,4,0.95,0.965,0.024056068,0.015,0.6833673469387755,0.03560345387114934,3.36
2,imagenet,low_score_rescue_10,100,low_score_rescue_10,0,0.955,0.965,0.021373546,0.01,0.7244897959183675,0.12668569968078472,10.0
2,imagenet,low_score_rescue_10,100,low_score_rescue_10,1,0.955,0.965,0.03329236,0.015,0.7255102040816326,0.12905949684675191,10.0
2,imagenet,low_score_rescue_10,100,low_score_rescue_10,2,0.95,0.965,0.041045416,0.015,0.7246938775510203,0.12690025912175945,10.0
2,imagenet,low_score_rescue_10,100,low_score_rescue_10,3,0.95,0.965,0.033894166,0.015,0.724234693877551,0.1272028070050687,10.0
2,imagenet,low_score_rescue_10,100,low_score_rescue_10,4,0.945,0.965,0.03448273,0.02,0.7246428571428573,0.12600059489022025,10.0
2,imagenet,low_score_rescue_10,100,random_matched,0,0.95,0.965,0.038694415,0.015,0.727091836734694,0.12952820878600632,3.36
2,imagenet,low_score_rescue_10,100,random_matched,1,0.955,0.965,0.025929088,0.01,0.729591836734694,0.1329198580564171,3.36
2,imagenet,low_score_rescue_10,100,random_matched,2,0.95,0.965,0.038536843,0.015,0.7277551020408163,0.12945825825802817,3.36
2,imagenet,low_score_rescue_10,100,random_matched,3,0.95,0.965,0.034820188,0.015,0.7285204081632654,0.13176039655099794,3.36
2,imagenet,low_score_rescue_10,100,random_matched,4,0.94,0.965,0.046069678,0.025,0.7294387755102041,0.13489351520522694,3.36
2,imagenet,random,0,student,0,0.955,0.965,0.024650788,0.015,0.7058673469387755,0.08231790489358617,0.0
2,imagenet,random,0,student,1,0.955,0.965,0.024650788,0.015,0.7058673469387755,0.08231790489358617,0.0
2,imagenet,random,0,student,2,0.955,0.965,0.024650788,0.015,0.7058673469387755,0.08231790489358617,0.0
2,imagenet,random,0,student,3,0.955,0.965,0.024650788,0.015,0.7058673469387755,0.08231790489358617,0.0
2,imagenet,random,0,student,4,0.955,0.965,0.024650788,0.015,0.7058673469387755,0.08231790489358617,0.0
2,imagenet,random,0,random,0,0.94,0.965,0.09405363,0.035,0.8246938775510205,0.48994748795493875,0.0
2,imagenet,random,0,random,1,0.93,0.965,0.11544752,0.04,0.8235204081632653,0.4946262972715817,0.0
2,imagenet,random,0,random,2,0.935,0.965,0.097691804,0.035,0.8219387755102041,0.47777470733476307,0.0
2,imagenet,random,0,random,3,0.945,0.965,0.070126064,0.025,0.822857142857143,0.4756299304983063,0.0
2,imagenet,random,0,random,4,0.945,0.965,0.13986777,0.035,0.8268877551020407,0.5175266882325791,0.0
2,imagenet,random,0,random_rescue_10,0,0.955,0.965,0.038569137,0.015,0.729234693877551,0.1679639018459042,10.0
2,imagenet,random,0,random_rescue_10,1,0.96,0.965,0.017329695,0.01,0.7321428571428572,0.17112982691976839,10.0
2,imagenet,random,0,random_rescue_10,2,0.955,0.965,0.01626845,0.01,0.7311224489795919,0.17162426857917626,10.0
2,imagenet,random,0,random_rescue_10,3,0.965,0.965,0.012426552,0.005,0.7294897959183675,0.17406355448185729,10.0
2,imagenet,random,0,random_rescue_10,4,0.96,0.965,0.040426616,0.015,0.7296428571428573,0.15813417548845027,10.0
2,imagenet,random,0,foreground_rescue_10,0,0.96,0.965,0.0187087,0.01,0.677295918367347,0.025096868132710646,2.8
2,imagenet,random,0,foreground_rescue_10,1,0.96,0.965,0.015796212,0.01,0.677295918367347,0.025096868132710646,2.8
2,imagenet,random,0,foreground_rescue_10,2,0.96,0.965,0.014038241,0.01,0.677295918367347,0.025096868132710646,2.8
2,imagenet,random,0,foreground_rescue_10,3,0.96,0.965,0.013823228,0.01,0.677295918367347,0.025096868132710646,2.8
2,imagenet,random,0,foreground_rescue_10,4,0.955,0.965,0.033695053,0.015,0.677295918367347,0.025096868132710646,2.8
2,imagenet,random,0,low_score_rescue_10,0,0.955,0.965,0.032109138,0.01,0.7128571428571427,0.09592084560465473,10.0
2,imagenet,random,0,low_score_rescue_10,1,0.96,0.965,0.02137252,0.01,0.7136734693877551,0.09635290260200267,10.0
2,imagenet,random,0,low_score_rescue_10,2,0.955,0.965,0.032719165,0.01,0.7132142857142857,0.09623877203175696,10.0
2,imagenet,random,0,low_score_rescue_10,3,0.965,0.965,0.032013148,0.005,0.7127551020408163,0.09565284000194518,10.0
2,imagenet,random,0,low_score_rescue_10,4,0.96,0.965,0.025018862,0.01,0.7127551020408163,0.09502717675311124,10.0
2,imagenet,random,0,random_matched,0,0.955,0.965,0.027133279,0.015,0.7163775510204081,0.09909034654213109,2.8
2,imagenet,random,0,random_matched,1,0.955,0.965,0.019171877,0.015,0.7163775510204081,0.10026353536070877,2.8
2,imagenet,random,0,random_matched,2,0.96,0.965,0.015338807,0.01,0.7168877551020408,0.10060035762440128,2.8
2,imagenet,random,0,random_matched,3,0.96,0.965,0.014347624,0.01,0.7167346938775511,0.10205323439281039,2.8
2,imagenet,random,0,random_matched,4,0.955,0.965,0.019086964,0.015,0.7166836734693877,0.09952487927668469,2.8
2,imagenet,random,10,student,0,0.96,0.965,0.024241019,0.01,0.7103571428571428,0.09547642529023438,0.0
2,imagenet,random,10,student,1,0.96,0.965,0.024241019,0.01,0.7103571428571428,0.09547642529023438,0.0
2,imagenet,random,10,student,2,0.96,0.965,0.024241019,0.01,0.7103571428571428,0.09547642529023438,0.0
2,imagenet,random,10,student,3,0.96,0.965,0.024241019,0.01,0.7103571428571428,0.09547642529023438,0.0
2,imagenet,random,10,student,4,0.96,0.965,0.024241019,0.01,0.7103571428571428,0.09547642529023438,0.0
2,imagenet,random,10,random,0,0.94,0.965,0.09405363,0.035,0.8246938775510205,0.48994748795493875,0.0
2,imagenet,random,10,random,1,0.93,0.965,0.11544752,0.04,0.8235204081632653,0.4946262972715817,0.0
2,imagenet,random,10,random,2,0.935,0.965,0.097691804,0.035,0.8219387755102041,0.47777470733476307,0.0
2,imagenet,random,10,random,3,0.945,0.965,0.070126064,0.025,0.822857142857143,0.4756299304983063,0.0
2,imagenet,random,10,random,4,0.945,0.965,0.13986777,0.035,0.8268877551020407,0.5175266882325791,0.0
2,imagenet,random,10,random_rescue_10,0,0.96,0.965,0.028238272,0.01,0.733469387755102,0.17558008998817373,10.0
2,imagenet,random,10,random_rescue_10,1,0.955,0.965,0.04296568,0.015,0.7340306122448979,0.1783001317407541,10.0
2,imagenet,random,10,random_rescue_10,2,0.955,0.965,0.025795316,0.015,0.7359183673469388,0.19556761905941777,10.0
2,imagenet,random,10,random_rescue_10,3,0.955,0.965,0.025102068,0.015,0.7334183673469387,0.1750347830612406,10.0
2,imagenet,random,10,random_rescue_10,4,0.965,0.965,0.04335742,0.01,0.7329081632653061,0.1713988580319309,10.0
2,imagenet,random,10,foreground_rescue_10,0,0.96,0.965,0.018612506,0.01,0.6794897959183673,0.02883364375582882,3.025
2,imagenet,random,10,foreground_rescue_10,1,0.96,0.965,0.02231878,0.01,0.6794897959183673,0.02883364375582882,3.025
2,imagenet,random,10,foreground_rescue_10,2,0.96,0.965,0.021270556,0.01,0.6794897959183673,0.02883364375582882,3.025
2,imagenet,random,10,foreground_rescue_10,3,0.96,0.965,0.020245917,0.01,0.6794897959183673,0.02883364375582882,3.025
2,imagenet,random,10,foreground_rescue_10,4,0.96,0.965,0.019283038,0.01,0.6794897959183673,0.02883364375582882,3.025
2,imagenet,random,10,low_score_rescue_10,0,0.955,0.965,0.014760597,0.01,0.715765306122449,0.10408655661421597,10.0
2,imagenet,random,10,low_score_rescue_10,1,0.96,0.965,0.018867629,0.01,0.7162755102040816,0.10529091635234182,10.0
2,imagenet,random,10,low_score_rescue_10,2,0.955,0.965,0.015817072,0.01,0.7162244897959184,0.10606742982272105,10.0
2,imagenet,random,10,low_score_rescue_10,3,0.95,0.965,0.023091758,0.015,0.7153061224489795,0.10262940370188828,10.0
2,imagenet,random,10,low_score_rescue_10,4,0.965,0.965,0.026312595,0.01,0.715561224489796,0.10432531615606196,10.0
2,imagenet,random,10,random_matched,0,0.96,0.965,0.028122459,0.01,0.7217857142857141,0.11395821849457577,3.025
2,imagenet,random,10,random_matched,1,0.96,0.965,0.024300141,0.01,0.7207653061224489,0.11253573916195339,3.025
2,imagenet,random,10,random_matched,2,0.96,0.965,0.026496992,0.01,0.7215816326530612,0.11365898833145385,3.025
2,imagenet,random,10,random_matched,3,0.965,0.965,0.013623221,0.005,0.7216836734693878,0.1144188923470183,3.025
2,imagenet,random,10,random_matched,4,0.965,0.965,0.022512963,0.005,0.720612244897959,0.11292141228970695,3.025
2,imagenet,random,25,student,0,0.955,0.965,0.024591375,0.01,0.7117857142857144,0.09559997008850037,0.0
2,imagenet,random,25,student,1,0.955,0.965,0.024591375,0.01,0.7117857142857144,0.09559997008850037,0.0
2,imagenet,random,25,student,2,0.955,0.965,0.024591375,0.01,0.7117857142857144,0.09559997008850037,0.0
2,imagenet,random,25,student,3,0.955,0.965,0.024591375,0.01,0.7117857142857144,0.09559997008850037,0.0
2,imagenet,random,25,student,4,0.955,0.965,0.024591375,0.01,0.7117857142857144,0.09559997008850037,0.0
2,imagenet,random,25,random,0,0.94,0.965,0.09405363,0.035,0.8246938775510205,0.48994748795493875,0.0
2,imagenet,random,25,random,1,0.93,0.965,0.11544752,0.04,0.8235204081632653,0.4946262972715817,0.0
2,imagenet,random,25,random,2,0.935,0.965,0.097691804,0.035,0.8219387755102041,0.47777470733476307,0.0
2,imagenet,random,25,random,3,0.945,0.965,0.070126064,0.025,0.822857142857143,0.4756299304983063,0.0
2,imagenet,random,25,random,4,0.945,0.965,0.13986777,0.035,0.8268877551020407,0.5175266882325791,0.0
2,imagenet,random,25,random_rescue_10,0,0.955,0.965,0.034890965,0.01,0.734642857142857,0.18159767131018495,10.0
2,imagenet,random,25,random_rescue_10,1,0.95,0.965,0.02913309,0.015,0.7335204081632654,0.17090087945684634,10.0
2,imagenet,random,25,random_rescue_10,2,0.955,0.965,0.03587217,0.015,0.7346938775510203,0.18238379809054286,10.0
2,imagenet,random,25,random_rescue_10,3,0.96,0.965,0.030857403,0.01,0.7345408163265306,0.17535468793592845,10.0
2,imagenet,random,25,random_rescue_10,4,0.95,0.965,0.028129917,0.015,0.7344897959183675,0.16720433375870247,10.0
2,imagenet,random,25,foreground_rescue_10,0,0.96,0.965,0.012737426,0.005,0.6792857142857143,0.02896864023490049,3.185
2,imagenet,random,25,foreground_rescue_10,1,0.955,0.965,0.016204866,0.01,0.6792857142857143,0.02896864023490049,3.185
2,imagenet,random,25,foreground_rescue_10,2,0.96,0.965,0.017847609,0.005,0.6792857142857143,0.02896864023490049,3.185
2,imagenet,random,25,foreground_rescue_10,3,0.96,0.965,0.016713327,0.005,0.6792857142857143,0.02896864023490049,3.185
2,imagenet,random,25,foreground_rescue_10,4,0.965,0.965,0.009799527,0.0,0.6792857142857143,0.02896864023490049,3.185
2,imagenet,random,25,low_score_rescue_10,0,0.955,0.965,0.027193531,0.01,0.7196938775510204,0.10902697670114585,10.0
2,imagenet,random,25,low_score_rescue_10,1,0.95,0.965,0.04037908,0.02,0.7196938775510203,0.10923985414019179,10.0
2,imagenet,random,25,low_score_rescue_10,2,0.965,0.965,0.02251792,0.01,0.719591836734694,0.11152579382012025,10.0
2,imagenet,random,25,low_score_rescue_10,3,0.96,0.965,0.030437913,0.015,0.7185204081632652,0.10838449985024173,10.0
2,imagenet,random,25,low_score_rescue_10,4,0.965,0.965,0.028157914,0.01,0.7200510204081633,0.11073220198915129,10.0
2,imagenet,random,25,random_matched,0,0.955,0.965,0.024143906,0.01,0.722704081632653,0.11474782562069463,3.185
2,imagenet,random,25,random_matched,1,0.955,0.965,0.01910814,0.01,0.7239285714285714,0.11665510540152926,3.185
2,imagenet,random,25,random_matched,2,0.955,0.965,0.01878321,0.01,0.721887755102041,0.11335940072859617,3.185
2,imagenet,random,25,random_matched,3,0.955,0.965,0.021792052,0.01,0.7238265306122449,0.1165420183518488,3.185
2,imagenet,random,25,random_matched,4,0.95,0.965,0.023538556,0.015,0.7225,0.11268763151680304,3.185
2,imagenet,random,50,student,0,0.96,0.965,0.02543372,0.01,0.71,0.09252170346425864,0.0
2,imagenet,random,50,student,1,0.96,0.965,0.02543372,0.01,0.71,0.09252170346425864,0.0
2,imagenet,random,50,student,2,0.96,0.965,0.02543372,0.01,0.71,0.09252170346425864,0.0
2,imagenet,random,50,student,3,0.96,0.965,0.02543372,0.01,0.71,0.09252170346425864,0.0
2,imagenet,random,50,student,4,0.96,0.965,0.02543372,0.01,0.71,0.09252170346425864,0.0
2,imagenet,random,50,random,0,0.94,0.965,0.09405363,0.035,0.8246938775510205,0.48994748795493875,0.0
2,imagenet,random,50,random,1,0.93,0.965,0.11544752,0.04,0.8235204081632653,0.4946262972715817,0.0
2,imagenet,random,50,random,2,0.935,0.965,0.097691804,0.035,0.8219387755102041,0.47777470733476307,0.0
2,imagenet,random,50,random,3,0.945,0.965,0.070126064,0.025,0.822857142857143,0.4756299304983063,0.0
2,imagenet,random,50,random,4,0.945,0.965,0.13986777,0.035,0.8268877551020407,0.5175266882325791,0.0
2,imagenet,random,50,random_rescue_10,0,0.95,0.965,0.03305124,0.015,0.7334183673469389,0.17388284920931296,10.0
2,imagenet,random,50,random_rescue_10,1,0.955,0.965,0.031730395,0.015,0.7341836734693876,0.1704575710642714,10.0
2,imagenet,random,50,random_rescue_10,2,0.955,0.965,0.022114448,0.01,0.7346428571428573,0.18184719571036564,10.0
2,imagenet,random,50,random_rescue_10,3,0.96,0.965,0.03165246,0.01,0.7328061224489795,0.17485391529018976,10.0
2,imagenet,random,50,random_rescue_10,4,0.955,0.965,0.03604932,0.015,0.7348469387755102,0.17025421325178383,10.0
2,imagenet,random,50,foreground_rescue_10,0,0.96,0.965,0.026241671,0.01,0.6787244897959184,0.028068160070471075,3.065
2,imagenet,random,50,foreground_rescue_10,1,0.955,0.965,0.029326744,0.015,0.6787244897959184,0.028068160070471075,3.065
2,imagenet,random,50,foreground_rescue_10,2,0.955,0.965,0.024537724,0.015,0.6787244897959184,0.028068160070471075,3.065
2,imagenet,random,50,foreground_rescue_10,3,0.955,0.965,0.024789562,0.015,0.6787244897959184,0.028068160070471075,3.065
2,imagenet,random,50,foreground_rescue_10,4,0.96,0.965,0.023807153,0.01,0.6787244897959184,0.028068160070471075,3.065
2,imagenet,random,50,low_score_rescue_10,0,0.97,0.965,0.02108381,0.005,0.7165816326530612,0.10597933090261881,10.0
2,imagenet,random,50,low_score_rescue_10,1,0.96,0.965,0.020481544,0.01,0.7167857142857141,0.10698415026186195,10.0
2,imagenet,random,50,low_score_rescue_10,2,0.955,0.965,0.023788009,0.01,0.7169897959183673,0.10776397466854741,10.0
2,imagenet,random,50,low_score_rescue_10,3,0.965,0.965,0.016778562,0.005,0.7161224489795919,0.10527004085094907,10.0
2,imagenet,random,50,low_score_rescue_10,4,0.955,0.965,0.022160731,0.01,0.7163265306122448,0.10573342759908162,10.0
2,imagenet,random,50,random_matched,0,0.955,0.965,0.035404243,0.015,0.7215816326530612,0.11298212038593665,3.065
2,imagenet,random,50,random_matched,1,0.96,0.965,0.019554013,0.01,0.7212244897959184,0.11094201116577551,3.065
2,imagenet,random,50,random_matched,2,0.96,0.965,0.021357367,0.01,0.720408163265306,0.10948808399721044,3.065
2,imagenet,random,50,random_matched,3,0.96,0.965,0.015239831,0.01,0.7214285714285714,0.11105834447452086,3.065
2,imagenet,random,50,random_matched,4,0.96,0.965,0.028340513,0.01,0.7217857142857141,0.11164632221778914,3.065
2,imagenet,random,75,student,0,0.955,0.965,0.015905801,0.01,0.7070918367346938,0.08492594288861313,0.0
2,imagenet,random,75,student,1,0.955,0.965,0.015905801,0.01,0.7070918367346938,0.08492594288861313,0.0
2,imagenet,random,75,student,2,0.955,0.965,0.015905801,0.01,0.7070918367346938,0.08492594288861313,0.0
2,imagenet,random,75,student,3,0.955,0.965,0.015905801,0.01,0.7070918367346938,0.08492594288861313,0.0
2,imagenet,random,75,student,4,0.955,0.965,0.015905801,0.01,0.7070918367346938,0.08492594288861313,0.0
2,imagenet,random,75,random,0,0.94,0.965,0.09405363,0.035,0.8246938775510205,0.48994748795493875,0.0
2,imagenet,random,75,random,1,0.93,0.965,0.11544752,0.04,0.8235204081632653,0.4946262972715817,0.0
2,imagenet,random,75,random,2,0.935,0.965,0.097691804,0.035,0.8219387755102041,0.47777470733476307,0.0
2,imagenet,random,75,random,3,0.945,0.965,0.070126064,0.025,0.822857142857143,0.4756299304983063,0.0
2,imagenet,random,75,random,4,0.945,0.965,0.13986777,0.035,0.8268877551020407,0.5175266882325791,0.0
2,imagenet,random,75,random_rescue_10,0,0.96,0.965,0.02175737,0.01,0.7313775510204082,0.1725441980040245,10.0
2,imagenet,random,75,random_rescue_10,1,0.955,0.965,0.039268974,0.015,0.7324489795918367,0.17365645234598526,10.0
2,imagenet,random,75,random_rescue_10,2,0.955,0.965,0.021028519,0.01,0.7332653061224491,0.17645884533763276,10.0
2,imagenet,random,75,random_rescue_10,3,0.96,0.965,0.045877267,0.015,0.7315816326530612,0.16799221600740674,10.0
2,imagenet,random,75,random_rescue_10,4,0.95,0.965,0.02458547,0.015,0.7324489795918367,0.16461250404893793,10.0
2,imagenet,random,75,foreground_rescue_10,0,0.955,0.965,0.019394344,0.01,0.6773979591836735,0.02573607459323376,2.91
2,imagenet,random,75,foreground_rescue_10,1,0.95,0.965,0.016175747,0.015,0.6773979591836735,0.02573607459323376,2.91
2,imagenet,random,75,foreground_rescue_10,2,0.955,0.965,0.017031176,0.01,0.6773979591836735,0.02573607459323376,2.91
2,imagenet,random,75,foreground_rescue_10,3,0.96,0.965,0.015262531,0.005,0.6773979591836735,0.02573607459323376,2.91
2,imagenet,random,75,foreground_rescue_10,4,0.95,0.965,0.019663857,0.015,0.6773979591836735,0.02573607459323376,2.91
2,imagenet,random,75,low_score_rescue_10,0,0.955,0.965,0.012696879,0.01,0.7148469387755102,0.09944365825794142,10.0
2,imagenet,random,75,low_score_rescue_10,1,0.955,0.965,0.016277457,0.01,0.7143877551020408,0.09929536845269571,10.0
2,imagenet,random,75,low_score_rescue_10,2,0.955,0.965,0.01864424,0.015,0.7148979591836735,0.10034524028192585,10.0
2,imagenet,random,75,low_score_rescue_10,3,0.955,0.965,0.015130566,0.01,0.7141836734693876,0.09913965735151421,10.0
2,imagenet,random,75,low_score_rescue_10,4,0.96,0.965,0.016910458,0.01,0.7138775510204083,0.09744078864654347,10.0
2,imagenet,random,75,random_matched,0,0.95,0.965,0.02036528,0.015,0.7186224489795918,0.10351947683096785,2.91
2,imagenet,random,75,random_matched,1,0.955,0.965,0.022649484,0.01,0.7171938775510205,0.10158132424680892,2.91
2,imagenet,random,75,random_matched,2,0.96,0.965,0.013966114,0.005,0.7175,0.1013168771305713,2.91
2,imagenet,random,75,random_matched,3,0.96,0.965,0.010862372,0.005,0.7185714285714286,0.10409934129010559,2.91
2,imagenet,random,75,random_matched,4,0.96,0.965,0.01185983,0.005,0.717295918367347,0.10080325120682365,2.91
2,imagenet,random,100,student,0,0.955,0.965,0.021458521,0.015,0.7069897959183673,0.08372877149227051,0.0
2,imagenet,random,100,student,1,0.955,0.965,0.021458521,0.015,0.7069897959183673,0.08372877149227051,0.0
2,imagenet,random,100,student,2,0.955,0.965,0.021458521,0.015,0.7069897959183673,0.08372877149227051,0.0
2,imagenet,random,100,student,3,0.955,0.965,0.021458521,0.015,0.7069897959183673,0.08372877149227051,0.0
2,imagenet,random,100,student,4,0.955,0.965,0.021458521,0.015,0.7069897959183673,0.08372877149227051,0.0
2,imagenet,random,100,random,0,0.94,0.965,0.09405363,0.035,0.8246938775510205,0.48994748795493875,0.0
2,imagenet,random,100,random,1,0.93,0.965,0.11544752,0.04,0.8235204081632653,0.4946262972715817,0.0
2,imagenet,random,100,random,2,0.935,0.965,0.097691804,0.035,0.8219387755102041,0.47777470733476307,0.0
2,imagenet,random,100,random,3,0.945,0.965,0.070126064,0.025,0.822857142857143,0.4756299304983063,0.0
2,imagenet,random,100,random,4,0.945,0.965,0.13986777,0.035,0.8268877551020407,0.5175266882325791,0.0
2,imagenet,random,100,random_rescue_10,0,0.95,0.965,0.040644147,0.025,0.7312244897959184,0.17001231530060187,10.0
2,imagenet,random,100,random_rescue_10,1,0.95,0.965,0.026480822,0.015,0.7303571428571429,0.1683382893600723,10.0
2,imagenet,random,100,random_rescue_10,2,0.955,0.965,0.061958704,0.015,0.7324489795918367,0.17732013253892354,10.0
2,imagenet,random,100,random_rescue_10,3,0.965,0.965,0.022582421,0.01,0.7321938775510204,0.16836048552419713,10.0
2,imagenet,random,100,random_rescue_10,4,0.95,0.965,0.042393282,0.02,0.7320408163265307,0.1668313744714029,10.0
2,imagenet,random,100,foreground_rescue_10,0,0.955,0.965,0.0234579,0.015,0.6777551020408162,0.02650588154867571,2.865
2,imagenet,random,100,foreground_rescue_10,1,0.955,0.965,0.022377843,0.015,0.6777551020408162,0.02650588154867571,2.865
2,imagenet,random,100,foreground_rescue_10,2,0.95,0.965,0.027909916,0.02,0.6777551020408162,0.02650588154867571,2.865
2,imagenet,random,100,foreground_rescue_10,3,0.95,0.965,0.02421872,0.02,0.6777551020408162,0.02650588154867571,2.865
2,imagenet,random,100,foreground_rescue_10,4,0.955,0.965,0.019518895,0.015,0.6777551020408162,0.02650588154867571,2.865
2,imagenet,random,100,low_score_rescue_10,0,0.96,0.965,0.016039599,0.01,0.7146938775510204,0.09772775731347659,10.0
2,imagenet,random,100,low_score_rescue_10,1,0.96,0.965,0.017304339,0.01,0.715,0.0997455000559346,10.0
2,imagenet,random,100,low_score_rescue_10,2,0.96,0.965,0.014966659,0.01,0.7144897959183674,0.09849006563694311,10.0
2,imagenet,random,100,low_score_rescue_10,3,0.96,0.965,0.020236975,0.01,0.7136224489795918,0.09596827437228746,10.0
2,imagenet,random,100,low_score_rescue_10,4,0.96,0.965,0.015839444,0.01,0.7140816326530612,0.0963599847112294,10.0
2,imagenet,random,100,random_matched,0,0.955,0.965,0.022470875,0.015,0.7185204081632652,0.10363151832083135,2.865
2,imagenet,random,100,random_matched,1,0.95,0.965,0.027072372,0.02,0.7160204081632654,0.09800308896412294,2.865
2,imagenet,random,100,random_matched,2,0.96,0.965,0.017941194,0.01,0.7160714285714286,0.09824479044263476,2.865
2,imagenet,random,100,random_matched,3,0.95,0.965,0.040991116,0.02,0.7162755102040816,0.09793783673402938,2.865
2,imagenet,random,100,random_matched,4,0.955,0.965,0.022105517,0.015,0.7169387755102039,0.10022499315044543,2.865
2,imagenet,random_rescue_10,0,student,0,0.955,0.965,0.024650788,0.015,0.7058673469387755,0.08231790489358617,0.0
2,imagenet,random_rescue_10,0,student,1,0.955,0.965,0.024650788,0.015,0.7058673469387755,0.08231790489358617,0.0
2,imagenet,random_rescue_10,0,student,2,0.955,0.965,0.024650788,0.015,0.7058673469387755,0.08231790489358617,0.0
2,imagenet,random_rescue_10,0,student,3,0.955,0.965,0.024650788,0.015,0.7058673469387755,0.08231790489358617,0.0
2,imagenet,random_rescue_10,0,student,4,0.955,0.965,0.024650788,0.015,0.7058673469387755,0.08231790489358617,0.0
2,imagenet,random_rescue_10,0,random,0,0.94,0.965,0.09405363,0.035,0.8246938775510205,0.48994748795493875,0.0
2,imagenet,random_rescue_10,0,random,1,0.93,0.965,0.11544752,0.04,0.8235204081632653,0.4946262972715817,0.0
2,imagenet,random_rescue_10,0,random,2,0.935,0.965,0.097691804,0.035,0.8219387755102041,0.47777470733476307,0.0
2,imagenet,random_rescue_10,0,random,3,0.945,0.965,0.070126064,0.025,0.822857142857143,0.4756299304983063,0.0
2,imagenet,random_rescue_10,0,random,4,0.945,0.965,0.13986777,0.035,0.8268877551020407,0.5175266882325791,0.0
2,imagenet,random_rescue_10,0,random_rescue_10,0,0.955,0.965,0.038569137,0.015,0.729234693877551,0.1679639018459042,10.0
2,imagenet,random_rescue_10,0,random_rescue_10,1,0.96,0.965,0.017329695,0.01,0.7321428571428572,0.17112982691976839,10.0
2,imagenet,random_rescue_10,0,random_rescue_10,2,0.955,0.965,0.01626845,0.01,0.7311224489795919,0.17162426857917626,10.0
2,imagenet,random_rescue_10,0,random_rescue_10,3,0.965,0.965,0.012426552,0.005,0.7294897959183675,0.17406355448185729,10.0
2,imagenet,random_rescue_10,0,random_rescue_10,4,0.96,0.965,0.040426616,0.015,0.7296428571428573,0.15813417548845027,10.0
2,imagenet,random_rescue_10,0,foreground_rescue_10,0,0.96,0.965,0.0187087,0.01,0.677295918367347,0.025096868132710646,2.8
2,imagenet,random_rescue_10,0,foreground_rescue_10,1,0.96,0.965,0.015796212,0.01,0.677295918367347,0.025096868132710646,2.8
2,imagenet,random_rescue_10,0,foreground_rescue_10,2,0.96,0.965,0.014038241,0.01,0.677295918367347,0.025096868132710646,2.8
2,imagenet,random_rescue_10,0,foreground_rescue_10,3,0.96,0.965,0.013823228,0.01,0.677295918367347,0.025096868132710646,2.8
2,imagenet,random_rescue_10,0,foreground_rescue_10,4,0.955,0.965,0.033695053,0.015,0.677295918367347,0.025096868132710646,2.8
2,imagenet,random_rescue_10,0,low_score_rescue_10,0,0.955,0.965,0.032109138,0.01,0.7128571428571427,0.09592084560465473,10.0
2,imagenet,random_rescue_10,0,low_score_rescue_10,1,0.96,0.965,0.02137252,0.01,0.7136734693877551,0.09635290260200267,10.0
2,imagenet,random_rescue_10,0,low_score_rescue_10,2,0.955,0.965,0.032719165,0.01,0.7132142857142857,0.09623877203175696,10.0
2,imagenet,random_rescue_10,0,low_score_rescue_10,3,0.965,0.965,0.032013148,0.005,0.7127551020408163,0.09565284000194518,10.0
2,imagenet,random_rescue_10,0,low_score_rescue_10,4,0.96,0.965,0.025018862,0.01,0.7127551020408163,0.09502717675311124,10.0
2,imagenet,random_rescue_10,0,random_matched,0,0.955,0.965,0.027133279,0.015,0.7163775510204081,0.09909034654213109,2.8
2,imagenet,random_rescue_10,0,random_matched,1,0.955,0.965,0.019171877,0.015,0.7163775510204081,0.10026353536070877,2.8
2,imagenet,random_rescue_10,0,random_matched,2,0.96,0.965,0.015338807,0.01,0.7168877551020408,0.10060035762440128,2.8
2,imagenet,random_rescue_10,0,random_matched,3,0.96,0.965,0.014347624,0.01,0.7167346938775511,0.10205323439281039,2.8
2,imagenet,random_rescue_10,0,random_matched,4,0.955,0.965,0.019086964,0.015,0.7166836734693877,0.09952487927668469,2.8
2,imagenet,random_rescue_10,10,student,0,0.96,0.965,0.016845986,0.01,0.7087244897959184,0.09456849301736904,0.0
2,imagenet,random_rescue_10,10,student,1,0.96,0.965,0.016845986,0.01,0.7087244897959184,0.09456849301736904,0.0
2,imagenet,random_rescue_10,10,student,2,0.96,0.965,0.016845986,0.01,0.7087244897959184,0.09456849301736904,0.0
2,imagenet,random_rescue_10,10,student,3,0.96,0.965,0.016845986,0.01,0.7087244897959184,0.09456849301736904,0.0
2,imagenet,random_rescue_10,10,student,4,0.96,0.965,0.016845986,0.01,0.7087244897959184,0.09456849301736904,0.0
2,imagenet,random_rescue_10,10,random,0,0.94,0.965,0.09405363,0.035,0.8246938775510205,0.48994748795493875,0.0
2,imagenet,random_rescue_10,10,random,1,0.93,0.965,0.11544752,0.04,0.8235204081632653,0.4946262972715817,0.0
2,imagenet,random_rescue_10,10,random,2,0.935,0.965,0.097691804,0.035,0.8219387755102041,0.47777470733476307,0.0
2,imagenet,random_rescue_10,10,random,3,0.945,0.965,0.070126064,0.025,0.822857142857143,0.4756299304983063,0.0
2,imagenet,random_rescue_10,10,random,4,0.945,0.965,0.13986777,0.035,0.8268877551020407,0.5175266882325791,0.0
2,imagenet,random_rescue_10,10,random_rescue_10,0,0.955,0.965,0.0194547,0.01,0.7320918367346937,0.17082312475987174,10.0
2,imagenet,random_rescue_10,10,random_rescue_10,1,0.945,0.965,0.03590052,0.02,0.7338265306122449,0.18071053744941248,10.0
2,imagenet,random_rescue_10,10,random_rescue_10,2,0.955,0.965,0.03763549,0.015,0.7338775510204081,0.18439968372137489,10.0
2,imagenet,random_rescue_10,10,random_rescue_10,3,0.955,0.965,0.031011429,0.015,0.7325,0.1762563850927757,10.0
2,imagenet,random_rescue_10,10,random_rescue_10,4,0.965,0.965,0.010567964,0.005,0.7338775510204081,0.17556308468220205,10.0
2,imagenet,random_rescue_10,10,foreground_rescue_10,0,0.96,0.965,0.018549453,0.01,0.6785204081632653,0.027763179242187453,2.96
2,imagenet,random_rescue_10,10,foreground_rescue_10,1,0.96,0.965,0.019292647,0.01,0.6785204081632653,0.027763179242187453,2.96
2,imagenet,random_rescue_10,10,foreground_rescue_10,2,0.96,0.965,0.018199904,0.01,0.6785204081632653,0.027763179242187453,2.96
2,imagenet,random_rescue_10,10,foreground_rescue_10,3,0.955,0.965,0.024212813,0.015,0.6785204081632653,0.027763179242187453,2.96
2,imagenet,random_rescue_10,10,foreground_rescue_10,4,0.96,0.965,0.014791131,0.01,0.6785204081632653,0.027763179242187453,2.96
2,imagenet,random_rescue_10,10,low_score_rescue_10,0,0.96,0.965,0.024475487,0.01,0.7160204081632654,0.10940663468124533,10.0
2,imagenet,random_rescue_10,10,low_score_rescue_10,1,0.965,0.965,0.02723044,0.005,0.7154081632653062,0.10790079464252499,10.0
2,imagenet,random_rescue_10,10,low_score_rescue_10,2,0.955,0.965,0.02620782,0.015,0.714795918367347,0.10777156544976632,10.0
2,imagenet,random_rescue_10,10,low_score_rescue_10,3,0.96,0.965,0.03070199,0.01,0.7151020408163266,0.10791380723349547,10.0
2,imagenet,random_rescue_10,10,low_score_rescue_10,4,0.96,0.965,0.019451039,0.01,0.7156122448979592,0.10970587622166739,10.0
2,imagenet,random_rescue_10,10,random_matched,0,0.955,0.965,0.024139062,0.015,0.7192346938775509,0.1117534994616929,2.96
2,imagenet,random_rescue_10,10,random_matched,1,0.96,0.965,0.021818768,0.01,0.7180612244897958,0.1098678843084914,2.96
2,imagenet,random_rescue_10,10,random_matched,2,0.96,0.965,0.01899971,0.01,0.7191836734693876,0.11275498006652455,2.96
2,imagenet,random_rescue_10,10,random_matched,3,0.955,0.965,0.020688491,0.015,0.7185714285714286,0.11065216375163181,2.96
2,imagenet,random_rescue_10,10,random_matched,4,0.96,0.965,0.023937287,0.01,0.7175510204081632,0.10897767058059907,2.96
2,imagenet,random_rescue_10,25,student,0,0.955,0.965,0.028895529,0.015,0.7120408163265306,0.10022667129040946,0.0
2,imagenet,random_rescue_10,25,student,1,0.955,0.965,0.028895529,0.015,0.7120408163265306,0.10022667129040946,0.0
2,imagenet,random_rescue_10,25,student,2,0.955,0.965,0.028895529,0.015,0.7120408163265306,0.10022667129040946,0.0
2,imagenet,random_rescue_10,25,student,3,0.955,0.965,0.028895529,0.015,0.7120408163265306,0.10022667129040946,0.0
2,imagenet,random_rescue_10,25,student,4,0.955,0.965,0.028895529,0.015,0.7120408163265306,0.10022667129040946,0.0
2,imagenet,random_rescue_10,25,random,0,0.94,0.965,0.09405363,0.035,0.8246938775510205,0.48994748795493875,0.0
2,imagenet,random_rescue_10,25,random,1,0.93,0.965,0.11544752,0.04,0.8235204081632653,0.4946262972715817,0.0
2,imagenet,random_rescue_10,25,random,2,0.935,0.965,0.097691804,0.035,0.8219387755102041,0.47777470733476307,0.0
2,imagenet,random_rescue_10,25,random,3,0.945,0.965,0.070126064,0.025,0.822857142857143,0.4756299304983063,0.0
2,imagenet,random_rescue_10,25,random,4,0.945,0.965,0.13986777,0.035,0.8268877551020407,0.5175266882325791,0.0
2,imagenet,random_rescue_10,25,random_rescue_10,0,0.955,0.965,0.037169963,0.015,0.7345408163265307,0.1796164857470981,10.0
2,imagenet,random_rescue_10,25,random_rescue_10,1,0.95,0.965,0.032346245,0.02,0.7364795918367346,0.1871043616441275,10.0
2,imagenet,random_rescue_10,25,random_rescue_10,2,0.965,0.965,0.035396706,0.01,0.7359693877551021,0.17990281102565187,10.0
2,imagenet,random_rescue_10,25,random_rescue_10,3,0.955,0.965,0.013938473,0.01,0.7354591836734693,0.18169890484584336,10.0
2,imagenet,random_rescue_10,25,random_rescue_10,4,0.96,0.965,0.030429889,0.01,0.735,0.16879742518239332,10.0
2,imagenet,random_rescue_10,25,foreground_rescue_10,0,0.96,0.965,0.024720702,0.01,0.6791326530612244,0.028788340108475207,3.225
2,imagenet,random_rescue_10,25,foreground_rescue_10,1,0.96,0.965,0.025568357,0.01,0.6791326530612244,0.028788340108475207,3.225
2,imagenet,random_rescue_10,25,foreground_rescue_10,2,0.955,0.965,0.02209075,0.015,0.6791326530612244,0.028788340108475207,3.225
2,imagenet,random_rescue_10,25,foreground_rescue_10,3,0.955,0.965,0.030140724,0.015,0.6791326530612244,0.028788340108475207,3.225
2,imagenet,random_rescue_10,25,foreground_rescue_10,4,0.955,0.965,0.025966536,0.015,0.6791326530612244,0.028788340108475207,3.225
2,imagenet,random_rescue_10,25,low_score_rescue_10,0,0.95,0.965,0.02167091,0.015,0.7194387755102042,0.11416175923369022,10.0
2,imagenet,random_rescue_10,25,low_score_rescue_10,1,0.95,0.965,0.02252394,0.015,0.7190816326530611,0.11216424127967656,10.0
2,imagenet,random_rescue_10,25,low_score_rescue_10,2,0.96,0.965,0.015778653,0.01,0.7195408163265307,0.11540793592539737,10.0
2,imagenet,random_rescue_10,25,low_score_rescue_10,3,0.95,0.965,0.01765882,0.015,0.718469387755102,0.11326636068432165,10.0
2,imagenet,random_rescue_10,25,low_score_rescue_10,4,0.955,0.965,0.021782134,0.015,0.7188775510204083,0.1135559349793409,10.0
2,imagenet,random_rescue_10,25,random_matched,0,0.96,0.965,0.022420086,0.01,0.7249489795918368,0.12344253168091766,3.225
2,imagenet,random_rescue_10,25,random_matched,1,0.955,0.965,0.039941195,0.015,0.7229081632653062,0.11926309439760592,3.225
2,imagenet,random_rescue_10,25,random_matched,2,0.96,0.965,0.021970274,0.01,0.7226020408163265,0.11779711981851043,3.225
2,imagenet,random_rescue_10,25,random_matched,3,0.955,0.965,0.034292642,0.015,0.7233163265306124,0.11823638366388747,3.225
2,imagenet,random_rescue_10,25,random_matched,4,0.97,0.965,0.008864027,0.0,0.722295918367347,0.11704461726721063,3.225
2,imagenet,random_rescue_10,50,student,0,0.965,0.965,0.017818687,0.005,0.7075510204081632,0.09159709327490617,0.0
2,imagenet,random_rescue_10,50,student,1,0.965,0.965,0.017818687,0.005,0.7075510204081632,0.09159709327490617,0.0
2,imagenet,random_rescue_10,50,student,2,0.965,0.965,0.017818687,0.005,0.7075510204081632,0.09159709327490617,0.0
2,imagenet,random_rescue_10,50,student,3,0.965,0.965,0.017818687,0.005,0.7075510204081632,0.09159709327490617,0.0
2,imagenet,random_rescue_10,50,student,4,0.965,0.965,0.017818687,0.005,0.7075510204081632,0.09159709327490617,0.0
2,imagenet,random_rescue_10,50,random,0,0.94,0.965,0.09405363,0.035,0.8246938775510205,0.48994748795493875,0.0
2,imagenet,random_rescue_10,50,random,1,0.93,0.965,0.11544752,0.04,0.8235204081632653,0.4946262972715817,0.0
2,imagenet,random_rescue_10,50,random,2,0.935,0.965,0.097691804,0.035,0.8219387755102041,0.47777470733476307,0.0
2,imagenet,random_rescue_10,50,random,3,0.945,0.965,0.070126064,0.025,0.822857142857143,0.4756299304983063,0.0
2,imagenet,random_rescue_10,50,random,4,0.945,0.965,0.13986777,0.035,0.8268877551020407,0.5175266882325791,0.0
2,imagenet,random_rescue_10,50,random_rescue_10,0,0.95,0.965,0.024792815,0.015,0.7306632653061222,0.17681334998256024,10.0
2,imagenet,random_rescue_10,50,random_rescue_10,1,0.955,0.965,0.024586855,0.015,0.7319897959183674,0.17019166221167267,10.0
2,imagenet,random_rescue_10,50,random_rescue_10,2,0.97,0.965,0.05429831,0.01,0.7329591836734692,0.17839288872766135,10.0
2,imagenet,random_rescue_10,50,random_rescue_10,3,0.965,0.965,0.025051782,0.005,0.7312244897959184,0.1737635797106374,10.0
2,imagenet,random_rescue_10,50,random_rescue_10,4,0.965,0.965,0.040650062,0.015,0.7313775510204081,0.16235818794276788,10.0
2,imagenet,random_rescue_10,50,foreground_rescue_10,0,0.96,0.965,0.016814044,0.01,0.6783163265306124,0.02763839112391463,2.865
2,imagenet,random_rescue_10,50,foreground_rescue_10,1,0.96,0.965,0.02105327,0.01,0.6783163265306124,0.02763839112391463,2.865
2,imagenet,random_rescue_10,50,foreground_rescue_10,2,0.96,0.965,0.023333441,0.01,0.6783163265306124,0.02763839112391463,2.865
2,imagenet,random_rescue_10,50,foreground_rescue_10,3,0.96,0.965,0.02242229,0.01,0.6783163265306124,0.02763839112391463,2.865
2,imagenet,random_rescue_10,50,foreground_rescue_10,4,0.96,0.965,0.022523811,0.01,0.6783163265306124,0.02763839112391463,2.865
2,imagenet,random_rescue_10,50,low_score_rescue_10,0,0.96,0.965,0.027995618,0.01,0.7139795918367347,0.10325464656142383,10.0
2,imagenet,random_rescue_10,50,low_score_rescue_10,1,0.97,0.965,0.023203563,0.01,0.7137755102040816,0.10071960178977843,10.0
2,imagenet,random_rescue_10,50,low_score_rescue_10,2,0.965,0.965,0.025533248,0.01,0.7141836734693878,0.10289241732554118,10.0
2,imagenet,random_rescue_10,50,low_score_rescue_10,3,0.965,0.965,0.023487737,0.01,0.7139285714285714,0.10137488856308856,10.0
2,imagenet,random_rescue_10,50,low_score_rescue_10,4,0.955,0.965,0.03829022,0.015,0.7144387755102041,0.10192799585644564,10.0
2,imagenet,random_rescue_10,50,random_matched,0,0.965,0.965,0.014917424,0.005,0.7190306122448981,0.11174916594304679,2.865
2,imagenet,random_rescue_10,50,random_matched,1,0.965,0.965,0.016565625,0.005,0.717091836734694,0.10683020879368282,2.865
2,imagenet,random_rescue_10,50,random_matched,2,0.96,0.965,0.016099092,0.01,0.7183673469387755,0.10956463418915728,2.865
2,imagenet,random_rescue_10,50,random_matched,3,0.96,0.965,0.022122893,0.01,0.7178571428571427,0.1084006300415541,2.865
2,imagenet,random_rescue_10,50,random_matched,4,0.965,0.965,0.01596628,0.005,0.7175,0.10860645365262032,2.865
2,imagenet,random_rescue_10,75,student,0,0.955,0.965,0.030222416,0.015,0.7136224489795918,0.10449535031705223,0.0
2,imagenet,random_rescue_10,75,student,1,0.955,0.965,0.030222416,0.015,0.7136224489795918,0.10449535031705223,0.0
2,imagenet,random_rescue_10,75,student,2,0.955,0.965,0.030222416,0.015,0.7136224489795918,0.10449535031705223,0.0
2,imagenet,random_rescue_10,75,student,3,0.955,0.965,0.030222416,0.015,0.7136224489795918,0.10449535031705223,0.0
2,imagenet,random_rescue_10,75,student,4,0.955,0.965,0.030222416,0.015,0.7136224489795918,0.10449535031705223,0.0
2,imagenet,random_rescue_10,75,random,0,0.94,0.965,0.09405363,0.035,0.8246938775510205,0.48994748795493875,0.0
2,imagenet,random_rescue_10,75,random,1,0.93,0.965,0.11544752,0.04,0.8235204081632653,0.4946262972715817,0.0
2,imagenet,random_rescue_10,75,random,2,0.935,0.965,0.097691804,0.035,0.8219387755102041,0.47777470733476307,0.0
2,imagenet,random_rescue_10,75,random,3,0.945,0.965,0.070126064,0.025,0.822857142857143,0.4756299304983063,0.0
2,imagenet,random_rescue_10,75,random,4,0.945,0.965,0.13986777,0.035,0.8268877551020407,0.5175266882325791,0.0
2,imagenet,random_rescue_10,75,random_rescue_10,0,0.955,0.965,0.027440337,0.015,0.7362244897959184,0.18055393719961596,10.0
2,imagenet,random_rescue_10,75,random_rescue_10,1,0.965,0.965,0.03695147,0.01,0.7360714285714286,0.17692685172298842,10.0
2,imagenet,random_rescue_10,75,random_rescue_10,2,0.965,0.965,0.035499826,0.01,0.7373979591836735,0.19359736327992025,10.0
2,imagenet,random_rescue_10,75,random_rescue_10,3,0.95,0.965,0.053829726,0.02,0.7363775510204081,0.19342317711799134,10.0
2,imagenet,random_rescue_10,75,random_rescue_10,4,0.965,0.965,0.021257093,0.01,0.7361224489795919,0.1724952261621891,10.0
2,imagenet,random_rescue_10,75,foreground_rescue_10,0,0.95,0.965,0.027450843,0.02,0.6811224489795918,0.03196382247564847,3.185
2,imagenet,random_rescue_10,75,foreground_rescue_10,1,0.96,0.965,0.02235994,0.01,0.6811224489795918,0.03196382247564847,3.185
2,imagenet,random_rescue_10,75,foreground_rescue_10,2,0.955,0.965,0.026150841,0.015,0.6811224489795918,0.03196382247564847,3.185
2,imagenet,random_rescue_10,75,foreground_rescue_10,3,0.955,0.965,0.02816156,0.015,0.6811224489795918,0.03196382247564847,3.185
2,imagenet,random_rescue_10,75,foreground_rescue_10,4,0.95,0.965,0.024049163,0.02,0.6811224489795918,0.03196382247564847,3.185
2,imagenet,random_rescue_10,75,low_score_rescue_10,0,0.955,0.965,0.035741434,0.015,0.7214285714285714,0.11974963941918469,10.0
2,imagenet,random_rescue_10,75,low_score_rescue_10,1,0.96,0.965,0.03744396,0.01,0.7217857142857141,0.11791301426303633,10.0
2,imagenet,random_rescue_10,75,low_score_rescue_10,2,0.955,0.965,0.037016436,0.015,0.7212244897959184,0.11981655636059423,10.0
2,imagenet,random_rescue_10,75,low_score_rescue_10,3,0.95,0.965,0.044536665,0.025,0.7199489795918368,0.11735752331154548,10.0
2,imagenet,random_rescue_10,75,low_score_rescue_10,4,0.96,0.965,0.03658944,0.015,0.7213265306122448,0.11992681178871481,10.0
2,imagenet,random_rescue_10,75,random_matched,0,0.965,0.965,0.015895793,0.005,0.7254591836734694,0.12603148341462903,3.185
2,imagenet,random_rescue_10,75,random_matched,1,0.955,0.965,0.029764753,0.015,0.7237244897959184,0.12165993213617483,3.185
2,imagenet,random_rescue_10,75,random_matched,2,0.965,0.965,0.01230456,0.005,0.7233163265306124,0.11989400773825383,3.185
2,imagenet,random_rescue_10,75,random_matched,3,0.96,0.965,0.023501825,0.01,0.7241326530612244,0.12315896366498862,3.185
2,imagenet,random_rescue_10,75,random_matched,4,0.955,0.965,0.040553827,0.015,0.7228061224489796,0.11967764926374531,3.185
2,imagenet,random_rescue_10,100,student,0,0.95,0.965,0.034573395,0.02,0.7133163265306122,0.10383474898048906,0.0
2,imagenet,random_rescue_10,100,student,1,0.95,0.965,0.034573395,0.02,0.7133163265306122,0.10383474898048906,0.0
2,imagenet,random_rescue_10,100,student,2,0.95,0.965,0.034573395,0.02,0.7133163265306122,0.10383474898048906,0.0
2,imagenet,random_rescue_10,100,student,3,0.95,0.965,0.034573395,0.02,0.7133163265306122,0.10383474898048906,0.0
2,imagenet,random_rescue_10,100,student,4,0.95,0.965,0.034573395,0.02,0.7133163265306122,0.10383474898048906,0.0
2,imagenet,random_rescue_10,100,random,0,0.94,0.965,0.09405363,0.035,0.8246938775510205,0.48994748795493875,0.0
2,imagenet,random_rescue_10,100,random,1,0.93,0.965,0.11544752,0.04,0.8235204081632653,0.4946262972715817,0.0
2,imagenet,random_rescue_10,100,random,2,0.935,0.965,0.097691804,0.035,0.8219387755102041,0.47777470733476307,0.0
2,imagenet,random_rescue_10,100,random,3,0.945,0.965,0.070126064,0.025,0.822857142857143,0.4756299304983063,0.0
2,imagenet,random_rescue_10,100,random,4,0.945,0.965,0.13986777,0.035,0.8268877551020407,0.5175266882325791,0.0
2,imagenet,random_rescue_10,100,random_rescue_10,0,0.95,0.965,0.056998655,0.02,0.736887755102041,0.1914826420808045,10.0
2,imagenet,random_rescue_10,100,random_rescue_10,1,0.95,0.965,0.053709775,0.02,0.7356632653061225,0.1757526289531349,10.0
2,imagenet,random_rescue_10,100,random_rescue_10,2,0.965,0.965,0.0262182,0.01,0.7360204081632653,0.18598927287035893,10.0
2,imagenet,random_rescue_10,100,random_rescue_10,3,0.96,0.965,0.022009313,0.015,0.7368367346938774,0.19208193225170617,10.0
2,imagenet,random_rescue_10,100,random_rescue_10,4,0.97,0.965,0.04052287,0.01,0.735765306122449,0.18295053475348236,10.0
2,imagenet,random_rescue_10,100,foreground_rescue_10,0,0.95,0.965,0.03187474,0.02,0.6806122448979592,0.031410534112406956,3.205
2,imagenet,random_rescue_10,100,foreground_rescue_10,1,0.955,0.965,0.03135242,0.015,0.6806122448979592,0.031410534112406956,3.205
2,imagenet,random_rescue_10,100,foreground_rescue_10,2,0.95,0.965,0.027081054,0.02,0.6806122448979592,0.031410534112406956,3.205
2,imagenet,random_rescue_10,100,foreground_rescue_10,3,0.955,0.965,0.026249776,0.015,0.6806122448979592,0.031410534112406956,3.205
2,imagenet,random_rescue_10,100,foreground_rescue_10,4,0.95,0.965,0.033467963,0.02,0.6806122448979592,0.031410534112406956,3.205
2,imagenet,random_rescue_10,100,low_score_rescue_10,0,0.955,0.965,0.02238635,0.01,0.720561224489796,0.11732044811618554,10.0
2,imagenet,random_rescue_10,100,low_score_rescue_10,1,0.955,0.965,0.037454884,0.015,0.7208163265306122,0.11746940924282627,10.0
2,imagenet,random_rescue_10,100,low_score_rescue_10,2,0.955,0.965,0.036199678,0.015,0.7208673469387756,0.11931987580241728,10.0
2,imagenet,random_rescue_10,100,low_score_rescue_10,3,0.97,0.965,0.051245775,0.01,0.7196938775510204,0.11540284277136961,10.0
2,imagenet,random_rescue_10,100,low_score_rescue_10,4,0.965,0.965,0.036830354,0.01,0.7206122448979592,0.11777185706819925,10.0
2,imagenet,random_rescue_10,100,random_matched,0,0.96,0.965,0.020828322,0.01,0.725,0.12515686767154177,3.205
2,imagenet,random_rescue_10,100,random_matched,1,0.955,0.965,0.025928693,0.015,0.7239795918367347,0.12159239233159243,3.205
2,imagenet,random_rescue_10,100,random_matched,2,0.965,0.965,0.015813723,0.005,0.7230102040816325,0.11993907205448998,3.205
2,imagenet,random_rescue_10,100,random_matched,3,0.95,0.965,0.026723724,0.02,0.7250510204081633,0.1251929837899816,3.205
2,imagenet,random_rescue_10,100,random_matched,4,0.955,0.965,0.040009197,0.015,0.7234693877551021,0.12056898796461417,3.205
2,imagenet,student,0,student,0,0.955,0.965,0.024650788,0.015,0.7058673469387755,0.08231790489358617,0.0
2,imagenet,student,0,student,1,0.955,0.965,0.024650788,0.015,0.7058673469387755,0.08231790489358617,0.0
2,imagenet,student,0,student,2,0.955,0.965,0.024650788,0.015,0.7058673469387755,0.08231790489358617,0.0
2,imagenet,student,0,student,3,0.955,0.965,0.024650788,0.015,0.7058673469387755,0.08231790489358617,0.0
2,imagenet,student,0,student,4,0.955,0.965,0.024650788,0.015,0.7058673469387755,0.08231790489358617,0.0
2,imagenet,student,0,random,0,0.94,0.965,0.09405363,0.035,0.8246938775510205,0.48994748795493875,0.0
2,imagenet,student,0,random,1,0.93,0.965,0.11544752,0.04,0.8235204081632653,0.4946262972715817,0.0
2,imagenet,student,0,random,2,0.935,0.965,0.097691804,0.035,0.8219387755102041,0.47777470733476307,0.0
2,imagenet,student,0,random,3,0.945,0.965,0.070126064,0.025,0.822857142857143,0.4756299304983063,0.0
2,imagenet,student,0,random,4,0.945,0.965,0.13986777,0.035,0.8268877551020407,0.5175266882325791,0.0
2,imagenet,student,0,random_rescue_10,0,0.955,0.965,0.038569137,0.015,0.729234693877551,0.1679639018459042,10.0
2,imagenet,student,0,random_rescue_10,1,0.96,0.965,0.017329695,0.01,0.7321428571428572,0.17112982691976839,10.0
2,imagenet,student,0,random_rescue_10,2,0.955,0.965,0.01626845,0.01,0.7311224489795919,0.17162426857917626,10.0
2,imagenet,student,0,random_rescue_10,3,0.965,0.965,0.012426552,0.005,0.7294897959183675,0.17406355448185729,10.0
2,imagenet,student,0,random_rescue_10,4,0.96,0.965,0.040426616,0.015,0.7296428571428573,0.15813417548845027,10.0
2,imagenet,student,0,foreground_rescue_10,0,0.96,0.965,0.0187087,0.01,0.677295918367347,0.025096868132710646,2.8
2,imagenet,student,0,foreground_rescue_10,1,0.96,0.965,0.015796212,0.01,0.677295918367347,0.025096868132710646,2.8
2,imagenet,student,0,foreground_rescue_10,2,0.96,0.965,0.014038241,0.01,0.677295918367347,0.025096868132710646,2.8
2,imagenet,student,0,foreground_rescue_10,3,0.96,0.965,0.013823228,0.01,0.677295918367347,0.025096868132710646,2.8
2,imagenet,student,0,foreground_rescue_10,4,0.955,0.965,0.033695053,0.015,0.677295918367347,0.025096868132710646,2.8
2,imagenet,student,0,low_score_rescue_10,0,0.955,0.965,0.032109138,0.01,0.7128571428571427,0.09592084560465473,10.0
2,imagenet,student,0,low_score_rescue_10,1,0.96,0.965,0.02137252,0.01,0.7136734693877551,0.09635290260200267,10.0
2,imagenet,student,0,low_score_rescue_10,2,0.955,0.965,0.032719165,0.01,0.7132142857142857,0.09623877203175696,10.0
2,imagenet,student,0,low_score_rescue_10,3,0.965,0.965,0.032013148,0.005,0.7127551020408163,0.09565284000194518,10.0
2,imagenet,student,0,low_score_rescue_10,4,0.96,0.965,0.025018862,0.01,0.7127551020408163,0.09502717675311124,10.0
2,imagenet,student,0,random_matched,0,0.955,0.965,0.027133279,0.015,0.7163775510204081,0.09909034654213109,2.8
2,imagenet,student,0,random_matched,1,0.955,0.965,0.019171877,0.015,0.7163775510204081,0.10026353536070877,2.8
2,imagenet,student,0,random_matched,2,0.96,0.965,0.015338807,0.01,0.7168877551020408,0.10060035762440128,2.8
2,imagenet,student,0,random_matched,3,0.96,0.965,0.014347624,0.01,0.7167346938775511,0.10205323439281039,2.8
2,imagenet,student,0,random_matched,4,0.955,0.965,0.019086964,0.015,0.7166836734693877,0.09952487927668469,2.8
2,imagenet,student,10,student,0,0.96,0.965,0.023444543,0.01,0.7075510204081632,0.08914302145085425,0.0
2,imagenet,student,10,student,1,0.96,0.965,0.023444543,0.01,0.7075510204081632,0.08914302145085425,0.0
2,imagenet,student,10,student,2,0.96,0.965,0.023444543,0.01,0.7075510204081632,0.08914302145085425,0.0
2,imagenet,student,10,student,3,0.96,0.965,0.023444543,0.01,0.7075510204081632,0.08914302145085425,0.0
2,imagenet,student,10,student,4,0.96,0.965,0.023444543,0.01,0.7075510204081632,0.08914302145085425,0.0
2,imagenet,student,10,random,0,0.94,0.965,0.09405363,0.035,0.8246938775510205,0.48994748795493875,0.0
2,imagenet,student,10,random,1,0.93,0.965,0.11544752,0.04,0.8235204081632653,0.4946262972715817,0.0
2,imagenet,student,10,random,2,0.935,0.965,0.097691804,0.035,0.8219387755102041,0.47777470733476307,0.0
2,imagenet,student,10,random,3,0.945,0.965,0.070126064,0.025,0.822857142857143,0.4756299304983063,0.0
2,imagenet,student,10,random,4,0.945,0.965,0.13986777,0.035,0.8268877551020407,0.5175266882325791,0.0
2,imagenet,student,10,random_rescue_10,0,0.96,0.965,0.026012737,0.01,0.7326020408163265,0.18166847497622698,10.0
2,imagenet,student,10,random_rescue_10,1,0.955,0.965,0.045514993,0.015,0.731938775510204,0.17445894884346472,10.0
2,imagenet,student,10,random_rescue_10,2,0.955,0.965,0.029263554,0.015,0.7325510204081634,0.17708228631853593,10.0
2,imagenet,student,10,random_rescue_10,3,0.96,0.965,0.025887072,0.01,0.7326020408163265,0.18488643558321594,10.0
2,imagenet,student,10,random_rescue_10,4,0.965,0.965,0.0226017,0.005,0.7305612244897959,0.1668543906151968,10.0
2,imagenet,student,10,foreground_rescue_10,0,0.96,0.965,0.020759415,0.01,0.6784693877551021,0.027227659735503684,2.85
2,imagenet,student,10,foreground_rescue_10,1,0.96,0.965,0.02384368,0.01,0.6784693877551021,0.027227659735503684,2.85
2,imagenet,student,10,foreground_rescue_10,2,0.96,0.965,0.0196918,0.01,0.6784693877551021,0.027227659735503684,2.85
2,imagenet,student,10,foreground_rescue_10,3,0.96,0.965,0.022609688,0.01,0.6784693877551021,0.027227659735503684,2.85
2,imagenet,student,10,foreground_rescue_10,4,0.96,0.965,0.024011197,0.01,0.6784693877551021,0.027227659735503684,2.85
2,imagenet,student,10,low_score_rescue_10,0,0.955,0.965,0.014594521,0.01,0.712857142857143,0.09812352716255512,10.0
2,imagenet,student,10,low_score_rescue_10,1,0.96,0.965,0.026028108,0.01,0.7123469387755103,0.09803107269121314,10.0
2,imagenet,student,10,low_score_rescue_10,2,0.96,0.965,0.020381814,0.01,0.7125510204081632,0.09796238153714601,10.0
2,imagenet,student,10,low_score_rescue_10,3,0.96,0.965,0.020567667,0.01,0.7121428571428571,0.09815881748868428,10.0
2,imagenet,student,10,low_score_rescue_10,4,0.96,0.965,0.02586143,0.01,0.712091836734694,0.09769379839968001,10.0
2,imagenet,student,10,random_matched,0,0.96,0.965,0.029490326,0.01,0.7189795918367347,0.1089447363454284,2.85
2,imagenet,student,10,random_matched,1,0.96,0.965,0.02822644,0.01,0.7175,0.10592239074519529,2.85
2,imagenet,student,10,random_matched,2,0.96,0.965,0.02194547,0.01,0.7179591836734693,0.10460406720126811,2.85
2,imagenet,student,10,random_matched,3,0.96,0.965,0.023199039,0.01,0.718265306122449,0.10595398709674715,2.85
2,imagenet,student,10,random_matched,4,0.965,0.965,0.023646956,0.005,0.717295918367347,0.1055413901805239,2.85
2,imagenet,student,25,student,0,0.95,0.965,0.038278524,0.02,0.7141836734693876,0.10690676443264353,0.0
2,imagenet,student,25,student,1,0.95,0.965,0.038278524,0.02,0.7141836734693876,0.10690676443264353,0.0
2,imagenet,student,25,student,2,0.95,0.965,0.038278524,0.02,0.7141836734693876,0.10690676443264353,0.0
2,imagenet,student,25,student,3,0.95,0.965,0.038278524,0.02,0.7141836734693876,0.10690676443264353,0.0
2,imagenet,student,25,student,4,0.95,0.965,0.038278524,0.02,0.7141836734693876,0.10690676443264353,0.0
2,imagenet,student,25,random,0,0.94,0.965,0.09405363,0.035,0.8246938775510205,0.48994748795493875,0.0
2,imagenet,student,25,random,1,0.93,0.965,0.11544752,0.04,0.8235204081632653,0.4946262972715817,0.0
2,imagenet,student,25,random,2,0.935,0.965,0.097691804,0.035,0.8219387755102041,0.47777470733476307,0.0
2,imagenet,student,25,random,3,0.945,0.965,0.070126064,0.025,0.822857142857143,0.4756299304983063,0.0
2,imagenet,student,25,random,4,0.945,0.965,0.13986777,0.035,0.8268877551020407,0.5175266882325791,0.0
2,imagenet,student,25,random_rescue_10,0,0.955,0.965,0.018225355,0.01,0.7359183673469388,0.18210065139608453,10.0
2,imagenet,student,25,random_rescue_10,1,0.955,0.965,0.03627263,0.015,0.7381632653061225,0.1974968013945277,10.0
2,imagenet,student,25,random_rescue_10,2,0.945,0.965,0.087943554,0.025,0.7391326530612246,0.20076543217762435,10.0
2,imagenet,student,25,random_rescue_10,3,0.935,0.965,0.05448956,0.03,0.7391836734693878,0.200446556149771,10.0
2,imagenet,student,25,random_rescue_10,4,0.95,0.965,0.047018457,0.02,0.7371938775510203,0.18918782903347112,10.0
2,imagenet,student,25,foreground_rescue_10,0,0.955,0.965,0.027328474,0.015,0.6815816326530612,0.03330738425955748,3.195
2,imagenet,student,25,foreground_rescue_10,1,0.955,0.965,0.025194464,0.015,0.6815816326530612,0.03330738425955748,3.195
2,imagenet,student,25,foreground_rescue_10,2,0.955,0.965,0.02813265,0.015,0.6815816326530612,0.03330738425955748,3.195
2,imagenet,student,25,foreground_rescue_10,3,0.955,0.965,0.030846596,0.015,0.6815816326530612,0.03330738425955748,3.195
2,imagenet,student,25,foreground_rescue_10,4,0.96,0.965,0.026170602,0.01,0.6815816326530612,0.03330738425955748,3.195
2,imagenet,student,25,low_score_rescue_10,0,0.955,0.965,0.025456758,0.015,0.7217346938775511,0.12077901803150833,10.0
2,imagenet,student,25,low_score_rescue_10,1,0.94,0.965,0.05712609,0.03,0.7223979591836734,0.12527610483816853,10.0
2,imagenet,student,25,low_score_rescue_10,2,0.945,0.965,0.025073836,0.02,0.7218367346938775,0.12378564731813459,10.0
2,imagenet,student,25,low_score_rescue_10,3,0.945,0.965,0.04571159,0.025,0.721326530612245,0.12440052996082646,10.0
2,imagenet,student,25,low_score_rescue_10,4,0.95,0.965,0.0416562,0.02,0.7218367346938775,0.12370826091649348,10.0
2,imagenet,student,25,random_matched,0,0.95,0.965,0.038271986,0.02,0.7244387755102042,0.12347634623105866,3.195
2,imagenet,student,25,random_matched,1,0.945,0.965,0.036186617,0.025,0.7243367346938776,0.12523766831839248,3.195
2,imagenet,student,25,random_matched,2,0.96,0.965,0.018171845,0.01,0.7251530612244897,0.12592619684820358,3.195
2,imagenet,student,25,random_matched,3,0.955,0.965,0.038861945,0.015,0.7253571428571429,0.12560081814448895,3.195
2,imagenet,student,25,random_matched,4,0.96,0.965,0.02467706,0.01,0.7235204081632653,0.12275858395969162,3.195
2,imagenet,student,50,student,0,0.955,0.965,0.036138657,0.01,0.7176530612244898,0.11594105099065309,0.0
2,imagenet,student,50,student,1,0.955,0.965,0.036138657,0.01,0.7176530612244898,0.11594105099065309,0.0
2,imagenet,student,50,student,2,0.955,0.965,0.036138657,0.01,0.7176530612244898,0.11594105099065309,0.0
2,imagenet,student,50,student,3,0.955,0.965,0.036138657,0.01,0.7176530612244898,0.11594105099065309,0.0
2,imagenet,student,50,student,4,0.955,0.965,0.036138657,0.01,0.7176530612244898,0.11594105099065309,0.0
2,imagenet,student,50,random,0,0.94,0.965,0.09405363,0.035,0.8246938775510205,0.48994748795493875,0.0
2,imagenet,student,50,random,1,0.93,0.965,0.11544752,0.04,0.8235204081632653,0.4946262972715817,0.0
2,imagenet,student,50,random,2,0.935,0.965,0.097691804,0.035,0.8219387755102041,0.47777470733476307,0.0
2,imagenet,student,50,random,3,0.945,0.965,0.070126064,0.025,0.822857142857143,0.4756299304983063,0.0
2,imagenet,student,50,random,4,0.945,0.965,0.13986777,0.035,0.8268877551020407,0.5175266882325791,0.0
2,imagenet,student,50,random_rescue_10,0,0.945,0.965,0.034850728,0.02,0.739642857142857,0.1930506683741636,10.0
2,imagenet,student,50,random_rescue_10,1,0.95,0.965,0.054866944,0.02,0.7382653061224491,0.20158071510424885,10.0
2,imagenet,student,50,random_rescue_10,2,0.94,0.965,0.08020795,0.03,0.7392346938775509,0.19450812246140511,10.0
2,imagenet,student,50,random_rescue_10,3,0.945,0.965,0.041875295,0.02,0.7410204081632652,0.1979684751910305,10.0
2,imagenet,student,50,random_rescue_10,4,0.955,0.965,0.04246754,0.01,0.7403571428571428,0.19290304197193955,10.0
2,imagenet,student,50,foreground_rescue_10,0,0.95,0.965,0.03271937,0.015,0.683265306122449,0.036323702854168506,3.37
2,imagenet,student,50,foreground_rescue_10,1,0.95,0.965,0.0206581,0.015,0.683265306122449,0.036323702854168506,3.37
2,imagenet,student,50,foreground_rescue_10,2,0.945,0.965,0.030513238,0.02,0.683265306122449,0.036323702854168506,3.37
2,imagenet,student,50,foreground_rescue_10,3,0.945,0.965,0.03220208,0.02,0.683265306122449,0.036323702854168506,3.37
2,imagenet,student,50,foreground_rescue_10,4,0.955,0.965,0.019763753,0.01,0.683265306122449,0.036323702854168506,3.37
2,imagenet,student,50,low_score_rescue_10,0,0.955,0.965,0.030966492,0.015,0.7252551020408162,0.13208561624791915,10.0
2,imagenet,student,50,low_score_rescue_10,1,0.965,0.965,0.03429631,0.01,0.725204081632653,0.12990491768043025,10.0
2,imagenet,student,50,low_score_rescue_10,2,0.96,0.965,0.032539055,0.015,0.7259693877551021,0.1336618794437515,10.0
2,imagenet,student,50,low_score_rescue_10,3,0.96,0.965,0.049284678,0.01,0.7244897959183675,0.13171866023088402,10.0
2,imagenet,student,50,low_score_rescue_10,4,0.965,0.965,0.033805076,0.01,0.7253571428571429,0.13312460276321317,10.0
2,imagenet,student,50,random_matched,0,0.955,0.965,0.025959952,0.01,0.7298979591836735,0.13646162255570463,3.37
2,imagenet,student,50,random_matched,1,0.955,0.965,0.03208856,0.01,0.7282142857142857,0.13384358520281608,3.37
2,imagenet,student,50,random_matched,2,0.955,0.965,0.022773618,0.01,0.7275510204081632,0.13242185139565435,3.37
2,imagenet,student,50,random_matched,3,0.955,0.965,0.028968912,0.01,0.7278571428571428,0.13417570959700587,3.37
2,imagenet,student,50,random_matched,4,0.96,0.965,0.020737588,0.005,0.7284183673469387,0.13368321413812653,3.37
2,imagenet,student,75,student,0,0.955,0.965,0.05160786,0.02,0.7191326530612244,0.11585733839577422,0.0
2,imagenet,student,75,student,1,0.955,0.965,0.05160786,0.02,0.7191326530612244,0.11585733839577422,0.0
2,imagenet,student,75,student,2,0.955,0.965,0.05160786,0.02,0.7191326530612244,0.11585733839577422,0.0
2,imagenet,student,75,student,3,0.955,0.965,0.05160786,0.02,0.7191326530612244,0.11585733839577422,0.0
2,imagenet,student,75,student,4,0.955,0.965,0.05160786,0.02,0.7191326530612244,0.11585733839577422,0.0
2,imagenet,student,75,random,0,0.94,0.965,0.09405363,0.035,0.8246938775510205,0.48994748795493875,0.0
2,imagenet,student,75,random,1,0.93,0.965,0.11544752,0.04,0.8235204081632653,0.4946262972715817,0.0
2,imagenet,student,75,random,2,0.935,0.965,0.097691804,0.035,0.8219387755102041,0.47777470733476307,0.0
2,imagenet,student,75,random,3,0.945,0.965,0.070126064,0.025,0.822857142857143,0.4756299304983063,0.0
2,imagenet,student,75,random,4,0.945,0.965,0.13986777,0.035,0.8268877551020407,0.5175266882325791,0.0
2,imagenet,student,75,random_rescue_10,0,0.95,0.965,0.053969823,0.025,0.7406632653061225,0.20806180105000607,10.0
2,imagenet,student,75,random_rescue_10,1,0.965,0.965,0.040730596,0.015,0.7414285714285714,0.19292729434041553,10.0
2,imagenet,student,75,random_rescue_10,2,0.945,0.965,0.091122225,0.02,0.7404081632653061,0.1960097943346421,10.0
2,imagenet,student,75,random_rescue_10,3,0.95,0.965,0.07995176,0.025,0.7405102040816327,0.20088707135616904,10.0
2,imagenet,student,75,random_rescue_10,4,0.96,0.965,0.029672224,0.01,0.7403571428571428,0.18991607256560278,10.0
2,imagenet,student,75,foreground_rescue_10,0,0.955,0.965,0.050223254,0.02,0.6847448979591837,0.03847710298528504,3.37
2,imagenet,student,75,foreground_rescue_10,1,0.95,0.965,0.037943706,0.025,0.6847448979591837,0.03847710298528504,3.37
2,imagenet,student,75,foreground_rescue_10,2,0.95,0.965,0.043978777,0.025,0.6847448979591837,0.03847710298528504,3.37
2,imagenet,student,75,foreground_rescue_10,3,0.955,0.965,0.04487213,0.02,0.6847448979591837,0.03847710298528504,3.37
2,imagenet,student,75,foreground_rescue_10,4,0.955,0.965,0.029908027,0.02,0.6847448979591837,0.03847710298528504,3.37
2,imagenet,student,75,low_score_rescue_10,0,0.95,0.965,0.0301587,0.015,0.7274489795918367,0.13266170497455598,10.0
2,imagenet,student,75,low_score_rescue_10,1,0.955,0.965,0.048017282,0.015,0.7267857142857143,0.13362700348081688,10.0
2,imagenet,student,75,low_score_rescue_10,2,0.95,0.965,0.06603206,0.02,0.7271938775510205,0.1337092383306427,10.0
2,imagenet,student,75,low_score_rescue_10,3,0.96,0.965,0.038977467,0.01,0.7263265306122448,0.13271177944277668,10.0
2,imagenet,student,75,low_score_rescue_10,4,0.95,0.965,0.040238485,0.015,0.7273469387755103,0.13196655737160168,10.0
2,imagenet,student,75,random_matched,0,0.96,0.965,0.043645483,0.015,0.7307142857142856,0.1354351736880787,3.37
2,imagenet,student,75,random_matched,1,0.965,0.965,0.03644041,0.01,0.7296428571428573,0.13493290776612735,3.37
2,imagenet,student,75,random_matched,2,0.96,0.965,0.047049686,0.015,0.7280102040816326,0.1307973644179573,3.37
2,imagenet,student,75,random_matched,3,0.955,0.965,0.050923806,0.02,0.7294897959183673,0.13387750735832307,3.37
2,imagenet,student,75,random_matched,4,0.96,0.965,0.04426939,0.015,0.7291326530612245,0.13348193930418656,3.37
2,imagenet,student,100,student,0,0.96,0.965,0.048014607,0.015,0.7188775510204082,0.11635415521886681,0.0
2,imagenet,student,100,student,1,0.96,0.965,0.048014607,0.015,0.7188775510204082,0.11635415521886681,0.0
2,imagenet,student,100,student,2,0.96,0.965,0.048014607,0.015,0.7188775510204082,0.11635415521886681,0.0
2,imagenet,student,100,student,3,0.96,0.965,0.048014607,0.015,0.7188775510204082,0.11635415521886681,0.0
2,imagenet,student,100,student,4,0.96,0.965,0.048014607,0.015,0.7188775510204082,0.11635415521886681,0.0
2,imagenet,student,100,random,0,0.94,0.965,0.09405363,0.035,0.8246938775510205,0.48994748795493875,0.0
2,imagenet,student,100,random,1,0.93,0.965,0.11544752,0.04,0.8235204081632653,0.4946262972715817,0.0
2,imagenet,student,100,random,2,0.935,0.965,0.097691804,0.035,0.8219387755102041,0.47777470733476307,0.0
2,imagenet,student,100,random,3,0.945,0.965,0.070126064,0.025,0.822857142857143,0.4756299304983063,0.0
2,imagenet,student,100,random,4,0.945,0.965,0.13986777,0.035,0.8268877551020407,0.5175266882325791,0.0
2,imagenet,student,100,random_rescue_10,0,0.96,0.965,0.04299656,0.01,0.7408163265306122,0.20435053646046236,10.0
2,imagenet,student,100,random_rescue_10,1,0.96,0.965,0.041329157,0.015,0.7409183673469387,0.19067166440039807,10.0
2,imagenet,student,100,random_rescue_10,2,0.95,0.965,0.08559987,0.025,0.7416326530612245,0.20152966004572787,10.0
2,imagenet,student,100,random_rescue_10,3,0.96,0.965,0.05182907,0.015,0.7409693877551021,0.20002487901544924,10.0
2,imagenet,student,100,random_rescue_10,4,0.955,0.965,0.056114282,0.015,0.7396428571428573,0.18606705222882827,10.0
2,imagenet,student,100,foreground_rescue_10,0,0.965,0.965,0.039644964,0.01,0.6842857142857143,0.037627979767453336,3.39
2,imagenet,student,100,foreground_rescue_10,1,0.965,0.965,0.032273307,0.01,0.6842857142857143,0.037627979767453336,3.39
2,imagenet,student,100,foreground_rescue_10,2,0.965,0.965,0.031863116,0.01,0.6842857142857143,0.037627979767453336,3.39
2,imagenet,student,100,foreground_rescue_10,3,0.96,0.965,0.03772966,0.015,0.6842857142857143,0.037627979767453336,3.39
2,imagenet,student,100,foreground_rescue_10,4,0.97,0.965,0.020494876,0.005,0.6842857142857143,0.037627979767453336,3.39
2,imagenet,student,100,low_score_rescue_10,0,0.955,0.965,0.030938266,0.01,0.7263775510204081,0.12933929833719543,10.0
2,imagenet,student,100,low_score_rescue_10,1,0.95,0.965,0.039691687,0.015,0.7259183673469387,0.1283395737601788,10.0
2,imagenet,student,100,low_score_rescue_10,2,0.945,0.965,0.03914596,0.02,0.7266326530612246,0.13161530731329849,10.0
2,imagenet,student,100,low_score_rescue_10,3,0.96,0.965,0.030773982,0.01,0.7261734693877551,0.12979141734860147,10.0
2,imagenet,student,100,low_score_rescue_10,4,0.955,0.965,0.03958541,0.01,0.726530612244898,0.12888977604239873,10.0
2,imagenet,student,100,random_matched,0,0.965,0.965,0.039629355,0.01,0.730408163265306,0.13607672128251333,3.39
2,imagenet,student,100,random_matched,1,0.955,0.965,0.05642998,0.02,0.73,0.1359528833036666,3.39
2,imagenet,student,100,random_matched,2,0.965,0.965,0.038398355,0.01,0.7287244897959184,0.13316831172106736,3.39
2,imagenet,student,100,random_matched,3,0.965,0.965,0.04776772,0.01,0.728061224489796,0.13205522880308687,3.39
2,imagenet,student,100,random_matched,4,0.965,0.965,0.031241002,0.01,0.729642857142857,0.1339517242592003,3.39
2,scratch,ce,0,student,0,0.85,0.965,0.35167298,0.125,0.8288265306122449,0.5289082416411598,0.0
2,scratch,ce,0,student,1,0.85,0.965,0.35167298,0.125,0.8288265306122449,0.5289082416411598,0.0
2,scratch,ce,0,student,2,0.85,0.965,0.35167298,0.125,0.8288265306122449,0.5289082416411598,0.0
2,scratch,ce,0,student,3,0.85,0.965,0.35167298,0.125,0.8288265306122449,0.5289082416411598,0.0
2,scratch,ce,0,student,4,0.85,0.965,0.35167298,0.125,0.8288265306122449,0.5289082416411598,0.0
2,scratch,ce,0,random,0,0.94,0.965,0.09405363,0.035,0.8246938775510205,0.48994748795493875,0.0
2,scratch,ce,0,random,1,0.93,0.965,0.11544752,0.04,0.8235204081632653,0.4946262972715817,0.0
2,scratch,ce,0,random,2,0.935,0.965,0.097691804,0.035,0.8219387755102041,0.47777470733476307,0.0
2,scratch,ce,0,random,3,0.945,0.965,0.070126064,0.025,0.822857142857143,0.4756299304983063,0.0
2,scratch,ce,0,random,4,0.945,0.965,0.13986777,0.035,0.8268877551020407,0.5175266882325791,0.0
2,scratch,ce,0,random_rescue_10,0,0.91,0.965,0.22477701,0.07,0.8279591836734693,0.5297952212841659,10.0
2,scratch,ce,0,random_rescue_10,1,0.905,0.965,0.2715511,0.075,0.8267857142857141,0.5120509493018813,10.0
2,scratch,ce,0,random_rescue_10,2,0.905,0.965,0.22881329,0.075,0.8293367346938776,0.5204424609832882,10.0
2,scratch,ce,0,random_rescue_10,3,0.905,0.965,0.22220482,0.07,0.8265306122448979,0.5220195745378604,10.0
2,scratch,ce,0,random_rescue_10,4,0.895,0.965,0.27121213,0.085,0.8272959183673468,0.5200385806748371,10.0
2,scratch,ce,0,foreground_rescue_10,0,0.93,0.965,0.11801019,0.04,0.7564285714285713,0.19589938736602122,7.095
2,scratch,ce,0,foreground_rescue_10,1,0.92,0.965,0.13380335,0.05,0.7564285714285713,0.19589938736602122,7.095
2,scratch,ce,0,foreground_rescue_10,2,0.915,0.965,0.121814616,0.055,0.7564285714285713,0.19589938736602122,7.095
2,scratch,ce,0,foreground_rescue_10,3,0.93,0.965,0.10807913,0.04,0.7564285714285713,0.19589938736602122,7.095
2,scratch,ce,0,foreground_rescue_10,4,0.935,0.965,0.10407362,0.035,0.7564285714285713,0.19589938736602122,7.095
2,scratch,ce,0,low_score_rescue_10,0,0.905,0.965,0.26826248,0.07,0.8264795918367347,0.5194992970738067,10.0
2,scratch,ce,0,low_score_rescue_10,1,0.89,0.965,0.27633974,0.09,0.8271938775510205,0.5216203266099927,10.0
2,scratch,ce,0,low_score_rescue_10,2,0.915,0.965,0.20765367,0.06,0.827704081632653,0.5156364459866647,10.0
2,scratch,ce,0,low_score_rescue_10,3,0.895,0.965,0.25167763,0.08,0.8250510204081632,0.5145200166550582,10.0
2,scratch,ce,0,low_score_rescue_10,4,0.88,0.965,0.28584746,0.1,0.8268367346938774,0.5198745945298533,10.0
2,scratch,ce,0,random_matched,0,0.895,0.965,0.2568129,0.08,0.8270408163265307,0.5196950702616964,7.095
2,scratch,ce,0,random_matched,1,0.87,0.965,0.31733587,0.105,0.8262244897959183,0.5176364137422129,7.095
2,scratch,ce,0,random_matched,2,0.88,0.965,0.27037364,0.095,0.8271428571428571,0.5205411724656567,7.095
2,scratch,ce,0,random_matched,3,0.865,0.965,0.30881935,0.11,0.8252551020408163,0.5172401860247521,7.095
2,scratch,ce,0,random_matched,4,0.87,0.965,0.2926984,0.105,0.8283163265306122,0.5220698682116409,7.095
2,scratch,ce,10,student,0,0.925,0.965,0.146358,0.045,0.8129081632653061,0.46866948751015447,0.0
2,scratch,ce,10,student,1,0.925,0.965,0.146358,0.045,0.8129081632653061,0.46866948751015447,0.0
2,scratch,ce,10,student,2,0.925,0.965,0.146358,0.045,0.8129081632653061,0.46866948751015447,0.0
2,scratch,ce,10,student,3,0.925,0.965,0.146358,0.045,0.8129081632653061,0.46866948751015447,0.0
2,scratch,ce,10,student,4,0.925,0.965,0.146358,0.045,0.8129081632653061,0.46866948751015447,0.0
2,scratch,ce,10,random,0,0.94,0.965,0.09405363,0.035,0.8246938775510205,0.48994748795493875,0.0
2,scratch,ce,10,random,1,0.93,0.965,0.11544752,0.04,0.8235204081632653,0.4946262972715817,0.0
2,scratch,ce,10,random,2,0.935,0.965,0.097691804,0.035,0.8219387755102041,0.47777470733476307,0.0
2,scratch,ce,10,random,3,0.945,0.965,0.070126064,0.025,0.822857142857143,0.4756299304983063,0.0
2,scratch,ce,10,random,4,0.945,0.965,0.13986777,0.035,0.8268877551020407,0.5175266882325791,0.0
2,scratch,ce,10,random_rescue_10,0,0.91,0.965,0.23085701,0.065,0.8166326530612245,0.4850620157140014,10.0
2,scratch,ce,10,random_rescue_10,1,0.915,0.965,0.14914224,0.065,0.8141326530612244,0.46403863345590984,10.0
2,scratch,ce,10,random_rescue_10,2,0.915,0.965,0.14205027,0.055,0.8148979591836735,0.46063893200878053,10.0
2,scratch,ce,10,random_rescue_10,3,0.905,0.965,0.20246014,0.065,0.8162755102040817,0.48745519627007117,10.0
2,scratch,ce,10,random_rescue_10,4,0.935,0.965,0.18266578,0.045,0.8166836734693876,0.47854038963538387,10.0
2,scratch,ce,10,foreground_rescue_10,0,0.94,0.965,0.08555544,0.03,0.7440816326530612,0.15663000098598356,6.745
2,scratch,ce,10,foreground_rescue_10,1,0.935,0.965,0.077302255,0.035,0.7440816326530612,0.15663000098598356,6.745
2,scratch,ce,10,foreground_rescue_10,2,0.935,0.965,0.094338186,0.035,0.7440816326530612,0.15663000098598356,6.745
2,scratch,ce,10,foreground_rescue_10,3,0.945,0.965,0.06337241,0.025,0.7440816326530612,0.15663000098598356,6.745
2,scratch,ce,10,foreground_rescue_10,4,0.945,0.965,0.06486525,0.025,0.7440816326530612,0.15663000098598356,6.745
2,scratch,ce,10,low_score_rescue_10,0,0.905,0.965,0.18626049,0.06,0.809438775510204,0.470227954226893,10.0
2,scratch,ce,10,low_score_rescue_10,1,0.93,0.965,0.16025223,0.045,0.8094897959183674,0.466075847104448,10.0
2,scratch,ce,10,low_score_rescue_10,2,0.905,0.965,0.18173279,0.075,0.8099489795918368,0.47243190018265907,10.0
2,scratch,ce,10,low_score_rescue_10,3,0.905,0.965,0.1888404,0.065,0.8095408163265307,0.470657158366155,10.0
2,scratch,ce,10,low_score_rescue_10,4,0.9,0.965,0.19125733,0.065,0.81,0.4606354045711038,10.0
2,scratch,ce,10,random_matched,0,0.93,0.965,0.15239969,0.045,0.8133673469387754,0.4662388453302123,6.745
2,scratch,ce,10,random_matched,1,0.92,0.965,0.15534134,0.05,0.8132653061224488,0.46762798566352837,6.745
2,scratch,ce,10,random_matched,2,0.905,0.965,0.18087478,0.065,0.8140816326530611,0.4661548674182112,6.745
2,scratch,ce,10,random_matched,3,0.91,0.965,0.16111168,0.06,0.8127040816326531,0.459179909797635,6.745
2,scratch,ce,10,random_matched,4,0.91,0.965,0.16801575,0.06,0.8124489795918367,0.4670680920684577,6.745
2,scratch,ce,25,student,0,0.89,0.965,0.25707147,0.085,0.8065306122448979,0.42551671643435957,0.0
2,scratch,ce,25,student,1,0.89,0.965,0.25707147,0.085,0.8065306122448979,0.42551671643435957,0.0
2,scratch,ce,25,student,2,0.89,0.965,0.25707147,0.085,0.8065306122448979,0.42551671643435957,0.0
2,scratch,ce,25,student,3,0.89,0.965,0.25707147,0.085,0.8065306122448979,0.42551671643435957,0.0
2,scratch,ce,25,student,4,0.89,0.965,0.25707147,0.085,0.8065306122448979,0.42551671643435957,0.0
2,scratch,ce,25,random,0,0.94,0.965,0.09405363,0.035,0.8246938775510205,0.48994748795493875,0.0
2,scratch,ce,25,random,1,0.93,0.965,0.11544752,0.04,0.8235204081632653,0.4946262972715817,0.0
2,scratch,ce,25,random,2,0.935,0.965,0.097691804,0.035,0.8219387755102041,0.47777470733476307,0.0
2,scratch,ce,25,random,3,0.945,0.965,0.070126064,0.025,0.822857142857143,0.4756299304983063,0.0
2,scratch,ce,25,random,4,0.945,0.965,0.13986777,0.035,0.8268877551020407,0.5175266882325791,0.0
2,scratch,ce,25,random_rescue_10,0,0.9,0.965,0.21857144,0.075,0.8112755102040816,0.43023710878730786,10.0
2,scratch,ce,25,random_rescue_10,1,0.92,0.965,0.16880089,0.055,0.8116326530612246,0.4447036630722572,10.0
2,scratch,ce,25,random_rescue_10,2,0.92,0.965,0.19696526,0.055,0.8116836734693876,0.4536560506507801,10.0
2,scratch,ce,25,random_rescue_10,3,0.905,0.965,0.2143718,0.075,0.8092857142857142,0.4273115915970891,10.0
2,scratch,ce,25,random_rescue_10,4,0.915,0.965,0.24360777,0.06,0.8104081632653062,0.43968070722811997,10.0
2,scratch,ce,25,foreground_rescue_10,0,0.96,0.965,0.13333878,0.025,0.739591836734694,0.13572322572685197,6.56
2,scratch,ce,25,foreground_rescue_10,1,0.96,0.965,0.12597622,0.025,0.739591836734694,0.13572322572685197,6.56
2,scratch,ce,25,foreground_rescue_10,2,0.955,0.965,0.13907017,0.03,0.739591836734694,0.13572322572685197,6.56
2,scratch,ce,25,foreground_rescue_10,3,0.965,0.965,0.113348596,0.02,0.739591836734694,0.13572322572685197,6.56
2,scratch,ce,25,foreground_rescue_10,4,0.96,0.965,0.12266275,0.025,0.739591836734694,0.13572322572685197,6.56
2,scratch,ce,25,low_score_rescue_10,0,0.92,0.965,0.19226566,0.055,0.8068877551020408,0.42877599027991786,10.0
2,scratch,ce,25,low_score_rescue_10,1,0.915,0.965,0.22178788,0.06,0.8075510204081633,0.42811865277854855,10.0
2,scratch,ce,25,low_score_rescue_10,2,0.91,0.965,0.22763956,0.065,0.8067857142857143,0.42614710795185945,10.0
2,scratch,ce,25,low_score_rescue_10,3,0.915,0.965,0.20232682,0.065,0.8067346938775509,0.4308536913862552,10.0
2,scratch,ce,25,low_score_rescue_10,4,0.91,0.965,0.21639115,0.065,0.8057142857142857,0.42220824349457226,10.0
2,scratch,ce,25,random_matched,0,0.915,0.965,0.21252567,0.06,0.8089795918367346,0.429480913641761,6.56
2,scratch,ce,25,random_matched,1,0.925,0.965,0.1975744,0.05,0.8067346938775509,0.42657170621429413,6.56
2,scratch,ce,25,random_matched,2,0.905,0.965,0.22121662,0.07,0.8076530612244898,0.4278102792158097,6.56
2,scratch,ce,25,random_matched,3,0.9,0.965,0.23694609,0.075,0.8092346938775511,0.4342386745258874,6.56
2,scratch,ce,25,random_matched,4,0.895,0.965,0.2409417,0.08,0.8102551020408163,0.43483406323041474,6.56
2,scratch,ce,50,student,0,0.9,0.965,0.24434912,0.08,0.8186224489795919,0.4572030728331359,0.0
2,scratch,ce,50,student,1,0.9,0.965,0.24434912,0.08,0.8186224489795919,0.4572030728331359,0.0
2,scratch,ce,50,student,2,0.9,0.965,0.24434912,0.08,0.8186224489795919,0.4572030728331359,0.0
2,scratch,ce,50,student,3,0.9,0.965,0.24434912,0.08,0.8186224489795919,0.4572030728331359,0.0
2,scratch,ce,50,student,4,0.9,0.965,0.24434912,0.08,0.8186224489795919,0.4572030728331359,0.0
2,scratch,ce,50,random,0,0.94,0.965,0.09405363,0.035,0.8246938775510205,0.48994748795493875,0.0
2,scratch,ce,50,random,1,0.93,0.965,0.11544752,0.04,0.8235204081632653,0.4946262972715817,0.0
2,scratch,ce,50,random,2,0.935,0.965,0.097691804,0.035,0.8219387755102041,0.47777470733476307,0.0
2,scratch,ce,50,random,3,0.945,0.965,0.070126064,0.025,0.822857142857143,0.4756299304983063,0.0
2,scratch,ce,50,random,4,0.945,0.965,0.13986777,0.035,0.8268877551020407,0.5175266882325791,0.0
2,scratch,ce,50,random_rescue_10,0,0.92,0.965,0.15305823,0.06,0.8211734693877552,0.47851308683246846,10.0
2,scratch,ce,50,random_rescue_10,1,0.915,0.965,0.2128182,0.065,0.8216836734693876,0.4756611955698611,10.0
2,scratch,ce,50,random_rescue_10,2,0.92,0.965,0.1861731,0.06,0.8172448979591838,0.4559847350389756,10.0
2,scratch,ce,50,random_rescue_10,3,0.91,0.965,0.19071022,0.07,0.8191836734693877,0.46370630572248994,10.0
2,scratch,ce,50,random_rescue_10,4,0.93,0.965,0.16257164,0.055,0.8209693877551021,0.4642979045549643,10.0
2,scratch,ce,50,foreground_rescue_10,0,0.935,0.965,0.104523525,0.04,0.7490816326530613,0.15285971138605448,6.815
2,scratch,ce,50,foreground_rescue_10,1,0.94,0.965,0.0993264,0.035,0.7490816326530613,0.15285971138605448,6.815
2,scratch,ce,50,foreground_rescue_10,2,0.935,0.965,0.097240865,0.04,0.7490816326530613,0.15285971138605448,6.815
2,scratch,ce,50,foreground_rescue_10,3,0.935,0.965,0.11537563,0.04,0.7490816326530613,0.15285971138605448,6.815
2,scratch,ce,50,foreground_rescue_10,4,0.945,0.965,0.09359136,0.03,0.7490816326530613,0.15285971138605448,6.815
2,scratch,ce,50,low_score_rescue_10,0,0.91,0.965,0.21268223,0.07,0.8153061224489795,0.4449341022365707,10.0
2,scratch,ce,50,low_score_rescue_10,1,0.9,0.965,0.2412025,0.08,0.8163265306122449,0.4470881323485423,10.0
2,scratch,ce,50,low_score_rescue_10,2,0.915,0.965,0.21798988,0.065,0.8161734693877551,0.44245248904785794,10.0
2,scratch,ce,50,low_score_rescue_10,3,0.915,0.965,0.21138866,0.065,0.8142346938775509,0.43576134583698933,10.0
2,scratch,ce,50,low_score_rescue_10,4,0.91,0.965,0.2321348,0.07,0.8152551020408163,0.4383423600871277,10.0
2,scratch,ce,50,random_matched,0,0.915,0.965,0.18803146,0.065,0.8175510204081633,0.4549373295718802,6.815
2,scratch,ce,50,random_matched,1,0.88,0.965,0.23523861,0.1,0.8187244897959184,0.4567671456293195,6.815
2,scratch,ce,50,random_matched,2,0.91,0.965,0.20593031,0.07,0.8170408163265306,0.4494202210881667,6.815
2,scratch,ce,50,random_matched,3,0.895,0.965,0.20706287,0.085,0.8167346938775509,0.4524793425863306,6.815
2,scratch,ce,50,random_matched,4,0.915,0.965,0.17889664,0.065,0.8190306122448979,0.4580826412146413,6.815
2,scratch,ce,75,student,0,0.945,0.965,0.15456717,0.04,0.8049489795918366,0.42232515614841565,0.0
2,scratch,ce,75,student,1,0.945,0.965,0.15456717,0.04,0.8049489795918366,0.42232515614841565,0.0
2,scratch,ce,75,student,2,0.945,0.965,0.15456717,0.04,0.8049489795918366,0.42232515614841565,0.0
2,scratch,ce,75,student,3,0.945,0.965,0.15456717,0.04,0.8049489795918366,0.42232515614841565,0.0
2,scratch,ce,75,student,4,0.945,0.965,0.15456717,0.04,0.8049489795918366,0.42232515614841565,0.0
2,scratch,ce,75,random,0,0.94,0.965,0.09405363,0.035,0.8246938775510205,0.48994748795493875,0.0
2,scratch,ce,75,random,1,0.93,0.965,0.11544752,0.04,0.8235204081632653,0.4946262972715817,0.0
2,scratch,ce,75,random,2,0.935,0.965,0.097691804,0.035,0.8219387755102041,0.47777470733476307,0.0
2,scratch,ce,75,random,3,0.945,0.965,0.070126064,0.025,0.822857142857143,0.4756299304983063,0.0
2,scratch,ce,75,random,4,0.945,0.965,0.13986777,0.035,0.8268877551020407,0.5175266882325791,0.0
2,scratch,ce,75,random_rescue_10,0,0.94,0.965,0.15026723,0.04,0.8086734693877551,0.44121524412266017,10.0
2,scratch,ce,75,random_rescue_10,1,0.93,0.965,0.13545358,0.045,0.8102551020408163,0.4422605918885095,10.0
2,scratch,ce,75,random_rescue_10,2,0.925,0.965,0.14490454,0.05,0.8096938775510203,0.44541615882080515,10.0
2,scratch,ce,75,random_rescue_10,3,0.95,0.965,0.09689777,0.03,0.8073469387755102,0.4273139940142263,10.0
2,scratch,ce,75,random_rescue_10,4,0.93,0.965,0.1485102,0.05,0.8076020408163265,0.43455836889184224,10.0
2,scratch,ce,75,foreground_rescue_10,0,0.96,0.965,0.064780824,0.02,0.7386224489795918,0.13224023766513232,6.5
2,scratch,ce,75,foreground_rescue_10,1,0.97,0.965,0.04760014,0.01,0.7386224489795918,0.13224023766513232,6.5
2,scratch,ce,75,foreground_rescue_10,2,0.97,0.965,0.04674692,0.01,0.7386224489795918,0.13224023766513232,6.5
2,scratch,ce,75,foreground_rescue_10,3,0.965,0.965,0.04838603,0.015,0.7386224489795918,0.13224023766513232,6.5
2,scratch,ce,75,foreground_rescue_10,4,0.96,0.965,0.06916733,0.02,0.7386224489795918,0.13224023766513232,6.5
2,scratch,ce,75,low_score_rescue_10,0,0.915,0.965,0.1370293,0.055,0.8063775510204081,0.4261551291468618,10.0
2,scratch,ce,75,low_score_rescue_10,1,0.945,0.965,0.13416265,0.035,0.8060204081632654,0.41927143956908336,10.0
2,scratch,ce,75,low_score_rescue_10,2,0.925,0.965,0.12736683,0.045,0.8080612244897959,0.42999610545289846,10.0
2,scratch,ce,75,low_score_rescue_10,3,0.945,0.965,0.13004757,0.035,0.8059693877551021,0.42605156145942813,10.0
2,scratch,ce,75,low_score_rescue_10,4,0.945,0.965,0.11143023,0.035,0.8057142857142857,0.41323847276519987,10.0
2,scratch,ce,75,random_matched,0,0.95,0.965,0.14625059,0.035,0.8059183673469389,0.42162161320006325,6.5
2,scratch,ce,75,random_matched,1,0.955,0.965,0.117809676,0.03,0.8044897959183672,0.4208219283268224,6.5
2,scratch,ce,75,random_matched,2,0.94,0.965,0.13918422,0.04,0.8052551020408163,0.41884318170929086,6.5
2,scratch,ce,75,random_matched,3,0.955,0.965,0.13890725,0.03,0.8065816326530612,0.4247144996716824,6.5
2,scratch,ce,75,random_matched,4,0.93,0.965,0.13534574,0.05,0.8067857142857143,0.43091353005328403,6.5
2,scratch,ce,100,student,0,0.915,0.965,0.18909734,0.06,0.8085714285714286,0.4329675304317491,0.0
2,scratch,ce,100,student,1,0.915,0.965,0.18909734,0.06,0.8085714285714286,0.4329675304317491,0.0
2,scratch,ce,100,student,2,0.915,0.965,0.18909734,0.06,0.8085714285714286,0.4329675304317491,0.0
2,scratch,ce,100,student,3,0.915,0.965,0.18909734,0.06,0.8085714285714286,0.4329675304317491,0.0
2,scratch,ce,100,student,4,0.915,0.965,0.18909734,0.06,0.8085714285714286,0.4329675304317491,0.0
2,scratch,ce,100,random,0,0.94,0.965,0.09405363,0.035,0.8246938775510205,0.48994748795493875,0.0
2,scratch,ce,100,random,1,0.93,0.965,0.11544752,0.04,0.8235204081632653,0.4946262972715817,0.0
2,scratch,ce,100,random,2,0.935,0.965,0.097691804,0.035,0.8219387755102041,0.47777470733476307,0.0
2,scratch,ce,100,random,3,0.945,0.965,0.070126064,0.025,0.822857142857143,0.4756299304983063,0.0
2,scratch,ce,100,random,4,0.945,0.965,0.13986777,0.035,0.8268877551020407,0.5175266882325791,0.0
2,scratch,ce,100,random_rescue_10,0,0.91,0.965,0.19973825,0.07,0.8105612244897958,0.4368517500539582,10.0
2,scratch,ce,100,random_rescue_10,1,0.935,0.965,0.12033039,0.04,0.8115306122448979,0.4397330179008968,10.0
2,scratch,ce,100,random_rescue_10,2,0.94,0.965,0.1528345,0.04,0.8115816326530613,0.4559460516027705,10.0
2,scratch,ce,100,random_rescue_10,3,0.935,0.965,0.14997879,0.045,0.8115816326530613,0.4442019727917202,10.0
2,scratch,ce,100,random_rescue_10,4,0.925,0.965,0.180236,0.055,0.8115306122448981,0.44668347568876743,10.0
2,scratch,ce,100,foreground_rescue_10,0,0.95,0.965,0.052091256,0.02,0.7426020408163266,0.1394642923406077,6.465
2,scratch,ce,100,foreground_rescue_10,1,0.96,0.965,0.046733227,0.01,0.7426020408163266,0.1394642923406077,6.465
2,scratch,ce,100,foreground_rescue_10,2,0.955,0.965,0.04554227,0.015,0.7426020408163266,0.1394642923406077,6.465
2,scratch,ce,100,foreground_rescue_10,3,0.955,0.965,0.044925712,0.015,0.7426020408163266,0.1394642923406077,6.465
2,scratch,ce,100,foreground_rescue_10,4,0.95,0.965,0.05590885,0.02,0.7426020408163266,0.1394642923406077,6.465
2,scratch,ce,100,low_score_rescue_10,0,0.91,0.965,0.18328007,0.065,0.806734693877551,0.423732787792223,10.0
2,scratch,ce,100,low_score_rescue_10,1,0.915,0.965,0.16787933,0.065,0.8076530612244898,0.41910193562227027,10.0
2,scratch,ce,100,low_score_rescue_10,2,0.93,0.965,0.13549082,0.05,0.8083163265306124,0.42849630197640065,10.0
2,scratch,ce,100,low_score_rescue_10,3,0.92,0.965,0.18026054,0.06,0.8076530612244898,0.4289820351787811,10.0
2,scratch,ce,100,low_score_rescue_10,4,0.945,0.965,0.15178226,0.04,0.8085714285714286,0.428717796474011,10.0
2,scratch,ce,100,random_matched,0,0.925,0.965,0.18443236,0.05,0.809030612244898,0.43402277670531214,6.465
2,scratch,ce,100,random_matched,1,0.92,0.965,0.17075765,0.055,0.8085204081632653,0.43364395135642925,6.465
2,scratch,ce,100,random_matched,2,0.915,0.965,0.18133941,0.06,0.8084693877551019,0.4339185201848307,6.465
2,scratch,ce,100,random_matched,3,0.925,0.965,0.14905667,0.05,0.8101530612244897,0.43147275047815375,6.465
2,scratch,ce,100,random_matched,4,0.915,0.965,0.17094925,0.06,0.8085204081632653,0.43375725464899045,6.465
2,scratch,foreground_rescue_10,0,student,0,0.85,0.965,0.35167298,0.125,0.8288265306122449,0.5289082416411598,0.0
2,scratch,foreground_rescue_10,0,student,1,0.85,0.965,0.35167298,0.125,0.8288265306122449,0.5289082416411598,0.0
2,scratch,foreground_rescue_10,0,student,2,0.85,0.965,0.35167298,0.125,0.8288265306122449,0.5289082416411598,0.0
2,scratch,foreground_rescue_10,0,student,3,0.85,0.965,0.35167298,0.125,0.8288265306122449,0.5289082416411598,0.0
2,scratch,foreground_rescue_10,0,student,4,0.85,0.965,0.35167298,0.125,0.8288265306122449,0.5289082416411598,0.0
2,scratch,foreground_rescue_10,0,random,0,0.94,0.965,0.09405363,0.035,0.8246938775510205,0.48994748795493875,0.0
2,scratch,foreground_rescue_10,0,random,1,0.93,0.965,0.11544752,0.04,0.8235204081632653,0.4946262972715817,0.0
2,scratch,foreground_rescue_10,0,random,2,0.935,0.965,0.097691804,0.035,0.8219387755102041,0.47777470733476307,0.0
2,scratch,foreground_rescue_10,0,random,3,0.945,0.965,0.070126064,0.025,0.822857142857143,0.4756299304983063,0.0
2,scratch,foreground_rescue_10,0,random,4,0.945,0.965,0.13986777,0.035,0.8268877551020407,0.5175266882325791,0.0
2,scratch,foreground_rescue_10,0,random_rescue_10,0,0.91,0.965,0.22477701,0.07,0.8279591836734693,0.5297952212841659,10.0
2,scratch,foreground_rescue_10,0,random_rescue_10,1,0.905,0.965,0.2715511,0.075,0.8267857142857141,0.5120509493018813,10.0
2,scratch,foreground_rescue_10,0,random_rescue_10,2,0.905,0.965,0.22881329,0.075,0.8293367346938776,0.5204424609832882,10.0
2,scratch,foreground_rescue_10,0,random_rescue_10,3,0.905,0.965,0.22220482,0.07,0.8265306122448979,0.5220195745378604,10.0
2,scratch,foreground_rescue_10,0,random_rescue_10,4,0.895,0.965,0.27121213,0.085,0.8272959183673468,0.5200385806748371,10.0
2,scratch,foreground_rescue_10,0,foreground_rescue_10,0,0.93,0.965,0.11801019,0.04,0.7564285714285713,0.19589938736602122,7.095
2,scratch,foreground_rescue_10,0,foreground_rescue_10,1,0.92,0.965,0.13380335,0.05,0.7564285714285713,0.19589938736602122,7.095
2,scratch,foreground_rescue_10,0,foreground_rescue_10,2,0.915,0.965,0.121814616,0.055,0.7564285714285713,0.19589938736602122,7.095
2,scratch,foreground_rescue_10,0,foreground_rescue_10,3,0.93,0.965,0.10807913,0.04,0.7564285714285713,0.19589938736602122,7.095
2,scratch,foreground_rescue_10,0,foreground_rescue_10,4,0.935,0.965,0.10407362,0.035,0.7564285714285713,0.19589938736602122,7.095
2,scratch,foreground_rescue_10,0,low_score_rescue_10,0,0.905,0.965,0.26826248,0.07,0.8264795918367347,0.5194992970738067,10.0
2,scratch,foreground_rescue_10,0,low_score_rescue_10,1,0.89,0.965,0.27633974,0.09,0.8271938775510205,0.5216203266099927,10.0
2,scratch,foreground_rescue_10,0,low_score_rescue_10,2,0.915,0.965,0.20765367,0.06,0.827704081632653,0.5156364459866647,10.0
2,scratch,foreground_rescue_10,0,low_score_rescue_10,3,0.895,0.965,0.25167763,0.08,0.8250510204081632,0.5145200166550582,10.0
2,scratch,foreground_rescue_10,0,low_score_rescue_10,4,0.88,0.965,0.28584746,0.1,0.8268367346938774,0.5198745945298533,10.0
2,scratch,foreground_rescue_10,0,random_matched,0,0.895,0.965,0.2568129,0.08,0.8270408163265307,0.5196950702616964,7.095
2,scratch,foreground_rescue_10,0,random_matched,1,0.87,0.965,0.31733587,0.105,0.8262244897959183,0.5176364137422129,7.095
2,scratch,foreground_rescue_10,0,random_matched,2,0.88,0.965,0.27037364,0.095,0.8271428571428571,0.5205411724656567,7.095
2,scratch,foreground_rescue_10,0,random_matched,3,0.865,0.965,0.30881935,0.11,0.8252551020408163,0.5172401860247521,7.095
2,scratch,foreground_rescue_10,0,random_matched,4,0.87,0.965,0.2926984,0.105,0.8283163265306122,0.5220698682116409,7.095
2,scratch,foreground_rescue_10,10,student,0,0.875,0.965,0.28360376,0.1,0.8104081632653061,0.45473338112560796,0.0
2,scratch,foreground_rescue_10,10,student,1,0.875,0.965,0.28360376,0.1,0.8104081632653061,0.45473338112560796,0.0
2,scratch,foreground_rescue_10,10,student,2,0.875,0.965,0.28360376,0.1,0.8104081632653061,0.45473338112560796,0.0
2,scratch,foreground_rescue_10,10,student,3,0.875,0.965,0.28360376,0.1,0.8104081632653061,0.45473338112560796,0.0
2,scratch,foreground_rescue_10,10,student,4,0.875,0.965,0.28360376,0.1,0.8104081632653061,0.45473338112560796,0.0
2,scratch,foreground_rescue_10,10,random,0,0.94,0.965,0.09405363,0.035,0.8246938775510205,0.48994748795493875,0.0
2,scratch,foreground_rescue_10,10,random,1,0.93,0.965,0.11544752,0.04,0.8235204081632653,0.4946262972715817,0.0
2,scratch,foreground_rescue_10,10,random,2,0.935,0.965,0.097691804,0.035,0.8219387755102041,0.47777470733476307,0.0
2,scratch,foreground_rescue_10,10,random,3,0.945,0.965,0.070126064,0.025,0.822857142857143,0.4756299304983063,0.0
2,scratch,foreground_rescue_10,10,random,4,0.945,0.965,0.13986777,0.035,0.8268877551020407,0.5175266882325791,0.0
2,scratch,foreground_rescue_10,10,random_rescue_10,0,0.915,0.965,0.21662049,0.06,0.812142857142857,0.4571479497447069,10.0
2,scratch,foreground_rescue_10,10,random_rescue_10,1,0.92,0.965,0.14877579,0.055,0.8129591836734694,0.4697600193523083,10.0
2,scratch,foreground_rescue_10,10,random_rescue_10,2,0.925,0.965,0.17105614,0.05,0.8125,0.46681122208436776,10.0
2,scratch,foreground_rescue_10,10,random_rescue_10,3,0.885,0.965,0.19905423,0.09,0.8128571428571427,0.4695002608379015,10.0
2,scratch,foreground_rescue_10,10,random_rescue_10,4,0.885,0.965,0.22826612,0.085,0.8134183673469387,0.4630614692623046,10.0
2,scratch,foreground_rescue_10,10,foreground_rescue_10,0,0.92,0.965,0.13393329,0.05,0.7456122448979593,0.1652224130011993,6.35
2,scratch,foreground_rescue_10,10,foreground_rescue_10,1,0.925,0.965,0.12110422,0.045,0.7456122448979593,0.1652224130011993,6.35
2,scratch,foreground_rescue_10,10,foreground_rescue_10,2,0.925,0.965,0.12582617,0.045,0.7456122448979593,0.1652224130011993,6.35
2,scratch,foreground_rescue_10,10,foreground_rescue_10,3,0.92,0.965,0.12546054,0.05,0.7456122448979593,0.1652224130011993,6.35
2,scratch,foreground_rescue_10,10,foreground_rescue_10,4,0.91,0.965,0.16367863,0.06,0.7456122448979593,0.1652224130011993,6.35
2,scratch,foreground_rescue_10,10,low_score_rescue_10,0,0.91,0.965,0.21374813,0.07,0.8081122448979592,0.43707955303195545,10.0
2,scratch,foreground_rescue_10,10,low_score_rescue_10,1,0.91,0.965,0.21123715,0.065,0.8096938775510205,0.45419706399059345,10.0
2,scratch,foreground_rescue_10,10,low_score_rescue_10,2,0.91,0.965,0.23113613,0.07,0.8087244897959184,0.4520124377172852,10.0
2,scratch,foreground_rescue_10,10,low_score_rescue_10,3,0.885,0.965,0.283943,0.095,0.8098979591836735,0.4507979605352326,10.0
2,scratch,foreground_rescue_10,10,low_score_rescue_10,4,0.9,0.965,0.23780052,0.075,0.8084183673469388,0.43955721161823036,10.0
2,scratch,foreground_rescue_10,10,random_matched,0,0.91,0.965,0.23269443,0.065,0.8100510204081632,0.4490104997737376,6.35
2,scratch,foreground_rescue_10,10,random_matched,1,0.9,0.965,0.22379331,0.075,0.8096428571428571,0.45109703262700407,6.35
2,scratch,foreground_rescue_10,10,random_matched,2,0.915,0.965,0.21148995,0.06,0.8112755102040816,0.45153855386282166,6.35
2,scratch,foreground_rescue_10,10,random_matched,3,0.89,0.965,0.2668016,0.085,0.8088265306122451,0.44274914193427733,6.35
2,scratch,foreground_rescue_10,10,random_matched,4,0.89,0.965,0.24769907,0.085,0.8114285714285714,0.45360347618893776,6.35
2,scratch,foreground_rescue_10,25,student,0,0.9,0.965,0.2451436,0.075,0.8118877551020408,0.45627980188413153,0.0
2,scratch,foreground_rescue_10,25,student,1,0.9,0.965,0.2451436,0.075,0.8118877551020408,0.45627980188413153,0.0
2,scratch,foreground_rescue_10,25,student,2,0.9,0.965,0.2451436,0.075,0.8118877551020408,0.45627980188413153,0.0
2,scratch,foreground_rescue_10,25,student,3,0.9,0.965,0.2451436,0.075,0.8118877551020408,0.45627980188413153,0.0
2,scratch,foreground_rescue_10,25,student,4,0.9,0.965,0.2451436,0.075,0.8118877551020408,0.45627980188413153,0.0
2,scratch,foreground_rescue_10,25,random,0,0.94,0.965,0.09405363,0.035,0.8246938775510205,0.48994748795493875,0.0
2,scratch,foreground_rescue_10,25,random,1,0.93,0.965,0.11544752,0.04,0.8235204081632653,0.4946262972715817,0.0
2,scratch,foreground_rescue_10,25,random,2,0.935,0.965,0.097691804,0.035,0.8219387755102041,0.47777470733476307,0.0
2,scratch,foreground_rescue_10,25,random,3,0.945,0.965,0.070126064,0.025,0.822857142857143,0.4756299304983063,0.0
2,scratch,foreground_rescue_10,25,random,4,0.945,0.965,0.13986777,0.035,0.8268877551020407,0.5175266882325791,0.0
2,scratch,foreground_rescue_10,25,random_rescue_10,0,0.91,0.965,0.24758756,0.07,0.814387755102041,0.4701545131611064,10.0
2,scratch,foreground_rescue_10,25,random_rescue_10,1,0.9,0.965,0.23284878,0.075,0.8135714285714286,0.4645432393432868,10.0
2,scratch,foreground_rescue_10,25,random_rescue_10,2,0.905,0.965,0.21541962,0.07,0.8135204081632653,0.45400697768839093,10.0
2,scratch,foreground_rescue_10,25,random_rescue_10,3,0.89,0.965,0.27032945,0.085,0.8163775510204081,0.4696062473910735,10.0
2,scratch,foreground_rescue_10,25,random_rescue_10,4,0.915,0.965,0.2033094,0.065,0.8131632653061225,0.45385075293956834,10.0
2,scratch,foreground_rescue_10,25,foreground_rescue_10,0,0.945,0.965,0.07270776,0.025,0.7433673469387756,0.15893767463792358,6.715
2,scratch,foreground_rescue_10,25,foreground_rescue_10,1,0.955,0.965,0.06642528,0.02,0.7433673469387756,0.15893767463792358,6.715
2,scratch,foreground_rescue_10,25,foreground_rescue_10,2,0.94,0.965,0.08919945,0.035,0.7433673469387756,0.15893767463792358,6.715
2,scratch,foreground_rescue_10,25,foreground_rescue_10,3,0.95,0.965,0.08600393,0.025,0.7433673469387756,0.15893767463792358,6.715
2,scratch,foreground_rescue_10,25,foreground_rescue_10,4,0.95,0.965,0.086072795,0.025,0.7433673469387756,0.15893767463792358,6.715
2,scratch,foreground_rescue_10,25,low_score_rescue_10,0,0.935,0.965,0.20173363,0.045,0.809795918367347,0.4534329182644022,10.0
2,scratch,foreground_rescue_10,25,low_score_rescue_10,1,0.91,0.965,0.22989468,0.065,0.8102551020408163,0.4515584882739269,10.0
2,scratch,foreground_rescue_10,25,low_score_rescue_10,2,0.92,0.965,0.19624028,0.055,0.8102551020408163,0.4494442539987332,10.0
2,scratch,foreground_rescue_10,25,low_score_rescue_10,3,0.93,0.965,0.16701347,0.05,0.8089795918367347,0.45235660456736754,10.0
2,scratch,foreground_rescue_10,25,low_score_rescue_10,4,0.91,0.965,0.21603303,0.07,0.8093367346938776,0.4405973073617747,10.0
2,scratch,foreground_rescue_10,25,random_matched,0,0.94,0.965,0.15173717,0.035,0.8137244897959184,0.45537841083837227,6.715
2,scratch,foreground_rescue_10,25,random_matched,1,0.935,0.965,0.17989391,0.04,0.8115306122448979,0.45358119894884347,6.715
2,scratch,foreground_rescue_10,25,random_matched,2,0.92,0.965,0.203637,0.055,0.8117857142857143,0.44836971282018817,6.715
2,scratch,foreground_rescue_10,25,random_matched,3,0.93,0.965,0.1734714,0.045,0.812857142857143,0.4523735936045446,6.715
2,scratch,foreground_rescue_10,25,random_matched,4,0.935,0.965,0.1598078,0.04,0.8137244897959184,0.4564708169911763,6.715
2,scratch,foreground_rescue_10,50,student,0,0.925,0.965,0.17388886,0.05,0.8056632653061225,0.4449129114334095,0.0
2,scratch,foreground_rescue_10,50,student,1,0.925,0.965,0.17388886,0.05,0.8056632653061225,0.4449129114334095,0.0
2,scratch,foreground_rescue_10,50,student,2,0.925,0.965,0.17388886,0.05,0.8056632653061225,0.4449129114334095,0.0
2,scratch,foreground_rescue_10,50,student,3,0.925,0.965,0.17388886,0.05,0.8056632653061225,0.4449129114334095,0.0
2,scratch,foreground_rescue_10,50,student,4,0.925,0.965,0.17388886,0.05,0.8056632653061225,0.4449129114334095,0.0
2,scratch,foreground_rescue_10,50,random,0,0.94,0.965,0.09405363,0.035,0.8246938775510205,0.48994748795493875,0.0
2,scratch,foreground_rescue_10,50,random,1,0.93,0.965,0.11544752,0.04,0.8235204081632653,0.4946262972715817,0.0
2,scratch,foreground_rescue_10,50,random,2,0.935,0.965,0.097691804,0.035,0.8219387755102041,0.47777470733476307,0.0
2,scratch,foreground_rescue_10,50,random,3,0.945,0.965,0.070126064,0.025,0.822857142857143,0.4756299304983063,0.0
2,scratch,foreground_rescue_10,50,random,4,0.945,0.965,0.13986777,0.035,0.8268877551020407,0.5175266882325791,0.0
2,scratch,foreground_rescue_10,50,random_rescue_10,0,0.94,0.965,0.13265604,0.035,0.8086734693877551,0.4481706331324112,10.0
2,scratch,foreground_rescue_10,50,random_rescue_10,1,0.94,0.965,0.12407367,0.035,0.810204081632653,0.45749355114066015,10.0
2,scratch,foreground_rescue_10,50,random_rescue_10,2,0.925,0.965,0.1724208,0.05,0.810612244897959,0.452905145747832,10.0
2,scratch,foreground_rescue_10,50,random_rescue_10,3,0.93,0.965,0.12599334,0.045,0.8090816326530611,0.4567661879090676,10.0
2,scratch,foreground_rescue_10,50,random_rescue_10,4,0.92,0.965,0.16952688,0.055,0.8107142857142855,0.46891046117326063,10.0
2,scratch,foreground_rescue_10,50,foreground_rescue_10,0,0.95,0.965,0.07181354,0.025,0.7358163265306124,0.13599233027985128,6.845
2,scratch,foreground_rescue_10,50,foreground_rescue_10,1,0.945,0.965,0.110958725,0.035,0.7358163265306124,0.13599233027985128,6.845
2,scratch,foreground_rescue_10,50,foreground_rescue_10,2,0.95,0.965,0.09073475,0.025,0.7358163265306124,0.13599233027985128,6.845
2,scratch,foreground_rescue_10,50,foreground_rescue_10,3,0.96,0.965,0.067066506,0.02,0.7358163265306124,0.13599233027985128,6.845
2,scratch,foreground_rescue_10,50,foreground_rescue_10,4,0.945,0.965,0.11407597,0.03,0.7358163265306124,0.13599233027985128,6.845
2,scratch,foreground_rescue_10,50,low_score_rescue_10,0,0.925,0.965,0.12768942,0.05,0.8055612244897958,0.44465094850794684,10.0
2,scratch,foreground_rescue_10,50,low_score_rescue_10,1,0.935,0.965,0.1377655,0.045,0.8057653061224491,0.44436932210736346,10.0
2,scratch,foreground_rescue_10,50,low_score_rescue_10,2,0.93,0.965,0.123232596,0.045,0.8064285714285714,0.44608724297674274,10.0
2,scratch,foreground_rescue_10,50,low_score_rescue_10,3,0.925,0.965,0.14232242,0.05,0.8055102040816327,0.4486913180282133,10.0
2,scratch,foreground_rescue_10,50,low_score_rescue_10,4,0.96,0.965,0.091403425,0.02,0.8054591836734695,0.4393117654083394,10.0
2,scratch,foreground_rescue_10,50,random_matched,0,0.945,0.965,0.11194594,0.03,0.8087755102040817,0.45128790739381835,6.845
2,scratch,foreground_rescue_10,50,random_matched,1,0.945,0.965,0.12878893,0.03,0.8073979591836735,0.4478619854696159,6.845
2,scratch,foreground_rescue_10,50,random_matched,2,0.92,0.965,0.18360622,0.055,0.8088775510204081,0.45219869684632236,6.845
2,scratch,foreground_rescue_10,50,random_matched,3,0.94,0.965,0.1469016,0.035,0.8077551020408162,0.4482029858032353,6.845
2,scratch,foreground_rescue_10,50,random_matched,4,0.95,0.965,0.12037401,0.025,0.8082653061224491,0.45202891340906004,6.845
2,scratch,foreground_rescue_10,75,student,0,0.935,0.965,0.18250218,0.045,0.8106122448979591,0.45031164102567783,0.0
2,scratch,foreground_rescue_10,75,student,1,0.935,0.965,0.18250218,0.045,0.8106122448979591,0.45031164102567783,0.0
2,scratch,foreground_rescue_10,75,student,2,0.935,0.965,0.18250218,0.045,0.8106122448979591,0.45031164102567783,0.0
2,scratch,foreground_rescue_10,75,student,3,0.935,0.965,0.18250218,0.045,0.8106122448979591,0.45031164102567783,0.0
2,scratch,foreground_rescue_10,75,student,4,0.935,0.965,0.18250218,0.045,0.8106122448979591,0.45031164102567783,0.0
2,scratch,foreground_rescue_10,75,random,0,0.94,0.965,0.09405363,0.035,0.8246938775510205,0.48994748795493875,0.0
2,scratch,foreground_rescue_10,75,random,1,0.93,0.965,0.11544752,0.04,0.8235204081632653,0.4946262972715817,0.0
2,scratch,foreground_rescue_10,75,random,2,0.935,0.965,0.097691804,0.035,0.8219387755102041,0.47777470733476307,0.0
2,scratch,foreground_rescue_10,75,random,3,0.945,0.965,0.070126064,0.025,0.822857142857143,0.4756299304983063,0.0
2,scratch,foreground_rescue_10,75,random,4,0.945,0.965,0.13986777,0.035,0.8268877551020407,0.5175266882325791,0.0
2,scratch,foreground_rescue_10,75,random_rescue_10,0,0.94,0.965,0.1823037,0.04,0.8140306122448979,0.4644997461557017,10.0
2,scratch,foreground_rescue_10,75,random_rescue_10,1,0.92,0.965,0.16211748,0.055,0.8140306122448979,0.4625086275288716,10.0
2,scratch,foreground_rescue_10,75,random_rescue_10,2,0.955,0.965,0.12237301,0.025,0.8123979591836735,0.44036743128996925,10.0
2,scratch,foreground_rescue_10,75,random_rescue_10,3,0.925,0.965,0.19680575,0.06,0.8141836734693878,0.460758209337695,10.0
2,scratch,foreground_rescue_10,75,random_rescue_10,4,0.9,0.965,0.21320522,0.07,0.8144387755102042,0.45581812725034754,10.0
2,scratch,foreground_rescue_10,75,foreground_rescue_10,0,0.955,0.965,0.088057496,0.03,0.7412755102040817,0.14502145326798008,6.795
2,scratch,foreground_rescue_10,75,foreground_rescue_10,1,0.96,0.965,0.08625944,0.025,0.7412755102040817,0.14502145326798008,6.795
2,scratch,foreground_rescue_10,75,foreground_rescue_10,2,0.955,0.965,0.10264486,0.03,0.7412755102040817,0.14502145326798008,6.795
2,scratch,foreground_rescue_10,75,foreground_rescue_10,3,0.965,0.965,0.08170071,0.02,0.7412755102040817,0.14502145326798008,6.795
2,scratch,foreground_rescue_10,75,foreground_rescue_10,4,0.955,0.965,0.103349425,0.03,0.7412755102040817,0.14502145326798008,6.795
2,scratch,foreground_rescue_10,75,low_score_rescue_10,0,0.95,0.965,0.1503133,0.035,0.8091326530612244,0.44263665704964733,10.0
2,scratch,foreground_rescue_10,75,low_score_rescue_10,1,0.93,0.965,0.13648072,0.05,0.8094897959183674,0.44188622259774535,10.0
2,scratch,foreground_rescue_10,75,low_score_rescue_10,2,0.94,0.965,0.12943105,0.04,0.8092346938775509,0.4429805707351236,10.0
2,scratch,foreground_rescue_10,75,low_score_rescue_10,3,0.93,0.965,0.21168663,0.055,0.8086224489795919,0.44417218862682506,10.0
2,scratch,foreground_rescue_10,75,low_score_rescue_10,4,0.935,0.965,0.18741769,0.045,0.8089795918367346,0.4432176684322964,10.0
2,scratch,foreground_rescue_10,75,random_matched,0,0.935,0.965,0.18283005,0.045,0.8145408163265307,0.45523408800032217,6.795
2,scratch,foreground_rescue_10,75,random_matched,1,0.905,0.965,0.2257824,0.075,0.8129081632653061,0.4510737186203099,6.795
2,scratch,foreground_rescue_10,75,random_matched,2,0.915,0.965,0.22042906,0.065,0.8122448979591838,0.4538921136319322,6.795
2,scratch,foreground_rescue_10,75,random_matched,3,0.935,0.965,0.17623062,0.045,0.8127040816326531,0.4548972953511707,6.795
2,scratch,foreground_rescue_10,75,random_matched,4,0.94,0.965,0.14373174,0.04,0.8131632653061226,0.45720081415822855,6.795
2,scratch,foreground_rescue_10,100,student,0,0.91,0.965,0.17293452,0.065,0.803265306122449,0.4199357022990087,0.0
2,scratch,foreground_rescue_10,100,student,1,0.91,0.965,0.17293452,0.065,0.803265306122449,0.4199357022990087,0.0
2,scratch,foreground_rescue_10,100,student,2,0.91,0.965,0.17293452,0.065,0.803265306122449,0.4199357022990087,0.0
2,scratch,foreground_rescue_10,100,student,3,0.91,0.965,0.17293452,0.065,0.803265306122449,0.4199357022990087,0.0
2,scratch,foreground_rescue_10,100,student,4,0.91,0.965,0.17293452,0.065,0.803265306122449,0.4199357022990087,0.0
2,scratch,foreground_rescue_10,100,random,0,0.94,0.965,0.09405363,0.035,0.8246938775510205,0.48994748795493875,0.0
2,scratch,foreground_rescue_10,100,random,1,0.93,0.965,0.11544752,0.04,0.8235204081632653,0.4946262972715817,0.0
2,scratch,foreground_rescue_10,100,random,2,0.935,0.965,0.097691804,0.035,0.8219387755102041,0.47777470733476307,0.0
2,scratch,foreground_rescue_10,100,random,3,0.945,0.965,0.070126064,0.025,0.822857142857143,0.4756299304983063,0.0
2,scratch,foreground_rescue_10,100,random,4,0.945,0.965,0.13986777,0.035,0.8268877551020407,0.5175266882325791,0.0
2,scratch,foreground_rescue_10,100,random_rescue_10,0,0.925,0.965,0.16102721,0.05,0.8078571428571428,0.4452916487558015,10.0
2,scratch,foreground_rescue_10,100,random_rescue_10,1,0.925,0.965,0.11929816,0.045,0.8070408163265306,0.43899327077711464,10.0
2,scratch,foreground_rescue_10,100,random_rescue_10,2,0.94,0.965,0.15584521,0.04,0.8063775510204081,0.435452098564188,10.0
2,scratch,foreground_rescue_10,100,random_rescue_10,3,0.935,0.965,0.1315579,0.04,0.8073979591836735,0.43243628796967315,10.0
2,scratch,foreground_rescue_10,100,random_rescue_10,4,0.95,0.965,0.14366172,0.03,0.8071938775510205,0.4399922838232044,10.0
2,scratch,foreground_rescue_10,100,foreground_rescue_10,0,0.95,0.965,0.102652825,0.03,0.7363775510204081,0.13273246648767298,6.555
2,scratch,foreground_rescue_10,100,foreground_rescue_10,1,0.945,0.965,0.09705696,0.035,0.7363775510204081,0.13273246648767298,6.555
2,scratch,foreground_rescue_10,100,foreground_rescue_10,2,0.94,0.965,0.08862281,0.035,0.7363775510204081,0.13273246648767298,6.555
2,scratch,foreground_rescue_10,100,foreground_rescue_10,3,0.945,0.965,0.0837072,0.03,0.7363775510204081,0.13273246648767298,6.555
2,scratch,foreground_rescue_10,100,foreground_rescue_10,4,0.955,0.965,0.06885652,0.025,0.7363775510204081,0.13273246648767298,6.555
2,scratch,foreground_rescue_10,100,low_score_rescue_10,0,0.935,0.965,0.11258295,0.045,0.8020408163265306,0.4086784901503853,10.0
2,scratch,foreground_rescue_10,100,low_score_rescue_10,1,0.935,0.965,0.15527707,0.045,0.8026020408163265,0.41466339659451235,10.0
2,scratch,foreground_rescue_10,100,low_score_rescue_10,2,0.925,0.965,0.15396711,0.05,0.8022448979591837,0.4159245705658552,10.0
2,scratch,foreground_rescue_10,100,low_score_rescue_10,3,0.935,0.965,0.13660343,0.04,0.8030102040816327,0.42143487326802054,10.0
2,scratch,foreground_rescue_10,100,low_score_rescue_10,4,0.935,0.965,0.1209981,0.04,0.8032142857142859,0.413282712544044,10.0
2,scratch,foreground_rescue_10,100,random_matched,0,0.935,0.965,0.108480856,0.04,0.8069897959183673,0.4269072232171437,6.555
2,scratch,foreground_rescue_10,100,random_matched,1,0.92,0.965,0.12372859,0.055,0.8062755102040816,0.42569789131276187,6.555
2,scratch,foreground_rescue_10,100,random_matched,2,0.92,0.965,0.17655502,0.055,0.8055612244897958,0.4237772119928192,6.555
2,scratch,foreground_rescue_10,100,random_matched,3,0.925,0.965,0.1546227,0.05,0.8050510204081632,0.4239055469047434,6.555
2,scratch,foreground_rescue_10,100,random_matched,4,0.935,0.965,0.12795798,0.04,0.8057142857142857,0.42561788482076446,6.555
2,scratch,full,0,student,0,0.85,0.965,0.35167298,0.125,0.8288265306122449,0.5289082416411598,0.0
2,scratch,full,0,student,1,0.85,0.965,0.35167298,0.125,0.8288265306122449,0.5289082416411598,0.0
2,scratch,full,0,student,2,0.85,0.965,0.35167298,0.125,0.8288265306122449,0.5289082416411598,0.0
2,scratch,full,0,student,3,0.85,0.965,0.35167298,0.125,0.8288265306122449,0.5289082416411598,0.0
2,scratch,full,0,student,4,0.85,0.965,0.35167298,0.125,0.8288265306122449,0.5289082416411598,0.0
2,scratch,full,0,random,0,0.94,0.965,0.09405363,0.035,0.8246938775510205,0.48994748795493875,0.0
2,scratch,full,0,random,1,0.93,0.965,0.11544752,0.04,0.8235204081632653,0.4946262972715817,0.0
2,scratch,full,0,random,2,0.935,0.965,0.097691804,0.035,0.8219387755102041,0.47777470733476307,0.0
2,scratch,full,0,random,3,0.945,0.965,0.070126064,0.025,0.822857142857143,0.4756299304983063,0.0
2,scratch,full,0,random,4,0.945,0.965,0.13986777,0.035,0.8268877551020407,0.5175266882325791,0.0
2,scratch,full,0,random_rescue_10,0,0.91,0.965,0.22477701,0.07,0.8279591836734693,0.5297952212841659,10.0
2,scratch,full,0,random_rescue_10,1,0.905,0.965,0.2715511,0.075,0.8267857142857141,0.5120509493018813,10.0
2,scratch,full,0,random_rescue_10,2,0.905,0.965,0.22881329,0.075,0.8293367346938776,0.5204424609832882,10.0
2,scratch,full,0,random_rescue_10,3,0.905,0.965,0.22220482,0.07,0.8265306122448979,0.5220195745378604,10.0
2,scratch,full,0,random_rescue_10,4,0.895,0.965,0.27121213,0.085,0.8272959183673468,0.5200385806748371,10.0
2,scratch,full,0,foreground_rescue_10,0,0.93,0.965,0.11801019,0.04,0.7564285714285713,0.19589938736602122,7.095
2,scratch,full,0,foreground_rescue_10,1,0.92,0.965,0.13380335,0.05,0.7564285714285713,0.19589938736602122,7.095
2,scratch,full,0,foreground_rescue_10,2,0.915,0.965,0.121814616,0.055,0.7564285714285713,0.19589938736602122,7.095
2,scratch,full,0,foreground_rescue_10,3,0.93,0.965,0.10807913,0.04,0.7564285714285713,0.19589938736602122,7.095
2,scratch,full,0,foreground_rescue_10,4,0.935,0.965,0.10407362,0.035,0.7564285714285713,0.19589938736602122,7.095
2,scratch,full,0,low_score_rescue_10,0,0.905,0.965,0.26826248,0.07,0.8264795918367347,0.5194992970738067,10.0
2,scratch,full,0,low_score_rescue_10,1,0.89,0.965,0.27633974,0.09,0.8271938775510205,0.5216203266099927,10.0
2,scratch,full,0,low_score_rescue_10,2,0.915,0.965,0.20765367,0.06,0.827704081632653,0.5156364459866647,10.0
2,scratch,full,0,low_score_rescue_10,3,0.895,0.965,0.25167763,0.08,0.8250510204081632,0.5145200166550582,10.0
2,scratch,full,0,low_score_rescue_10,4,0.88,0.965,0.28584746,0.1,0.8268367346938774,0.5198745945298533,10.0
2,scratch,full,0,random_matched,0,0.895,0.965,0.2568129,0.08,0.8270408163265307,0.5196950702616964,7.095
2,scratch,full,0,random_matched,1,0.87,0.965,0.31733587,0.105,0.8262244897959183,0.5176364137422129,7.095
2,scratch,full,0,random_matched,2,0.88,0.965,0.27037364,0.095,0.8271428571428571,0.5205411724656567,7.095
2,scratch,full,0,random_matched,3,0.865,0.965,0.30881935,0.11,0.8252551020408163,0.5172401860247521,7.095
2,scratch,full,0,random_matched,4,0.87,0.965,0.2926984,0.105,0.8283163265306122,0.5220698682116409,7.095
2,scratch,full,10,student,0,0.885,0.965,0.2478556,0.095,0.8222448979591838,0.49283641835973496,0.0
2,scratch,full,10,student,1,0.885,0.965,0.2478556,0.095,0.8222448979591838,0.49283641835973496,0.0
2,scratch,full,10,student,2,0.885,0.965,0.2478556,0.095,0.8222448979591838,0.49283641835973496,0.0
2,scratch,full,10,student,3,0.885,0.965,0.2478556,0.095,0.8222448979591838,0.49283641835973496,0.0
2,scratch,full,10,student,4,0.885,0.965,0.2478556,0.095,0.8222448979591838,0.49283641835973496,0.0
2,scratch,full,10,random,0,0.94,0.965,0.09405363,0.035,0.8246938775510205,0.48994748795493875,0.0
2,scratch,full,10,random,1,0.93,0.965,0.11544752,0.04,0.8235204081632653,0.4946262972715817,0.0
2,scratch,full,10,random,2,0.935,0.965,0.097691804,0.035,0.8219387755102041,0.47777470733476307,0.0
2,scratch,full,10,random,3,0.945,0.965,0.070126064,0.025,0.822857142857143,0.4756299304983063,0.0
2,scratch,full,10,random,4,0.945,0.965,0.13986777,0.035,0.8268877551020407,0.5175266882325791,0.0
2,scratch,full,10,random_rescue_10,0,0.915,0.965,0.16837583,0.065,0.8213265306122449,0.48292974447704645,10.0
2,scratch,full,10,random_rescue_10,1,0.9,0.965,0.16716085,0.075,0.8230612244897959,0.49667661283011244,10.0
2,scratch,full,10,random_rescue_10,2,0.905,0.965,0.19809796,0.07,0.8228571428571427,0.49605151674395426,10.0
2,scratch,full,10,random_rescue_10,3,0.9,0.965,0.22020212,0.075,0.8226020408163265,0.5077735997590626,10.0
2,scratch,full,10,random_rescue_10,4,0.91,0.965,0.17270122,0.06,0.8240816326530611,0.5033284318063816,10.0
2,scratch,full,10,foreground_rescue_10,0,0.945,0.965,0.11141495,0.035,0.7518877551020409,0.17145326698446156,6.895
2,scratch,full,10,foreground_rescue_10,1,0.95,0.965,0.09722703,0.03,0.7518877551020409,0.17145326698446156,6.895
2,scratch,full,10,foreground_rescue_10,2,0.95,0.965,0.10703072,0.03,0.7518877551020409,0.17145326698446156,6.895
2,scratch,full,10,foreground_rescue_10,3,0.955,0.965,0.102549836,0.025,0.7518877551020409,0.17145326698446156,6.895
2,scratch,full,10,foreground_rescue_10,4,0.95,0.965,0.12139777,0.03,0.7518877551020409,0.17145326698446156,6.895
2,scratch,full,10,low_score_rescue_10,0,0.92,0.965,0.15874092,0.055,0.8204081632653062,0.4839757825065126,10.0
2,scratch,full,10,low_score_rescue_10,1,0.905,0.965,0.2171476,0.075,0.8210714285714286,0.4903951287603941,10.0
2,scratch,full,10,low_score_rescue_10,2,0.895,0.965,0.22502334,0.08,0.8218367346938775,0.49250296026967355,10.0
2,scratch,full,10,low_score_rescue_10,3,0.905,0.965,0.20836926,0.075,0.8212244897959183,0.4929991518971099,10.0
2,scratch,full,10,low_score_rescue_10,4,0.9,0.965,0.20587058,0.075,0.8217857142857141,0.4942853348985264,10.0
2,scratch,full,10,random_matched,0,0.905,0.965,0.20657963,0.075,0.8225510204081633,0.490840211898887,6.895
2,scratch,full,10,random_matched,1,0.925,0.965,0.18856531,0.055,0.8204081632653061,0.4871169835853661,6.895
2,scratch,full,10,random_matched,2,0.905,0.965,0.18817386,0.07,0.8212755102040816,0.484603417489157,6.895
2,scratch,full,10,random_matched,3,0.92,0.965,0.20350681,0.06,0.8219897959183673,0.48589697740559584,6.895
2,scratch,full,10,random_matched,4,0.92,0.965,0.16226032,0.06,0.8231122448979592,0.48458837499211854,6.895
2,scratch,full,25,student,0,0.925,0.965,0.15685326,0.055,0.7957142857142857,0.40386089982578255,0.0
2,scratch,full,25,student,1,0.925,0.965,0.15685326,0.055,0.7957142857142857,0.40386089982578255,0.0
2,scratch,full,25,student,2,0.925,0.965,0.15685326,0.055,0.7957142857142857,0.40386089982578255,0.0
2,scratch,full,25,student,3,0.925,0.965,0.15685326,0.055,0.7957142857142857,0.40386089982578255,0.0
2,scratch,full,25,student,4,0.925,0.965,0.15685326,0.055,0.7957142857142857,0.40386089982578255,0.0
2,scratch,full,25,random,0,0.94,0.965,0.09405363,0.035,0.8246938775510205,0.48994748795493875,0.0
2,scratch,full,25,random,1,0.93,0.965,0.11544752,0.04,0.8235204081632653,0.4946262972715817,0.0
2,scratch,full,25,random,2,0.935,0.965,0.097691804,0.035,0.8219387755102041,0.47777470733476307,0.0
2,scratch,full,25,random,3,0.945,0.965,0.070126064,0.025,0.822857142857143,0.4756299304983063,0.0
2,scratch,full,25,random,4,0.945,0.965,0.13986777,0.035,0.8268877551020407,0.5175266882325791,0.0
2,scratch,full,25,random_rescue_10,0,0.925,0.965,0.15395589,0.055,0.8,0.4187197155226276,10.0
2,scratch,full,25,random_rescue_10,1,0.925,0.965,0.116716765,0.045,0.8040306122448979,0.425436407024953,10.0
2,scratch,full,25,random_rescue_10,2,0.935,0.965,0.136925,0.04,0.8024489795918367,0.4329676483557208,10.0
2,scratch,full,25,random_rescue_10,3,0.92,0.965,0.14121424,0.05,0.8000510204081632,0.4231004657083513,10.0
2,scratch,full,25,random_rescue_10,4,0.915,0.965,0.17919138,0.065,0.8012244897959184,0.4230201692456373,10.0
2,scratch,full,25,foreground_rescue_10,0,0.95,0.965,0.07971415,0.025,0.729795918367347,0.13168637092394023,6.46
2,scratch,full,25,foreground_rescue_10,1,0.95,0.965,0.07225206,0.025,0.729795918367347,0.13168637092394023,6.46
2,scratch,full,25,foreground_rescue_10,2,0.955,0.965,0.0837964,0.02,0.729795918367347,0.13168637092394023,6.46
2,scratch,full,25,foreground_rescue_10,3,0.945,0.965,0.10754505,0.03,0.729795918367347,0.13168637092394023,6.46
2,scratch,full,25,foreground_rescue_10,4,0.95,0.965,0.07487487,0.025,0.729795918367347,0.13168637092394023,6.46
2,scratch,full,25,low_score_rescue_10,0,0.935,0.965,0.10301283,0.035,0.7954081632653062,0.40069024116663776,10.0
2,scratch,full,25,low_score_rescue_10,1,0.945,0.965,0.082690656,0.025,0.797295918367347,0.4033375671241083,10.0
2,scratch,full,25,low_score_rescue_10,2,0.945,0.965,0.10112974,0.03,0.7965816326530611,0.40105830767977596,10.0
2,scratch,full,25,low_score_rescue_10,3,0.945,0.965,0.09966926,0.03,0.797091836734694,0.4058744654119178,10.0
2,scratch,full,25,low_score_rescue_10,4,0.95,0.965,0.11182577,0.025,0.7960204081632654,0.39643280224805766,10.0
2,scratch,full,25,random_matched,0,0.955,0.965,0.09274101,0.025,0.7987244897959184,0.40512334311044,6.46
2,scratch,full,25,random_matched,1,0.93,0.965,0.1501352,0.05,0.8004591836734695,0.4121714604852059,6.46
2,scratch,full,25,random_matched,2,0.945,0.965,0.13983987,0.035,0.8011224489795918,0.4094127153580004,6.46
2,scratch,full,25,random_matched,3,0.94,0.965,0.12072607,0.04,0.7995918367346939,0.4014184008581326,6.46
2,scratch,full,25,random_matched,4,0.935,0.965,0.11791481,0.045,0.7986224489795919,0.40508126462164223,6.46
2,scratch,full,50,student,0,0.915,0.965,0.21321808,0.06,0.8137244897959184,0.46052294918375797,0.0
2,scratch,full,50,student,1,0.915,0.965,0.21321808,0.06,0.8137244897959184,0.46052294918375797,0.0
2,scratch,full,50,student,2,0.915,0.965,0.21321808,0.06,0.8137244897959184,0.46052294918375797,0.0
2,scratch,full,50,student,3,0.915,0.965,0.21321808,0.06,0.8137244897959184,0.46052294918375797,0.0
2,scratch,full,50,student,4,0.915,0.965,0.21321808,0.06,0.8137244897959184,0.46052294918375797,0.0
2,scratch,full,50,random,0,0.94,0.965,0.09405363,0.035,0.8246938775510205,0.48994748795493875,0.0
2,scratch,full,50,random,1,0.93,0.965,0.11544752,0.04,0.8235204081632653,0.4946262972715817,0.0
2,scratch,full,50,random,2,0.935,0.965,0.097691804,0.035,0.8219387755102041,0.47777470733476307,0.0
2,scratch,full,50,random,3,0.945,0.965,0.070126064,0.025,0.822857142857143,0.4756299304983063,0.0
2,scratch,full,50,random,4,0.945,0.965,0.13986777,0.035,0.8268877551020407,0.5175266882325791,0.0
2,scratch,full,50,random_rescue_10,0,0.905,0.965,0.16362004,0.06,0.8156122448979591,0.47167849937180145,10.0
2,scratch,full,50,random_rescue_10,1,0.925,0.965,0.15717845,0.045,0.8168367346938775,0.4746611714498583,10.0
2,scratch,full,50,random_rescue_10,2,0.93,0.965,0.18983883,0.045,0.8151020408163265,0.47177285260780083,10.0
2,scratch,full,50,random_rescue_10,3,0.925,0.965,0.17278583,0.045,0.8155612244897961,0.46885882543111923,10.0
2,scratch,full,50,random_rescue_10,4,0.91,0.965,0.16997328,0.06,0.8174489795918367,0.4668863304311618,10.0
2,scratch,full,50,foreground_rescue_10,0,0.94,0.965,0.0835461,0.03,0.7448979591836735,0.15540159184885435,6.745
2,scratch,full,50,foreground_rescue_10,1,0.95,0.965,0.0775923,0.025,0.7448979591836735,0.15540159184885435,6.745
2,scratch,full,50,foreground_rescue_10,2,0.945,0.965,0.077639446,0.025,0.7448979591836735,0.15540159184885435,6.745
2,scratch,full,50,foreground_rescue_10,3,0.955,0.965,0.08024471,0.02,0.7448979591836735,0.15540159184885435,6.745
2,scratch,full,50,foreground_rescue_10,4,0.945,0.965,0.09608355,0.03,0.7448979591836735,0.15540159184885435,6.745
2,scratch,full,50,low_score_rescue_10,0,0.895,0.965,0.21166126,0.075,0.8119897959183673,0.44973372604141454,10.0
2,scratch,full,50,low_score_rescue_10,1,0.91,0.965,0.1602713,0.055,0.8132142857142859,0.4521273385237127,10.0
2,scratch,full,50,low_score_rescue_10,2,0.92,0.965,0.13453169,0.05,0.8128571428571427,0.44828064943522933,10.0
2,scratch,full,50,low_score_rescue_10,3,0.89,0.965,0.18131141,0.075,0.8126530612244899,0.4517321558144998,10.0
2,scratch,full,50,low_score_rescue_10,4,0.895,0.965,0.20980781,0.075,0.8131632653061225,0.45324993246352663,10.0
2,scratch,full,50,random_matched,0,0.915,0.965,0.19073044,0.06,0.8144387755102039,0.4620126391603797,6.745
2,scratch,full,50,random_matched,1,0.93,0.965,0.15852657,0.045,0.8140306122448979,0.4608859011717991,6.745
2,scratch,full,50,random_matched,2,0.92,0.965,0.18278404,0.05,0.8142857142857143,0.4585636644830052,6.745
2,scratch,full,50,random_matched,3,0.9,0.965,0.216521,0.07,0.8140306122448979,0.4564158097101843,6.745
2,scratch,full,50,random_matched,4,0.93,0.965,0.12930848,0.04,0.8128061224489795,0.45519463732591814,6.745
2,scratch,full,75,student,0,0.915,0.965,0.16401926,0.055,0.8057653061224488,0.45491792073676557,0.0
2,scratch,full,75,student,1,0.915,0.965,0.16401926,0.055,0.8057653061224488,0.45491792073676557,0.0
2,scratch,full,75,student,2,0.915,0.965,0.16401926,0.055,0.8057653061224488,0.45491792073676557,0.0
2,scratch,full,75,student,3,0.915,0.965,0.16401926,0.055,0.8057653061224488,0.45491792073676557,0.0
2,scratch,full,75,student,4,0.915,0.965,0.16401926,0.055,0.8057653061224488,0.45491792073676557,0.0
2,scratch,full,75,random,0,0.94,0.965,0.09405363,0.035,0.8246938775510205,0.48994748795493875,0.0
2,scratch,full,75,random,1,0.93,0.965,0.11544752,0.04,0.8235204081632653,0.4946262972715817,0.0
2,scratch,full,75,random,2,0.935,0.965,0.097691804,0.035,0.8219387755102041,0.47777470733476307,0.0
2,scratch,full,75,random,3,0.945,0.965,0.070126064,0.025,0.822857142857143,0.4756299304983063,0.0
2,scratch,full,75,random,4,0.945,0.965,0.13986777,0.035,0.8268877551020407,0.5175266882325791,0.0
2,scratch,full,75,random_rescue_10,0,0.93,0.965,0.119299605,0.04,0.8083163265306123,0.45524075824211335,10.0
2,scratch,full,75,random_rescue_10,1,0.915,0.965,0.1567601,0.055,0.8099489795918366,0.4595614253322498,10.0
2,scratch,full,75,random_rescue_10,2,0.91,0.965,0.17182034,0.055,0.8078061224489796,0.4560918219873584,10.0
2,scratch,full,75,random_rescue_10,3,0.92,0.965,0.14117335,0.05,0.8096428571428572,0.4621630850968127,10.0
2,scratch,full,75,random_rescue_10,4,0.93,0.965,0.12610403,0.04,0.8091836734693877,0.45296409261870474,10.0
2,scratch,full,75,foreground_rescue_10,0,0.955,0.965,0.0603848,0.015,0.7370408163265306,0.14261654930656031,6.735
2,scratch,full,75,foreground_rescue_10,1,0.95,0.965,0.07037156,0.02,0.7370408163265306,0.14261654930656031,6.735
2,scratch,full,75,foreground_rescue_10,2,0.95,0.965,0.060994558,0.02,0.7370408163265306,0.14261654930656031,6.735
2,scratch,full,75,foreground_rescue_10,3,0.945,0.965,0.06709909,0.025,0.7370408163265306,0.14261654930656031,6.735
2,scratch,full,75,foreground_rescue_10,4,0.95,0.965,0.060171474,0.02,0.7370408163265306,0.14261654930656031,6.735
2,scratch,full,75,low_score_rescue_10,0,0.915,0.965,0.14995246,0.05,0.8039795918367346,0.43965354706400317,10.0
2,scratch,full,75,low_score_rescue_10,1,0.915,0.965,0.18636173,0.055,0.8050510204081632,0.4498111918113841,10.0
2,scratch,full,75,low_score_rescue_10,2,0.9,0.965,0.20621675,0.065,0.8052040816326531,0.44517621867488133,10.0
2,scratch,full,75,low_score_rescue_10,3,0.905,0.965,0.18904608,0.06,0.8060204081632654,0.4438619763796316,10.0
2,scratch,full,75,low_score_rescue_10,4,0.915,0.965,0.17844567,0.05,0.8050510204081632,0.44922001021292196,10.0
2,scratch,full,75,random_matched,0,0.925,0.965,0.1559898,0.045,0.8089795918367346,0.46312279925482724,6.735
2,scratch,full,75,random_matched,1,0.925,0.965,0.1707564,0.045,0.8066326530612244,0.45462558454240826,6.735
2,scratch,full,75,random_matched,2,0.945,0.965,0.12717539,0.025,0.8085204081632653,0.45654667352910483,6.735
2,scratch,full,75,random_matched,3,0.925,0.965,0.15391971,0.045,0.8089285714285714,0.4593928748661253,6.735
2,scratch,full,75,random_matched,4,0.925,0.965,0.1663059,0.045,0.81,0.4560019622712207,6.735
2,scratch,full,100,student,0,0.91,0.965,0.15137191,0.055,0.8089285714285714,0.4478027001653004,0.0
2,scratch,full,100,student,1,0.91,0.965,0.15137191,0.055,0.8089285714285714,0.4478027001653004,0.0
2,scratch,full,100,student,2,0.91,0.965,0.15137191,0.055,0.8089285714285714,0.4478027001653004,0.0
2,scratch,full,100,student,3,0.91,0.965,0.15137191,0.055,0.8089285714285714,0.4478027001653004,0.0
2,scratch,full,100,student,4,0.91,0.965,0.15137191,0.055,0.8089285714285714,0.4478027001653004,0.0
2,scratch,full,100,random,0,0.94,0.965,0.09405363,0.035,0.8246938775510205,0.48994748795493875,0.0
2,scratch,full,100,random,1,0.93,0.965,0.11544752,0.04,0.8235204081632653,0.4946262972715817,0.0
2,scratch,full,100,random,2,0.935,0.965,0.097691804,0.035,0.8219387755102041,0.47777470733476307,0.0
2,scratch,full,100,random,3,0.945,0.965,0.070126064,0.025,0.822857142857143,0.4756299304983063,0.0
2,scratch,full,100,random,4,0.945,0.965,0.13986777,0.035,0.8268877551020407,0.5175266882325791,0.0
2,scratch,full,100,random_rescue_10,0,0.915,0.965,0.11269303,0.05,0.8127551020408162,0.46211831849532903,10.0
2,scratch,full,100,random_rescue_10,1,0.905,0.965,0.16885369,0.06,0.8120408163265307,0.45845968094484724,10.0
2,scratch,full,100,random_rescue_10,2,0.925,0.965,0.15092862,0.045,0.8113775510204081,0.45341679442985766,10.0
2,scratch,full,100,random_rescue_10,3,0.885,0.965,0.19675519,0.085,0.8116326530612246,0.4570512344825738,10.0
2,scratch,full,100,random_rescue_10,4,0.915,0.965,0.14534576,0.05,0.8109183673469387,0.44932031249892174,10.0
2,scratch,full,100,foreground_rescue_10,0,0.945,0.965,0.060851946,0.025,0.7398469387755102,0.14770744513644093,6.77
2,scratch,full,100,foreground_rescue_10,1,0.945,0.965,0.07651407,0.025,0.7398469387755102,0.14770744513644093,6.77
2,scratch,full,100,foreground_rescue_10,2,0.95,0.965,0.07221439,0.02,0.7398469387755102,0.14770744513644093,6.77
2,scratch,full,100,foreground_rescue_10,3,0.945,0.965,0.07661798,0.025,0.7398469387755102,0.14770744513644093,6.77
2,scratch,full,100,foreground_rescue_10,4,0.93,0.965,0.08851327,0.04,0.7398469387755102,0.14770744513644093,6.77
2,scratch,full,100,low_score_rescue_10,0,0.88,0.965,0.21749859,0.085,0.8052551020408163,0.43684043480041435,10.0
2,scratch,full,100,low_score_rescue_10,1,0.905,0.965,0.18992238,0.06,0.8068877551020408,0.43606530072713695,10.0
2,scratch,full,100,low_score_rescue_10,2,0.89,0.965,0.18156785,0.075,0.8071938775510205,0.4448013436678275,10.0
2,scratch,full,100,low_score_rescue_10,3,0.905,0.965,0.13259421,0.06,0.806734693877551,0.4410531438735648,10.0
2,scratch,full,100,low_score_rescue_10,4,0.905,0.965,0.19830538,0.06,0.8060714285714287,0.438389023483881,10.0
2,scratch,full,100,random_matched,0,0.91,0.965,0.14604281,0.055,0.8111734693877551,0.4464843475308457,6.77
2,scratch,full,100,random_matched,1,0.915,0.965,0.12968361,0.05,0.8093367346938776,0.44643016948165787,6.77
2,scratch,full,100,random_matched,2,0.91,0.965,0.13714324,0.055,0.8092346938775509,0.44389532272516846,6.77
2,scratch,full,100,random_matched,3,0.915,0.965,0.122200765,0.05,0.8119387755102041,0.4521613830749556,6.77
2,scratch,full,100,random_matched,4,0.915,0.965,0.1231361,0.05,0.8105612244897958,0.44835420777386653,6.77
2,scratch,low_score_rescue_10,0,student,0,0.85,0.965,0.35167298,0.125,0.8288265306122449,0.5289082416411598,0.0
2,scratch,low_score_rescue_10,0,student,1,0.85,0.965,0.35167298,0.125,0.8288265306122449,0.5289082416411598,0.0
2,scratch,low_score_rescue_10,0,student,2,0.85,0.965,0.35167298,0.125,0.8288265306122449,0.5289082416411598,0.0
2,scratch,low_score_rescue_10,0,student,3,0.85,0.965,0.35167298,0.125,0.8288265306122449,0.5289082416411598,0.0
2,scratch,low_score_rescue_10,0,student,4,0.85,0.965,0.35167298,0.125,0.8288265306122449,0.5289082416411598,0.0
2,scratch,low_score_rescue_10,0,random,0,0.94,0.965,0.09405363,0.035,0.8246938775510205,0.48994748795493875,0.0
2,scratch,low_score_rescue_10,0,random,1,0.93,0.965,0.11544752,0.04,0.8235204081632653,0.4946262972715817,0.0
2,scratch,low_score_rescue_10,0,random,2,0.935,0.965,0.097691804,0.035,0.8219387755102041,0.47777470733476307,0.0
2,scratch,low_score_rescue_10,0,random,3,0.945,0.965,0.070126064,0.025,0.822857142857143,0.4756299304983063,0.0
2,scratch,low_score_rescue_10,0,random,4,0.945,0.965,0.13986777,0.035,0.8268877551020407,0.5175266882325791,0.0
2,scratch,low_score_rescue_10,0,random_rescue_10,0,0.91,0.965,0.22477701,0.07,0.8279591836734693,0.5297952212841659,10.0
2,scratch,low_score_rescue_10,0,random_rescue_10,1,0.905,0.965,0.2715511,0.075,0.8267857142857141,0.5120509493018813,10.0
2,scratch,low_score_rescue_10,0,random_rescue_10,2,0.905,0.965,0.22881329,0.075,0.8293367346938776,0.5204424609832882,10.0
2,scratch,low_score_rescue_10,0,random_rescue_10,3,0.905,0.965,0.22220482,0.07,0.8265306122448979,0.5220195745378604,10.0
2,scratch,low_score_rescue_10,0,random_rescue_10,4,0.895,0.965,0.27121213,0.085,0.8272959183673468,0.5200385806748371,10.0
2,scratch,low_score_rescue_10,0,foreground_rescue_10,0,0.93,0.965,0.11801019,0.04,0.7564285714285713,0.19589938736602122,7.095
2,scratch,low_score_rescue_10,0,foreground_rescue_10,1,0.92,0.965,0.13380335,0.05,0.7564285714285713,0.19589938736602122,7.095
2,scratch,low_score_rescue_10,0,foreground_rescue_10,2,0.915,0.965,0.121814616,0.055,0.7564285714285713,0.19589938736602122,7.095
2,scratch,low_score_rescue_10,0,foreground_rescue_10,3,0.93,0.965,0.10807913,0.04,0.7564285714285713,0.19589938736602122,7.095
2,scratch,low_score_rescue_10,0,foreground_rescue_10,4,0.935,0.965,0.10407362,0.035,0.7564285714285713,0.19589938736602122,7.095
2,scratch,low_score_rescue_10,0,low_score_rescue_10,0,0.905,0.965,0.26826248,0.07,0.8264795918367347,0.5194992970738067,10.0
2,scratch,low_score_rescue_10,0,low_score_rescue_10,1,0.89,0.965,0.27633974,0.09,0.8271938775510205,0.5216203266099927,10.0
2,scratch,low_score_rescue_10,0,low_score_rescue_10,2,0.915,0.965,0.20765367,0.06,0.827704081632653,0.5156364459866647,10.0
2,scratch,low_score_rescue_10,0,low_score_rescue_10,3,0.895,0.965,0.25167763,0.08,0.8250510204081632,0.5145200166550582,10.0
2,scratch,low_score_rescue_10,0,low_score_rescue_10,4,0.88,0.965,0.28584746,0.1,0.8268367346938774,0.5198745945298533,10.0
2,scratch,low_score_rescue_10,0,random_matched,0,0.895,0.965,0.2568129,0.08,0.8270408163265307,0.5196950702616964,7.095
2,scratch,low_score_rescue_10,0,random_matched,1,0.87,0.965,0.31733587,0.105,0.8262244897959183,0.5176364137422129,7.095
2,scratch,low_score_rescue_10,0,random_matched,2,0.88,0.965,0.27037364,0.095,0.8271428571428571,0.5205411724656567,7.095
2,scratch,low_score_rescue_10,0,random_matched,3,0.865,0.965,0.30881935,0.11,0.8252551020408163,0.5172401860247521,7.095
2,scratch,low_score_rescue_10,0,random_matched,4,0.87,0.965,0.2926984,0.105,0.8283163265306122,0.5220698682116409,7.095
2,scratch,low_score_rescue_10,10,student,0,0.885,0.965,0.24047822,0.08,0.8063265306122449,0.4238498500659062,0.0
2,scratch,low_score_rescue_10,10,student,1,0.885,0.965,0.24047822,0.08,0.8063265306122449,0.4238498500659062,0.0
2,scratch,low_score_rescue_10,10,student,2,0.885,0.965,0.24047822,0.08,0.8063265306122449,0.4238498500659062,0.0
2,scratch,low_score_rescue_10,10,student,3,0.885,0.965,0.24047822,0.08,0.8063265306122449,0.4238498500659062,0.0
2,scratch,low_score_rescue_10,10,student,4,0.885,0.965,0.24047822,0.08,0.8063265306122449,0.4238498500659062,0.0
2,scratch,low_score_rescue_10,10,random,0,0.94,0.965,0.09405363,0.035,0.8246938775510205,0.48994748795493875,0.0
2,scratch,low_score_rescue_10,10,random,1,0.93,0.965,0.11544752,0.04,0.8235204081632653,0.4946262972715817,0.0
2,scratch,low_score_rescue_10,10,random,2,0.935,0.965,0.097691804,0.035,0.8219387755102041,0.47777470733476307,0.0
2,scratch,low_score_rescue_10,10,random,3,0.945,0.965,0.070126064,0.025,0.822857142857143,0.4756299304983063,0.0
2,scratch,low_score_rescue_10,10,random,4,0.945,0.965,0.13986777,0.035,0.8268877551020407,0.5175266882325791,0.0
2,scratch,low_score_rescue_10,10,random_rescue_10,0,0.91,0.965,0.17835279,0.06,0.8095408163265307,0.42576579708028434,10.0
2,scratch,low_score_rescue_10,10,random_rescue_10,1,0.905,0.965,0.18096806,0.06,0.8098979591836735,0.4387653625049761,10.0
2,scratch,low_score_rescue_10,10,random_rescue_10,2,0.91,0.965,0.17373638,0.055,0.8093367346938776,0.4342620247728761,10.0
2,scratch,low_score_rescue_10,10,random_rescue_10,3,0.915,0.965,0.18057805,0.05,0.8122959183673469,0.4419309879750137,10.0
2,scratch,low_score_rescue_10,10,random_rescue_10,4,0.905,0.965,0.15372334,0.06,0.8110204081632654,0.4338282585084599,10.0
2,scratch,low_score_rescue_10,10,foreground_rescue_10,0,0.945,0.965,0.058489095,0.025,0.7412755102040817,0.14702300588042144,6.375
2,scratch,low_score_rescue_10,10,foreground_rescue_10,1,0.945,0.965,0.06446022,0.025,0.7412755102040817,0.14702300588042144,6.375
2,scratch,low_score_rescue_10,10,foreground_rescue_10,2,0.945,0.965,0.07594699,0.025,0.7412755102040817,0.14702300588042144,6.375
2,scratch,low_score_rescue_10,10,foreground_rescue_10,3,0.945,0.965,0.06167718,0.025,0.7412755102040817,0.14702300588042144,6.375
2,scratch,low_score_rescue_10,10,foreground_rescue_10,4,0.94,0.965,0.08552493,0.03,0.7412755102040817,0.14702300588042144,6.375
2,scratch,low_score_rescue_10,10,low_score_rescue_10,0,0.9,0.965,0.19678302,0.07,0.8061224489795918,0.42172906898539747,10.0
2,scratch,low_score_rescue_10,10,low_score_rescue_10,1,0.895,0.965,0.2332637,0.07,0.8048469387755103,0.41282064849797384,10.0
2,scratch,low_score_rescue_10,10,low_score_rescue_10,2,0.91,0.965,0.18791407,0.055,0.8047959183673469,0.4162826382783506,10.0
2,scratch,low_score_rescue_10,10,low_score_rescue_10,3,0.895,0.965,0.19067198,0.07,0.8054081632653061,0.41889849009517655,10.0
2,scratch,low_score_rescue_10,10,low_score_rescue_10,4,0.91,0.965,0.16370842,0.055,0.8047448979591836,0.4175248184537778,10.0
2,scratch,low_score_rescue_10,10,random_matched,0,0.89,0.965,0.2438142,0.075,0.8078061224489795,0.4247258441338055,6.375
2,scratch,low_score_rescue_10,10,random_matched,1,0.9,0.965,0.18487091,0.065,0.8063265306122449,0.41765422689955795,6.375
2,scratch,low_score_rescue_10,10,random_matched,2,0.91,0.965,0.2134155,0.055,0.8058163265306123,0.4167211770241701,6.375
2,scratch,low_score_rescue_10,10,random_matched,3,0.9,0.965,0.19376335,0.065,0.8064795918367347,0.4236023239782981,6.375
2,scratch,low_score_rescue_10,10,random_matched,4,0.9,0.965,0.20867088,0.065,0.8078061224489795,0.42917409477136137,6.375
2,scratch,low_score_rescue_10,25,student,0,0.89,0.965,0.22213227,0.075,0.7989795918367346,0.409542644765911,0.0
2,scratch,low_score_rescue_10,25,student,1,0.89,0.965,0.22213227,0.075,0.7989795918367346,0.409542644765911,0.0
2,scratch,low_score_rescue_10,25,student,2,0.89,0.965,0.22213227,0.075,0.7989795918367346,0.409542644765911,0.0
2,scratch,low_score_rescue_10,25,student,3,0.89,0.965,0.22213227,0.075,0.7989795918367346,0.409542644765911,0.0
2,scratch,low_score_rescue_10,25,student,4,0.89,0.965,0.22213227,0.075,0.7989795918367346,0.409542644765911,0.0
2,scratch,low_score_rescue_10,25,random,0,0.94,0.965,0.09405363,0.035,0.8246938775510205,0.48994748795493875,0.0
2,scratch,low_score_rescue_10,25,random,1,0.93,0.965,0.11544752,0.04,0.8235204081632653,0.4946262972715817,0.0
2,scratch,low_score_rescue_10,25,random,2,0.935,0.965,0.097691804,0.035,0.8219387755102041,0.47777470733476307,0.0
2,scratch,low_score_rescue_10,25,random,3,0.945,0.965,0.070126064,0.025,0.822857142857143,0.4756299304983063,0.0
2,scratch,low_score_rescue_10,25,random,4,0.945,0.965,0.13986777,0.035,0.8268877551020407,0.5175266882325791,0.0
2,scratch,low_score_rescue_10,25,random_rescue_10,0,0.925,0.965,0.14552237,0.045,0.8048979591836735,0.42138724214722684,10.0
2,scratch,low_score_rescue_10,25,random_rescue_10,1,0.925,0.965,0.120438755,0.04,0.8041326530612245,0.41864127017799296,10.0
2,scratch,low_score_rescue_10,25,random_rescue_10,2,0.9,0.965,0.21071017,0.065,0.8028061224489795,0.42644194369533706,10.0
2,scratch,low_score_rescue_10,25,random_rescue_10,3,0.92,0.965,0.17838445,0.055,0.8030612244897959,0.42800362053770846,10.0
2,scratch,low_score_rescue_10,25,random_rescue_10,4,0.905,0.965,0.20686403,0.06,0.8047448979591837,0.4290466951745226,10.0
2,scratch,low_score_rescue_10,25,foreground_rescue_10,0,0.935,0.965,0.10379852,0.03,0.7336734693877551,0.13688044284042325,6.4
2,scratch,low_score_rescue_10,25,foreground_rescue_10,1,0.935,0.965,0.1140459,0.03,0.7336734693877551,0.13688044284042325,6.4
2,scratch,low_score_rescue_10,25,foreground_rescue_10,2,0.93,0.965,0.09920451,0.035,0.7336734693877551,0.13688044284042325,6.4
2,scratch,low_score_rescue_10,25,foreground_rescue_10,3,0.94,0.965,0.09558273,0.025,0.7336734693877551,0.13688044284042325,6.4
2,scratch,low_score_rescue_10,25,foreground_rescue_10,4,0.935,0.965,0.10277412,0.03,0.7336734693877551,0.13688044284042325,6.4
2,scratch,low_score_rescue_10,25,low_score_rescue_10,0,0.91,0.965,0.15042613,0.055,0.7987244897959184,0.39703393559346223,10.0
2,scratch,low_score_rescue_10,25,low_score_rescue_10,1,0.9,0.965,0.19580954,0.065,0.7989285714285714,0.4037181436190305,10.0
2,scratch,low_score_rescue_10,25,low_score_rescue_10,2,0.9,0.965,0.20117962,0.075,0.7985204081632653,0.39740340937816376,10.0
2,scratch,low_score_rescue_10,25,low_score_rescue_10,3,0.92,0.965,0.14094977,0.045,0.797908163265306,0.4023834378453015,10.0
2,scratch,low_score_rescue_10,25,low_score_rescue_10,4,0.915,0.965,0.16652237,0.055,0.7985714285714286,0.4003299224151079,10.0
2,scratch,low_score_rescue_10,25,random_matched,0,0.915,0.965,0.179227,0.05,0.8017857142857142,0.41681717548698016,6.4
2,scratch,low_score_rescue_10,25,random_matched,1,0.91,0.965,0.18550456,0.06,0.8012755102040816,0.4084011717885095,6.4
2,scratch,low_score_rescue_10,25,random_matched,2,0.9,0.965,0.22393021,0.07,0.8026530612244898,0.407232514891345,6.4
2,scratch,low_score_rescue_10,25,random_matched,3,0.91,0.965,0.16715409,0.055,0.8009693877551021,0.4118425417965229,6.4
2,scratch,low_score_rescue_10,25,random_matched,4,0.905,0.965,0.18423253,0.06,0.8021938775510205,0.4178815733720558,6.4
2,scratch,low_score_rescue_10,50,student,0,0.895,0.965,0.2075219,0.075,0.7958163265306123,0.379701973676634,0.0
2,scratch,low_score_rescue_10,50,student,1,0.895,0.965,0.2075219,0.075,0.7958163265306123,0.379701973676634,0.0
2,scratch,low_score_rescue_10,50,student,2,0.895,0.965,0.2075219,0.075,0.7958163265306123,0.379701973676634,0.0
2,scratch,low_score_rescue_10,50,student,3,0.895,0.965,0.2075219,0.075,0.7958163265306123,0.379701973676634,0.0
2,scratch,low_score_rescue_10,50,student,4,0.895,0.965,0.2075219,0.075,0.7958163265306123,0.379701973676634,0.0
2,scratch,low_score_rescue_10,50,random,0,0.94,0.965,0.09405363,0.035,0.8246938775510205,0.48994748795493875,0.0
2,scratch,low_score_rescue_10,50,random,1,0.93,0.965,0.11544752,0.04,0.8235204081632653,0.4946262972715817,0.0
2,scratch,low_score_rescue_10,50,random,2,0.935,0.965,0.097691804,0.035,0.8219387755102041,0.47777470733476307,0.0
2,scratch,low_score_rescue_10,50,random,3,0.945,0.965,0.070126064,0.025,0.822857142857143,0.4756299304983063,0.0
2,scratch,low_score_rescue_10,50,random,4,0.945,0.965,0.13986777,0.035,0.8268877551020407,0.5175266882325791,0.0
2,scratch,low_score_rescue_10,50,random_rescue_10,0,0.905,0.965,0.19105811,0.065,0.8023469387755102,0.41553982582255844,10.0
2,scratch,low_score_rescue_10,50,random_rescue_10,1,0.915,0.965,0.18211827,0.055,0.802908163265306,0.4112007961012246,10.0
2,scratch,low_score_rescue_10,50,random_rescue_10,2,0.925,0.965,0.12790681,0.05,0.8007142857142857,0.39906312316372655,10.0
2,scratch,low_score_rescue_10,50,random_rescue_10,3,0.92,0.965,0.13187745,0.05,0.8014285714285714,0.4099050911460825,10.0
2,scratch,low_score_rescue_10,50,random_rescue_10,4,0.915,0.965,0.18802708,0.06,0.8025510204081633,0.40046172216138387,10.0
2,scratch,low_score_rescue_10,50,foreground_rescue_10,0,0.945,0.965,0.08730535,0.025,0.7330612244897959,0.13182207126225828,6.15
2,scratch,low_score_rescue_10,50,foreground_rescue_10,1,0.94,0.965,0.083001,0.03,0.7330612244897959,0.13182207126225828,6.15
2,scratch,low_score_rescue_10,50,foreground_rescue_10,2,0.935,0.965,0.082050994,0.035,0.7330612244897959,0.13182207126225828,6.15
2,scratch,low_score_rescue_10,50,foreground_rescue_10,3,0.945,0.965,0.08140308,0.025,0.7330612244897959,0.13182207126225828,6.15
2,scratch,low_score_rescue_10,50,foreground_rescue_10,4,0.93,0.965,0.10717647,0.04,0.7330612244897959,0.13182207126225828,6.15
2,scratch,low_score_rescue_10,50,low_score_rescue_10,0,0.91,0.965,0.14356011,0.06,0.7958673469387755,0.3723510175071334,10.0
2,scratch,low_score_rescue_10,50,low_score_rescue_10,1,0.94,0.965,0.12114408,0.035,0.7963775510204081,0.37729574043841424,10.0
2,scratch,low_score_rescue_10,50,low_score_rescue_10,2,0.91,0.965,0.18508668,0.065,0.7966836734693878,0.3779209466580795,10.0
2,scratch,low_score_rescue_10,50,low_score_rescue_10,3,0.925,0.965,0.15297972,0.05,0.7962755102040816,0.381830777091256,10.0
2,scratch,low_score_rescue_10,50,low_score_rescue_10,4,0.915,0.965,0.16593666,0.06,0.795204081632653,0.37288214491366795,10.0
2,scratch,low_score_rescue_10,50,random_matched,0,0.915,0.965,0.17214228,0.055,0.797142857142857,0.3807292408850714,6.15
2,scratch,low_score_rescue_10,50,random_matched,1,0.915,0.965,0.16196685,0.055,0.7987755102040817,0.38569407407374684,6.15
2,scratch,low_score_rescue_10,50,random_matched,2,0.92,0.965,0.15040891,0.05,0.7982142857142859,0.37990789318591933,6.15
2,scratch,low_score_rescue_10,50,random_matched,3,0.91,0.965,0.17808719,0.06,0.7972448979591837,0.3795392506220802,6.15
2,scratch,low_score_rescue_10,50,random_matched,4,0.91,0.965,0.1468629,0.06,0.7993877551020409,0.3889663772788563,6.15
2,scratch,low_score_rescue_10,75,student,0,0.915,0.965,0.19905914,0.06,0.7944387755102043,0.37771125809935957,0.0
2,scratch,low_score_rescue_10,75,student,1,0.915,0.965,0.19905914,0.06,0.7944387755102043,0.37771125809935957,0.0
2,scratch,low_score_rescue_10,75,student,2,0.915,0.965,0.19905914,0.06,0.7944387755102043,0.37771125809935957,0.0
2,scratch,low_score_rescue_10,75,student,3,0.915,0.965,0.19905914,0.06,0.7944387755102043,0.37771125809935957,0.0
2,scratch,low_score_rescue_10,75,student,4,0.915,0.965,0.19905914,0.06,0.7944387755102043,0.37771125809935957,0.0
2,scratch,low_score_rescue_10,75,random,0,0.94,0.965,0.09405363,0.035,0.8246938775510205,0.48994748795493875,0.0
2,scratch,low_score_rescue_10,75,random,1,0.93,0.965,0.11544752,0.04,0.8235204081632653,0.4946262972715817,0.0
2,scratch,low_score_rescue_10,75,random,2,0.935,0.965,0.097691804,0.035,0.8219387755102041,0.47777470733476307,0.0
2,scratch,low_score_rescue_10,75,random,3,0.945,0.965,0.070126064,0.025,0.822857142857143,0.4756299304983063,0.0
2,scratch,low_score_rescue_10,75,random,4,0.945,0.965,0.13986777,0.035,0.8268877551020407,0.5175266882325791,0.0
2,scratch,low_score_rescue_10,75,random_rescue_10,0,0.93,0.965,0.11652357,0.04,0.8005102040816326,0.3906300217978249,10.0
2,scratch,low_score_rescue_10,75,random_rescue_10,1,0.915,0.965,0.17112125,0.06,0.8011224489795918,0.4015811810567676,10.0
2,scratch,low_score_rescue_10,75,random_rescue_10,2,0.915,0.965,0.1275573,0.05,0.8013265306122449,0.411797041473026,10.0
2,scratch,low_score_rescue_10,75,random_rescue_10,3,0.915,0.965,0.13523233,0.055,0.8025510204081633,0.4022252331911578,10.0
2,scratch,low_score_rescue_10,75,random_rescue_10,4,0.91,0.965,0.1925377,0.06,0.8013265306122449,0.412996536535129,10.0
2,scratch,low_score_rescue_10,75,foreground_rescue_10,0,0.945,0.965,0.09904298,0.035,0.7292857142857143,0.12545846844575087,6.385
2,scratch,low_score_rescue_10,75,foreground_rescue_10,1,0.95,0.965,0.096466176,0.03,0.7292857142857143,0.12545846844575087,6.385
2,scratch,low_score_rescue_10,75,foreground_rescue_10,2,0.945,0.965,0.09801203,0.035,0.7292857142857143,0.12545846844575087,6.385
2,scratch,low_score_rescue_10,75,foreground_rescue_10,3,0.94,0.965,0.107069395,0.04,0.7292857142857143,0.12545846844575087,6.385
2,scratch,low_score_rescue_10,75,foreground_rescue_10,4,0.95,0.965,0.08952485,0.03,0.7292857142857143,0.12545846844575087,6.385
2,scratch,low_score_rescue_10,75,low_score_rescue_10,0,0.91,0.965,0.15820028,0.06,0.7954081632653061,0.3767507711392649,10.0
2,scratch,low_score_rescue_10,75,low_score_rescue_10,1,0.92,0.965,0.16913551,0.05,0.7967857142857142,0.38545226579076286,10.0
2,scratch,low_score_rescue_10,75,low_score_rescue_10,2,0.905,0.965,0.19149554,0.07,0.7946428571428571,0.37488324808221407,10.0
2,scratch,low_score_rescue_10,75,low_score_rescue_10,3,0.9,0.965,0.1989596,0.07,0.7954591836734695,0.3768958002514891,10.0
2,scratch,low_score_rescue_10,75,low_score_rescue_10,4,0.92,0.965,0.15567894,0.05,0.7936734693877551,0.368644014504936,10.0
2,scratch,low_score_rescue_10,75,random_matched,0,0.935,0.965,0.12662582,0.04,0.797908163265306,0.38182621257544536,6.385
2,scratch,low_score_rescue_10,75,random_matched,1,0.9,0.965,0.19115834,0.075,0.7983163265306122,0.3855174000890203,6.385
2,scratch,low_score_rescue_10,75,random_matched,2,0.925,0.965,0.13630529,0.05,0.7982142857142857,0.3847059839351567,6.385
2,scratch,low_score_rescue_10,75,random_matched,3,0.905,0.965,0.22454625,0.07,0.7984183673469388,0.3846310763431858,6.385
2,scratch,low_score_rescue_10,75,random_matched,4,0.93,0.965,0.13507074,0.045,0.7987244897959184,0.3873619339658639,6.385
2,scratch,low_score_rescue_10,100,student,0,0.895,0.965,0.1950708,0.07,0.7902040816326532,0.3638438151719835,0.0
2,scratch,low_score_rescue_10,100,student,1,0.895,0.965,0.1950708,0.07,0.7902040816326532,0.3638438151719835,0.0
2,scratch,low_score_rescue_10,100,student,2,0.895,0.965,0.1950708,0.07,0.7902040816326532,0.3638438151719835,0.0
2,scratch,low_score_rescue_10,100,student,3,0.895,0.965,0.1950708,0.07,0.7902040816326532,0.3638438151719835,0.0
2,scratch,low_score_rescue_10,100,student,4,0.895,0.965,0.1950708,0.07,0.7902040816326532,0.3638438151719835,0.0
2,scratch,low_score_rescue_10,100,random,0,0.94,0.965,0.09405363,0.035,0.8246938775510205,0.48994748795493875,0.0
2,scratch,low_score_rescue_10,100,random,1,0.93,0.965,0.11544752,0.04,0.8235204081632653,0.4946262972715817,0.0
2,scratch,low_score_rescue_10,100,random,2,0.935,0.965,0.097691804,0.035,0.8219387755102041,0.47777470733476307,0.0
2,scratch,low_score_rescue_10,100,random,3,0.945,0.965,0.070126064,0.025,0.822857142857143,0.4756299304983063,0.0
2,scratch,low_score_rescue_10,100,random,4,0.945,0.965,0.13986777,0.035,0.8268877551020407,0.5175266882325791,0.0
2,scratch,low_score_rescue_10,100,random_rescue_10,0,0.915,0.965,0.16290113,0.055,0.797295918367347,0.38650422160384995,10.0
2,scratch,low_score_rescue_10,100,random_rescue_10,1,0.905,0.965,0.16105671,0.06,0.796938775510204,0.39137020073415646,10.0
2,scratch,low_score_rescue_10,100,random_rescue_10,2,0.89,0.965,0.19771782,0.08,0.7975,0.4003312565403736,10.0
2,scratch,low_score_rescue_10,100,random_rescue_10,3,0.9,0.965,0.1928759,0.065,0.7979591836734693,0.39423539392143186,10.0
2,scratch,low_score_rescue_10,100,random_rescue_10,4,0.905,0.965,0.19809668,0.06,0.7974489795918367,0.392439733381355,10.0
2,scratch,low_score_rescue_10,100,foreground_rescue_10,0,0.91,0.965,0.112872675,0.055,0.7265306122448979,0.12112609523118302,6.24
2,scratch,low_score_rescue_10,100,foreground_rescue_10,1,0.925,0.965,0.08940786,0.04,0.7265306122448979,0.12112609523118302,6.24
2,scratch,low_score_rescue_10,100,foreground_rescue_10,2,0.92,0.965,0.09314649,0.045,0.7265306122448979,0.12112609523118302,6.24
2,scratch,low_score_rescue_10,100,foreground_rescue_10,3,0.925,0.965,0.10892275,0.04,0.7265306122448979,0.12112609523118302,6.24
2,scratch,low_score_rescue_10,100,foreground_rescue_10,4,0.925,0.965,0.0927047,0.04,0.7265306122448979,0.12112609523118302,6.24
2,scratch,low_score_rescue_10,100,low_score_rescue_10,0,0.91,0.965,0.14139433,0.055,0.7904081632653062,0.3641373195318831,10.0
2,scratch,low_score_rescue_10,100,low_score_rescue_10,1,0.905,0.965,0.18253136,0.06,0.7913775510204082,0.36118067540232973,10.0
2,scratch,low_score_rescue_10,100,low_score_rescue_10,2,0.905,0.965,0.17055266,0.06,0.7896428571428571,0.3602381365629744,10.0
2,scratch,low_score_rescue_10,100,low_score_rescue_10,3,0.905,0.965,0.1817244,0.065,0.790408163265306,0.36468610524981987,10.0
2,scratch,low_score_rescue_10,100,low_score_rescue_10,4,0.91,0.965,0.17480579,0.06,0.7893367346938776,0.36217648865588525,10.0
2,scratch,low_score_rescue_10,100,random_matched,0,0.905,0.965,0.13912244,0.06,0.795,0.3730290724170452,6.24
2,scratch,low_score_rescue_10,100,random_matched,1,0.91,0.965,0.15244514,0.055,0.7953571428571428,0.3766389607348203,6.24
2,scratch,low_score_rescue_10,100,random_matched,2,0.905,0.965,0.15397047,0.06,0.7935204081632654,0.368251758264111,6.24
2,scratch,low_score_rescue_10,100,random_matched,3,0.91,0.965,0.14310189,0.055,0.7957142857142857,0.37344595124592916,6.24
2,scratch,low_score_rescue_10,100,random_matched,4,0.895,0.965,0.17077999,0.07,0.7953061224489797,0.3739921906433825,6.24
2,scratch,random,0,student,0,0.85,0.965,0.35167298,0.125,0.8288265306122449,0.5289082416411598,0.0
2,scratch,random,0,student,1,0.85,0.965,0.35167298,0.125,0.8288265306122449,0.5289082416411598,0.0
2,scratch,random,0,student,2,0.85,0.965,0.35167298,0.125,0.8288265306122449,0.5289082416411598,0.0
2,scratch,random,0,student,3,0.85,0.965,0.35167298,0.125,0.8288265306122449,0.5289082416411598,0.0
2,scratch,random,0,student,4,0.85,0.965,0.35167298,0.125,0.8288265306122449,0.5289082416411598,0.0
2,scratch,random,0,random,0,0.94,0.965,0.09405363,0.035,0.8246938775510205,0.48994748795493875,0.0
2,scratch,random,0,random,1,0.93,0.965,0.11544752,0.04,0.8235204081632653,0.4946262972715817,0.0
2,scratch,random,0,random,2,0.935,0.965,0.097691804,0.035,0.8219387755102041,0.47777470733476307,0.0
2,scratch,random,0,random,3,0.945,0.965,0.070126064,0.025,0.822857142857143,0.4756299304983063,0.0
2,scratch,random,0,random,4,0.945,0.965,0.13986777,0.035,0.8268877551020407,0.5175266882325791,0.0
2,scratch,random,0,random_rescue_10,0,0.91,0.965,0.22477701,0.07,0.8279591836734693,0.5297952212841659,10.0
2,scratch,random,0,random_rescue_10,1,0.905,0.965,0.2715511,0.075,0.8267857142857141,0.5120509493018813,10.0
2,scratch,random,0,random_rescue_10,2,0.905,0.965,0.22881329,0.075,0.8293367346938776,0.5204424609832882,10.0
2,scratch,random,0,random_rescue_10,3,0.905,0.965,0.22220482,0.07,0.8265306122448979,0.5220195745378604,10.0
2,scratch,random,0,random_rescue_10,4,0.895,0.965,0.27121213,0.085,0.8272959183673468,0.5200385806748371,10.0
2,scratch,random,0,foreground_rescue_10,0,0.93,0.965,0.11801019,0.04,0.7564285714285713,0.19589938736602122,7.095
2,scratch,random,0,foreground_rescue_10,1,0.92,0.965,0.13380335,0.05,0.7564285714285713,0.19589938736602122,7.095
2,scratch,random,0,foreground_rescue_10,2,0.915,0.965,0.121814616,0.055,0.7564285714285713,0.19589938736602122,7.095
2,scratch,random,0,foreground_rescue_10,3,0.93,0.965,0.10807913,0.04,0.7564285714285713,0.19589938736602122,7.095
2,scratch,random,0,foreground_rescue_10,4,0.935,0.965,0.10407362,0.035,0.7564285714285713,0.19589938736602122,7.095
2,scratch,random,0,low_score_rescue_10,0,0.905,0.965,0.26826248,0.07,0.8264795918367347,0.5194992970738067,10.0
2,scratch,random,0,low_score_rescue_10,1,0.89,0.965,0.27633974,0.09,0.8271938775510205,0.5216203266099927,10.0
2,scratch,random,0,low_score_rescue_10,2,0.915,0.965,0.20765367,0.06,0.827704081632653,0.5156364459866647,10.0
2,scratch,random,0,low_score_rescue_10,3,0.895,0.965,0.25167763,0.08,0.8250510204081632,0.5145200166550582,10.0
2,scratch,random,0,low_score_rescue_10,4,0.88,0.965,0.28584746,0.1,0.8268367346938774,0.5198745945298533,10.0
2,scratch,random,0,random_matched,0,0.895,0.965,0.2568129,0.08,0.8270408163265307,0.5196950702616964,7.095
2,scratch,random,0,random_matched,1,0.87,0.965,0.31733587,0.105,0.8262244897959183,0.5176364137422129,7.095
2,scratch,random,0,random_matched,2,0.88,0.965,0.27037364,0.095,0.8271428571428571,0.5205411724656567,7.095
2,scratch,random,0,random_matched,3,0.865,0.965,0.30881935,0.11,0.8252551020408163,0.5172401860247521,7.095
2,scratch,random,0,random_matched,4,0.87,0.965,0.2926984,0.105,0.8283163265306122,0.5220698682116409,7.095
2,scratch,random,10,student,0,0.93,0.965,0.16554205,0.045,0.7741326530612244,0.3412919488354146,0.0
2,scratch,random,10,student,1,0.93,0.965,0.16554205,0.045,0.7741326530612244,0.3412919488354146,0.0
2,scratch,random,10,student,2,0.93,0.965,0.16554205,0.045,0.7741326530612244,0.3412919488354146,0.0
2,scratch,random,10,student,3,0.93,0.965,0.16554205,0.045,0.7741326530612244,0.3412919488354146,0.0
2,scratch,random,10,student,4,0.93,0.965,0.16554205,0.045,0.7741326530612244,0.3412919488354146,0.0
2,scratch,random,10,random,0,0.94,0.965,0.09405363,0.035,0.8246938775510205,0.48994748795493875,0.0
2,scratch,random,10,random,1,0.93,0.965,0.11544752,0.04,0.8235204081632653,0.4946262972715817,0.0
2,scratch,random,10,random,2,0.935,0.965,0.097691804,0.035,0.8219387755102041,0.47777470733476307,0.0
2,scratch,random,10,random,3,0.945,0.965,0.070126064,0.025,0.822857142857143,0.4756299304983063,0.0
2,scratch,random,10,random,4,0.945,0.965,0.13986777,0.035,0.8268877551020407,0.5175266882325791,0.0
2,scratch,random,10,random_rescue_10,0,0.94,0.965,0.098995715,0.035,0.7834693877551021,0.37496847890879864,10.0
2,scratch,random,10,random_rescue_10,1,0.925,0.965,0.12454962,0.05,0.785,0.3666077584739927,10.0
2,scratch,random,10,random_rescue_10,2,0.945,0.965,0.09322273,0.03,0.7850510204081632,0.3729318451201517,10.0
2,scratch,random,10,random_rescue_10,3,0.945,0.965,0.0985571,0.03,0.7838775510204081,0.3793117923585257,10.0
2,scratch,random,10,random_rescue_10,4,0.905,0.965,0.14501654,0.06,0.7857142857142857,0.3829500795267943,10.0
2,scratch,random,10,foreground_rescue_10,0,0.95,0.965,0.054234695,0.02,0.7167857142857145,0.1009883281270715,5.62
2,scratch,random,10,foreground_rescue_10,1,0.95,0.965,0.070005804,0.02,0.7167857142857145,0.1009883281270715,5.62
2,scratch,random,10,foreground_rescue_10,2,0.955,0.965,0.06957975,0.02,0.7167857142857145,0.1009883281270715,5.62
2,scratch,random,10,foreground_rescue_10,3,0.945,0.965,0.060354024,0.025,0.7167857142857145,0.1009883281270715,5.62
2,scratch,random,10,foreground_rescue_10,4,0.95,0.965,0.06579858,0.025,0.7167857142857145,0.1009883281270715,5.62
2,scratch,random,10,low_score_rescue_10,0,0.915,0.965,0.15280825,0.055,0.775765306122449,0.33857899951066645,10.0
2,scratch,random,10,low_score_rescue_10,1,0.935,0.965,0.11682285,0.035,0.7768367346938774,0.3439218670176184,10.0
2,scratch,random,10,low_score_rescue_10,2,0.93,0.965,0.15760283,0.045,0.7772448979591837,0.3399616318527807,10.0
2,scratch,random,10,low_score_rescue_10,3,0.925,0.965,0.14241096,0.045,0.7762244897959184,0.34077736546795134,10.0
2,scratch,random,10,low_score_rescue_10,4,0.96,0.965,0.097093746,0.02,0.7763775510204082,0.33768855896419037,10.0
2,scratch,random,10,random_matched,0,0.935,0.965,0.14434521,0.04,0.78,0.3522122110057289,5.62
2,scratch,random,10,random_matched,1,0.935,0.965,0.13955201,0.04,0.7798979591836734,0.35159493809147135,5.62
2,scratch,random,10,random_matched,2,0.94,0.965,0.13009311,0.035,0.7795918367346938,0.348014371111828,5.62
2,scratch,random,10,random_matched,3,0.935,0.965,0.13182066,0.04,0.7803061224489796,0.3516347775954864,5.62
2,scratch,random,10,random_matched,4,0.93,0.965,0.14738764,0.045,0.7786734693877552,0.34830366301656496,5.62
2,scratch,random,25,student,0,0.945,0.965,0.076629765,0.03,0.7844387755102042,0.3696258820058814,0.0
2,scratch,random,25,student,1,0.945,0.965,0.076629765,0.03,0.7844387755102042,0.3696258820058814,0.0
2,scratch,random,25,student,2,0.945,0.965,0.076629765,0.03,0.7844387755102042,0.3696258820058814,0.0
2,scratch,random,25,student,3,0.945,0.965,0.076629765,0.03,0.7844387755102042,0.3696258820058814,0.0
2,scratch,random,25,student,4,0.945,0.965,0.076629765,0.03,0.7844387755102042,0.3696258820058814,0.0
2,scratch,random,25,random,0,0.94,0.965,0.09405363,0.035,0.8246938775510205,0.48994748795493875,0.0
2,scratch,random,25,random,1,0.93,0.965,0.11544752,0.04,0.8235204081632653,0.4946262972715817,0.0
2,scratch,random,25,random,2,0.935,0.965,0.097691804,0.035,0.8219387755102041,0.47777470733476307,0.0
2,scratch,random,25,random,3,0.945,0.965,0.070126064,0.025,0.822857142857143,0.4756299304983063,0.0
2,scratch,random,25,random,4,0.945,0.965,0.13986777,0.035,0.8268877551020407,0.5175266882325791,0.0
2,scratch,random,25,random_rescue_10,0,0.96,0.965,0.058953878,0.015,0.792908163265306,0.4011255025430507,10.0
2,scratch,random,25,random_rescue_10,1,0.93,0.965,0.12843828,0.035,0.7916326530612247,0.3916198253662599,10.0
2,scratch,random,25,random_rescue_10,2,0.95,0.965,0.10328125,0.025,0.7932142857142859,0.39975844047637354,10.0
2,scratch,random,25,random_rescue_10,3,0.935,0.965,0.119793,0.03,0.7926530612244898,0.39620568212658386,10.0
2,scratch,random,25,random_rescue_10,4,0.945,0.965,0.08080448,0.025,0.7910714285714286,0.3843660207052627,10.0
2,scratch,random,25,foreground_rescue_10,0,0.96,0.965,0.06494092,0.02,0.7223979591836734,0.11344416723306396,6.08
2,scratch,random,25,foreground_rescue_10,1,0.955,0.965,0.066288464,0.025,0.7223979591836734,0.11344416723306396,6.08
2,scratch,random,25,foreground_rescue_10,2,0.955,0.965,0.07816246,0.025,0.7223979591836734,0.11344416723306396,6.08
2,scratch,random,25,foreground_rescue_10,3,0.945,0.965,0.072756484,0.035,0.7223979591836734,0.11344416723306396,6.08
2,scratch,random,25,foreground_rescue_10,4,0.96,0.965,0.062185593,0.02,0.7223979591836734,0.11344416723306396,6.08
2,scratch,random,25,low_score_rescue_10,0,0.94,0.965,0.11347961,0.03,0.7844387755102042,0.3646456881066116,10.0
2,scratch,random,25,low_score_rescue_10,1,0.935,0.965,0.082092136,0.03,0.784591836734694,0.3617683524109877,10.0
2,scratch,random,25,low_score_rescue_10,2,0.94,0.965,0.08226245,0.025,0.7846938775510204,0.36952188157293603,10.0
2,scratch,random,25,low_score_rescue_10,3,0.945,0.965,0.10092217,0.025,0.783112244897959,0.3578790083777341,10.0
2,scratch,random,25,low_score_rescue_10,4,0.935,0.965,0.11213702,0.035,0.7851020408163265,0.3715962581875318,10.0
2,scratch,random,25,random_matched,0,0.945,0.965,0.06662252,0.03,0.7888265306122448,0.3736858947677858,6.08
2,scratch,random,25,random_matched,1,0.945,0.965,0.075388834,0.03,0.7889285714285715,0.376173113619164,6.08
2,scratch,random,25,random_matched,2,0.94,0.965,0.082789496,0.03,0.7911734693877551,0.3820491488765997,6.08
2,scratch,random,25,random_matched,3,0.945,0.965,0.08700852,0.03,0.789591836734694,0.3776909001861029,6.08
2,scratch,random,25,random_matched,4,0.94,0.965,0.08415274,0.035,0.7898469387755103,0.38213028511598296,6.08
2,scratch,random,50,student,0,0.91,0.965,0.14642633,0.055,0.7796938775510205,0.3264967152180803,0.0
2,scratch,random,50,student,1,0.91,0.965,0.14642633,0.055,0.7796938775510205,0.3264967152180803,0.0
2,scratch,random,50,student,2,0.91,0.965,0.14642633,0.055,0.7796938775510205,0.3264967152180803,0.0
2,scratch,random,50,student,3,0.91,0.965,0.14642633,0.055,0.7796938775510205,0.3264967152180803,0.0
2,scratch,random,50,student,4,0.91,0.965,0.14642633,0.055,0.7796938775510205,0.3264967152180803,0.0
2,scratch,random,50,random,0,0.94,0.965,0.09405363,0.035,0.8246938775510205,0.48994748795493875,0.0
2,scratch,random,50,random,1,0.93,0.965,0.11544752,0.04,0.8235204081632653,0.4946262972715817,0.0
2,scratch,random,50,random,2,0.935,0.965,0.097691804,0.035,0.8219387755102041,0.47777470733476307,0.0
2,scratch,random,50,random,3,0.945,0.965,0.070126064,0.025,0.822857142857143,0.4756299304983063,0.0
2,scratch,random,50,random,4,0.945,0.965,0.13986777,0.035,0.8268877551020407,0.5175266882325791,0.0
2,scratch,random,50,random_rescue_10,0,0.91,0.965,0.13837877,0.06,0.7890306122448979,0.3664912155903377,10.0
2,scratch,random,50,random_rescue_10,1,0.92,0.965,0.12507743,0.05,0.7884183673469388,0.35728457401367864,10.0
2,scratch,random,50,random_rescue_10,2,0.925,0.965,0.10003822,0.04,0.7876020408163265,0.3528965030500171,10.0
2,scratch,random,50,random_rescue_10,3,0.925,0.965,0.13312808,0.045,0.7897959183673469,0.3663085067644626,10.0
2,scratch,random,50,random_rescue_10,4,0.945,0.965,0.113838345,0.04,0.7886224489795919,0.3626728958684935,10.0
2,scratch,random,50,foreground_rescue_10,0,0.94,0.965,0.09450104,0.03,0.7194387755102041,0.10217794993336293,5.905
2,scratch,random,50,foreground_rescue_10,1,0.93,0.965,0.10108259,0.035,0.7194387755102041,0.10217794993336293,5.905
2,scratch,random,50,foreground_rescue_10,2,0.93,0.965,0.11216225,0.035,0.7194387755102041,0.10217794993336293,5.905
2,scratch,random,50,foreground_rescue_10,3,0.935,0.965,0.094201915,0.035,0.7194387755102041,0.10217794993336293,5.905
2,scratch,random,50,foreground_rescue_10,4,0.93,0.965,0.118363455,0.04,0.7194387755102041,0.10217794993336293,5.905
2,scratch,random,50,low_score_rescue_10,0,0.945,0.965,0.06303783,0.02,0.7803571428571427,0.3318981748956264,10.0
2,scratch,random,50,low_score_rescue_10,1,0.935,0.965,0.072352745,0.035,0.780204081632653,0.3262458057528559,10.0
2,scratch,random,50,low_score_rescue_10,2,0.925,0.965,0.07860832,0.045,0.7806632653061224,0.33172862717286034,10.0
2,scratch,random,50,low_score_rescue_10,3,0.92,0.965,0.08785187,0.045,0.78,0.33001492313624486,10.0
2,scratch,random,50,low_score_rescue_10,4,0.915,0.965,0.11649506,0.05,0.7807653061224488,0.333355285083071,10.0
2,scratch,random,50,random_matched,0,0.915,0.965,0.15241647,0.05,0.7855102040816325,0.3377369705054588,5.905
2,scratch,random,50,random_matched,1,0.92,0.965,0.12202832,0.045,0.7854081632653062,0.3386591076440622,5.905
2,scratch,random,50,random_matched,2,0.925,0.965,0.10039053,0.04,0.785204081632653,0.3361645195996841,5.905
2,scratch,random,50,random_matched,3,0.915,0.965,0.1414664,0.05,0.7853571428571429,0.33891829026639814,5.905
2,scratch,random,50,random_matched,4,0.92,0.965,0.12706381,0.045,0.7842857142857143,0.3358197543033917,5.905
2,scratch,random,75,student,0,0.93,0.965,0.13165721,0.04,0.7795408163265307,0.34025730438164076,0.0
2,scratch,random,75,student,1,0.93,0.965,0.13165721,0.04,0.7795408163265307,0.34025730438164076,0.0
2,scratch,random,75,student,2,0.93,0.965,0.13165721,0.04,0.7795408163265307,0.34025730438164076,0.0
2,scratch,random,75,student,3,0.93,0.965,0.13165721,0.04,0.7795408163265307,0.34025730438164076,0.0
2,scratch,random,75,student,4,0.93,0.965,0.13165721,0.04,0.7795408163265307,0.34025730438164076,0.0
2,scratch,random,75,random,0,0.94,0.965,0.09405363,0.035,0.8246938775510205,0.48994748795493875,0.0
2,scratch,random,75,random,1,0.93,0.965,0.11544752,0.04,0.8235204081632653,0.4946262972715817,0.0
2,scratch,random,75,random,2,0.935,0.965,0.097691804,0.035,0.8219387755102041,0.47777470733476307,0.0
2,scratch,random,75,random,3,0.945,0.965,0.070126064,0.025,0.822857142857143,0.4756299304983063,0.0
2,scratch,random,75,random,4,0.945,0.965,0.13986777,0.035,0.8268877551020407,0.5175266882325791,0.0
2,scratch,random,75,random_rescue_10,0,0.935,0.965,0.12814867,0.04,0.7871938775510203,0.37392913502308806,10.0
2,scratch,random,75,random_rescue_10,1,0.92,0.965,0.13129523,0.055,0.7895408163265307,0.3791880058893464,10.0
2,scratch,random,75,random_rescue_10,2,0.93,0.965,0.086122505,0.035,0.788469387755102,0.3696173733788823,10.0
2,scratch,random,75,random_rescue_10,3,0.935,0.965,0.106070064,0.04,0.787704081632653,0.36846893619528165,10.0
2,scratch,random,75,random_rescue_10,4,0.95,0.965,0.07093706,0.025,0.7867857142857143,0.3675578150581454,10.0
2,scratch,random,75,foreground_rescue_10,0,0.955,0.965,0.08327249,0.02,0.7201020408163266,0.10109238731446997,5.825
2,scratch,random,75,foreground_rescue_10,1,0.955,0.965,0.08705704,0.02,0.7201020408163266,0.10109238731446997,5.825
2,scratch,random,75,foreground_rescue_10,2,0.945,0.965,0.08408475,0.025,0.7201020408163266,0.10109238731446997,5.825
2,scratch,random,75,foreground_rescue_10,3,0.95,0.965,0.09237637,0.025,0.7201020408163266,0.10109238731446997,5.825
2,scratch,random,75,foreground_rescue_10,4,0.94,0.965,0.10081005,0.03,0.7201020408163266,0.10109238731446997,5.825
2,scratch,random,75,low_score_rescue_10,0,0.935,0.965,0.10956154,0.035,0.779591836734694,0.33273113649484726,10.0
2,scratch,random,75,low_score_rescue_10,1,0.945,0.965,0.107105695,0.03,0.780408163265306,0.3318747110683445,10.0
2,scratch,random,75,low_score_rescue_10,2,0.945,0.965,0.09329858,0.03,0.7803061224489796,0.33468670895571395,10.0
2,scratch,random,75,low_score_rescue_10,3,0.94,0.965,0.10628146,0.03,0.7809183673469388,0.3430089834200269,10.0
2,scratch,random,75,low_score_rescue_10,4,0.925,0.965,0.14095122,0.055,0.779795918367347,0.33487621864541384,10.0
2,scratch,random,75,random_matched,0,0.945,0.965,0.08804845,0.025,0.7836224489795919,0.3477444188028121,5.825
2,scratch,random,75,random_matched,1,0.945,0.965,0.08919648,0.025,0.783061224489796,0.3444918822935928,5.825
2,scratch,random,75,random_matched,2,0.93,0.965,0.116562694,0.04,0.7841326530612246,0.34779383536167285,5.825
2,scratch,random,75,random_matched,3,0.94,0.965,0.10124663,0.03,0.7859183673469388,0.352540446485435,5.825
2,scratch,random,75,random_matched,4,0.94,0.965,0.11176054,0.03,0.785204081632653,0.3489660616146195,5.825
2,scratch,random,100,student,0,0.94,0.965,0.10675822,0.03,0.7775510204081633,0.3283285666080501,0.0
2,scratch,random,100,student,1,0.94,0.965,0.10675822,0.03,0.7775510204081633,0.3283285666080501,0.0
2,scratch,random,100,student,2,0.94,0.965,0.10675822,0.03,0.7775510204081633,0.3283285666080501,0.0
2,scratch,random,100,student,3,0.94,0.965,0.10675822,0.03,0.7775510204081633,0.3283285666080501,0.0
2,scratch,random,100,student,4,0.94,0.965,0.10675822,0.03,0.7775510204081633,0.3283285666080501,0.0
2,scratch,random,100,random,0,0.94,0.965,0.09405363,0.035,0.8246938775510205,0.48994748795493875,0.0
2,scratch,random,100,random,1,0.93,0.965,0.11544752,0.04,0.8235204081632653,0.4946262972715817,0.0
2,scratch,random,100,random,2,0.935,0.965,0.097691804,0.035,0.8219387755102041,0.47777470733476307,0.0
2,scratch,random,100,random,3,0.945,0.965,0.070126064,0.025,0.822857142857143,0.4756299304983063,0.0
2,scratch,random,100,random,4,0.945,0.965,0.13986777,0.035,0.8268877551020407,0.5175266882325791,0.0
2,scratch,random,100,random_rescue_10,0,0.96,0.965,0.059885416,0.02,0.7860714285714286,0.3656201385339148,10.0
2,scratch,random,100,random_rescue_10,1,0.93,0.965,0.112358645,0.045,0.7871938775510204,0.36960233246894714,10.0
2,scratch,random,100,random_rescue_10,2,0.94,0.965,0.10515629,0.03,0.7866326530612244,0.3604063445531318,10.0
2,scratch,random,100,random_rescue_10,3,0.955,0.965,0.089741364,0.025,0.7863265306122449,0.3701718100908733,10.0
2,scratch,random,100,random_rescue_10,4,0.955,0.965,0.08815982,0.02,0.787295918367347,0.3522641046679713,10.0
2,scratch,random,100,foreground_rescue_10,0,0.945,0.965,0.08373001,0.025,0.7180612244897959,0.0972081417755965,5.83
2,scratch,random,100,foreground_rescue_10,1,0.95,0.965,0.08333966,0.02,0.7180612244897959,0.0972081417755965,5.83
2,scratch,random,100,foreground_rescue_10,2,0.95,0.965,0.08296036,0.02,0.7180612244897959,0.0972081417755965,5.83
2,scratch,random,100,foreground_rescue_10,3,0.945,0.965,0.08792885,0.025,0.7180612244897959,0.0972081417755965,5.83
2,scratch,random,100,foreground_rescue_10,4,0.945,0.965,0.098761596,0.025,0.7180612244897959,0.0972081417755965,5.83
2,scratch,random,100,low_score_rescue_10,0,0.94,0.965,0.11035753,0.035,0.778061224489796,0.3335123498314526,10.0
2,scratch,random,100,low_score_rescue_10,1,0.95,0.965,0.07804253,0.02,0.78,0.3315583497525408,10.0
2,scratch,random,100,low_score_rescue_10,2,0.94,0.965,0.07680084,0.03,0.7786734693877552,0.33449503323060514,10.0
2,scratch,random,100,low_score_rescue_10,3,0.945,0.965,0.096795894,0.025,0.7798979591836734,0.33837872569851846,10.0
2,scratch,random,100,low_score_rescue_10,4,0.94,0.965,0.11267195,0.03,0.78,0.33870350331069254,10.0
2,scratch,random,100,random_matched,0,0.95,0.965,0.09260481,0.02,0.7839795918367346,0.34014481330356694,5.83
2,scratch,random,100,random_matched,1,0.945,0.965,0.09471901,0.025,0.7821938775510204,0.3377299896998503,5.83
2,scratch,random,100,random_matched,2,0.945,0.965,0.09297629,0.025,0.7830612244897958,0.33767701119975263,5.83
2,scratch,random,100,random_matched,3,0.94,0.965,0.10027739,0.03,0.7836734693877552,0.3373825776069485,5.83
2,scratch,random,100,random_matched,4,0.945,0.965,0.100621074,0.025,0.783061224489796,0.34143646426960794,5.83
2,scratch,random_rescue_10,0,student,0,0.85,0.965,0.35167298,0.125,0.8288265306122449,0.5289082416411598,0.0
2,scratch,random_rescue_10,0,student,1,0.85,0.965,0.35167298,0.125,0.8288265306122449,0.5289082416411598,0.0
2,scratch,random_rescue_10,0,student,2,0.85,0.965,0.35167298,0.125,0.8288265306122449,0.5289082416411598,0.0
2,scratch,random_rescue_10,0,student,3,0.85,0.965,0.35167298,0.125,0.8288265306122449,0.5289082416411598,0.0
2,scratch,random_rescue_10,0,student,4,0.85,0.965,0.35167298,0.125,0.8288265306122449,0.5289082416411598,0.0
2,scratch,random_rescue_10,0,random,0,0.94,0.965,0.09405363,0.035,0.8246938775510205,0.48994748795493875,0.0
2,scratch,random_rescue_10,0,random,1,0.93,0.965,0.11544752,0.04,0.8235204081632653,0.4946262972715817,0.0
2,scratch,random_rescue_10,0,random,2,0.935,0.965,0.097691804,0.035,0.8219387755102041,0.47777470733476307,0.0
2,scratch,random_rescue_10,0,random,3,0.945,0.965,0.070126064,0.025,0.822857142857143,0.4756299304983063,0.0
2,scratch,random_rescue_10,0,random,4,0.945,0.965,0.13986777,0.035,0.8268877551020407,0.5175266882325791,0.0
2,scratch,random_rescue_10,0,random_rescue_10,0,0.91,0.965,0.22477701,0.07,0.8279591836734693,0.5297952212841659,10.0
2,scratch,random_rescue_10,0,random_rescue_10,1,0.905,0.965,0.2715511,0.075,0.8267857142857141,0.5120509493018813,10.0
2,scratch,random_rescue_10,0,random_rescue_10,2,0.905,0.965,0.22881329,0.075,0.8293367346938776,0.5204424609832882,10.0
2,scratch,random_rescue_10,0,random_rescue_10,3,0.905,0.965,0.22220482,0.07,0.8265306122448979,0.5220195745378604,10.0
2,scratch,random_rescue_10,0,random_rescue_10,4,0.895,0.965,0.27121213,0.085,0.8272959183673468,0.5200385806748371,10.0
2,scratch,random_rescue_10,0,foreground_rescue_10,0,0.93,0.965,0.11801019,0.04,0.7564285714285713,0.19589938736602122,7.095
2,scratch,random_rescue_10,0,foreground_rescue_10,1,0.92,0.965,0.13380335,0.05,0.7564285714285713,0.19589938736602122,7.095
2,scratch,random_rescue_10,0,foreground_rescue_10,2,0.915,0.965,0.121814616,0.055,0.7564285714285713,0.19589938736602122,7.095
2,scratch,random_rescue_10,0,foreground_rescue_10,3,0.93,0.965,0.10807913,0.04,0.7564285714285713,0.19589938736602122,7.095
2,scratch,random_rescue_10,0,foreground_rescue_10,4,0.935,0.965,0.10407362,0.035,0.7564285714285713,0.19589938736602122,7.095
2,scratch,random_rescue_10,0,low_score_rescue_10,0,0.905,0.965,0.26826248,0.07,0.8264795918367347,0.5194992970738067,10.0
2,scratch,random_rescue_10,0,low_score_rescue_10,1,0.89,0.965,0.27633974,0.09,0.8271938775510205,0.5216203266099927,10.0
2,scratch,random_rescue_10,0,low_score_rescue_10,2,0.915,0.965,0.20765367,0.06,0.827704081632653,0.5156364459866647,10.0
2,scratch,random_rescue_10,0,low_score_rescue_10,3,0.895,0.965,0.25167763,0.08,0.8250510204081632,0.5145200166550582,10.0
2,scratch,random_rescue_10,0,low_score_rescue_10,4,0.88,0.965,0.28584746,0.1,0.8268367346938774,0.5198745945298533,10.0
2,scratch,random_rescue_10,0,random_matched,0,0.895,0.965,0.2568129,0.08,0.8270408163265307,0.5196950702616964,7.095
2,scratch,random_rescue_10,0,random_matched,1,0.87,0.965,0.31733587,0.105,0.8262244897959183,0.5176364137422129,7.095
2,scratch,random_rescue_10,0,random_matched,2,0.88,0.965,0.27037364,0.095,0.8271428571428571,0.5205411724656567,7.095
2,scratch,random_rescue_10,0,random_matched,3,0.865,0.965,0.30881935,0.11,0.8252551020408163,0.5172401860247521,7.095
2,scratch,random_rescue_10,0,random_matched,4,0.87,0.965,0.2926984,0.105,0.8283163265306122,0.5220698682116409,7.095
2,scratch,random_rescue_10,10,student,0,0.88,0.965,0.28821382,0.09,0.8177040816326531,0.5003439025271241,0.0
2,scratch,random_rescue_10,10,student,1,0.88,0.965,0.28821382,0.09,0.8177040816326531,0.5003439025271241,0.0
2,scratch,random_rescue_10,10,student,2,0.88,0.965,0.28821382,0.09,0.8177040816326531,0.5003439025271241,0.0
2,scratch,random_rescue_10,10,student,3,0.88,0.965,0.28821382,0.09,0.8177040816326531,0.5003439025271241,0.0
2,scratch,random_rescue_10,10,student,4,0.88,0.965,0.28821382,0.09,0.8177040816326531,0.5003439025271241,0.0
2,scratch,random_rescue_10,10,random,0,0.94,0.965,0.09405363,0.035,0.8246938775510205,0.48994748795493875,0.0
2,scratch,random_rescue_10,10,random,1,0.93,0.965,0.11544752,0.04,0.8235204081632653,0.4946262972715817,0.0
2,scratch,random_rescue_10,10,random,2,0.935,0.965,0.097691804,0.035,0.8219387755102041,0.47777470733476307,0.0
2,scratch,random_rescue_10,10,random,3,0.945,0.965,0.070126064,0.025,0.822857142857143,0.4756299304983063,0.0
2,scratch,random_rescue_10,10,random,4,0.945,0.965,0.13986777,0.035,0.8268877551020407,0.5175266882325791,0.0
2,scratch,random_rescue_10,10,random_rescue_10,0,0.89,0.965,0.27832663,0.085,0.8194897959183673,0.5021665953820489,10.0
2,scratch,random_rescue_10,10,random_rescue_10,1,0.88,0.965,0.2695195,0.095,0.8197448979591837,0.5021437970574286,10.0
2,scratch,random_rescue_10,10,random_rescue_10,2,0.9,0.965,0.22526085,0.07,0.8179591836734694,0.49098262131821124,10.0
2,scratch,random_rescue_10,10,random_rescue_10,3,0.89,0.965,0.2623053,0.09,0.8195408163265305,0.499647021226227,10.0
2,scratch,random_rescue_10,10,random_rescue_10,4,0.905,0.965,0.21114679,0.065,0.8184183673469388,0.48621371938808067,10.0
2,scratch,random_rescue_10,10,foreground_rescue_10,0,0.925,0.965,0.12455122,0.04,0.7462244897959184,0.17009811770105976,7.005
2,scratch,random_rescue_10,10,foreground_rescue_10,1,0.915,0.965,0.14755937,0.05,0.7462244897959184,0.17009811770105976,7.005
2,scratch,random_rescue_10,10,foreground_rescue_10,2,0.935,0.965,0.12678672,0.03,0.7462244897959184,0.17009811770105976,7.005
2,scratch,random_rescue_10,10,foreground_rescue_10,3,0.925,0.965,0.121604875,0.04,0.7462244897959184,0.17009811770105976,7.005
2,scratch,random_rescue_10,10,foreground_rescue_10,4,0.915,0.965,0.15448876,0.05,0.7462244897959184,0.17009811770105976,7.005
2,scratch,random_rescue_10,10,low_score_rescue_10,0,0.905,0.965,0.22758007,0.07,0.8143877551020409,0.49573972796665366,10.0
2,scratch,random_rescue_10,10,low_score_rescue_10,1,0.88,0.965,0.26936314,0.095,0.8165306122448979,0.4989580563006637,10.0
2,scratch,random_rescue_10,10,low_score_rescue_10,2,0.905,0.965,0.19874646,0.065,0.8148469387755103,0.4914480166567984,10.0
2,scratch,random_rescue_10,10,low_score_rescue_10,3,0.88,0.965,0.25765738,0.09,0.8146938775510205,0.4964816834286954,10.0
2,scratch,random_rescue_10,10,low_score_rescue_10,4,0.9,0.965,0.24592227,0.075,0.8142857142857143,0.4892836155133306,10.0
2,scratch,random_rescue_10,10,random_matched,0,0.885,0.965,0.25942093,0.085,0.8183163265306121,0.4970781930690446,7.005
2,scratch,random_rescue_10,10,random_matched,1,0.885,0.965,0.26699904,0.085,0.8177551020408163,0.4972078314083723,7.005
2,scratch,random_rescue_10,10,random_matched,2,0.905,0.965,0.22166571,0.065,0.8180612244897959,0.4947015952547973,7.005
2,scratch,random_rescue_10,10,random_matched,3,0.89,0.965,0.25643054,0.08,0.8183673469387756,0.49571549239126445,7.005
2,scratch,random_rescue_10,10,random_matched,4,0.895,0.965,0.26992732,0.075,0.8161224489795917,0.483977885463032,7.005
2,scratch,random_rescue_10,25,student,0,0.88,0.965,0.29143718,0.09,0.8214285714285714,0.4993447781064936,0.0
2,scratch,random_rescue_10,25,student,1,0.88,0.965,0.29143718,0.09,0.8214285714285714,0.4993447781064936,0.0
2,scratch,random_rescue_10,25,student,2,0.88,0.965,0.29143718,0.09,0.8214285714285714,0.4993447781064936,0.0
2,scratch,random_rescue_10,25,student,3,0.88,0.965,0.29143718,0.09,0.8214285714285714,0.4993447781064936,0.0
2,scratch,random_rescue_10,25,student,4,0.88,0.965,0.29143718,0.09,0.8214285714285714,0.4993447781064936,0.0
2,scratch,random_rescue_10,25,random,0,0.94,0.965,0.09405363,0.035,0.8246938775510205,0.48994748795493875,0.0
2,scratch,random_rescue_10,25,random,1,0.93,0.965,0.11544752,0.04,0.8235204081632653,0.4946262972715817,0.0
2,scratch,random_rescue_10,25,random,2,0.935,0.965,0.097691804,0.035,0.8219387755102041,0.47777470733476307,0.0
2,scratch,random_rescue_10,25,random,3,0.945,0.965,0.070126064,0.025,0.822857142857143,0.4756299304983063,0.0
2,scratch,random_rescue_10,25,random,4,0.945,0.965,0.13986777,0.035,0.8268877551020407,0.5175266882325791,0.0
2,scratch,random_rescue_10,25,random_rescue_10,0,0.91,0.965,0.16786022,0.06,0.8223979591836735,0.4939849655164096,10.0
2,scratch,random_rescue_10,25,random_rescue_10,1,0.885,0.965,0.25735667,0.085,0.8223979591836735,0.4938788829474214,10.0
2,scratch,random_rescue_10,25,random_rescue_10,2,0.915,0.965,0.20675197,0.055,0.8219897959183673,0.4996849452385274,10.0
2,scratch,random_rescue_10,25,random_rescue_10,3,0.895,0.965,0.2297216,0.075,0.8214285714285715,0.48584217042833394,10.0
2,scratch,random_rescue_10,25,random_rescue_10,4,0.905,0.965,0.18706329,0.065,0.8219897959183675,0.5035206391376604,10.0
2,scratch,random_rescue_10,25,foreground_rescue_10,0,0.94,0.965,0.11876347,0.035,0.7491326530612245,0.17259666921629682,7.085
2,scratch,random_rescue_10,25,foreground_rescue_10,1,0.93,0.965,0.1299014,0.04,0.7491326530612245,0.17259666921629682,7.085
2,scratch,random_rescue_10,25,foreground_rescue_10,2,0.935,0.965,0.11185284,0.035,0.7491326530612245,0.17259666921629682,7.085
2,scratch,random_rescue_10,25,foreground_rescue_10,3,0.935,0.965,0.114738725,0.035,0.7491326530612245,0.17259666921629682,7.085
2,scratch,random_rescue_10,25,foreground_rescue_10,4,0.935,0.965,0.09992199,0.035,0.7491326530612245,0.17259666921629682,7.085
2,scratch,random_rescue_10,25,low_score_rescue_10,0,0.88,0.965,0.25100428,0.095,0.8162755102040816,0.48349405401946066,10.0
2,scratch,random_rescue_10,25,low_score_rescue_10,1,0.895,0.965,0.21551515,0.075,0.8191326530612245,0.4959759024536822,10.0
2,scratch,random_rescue_10,25,low_score_rescue_10,2,0.91,0.965,0.15902637,0.065,0.8175,0.48266454669840425,10.0
2,scratch,random_rescue_10,25,low_score_rescue_10,3,0.9,0.965,0.22342466,0.07,0.8169387755102041,0.4897835926799796,10.0
2,scratch,random_rescue_10,25,low_score_rescue_10,4,0.905,0.965,0.23277576,0.07,0.8172448979591835,0.4917559629162629,10.0
2,scratch,random_rescue_10,25,random_matched,0,0.895,0.965,0.23947723,0.075,0.8193367346938776,0.49223374869961967,7.085
2,scratch,random_rescue_10,25,random_matched,1,0.89,0.965,0.24412882,0.08,0.8210204081632654,0.4965601446231237,7.085
2,scratch,random_rescue_10,25,random_matched,2,0.9,0.965,0.21606521,0.07,0.8203061224489795,0.48808370675617246,7.085
2,scratch,random_rescue_10,25,random_matched,3,0.895,0.965,0.24483478,0.075,0.8219897959183675,0.49391509702266206,7.085
2,scratch,random_rescue_10,25,random_matched,4,0.89,0.965,0.24525028,0.08,0.8203061224489795,0.4950585779554707,7.085
2,scratch,random_rescue_10,50,student,0,0.91,0.965,0.20431627,0.06,0.8268367346938774,0.49160827076253394,0.0
2,scratch,random_rescue_10,50,student,1,0.91,0.965,0.20431627,0.06,0.8268367346938774,0.49160827076253394,0.0
2,scratch,random_rescue_10,50,student,2,0.91,0.965,0.20431627,0.06,0.8268367346938774,0.49160827076253394,0.0
2,scratch,random_rescue_10,50,student,3,0.91,0.965,0.20431627,0.06,0.8268367346938774,0.49160827076253394,0.0
2,scratch,random_rescue_10,50,student,4,0.91,0.965,0.20431627,0.06,0.8268367346938774,0.49160827076253394,0.0
2,scratch,random_rescue_10,50,random,0,0.94,0.965,0.09405363,0.035,0.8246938775510205,0.48994748795493875,0.0
2,scratch,random_rescue_10,50,random,1,0.93,0.965,0.11544752,0.04,0.8235204081632653,0.4946262972715817,0.0
2,scratch,random_rescue_10,50,random,2,0.935,0.965,0.097691804,0.035,0.8219387755102041,0.47777470733476307,0.0
2,scratch,random_rescue_10,50,random,3,0.945,0.965,0.070126064,0.025,0.822857142857143,0.4756299304983063,0.0
2,scratch,random_rescue_10,50,random,4,0.945,0.965,0.13986777,0.035,0.8268877551020407,0.5175266882325791,0.0
2,scratch,random_rescue_10,50,random_rescue_10,0,0.925,0.965,0.15600461,0.045,0.8262755102040816,0.49760502378478466,10.0
2,scratch,random_rescue_10,50,random_rescue_10,1,0.905,0.965,0.14374657,0.06,0.8254081632653062,0.48526588687034955,10.0
2,scratch,random_rescue_10,50,random_rescue_10,2,0.92,0.965,0.15705033,0.05,0.8263265306122449,0.48848547360493716,10.0
2,scratch,random_rescue_10,50,random_rescue_10,3,0.935,0.965,0.11783761,0.035,0.8259693877551021,0.48386374750294303,10.0
2,scratch,random_rescue_10,50,random_rescue_10,4,0.92,0.965,0.20346749,0.055,0.8273469387755102,0.5009932014060744,10.0
2,scratch,random_rescue_10,50,foreground_rescue_10,0,0.955,0.965,0.08938848,0.02,0.7539795918367347,0.172568289610412,7.14
2,scratch,random_rescue_10,50,foreground_rescue_10,1,0.95,0.965,0.09751978,0.025,0.7539795918367347,0.172568289610412,7.14
2,scratch,random_rescue_10,50,foreground_rescue_10,2,0.96,0.965,0.083867505,0.015,0.7539795918367347,0.172568289610412,7.14
2,scratch,random_rescue_10,50,foreground_rescue_10,3,0.965,0.965,0.07935047,0.01,0.7539795918367347,0.172568289610412,7.14
2,scratch,random_rescue_10,50,foreground_rescue_10,4,0.96,0.965,0.0918806,0.015,0.7539795918367347,0.172568289610412,7.14
2,scratch,random_rescue_10,50,low_score_rescue_10,0,0.91,0.965,0.16889851,0.055,0.822908163265306,0.48040769342956674,10.0
2,scratch,random_rescue_10,50,low_score_rescue_10,1,0.925,0.965,0.14751452,0.04,0.8250510204081632,0.48032539516633327,10.0
2,scratch,random_rescue_10,50,low_score_rescue_10,2,0.91,0.965,0.16731092,0.055,0.8246938775510205,0.4803368870864375,10.0
2,scratch,random_rescue_10,50,low_score_rescue_10,3,0.91,0.965,0.17611599,0.055,0.8232142857142857,0.47096304315429,10.0
2,scratch,random_rescue_10,50,low_score_rescue_10,4,0.895,0.965,0.18688557,0.07,0.8245918367346937,0.48142472719709195,10.0
2,scratch,random_rescue_10,50,random_matched,0,0.925,0.965,0.16747427,0.045,0.8263775510204081,0.4923931521159131,7.14
2,scratch,random_rescue_10,50,random_matched,1,0.925,0.965,0.16721009,0.045,0.8252551020408163,0.48851116501857483,7.14
2,scratch,random_rescue_10,50,random_matched,2,0.91,0.965,0.14693399,0.06,0.8261734693877552,0.48349957942740635,7.14
2,scratch,random_rescue_10,50,random_matched,3,0.925,0.965,0.1729118,0.045,0.8266326530612246,0.48716743584474914,7.14
2,scratch,random_rescue_10,50,random_matched,4,0.925,0.965,0.17153099,0.045,0.825,0.4902953517861784,7.14
2,scratch,random_rescue_10,75,student,0,0.88,0.965,0.23955852,0.085,0.8108163265306122,0.4502509965788324,0.0
2,scratch,random_rescue_10,75,student,1,0.88,0.965,0.23955852,0.085,0.8108163265306122,0.4502509965788324,0.0
2,scratch,random_rescue_10,75,student,2,0.88,0.965,0.23955852,0.085,0.8108163265306122,0.4502509965788324,0.0
2,scratch,random_rescue_10,75,student,3,0.88,0.965,0.23955852,0.085,0.8108163265306122,0.4502509965788324,0.0
2,scratch,random_rescue_10,75,student,4,0.88,0.965,0.23955852,0.085,0.8108163265306122,0.4502509965788324,0.0
2,scratch,random_rescue_10,75,random,0,0.94,0.965,0.09405363,0.035,0.8246938775510205,0.48994748795493875,0.0
2,scratch,random_rescue_10,75,random,1,0.93,0.965,0.11544752,0.04,0.8235204081632653,0.4946262972715817,0.0
2,scratch,random_rescue_10,75,random,2,0.935,0.965,0.097691804,0.035,0.8219387755102041,0.47777470733476307,0.0
2,scratch,random_rescue_10,75,random,3,0.945,0.965,0.070126064,0.025,0.822857142857143,0.4756299304983063,0.0
2,scratch,random_rescue_10,75,random,4,0.945,0.965,0.13986777,0.035,0.8268877551020407,0.5175266882325791,0.0
2,scratch,random_rescue_10,75,random_rescue_10,0,0.9,0.965,0.19911201,0.07,0.8141326530612245,0.46557677142442105,10.0
2,scratch,random_rescue_10,75,random_rescue_10,1,0.915,0.965,0.16062763,0.05,0.8135714285714286,0.4562203742491409,10.0
2,scratch,random_rescue_10,75,random_rescue_10,2,0.885,0.965,0.21086508,0.08,0.8134693877551021,0.47042110829496897,10.0
2,scratch,random_rescue_10,75,random_rescue_10,3,0.9,0.965,0.17918377,0.065,0.8137755102040817,0.468646801641206,10.0
2,scratch,random_rescue_10,75,random_rescue_10,4,0.895,0.965,0.22091293,0.07,0.8118877551020407,0.46063600537092714,10.0
2,scratch,random_rescue_10,75,foreground_rescue_10,0,0.93,0.965,0.11981382,0.04,0.7420918367346938,0.14957436226862816,6.735
2,scratch,random_rescue_10,75,foreground_rescue_10,1,0.925,0.965,0.1428192,0.045,0.7420918367346938,0.14957436226862816,6.735
2,scratch,random_rescue_10,75,foreground_rescue_10,2,0.94,0.965,0.110506326,0.03,0.7420918367346938,0.14957436226862816,6.735
2,scratch,random_rescue_10,75,foreground_rescue_10,3,0.925,0.965,0.12903287,0.045,0.7420918367346938,0.14957436226862816,6.735
2,scratch,random_rescue_10,75,foreground_rescue_10,4,0.94,0.965,0.09144497,0.03,0.7420918367346938,0.14957436226862816,6.735
2,scratch,random_rescue_10,75,low_score_rescue_10,0,0.895,0.965,0.19913577,0.075,0.8097448979591836,0.44580476673433195,10.0
2,scratch,random_rescue_10,75,low_score_rescue_10,1,0.945,0.965,0.1154414,0.025,0.8105102040816327,0.4465273221117472,10.0
2,scratch,random_rescue_10,75,low_score_rescue_10,2,0.935,0.965,0.14564137,0.04,0.8101530612244897,0.44157888165698295,10.0
2,scratch,random_rescue_10,75,low_score_rescue_10,3,0.93,0.965,0.14892296,0.045,0.8099489795918368,0.4449358968251433,10.0
2,scratch,random_rescue_10,75,low_score_rescue_10,4,0.92,0.965,0.14265138,0.05,0.8088265306122449,0.44779474464464647,10.0
2,scratch,random_rescue_10,75,random_matched,0,0.9,0.965,0.17101485,0.065,0.8115816326530612,0.44682313078208186,6.735
2,scratch,random_rescue_10,75,random_matched,1,0.89,0.965,0.24133511,0.075,0.812091836734694,0.4500065981365349,6.735
2,scratch,random_rescue_10,75,random_matched,2,0.9,0.965,0.17988911,0.065,0.8114795918367347,0.44870862882706886,6.735
2,scratch,random_rescue_10,75,random_matched,3,0.885,0.965,0.21675397,0.08,0.8132142857142859,0.45998914928441753,6.735
2,scratch,random_rescue_10,75,random_matched,4,0.91,0.965,0.1552703,0.055,0.8113775510204081,0.4509959941500362,6.735
2,scratch,random_rescue_10,100,student,0,0.905,0.965,0.21868965,0.065,0.8070408163265306,0.43460655615788024,0.0
2,scratch,random_rescue_10,100,student,1,0.905,0.965,0.21868965,0.065,0.8070408163265306,0.43460655615788024,0.0
2,scratch,random_rescue_10,100,student,2,0.905,0.965,0.21868965,0.065,0.8070408163265306,0.43460655615788024,0.0
2,scratch,random_rescue_10,100,student,3,0.905,0.965,0.21868965,0.065,0.8070408163265306,0.43460655615788024,0.0
2,scratch,random_rescue_10,100,student,4,0.905,0.965,0.21868965,0.065,0.8070408163265306,0.43460655615788024,0.0
2,scratch,random_rescue_10,100,random,0,0.94,0.965,0.09405363,0.035,0.8246938775510205,0.48994748795493875,0.0
2,scratch,random_rescue_10,100,random,1,0.93,0.965,0.11544752,0.04,0.8235204081632653,0.4946262972715817,0.0
2,scratch,random_rescue_10,100,random,2,0.935,0.965,0.097691804,0.035,0.8219387755102041,0.47777470733476307,0.0
2,scratch,random_rescue_10,100,random,3,0.945,0.965,0.070126064,0.025,0.822857142857143,0.4756299304983063,0.0
2,scratch,random_rescue_10,100,random,4,0.945,0.965,0.13986777,0.035,0.8268877551020407,0.5175266882325791,0.0
2,scratch,random_rescue_10,100,random_rescue_10,0,0.895,0.965,0.21088669,0.075,0.8108673469387756,0.4510330210258834,10.0
2,scratch,random_rescue_10,100,random_rescue_10,1,0.91,0.965,0.18876553,0.06,0.8112244897959183,0.4574401403977994,10.0
2,scratch,random_rescue_10,100,random_rescue_10,2,0.9,0.965,0.17544922,0.065,0.8086224489795919,0.4431941814471212,10.0
2,scratch,random_rescue_10,100,random_rescue_10,3,0.92,0.965,0.14042737,0.05,0.8116836734693876,0.45135384956601243,10.0
2,scratch,random_rescue_10,100,random_rescue_10,4,0.915,0.965,0.20123123,0.06,0.8114285714285714,0.4495978314510666,10.0
2,scratch,random_rescue_10,100,foreground_rescue_10,0,0.945,0.965,0.116730556,0.03,0.7390306122448979,0.14382761386316595,6.665
2,scratch,random_rescue_10,100,foreground_rescue_10,1,0.945,0.965,0.11592272,0.03,0.7390306122448979,0.14382761386316595,6.665
2,scratch,random_rescue_10,100,foreground_rescue_10,2,0.95,0.965,0.10598306,0.025,0.7390306122448979,0.14382761386316595,6.665
2,scratch,random_rescue_10,100,foreground_rescue_10,3,0.95,0.965,0.12086456,0.025,0.7390306122448979,0.14382761386316595,6.665
2,scratch,random_rescue_10,100,foreground_rescue_10,4,0.95,0.965,0.099581115,0.025,0.7390306122448979,0.14382761386316595,6.665
2,scratch,random_rescue_10,100,low_score_rescue_10,0,0.93,0.965,0.18249586,0.045,0.8056632653061224,0.43641548949809533,10.0
2,scratch,random_rescue_10,100,low_score_rescue_10,1,0.935,0.965,0.15273297,0.04,0.8060204081632654,0.43534734853295026,10.0
2,scratch,random_rescue_10,100,low_score_rescue_10,2,0.925,0.965,0.17555358,0.05,0.8066836734693879,0.43284256044538344,10.0
2,scratch,random_rescue_10,100,low_score_rescue_10,3,0.915,0.965,0.17694451,0.06,0.8040306122448979,0.4264710322968633,10.0
2,scratch,random_rescue_10,100,low_score_rescue_10,4,0.945,0.965,0.12491354,0.03,0.8059183673469389,0.436459062485305,10.0
2,scratch,random_rescue_10,100,random_matched,0,0.92,0.965,0.183134,0.05,0.8085714285714286,0.43388481901556963,6.665
2,scratch,random_rescue_10,100,random_matched,1,0.92,0.965,0.16683511,0.05,0.8078571428571429,0.4337277839319171,6.665
2,scratch,random_rescue_10,100,random_matched,2,0.915,0.965,0.19229276,0.055,0.8081122448979592,0.43520397477102984,6.665
2,scratch,random_rescue_10,100,random_matched,3,0.92,0.965,0.17822301,0.055,0.8090306122448979,0.435896457023948,6.665
2,scratch,random_rescue_10,100,random_matched,4,0.925,0.965,0.1571841,0.045,0.8085204081632653,0.4367706919925014,6.665
2,scratch,student,0,student,0,0.85,0.965,0.35167298,0.125,0.8288265306122449,0.5289082416411598,0.0
2,scratch,student,0,student,1,0.85,0.965,0.35167298,0.125,0.8288265306122449,0.5289082416411598,0.0
2,scratch,student,0,student,2,0.85,0.965,0.35167298,0.125,0.8288265306122449,0.5289082416411598,0.0
2,scratch,student,0,student,3,0.85,0.965,0.35167298,0.125,0.8288265306122449,0.5289082416411598,0.0
2,scratch,student,0,student,4,0.85,0.965,0.35167298,0.125,0.8288265306122449,0.5289082416411598,0.0
2,scratch,student,0,random,0,0.94,0.965,0.09405363,0.035,0.8246938775510205,0.48994748795493875,0.0
2,scratch,student,0,random,1,0.93,0.965,0.11544752,0.04,0.8235204081632653,0.4946262972715817,0.0
2,scratch,student,0,random,2,0.935,0.965,0.097691804,0.035,0.8219387755102041,0.47777470733476307,0.0
2,scratch,student,0,random,3,0.945,0.965,0.070126064,0.025,0.822857142857143,0.4756299304983063,0.0
2,scratch,student,0,random,4,0.945,0.965,0.13986777,0.035,0.8268877551020407,0.5175266882325791,0.0
2,scratch,student,0,random_rescue_10,0,0.91,0.965,0.22477701,0.07,0.8279591836734693,0.5297952212841659,10.0
2,scratch,student,0,random_rescue_10,1,0.905,0.965,0.2715511,0.075,0.8267857142857141,0.5120509493018813,10.0
2,scratch,student,0,random_rescue_10,2,0.905,0.965,0.22881329,0.075,0.8293367346938776,0.5204424609832882,10.0
2,scratch,student,0,random_rescue_10,3,0.905,0.965,0.22220482,0.07,0.8265306122448979,0.5220195745378604,10.0
2,scratch,student,0,random_rescue_10,4,0.895,0.965,0.27121213,0.085,0.8272959183673468,0.5200385806748371,10.0
2,scratch,student,0,foreground_rescue_10,0,0.93,0.965,0.11801019,0.04,0.7564285714285713,0.19589938736602122,7.095
2,scratch,student,0,foreground_rescue_10,1,0.92,0.965,0.13380335,0.05,0.7564285714285713,0.19589938736602122,7.095
2,scratch,student,0,foreground_rescue_10,2,0.915,0.965,0.121814616,0.055,0.7564285714285713,0.19589938736602122,7.095
2,scratch,student,0,foreground_rescue_10,3,0.93,0.965,0.10807913,0.04,0.7564285714285713,0.19589938736602122,7.095
2,scratch,student,0,foreground_rescue_10,4,0.935,0.965,0.10407362,0.035,0.7564285714285713,0.19589938736602122,7.095
2,scratch,student,0,low_score_rescue_10,0,0.905,0.965,0.26826248,0.07,0.8264795918367347,0.5194992970738067,10.0
2,scratch,student,0,low_score_rescue_10,1,0.89,0.965,0.27633974,0.09,0.8271938775510205,0.5216203266099927,10.0
2,scratch,student,0,low_score_rescue_10,2,0.915,0.965,0.20765367,0.06,0.827704081632653,0.5156364459866647,10.0
2,scratch,student,0,low_score_rescue_10,3,0.895,0.965,0.25167763,0.08,0.8250510204081632,0.5145200166550582,10.0
2,scratch,student,0,low_score_rescue_10,4,0.88,0.965,0.28584746,0.1,0.8268367346938774,0.5198745945298533,10.0
2,scratch,student,0,random_matched,0,0.895,0.965,0.2568129,0.08,0.8270408163265307,0.5196950702616964,7.095
2,scratch,student,0,random_matched,1,0.87,0.965,0.31733587,0.105,0.8262244897959183,0.5176364137422129,7.095
2,scratch,student,0,random_matched,2,0.88,0.965,0.27037364,0.095,0.8271428571428571,0.5205411724656567,7.095
2,scratch,student,0,random_matched,3,0.865,0.965,0.30881935,0.11,0.8252551020408163,0.5172401860247521,7.095
2,scratch,student,0,random_matched,4,0.87,0.965,0.2926984,0.105,0.8283163265306122,0.5220698682116409,7.095
2,scratch,student,10,student,0,0.87,0.965,0.24910057,0.1,0.8153571428571428,0.471308142965126,0.0
2,scratch,student,10,student,1,0.87,0.965,0.24910057,0.1,0.8153571428571428,0.471308142965126,0.0
2,scratch,student,10,student,2,0.87,0.965,0.24910057,0.1,0.8153571428571428,0.471308142965126,0.0
2,scratch,student,10,student,3,0.87,0.965,0.24910057,0.1,0.8153571428571428,0.471308142965126,0.0
2,scratch,student,10,student,4,0.87,0.965,0.24910057,0.1,0.8153571428571428,0.471308142965126,0.0
2,scratch,student,10,random,0,0.94,0.965,0.09405363,0.035,0.8246938775510205,0.48994748795493875,0.0
2,scratch,student,10,random,1,0.93,0.965,0.11544752,0.04,0.8235204081632653,0.4946262972715817,0.0
2,scratch,student,10,random,2,0.935,0.965,0.097691804,0.035,0.8219387755102041,0.47777470733476307,0.0
2,scratch,student,10,random,3,0.945,0.965,0.070126064,0.025,0.822857142857143,0.4756299304983063,0.0
2,scratch,student,10,random,4,0.945,0.965,0.13986777,0.035,0.8268877551020407,0.5175266882325791,0.0
2,scratch,student,10,random_rescue_10,0,0.915,0.965,0.16413203,0.055,0.8180102040816327,0.48791521447728076,10.0
2,scratch,student,10,random_rescue_10,1,0.895,0.965,0.23921417,0.08,0.8167857142857143,0.47748718176117744,10.0
2,scratch,student,10,random_rescue_10,2,0.905,0.965,0.17309538,0.065,0.8165306122448979,0.46321774361314105,10.0
2,scratch,student,10,random_rescue_10,3,0.91,0.965,0.15778111,0.065,0.8189285714285713,0.48368521029608386,10.0
2,scratch,student,10,random_rescue_10,4,0.91,0.965,0.21253349,0.065,0.8172448979591838,0.4750942902859181,10.0
2,scratch,student,10,foreground_rescue_10,0,0.915,0.965,0.11678988,0.055,0.7467857142857143,0.1615649357718773,6.72
2,scratch,student,10,foreground_rescue_10,1,0.92,0.965,0.11932621,0.05,0.7467857142857143,0.1615649357718773,6.72
2,scratch,student,10,foreground_rescue_10,2,0.93,0.965,0.0966033,0.04,0.7467857142857143,0.1615649357718773,6.72
2,scratch,student,10,foreground_rescue_10,3,0.935,0.965,0.092920564,0.035,0.7467857142857143,0.1615649357718773,6.72
2,scratch,student,10,foreground_rescue_10,4,0.925,0.965,0.09066385,0.045,0.7467857142857143,0.1615649357718773,6.72
2,scratch,student,10,low_score_rescue_10,0,0.9,0.965,0.1908311,0.07,0.8134693877551019,0.4636968102006671,10.0
2,scratch,student,10,low_score_rescue_10,1,0.94,0.965,0.1266271,0.03,0.8140816326530613,0.4478428898483526,10.0
2,scratch,student,10,low_score_rescue_10,2,0.9,0.965,0.19460964,0.07,0.8137244897959184,0.4546322386873232,10.0
2,scratch,student,10,low_score_rescue_10,3,0.895,0.965,0.21906197,0.075,0.813265306122449,0.4578370668307722,10.0
2,scratch,student,10,low_score_rescue_10,4,0.9,0.965,0.1976778,0.07,0.8127551020408162,0.4537482519819982,10.0
2,scratch,student,10,random_matched,0,0.89,0.965,0.21498734,0.08,0.8154081632653062,0.4698182100367102,6.72
2,scratch,student,10,random_matched,1,0.895,0.965,0.22257248,0.075,0.8136734693877551,0.4612255442460305,6.72
2,scratch,student,10,random_matched,2,0.915,0.965,0.15799269,0.055,0.8154591836734693,0.4655500214551843,6.72
2,scratch,student,10,random_matched,3,0.89,0.965,0.21901123,0.08,0.8140816326530611,0.46433263340026154,6.72
2,scratch,student,10,random_matched,4,0.89,0.965,0.21184987,0.08,0.8169897959183673,0.4721327729768074,6.72
2,scratch,student,25,student,0,0.885,0.965,0.2153451,0.085,0.8156122448979591,0.4629479039964598,0.0
2,scratch,student,25,student,1,0.885,0.965,0.2153451,0.085,0.8156122448979591,0.4629479039964598,0.0
2,scratch,student,25,student,2,0.885,0.965,0.2153451,0.085,0.8156122448979591,0.4629479039964598,0.0
2,scratch,student,25,student,3,0.885,0.965,0.2153451,0.085,0.8156122448979591,0.4629479039964598,0.0
2,scratch,student,25,student,4,0.885,0.965,0.2153451,0.085,0.8156122448979591,0.4629479039964598,0.0
2,scratch,student,25,random,0,0.94,0.965,0.09405363,0.035,0.8246938775510205,0.48994748795493875,0.0
2,scratch,student,25,random,1,0.93,0.965,0.11544752,0.04,0.8235204081632653,0.4946262972715817,0.0
2,scratch,student,25,random,2,0.935,0.965,0.097691804,0.035,0.8219387755102041,0.47777470733476307,0.0
2,scratch,student,25,random,3,0.945,0.965,0.070126064,0.025,0.822857142857143,0.4756299304983063,0.0
2,scratch,student,25,random,4,0.945,0.965,0.13986777,0.035,0.8268877551020407,0.5175266882325791,0.0
2,scratch,student,25,random_rescue_10,0,0.885,0.965,0.20427175,0.085,0.8177551020408163,0.4784233941855549,10.0
2,scratch,student,25,random_rescue_10,1,0.905,0.965,0.14972165,0.065,0.8180102040816325,0.46505987015969436,10.0
2,scratch,student,25,random_rescue_10,2,0.905,0.965,0.21355304,0.07,0.8172959183673469,0.46723708845757517,10.0
2,scratch,student,25,random_rescue_10,3,0.88,0.965,0.25017253,0.095,0.8160714285714286,0.4747578587264196,10.0
2,scratch,student,25,random_rescue_10,4,0.905,0.965,0.18489519,0.07,0.8158673469387755,0.47448804743800405,10.0
2,scratch,student,25,foreground_rescue_10,0,0.95,0.965,0.08397356,0.025,0.745408163265306,0.15825348159785046,6.88
2,scratch,student,25,foreground_rescue_10,1,0.95,0.965,0.07020588,0.02,0.745408163265306,0.15825348159785046,6.88
2,scratch,student,25,foreground_rescue_10,2,0.955,0.965,0.08907502,0.025,0.745408163265306,0.15825348159785046,6.88
2,scratch,student,25,foreground_rescue_10,3,0.94,0.965,0.07842138,0.03,0.745408163265306,0.15825348159785046,6.88
2,scratch,student,25,foreground_rescue_10,4,0.955,0.965,0.09777561,0.025,0.745408163265306,0.15825348159785046,6.88
2,scratch,student,25,low_score_rescue_10,0,0.9,0.965,0.18794684,0.075,0.8128061224489795,0.4571090279578727,10.0
2,scratch,student,25,low_score_rescue_10,1,0.895,0.965,0.21018882,0.075,0.8135714285714286,0.4562114470747519,10.0
2,scratch,student,25,low_score_rescue_10,2,0.875,0.965,0.24583925,0.095,0.8144387755102039,0.4581127530658163,10.0
2,scratch,student,25,low_score_rescue_10,3,0.89,0.965,0.17192759,0.08,0.8133673469387755,0.45876788196680734,10.0
2,scratch,student,25,low_score_rescue_10,4,0.895,0.965,0.20991005,0.085,0.8129591836734694,0.44093287375534745,10.0
2,scratch,student,25,random_matched,0,0.895,0.965,0.19729179,0.075,0.8158163265306123,0.461295210337449,6.88
2,scratch,student,25,random_matched,1,0.9,0.965,0.18271856,0.07,0.8147448979591837,0.45746805728963297,6.88
2,scratch,student,25,random_matched,2,0.895,0.965,0.21715859,0.08,0.815204081632653,0.4583888096298547,6.88
2,scratch,student,25,random_matched,3,0.885,0.965,0.24478707,0.085,0.8164285714285714,0.46131479600608377,6.88
2,scratch,student,25,random_matched,4,0.895,0.965,0.20302168,0.075,0.8136224489795919,0.45768457013473274,6.88
2,scratch,student,50,student,0,0.89,0.965,0.22026868,0.08,0.8197448979591837,0.4791576941377392,0.0
2,scratch,student,50,student,1,0.89,0.965,0.22026868,0.08,0.8197448979591837,0.4791576941377392,0.0
2,scratch,student,50,student,2,0.89,0.965,0.22026868,0.08,0.8197448979591837,0.4791576941377392,0.0
2,scratch,student,50,student,3,0.89,0.965,0.22026868,0.08,0.8197448979591837,0.4791576941377392,0.0
2,scratch,student,50,student,4,0.89,0.965,0.22026868,0.08,0.8197448979591837,0.4791576941377392,0.0
2,scratch,student,50,random,0,0.94,0.965,0.09405363,0.035,0.8246938775510205,0.48994748795493875,0.0
2,scratch,student,50,random,1,0.93,0.965,0.11544752,0.04,0.8235204081632653,0.4946262972715817,0.0
2,scratch,student,50,random,2,0.935,0.965,0.097691804,0.035,0.8219387755102041,0.47777470733476307,0.0
2,scratch,student,50,random,3,0.945,0.965,0.070126064,0.025,0.822857142857143,0.4756299304983063,0.0
2,scratch,student,50,random,4,0.945,0.965,0.13986777,0.035,0.8268877551020407,0.5175266882325791,0.0
2,scratch,student,50,random_rescue_10,0,0.91,0.965,0.17699547,0.06,0.8199489795918368,0.4843936933935452,10.0
2,scratch,student,50,random_rescue_10,1,0.915,0.965,0.14926702,0.06,0.8215306122448979,0.48261668209948544,10.0
2,scratch,student,50,random_rescue_10,2,0.905,0.965,0.18097393,0.065,0.8202551020408164,0.4951105735580596,10.0
2,scratch,student,50,random_rescue_10,3,0.915,0.965,0.14395839,0.055,0.8189285714285716,0.47207874757392215,10.0
2,scratch,student,50,random_rescue_10,4,0.875,0.965,0.191261,0.095,0.820561224489796,0.4811198688326698,10.0
2,scratch,student,50,foreground_rescue_10,0,0.955,0.965,0.06837383,0.02,0.7481632653061224,0.1607515677547241,7.015
2,scratch,student,50,foreground_rescue_10,1,0.95,0.965,0.07820435,0.025,0.7481632653061224,0.1607515677547241,7.015
2,scratch,student,50,foreground_rescue_10,2,0.95,0.965,0.0695752,0.025,0.7481632653061224,0.1607515677547241,7.015
2,scratch,student,50,foreground_rescue_10,3,0.96,0.965,0.07451512,0.015,0.7481632653061224,0.1607515677547241,7.015
2,scratch,student,50,foreground_rescue_10,4,0.955,0.965,0.06080595,0.02,0.7481632653061224,0.1607515677547241,7.015
2,scratch,student,50,low_score_rescue_10,0,0.9,0.965,0.1926671,0.07,0.8146428571428572,0.45831149077558764,10.0
2,scratch,student,50,low_score_rescue_10,1,0.89,0.965,0.17387213,0.075,0.8171428571428572,0.4641272003369973,10.0
2,scratch,student,50,low_score_rescue_10,2,0.885,0.965,0.19074836,0.08,0.8164795918367347,0.4665772944777457,10.0
2,scratch,student,50,low_score_rescue_10,3,0.905,0.965,0.16995347,0.065,0.8151020408163265,0.46439060555691397,10.0
2,scratch,student,50,low_score_rescue_10,4,0.905,0.965,0.16242714,0.065,0.8168367346938777,0.4716383395361317,10.0
2,scratch,student,50,random_matched,0,0.92,0.965,0.13323551,0.05,0.8195408163265305,0.47281789614686803,7.015
2,scratch,student,50,random_matched,1,0.915,0.965,0.13923422,0.055,0.8183673469387754,0.47341519032768575,7.015
2,scratch,student,50,random_matched,2,0.9,0.965,0.19711891,0.07,0.8190306122448979,0.4718713672456384,7.015
2,scratch,student,50,random_matched,3,0.885,0.965,0.1812939,0.085,0.8207142857142855,0.4799157613418017,7.015
2,scratch,student,50,random_matched,4,0.89,0.965,0.16062424,0.08,0.8193367346938776,0.4775292515501024,7.015
2,scratch,student,75,student,0,0.895,0.965,0.17705463,0.075,0.8142857142857143,0.4474917431164429,0.0
2,scratch,student,75,student,1,0.895,0.965,0.17705463,0.075,0.8142857142857143,0.4474917431164429,0.0
2,scratch,student,75,student,2,0.895,0.965,0.17705463,0.075,0.8142857142857143,0.4474917431164429,0.0
2,scratch,student,75,student,3,0.895,0.965,0.17705463,0.075,0.8142857142857143,0.4474917431164429,0.0
2,scratch,student,75,student,4,0.895,0.965,0.17705463,0.075,0.8142857142857143,0.4474917431164429,0.0
2,scratch,student,75,random,0,0.94,0.965,0.09405363,0.035,0.8246938775510205,0.48994748795493875,0.0
2,scratch,student,75,random,1,0.93,0.965,0.11544752,0.04,0.8235204081632653,0.4946262972715817,0.0
2,scratch,student,75,random,2,0.935,0.965,0.097691804,0.035,0.8219387755102041,0.47777470733476307,0.0
2,scratch,student,75,random,3,0.945,0.965,0.070126064,0.025,0.822857142857143,0.4756299304983063,0.0
2,scratch,student,75,random,4,0.945,0.965,0.13986777,0.035,0.8268877551020407,0.5175266882325791,0.0
2,scratch,student,75,random_rescue_10,0,0.915,0.965,0.20741162,0.06,0.8163265306122449,0.4662815095949407,10.0
2,scratch,student,75,random_rescue_10,1,0.92,0.965,0.12777084,0.05,0.8178571428571427,0.46087105631515035,10.0
2,scratch,student,75,random_rescue_10,2,0.905,0.965,0.15046449,0.06,0.8190816326530611,0.465878186561731,10.0
2,scratch,student,75,random_rescue_10,3,0.895,0.965,0.14889252,0.07,0.8154081632653061,0.45296052900240136,10.0
2,scratch,student,75,random_rescue_10,4,0.91,0.965,0.1434602,0.055,0.8165816326530612,0.45163723778134257,10.0
2,scratch,student,75,foreground_rescue_10,0,0.95,0.965,0.075376295,0.02,0.7465816326530611,0.15298522777237888,6.635
2,scratch,student,75,foreground_rescue_10,1,0.955,0.965,0.07646594,0.02,0.7465816326530611,0.15298522777237888,6.635
2,scratch,student,75,foreground_rescue_10,2,0.95,0.965,0.07990402,0.02,0.7465816326530611,0.15298522777237888,6.635
2,scratch,student,75,foreground_rescue_10,3,0.965,0.965,0.05594909,0.01,0.7465816326530611,0.15298522777237888,6.635
2,scratch,student,75,foreground_rescue_10,4,0.96,0.965,0.06681336,0.015,0.7465816326530611,0.15298522777237888,6.635
2,scratch,student,75,low_score_rescue_10,0,0.915,0.965,0.14858718,0.06,0.8125,0.43539316739220685,10.0
2,scratch,student,75,low_score_rescue_10,1,0.925,0.965,0.1273254,0.045,0.8131632653061225,0.4320895776394047,10.0
2,scratch,student,75,low_score_rescue_10,2,0.92,0.965,0.16981754,0.055,0.8141326530612244,0.44069046827605607,10.0
2,scratch,student,75,low_score_rescue_10,3,0.935,0.965,0.10292891,0.035,0.8134183673469387,0.4308450812256878,10.0
2,scratch,student,75,low_score_rescue_10,4,0.925,0.965,0.13347474,0.05,0.8116326530612245,0.43054992230191214,10.0
2,scratch,student,75,random_matched,0,0.93,0.965,0.10846403,0.04,0.8146938775510205,0.4432926841576354,6.635
2,scratch,student,75,random_matched,1,0.92,0.965,0.13531685,0.05,0.8125510204081633,0.4449029523836922,6.635
2,scratch,student,75,random_matched,2,0.91,0.965,0.15094253,0.065,0.8133163265306124,0.4385561418630052,6.635
2,scratch,student,75,random_matched,3,0.925,0.965,0.12226703,0.045,0.8138775510204082,0.4461517739271143,6.635
2,scratch,student,75,random_matched,4,0.905,0.965,0.15984741,0.065,0.8141836734693877,0.4471370534582067,6.635
2,scratch,student,100,student,0,0.895,0.965,0.21525405,0.075,0.8129591836734694,0.43583271964315795,0.0
2,scratch,student,100,student,1,0.895,0.965,0.21525405,0.075,0.8129591836734694,0.43583271964315795,0.0
2,scratch,student,100,student,2,0.895,0.965,0.21525405,0.075,0.8129591836734694,0.43583271964315795,0.0
2,scratch,student,100,student,3,0.895,0.965,0.21525405,0.075,0.8129591836734694,0.43583271964315795,0.0
2,scratch,student,100,student,4,0.895,0.965,0.21525405,0.075,0.8129591836734694,0.43583271964315795,0.0
2,scratch,student,100,random,0,0.94,0.965,0.09405363,0.035,0.8246938775510205,0.48994748795493875,0.0
2,scratch,student,100,random,1,0.93,0.965,0.11544752,0.04,0.8235204081632653,0.4946262972715817,0.0
2,scratch,student,100,random,2,0.935,0.965,0.097691804,0.035,0.8219387755102041,0.47777470733476307,0.0
2,scratch,student,100,random,3,0.945,0.965,0.070126064,0.025,0.822857142857143,0.4756299304983063,0.0
2,scratch,student,100,random,4,0.945,0.965,0.13986777,0.035,0.8268877551020407,0.5175266882325791,0.0
2,scratch,student,100,random_rescue_10,0,0.915,0.965,0.16783392,0.055,0.8156122448979591,0.45318669154878144,10.0
2,scratch,student,100,random_rescue_10,1,0.9,0.965,0.1632667,0.065,0.8146428571428572,0.4529241303627178,10.0
2,scratch,student,100,random_rescue_10,2,0.895,0.965,0.17299189,0.07,0.8167857142857141,0.44769975547069046,10.0
2,scratch,student,100,random_rescue_10,3,0.91,0.965,0.15825549,0.06,0.8142346938775511,0.44733212279631596,10.0
2,scratch,student,100,random_rescue_10,4,0.925,0.965,0.13152759,0.045,0.8151530612244899,0.4477044787749499,10.0
2,scratch,student,100,foreground_rescue_10,0,0.95,0.965,0.08038132,0.025,0.7450510204081633,0.1514596244151197,6.655
2,scratch,student,100,foreground_rescue_10,1,0.95,0.965,0.08439476,0.025,0.7450510204081633,0.1514596244151197,6.655
2,scratch,student,100,foreground_rescue_10,2,0.945,0.965,0.08613415,0.03,0.7450510204081633,0.1514596244151197,6.655
2,scratch,student,100,foreground_rescue_10,3,0.945,0.965,0.092404865,0.03,0.7450510204081633,0.1514596244151197,6.655
2,scratch,student,100,foreground_rescue_10,4,0.955,0.965,0.073026046,0.02,0.7450510204081633,0.1514596244151197,6.655
2,scratch,student,100,low_score_rescue_10,0,0.915,0.965,0.19404529,0.06,0.811734693877551,0.441865631908576,10.0
2,scratch,student,100,low_score_rescue_10,1,0.915,0.965,0.18032204,0.06,0.8128571428571427,0.43642705137221754,10.0
2,scratch,student,100,low_score_rescue_10,2,0.935,0.965,0.16487762,0.045,0.8129081632653061,0.43810126541130345,10.0
2,scratch,student,100,low_score_rescue_10,3,0.925,0.965,0.14392546,0.05,0.8123979591836735,0.4365865149907414,10.0
2,scratch,student,100,low_score_rescue_10,4,0.91,0.965,0.18849003,0.07,0.8109183673469387,0.4313103558720316,10.0
2,scratch,student,100,random_matched,0,0.92,0.965,0.13902074,0.055,0.8146428571428572,0.4361419112277896,6.655
2,scratch,student,100,random_matched,1,0.905,0.965,0.16736451,0.065,0.8120408163265306,0.43319880924077464,6.655
2,scratch,student,100,random_matched,2,0.92,0.965,0.16724247,0.055,0.8141836734693877,0.4354859234168244,6.655
2,scratch,student,100,random_matched,3,0.89,0.965,0.17371845,0.08,0.8135204081632653,0.4329862775895548,6.655
2,scratch,student,100,random_matched,4,0.91,0.965,0.13126475,0.06,0.8119897959183673,0.43477395175698863,6.655
